solid OpenSCAD_Model
  facet normal 0 0 -1
    outer loop
      vertex 0 15.8532 0
      vertex 6.14999 32.95 0
      vertex 6.14999 17.85 0
    endloop
  endfacet
  facet normal -0 0 -1
    outer loop
      vertex 6.14999 32.95 0
      vertex 0 15.8532 0
      vertex 0 34.9468 0
    endloop
  endfacet
  facet normal 0 0 -1
    outer loop
      vertex 0 0 0
      vertex 7.55001 6.14999 0
      vertex 9.54676 0 0
    endloop
  endfacet
  facet normal -0 0 -1
    outer loop
      vertex 7.55001 6.14999 0
      vertex 0 0 0
      vertex 6.14999 7.55001 0
    endloop
  endfacet
  facet normal -0 0 -1
    outer loop
      vertex 6.14999 7.55001 0
      vertex 0 0 0
      vertex 0 9.54676 0
    endloop
  endfacet
  facet normal 0 0 -1
    outer loop
      vertex 16.5618 24.8958 0
      vertex 16.525 24.9646 0
      vertex 16.545 24.9306 0
    endloop
  endfacet
  facet normal 0 0 -1
    outer loop
      vertex 16.5618 24.8958 0
      vertex 16.5018 24.9977 0
      vertex 16.525 24.9646 0
    endloop
  endfacet
  facet normal 0 0 -1
    outer loop
      vertex 15.6748 24.8958 0
      vertex 16.5018 24.9977 0
      vertex 16.5618 24.8958 0
    endloop
  endfacet
  facet normal -0 0 -1
    outer loop
      vertex 16.5018 24.9977 0
      vertex 15.6748 24.8958 0
      vertex 16.4754 25.0299 0
    endloop
  endfacet
  facet normal -0 0 -1
    outer loop
      vertex 16.4754 25.0299 0
      vertex 15.6748 24.8958 0
      vertex 16.4458 25.0613 0
    endloop
  endfacet
  facet normal -0 0 -1
    outer loop
      vertex 16.4458 25.0613 0
      vertex 15.6748 24.8958 0
      vertex 16.4139 25.0921 0
    endloop
  endfacet
  facet normal -0 0 -1
    outer loop
      vertex 16.4139 25.0921 0
      vertex 15.6748 24.8958 0
      vertex 16.3807 25.1229 0
    endloop
  endfacet
  facet normal -0 0 -1
    outer loop
      vertex 16.3807 25.1229 0
      vertex 15.6748 24.8958 0
      vertex 16.3461 25.1535 0
    endloop
  endfacet
  facet normal -0 0 -1
    outer loop
      vertex 16.3461 25.1535 0
      vertex 15.6748 24.8958 0
      vertex 16.3102 25.1841 0
    endloop
  endfacet
  facet normal -0 0 -1
    outer loop
      vertex 16.3102 25.1841 0
      vertex 15.6748 24.8958 0
      vertex 16.2729 25.2145 0
    endloop
  endfacet
  facet normal -0 0 -1
    outer loop
      vertex 16.2729 25.2145 0
      vertex 15.6748 24.8958 0
      vertex 16.196 25.2759 0
    endloop
  endfacet
  facet normal -0 0 -1
    outer loop
      vertex 16.196 25.2759 0
      vertex 15.6748 24.8958 0
      vertex 16.1568 25.3071 0
    endloop
  endfacet
  facet normal -0 0 -1
    outer loop
      vertex 16.1568 25.3071 0
      vertex 15.6748 24.8958 0
      vertex 16.1171 25.3386 0
    endloop
  endfacet
  facet normal -0 0 -1
    outer loop
      vertex 16.1171 25.3386 0
      vertex 15.6748 24.8958 0
      vertex 16.0769 25.3705 0
    endloop
  endfacet
  facet normal -0 0 -1
    outer loop
      vertex 16.0769 25.3705 0
      vertex 15.6748 24.8958 0
      vertex 16.0372 25.4029 0
    endloop
  endfacet
  facet normal -0 0 -1
    outer loop
      vertex 16.0372 25.4029 0
      vertex 15.6748 24.8958 0
      vertex 15.999 25.4363 0
    endloop
  endfacet
  facet normal 0 0 -1
    outer loop
      vertex 6.14999 32.95 0
      vertex 15.7046 25.9849 0
      vertex 15.6748 24.8958 0
    endloop
  endfacet
  facet normal -0 0 -1
    outer loop
      vertex 15.7067 25.9322 0
      vertex 15.6748 24.8958 0
      vertex 15.7046 25.9849 0
    endloop
  endfacet
  facet normal -0 0 -1
    outer loop
      vertex 15.7131 25.8816 0
      vertex 15.6748 24.8958 0
      vertex 15.7067 25.9322 0
    endloop
  endfacet
  facet normal -0 0 -1
    outer loop
      vertex 15.7237 25.833 0
      vertex 15.6748 24.8958 0
      vertex 15.7131 25.8816 0
    endloop
  endfacet
  facet normal -0 0 -1
    outer loop
      vertex 15.7385 25.7865 0
      vertex 15.6748 24.8958 0
      vertex 15.7237 25.833 0
    endloop
  endfacet
  facet normal -0 0 -1
    outer loop
      vertex 15.7575 25.7421 0
      vertex 15.6748 24.8958 0
      vertex 15.7385 25.7865 0
    endloop
  endfacet
  facet normal -0 0 -1
    outer loop
      vertex 15.7799 25.6994 0
      vertex 15.6748 24.8958 0
      vertex 15.7575 25.7421 0
    endloop
  endfacet
  facet normal -0 0 -1
    outer loop
      vertex 15.8046 25.658 0
      vertex 15.6748 24.8958 0
      vertex 15.7799 25.6994 0
    endloop
  endfacet
  facet normal -0 0 -1
    outer loop
      vertex 15.8317 25.618 0
      vertex 15.6748 24.8958 0
      vertex 15.8046 25.658 0
    endloop
  endfacet
  facet normal -0 0 -1
    outer loop
      vertex 15.8612 25.5793 0
      vertex 15.6748 24.8958 0
      vertex 15.8317 25.618 0
    endloop
  endfacet
  facet normal -0 0 -1
    outer loop
      vertex 15.8931 25.542 0
      vertex 15.6748 24.8958 0
      vertex 15.8612 25.5793 0
    endloop
  endfacet
  facet normal -0 0 -1
    outer loop
      vertex 15.927 25.5059 0
      vertex 15.6748 24.8958 0
      vertex 15.8931 25.542 0
    endloop
  endfacet
  facet normal -0 0 -1
    outer loop
      vertex 15.9623 25.4706 0
      vertex 15.6748 24.8958 0
      vertex 15.927 25.5059 0
    endloop
  endfacet
  facet normal -0 0 -1
    outer loop
      vertex 15.999 25.4363 0
      vertex 15.6748 24.8958 0
      vertex 15.9623 25.4706 0
    endloop
  endfacet
  facet normal 0 0 -1
    outer loop
      vertex 16.9423 24.977 0
      vertex 17.6337 25.3447 0
      vertex 16.9797 24.9123 0
    endloop
  endfacet
  facet normal 0 0 -1
    outer loop
      vertex 16.8998 25.041 0
      vertex 17.6337 25.3447 0
      vertex 16.9423 24.977 0
    endloop
  endfacet
  facet normal 0 0 -1
    outer loop
      vertex 16.8523 25.1043 0
      vertex 17.6337 25.3447 0
      vertex 16.8998 25.041 0
    endloop
  endfacet
  facet normal 0 0 -1
    outer loop
      vertex 16.7998 25.167 0
      vertex 17.6337 25.3447 0
      vertex 16.8523 25.1043 0
    endloop
  endfacet
  facet normal -0 0 -1
    outer loop
      vertex 17.6337 25.3447 0
      vertex 16.7998 25.167 0
      vertex 16.9958 25.9767 0
    endloop
  endfacet
  facet normal 0 0 -1
    outer loop
      vertex 16.7419 25.23 0
      vertex 16.9958 25.9767 0
      vertex 16.7998 25.167 0
    endloop
  endfacet
  facet normal 0 0 -1
    outer loop
      vertex 16.6783 25.294 0
      vertex 16.9958 25.9767 0
      vertex 16.7419 25.23 0
    endloop
  endfacet
  facet normal 0 0 -1
    outer loop
      vertex 16.609 25.3591 0
      vertex 16.9958 25.9767 0
      vertex 16.6783 25.294 0
    endloop
  endfacet
  facet normal 0 0 -1
    outer loop
      vertex 16.9958 25.9767 0
      vertex 16.609 25.3591 0
      vertex 16.612 25.955 0
    endloop
  endfacet
  facet normal 0 0 -1
    outer loop
      vertex 16.534 25.4253 0
      vertex 16.612 25.955 0
      vertex 16.609 25.3591 0
    endloop
  endfacet
  facet normal 0 0 -1
    outer loop
      vertex 16.4533 25.4925 0
      vertex 16.612 25.955 0
      vertex 16.534 25.4253 0
    endloop
  endfacet
  facet normal 0 0 -1
    outer loop
      vertex 16.3778 25.5553 0
      vertex 16.612 25.955 0
      vertex 16.4533 25.4925 0
    endloop
  endfacet
  facet normal 0 0 -1
    outer loop
      vertex 16.3119 25.6136 0
      vertex 16.612 25.955 0
      vertex 16.3778 25.5553 0
    endloop
  endfacet
  facet normal 0 0 -1
    outer loop
      vertex 16.2556 25.6673 0
      vertex 16.612 25.955 0
      vertex 16.3119 25.6136 0
    endloop
  endfacet
  facet normal 0 0 -1
    outer loop
      vertex 16.2089 25.7165 0
      vertex 16.612 25.955 0
      vertex 16.2556 25.6673 0
    endloop
  endfacet
  facet normal 0 0 -1
    outer loop
      vertex 16.1719 25.7611 0
      vertex 16.612 25.955 0
      vertex 16.2089 25.7165 0
    endloop
  endfacet
  facet normal 0 0 -1
    outer loop
      vertex 16.1428 25.8032 0
      vertex 16.612 25.955 0
      vertex 16.1719 25.7611 0
    endloop
  endfacet
  facet normal -0 0 -1
    outer loop
      vertex 16.612 25.955 0
      vertex 16.1428 25.8032 0
      vertex 16.6025 26.005 0
    endloop
  endfacet
  facet normal 0 0 -1
    outer loop
      vertex 16.1202 25.8451 0
      vertex 16.6025 26.005 0
      vertex 16.1428 25.8032 0
    endloop
  endfacet
  facet normal -0 0 -1
    outer loop
      vertex 16.6025 26.005 0
      vertex 16.1202 25.8451 0
      vertex 16.5895 26.0497 0
    endloop
  endfacet
  facet normal 0 0 -1
    outer loop
      vertex 16.1041 25.8865 0
      vertex 16.5895 26.0497 0
      vertex 16.1202 25.8451 0
    endloop
  endfacet
  facet normal 0 0 -1
    outer loop
      vertex 16.5895 26.0497 0
      vertex 16.3886 26.2155 0
      vertex 16.5728 26.0892 0
    endloop
  endfacet
  facet normal -0 -0 -1
    outer loop
      vertex 16.4305 26.2076 0
      vertex 16.5728 26.0892 0
      vertex 16.3886 26.2155 0
    endloop
  endfacet
  facet normal 0 0 -1
    outer loop
      vertex 16.5728 26.0892 0
      vertex 16.4305 26.2076 0
      vertex 16.5525 26.1234 0
    endloop
  endfacet
  facet normal -0 -0 -1
    outer loop
      vertex 16.4678 26.1944 0
      vertex 16.5285 26.1523 0
      vertex 16.4305 26.2076 0
    endloop
  endfacet
  facet normal 0 0 -1
    outer loop
      vertex 16.5285 26.1523 0
      vertex 16.4678 26.1944 0
      vertex 16.5005 26.176 0
    endloop
  endfacet
  facet normal 0 0 -1
    outer loop
      vertex 16.5525 26.1234 0
      vertex 16.4305 26.2076 0
      vertex 16.5285 26.1523 0
    endloop
  endfacet
  facet normal 0 0 -1
    outer loop
      vertex 16.5895 26.0497 0
      vertex 16.3421 26.2181 0
      vertex 16.3886 26.2155 0
    endloop
  endfacet
  facet normal -0 0 -1
    outer loop
      vertex 16.5895 26.0497 0
      vertex 16.1041 25.8865 0
      vertex 16.3421 26.2181 0
    endloop
  endfacet
  facet normal 0 0 -1
    outer loop
      vertex 16.0944 25.9277 0
      vertex 16.3421 26.2181 0
      vertex 16.1041 25.8865 0
    endloop
  endfacet
  facet normal 0 0 -1
    outer loop
      vertex 16.3421 26.2181 0
      vertex 16.0912 25.9686 0
      vertex 16.2517 26.2082 0
    endloop
  endfacet
  facet normal 0 -0 -1
    outer loop
      vertex 16.1012 26.0584 0
      vertex 16.2517 26.2082 0
      vertex 16.0912 25.9686 0
    endloop
  endfacet
  facet normal 0 0 -1
    outer loop
      vertex 16.2517 26.2082 0
      vertex 16.1012 26.0584 0
      vertex 16.1815 26.1782 0
    endloop
  endfacet
  facet normal 0 0 -1
    outer loop
      vertex 16.3421 26.2181 0
      vertex 16.0944 25.9277 0
      vertex 16.0912 25.9686 0
    endloop
  endfacet
  facet normal 0 0 -1
    outer loop
      vertex 16.1815 26.1782 0
      vertex 16.1012 26.0584 0
      vertex 16.1313 26.1283 0
    endloop
  endfacet
  facet normal 0 0 -1
    outer loop
      vertex 6.14999 43.25 0
      vertex 15.7046 25.9849 0
      vertex 6.14999 32.95 0
    endloop
  endfacet
  facet normal 0 0 -1
    outer loop
      vertex 9.69667 50.8 0
      vertex 17.7 56.8 0
      vertex 15.7033 50.8 0
    endloop
  endfacet
  facet normal -0 0 -1
    outer loop
      vertex 17.7 56.8 0
      vertex 9.69667 50.8 0
      vertex 7.7 56.8 0
    endloop
  endfacet
  facet normal 0 0 -1
    outer loop
      vertex 17.012 24.847 0
      vertex 17.6337 25.3447 0
      vertex 17.0926 24.5825 0
    endloop
  endfacet
  facet normal -0 0 -1
    outer loop
      vertex 18.741 25.833 0
      vertex 18.0609 25.3406 0
      vertex 18.5722 26.0499 0
    endloop
  endfacet
  facet normal 0 0 -1
    outer loop
      vertex 20.0651 24.2434 0
      vertex 17.5062 24.5825 0
      vertex 18.1925 24.5825 0
    endloop
  endfacet
  facet normal 0 0 -1
    outer loop
      vertex 18.1925 24.5825 0
      vertex 17.5062 24.5825 0
      vertex 17.848 25.1142 0
    endloop
  endfacet
  facet normal 0 0 -1
    outer loop
      vertex 17.85 6.14999 0
      vertex 17.0926 24.5825 0
      vertex 17.5062 24.5825 0
    endloop
  endfacet
  facet normal 0 0 -1
    outer loop
      vertex 17.85 6.14999 0
      vertex 17.012 24.5825 0
      vertex 17.0926 24.5825 0
    endloop
  endfacet
  facet normal 0 0 -1
    outer loop
      vertex 17.85 6.14999 0
      vertex 15.6748 24.5825 0
      vertex 17.012 24.5825 0
    endloop
  endfacet
  facet normal 0 0 -1
    outer loop
      vertex 6.14999 17.85 0
      vertex 15.6748 24.8958 0
      vertex 15.6748 24.5825 0
    endloop
  endfacet
  facet normal 0 0 -1
    outer loop
      vertex 6.14999 17.85 0
      vertex 15.6748 24.5825 0
      vertex 17.85 6.14999 0
    endloop
  endfacet
  facet normal 0 0 -1
    outer loop
      vertex 6.14999 17.85 0
      vertex 17.85 6.14999 0
      vertex 7.55001 6.14999 0
    endloop
  endfacet
  facet normal 0 0 -1
    outer loop
      vertex 6.14999 17.85 0
      vertex 7.55001 6.14999 0
      vertex 6.14999 7.55001 0
    endloop
  endfacet
  facet normal -0 0 -1
    outer loop
      vertex 15.6748 24.8958 0
      vertex 6.14999 17.85 0
      vertex 6.14999 32.95 0
    endloop
  endfacet
  facet normal 0 0 -1
    outer loop
      vertex 15.7046 25.9849 0
      vertex 6.14999 43.25 0
      vertex 15.7033 50.8 0
    endloop
  endfacet
  facet normal -0 0 -1
    outer loop
      vertex 15.7033 50.8 0
      vertex 6.14999 43.25 0
      vertex 9.69667 50.8 0
    endloop
  endfacet
  facet normal 0 0 -1
    outer loop
      vertex 0 50.8 0
      vertex 6.14999 43.25 0
      vertex 0 41.2532 0
    endloop
  endfacet
  facet normal 0 0 -1
    outer loop
      vertex 6.14999 43.25 0
      vertex 0 50.8 0
      vertex 9.69667 50.8 0
    endloop
  endfacet
  facet normal 0 0 -1
    outer loop
      vertex 19.5791 24.8958 0
      vertex 19.5423 24.9646 0
      vertex 19.5623 24.9306 0
    endloop
  endfacet
  facet normal 0 0 -1
    outer loop
      vertex 19.5791 24.8958 0
      vertex 19.5191 24.9977 0
      vertex 19.5423 24.9646 0
    endloop
  endfacet
  facet normal 0 0 -1
    outer loop
      vertex 18.6921 24.8958 0
      vertex 19.5191 24.9977 0
      vertex 19.5791 24.8958 0
    endloop
  endfacet
  facet normal -0 0 -1
    outer loop
      vertex 19.5191 24.9977 0
      vertex 18.6921 24.8958 0
      vertex 19.4927 25.0299 0
    endloop
  endfacet
  facet normal -0 0 -1
    outer loop
      vertex 19.4927 25.0299 0
      vertex 18.6921 24.8958 0
      vertex 19.4631 25.0613 0
    endloop
  endfacet
  facet normal -0 0 -1
    outer loop
      vertex 19.4631 25.0613 0
      vertex 18.6921 24.8958 0
      vertex 19.4312 25.0921 0
    endloop
  endfacet
  facet normal -0 0 -1
    outer loop
      vertex 19.4312 25.0921 0
      vertex 18.6921 24.8958 0
      vertex 19.398 25.1229 0
    endloop
  endfacet
  facet normal -0 0 -1
    outer loop
      vertex 19.398 25.1229 0
      vertex 18.6921 24.8958 0
      vertex 19.3634 25.1535 0
    endloop
  endfacet
  facet normal -0 0 -1
    outer loop
      vertex 19.3634 25.1535 0
      vertex 18.6921 24.8958 0
      vertex 19.3275 25.1841 0
    endloop
  endfacet
  facet normal -0 0 -1
    outer loop
      vertex 19.3275 25.1841 0
      vertex 18.6921 24.8958 0
      vertex 19.2902 25.2145 0
    endloop
  endfacet
  facet normal -0 0 -1
    outer loop
      vertex 19.2902 25.2145 0
      vertex 18.6921 24.8958 0
      vertex 19.2133 25.2759 0
    endloop
  endfacet
  facet normal -0 0 -1
    outer loop
      vertex 19.2133 25.2759 0
      vertex 18.6921 24.8958 0
      vertex 19.1741 25.3071 0
    endloop
  endfacet
  facet normal -0 0 -1
    outer loop
      vertex 19.1741 25.3071 0
      vertex 18.6921 24.8958 0
      vertex 19.1344 25.3386 0
    endloop
  endfacet
  facet normal -0 0 -1
    outer loop
      vertex 19.1344 25.3386 0
      vertex 18.6921 24.8958 0
      vertex 19.0942 25.3705 0
    endloop
  endfacet
  facet normal -0 0 -1
    outer loop
      vertex 19.0942 25.3705 0
      vertex 18.6921 24.8958 0
      vertex 19.0545 25.4029 0
    endloop
  endfacet
  facet normal -0 0 -1
    outer loop
      vertex 19.0545 25.4029 0
      vertex 18.6921 24.8958 0
      vertex 19.0163 25.4363 0
    endloop
  endfacet
  facet normal 0 0 -1
    outer loop
      vertex 18.7304 25.8816 0
      vertex 18.5722 26.0499 0
      vertex 18.7241 25.9322 0
    endloop
  endfacet
  facet normal 0 0 -1
    outer loop
      vertex 18.741 25.833 0
      vertex 18.5722 26.0499 0
      vertex 18.7304 25.8816 0
    endloop
  endfacet
  facet normal 0 0 -1
    outer loop
      vertex 18.0609 25.3406 0
      vertex 18.741 25.833 0
      vertex 18.7558 25.7865 0
    endloop
  endfacet
  facet normal -0 0 -1
    outer loop
      vertex 18.7748 25.7421 0
      vertex 18.0609 25.3406 0
      vertex 18.7558 25.7865 0
    endloop
  endfacet
  facet normal -0 0 -1
    outer loop
      vertex 18.7972 25.6994 0
      vertex 18.0609 25.3406 0
      vertex 18.7748 25.7421 0
    endloop
  endfacet
  facet normal -0 0 -1
    outer loop
      vertex 18.8219 25.658 0
      vertex 18.0609 25.3406 0
      vertex 18.7972 25.6994 0
    endloop
  endfacet
  facet normal -0 0 -1
    outer loop
      vertex 18.849 25.618 0
      vertex 18.0609 25.3406 0
      vertex 18.8219 25.658 0
    endloop
  endfacet
  facet normal -0 0 -1
    outer loop
      vertex 18.8785 25.5793 0
      vertex 18.0609 25.3406 0
      vertex 18.849 25.618 0
    endloop
  endfacet
  facet normal 0 0 -1
    outer loop
      vertex 18.0609 25.3406 0
      vertex 18.8785 25.5793 0
      vertex 18.6921 24.8958 0
    endloop
  endfacet
  facet normal -0 0 -1
    outer loop
      vertex 18.9105 25.542 0
      vertex 18.6921 24.8958 0
      vertex 18.8785 25.5793 0
    endloop
  endfacet
  facet normal -0 0 -1
    outer loop
      vertex 18.9443 25.5059 0
      vertex 18.6921 24.8958 0
      vertex 18.9105 25.542 0
    endloop
  endfacet
  facet normal -0 0 -1
    outer loop
      vertex 18.9796 25.4706 0
      vertex 18.6921 24.8958 0
      vertex 18.9443 25.5059 0
    endloop
  endfacet
  facet normal -0 0 -1
    outer loop
      vertex 19.0163 25.4363 0
      vertex 18.6921 24.8958 0
      vertex 18.9796 25.4706 0
    endloop
  endfacet
  facet normal 0 0 -1
    outer loop
      vertex 19.9596 24.977 0
      vertex 21.6511 25.7394 0
      vertex 19.997 24.9123 0
    endloop
  endfacet
  facet normal -0 0 -1
    outer loop
      vertex 21.6511 25.7394 0
      vertex 19.9596 24.977 0
      vertex 20.0131 25.9767 0
    endloop
  endfacet
  facet normal 0 0 -1
    outer loop
      vertex 19.9172 25.041 0
      vertex 20.0131 25.9767 0
      vertex 19.9596 24.977 0
    endloop
  endfacet
  facet normal 0 0 -1
    outer loop
      vertex 19.8696 25.1043 0
      vertex 20.0131 25.9767 0
      vertex 19.9172 25.041 0
    endloop
  endfacet
  facet normal 0 0 -1
    outer loop
      vertex 19.8171 25.167 0
      vertex 20.0131 25.9767 0
      vertex 19.8696 25.1043 0
    endloop
  endfacet
  facet normal 0 0 -1
    outer loop
      vertex 19.7592 25.23 0
      vertex 20.0131 25.9767 0
      vertex 19.8171 25.167 0
    endloop
  endfacet
  facet normal 0 0 -1
    outer loop
      vertex 19.6956 25.294 0
      vertex 20.0131 25.9767 0
      vertex 19.7592 25.23 0
    endloop
  endfacet
  facet normal 0 0 -1
    outer loop
      vertex 19.6263 25.3591 0
      vertex 20.0131 25.9767 0
      vertex 19.6956 25.294 0
    endloop
  endfacet
  facet normal 0 0 -1
    outer loop
      vertex 20.0131 25.9767 0
      vertex 19.6263 25.3591 0
      vertex 19.6293 25.955 0
    endloop
  endfacet
  facet normal 0 0 -1
    outer loop
      vertex 19.5513 25.4253 0
      vertex 19.6293 25.955 0
      vertex 19.6263 25.3591 0
    endloop
  endfacet
  facet normal 0 0 -1
    outer loop
      vertex 19.4706 25.4925 0
      vertex 19.6293 25.955 0
      vertex 19.5513 25.4253 0
    endloop
  endfacet
  facet normal 0 0 -1
    outer loop
      vertex 19.3951 25.5553 0
      vertex 19.6293 25.955 0
      vertex 19.4706 25.4925 0
    endloop
  endfacet
  facet normal 0 0 -1
    outer loop
      vertex 19.3292 25.6136 0
      vertex 19.6293 25.955 0
      vertex 19.3951 25.5553 0
    endloop
  endfacet
  facet normal 0 0 -1
    outer loop
      vertex 19.2729 25.6673 0
      vertex 19.6293 25.955 0
      vertex 19.3292 25.6136 0
    endloop
  endfacet
  facet normal 0 0 -1
    outer loop
      vertex 19.2262 25.7165 0
      vertex 19.6293 25.955 0
      vertex 19.2729 25.6673 0
    endloop
  endfacet
  facet normal 0 0 -1
    outer loop
      vertex 19.1892 25.7611 0
      vertex 19.6293 25.955 0
      vertex 19.2262 25.7165 0
    endloop
  endfacet
  facet normal 0 0 -1
    outer loop
      vertex 19.1601 25.8032 0
      vertex 19.6293 25.955 0
      vertex 19.1892 25.7611 0
    endloop
  endfacet
  facet normal -0 0 -1
    outer loop
      vertex 19.6293 25.955 0
      vertex 19.1601 25.8032 0
      vertex 19.6198 26.005 0
    endloop
  endfacet
  facet normal 0 0 -1
    outer loop
      vertex 19.1375 25.8451 0
      vertex 19.6198 26.005 0
      vertex 19.1601 25.8032 0
    endloop
  endfacet
  facet normal -0 0 -1
    outer loop
      vertex 19.6198 26.005 0
      vertex 19.1375 25.8451 0
      vertex 19.6068 26.0497 0
    endloop
  endfacet
  facet normal 0 0 -1
    outer loop
      vertex 19.1214 25.8865 0
      vertex 19.6068 26.0497 0
      vertex 19.1375 25.8451 0
    endloop
  endfacet
  facet normal 0 0 -1
    outer loop
      vertex 19.6068 26.0497 0
      vertex 19.4059 26.2155 0
      vertex 19.5901 26.0892 0
    endloop
  endfacet
  facet normal -0 -0 -1
    outer loop
      vertex 19.4478 26.2076 0
      vertex 19.5901 26.0892 0
      vertex 19.4059 26.2155 0
    endloop
  endfacet
  facet normal 0 0 -1
    outer loop
      vertex 19.5901 26.0892 0
      vertex 19.4478 26.2076 0
      vertex 19.5698 26.1234 0
    endloop
  endfacet
  facet normal -0 -0 -1
    outer loop
      vertex 19.4851 26.1944 0
      vertex 19.5459 26.1523 0
      vertex 19.4478 26.2076 0
    endloop
  endfacet
  facet normal 0 0 -1
    outer loop
      vertex 19.5459 26.1523 0
      vertex 19.4851 26.1944 0
      vertex 19.5178 26.176 0
    endloop
  endfacet
  facet normal 0 0 -1
    outer loop
      vertex 19.5698 26.1234 0
      vertex 19.4478 26.2076 0
      vertex 19.5459 26.1523 0
    endloop
  endfacet
  facet normal 0 0 -1
    outer loop
      vertex 19.6068 26.0497 0
      vertex 19.3594 26.2181 0
      vertex 19.4059 26.2155 0
    endloop
  endfacet
  facet normal -0 0 -1
    outer loop
      vertex 19.6068 26.0497 0
      vertex 19.1214 25.8865 0
      vertex 19.3594 26.2181 0
    endloop
  endfacet
  facet normal 0 0 -1
    outer loop
      vertex 19.1117 25.9277 0
      vertex 19.3594 26.2181 0
      vertex 19.1214 25.8865 0
    endloop
  endfacet
  facet normal 0 0 -1
    outer loop
      vertex 19.3594 26.2181 0
      vertex 19.1085 25.9686 0
      vertex 19.269 26.2082 0
    endloop
  endfacet
  facet normal 0 -0 -1
    outer loop
      vertex 19.1185 26.0584 0
      vertex 19.269 26.2082 0
      vertex 19.1085 25.9686 0
    endloop
  endfacet
  facet normal 0 0 -1
    outer loop
      vertex 19.269 26.2082 0
      vertex 19.1185 26.0584 0
      vertex 19.1988 26.1782 0
    endloop
  endfacet
  facet normal 0 0 -1
    outer loop
      vertex 19.3594 26.2181 0
      vertex 19.1117 25.9277 0
      vertex 19.1085 25.9686 0
    endloop
  endfacet
  facet normal 0 0 -1
    outer loop
      vertex 19.1988 26.1782 0
      vertex 19.1185 26.0584 0
      vertex 19.1486 26.1283 0
    endloop
  endfacet
  facet normal -0 0 -1
    outer loop
      vertex 27.6135 25.7923 0
      vertex 27.3992 24.5825 0
      vertex 27.3992 25.7923 0
    endloop
  endfacet
  facet normal 0 0 -1
    outer loop
      vertex 26.7306 26.0499 0
      vertex 27.0195 26.1652 0
      vertex 27.0195 26.0499 0
    endloop
  endfacet
  facet normal 0 -0 -1
    outer loop
      vertex 26.8418 26.3402 0
      vertex 27.0195 26.1652 0
      vertex 26.7306 26.0499 0
    endloop
  endfacet
  facet normal -0 -0 -1
    outer loop
      vertex 26.8786 26.3386 0
      vertex 27.0195 26.1652 0
      vertex 26.8418 26.3402 0
    endloop
  endfacet
  facet normal -0 -0 -1
    outer loop
      vertex 26.9107 26.334 0
      vertex 27.0179 26.2019 0
      vertex 26.8786 26.3386 0
    endloop
  endfacet
  facet normal 0 0 -1
    outer loop
      vertex 27.0179 26.2019 0
      vertex 26.9107 26.334 0
      vertex 27.0131 26.2339 0
    endloop
  endfacet
  facet normal -0 -0 -1
    outer loop
      vertex 26.9383 26.3263 0
      vertex 27.0131 26.2339 0
      vertex 26.9107 26.334 0
    endloop
  endfacet
  facet normal -0 -0 -1
    outer loop
      vertex 26.9612 26.3155 0
      vertex 26.9939 26.2837 0
      vertex 26.9383 26.3263 0
    endloop
  endfacet
  facet normal 0 0 -1
    outer loop
      vertex 26.9939 26.2837 0
      vertex 26.9612 26.3155 0
      vertex 26.9795 26.3015 0
    endloop
  endfacet
  facet normal 0 0 -1
    outer loop
      vertex 27.0051 26.2612 0
      vertex 26.9383 26.3263 0
      vertex 26.9939 26.2837 0
    endloop
  endfacet
  facet normal 0 0 -1
    outer loop
      vertex 27.0131 26.2339 0
      vertex 26.9383 26.3263 0
      vertex 27.0051 26.2612 0
    endloop
  endfacet
  facet normal 0 0 -1
    outer loop
      vertex 27.0195 26.1652 0
      vertex 26.8786 26.3386 0
      vertex 27.0179 26.2019 0
    endloop
  endfacet
  facet normal 0 0 -1
    outer loop
      vertex 26.8418 26.3402 0
      vertex 26.7306 26.0499 0
      vertex 26.8196 26.3397 0
    endloop
  endfacet
  facet normal 0 0 -1
    outer loop
      vertex 26.8196 26.3397 0
      vertex 26.7306 26.0499 0
      vertex 26.7973 26.3382 0
    endloop
  endfacet
  facet normal 0 0 -1
    outer loop
      vertex 26.7973 26.3382 0
      vertex 26.7306 26.0499 0
      vertex 26.7751 26.3358 0
    endloop
  endfacet
  facet normal 0 0 -1
    outer loop
      vertex 26.7751 26.3358 0
      vertex 26.7306 26.0499 0
      vertex 26.7528 26.3324 0
    endloop
  endfacet
  facet normal 0 0 -1
    outer loop
      vertex 26.7528 26.3324 0
      vertex 26.7306 26.0499 0
      vertex 26.7306 26.328 0
    endloop
  endfacet
  facet normal 0 0 -1
    outer loop
      vertex 22.7588 25.3176 0
      vertex 22.496 25.7055 0
      vertex 22.4962 25.7522 0
    endloop
  endfacet
  facet normal 0 0 -1
    outer loop
      vertex 21.6511 25.7394 0
      vertex 22.1149 25.3027 0
      vertex 21.6614 24.3492 0
    endloop
  endfacet
  facet normal 0 0 -1
    outer loop
      vertex 22.1149 25.3027 0
      vertex 21.6511 25.7394 0
      vertex 21.6871 25.7467 0
    endloop
  endfacet
  facet normal 0 0 -1
    outer loop
      vertex 20.0293 24.847 0
      vertex 21.6614 24.3492 0
      vertex 20.0293 24.5825 0
    endloop
  endfacet
  facet normal 0 0 -1
    outer loop
      vertex 20.0293 24.5825 0
      vertex 21.6614 24.3492 0
      vertex 20.0651 24.3492 0
    endloop
  endfacet
  facet normal 0 0 -1
    outer loop
      vertex 29.3767 24.8958 0
      vertex 29.34 24.9646 0
      vertex 29.36 24.9306 0
    endloop
  endfacet
  facet normal 0 0 -1
    outer loop
      vertex 29.3767 24.8958 0
      vertex 29.3168 24.9977 0
      vertex 29.34 24.9646 0
    endloop
  endfacet
  facet normal 0 0 -1
    outer loop
      vertex 28.4898 24.8958 0
      vertex 29.3168 24.9977 0
      vertex 29.3767 24.8958 0
    endloop
  endfacet
  facet normal -0 0 -1
    outer loop
      vertex 29.3168 24.9977 0
      vertex 28.4898 24.8958 0
      vertex 29.2904 25.0299 0
    endloop
  endfacet
  facet normal -0 0 -1
    outer loop
      vertex 29.2904 25.0299 0
      vertex 28.4898 24.8958 0
      vertex 29.2608 25.0613 0
    endloop
  endfacet
  facet normal -0 0 -1
    outer loop
      vertex 29.2608 25.0613 0
      vertex 28.4898 24.8958 0
      vertex 29.2289 25.0921 0
    endloop
  endfacet
  facet normal -0 0 -1
    outer loop
      vertex 29.2289 25.0921 0
      vertex 28.4898 24.8958 0
      vertex 29.1957 25.1229 0
    endloop
  endfacet
  facet normal -0 0 -1
    outer loop
      vertex 29.1957 25.1229 0
      vertex 28.4898 24.8958 0
      vertex 29.1611 25.1535 0
    endloop
  endfacet
  facet normal -0 0 -1
    outer loop
      vertex 29.1611 25.1535 0
      vertex 28.4898 24.8958 0
      vertex 29.1252 25.1841 0
    endloop
  endfacet
  facet normal -0 0 -1
    outer loop
      vertex 29.1252 25.1841 0
      vertex 28.4898 24.8958 0
      vertex 29.0879 25.2145 0
    endloop
  endfacet
  facet normal -0 0 -1
    outer loop
      vertex 29.0879 25.2145 0
      vertex 28.4898 24.8958 0
      vertex 29.0109 25.2759 0
    endloop
  endfacet
  facet normal -0 0 -1
    outer loop
      vertex 29.0109 25.2759 0
      vertex 28.4898 24.8958 0
      vertex 28.9321 25.3386 0
    endloop
  endfacet
  facet normal -0 0 -1
    outer loop
      vertex 28.9321 25.3386 0
      vertex 28.4898 24.8958 0
      vertex 28.8919 25.3705 0
    endloop
  endfacet
  facet normal -0 0 -1
    outer loop
      vertex 28.8919 25.3705 0
      vertex 28.4898 24.8958 0
      vertex 28.8522 25.4029 0
    endloop
  endfacet
  facet normal -0 0 -1
    outer loop
      vertex 28.8522 25.4029 0
      vertex 28.4898 24.8958 0
      vertex 28.814 25.4363 0
    endloop
  endfacet
  facet normal -0 0 -1
    outer loop
      vertex 28.5281 25.8816 0
      vertex 27.6135 25.7923 0
      vertex 28.5217 25.9322 0
    endloop
  endfacet
  facet normal -0 0 -1
    outer loop
      vertex 28.5386 25.833 0
      vertex 27.6135 25.7923 0
      vertex 28.5281 25.8816 0
    endloop
  endfacet
  facet normal 0 0 -1
    outer loop
      vertex 28.5534 25.7865 0
      vertex 27.6135 25.7923 0
      vertex 28.5386 25.833 0
    endloop
  endfacet
  facet normal 0 0 -1
    outer loop
      vertex 28.5725 25.7421 0
      vertex 27.6135 25.7923 0
      vertex 28.5534 25.7865 0
    endloop
  endfacet
  facet normal 0 0 -1
    outer loop
      vertex 28.5948 25.6994 0
      vertex 27.6135 25.7923 0
      vertex 28.5725 25.7421 0
    endloop
  endfacet
  facet normal 0 0 -1
    outer loop
      vertex 27.6135 25.7923 0
      vertex 28.5948 25.6994 0
      vertex 28.4898 24.8958 0
    endloop
  endfacet
  facet normal -0 0 -1
    outer loop
      vertex 28.6196 25.658 0
      vertex 28.4898 24.8958 0
      vertex 28.5948 25.6994 0
    endloop
  endfacet
  facet normal -0 0 -1
    outer loop
      vertex 28.6467 25.618 0
      vertex 28.4898 24.8958 0
      vertex 28.6196 25.658 0
    endloop
  endfacet
  facet normal -0 0 -1
    outer loop
      vertex 28.6762 25.5793 0
      vertex 28.4898 24.8958 0
      vertex 28.6467 25.618 0
    endloop
  endfacet
  facet normal -0 0 -1
    outer loop
      vertex 28.7081 25.542 0
      vertex 28.4898 24.8958 0
      vertex 28.6762 25.5793 0
    endloop
  endfacet
  facet normal -0 0 -1
    outer loop
      vertex 28.7419 25.5059 0
      vertex 28.4898 24.8958 0
      vertex 28.7081 25.542 0
    endloop
  endfacet
  facet normal -0 0 -1
    outer loop
      vertex 28.7772 25.4706 0
      vertex 28.4898 24.8958 0
      vertex 28.7419 25.5059 0
    endloop
  endfacet
  facet normal -0 0 -1
    outer loop
      vertex 28.814 25.4363 0
      vertex 28.4898 24.8958 0
      vertex 28.7772 25.4706 0
    endloop
  endfacet
  facet normal 0 0 -1
    outer loop
      vertex 29.7148 25.041 0
      vertex 29.9021 24.9717 0
      vertex 29.7573 24.977 0
    endloop
  endfacet
  facet normal 0 0 -1
    outer loop
      vertex 29.9021 24.9717 0
      vertex 29.7148 25.041 0
      vertex 29.9021 25.2552 0
    endloop
  endfacet
  facet normal 0 0 -1
    outer loop
      vertex 29.6673 25.1043 0
      vertex 29.9021 25.2552 0
      vertex 29.7148 25.041 0
    endloop
  endfacet
  facet normal 0 0 -1
    outer loop
      vertex 29.6148 25.167 0
      vertex 29.9021 25.2552 0
      vertex 29.6673 25.1043 0
    endloop
  endfacet
  facet normal 0 0 -1
    outer loop
      vertex 29.5569 25.23 0
      vertex 29.9021 25.2552 0
      vertex 29.6148 25.167 0
    endloop
  endfacet
  facet normal 0 0 -1
    outer loop
      vertex 29.4932 25.294 0
      vertex 29.9021 25.2552 0
      vertex 29.5569 25.23 0
    endloop
  endfacet
  facet normal 0 0 -1
    outer loop
      vertex 29.9021 25.2552 0
      vertex 29.4932 25.294 0
      vertex 29.8108 25.9767 0
    endloop
  endfacet
  facet normal 0 0 -1
    outer loop
      vertex 29.424 25.3591 0
      vertex 29.8108 25.9767 0
      vertex 29.4932 25.294 0
    endloop
  endfacet
  facet normal 0 0 -1
    outer loop
      vertex 29.8108 25.9767 0
      vertex 29.424 25.3591 0
      vertex 29.4269 25.955 0
    endloop
  endfacet
  facet normal 0 0 -1
    outer loop
      vertex 29.3489 25.4253 0
      vertex 29.4269 25.955 0
      vertex 29.424 25.3591 0
    endloop
  endfacet
  facet normal 0 0 -1
    outer loop
      vertex 29.2683 25.4925 0
      vertex 29.4269 25.955 0
      vertex 29.3489 25.4253 0
    endloop
  endfacet
  facet normal 0 0 -1
    outer loop
      vertex 29.1928 25.5553 0
      vertex 29.4269 25.955 0
      vertex 29.2683 25.4925 0
    endloop
  endfacet
  facet normal 0 0 -1
    outer loop
      vertex 29.1269 25.6136 0
      vertex 29.4269 25.955 0
      vertex 29.1928 25.5553 0
    endloop
  endfacet
  facet normal 0 0 -1
    outer loop
      vertex 29.0706 25.6673 0
      vertex 29.4269 25.955 0
      vertex 29.1269 25.6136 0
    endloop
  endfacet
  facet normal 0 0 -1
    outer loop
      vertex 29.0239 25.7165 0
      vertex 29.4269 25.955 0
      vertex 29.0706 25.6673 0
    endloop
  endfacet
  facet normal 0 0 -1
    outer loop
      vertex 28.9868 25.7611 0
      vertex 29.4269 25.955 0
      vertex 29.0239 25.7165 0
    endloop
  endfacet
  facet normal 0 0 -1
    outer loop
      vertex 28.9578 25.8032 0
      vertex 29.4269 25.955 0
      vertex 28.9868 25.7611 0
    endloop
  endfacet
  facet normal -0 0 -1
    outer loop
      vertex 29.4269 25.955 0
      vertex 28.9578 25.8032 0
      vertex 29.4175 26.005 0
    endloop
  endfacet
  facet normal 0 0 -1
    outer loop
      vertex 28.9352 25.8451 0
      vertex 29.4175 26.005 0
      vertex 28.9578 25.8032 0
    endloop
  endfacet
  facet normal -0 0 -1
    outer loop
      vertex 29.4175 26.005 0
      vertex 28.9352 25.8451 0
      vertex 29.4045 26.0497 0
    endloop
  endfacet
  facet normal 0 0 -1
    outer loop
      vertex 28.919 25.8865 0
      vertex 29.4045 26.0497 0
      vertex 28.9352 25.8451 0
    endloop
  endfacet
  facet normal 0 0 -1
    outer loop
      vertex 29.4045 26.0497 0
      vertex 29.2036 26.2155 0
      vertex 29.3878 26.0892 0
    endloop
  endfacet
  facet normal -0 -0 -1
    outer loop
      vertex 29.2455 26.2076 0
      vertex 29.3878 26.0892 0
      vertex 29.2036 26.2155 0
    endloop
  endfacet
  facet normal 0 0 -1
    outer loop
      vertex 29.3878 26.0892 0
      vertex 29.2455 26.2076 0
      vertex 29.3675 26.1234 0
    endloop
  endfacet
  facet normal -0 -0 -1
    outer loop
      vertex 29.2828 26.1944 0
      vertex 29.3435 26.1523 0
      vertex 29.2455 26.2076 0
    endloop
  endfacet
  facet normal 0 0 -1
    outer loop
      vertex 29.3435 26.1523 0
      vertex 29.2828 26.1944 0
      vertex 29.3154 26.176 0
    endloop
  endfacet
  facet normal 0 0 -1
    outer loop
      vertex 29.3675 26.1234 0
      vertex 29.2455 26.2076 0
      vertex 29.3435 26.1523 0
    endloop
  endfacet
  facet normal 0 0 -1
    outer loop
      vertex 29.4045 26.0497 0
      vertex 29.157 26.2181 0
      vertex 29.2036 26.2155 0
    endloop
  endfacet
  facet normal -0 0 -1
    outer loop
      vertex 29.4045 26.0497 0
      vertex 28.919 25.8865 0
      vertex 29.157 26.2181 0
    endloop
  endfacet
  facet normal 0 0 -1
    outer loop
      vertex 28.9094 25.9277 0
      vertex 29.157 26.2181 0
      vertex 28.919 25.8865 0
    endloop
  endfacet
  facet normal 0 0 -1
    outer loop
      vertex 29.157 26.2181 0
      vertex 28.9061 25.9686 0
      vertex 29.0667 26.2082 0
    endloop
  endfacet
  facet normal 0 -0 -1
    outer loop
      vertex 28.9162 26.0584 0
      vertex 29.0667 26.2082 0
      vertex 28.9061 25.9686 0
    endloop
  endfacet
  facet normal 0 0 -1
    outer loop
      vertex 29.0667 26.2082 0
      vertex 28.9162 26.0584 0
      vertex 28.9965 26.1782 0
    endloop
  endfacet
  facet normal 0 0 -1
    outer loop
      vertex 29.157 26.2181 0
      vertex 28.9094 25.9277 0
      vertex 28.9061 25.9686 0
    endloop
  endfacet
  facet normal 0 0 -1
    outer loop
      vertex 28.9965 26.1782 0
      vertex 28.9162 26.0584 0
      vertex 28.9463 26.1283 0
    endloop
  endfacet
  facet normal 0 0 -1
    outer loop
      vertex 29.8108 25.9767 0
      vertex 30.1571 25.2552 0
      vertex 29.9021 25.2552 0
    endloop
  endfacet
  facet normal 0 0 -1
    outer loop
      vertex 31.3899 24.9717 0
      vertex 32.2938 25.6851 0
      vertex 31.4108 24.5825 0
    endloop
  endfacet
  facet normal 0 0 -1
    outer loop
      vertex 32.8051 25.6268 0
      vertex 31.9439 26.4934 0
      vertex 32.8051 26.4934 0
    endloop
  endfacet
  facet normal 0 0 -1
    outer loop
      vertex 32.8051 24.5825 0
      vertex 32.5691 25.46 0
      vertex 32.8051 25.2796 0
    endloop
  endfacet
  facet normal 0 0 -1
    outer loop
      vertex 31.8828 24.5825 0
      vertex 32.8051 24.5825 0
      vertex 32.95 6.14999 0
    endloop
  endfacet
  facet normal 0 0 -1
    outer loop
      vertex 32.8051 24.5825 0
      vertex 31.8828 24.5825 0
      vertex 32.5691 25.46 0
    endloop
  endfacet
  facet normal 0 0 -1
    outer loop
      vertex 32.95 6.14999 0
      vertex 31.4108 24.5825 0
      vertex 31.8828 24.5825 0
    endloop
  endfacet
  facet normal 0 0 -1
    outer loop
      vertex 31.4108 24.5825 0
      vertex 30.5206 24.5825 0
      vertex 31.3899 24.9717 0
    endloop
  endfacet
  facet normal 0 0 -1
    outer loop
      vertex 32.95 6.14999 0
      vertex 30.5206 24.5825 0
      vertex 31.4108 24.5825 0
    endloop
  endfacet
  facet normal 0 0 -1
    outer loop
      vertex 32.95 6.14999 0
      vertex 30.1571 24.5825 0
      vertex 30.5206 24.5825 0
    endloop
  endfacet
  facet normal 0 0 -1
    outer loop
      vertex 29.827 24.847 0
      vertex 30.1571 24.9717 0
      vertex 30.1571 24.5825 0
    endloop
  endfacet
  facet normal 0 0 -1
    outer loop
      vertex 29.827 24.5825 0
      vertex 30.1571 24.5825 0
      vertex 32.95 6.14999 0
    endloop
  endfacet
  facet normal -0 0 -1
    outer loop
      vertex 30.1571 24.9717 0
      vertex 29.827 24.847 0
      vertex 29.9021 24.9717 0
    endloop
  endfacet
  facet normal 0 0 -1
    outer loop
      vertex 29.827 24.847 0
      vertex 30.1571 24.5825 0
      vertex 29.827 24.5825 0
    endloop
  endfacet
  facet normal 0 0 -1
    outer loop
      vertex 32.95 6.14999 0
      vertex 28.4898 24.5825 0
      vertex 29.827 24.5825 0
    endloop
  endfacet
  facet normal 0 0 -1
    outer loop
      vertex 27.3992 24.5825 0
      vertex 28.4898 24.8958 0
      vertex 28.4898 24.5825 0
    endloop
  endfacet
  facet normal 0 0 -1
    outer loop
      vertex 27.3992 24.5825 0
      vertex 28.4898 24.5825 0
      vertex 32.95 6.14999 0
    endloop
  endfacet
  facet normal -0 0 -1
    outer loop
      vertex 28.4898 24.8958 0
      vertex 27.3992 24.5825 0
      vertex 27.6135 25.7923 0
    endloop
  endfacet
  facet normal 0 0 -1
    outer loop
      vertex 32.95 6.14999 0
      vertex 27.0195 24.5825 0
      vertex 27.3992 24.5825 0
    endloop
  endfacet
  facet normal 0 0 -1
    outer loop
      vertex 27.0195 24.5825 0
      vertex 26.7306 25.7923 0
      vertex 27.0195 25.7923 0
    endloop
  endfacet
  facet normal 0 0 -1
    outer loop
      vertex 26.5637 26.5952 0
      vertex 26.7306 26.0499 0
      vertex 26.7306 25.7923 0
    endloop
  endfacet
  facet normal 0 0 -1
    outer loop
      vertex 26.7306 26.0499 0
      vertex 26.5637 26.5952 0
      vertex 26.7306 26.328 0
    endloop
  endfacet
  facet normal 0 0 -1
    outer loop
      vertex 26.5637 26.5952 0
      vertex 26.7306 25.7923 0
      vertex 26.5637 24.5825 0
    endloop
  endfacet
  facet normal 0 0 -1
    outer loop
      vertex 27.0195 24.5825 0
      vertex 26.5637 24.5825 0
      vertex 26.7306 25.7923 0
    endloop
  endfacet
  facet normal 0 0 -1
    outer loop
      vertex 32.95 6.14999 0
      vertex 26.5637 24.5825 0
      vertex 27.0195 24.5825 0
    endloop
  endfacet
  facet normal 0 0 -1
    outer loop
      vertex 17.85 6.14999 0
      vertex 32.95 6.14999 0
      vertex 34.9468 0 0
    endloop
  endfacet
  facet normal 0 -0 -1
    outer loop
      vertex 25.1617 24.5554 0
      vertex 32.95 6.14999 0
      vertex 17.85 6.14999 0
    endloop
  endfacet
  facet normal 0 0 -1
    outer loop
      vertex 25.8877 25.4531 0
      vertex 26.1826 24.5825 0
      vertex 25.8955 25.3176 0
    endloop
  endfacet
  facet normal 0 0 -1
    outer loop
      vertex 32.95 6.14999 0
      vertex 26.1826 24.5825 0
      vertex 26.5637 24.5825 0
    endloop
  endfacet
  facet normal 0 0 -1
    outer loop
      vertex 26.1826 24.5825 0
      vertex 25.8877 25.1815 0
      vertex 25.8955 25.3176 0
    endloop
  endfacet
  facet normal 0 0 -1
    outer loop
      vertex 26.1826 24.5825 0
      vertex 25.8642 25.0576 0
      vertex 25.8877 25.1815 0
    endloop
  endfacet
  facet normal 0 0 -1
    outer loop
      vertex 26.1826 24.5825 0
      vertex 25.8252 24.9459 0
      vertex 25.8642 25.0576 0
    endloop
  endfacet
  facet normal 0 0 -1
    outer loop
      vertex 26.1826 24.5825 0
      vertex 25.7705 24.8463 0
      vertex 25.8252 24.9459 0
    endloop
  endfacet
  facet normal 0 0 -1
    outer loop
      vertex 26.1826 24.5825 0
      vertex 25.7002 24.7588 0
      vertex 25.7705 24.8463 0
    endloop
  endfacet
  facet normal 0 0 -1
    outer loop
      vertex 26.1826 24.5825 0
      vertex 25.6161 24.6856 0
      vertex 25.7002 24.7588 0
    endloop
  endfacet
  facet normal 0 0 -1
    outer loop
      vertex 26.1826 24.5825 0
      vertex 25.5203 24.6286 0
      vertex 25.6161 24.6856 0
    endloop
  endfacet
  facet normal 0 0 -1
    outer loop
      vertex 26.1826 24.5825 0
      vertex 25.4126 24.5879 0
      vertex 25.5203 24.6286 0
    endloop
  endfacet
  facet normal 0 0 -1
    outer loop
      vertex 32.95 6.14999 0
      vertex 25.2931 24.5635 0
      vertex 26.1826 24.5825 0
    endloop
  endfacet
  facet normal -0 0 -1
    outer loop
      vertex 26.1826 24.5825 0
      vertex 25.2931 24.5635 0
      vertex 25.4126 24.5879 0
    endloop
  endfacet
  facet normal 0 0 -1
    outer loop
      vertex 32.95 6.14999 0
      vertex 25.1617 24.5554 0
      vertex 25.2931 24.5635 0
    endloop
  endfacet
  facet normal -0 0 -1
    outer loop
      vertex 25.1617 24.5554 0
      vertex 17.85 6.14999 0
      vertex 25.0279 24.5635 0
    endloop
  endfacet
  facet normal 0 -0 -1
    outer loop
      vertex 23.6361 24.5635 0
      vertex 25.0279 24.5635 0
      vertex 17.85 6.14999 0
    endloop
  endfacet
  facet normal 0 0 -1
    outer loop
      vertex 25.0279 24.5635 0
      vertex 23.6361 24.5635 0
      vertex 24.9061 24.5878 0
    endloop
  endfacet
  facet normal 0 -0 -1
    outer loop
      vertex 23.7556 24.5879 0
      vertex 24.9061 24.5878 0
      vertex 23.6361 24.5635 0
    endloop
  endfacet
  facet normal 0 0 -1
    outer loop
      vertex 24.9061 24.5878 0
      vertex 23.7556 24.5879 0
      vertex 24.7966 24.6284 0
    endloop
  endfacet
  facet normal 0 0 -1
    outer loop
      vertex 24.7966 24.6284 0
      vertex 23.8633 24.6286 0
      vertex 24.6991 24.6852 0
    endloop
  endfacet
  facet normal 0 0 -1
    outer loop
      vertex 24.4238 25.1811 0
      vertex 24.2385 25.3176 0
      vertex 24.4158 25.3176 0
    endloop
  endfacet
  facet normal 0 0 -1
    outer loop
      vertex 24.2307 25.1815 0
      vertex 24.4238 25.1811 0
      vertex 24.4475 25.0569 0
    endloop
  endfacet
  facet normal 0 0 -1
    outer loop
      vertex 24.2072 25.0576 0
      vertex 24.4475 25.0569 0
      vertex 24.4871 24.945 0
    endloop
  endfacet
  facet normal 0 -0 -1
    outer loop
      vertex 24.0432 24.7588 0
      vertex 24.6139 24.7582 0
      vertex 23.9591 24.6856 0
    endloop
  endfacet
  facet normal 0 0 -1
    outer loop
      vertex 24.4238 25.1811 0
      vertex 24.2307 25.1815 0
      vertex 24.2385 25.3176 0
    endloop
  endfacet
  facet normal 0 0 -1
    outer loop
      vertex 24.4475 25.0569 0
      vertex 24.2072 25.0576 0
      vertex 24.2307 25.1815 0
    endloop
  endfacet
  facet normal 0 0 -1
    outer loop
      vertex 24.4871 24.945 0
      vertex 24.1682 24.9459 0
      vertex 24.2072 25.0576 0
    endloop
  endfacet
  facet normal -0 0 -1
    outer loop
      vertex 24.4871 24.945 0
      vertex 24.1135 24.8463 0
      vertex 24.1682 24.9459 0
    endloop
  endfacet
  facet normal 0 0 -1
    outer loop
      vertex 24.5426 24.8454 0
      vertex 24.1135 24.8463 0
      vertex 24.4871 24.945 0
    endloop
  endfacet
  facet normal 0 -0 -1
    outer loop
      vertex 24.1135 24.8463 0
      vertex 24.5426 24.8454 0
      vertex 24.0432 24.7588 0
    endloop
  endfacet
  facet normal 0 0 -1
    outer loop
      vertex 24.6139 24.7582 0
      vertex 24.0432 24.7588 0
      vertex 24.5426 24.8454 0
    endloop
  endfacet
  facet normal 0 -0 -1
    outer loop
      vertex 23.9591 24.6856 0
      vertex 24.6991 24.6852 0
      vertex 23.8633 24.6286 0
    endloop
  endfacet
  facet normal 0 0 -1
    outer loop
      vertex 24.6991 24.6852 0
      vertex 23.9591 24.6856 0
      vertex 24.6139 24.7582 0
    endloop
  endfacet
  facet normal 0 -0 -1
    outer loop
      vertex 23.8633 24.6286 0
      vertex 24.7966 24.6284 0
      vertex 23.7556 24.5879 0
    endloop
  endfacet
  facet normal 0 0 -1
    outer loop
      vertex 23.6361 24.5635 0
      vertex 17.85 6.14999 0
      vertex 23.5047 24.5554 0
    endloop
  endfacet
  facet normal 0 -0 -1
    outer loop
      vertex 21.6614 24.2434 0
      vertex 23.5047 24.5554 0
      vertex 17.85 6.14999 0
    endloop
  endfacet
  facet normal -0 0 -1
    outer loop
      vertex 23.5047 24.5554 0
      vertex 21.6614 24.2434 0
      vertex 23.3709 24.5635 0
    endloop
  endfacet
  facet normal -0 0 -1
    outer loop
      vertex 23.3709 24.5635 0
      vertex 21.6614 24.2434 0
      vertex 23.2491 24.5878 0
    endloop
  endfacet
  facet normal 0 -0 -1
    outer loop
      vertex 22.496 24.5825 0
      vertex 23.2491 24.5878 0
      vertex 21.6614 24.2434 0
    endloop
  endfacet
  facet normal -0 0 -1
    outer loop
      vertex 23.2491 24.5878 0
      vertex 22.496 24.5825 0
      vertex 23.1395 24.6284 0
    endloop
  endfacet
  facet normal -0 0 -1
    outer loop
      vertex 22.9568 24.7582 0
      vertex 22.496 24.5825 0
      vertex 22.8855 24.8454 0
    endloop
  endfacet
  facet normal 0 0 -1
    outer loop
      vertex 22.496 25.7055 0
      vertex 22.7588 25.3176 0
      vertex 22.7667 25.1811 0
    endloop
  endfacet
  facet normal 0 0 -1
    outer loop
      vertex 22.496 24.5825 0
      vertex 22.7667 25.1811 0
      vertex 22.7905 25.0569 0
    endloop
  endfacet
  facet normal 0 0 -1
    outer loop
      vertex 22.7588 25.3176 0
      vertex 22.5053 26.0243 0
      vertex 22.5069 26.0499 0
    endloop
  endfacet
  facet normal 0 0 -1
    outer loop
      vertex 22.7588 25.3176 0
      vertex 22.5037 25.9971 0
      vertex 22.5053 26.0243 0
    endloop
  endfacet
  facet normal 0 0 -1
    outer loop
      vertex 22.7588 25.3176 0
      vertex 22.5022 25.9685 0
      vertex 22.5037 25.9971 0
    endloop
  endfacet
  facet normal 0 0 -1
    outer loop
      vertex 22.7588 25.3176 0
      vertex 22.5008 25.9384 0
      vertex 22.5022 25.9685 0
    endloop
  endfacet
  facet normal 0 0 -1
    outer loop
      vertex 22.7588 25.3176 0
      vertex 22.4994 25.9069 0
      vertex 22.5008 25.9384 0
    endloop
  endfacet
  facet normal 0 0 -1
    outer loop
      vertex 22.7588 25.3176 0
      vertex 22.4982 25.873 0
      vertex 22.4994 25.9069 0
    endloop
  endfacet
  facet normal 0 0 -1
    outer loop
      vertex 22.496 24.5825 0
      vertex 22.7905 25.0569 0
      vertex 22.8301 24.945 0
    endloop
  endfacet
  facet normal 0 0 -1
    outer loop
      vertex 22.7588 25.3176 0
      vertex 22.4973 25.8359 0
      vertex 22.4982 25.873 0
    endloop
  endfacet
  facet normal 0 0 -1
    outer loop
      vertex 22.7588 25.3176 0
      vertex 22.4966 25.7956 0
      vertex 22.4973 25.8359 0
    endloop
  endfacet
  facet normal 0 0 -1
    outer loop
      vertex 22.7588 25.3176 0
      vertex 22.4962 25.7522 0
      vertex 22.4966 25.7956 0
    endloop
  endfacet
  facet normal 0 0 -1
    outer loop
      vertex 22.496 25.7055 0
      vertex 22.7667 25.1811 0
      vertex 22.496 24.5825 0
    endloop
  endfacet
  facet normal -0 0 -1
    outer loop
      vertex 22.8855 24.8454 0
      vertex 22.496 24.5825 0
      vertex 22.8301 24.945 0
    endloop
  endfacet
  facet normal -0 0 -1
    outer loop
      vertex 23.0421 24.6852 0
      vertex 22.496 24.5825 0
      vertex 22.9568 24.7582 0
    endloop
  endfacet
  facet normal 0 0 -1
    outer loop
      vertex 21.6614 24.3492 0
      vertex 22.1149 24.5825 0
      vertex 21.6614 24.2434 0
    endloop
  endfacet
  facet normal -0 0 -1
    outer loop
      vertex 22.1149 24.5825 0
      vertex 21.6614 24.3492 0
      vertex 22.1149 25.3027 0
    endloop
  endfacet
  facet normal 0 0 -1
    outer loop
      vertex 22.1117 25.3888 0
      vertex 21.6871 25.7467 0
      vertex 22.1022 25.4661 0
    endloop
  endfacet
  facet normal 0 -0 -1
    outer loop
      vertex 21.7214 25.7524 0
      vertex 22.1022 25.4661 0
      vertex 21.6871 25.7467 0
    endloop
  endfacet
  facet normal 0 0 -1
    outer loop
      vertex 22.1022 25.4661 0
      vertex 21.7214 25.7524 0
      vertex 22.0863 25.5344 0
    endloop
  endfacet
  facet normal 0 -0 -1
    outer loop
      vertex 21.7539 25.7565 0
      vertex 22.0863 25.5344 0
      vertex 21.7214 25.7524 0
    endloop
  endfacet
  facet normal 0 -0 -1
    outer loop
      vertex 21.7847 25.7589 0
      vertex 22.0863 25.5344 0
      vertex 21.7539 25.7565 0
    endloop
  endfacet
  facet normal 0 0 -1
    outer loop
      vertex 22.0863 25.5344 0
      vertex 21.7847 25.7589 0
      vertex 22.0641 25.5939 0
    endloop
  endfacet
  facet normal 0 -0 -1
    outer loop
      vertex 21.8138 25.7597 0
      vertex 22.0641 25.5939 0
      vertex 21.7847 25.7589 0
    endloop
  endfacet
  facet normal 0 0 -1
    outer loop
      vertex 22.0356 25.6444 0
      vertex 21.8138 25.7597 0
      vertex 22.0013 25.6859 0
    endloop
  endfacet
  facet normal 0 0 -1
    outer loop
      vertex 21.962 25.7182 0
      vertex 21.8683 25.7551 0
      vertex 21.9177 25.7413 0
    endloop
  endfacet
  facet normal 0 0 -1
    outer loop
      vertex 22.0013 25.6859 0
      vertex 21.8683 25.7551 0
      vertex 21.962 25.7182 0
    endloop
  endfacet
  facet normal -0 -0 -1
    outer loop
      vertex 21.8683 25.7551 0
      vertex 22.0013 25.6859 0
      vertex 21.8138 25.7597 0
    endloop
  endfacet
  facet normal 0 0 -1
    outer loop
      vertex 22.0641 25.5939 0
      vertex 21.8138 25.7597 0
      vertex 22.0356 25.6444 0
    endloop
  endfacet
  facet normal 0 0 -1
    outer loop
      vertex 22.1149 25.3027 0
      vertex 21.6871 25.7467 0
      vertex 22.1117 25.3888 0
    endloop
  endfacet
  facet normal -0 0 -1
    outer loop
      vertex 22.496 24.5825 0
      vertex 21.6614 24.2434 0
      vertex 22.1149 24.5825 0
    endloop
  endfacet
  facet normal -0 0 -1
    outer loop
      vertex 23.1395 24.6284 0
      vertex 22.496 24.5825 0
      vertex 23.0421 24.6852 0
    endloop
  endfacet
  facet normal 0 0 -1
    outer loop
      vertex 18.6921 24.5825 0
      vertex 20.0651 24.3492 0
      vertex 20.0651 24.2434 0
    endloop
  endfacet
  facet normal 0 0 -1
    outer loop
      vertex 20.0651 24.3492 0
      vertex 18.6921 24.5825 0
      vertex 20.0293 24.5825 0
    endloop
  endfacet
  facet normal -0 0 -1
    outer loop
      vertex 21.6614 24.2434 0
      vertex 17.85 6.14999 0
      vertex 20.0651 24.2434 0
    endloop
  endfacet
  facet normal 0 0 -1
    outer loop
      vertex 18.6921 24.5825 0
      vertex 18.598 24.5825 0
      vertex 18.6921 24.8958 0
    endloop
  endfacet
  facet normal 0 0 -1
    outer loop
      vertex 17.5062 24.5825 0
      vertex 20.0651 24.2434 0
      vertex 17.85 6.14999 0
    endloop
  endfacet
  facet normal 0 0 -1
    outer loop
      vertex 20.0651 24.2434 0
      vertex 18.598 24.5825 0
      vertex 18.6921 24.5825 0
    endloop
  endfacet
  facet normal 0 0 -1
    outer loop
      vertex 20.0651 24.2434 0
      vertex 18.1925 24.5825 0
      vertex 18.598 24.5825 0
    endloop
  endfacet
  facet normal 0 -0 -1
    outer loop
      vertex 17.85 6.14999 0
      vertex 34.9468 0 0
      vertex 15.8532 0 0
    endloop
  endfacet
  facet normal -0 0 -1
    outer loop
      vertex 31.3899 24.9717 0
      vertex 30.5206 24.5825 0
      vertex 30.5206 24.9717 0
    endloop
  endfacet
  facet normal 0 0 -1
    outer loop
      vertex 34.5859 25.8701 0
      vertex 34.64 25.9819 0
      vertex 34.6353 25.9553 0
    endloop
  endfacet
  facet normal 0 0 -1
    outer loop
      vertex 34.5859 25.8701 0
      vertex 34.6353 25.9553 0
      vertex 34.6276 25.9309 0
    endloop
  endfacet
  facet normal 0 0 -1
    outer loop
      vertex 34.566 25.8529 0
      vertex 34.64 25.9819 0
      vertex 34.5859 25.8701 0
    endloop
  endfacet
  facet normal 0 0 -1
    outer loop
      vertex 34.6029 25.8886 0
      vertex 34.6276 25.9309 0
      vertex 34.6168 25.9086 0
    endloop
  endfacet
  facet normal 0 0 -1
    outer loop
      vertex 34.6276 25.9309 0
      vertex 34.6029 25.8886 0
      vertex 34.5859 25.8701 0
    endloop
  endfacet
  facet normal -0 0 -1
    outer loop
      vertex 34.64 25.9819 0
      vertex 34.566 25.8529 0
      vertex 34.6415 26.0106 0
    endloop
  endfacet
  facet normal 0 0 -1
    outer loop
      vertex 34.5107 26.202 0
      vertex 34.6415 26.0106 0
      vertex 34.566 25.8529 0
    endloop
  endfacet
  facet normal 0 0 -1
    outer loop
      vertex 34.6415 26.0106 0
      vertex 34.5834 26.1565 0
      vertex 34.627 26.0927 0
    endloop
  endfacet
  facet normal 0 0 -1
    outer loop
      vertex 34.5107 26.202 0
      vertex 34.566 25.8529 0
      vertex 34.5431 25.8367 0
    endloop
  endfacet
  facet normal 0 0 -1
    outer loop
      vertex 34.5107 26.202 0
      vertex 34.5431 25.8367 0
      vertex 34.5172 25.8217 0
    endloop
  endfacet
  facet normal 0 0 -1
    outer loop
      vertex 34.6415 26.0106 0
      vertex 34.5107 26.202 0
      vertex 34.5834 26.1565 0
    endloop
  endfacet
  facet normal 0 0 -1
    outer loop
      vertex 34.4883 25.8079 0
      vertex 34.5107 26.202 0
      vertex 34.5172 25.8217 0
    endloop
  endfacet
  facet normal 0 0 -1
    outer loop
      vertex 34.4089 26.2294 0
      vertex 34.4883 25.8079 0
      vertex 34.4517 25.7939 0
    endloop
  endfacet
  facet normal 0 0 -1
    outer loop
      vertex 34.4883 25.8079 0
      vertex 34.4089 26.2294 0
      vertex 34.5107 26.202 0
    endloop
  endfacet
  facet normal 0 0 -1
    outer loop
      vertex 34.4026 25.7786 0
      vertex 34.4089 26.2294 0
      vertex 34.4517 25.7939 0
    endloop
  endfacet
  facet normal 0 0 -1
    outer loop
      vertex 34.2781 26.2385 0
      vertex 34.4026 25.7786 0
      vertex 34.341 25.7619 0
    endloop
  endfacet
  facet normal 0 0 -1
    outer loop
      vertex 34.4026 25.7786 0
      vertex 34.2781 26.2385 0
      vertex 34.4089 26.2294 0
    endloop
  endfacet
  facet normal 0 0 -1
    outer loop
      vertex 34.2129 26.236 0
      vertex 34.341 25.7619 0
      vertex 34.2669 25.7438 0
    endloop
  endfacet
  facet normal 0 0 -1
    outer loop
      vertex 34.341 25.7619 0
      vertex 34.2129 26.236 0
      vertex 34.2781 26.2385 0
    endloop
  endfacet
  facet normal 0 0 -1
    outer loop
      vertex 34.1016 26.216 0
      vertex 34.2669 25.7438 0
      vertex 34.1804 25.7244 0
    endloop
  endfacet
  facet normal 0 0 -1
    outer loop
      vertex 34.2669 25.7438 0
      vertex 34.154 26.2285 0
      vertex 34.2129 26.236 0
    endloop
  endfacet
  facet normal 0 0 -1
    outer loop
      vertex 34.2669 25.7438 0
      vertex 34.1016 26.216 0
      vertex 34.154 26.2285 0
    endloop
  endfacet
  facet normal 0 0 -1
    outer loop
      vertex 33.8942 25.9903 0
      vertex 34.1804 25.7244 0
      vertex 34.0765 25.7015 0
    endloop
  endfacet
  facet normal 0 0 -1
    outer loop
      vertex 34.1804 25.7244 0
      vertex 34.0554 26.1985 0
      vertex 34.1016 26.216 0
    endloop
  endfacet
  facet normal 0 0 -1
    outer loop
      vertex 34.1804 25.7244 0
      vertex 34.0156 26.1761 0
      vertex 34.0554 26.1985 0
    endloop
  endfacet
  facet normal 0 0 -1
    outer loop
      vertex 33.8942 25.9903 0
      vertex 34.0765 25.7015 0
      vertex 33.9852 25.6792 0
    endloop
  endfacet
  facet normal 0 0 -1
    outer loop
      vertex 34.1804 25.7244 0
      vertex 33.8942 25.9903 0
      vertex 33.9086 26.0372 0
    endloop
  endfacet
  facet normal 0 0 -1
    outer loop
      vertex 34.1804 25.7244 0
      vertex 33.9815 26.1487 0
      vertex 34.0156 26.1761 0
    endloop
  endfacet
  facet normal 0 0 -1
    outer loop
      vertex 34.1804 25.7244 0
      vertex 33.9523 26.1164 0
      vertex 33.9815 26.1487 0
    endloop
  endfacet
  facet normal 0 0 -1
    outer loop
      vertex 34.1804 25.7244 0
      vertex 33.928 26.0792 0
      vertex 33.9523 26.1164 0
    endloop
  endfacet
  facet normal 0 0 -1
    outer loop
      vertex 33.8942 25.9903 0
      vertex 33.9852 25.6792 0
      vertex 33.9064 25.6576 0
    endloop
  endfacet
  facet normal 0 0 -1
    outer loop
      vertex 34.1804 25.7244 0
      vertex 33.9086 26.0372 0
      vertex 33.928 26.0792 0
    endloop
  endfacet
  facet normal 0 0 -1
    outer loop
      vertex 33.8402 25.6368 0
      vertex 33.8942 25.9903 0
      vertex 33.9064 25.6576 0
    endloop
  endfacet
  facet normal 0 0 -1
    outer loop
      vertex 33.7864 25.6166 0
      vertex 33.8942 25.9903 0
      vertex 33.8402 25.6368 0
    endloop
  endfacet
  facet normal 0 0 -1
    outer loop
      vertex 33.5063 26.0432 0
      vertex 33.7864 25.6166 0
      vertex 33.7409 25.5962 0
    endloop
  endfacet
  facet normal 0 0 -1
    outer loop
      vertex 33.5063 26.0432 0
      vertex 33.7409 25.5962 0
      vertex 33.6994 25.5744 0
    endloop
  endfacet
  facet normal 0 0 -1
    outer loop
      vertex 33.5063 26.0432 0
      vertex 33.6994 25.5744 0
      vertex 33.6618 25.5514 0
    endloop
  endfacet
  facet normal 0 0 -1
    outer loop
      vertex 33.5063 26.0432 0
      vertex 33.6618 25.5514 0
      vertex 33.6282 25.527 0
    endloop
  endfacet
  facet normal 0 0 -1
    outer loop
      vertex 33.5063 26.0432 0
      vertex 33.6282 25.527 0
      vertex 33.5986 25.5013 0
    endloop
  endfacet
  facet normal 0 0 -1
    outer loop
      vertex 33.5063 26.0432 0
      vertex 33.5986 25.5013 0
      vertex 33.5722 25.474 0
    endloop
  endfacet
  facet normal 0 0 -1
    outer loop
      vertex 33.5063 26.0432 0
      vertex 33.5722 25.474 0
      vertex 33.5485 25.4446 0
    endloop
  endfacet
  facet normal 0 0 -1
    outer loop
      vertex 33.5063 26.0432 0
      vertex 33.5485 25.4446 0
      vertex 33.5273 25.4131 0
    endloop
  endfacet
  facet normal 0 0 -1
    outer loop
      vertex 33.7864 25.6166 0
      vertex 33.5063 26.0432 0
      vertex 33.8942 25.9903 0
    endloop
  endfacet
  facet normal 0 0 -1
    outer loop
      vertex 33.5087 25.3796 0
      vertex 33.5063 26.0432 0
      vertex 33.5273 25.4131 0
    endloop
  endfacet
  facet normal 0 -0 -1
    outer loop
      vertex 33.5063 26.0432 0
      vertex 33.5087 25.3796 0
      vertex 33.4928 25.344 0
    endloop
  endfacet
  facet normal 0 0 -1
    outer loop
      vertex 34.9607 26.2547 0
      vertex 50.8 35.0967 0
      vertex 34.9996 26.1754 0
    endloop
  endfacet
  facet normal 0 0 -1
    outer loop
      vertex 35.1203 25.0803 0
      vertex 35.0297 25.9478 0
      vertex 35.0308 25.9876 0
    endloop
  endfacet
  facet normal 0 0 -1
    outer loop
      vertex 35.1203 25.0803 0
      vertex 35.0265 25.9099 0
      vertex 35.0297 25.9478 0
    endloop
  endfacet
  facet normal 0 0 -1
    outer loop
      vertex 35.1203 25.0803 0
      vertex 35.0212 25.8738 0
      vertex 35.0265 25.9099 0
    endloop
  endfacet
  facet normal 0 0 -1
    outer loop
      vertex 35.1203 25.0803 0
      vertex 35.0138 25.8396 0
      vertex 35.0212 25.8738 0
    endloop
  endfacet
  facet normal 0 0 -1
    outer loop
      vertex 35.1203 25.0803 0
      vertex 35.0043 25.8072 0
      vertex 35.0138 25.8396 0
    endloop
  endfacet
  facet normal 0 0 -1
    outer loop
      vertex 35.1203 25.0803 0
      vertex 34.9929 25.7765 0
      vertex 35.0043 25.8072 0
    endloop
  endfacet
  facet normal 0 0 -1
    outer loop
      vertex 35.1203 25.0803 0
      vertex 34.9798 25.7475 0
      vertex 34.9929 25.7765 0
    endloop
  endfacet
  facet normal 0 0 -1
    outer loop
      vertex 35.1203 25.0803 0
      vertex 34.965 25.7201 0
      vertex 34.9798 25.7475 0
    endloop
  endfacet
  facet normal 0 0 -1
    outer loop
      vertex 35.1203 25.0803 0
      vertex 34.9486 25.6944 0
      vertex 34.965 25.7201 0
    endloop
  endfacet
  facet normal 0 0 -1
    outer loop
      vertex 35.1203 25.0803 0
      vertex 34.9304 25.6702 0
      vertex 34.9486 25.6944 0
    endloop
  endfacet
  facet normal 0 0 -1
    outer loop
      vertex 35.1203 25.0803 0
      vertex 34.9106 25.6476 0
      vertex 34.9304 25.6702 0
    endloop
  endfacet
  facet normal 0 0 -1
    outer loop
      vertex 35.1203 25.0803 0
      vertex 34.8892 25.6263 0
      vertex 34.9106 25.6476 0
    endloop
  endfacet
  facet normal 0 0 -1
    outer loop
      vertex 35.1203 25.0803 0
      vertex 34.8661 25.6063 0
      vertex 34.8892 25.6263 0
    endloop
  endfacet
  facet normal 0 0 -1
    outer loop
      vertex 35.1203 25.0803 0
      vertex 34.8415 25.5877 0
      vertex 34.8661 25.6063 0
    endloop
  endfacet
  facet normal 0 0 -1
    outer loop
      vertex 35.1203 25.0803 0
      vertex 34.8151 25.5705 0
      vertex 34.8415 25.5877 0
    endloop
  endfacet
  facet normal 0 0 -1
    outer loop
      vertex 34.7337 25.144 0
      vertex 34.8151 25.5705 0
      vertex 35.1203 25.0803 0
    endloop
  endfacet
  facet normal 0 0 -1
    outer loop
      vertex 34.8151 25.5705 0
      vertex 34.7337 25.144 0
      vertex 34.7874 25.5544 0
    endloop
  endfacet
  facet normal 0 0 -1
    outer loop
      vertex 34.7874 25.5544 0
      vertex 34.7337 25.144 0
      vertex 34.7583 25.5392 0
    endloop
  endfacet
  facet normal 0 0 -1
    outer loop
      vertex 34.7337 25.144 0
      vertex 34.7279 25.5248 0
      vertex 34.7583 25.5392 0
    endloop
  endfacet
  facet normal 0 0 -1
    outer loop
      vertex 34.4454 25.4372 0
      vertex 34.7337 25.144 0
      vertex 34.715 25.0866 0
    endloop
  endfacet
  facet normal 0 0 -1
    outer loop
      vertex 34.7337 25.144 0
      vertex 34.6962 25.5113 0
      vertex 34.7279 25.5248 0
    endloop
  endfacet
  facet normal 0 0 -1
    outer loop
      vertex 34.4454 25.4372 0
      vertex 34.715 25.0866 0
      vertex 34.6904 25.0358 0
    endloop
  endfacet
  facet normal 0 0 -1
    outer loop
      vertex 34.7337 25.144 0
      vertex 34.6632 25.4986 0
      vertex 34.6962 25.5113 0
    endloop
  endfacet
  facet normal 0 0 -1
    outer loop
      vertex 34.3648 25.418 0
      vertex 34.6904 25.0358 0
      vertex 34.6597 24.9917 0
    endloop
  endfacet
  facet normal 0 0 -1
    outer loop
      vertex 34.7337 25.144 0
      vertex 34.6244 25.4856 0
      vertex 34.6632 25.4986 0
    endloop
  endfacet
  facet normal 0 0 -1
    outer loop
      vertex 34.3648 25.418 0
      vertex 34.6597 24.9917 0
      vertex 34.6231 24.9543 0
    endloop
  endfacet
  facet normal 0 0 -1
    outer loop
      vertex 34.3648 25.418 0
      vertex 34.6231 24.9543 0
      vertex 34.5805 24.9236 0
    endloop
  endfacet
  facet normal 0 0 -1
    outer loop
      vertex 34.7337 25.144 0
      vertex 34.5751 25.4711 0
      vertex 34.6244 25.4856 0
    endloop
  endfacet
  facet normal 0 0 -1
    outer loop
      vertex 34.3648 25.418 0
      vertex 34.5805 24.9236 0
      vertex 34.5314 24.8989 0
    endloop
  endfacet
  facet normal 0 0 -1
    outer loop
      vertex 34.7337 25.144 0
      vertex 34.5154 25.4549 0
      vertex 34.5751 25.4711 0
    endloop
  endfacet
  facet normal 0 0 -1
    outer loop
      vertex 34.3648 25.418 0
      vertex 34.5314 24.8989 0
      vertex 34.4753 24.8798 0
    endloop
  endfacet
  facet normal 0 0 -1
    outer loop
      vertex 34.7337 25.144 0
      vertex 34.4454 25.4372 0
      vertex 34.5154 25.4549 0
    endloop
  endfacet
  facet normal 0 0 -1
    outer loop
      vertex 34.3648 25.418 0
      vertex 34.4753 24.8798 0
      vertex 34.412 24.8661 0
    endloop
  endfacet
  facet normal 0 0 -1
    outer loop
      vertex 34.6904 25.0358 0
      vertex 34.3648 25.418 0
      vertex 34.4454 25.4372 0
    endloop
  endfacet
  facet normal 0 0 -1
    outer loop
      vertex 34.272 25.3985 0
      vertex 34.412 24.8661 0
      vertex 34.3418 24.8578 0
    endloop
  endfacet
  facet normal 0 0 -1
    outer loop
      vertex 34.412 24.8661 0
      vertex 34.272 25.3985 0
      vertex 34.3648 25.418 0
    endloop
  endfacet
  facet normal 0 0 -1
    outer loop
      vertex 34.2645 24.8551 0
      vertex 34.272 25.3985 0
      vertex 34.3418 24.8578 0
    endloop
  endfacet
  facet normal 0 0 -1
    outer loop
      vertex 34.2645 24.8551 0
      vertex 34.192 25.3802 0
      vertex 34.272 25.3985 0
    endloop
  endfacet
  facet normal 0 0 -1
    outer loop
      vertex 34.2645 24.8551 0
      vertex 34.1249 25.3631 0
      vertex 34.192 25.3802 0
    endloop
  endfacet
  facet normal 0 0 -1
    outer loop
      vertex 34.1136 24.8653 0
      vertex 34.1249 25.3631 0
      vertex 34.2645 24.8551 0
    endloop
  endfacet
  facet normal 0 0 -1
    outer loop
      vertex 34.1136 24.8653 0
      vertex 34.0706 25.3472 0
      vertex 34.1249 25.3631 0
    endloop
  endfacet
  facet normal 0 0 -1
    outer loop
      vertex 34.1136 24.8653 0
      vertex 34.0292 25.3325 0
      vertex 34.0706 25.3472 0
    endloop
  endfacet
  facet normal 0 0 -1
    outer loop
      vertex 33.9963 24.8959 0
      vertex 34.0292 25.3325 0
      vertex 34.1136 24.8653 0
    endloop
  endfacet
  facet normal 0 0 -1
    outer loop
      vertex 33.9963 24.8959 0
      vertex 33.9958 25.3177 0
      vertex 34.0292 25.3325 0
    endloop
  endfacet
  facet normal 0 0 -1
    outer loop
      vertex 33.9963 24.8959 0
      vertex 33.9655 25.3015 0
      vertex 33.9958 25.3177 0
    endloop
  endfacet
  facet normal 0 0 -1
    outer loop
      vertex 33.9963 24.8959 0
      vertex 33.9384 25.2838 0
      vertex 33.9655 25.3015 0
    endloop
  endfacet
  facet normal 0 0 -1
    outer loop
      vertex 33.9125 24.9469 0
      vertex 33.9384 25.2838 0
      vertex 33.9963 24.8959 0
    endloop
  endfacet
  facet normal 0 0 -1
    outer loop
      vertex 33.8454 25.1101 0
      vertex 33.9384 25.2838 0
      vertex 33.9125 24.9469 0
    endloop
  endfacet
  facet normal 0 0 -1
    outer loop
      vertex 33.9384 25.2838 0
      vertex 33.8454 25.1101 0
      vertex 33.9144 25.2648 0
    endloop
  endfacet
  facet normal 0 -0 -1
    outer loop
      vertex 33.8473 25.1415 0
      vertex 33.9144 25.2648 0
      vertex 33.8454 25.1101 0
    endloop
  endfacet
  facet normal 0 0 -1
    outer loop
      vertex 33.9144 25.2648 0
      vertex 33.8473 25.1415 0
      vertex 33.8936 25.2443 0
    endloop
  endfacet
  facet normal 0 0 -1
    outer loop
      vertex 33.8454 25.1101 0
      vertex 33.9125 24.9469 0
      vertex 33.8622 25.0183 0
    endloop
  endfacet
  facet normal 0 0 -1
    outer loop
      vertex 33.8936 25.2443 0
      vertex 33.8473 25.1415 0
      vertex 33.8762 25.2221 0
    endloop
  endfacet
  facet normal 0 0 -1
    outer loop
      vertex 33.8762 25.2221 0
      vertex 33.8473 25.1415 0
      vertex 33.8627 25.1975 0
    endloop
  endfacet
  facet normal 0 0 -1
    outer loop
      vertex 33.8627 25.1975 0
      vertex 33.8473 25.1415 0
      vertex 33.8531 25.1706 0
    endloop
  endfacet
  facet normal 0 0 -1
    outer loop
      vertex 43.25 6.14999 0
      vertex 50.8 9.69667 0
      vertex 50.8 0 0
    endloop
  endfacet
  facet normal -0 0 -1
    outer loop
      vertex 50.8 9.69667 0
      vertex 43.25 6.14999 0
      vertex 50.8 15.7033 0
    endloop
  endfacet
  facet normal 0 0 -1
    outer loop
      vertex 34.8518 24.6856 0
      vertex 50.8 15.7033 0
      vertex 43.25 6.14999 0
    endloop
  endfacet
  facet normal 0 -0 -1
    outer loop
      vertex 35.1203 25.0803 0
      vertex 50.8 15.7033 0
      vertex 35.0904 24.9798 0
    endloop
  endfacet
  facet normal 0 0 -1
    outer loop
      vertex 35.0308 25.9876 0
      vertex 50.8 35.0967 0
      vertex 35.1203 25.0803 0
    endloop
  endfacet
  facet normal 0 -0 -1
    outer loop
      vertex 43.25 6.14999 0
      vertex 50.8 0 0
      vertex 41.2532 0 0
    endloop
  endfacet
  facet normal 0 0 -1
    outer loop
      vertex 50.8 9.69667 0
      vertex 56.8 17.7 0
      vertex 56.8 7.7 0
    endloop
  endfacet
  facet normal 0 0 -1
    outer loop
      vertex 56.8 17.7 0
      vertex 50.8 9.69667 0
      vertex 50.8 15.7033 0
    endloop
  endfacet
  facet normal 0 0 -1
    outer loop
      vertex 50.8 35.0967 0
      vertex 56.8 43.1 0
      vertex 56.8 33.1 0
    endloop
  endfacet
  facet normal 0 0 -1
    outer loop
      vertex 56.8 43.1 0
      vertex 50.8 35.0967 0
      vertex 50.8 41.1033 0
    endloop
  endfacet
  facet normal 0 0 -1
    outer loop
      vertex 35.023 26.0863 0
      vertex 50.8 35.0967 0
      vertex 35.0308 25.9876 0
    endloop
  endfacet
  facet normal 0 0 -1
    outer loop
      vertex 50.8 41.1033 0
      vertex 41.1033 50.8 0
      vertex 50.8 50.8 0
    endloop
  endfacet
  facet normal 0 0 -1
    outer loop
      vertex 50.8 15.7033 0
      vertex 35.1203 25.0803 0
      vertex 50.8 35.0967 0
    endloop
  endfacet
  facet normal 0 0 -1
    outer loop
      vertex 50.8 15.7033 0
      vertex 35.0487 24.8902 0
      vertex 35.0904 24.9798 0
    endloop
  endfacet
  facet normal 0 0 -1
    outer loop
      vertex 50.8 15.7033 0
      vertex 34.995 24.8112 0
      vertex 35.0487 24.8902 0
    endloop
  endfacet
  facet normal 0 0 -1
    outer loop
      vertex 50.8 15.7033 0
      vertex 34.9293 24.743 0
      vertex 34.995 24.8112 0
    endloop
  endfacet
  facet normal 0 0 -1
    outer loop
      vertex 50.8 15.7033 0
      vertex 34.8518 24.6856 0
      vertex 34.9293 24.743 0
    endloop
  endfacet
  facet normal 0 0 -1
    outer loop
      vertex 43.25 6.14999 0
      vertex 34.7618 24.6387 0
      vertex 34.8518 24.6856 0
    endloop
  endfacet
  facet normal 0 0 -1
    outer loop
      vertex 43.25 6.14999 0
      vertex 34.6593 24.6023 0
      vertex 34.7618 24.6387 0
    endloop
  endfacet
  facet normal 0 0 -1
    outer loop
      vertex 32.95 6.14999 0
      vertex 34.6593 24.6023 0
      vertex 43.25 6.14999 0
    endloop
  endfacet
  facet normal 0 0 -1
    outer loop
      vertex 34.6593 24.6023 0
      vertex 32.95 6.14999 0
      vertex 34.544 24.5762 0
    endloop
  endfacet
  facet normal 0 0 -1
    outer loop
      vertex 34.544 24.5762 0
      vertex 32.95 6.14999 0
      vertex 34.416 24.5606 0
    endloop
  endfacet
  facet normal 0 0 -1
    outer loop
      vertex 34.416 24.5606 0
      vertex 32.95 6.14999 0
      vertex 34.2754 24.5554 0
    endloop
  endfacet
  facet normal -0 0 -1
    outer loop
      vertex 34.2754 24.5554 0
      vertex 32.95 6.14999 0
      vertex 34.122 24.5613 0
    endloop
  endfacet
  facet normal 0 -0 -1
    outer loop
      vertex 33.2052 24.5825 0
      vertex 34.122 24.5613 0
      vertex 32.95 6.14999 0
    endloop
  endfacet
  facet normal 0 0 -1
    outer loop
      vertex 34.122 24.5613 0
      vertex 33.2052 24.5825 0
      vertex 33.9842 24.5792 0
    endloop
  endfacet
  facet normal 0 0 -1
    outer loop
      vertex 33.9842 24.5792 0
      vertex 33.2052 24.5825 0
      vertex 33.8621 24.6088 0
    endloop
  endfacet
  facet normal -0 0 -1
    outer loop
      vertex 33.8621 24.6088 0
      vertex 33.2052 24.5825 0
      vertex 33.7554 24.6504 0
    endloop
  endfacet
  facet normal -0 0 -1
    outer loop
      vertex 33.7554 24.6504 0
      vertex 33.2052 24.5825 0
      vertex 33.6644 24.7039 0
    endloop
  endfacet
  facet normal -0 0 -1
    outer loop
      vertex 33.4645 25.0261 0
      vertex 33.2052 24.5825 0
      vertex 33.4562 25.1332 0
    endloop
  endfacet
  facet normal -0 0 -1
    outer loop
      vertex 33.4895 24.9297 0
      vertex 33.2052 24.5825 0
      vertex 33.4645 25.0261 0
    endloop
  endfacet
  facet normal -0 0 -1
    outer loop
      vertex 33.5311 24.8439 0
      vertex 33.2052 24.5825 0
      vertex 33.4895 24.9297 0
    endloop
  endfacet
  facet normal -0 0 -1
    outer loop
      vertex 33.5894 24.7686 0
      vertex 33.2052 24.5825 0
      vertex 33.5311 24.8439 0
    endloop
  endfacet
  facet normal -0 0 -1
    outer loop
      vertex 33.6644 24.7039 0
      vertex 33.2052 24.5825 0
      vertex 33.5894 24.7686 0
    endloop
  endfacet
  facet normal -0 0 -1
    outer loop
      vertex 33.2052 24.5825 0
      vertex 32.95 6.14999 0
      vertex 32.8051 24.5825 0
    endloop
  endfacet
  facet normal 0 0 -1
    outer loop
      vertex 34.9996 26.1754 0
      vertex 50.8 35.0967 0
      vertex 35.023 26.0863 0
    endloop
  endfacet
  facet normal 0 0 -1
    outer loop
      vertex 35.0967 50.8 0
      vertex 43.1 56.8 0
      vertex 41.1033 50.8 0
    endloop
  endfacet
  facet normal -0 0 -1
    outer loop
      vertex 43.1 56.8 0
      vertex 35.0967 50.8 0
      vertex 33.1 56.8 0
    endloop
  endfacet
  facet normal 0 0 -1
    outer loop
      vertex 34.9062 26.3243 0
      vertex 50.8 35.0967 0
      vertex 34.9607 26.2547 0
    endloop
  endfacet
  facet normal 0 0 -1
    outer loop
      vertex 34.8361 26.3843 0
      vertex 50.8 35.0967 0
      vertex 34.9062 26.3243 0
    endloop
  endfacet
  facet normal 0 0 -1
    outer loop
      vertex 34.7512 26.4338 0
      vertex 50.8 35.0967 0
      vertex 34.8361 26.3843 0
    endloop
  endfacet
  facet normal 0 0 -1
    outer loop
      vertex 34.6521 26.4724 0
      vertex 50.8 35.0967 0
      vertex 34.7512 26.4338 0
    endloop
  endfacet
  facet normal -0 0 -1
    outer loop
      vertex 50.8 35.0967 0
      vertex 34.6521 26.4724 0
      vertex 50.8 41.1033 0
    endloop
  endfacet
  facet normal -0 0 -1
    outer loop
      vertex 50.8 41.1033 0
      vertex 34.6521 26.4724 0
      vertex 41.1033 50.8 0
    endloop
  endfacet
  facet normal -0 0 -1
    outer loop
      vertex 41.1033 50.8 0
      vertex 34.6521 26.4724 0
      vertex 35.0967 50.8 0
    endloop
  endfacet
  facet normal 0 0 -1
    outer loop
      vertex 34.5389 26.4999 0
      vertex 35.0967 50.8 0
      vertex 34.6521 26.4724 0
    endloop
  endfacet
  facet normal 0 0 -1
    outer loop
      vertex 34.4115 26.5164 0
      vertex 35.0967 50.8 0
      vertex 34.5389 26.4999 0
    endloop
  endfacet
  facet normal 0 0 -1
    outer loop
      vertex 34.2699 26.5219 0
      vertex 35.0967 50.8 0
      vertex 34.4115 26.5164 0
    endloop
  endfacet
  facet normal 0 0 -1
    outer loop
      vertex 34.1349 26.5175 0
      vertex 35.0967 50.8 0
      vertex 34.2699 26.5219 0
    endloop
  endfacet
  facet normal 0 0 -1
    outer loop
      vertex 33.2052 26.4934 0
      vertex 34.1349 26.5175 0
      vertex 34.014 26.5041 0
    endloop
  endfacet
  facet normal 0 0 -1
    outer loop
      vertex 33.2052 26.4934 0
      vertex 34.014 26.5041 0
      vertex 33.9072 26.4819 0
    endloop
  endfacet
  facet normal 0 0 -1
    outer loop
      vertex 33.2052 26.4934 0
      vertex 33.9072 26.4819 0
      vertex 33.8147 26.4508 0
    endloop
  endfacet
  facet normal 0 0 -1
    outer loop
      vertex 33.2052 26.4934 0
      vertex 33.8147 26.4508 0
      vertex 33.7362 26.4107 0
    endloop
  endfacet
  facet normal 0 0 -1
    outer loop
      vertex 33.2052 26.4934 0
      vertex 33.7362 26.4107 0
      vertex 33.67 26.3604 0
    endloop
  endfacet
  facet normal 0 0 -1
    outer loop
      vertex 33.2052 26.4934 0
      vertex 33.67 26.3604 0
      vertex 33.6139 26.2985 0
    endloop
  endfacet
  facet normal 0 0 -1
    outer loop
      vertex 33.2052 26.4934 0
      vertex 33.6139 26.2985 0
      vertex 33.5679 26.225 0
    endloop
  endfacet
  facet normal 0 0 -1
    outer loop
      vertex 33.2052 26.4934 0
      vertex 33.5679 26.225 0
      vertex 33.532 26.1399 0
    endloop
  endfacet
  facet normal 0 0 -1
    outer loop
      vertex 33.2052 26.4934 0
      vertex 33.532 26.1399 0
      vertex 33.5063 26.0432 0
    endloop
  endfacet
  facet normal 0 0 -1
    outer loop
      vertex 33.2052 26.4934 0
      vertex 33.4928 25.344 0
      vertex 33.4796 25.3063 0
    endloop
  endfacet
  facet normal 0 0 -1
    outer loop
      vertex 33.2052 26.4934 0
      vertex 33.4796 25.3063 0
      vertex 33.4694 25.2663 0
    endloop
  endfacet
  facet normal 0 0 -1
    outer loop
      vertex 33.2052 26.4934 0
      vertex 33.4694 25.2663 0
      vertex 33.462 25.2242 0
    endloop
  endfacet
  facet normal 0 0 -1
    outer loop
      vertex 33.2052 24.5825 0
      vertex 33.462 25.2242 0
      vertex 33.4576 25.1798 0
    endloop
  endfacet
  facet normal 0 0 -1
    outer loop
      vertex 33.2052 24.5825 0
      vertex 33.4576 25.1798 0
      vertex 33.4562 25.1332 0
    endloop
  endfacet
  facet normal -0 0 -1
    outer loop
      vertex 33.462 25.2242 0
      vertex 33.2052 24.5825 0
      vertex 33.2052 26.4934 0
    endloop
  endfacet
  facet normal 0 0 -1
    outer loop
      vertex 33.4928 25.344 0
      vertex 33.2052 26.4934 0
      vertex 33.5063 26.0432 0
    endloop
  endfacet
  facet normal -0 0 -1
    outer loop
      vertex 34.1349 26.5175 0
      vertex 33.2052 26.4934 0
      vertex 35.0967 50.8 0
    endloop
  endfacet
  facet normal 0 0 -1
    outer loop
      vertex 32.8051 26.4934 0
      vertex 35.0967 50.8 0
      vertex 33.2052 26.4934 0
    endloop
  endfacet
  facet normal 0 0 -1
    outer loop
      vertex 31.9439 26.4934 0
      vertex 35.0967 50.8 0
      vertex 32.8051 26.4934 0
    endloop
  endfacet
  facet normal 0 0 -1
    outer loop
      vertex 31.4773 26.4934 0
      vertex 35.0967 50.8 0
      vertex 31.9439 26.4934 0
    endloop
  endfacet
  facet normal 0 0 -1
    outer loop
      vertex 32.2938 25.6851 0
      vertex 31.3899 24.9717 0
      vertex 31.3899 25.2579 0
    endloop
  endfacet
  facet normal -0 0 -1
    outer loop
      vertex 32.2938 25.6851 0
      vertex 31.3899 25.2579 0
      vertex 31.4773 26.4934 0
    endloop
  endfacet
  facet normal 0 0 -1
    outer loop
      vertex 30.5829 26.4934 0
      vertex 31.4773 26.4934 0
      vertex 31.3899 25.2579 0
    endloop
  endfacet
  facet normal 0 0 -1
    outer loop
      vertex 30.5829 26.4934 0
      vertex 35.0967 50.8 0
      vertex 31.4773 26.4934 0
    endloop
  endfacet
  facet normal 0 0 -1
    outer loop
      vertex 30.1571 26.4934 0
      vertex 35.0967 50.8 0
      vertex 30.5829 26.4934 0
    endloop
  endfacet
  facet normal 0 0 -1
    outer loop
      vertex 30.1571 25.2552 0
      vertex 29.8108 25.9767 0
      vertex 30.1571 26.4934 0
    endloop
  endfacet
  facet normal 0 0 -1
    outer loop
      vertex 29.7947 24.9123 0
      vertex 29.9021 24.9717 0
      vertex 29.827 24.847 0
    endloop
  endfacet
  facet normal 0 0 -1
    outer loop
      vertex 29.7573 24.977 0
      vertex 29.9021 24.9717 0
      vertex 29.7947 24.9123 0
    endloop
  endfacet
  facet normal 0 0 -1
    outer loop
      vertex 29.7924 26.078 0
      vertex 30.1571 26.4934 0
      vertex 29.8108 25.9767 0
    endloop
  endfacet
  facet normal 0 0 -1
    outer loop
      vertex 29.7633 26.1692 0
      vertex 30.1571 26.4934 0
      vertex 29.7924 26.078 0
    endloop
  endfacet
  facet normal 0 0 -1
    outer loop
      vertex 29.7236 26.2503 0
      vertex 30.1571 26.4934 0
      vertex 29.7633 26.1692 0
    endloop
  endfacet
  facet normal 0 0 -1
    outer loop
      vertex 29.6732 26.3213 0
      vertex 30.1571 26.4934 0
      vertex 29.7236 26.2503 0
    endloop
  endfacet
  facet normal 0 0 -1
    outer loop
      vertex 29.6121 26.3822 0
      vertex 30.1571 26.4934 0
      vertex 29.6732 26.3213 0
    endloop
  endfacet
  facet normal 0 0 -1
    outer loop
      vertex 29.5408 26.4325 0
      vertex 30.1571 26.4934 0
      vertex 29.6121 26.3822 0
    endloop
  endfacet
  facet normal 0 0 -1
    outer loop
      vertex 29.4599 26.4716 0
      vertex 30.1571 26.4934 0
      vertex 29.5408 26.4325 0
    endloop
  endfacet
  facet normal 0 0 -1
    outer loop
      vertex 29.3695 26.4996 0
      vertex 30.1571 26.4934 0
      vertex 29.4599 26.4716 0
    endloop
  endfacet
  facet normal 0 0 -1
    outer loop
      vertex 29.2694 26.5163 0
      vertex 30.1571 26.4934 0
      vertex 29.3695 26.4996 0
    endloop
  endfacet
  facet normal 0 0 -1
    outer loop
      vertex 30.1571 26.4934 0
      vertex 29.2694 26.5163 0
      vertex 35.0967 50.8 0
    endloop
  endfacet
  facet normal 0 0 -1
    outer loop
      vertex 29.1597 26.5219 0
      vertex 35.0967 50.8 0
      vertex 29.2694 26.5163 0
    endloop
  endfacet
  facet normal 0 0 -1
    outer loop
      vertex 29.0418 26.5163 0
      vertex 35.0967 50.8 0
      vertex 29.1597 26.5219 0
    endloop
  endfacet
  facet normal 0 0 -1
    outer loop
      vertex 27.1269 26.5798 0
      vertex 29.0418 26.5163 0
      vertex 28.9354 26.4994 0
    endloop
  endfacet
  facet normal 0 0 -1
    outer loop
      vertex 27.1912 26.5605 0
      vertex 28.9354 26.4994 0
      vertex 28.8404 26.4712 0
    endloop
  endfacet
  facet normal 0 0 -1
    outer loop
      vertex 27.2467 26.5335 0
      vertex 28.8404 26.4712 0
      vertex 28.757 26.4316 0
    endloop
  endfacet
  facet normal 0 0 -1
    outer loop
      vertex 27.2934 26.4989 0
      vertex 28.757 26.4316 0
      vertex 28.685 26.3809 0
    endloop
  endfacet
  facet normal 0 0 -1
    outer loop
      vertex 27.3315 26.4562 0
      vertex 28.685 26.3809 0
      vertex 28.6255 26.3199 0
    endloop
  endfacet
  facet normal 0 0 -1
    outer loop
      vertex 27.3612 26.4053 0
      vertex 28.6255 26.3199 0
      vertex 28.5792 26.2498 0
    endloop
  endfacet
  facet normal 0 0 -1
    outer loop
      vertex 27.6135 26.0499 0
      vertex 28.5792 26.2498 0
      vertex 28.5461 26.1706 0
    endloop
  endfacet
  facet normal 0 0 -1
    outer loop
      vertex 27.6135 26.0499 0
      vertex 28.5217 25.9322 0
      vertex 27.6135 25.7923 0
    endloop
  endfacet
  facet normal 0 0 -1
    outer loop
      vertex 28.5217 25.9322 0
      vertex 27.6135 26.0499 0
      vertex 28.5196 25.9849 0
    endloop
  endfacet
  facet normal 0 0 -1
    outer loop
      vertex 28.5196 25.9849 0
      vertex 27.6135 26.0499 0
      vertex 28.5262 26.0823 0
    endloop
  endfacet
  facet normal -0 0 -1
    outer loop
      vertex 28.5262 26.0823 0
      vertex 27.6135 26.0499 0
      vertex 28.5461 26.1706 0
    endloop
  endfacet
  facet normal 0 0 -1
    outer loop
      vertex 27.3823 26.3462 0
      vertex 28.5792 26.2498 0
      vertex 27.6135 26.0499 0
    endloop
  endfacet
  facet normal 0 0 -1
    outer loop
      vertex 27.3992 26.2032 0
      vertex 27.6135 26.0499 0
      vertex 27.3992 26.0499 0
    endloop
  endfacet
  facet normal 0 0 -1
    outer loop
      vertex 27.395 26.2788 0
      vertex 27.6135 26.0499 0
      vertex 27.3992 26.2032 0
    endloop
  endfacet
  facet normal 0 0 -1
    outer loop
      vertex 27.3823 26.3462 0
      vertex 27.6135 26.0499 0
      vertex 27.395 26.2788 0
    endloop
  endfacet
  facet normal 0 0 -1
    outer loop
      vertex 28.5792 26.2498 0
      vertex 27.3823 26.3462 0
      vertex 27.3612 26.4053 0
    endloop
  endfacet
  facet normal 0 0 -1
    outer loop
      vertex 28.6255 26.3199 0
      vertex 27.3612 26.4053 0
      vertex 27.3315 26.4562 0
    endloop
  endfacet
  facet normal 0 0 -1
    outer loop
      vertex 28.685 26.3809 0
      vertex 27.3315 26.4562 0
      vertex 27.2934 26.4989 0
    endloop
  endfacet
  facet normal 0 0 -1
    outer loop
      vertex 28.757 26.4316 0
      vertex 27.2934 26.4989 0
      vertex 27.2467 26.5335 0
    endloop
  endfacet
  facet normal 0 0 -1
    outer loop
      vertex 28.8404 26.4712 0
      vertex 27.2467 26.5335 0
      vertex 27.1912 26.5605 0
    endloop
  endfacet
  facet normal 0 0 -1
    outer loop
      vertex 28.9354 26.4994 0
      vertex 27.1912 26.5605 0
      vertex 27.1269 26.5798 0
    endloop
  endfacet
  facet normal 0 0 -1
    outer loop
      vertex 29.0418 26.5163 0
      vertex 27.1269 26.5798 0
      vertex 27.0539 26.5913 0
    endloop
  endfacet
  facet normal 0 0 -1
    outer loop
      vertex 29.0418 26.5163 0
      vertex 27.0539 26.5913 0
      vertex 35.0967 50.8 0
    endloop
  endfacet
  facet normal 0 0 -1
    outer loop
      vertex 26.972 26.5952 0
      vertex 35.0967 50.8 0
      vertex 27.0539 26.5913 0
    endloop
  endfacet
  facet normal 0 0 -1
    outer loop
      vertex 26.9281 26.5943 0
      vertex 35.0967 50.8 0
      vertex 26.972 26.5952 0
    endloop
  endfacet
  facet normal 0 0 -1
    outer loop
      vertex 26.5637 26.5952 0
      vertex 26.9281 26.5943 0
      vertex 26.882 26.5917 0
    endloop
  endfacet
  facet normal 0 0 -1
    outer loop
      vertex 26.5637 26.5952 0
      vertex 26.882 26.5917 0
      vertex 26.8337 26.5874 0
    endloop
  endfacet
  facet normal 0 0 -1
    outer loop
      vertex 26.5637 26.5952 0
      vertex 26.8337 26.5874 0
      vertex 26.7832 26.5813 0
    endloop
  endfacet
  facet normal 0 0 -1
    outer loop
      vertex 26.5637 26.5952 0
      vertex 26.7832 26.5813 0
      vertex 26.7306 26.5735 0
    endloop
  endfacet
  facet normal 0 0 -1
    outer loop
      vertex 26.7306 26.328 0
      vertex 26.5637 26.5952 0
      vertex 26.7306 26.5735 0
    endloop
  endfacet
  facet normal 0 0 -1
    outer loop
      vertex 26.9281 26.5943 0
      vertex 26.5637 26.5952 0
      vertex 35.0967 50.8 0
    endloop
  endfacet
  facet normal 0 0 -1
    outer loop
      vertex 26.1826 26.5952 0
      vertex 35.0967 50.8 0
      vertex 26.5637 26.5952 0
    endloop
  endfacet
  facet normal 0 0 -1
    outer loop
      vertex 26.1826 24.5825 0
      vertex 25.8877 25.4531 0
      vertex 26.1826 26.5952 0
    endloop
  endfacet
  facet normal 0 0 -1
    outer loop
      vertex 25.8642 25.5766 0
      vertex 26.1826 26.5952 0
      vertex 25.8877 25.4531 0
    endloop
  endfacet
  facet normal 0 0 -1
    outer loop
      vertex 25.8252 25.6879 0
      vertex 26.1826 26.5952 0
      vertex 25.8642 25.5766 0
    endloop
  endfacet
  facet normal 0 0 -1
    outer loop
      vertex 25.7705 25.7872 0
      vertex 26.1826 26.5952 0
      vertex 25.8252 25.6879 0
    endloop
  endfacet
  facet normal 0 0 -1
    outer loop
      vertex 25.7002 25.8743 0
      vertex 26.1826 26.5952 0
      vertex 25.7705 25.7872 0
    endloop
  endfacet
  facet normal 0 0 -1
    outer loop
      vertex 25.6158 25.9473 0
      vertex 26.1826 26.5952 0
      vertex 25.7002 25.8743 0
    endloop
  endfacet
  facet normal 0 0 -1
    outer loop
      vertex 25.519 26.0041 0
      vertex 26.1826 26.5952 0
      vertex 25.6158 25.9473 0
    endloop
  endfacet
  facet normal 0 0 -1
    outer loop
      vertex 25.4097 26.0446 0
      vertex 26.1826 26.5952 0
      vertex 25.519 26.0041 0
    endloop
  endfacet
  facet normal 0 0 -1
    outer loop
      vertex 25.2879 26.069 0
      vertex 26.1826 26.5952 0
      vertex 25.4097 26.0446 0
    endloop
  endfacet
  facet normal 0 0 -1
    outer loop
      vertex 25.1536 26.0771 0
      vertex 26.1826 26.5952 0
      vertex 25.2879 26.069 0
    endloop
  endfacet
  facet normal 0 0 -1
    outer loop
      vertex 25.0167 26.0692 0
      vertex 26.1826 26.5952 0
      vertex 25.1536 26.0771 0
    endloop
  endfacet
  facet normal 0 0 -1
    outer loop
      vertex 24.8933 26.0457 0
      vertex 26.1826 26.5952 0
      vertex 25.0167 26.0692 0
    endloop
  endfacet
  facet normal 0 0 -1
    outer loop
      vertex 26.1826 26.5952 0
      vertex 24.8933 26.0457 0
      vertex 23.6309 26.069 0
    endloop
  endfacet
  facet normal 0 0 -1
    outer loop
      vertex 23.7527 26.0446 0
      vertex 24.8933 26.0457 0
      vertex 24.7836 26.0065 0
    endloop
  endfacet
  facet normal 0 0 -1
    outer loop
      vertex 23.862 26.0041 0
      vertex 24.7836 26.0065 0
      vertex 24.6875 25.9517 0
    endloop
  endfacet
  facet normal 0 0 -1
    outer loop
      vertex 23.9588 25.9473 0
      vertex 24.6875 25.9517 0
      vertex 24.605 25.8811 0
    endloop
  endfacet
  facet normal 0 0 -1
    outer loop
      vertex 24.0432 25.8743 0
      vertex 24.605 25.8811 0
      vertex 24.5369 25.7958 0
    endloop
  endfacet
  facet normal 0 0 -1
    outer loop
      vertex 24.1135 25.7872 0
      vertex 24.5369 25.7958 0
      vertex 24.4839 25.6969 0
    endloop
  endfacet
  facet normal 0 0 -1
    outer loop
      vertex 24.2307 25.4531 0
      vertex 24.4158 25.3176 0
      vertex 24.2385 25.3176 0
    endloop
  endfacet
  facet normal 0 0 -1
    outer loop
      vertex 24.4158 25.3176 0
      vertex 24.2307 25.4531 0
      vertex 24.4234 25.4577 0
    endloop
  endfacet
  facet normal 0 0 -1
    outer loop
      vertex 24.2072 25.5766 0
      vertex 24.4234 25.4577 0
      vertex 24.2307 25.4531 0
    endloop
  endfacet
  facet normal 0 0 -1
    outer loop
      vertex 24.4234 25.4577 0
      vertex 24.2072 25.5766 0
      vertex 24.4461 25.5842 0
    endloop
  endfacet
  facet normal 0 0 -1
    outer loop
      vertex 24.1682 25.6879 0
      vertex 24.4461 25.5842 0
      vertex 24.2072 25.5766 0
    endloop
  endfacet
  facet normal 0 0 -1
    outer loop
      vertex 24.4461 25.5842 0
      vertex 24.1682 25.6879 0
      vertex 24.4839 25.6969 0
    endloop
  endfacet
  facet normal 0 0 -1
    outer loop
      vertex 24.1135 25.7872 0
      vertex 24.4839 25.6969 0
      vertex 24.1682 25.6879 0
    endloop
  endfacet
  facet normal -0 0 -1
    outer loop
      vertex 24.5369 25.7958 0
      vertex 24.1135 25.7872 0
      vertex 24.0432 25.8743 0
    endloop
  endfacet
  facet normal -0 0 -1
    outer loop
      vertex 24.605 25.8811 0
      vertex 24.0432 25.8743 0
      vertex 23.9588 25.9473 0
    endloop
  endfacet
  facet normal -0 0 -1
    outer loop
      vertex 24.6875 25.9517 0
      vertex 23.9588 25.9473 0
      vertex 23.862 26.0041 0
    endloop
  endfacet
  facet normal -0 0 -1
    outer loop
      vertex 24.7836 26.0065 0
      vertex 23.862 26.0041 0
      vertex 23.7527 26.0446 0
    endloop
  endfacet
  facet normal -0 0 -1
    outer loop
      vertex 24.8933 26.0457 0
      vertex 23.7527 26.0446 0
      vertex 23.6309 26.069 0
    endloop
  endfacet
  facet normal 0 0 -1
    outer loop
      vertex 23.4966 26.0771 0
      vertex 26.1826 26.5952 0
      vertex 23.6309 26.069 0
    endloop
  endfacet
  facet normal 0 0 -1
    outer loop
      vertex 19.5718 26.4996 0
      vertex 26.1826 26.5952 0
      vertex 23.4966 26.0771 0
    endloop
  endfacet
  facet normal 0 0 -1
    outer loop
      vertex 19.5718 26.4996 0
      vertex 23.4966 26.0771 0
      vertex 23.3597 26.0692 0
    endloop
  endfacet
  facet normal 0 0 -1
    outer loop
      vertex 22.5069 26.0499 0
      vertex 23.3597 26.0692 0
      vertex 23.2363 26.0457 0
    endloop
  endfacet
  facet normal 0 0 -1
    outer loop
      vertex 22.5069 26.0499 0
      vertex 23.2363 26.0457 0
      vertex 23.1266 26.0065 0
    endloop
  endfacet
  facet normal 0 0 -1
    outer loop
      vertex 22.5069 26.0499 0
      vertex 23.1266 26.0065 0
      vertex 23.0305 25.9517 0
    endloop
  endfacet
  facet normal 0 0 -1
    outer loop
      vertex 22.5069 26.0499 0
      vertex 23.0305 25.9517 0
      vertex 22.948 25.8811 0
    endloop
  endfacet
  facet normal 0 0 -1
    outer loop
      vertex 22.5069 26.0499 0
      vertex 22.948 25.8811 0
      vertex 22.8799 25.7958 0
    endloop
  endfacet
  facet normal 0 0 -1
    outer loop
      vertex 22.5069 26.0499 0
      vertex 22.8799 25.7958 0
      vertex 22.8269 25.6969 0
    endloop
  endfacet
  facet normal 0 0 -1
    outer loop
      vertex 22.5069 26.0499 0
      vertex 22.7664 25.4577 0
      vertex 22.7588 25.3176 0
    endloop
  endfacet
  facet normal 0 0 -1
    outer loop
      vertex 22.5069 26.0499 0
      vertex 22.7891 25.5842 0
      vertex 22.7664 25.4577 0
    endloop
  endfacet
  facet normal 0 0 -1
    outer loop
      vertex 22.5069 26.0499 0
      vertex 22.8269 25.6969 0
      vertex 22.7891 25.5842 0
    endloop
  endfacet
  facet normal 0 0 -1
    outer loop
      vertex 19.5718 26.4996 0
      vertex 23.3597 26.0692 0
      vertex 22.5069 26.0499 0
    endloop
  endfacet
  facet normal 0 0 -1
    outer loop
      vertex 21.8037 26.0772 0
      vertex 22.5069 26.0499 0
      vertex 22.1434 26.0499 0
    endloop
  endfacet
  facet normal 0 0 -1
    outer loop
      vertex 22.1204 25.7367 0
      vertex 22.126 25.7563 0
      vertex 22.1258 25.7367 0
    endloop
  endfacet
  facet normal 0 0 -1
    outer loop
      vertex 22.0986 25.7948 0
      vertex 22.126 25.7563 0
      vertex 22.1204 25.7367 0
    endloop
  endfacet
  facet normal 0 0 -1
    outer loop
      vertex 22.126 25.7563 0
      vertex 22.0986 25.7948 0
      vertex 22.1269 25.7826 0
    endloop
  endfacet
  facet normal 0 0 -1
    outer loop
      vertex 22.1269 25.7826 0
      vertex 22.0986 25.7948 0
      vertex 22.1282 25.8155 0
    endloop
  endfacet
  facet normal 0 0 -1
    outer loop
      vertex 22.0778 25.8457 0
      vertex 22.1282 25.8155 0
      vertex 22.0986 25.7948 0
    endloop
  endfacet
  facet normal 0 0 -1
    outer loop
      vertex 22.1282 25.8155 0
      vertex 22.0778 25.8457 0
      vertex 22.1301 25.8552 0
    endloop
  endfacet
  facet normal -0 0 -1
    outer loop
      vertex 22.1301 25.8552 0
      vertex 22.0778 25.8457 0
      vertex 22.1325 25.9014 0
    endloop
  endfacet
  facet normal 0 0 -1
    outer loop
      vertex 22.058 25.8892 0
      vertex 22.1325 25.9014 0
      vertex 22.0778 25.8457 0
    endloop
  endfacet
  facet normal -0 0 -1
    outer loop
      vertex 22.1325 25.9014 0
      vertex 22.058 25.8892 0
      vertex 22.1352 25.9471 0
    endloop
  endfacet
  facet normal 0 0 -1
    outer loop
      vertex 22.0392 25.9255 0
      vertex 22.1352 25.9471 0
      vertex 22.058 25.8892 0
    endloop
  endfacet
  facet normal -0 0 -1
    outer loop
      vertex 22.1352 25.9471 0
      vertex 22.0392 25.9255 0
      vertex 22.1375 25.9848 0
    endloop
  endfacet
  facet normal 0 0 -1
    outer loop
      vertex 22.0213 25.9543 0
      vertex 22.1375 25.9848 0
      vertex 22.0392 25.9255 0
    endloop
  endfacet
  facet normal -0 0 -1
    outer loop
      vertex 22.1375 25.9848 0
      vertex 22.0213 25.9543 0
      vertex 22.1397 26.0145 0
    endloop
  endfacet
  facet normal 0 0 -1
    outer loop
      vertex 22.0033 25.9783 0
      vertex 22.1397 26.0145 0
      vertex 22.0213 25.9543 0
    endloop
  endfacet
  facet normal -0 0 -1
    outer loop
      vertex 22.1397 26.0145 0
      vertex 22.0033 25.9783 0
      vertex 22.1417 26.0362 0
    endloop
  endfacet
  facet normal 0 0 -1
    outer loop
      vertex 21.984 25.9996 0
      vertex 22.1417 26.0362 0
      vertex 22.0033 25.9783 0
    endloop
  endfacet
  facet normal -0 0 -1
    outer loop
      vertex 22.1417 26.0362 0
      vertex 21.984 25.9996 0
      vertex 22.1434 26.0499 0
    endloop
  endfacet
  facet normal 0 0 -1
    outer loop
      vertex 21.9634 26.0183 0
      vertex 22.1434 26.0499 0
      vertex 21.984 25.9996 0
    endloop
  endfacet
  facet normal 0 0 -1
    outer loop
      vertex 21.9415 26.0344 0
      vertex 22.1434 26.0499 0
      vertex 21.9634 26.0183 0
    endloop
  endfacet
  facet normal 0 0 -1
    outer loop
      vertex 21.9183 26.0479 0
      vertex 22.1434 26.0499 0
      vertex 21.9415 26.0344 0
    endloop
  endfacet
  facet normal 0 0 -1
    outer loop
      vertex 21.8932 26.0589 0
      vertex 22.1434 26.0499 0
      vertex 21.9183 26.0479 0
    endloop
  endfacet
  facet normal 0 0 -1
    outer loop
      vertex 21.8657 26.0674 0
      vertex 22.1434 26.0499 0
      vertex 21.8932 26.0589 0
    endloop
  endfacet
  facet normal 0 0 -1
    outer loop
      vertex 21.8359 26.0736 0
      vertex 22.1434 26.0499 0
      vertex 21.8657 26.0674 0
    endloop
  endfacet
  facet normal 0 0 -1
    outer loop
      vertex 21.8037 26.0772 0
      vertex 22.1434 26.0499 0
      vertex 21.8359 26.0736 0
    endloop
  endfacet
  facet normal 0 0 -1
    outer loop
      vertex 22.5069 26.0499 0
      vertex 21.8037 26.0772 0
      vertex 19.5718 26.4996 0
    endloop
  endfacet
  facet normal 0 0 -1
    outer loop
      vertex 19.6623 26.4716 0
      vertex 21.8037 26.0772 0
      vertex 21.7691 26.0784 0
    endloop
  endfacet
  facet normal 0 0 -1
    outer loop
      vertex 19.6623 26.4716 0
      vertex 21.7691 26.0784 0
      vertex 21.7409 26.0776 0
    endloop
  endfacet
  facet normal 0 0 -1
    outer loop
      vertex 19.7431 26.4325 0
      vertex 21.7409 26.0776 0
      vertex 21.715 26.0752 0
    endloop
  endfacet
  facet normal 0 0 -1
    outer loop
      vertex 19.7431 26.4325 0
      vertex 21.715 26.0752 0
      vertex 21.6914 26.0711 0
    endloop
  endfacet
  facet normal 0 0 -1
    outer loop
      vertex 19.7431 26.4325 0
      vertex 21.6914 26.0711 0
      vertex 21.6701 26.0654 0
    endloop
  endfacet
  facet normal 0 0 -1
    outer loop
      vertex 19.8144 26.3822 0
      vertex 21.6701 26.0654 0
      vertex 21.6511 26.0581 0
    endloop
  endfacet
  facet normal 0 0 -1
    outer loop
      vertex 21.6614 24.3492 0
      vertex 20.0293 24.847 0
      vertex 21.6511 25.7394 0
    endloop
  endfacet
  facet normal 0 0 -1
    outer loop
      vertex 19.997 24.9123 0
      vertex 21.6511 25.7394 0
      vertex 20.0293 24.847 0
    endloop
  endfacet
  facet normal 0 0 -1
    outer loop
      vertex 21.6511 25.7394 0
      vertex 20.0131 25.9767 0
      vertex 21.6511 26.0581 0
    endloop
  endfacet
  facet normal 0 0 -1
    outer loop
      vertex 19.9947 26.078 0
      vertex 21.6511 26.0581 0
      vertex 20.0131 25.9767 0
    endloop
  endfacet
  facet normal 0 0 -1
    outer loop
      vertex 19.9657 26.1692 0
      vertex 21.6511 26.0581 0
      vertex 19.9947 26.078 0
    endloop
  endfacet
  facet normal 0 0 -1
    outer loop
      vertex 19.9259 26.2503 0
      vertex 21.6511 26.0581 0
      vertex 19.9657 26.1692 0
    endloop
  endfacet
  facet normal 0 0 -1
    outer loop
      vertex 19.8755 26.3213 0
      vertex 21.6511 26.0581 0
      vertex 19.9259 26.2503 0
    endloop
  endfacet
  facet normal 0 0 -1
    outer loop
      vertex 19.8144 26.3822 0
      vertex 21.6511 26.0581 0
      vertex 19.8755 26.3213 0
    endloop
  endfacet
  facet normal 0 0 -1
    outer loop
      vertex 21.6701 26.0654 0
      vertex 19.8144 26.3822 0
      vertex 19.7431 26.4325 0
    endloop
  endfacet
  facet normal 0 0 -1
    outer loop
      vertex 21.7409 26.0776 0
      vertex 19.7431 26.4325 0
      vertex 19.6623 26.4716 0
    endloop
  endfacet
  facet normal 0 0 -1
    outer loop
      vertex 21.8037 26.0772 0
      vertex 19.6623 26.4716 0
      vertex 19.5718 26.4996 0
    endloop
  endfacet
  facet normal -0 0 -1
    outer loop
      vertex 26.1826 26.5952 0
      vertex 19.5718 26.4996 0
      vertex 15.7033 50.8 0
    endloop
  endfacet
  facet normal 0 0 -1
    outer loop
      vertex 15.7033 50.8 0
      vertex 19.5718 26.4996 0
      vertex 19.4718 26.5163 0
    endloop
  endfacet
  facet normal 0 0 -1
    outer loop
      vertex 15.7033 50.8 0
      vertex 19.4718 26.5163 0
      vertex 19.3621 26.5219 0
    endloop
  endfacet
  facet normal 0 0 -1
    outer loop
      vertex 15.7033 50.8 0
      vertex 19.3621 26.5219 0
      vertex 19.2441 26.5163 0
    endloop
  endfacet
  facet normal 0 0 -1
    outer loop
      vertex 16.4544 26.5163 0
      vertex 19.2441 26.5163 0
      vertex 19.1377 26.4994 0
    endloop
  endfacet
  facet normal 0 0 -1
    outer loop
      vertex 16.5545 26.4996 0
      vertex 19.1377 26.4994 0
      vertex 19.0428 26.4712 0
    endloop
  endfacet
  facet normal 0 0 -1
    outer loop
      vertex 16.645 26.4716 0
      vertex 19.0428 26.4712 0
      vertex 18.9593 26.4316 0
    endloop
  endfacet
  facet normal 0 0 -1
    outer loop
      vertex 16.7258 26.4325 0
      vertex 18.9593 26.4316 0
      vertex 18.8874 26.3809 0
    endloop
  endfacet
  facet normal 0 0 -1
    outer loop
      vertex 18.1613 26.0499 0
      vertex 18.8874 26.3809 0
      vertex 18.8278 26.3199 0
    endloop
  endfacet
  facet normal 0 0 -1
    outer loop
      vertex 18.0609 25.3406 0
      vertex 18.6921 24.8958 0
      vertex 18.598 24.5825 0
    endloop
  endfacet
  facet normal 0 0 -1
    outer loop
      vertex 18.7241 25.9322 0
      vertex 18.5722 26.0499 0
      vertex 18.7219 25.9849 0
    endloop
  endfacet
  facet normal 0 0 -1
    outer loop
      vertex 18.7219 25.9849 0
      vertex 18.5722 26.0499 0
      vertex 18.7286 26.0823 0
    endloop
  endfacet
  facet normal 0 0 -1
    outer loop
      vertex 18.5722 26.0499 0
      vertex 18.7484 26.1706 0
      vertex 18.7286 26.0823 0
    endloop
  endfacet
  facet normal 0 0 -1
    outer loop
      vertex 18.5722 26.0499 0
      vertex 18.7815 26.2498 0
      vertex 18.7484 26.1706 0
    endloop
  endfacet
  facet normal 0 0 -1
    outer loop
      vertex 18.1613 26.0499 0
      vertex 18.7815 26.2498 0
      vertex 18.5722 26.0499 0
    endloop
  endfacet
  facet normal -0 0 -1
    outer loop
      vertex 18.7815 26.2498 0
      vertex 18.1613 26.0499 0
      vertex 18.8278 26.3199 0
    endloop
  endfacet
  facet normal -0 0 -1
    outer loop
      vertex 18.8874 26.3809 0
      vertex 18.1613 26.0499 0
      vertex 16.7971 26.3822 0
    endloop
  endfacet
  facet normal 0 0 -1
    outer loop
      vertex 17.5361 26.0499 0
      vertex 18.1613 26.0499 0
      vertex 17.848 25.5698 0
    endloop
  endfacet
  facet normal 0 0 -1
    outer loop
      vertex 16.7971 26.3822 0
      vertex 18.1613 26.0499 0
      vertex 17.5361 26.0499 0
    endloop
  endfacet
  facet normal 0 0 -1
    outer loop
      vertex 16.9086 26.2503 0
      vertex 17.5361 26.0499 0
      vertex 17.1224 26.0499 0
    endloop
  endfacet
  facet normal 0 0 -1
    outer loop
      vertex 17.012 24.847 0
      vertex 17.0926 24.5825 0
      vertex 17.012 24.5825 0
    endloop
  endfacet
  facet normal 0 0 -1
    outer loop
      vertex 16.9797 24.9123 0
      vertex 17.6337 25.3447 0
      vertex 17.012 24.847 0
    endloop
  endfacet
  facet normal 0 0 -1
    outer loop
      vertex 17.6337 25.3447 0
      vertex 16.9958 25.9767 0
      vertex 17.1224 26.0499 0
    endloop
  endfacet
  facet normal 0 0 -1
    outer loop
      vertex 16.9774 26.078 0
      vertex 17.1224 26.0499 0
      vertex 16.9958 25.9767 0
    endloop
  endfacet
  facet normal 0 0 -1
    outer loop
      vertex 16.9484 26.1692 0
      vertex 17.1224 26.0499 0
      vertex 16.9774 26.078 0
    endloop
  endfacet
  facet normal 0 0 -1
    outer loop
      vertex 16.9086 26.2503 0
      vertex 17.1224 26.0499 0
      vertex 16.9484 26.1692 0
    endloop
  endfacet
  facet normal 0 0 -1
    outer loop
      vertex 17.5361 26.0499 0
      vertex 16.9086 26.2503 0
      vertex 16.8582 26.3213 0
    endloop
  endfacet
  facet normal 0 0 -1
    outer loop
      vertex 16.7971 26.3822 0
      vertex 17.5361 26.0499 0
      vertex 16.8582 26.3213 0
    endloop
  endfacet
  facet normal 0 0 -1
    outer loop
      vertex 18.8874 26.3809 0
      vertex 16.7971 26.3822 0
      vertex 16.7258 26.4325 0
    endloop
  endfacet
  facet normal 0 0 -1
    outer loop
      vertex 18.9593 26.4316 0
      vertex 16.7258 26.4325 0
      vertex 16.645 26.4716 0
    endloop
  endfacet
  facet normal 0 0 -1
    outer loop
      vertex 19.0428 26.4712 0
      vertex 16.645 26.4716 0
      vertex 16.5545 26.4996 0
    endloop
  endfacet
  facet normal 0 0 -1
    outer loop
      vertex 19.1377 26.4994 0
      vertex 16.5545 26.4996 0
      vertex 16.4544 26.5163 0
    endloop
  endfacet
  facet normal 0 0 -1
    outer loop
      vertex 19.2441 26.5163 0
      vertex 16.4544 26.5163 0
      vertex 15.7033 50.8 0
    endloop
  endfacet
  facet normal 0 0 -1
    outer loop
      vertex 15.7033 50.8 0
      vertex 16.4544 26.5163 0
      vertex 16.3448 26.5219 0
    endloop
  endfacet
  facet normal 0 0 -1
    outer loop
      vertex 15.7033 50.8 0
      vertex 16.3448 26.5219 0
      vertex 16.2268 26.5163 0
    endloop
  endfacet
  facet normal 0 0 -1
    outer loop
      vertex 15.7033 50.8 0
      vertex 16.2268 26.5163 0
      vertex 16.1204 26.4994 0
    endloop
  endfacet
  facet normal 0 0 -1
    outer loop
      vertex 15.7033 50.8 0
      vertex 16.1204 26.4994 0
      vertex 16.0255 26.4712 0
    endloop
  endfacet
  facet normal 0 0 -1
    outer loop
      vertex 15.7033 50.8 0
      vertex 16.0255 26.4712 0
      vertex 15.942 26.4316 0
    endloop
  endfacet
  facet normal 0 0 -1
    outer loop
      vertex 15.7033 50.8 0
      vertex 15.942 26.4316 0
      vertex 15.8701 26.3809 0
    endloop
  endfacet
  facet normal 0 0 -1
    outer loop
      vertex 15.7033 50.8 0
      vertex 15.8701 26.3809 0
      vertex 15.8105 26.3199 0
    endloop
  endfacet
  facet normal 0 0 -1
    outer loop
      vertex 26.1826 26.5952 0
      vertex 15.7033 50.8 0
      vertex 35.0967 50.8 0
    endloop
  endfacet
  facet normal 0 0 -1
    outer loop
      vertex 15.7642 26.2498 0
      vertex 15.7033 50.8 0
      vertex 15.8105 26.3199 0
    endloop
  endfacet
  facet normal 0 0 -1
    outer loop
      vertex 15.7311 26.1706 0
      vertex 15.7033 50.8 0
      vertex 15.7642 26.2498 0
    endloop
  endfacet
  facet normal 0 0 -1
    outer loop
      vertex 15.7112 26.0823 0
      vertex 15.7033 50.8 0
      vertex 15.7311 26.1706 0
    endloop
  endfacet
  facet normal 0 0 -1
    outer loop
      vertex 15.7033 50.8 0
      vertex 15.7112 26.0823 0
      vertex 15.7046 25.9849 0
    endloop
  endfacet
  facet normal 0 0 -1
    outer loop
      vertex 23.1716 25.1369 0
      vertex 23.835 25.2241 0
      vertex 23.8248 25.14 0
    endloop
  endfacet
  facet normal 0 0 -1
    outer loop
      vertex 23.835 25.2241 0
      vertex 23.1575 25.3176 0
      vertex 23.8384 25.3176 0
    endloop
  endfacet
  facet normal 0 0 -1
    outer loop
      vertex 23.1716 25.1369 0
      vertex 23.8248 25.14 0
      vertex 23.8079 25.0653 0
    endloop
  endfacet
  facet normal 0 0 -1
    outer loop
      vertex 23.2138 24.9964 0
      vertex 23.8079 25.0653 0
      vertex 23.7841 24.9999 0
    endloop
  endfacet
  facet normal 0 -0 -1
    outer loop
      vertex 23.161 25.4165 0
      vertex 23.8384 25.3176 0
      vertex 23.1575 25.3176 0
    endloop
  endfacet
  facet normal 0 0 -1
    outer loop
      vertex 23.5088 24.8158 0
      vertex 23.7841 24.9999 0
      vertex 23.7536 24.9439 0
    endloop
  endfacet
  facet normal 0 0 -1
    outer loop
      vertex 23.5698 24.8209 0
      vertex 23.7536 24.9439 0
      vertex 23.7167 24.8978 0
    endloop
  endfacet
  facet normal 0 0 -1
    outer loop
      vertex 23.8384 25.3176 0
      vertex 23.161 25.4165 0
      vertex 23.8245 25.4968 0
    endloop
  endfacet
  facet normal 0 0 -1
    outer loop
      vertex 23.5698 24.8209 0
      vertex 23.7167 24.8978 0
      vertex 23.6738 24.8619 0
    endloop
  endfacet
  facet normal 0 0 -1
    outer loop
      vertex 23.5698 24.8209 0
      vertex 23.6738 24.8619 0
      vertex 23.6248 24.8363 0
    endloop
  endfacet
  facet normal 0 -0 -1
    outer loop
      vertex 23.1712 25.504 0
      vertex 23.8245 25.4968 0
      vertex 23.161 25.4165 0
    endloop
  endfacet
  facet normal 0 0 -1
    outer loop
      vertex 23.7536 24.9439 0
      vertex 23.5698 24.8209 0
      vertex 23.5088 24.8158 0
    endloop
  endfacet
  facet normal 0 0 -1
    outer loop
      vertex 23.7841 24.9999 0
      vertex 23.5088 24.8158 0
      vertex 23.2138 24.9964 0
    endloop
  endfacet
  facet normal 0 -0 -1
    outer loop
      vertex 23.1883 25.5799 0
      vertex 23.8245 25.4968 0
      vertex 23.1712 25.504 0
    endloop
  endfacet
  facet normal 0 0 -1
    outer loop
      vertex 23.8245 25.4968 0
      vertex 23.1883 25.5799 0
      vertex 23.7828 25.6361 0
    endloop
  endfacet
  facet normal 0 0 -1
    outer loop
      vertex 23.2138 24.9964 0
      vertex 23.5088 24.8158 0
      vertex 23.3824 24.8359 0
    endloop
  endfacet
  facet normal 0 -0 -1
    outer loop
      vertex 23.4912 25.8153 0
      vertex 23.7828 25.6361 0
      vertex 23.1883 25.5799 0
    endloop
  endfacet
  facet normal -0 -0 -1
    outer loop
      vertex 23.6162 25.7954 0
      vertex 23.7828 25.6361 0
      vertex 23.4912 25.8153 0
    endloop
  endfacet
  facet normal 0 0 -1
    outer loop
      vertex 23.2138 24.9964 0
      vertex 23.3824 24.8359 0
      vertex 23.284 24.8961 0
    endloop
  endfacet
  facet normal 0 0 -1
    outer loop
      vertex 23.7828 25.6361 0
      vertex 23.6162 25.7954 0
      vertex 23.7134 25.7357 0
    endloop
  endfacet
  facet normal 0 -0 -1
    outer loop
      vertex 23.2122 25.6444 0
      vertex 23.4912 25.8153 0
      vertex 23.1883 25.5799 0
    endloop
  endfacet
  facet normal -0 0 -1
    outer loop
      vertex 23.8079 25.0653 0
      vertex 23.2138 24.9964 0
      vertex 23.1716 25.1369 0
    endloop
  endfacet
  facet normal 0 0 -1
    outer loop
      vertex 23.4912 25.8153 0
      vertex 23.2122 25.6444 0
      vertex 23.4292 25.8106 0
    endloop
  endfacet
  facet normal 0 -0 -1
    outer loop
      vertex 23.243 25.6973 0
      vertex 23.4292 25.8106 0
      vertex 23.2122 25.6444 0
    endloop
  endfacet
  facet normal -0 0 -1
    outer loop
      vertex 23.835 25.2241 0
      vertex 23.1716 25.1369 0
      vertex 23.1575 25.3176 0
    endloop
  endfacet
  facet normal 0 0 -1
    outer loop
      vertex 23.4292 25.8106 0
      vertex 23.243 25.6973 0
      vertex 23.3734 25.7965 0
    endloop
  endfacet
  facet normal 0 0 -1
    outer loop
      vertex 23.3237 25.7728 0
      vertex 23.243 25.6973 0
      vertex 23.2803 25.7398 0
    endloop
  endfacet
  facet normal 0 0 -1
    outer loop
      vertex 23.3734 25.7965 0
      vertex 23.243 25.6973 0
      vertex 23.3237 25.7728 0
    endloop
  endfacet
  facet normal 0 0 -1
    outer loop
      vertex 24.8286 25.1369 0
      vertex 25.492 25.2241 0
      vertex 25.4818 25.14 0
    endloop
  endfacet
  facet normal 0 0 -1
    outer loop
      vertex 25.492 25.2241 0
      vertex 24.8146 25.3176 0
      vertex 25.4954 25.3176 0
    endloop
  endfacet
  facet normal 0 0 -1
    outer loop
      vertex 24.8286 25.1369 0
      vertex 25.4818 25.14 0
      vertex 25.4649 25.0653 0
    endloop
  endfacet
  facet normal 0 0 -1
    outer loop
      vertex 24.8708 24.9964 0
      vertex 25.4649 25.0653 0
      vertex 25.4411 24.9999 0
    endloop
  endfacet
  facet normal 0 -0 -1
    outer loop
      vertex 24.818 25.4165 0
      vertex 25.4954 25.3176 0
      vertex 24.8146 25.3176 0
    endloop
  endfacet
  facet normal 0 0 -1
    outer loop
      vertex 25.1658 24.8158 0
      vertex 25.4411 24.9999 0
      vertex 25.4106 24.9439 0
    endloop
  endfacet
  facet normal 0 0 -1
    outer loop
      vertex 25.2268 24.8209 0
      vertex 25.4106 24.9439 0
      vertex 25.3737 24.8978 0
    endloop
  endfacet
  facet normal 0 0 -1
    outer loop
      vertex 25.4954 25.3176 0
      vertex 24.818 25.4165 0
      vertex 25.4815 25.4968 0
    endloop
  endfacet
  facet normal 0 0 -1
    outer loop
      vertex 25.2268 24.8209 0
      vertex 25.3737 24.8978 0
      vertex 25.3308 24.8619 0
    endloop
  endfacet
  facet normal 0 0 -1
    outer loop
      vertex 25.2268 24.8209 0
      vertex 25.3308 24.8619 0
      vertex 25.2818 24.8363 0
    endloop
  endfacet
  facet normal 0 -0 -1
    outer loop
      vertex 24.8282 25.504 0
      vertex 25.4815 25.4968 0
      vertex 24.818 25.4165 0
    endloop
  endfacet
  facet normal 0 0 -1
    outer loop
      vertex 25.4106 24.9439 0
      vertex 25.2268 24.8209 0
      vertex 25.1658 24.8158 0
    endloop
  endfacet
  facet normal 0 0 -1
    outer loop
      vertex 25.4411 24.9999 0
      vertex 25.1658 24.8158 0
      vertex 24.8708 24.9964 0
    endloop
  endfacet
  facet normal 0 -0 -1
    outer loop
      vertex 24.8453 25.5799 0
      vertex 25.4815 25.4968 0
      vertex 24.8282 25.504 0
    endloop
  endfacet
  facet normal 0 0 -1
    outer loop
      vertex 25.4815 25.4968 0
      vertex 24.8453 25.5799 0
      vertex 25.4398 25.6361 0
    endloop
  endfacet
  facet normal 0 0 -1
    outer loop
      vertex 24.8708 24.9964 0
      vertex 25.1658 24.8158 0
      vertex 25.0394 24.8359 0
    endloop
  endfacet
  facet normal 0 -0 -1
    outer loop
      vertex 25.1482 25.8153 0
      vertex 25.4398 25.6361 0
      vertex 24.8453 25.5799 0
    endloop
  endfacet
  facet normal -0 -0 -1
    outer loop
      vertex 25.2732 25.7954 0
      vertex 25.4398 25.6361 0
      vertex 25.1482 25.8153 0
    endloop
  endfacet
  facet normal 0 0 -1
    outer loop
      vertex 24.8708 24.9964 0
      vertex 25.0394 24.8359 0
      vertex 24.941 24.8961 0
    endloop
  endfacet
  facet normal 0 0 -1
    outer loop
      vertex 25.4398 25.6361 0
      vertex 25.2732 25.7954 0
      vertex 25.3704 25.7357 0
    endloop
  endfacet
  facet normal 0 -0 -1
    outer loop
      vertex 24.8693 25.6444 0
      vertex 25.1482 25.8153 0
      vertex 24.8453 25.5799 0
    endloop
  endfacet
  facet normal -0 0 -1
    outer loop
      vertex 25.4649 25.0653 0
      vertex 24.8708 24.9964 0
      vertex 24.8286 25.1369 0
    endloop
  endfacet
  facet normal 0 0 -1
    outer loop
      vertex 25.1482 25.8153 0
      vertex 24.8693 25.6444 0
      vertex 25.0862 25.8106 0
    endloop
  endfacet
  facet normal 0 -0 -1
    outer loop
      vertex 24.9 25.6973 0
      vertex 25.0862 25.8106 0
      vertex 24.8693 25.6444 0
    endloop
  endfacet
  facet normal -0 0 -1
    outer loop
      vertex 25.492 25.2241 0
      vertex 24.8286 25.1369 0
      vertex 24.8146 25.3176 0
    endloop
  endfacet
  facet normal 0 0 -1
    outer loop
      vertex 25.0862 25.8106 0
      vertex 24.9 25.6973 0
      vertex 25.0304 25.7965 0
    endloop
  endfacet
  facet normal 0 0 -1
    outer loop
      vertex 24.9807 25.7728 0
      vertex 24.9 25.6973 0
      vertex 24.9373 25.7398 0
    endloop
  endfacet
  facet normal 0 0 -1
    outer loop
      vertex 25.0304 25.7965 0
      vertex 24.9 25.6973 0
      vertex 24.9807 25.7728 0
    endloop
  endfacet
  facet normal 0 0 -1
    outer loop
      vertex 30.5206 25.2552 0
      vertex 30.6358 25.9293 0
      vertex 31.0794 25.2552 0
    endloop
  endfacet
  facet normal 0 0 -1
    outer loop
      vertex 30.5206 25.8804 0
      vertex 30.6358 25.9293 0
      vertex 30.5206 25.2552 0
    endloop
  endfacet
  facet normal 0 0 -1
    outer loop
      vertex 30.5204 25.9102 0
      vertex 30.6358 25.9293 0
      vertex 30.5206 25.8804 0
    endloop
  endfacet
  facet normal 0 0 -1
    outer loop
      vertex 30.5198 25.941 0
      vertex 30.6358 25.9293 0
      vertex 30.5204 25.9102 0
    endloop
  endfacet
  facet normal 0 0 -1
    outer loop
      vertex 30.6358 25.9293 0
      vertex 30.5198 25.941 0
      vertex 30.6012 25.984 0
    endloop
  endfacet
  facet normal 0 0 -1
    outer loop
      vertex 30.5189 25.9727 0
      vertex 30.6012 25.984 0
      vertex 30.5198 25.941 0
    endloop
  endfacet
  facet normal 0 0 -1
    outer loop
      vertex 30.5175 26.0054 0
      vertex 30.6012 25.984 0
      vertex 30.5189 25.9727 0
    endloop
  endfacet
  facet normal 0 0 -1
    outer loop
      vertex 30.6012 25.984 0
      vertex 30.5175 26.0054 0
      vertex 30.5712 26.0334 0
    endloop
  endfacet
  facet normal 0 0 -1
    outer loop
      vertex 30.5158 26.0391 0
      vertex 30.5712 26.0334 0
      vertex 30.5175 26.0054 0
    endloop
  endfacet
  facet normal 0 0 -1
    outer loop
      vertex 30.5712 26.0334 0
      vertex 30.5158 26.0391 0
      vertex 30.5457 26.0774 0
    endloop
  endfacet
  facet normal 0 0 -1
    outer loop
      vertex 30.514 26.0708 0
      vertex 30.5457 26.0774 0
      vertex 30.5158 26.0391 0
    endloop
  endfacet
  facet normal 0 0 -1
    outer loop
      vertex 30.5124 26.0977 0
      vertex 30.5457 26.0774 0
      vertex 30.514 26.0708 0
    endloop
  endfacet
  facet normal 0 0 -1
    outer loop
      vertex 30.5457 26.0774 0
      vertex 30.5124 26.0977 0
      vertex 30.5247 26.1159 0
    endloop
  endfacet
  facet normal 0 0 -1
    outer loop
      vertex 30.5109 26.1197 0
      vertex 30.5247 26.1159 0
      vertex 30.5124 26.0977 0
    endloop
  endfacet
  facet normal 0 0 -1
    outer loop
      vertex 30.5095 26.1368 0
      vertex 30.5247 26.1159 0
      vertex 30.5109 26.1197 0
    endloop
  endfacet
  facet normal 0 0 -1
    outer loop
      vertex 30.5247 26.1159 0
      vertex 30.5095 26.1368 0
      vertex 30.5084 26.1489 0
    endloop
  endfacet
  facet normal 1 -0 0
    outer loop
      vertex 56.8 7.7 2.4
      vertex 56.8 17.7 0
      vertex 56.8 17.7 2.4
    endloop
  endfacet
  facet normal 1 0 0
    outer loop
      vertex 56.8 17.7 0
      vertex 56.8 7.7 2.4
      vertex 56.8 7.7 0
    endloop
  endfacet
  facet normal -0.315089 -0.949062 0
    outer loop
      vertex 50.8 9.69667 0
      vertex 50.81 9.69335 2.4
      vertex 50.8 9.69667 2.4
    endloop
  endfacet
  facet normal -0.315755 -0.948841 3.08228e-06
    outer loop
      vertex 50.81 9.69335 2.4
      vertex 50.8 9.69667 0
      vertex 56.8 7.7 2.4
    endloop
  endfacet
  facet normal -0.315754 -0.948841 -0
    outer loop
      vertex 56.8 7.7 2.4
      vertex 50.8 9.69667 0
      vertex 56.8 7.7 0
    endloop
  endfacet
  facet normal -0.315748 0.948843 0
    outer loop
      vertex 56.8 17.7 0
      vertex 50.81 15.7067 2.4
      vertex 56.8 17.7 2.4
    endloop
  endfacet
  facet normal -0.315758 0.94884 -2.85311e-05
    outer loop
      vertex 50.8 15.7033 0
      vertex 50.81 15.7067 2.4
      vertex 56.8 17.7 0
    endloop
  endfacet
  facet normal -0.321903 0.946773 0
    outer loop
      vertex 50.81 15.7067 2.4
      vertex 50.8 15.7033 0
      vertex 50.8 15.7033 2.4
    endloop
  endfacet
  facet normal -0 0 1
    outer loop
      vertex 50.81 15.7067 2.4
      vertex 56.8 7.7 2.4
      vertex 56.8 17.7 2.4
    endloop
  endfacet
  facet normal 0 0 1
    outer loop
      vertex 56.8 7.7 2.4
      vertex 50.81 15.7067 2.4
      vertex 50.81 9.69335 2.4
    endloop
  endfacet
  facet normal -0 0 1
    outer loop
      vertex 50.81 41.1067 2.4
      vertex 56.8 33.1 2.4
      vertex 56.8 43.1 2.4
    endloop
  endfacet
  facet normal 0 0 1
    outer loop
      vertex 56.8 33.1 2.4
      vertex 50.81 41.1067 2.4
      vertex 50.81 35.0933 2.4
    endloop
  endfacet
  facet normal 0 0 1
    outer loop
      vertex 17.7 56.8 2.4
      vertex 9.69335 50.81 2.4
      vertex 15.7067 50.81 2.4
    endloop
  endfacet
  facet normal 0 -0 1
    outer loop
      vertex 9.69335 50.81 2.4
      vertex 17.7 56.8 2.4
      vertex 7.7 56.8 2.4
    endloop
  endfacet
  facet normal 0 0 1
    outer loop
      vertex 43.1 56.8 2.4
      vertex 35.0933 50.81 2.4
      vertex 41.1067 50.81 2.4
    endloop
  endfacet
  facet normal 0 -0 1
    outer loop
      vertex 35.0933 50.81 2.4
      vertex 43.1 56.8 2.4
      vertex 33.1 56.8 2.4
    endloop
  endfacet
  facet normal 0 0 1
    outer loop
      vertex 0 34.9468 2.4
      vertex 1.575 26.975 2.4
      vertex 1.575 34.4354 2.4
    endloop
  endfacet
  facet normal 0 0 1
    outer loop
      vertex 1.575 26.975 2.4
      vertex 0 34.9468 2.4
      vertex 1.575 23.825 2.4
    endloop
  endfacet
  facet normal 0 0 1
    outer loop
      vertex 0 15.8532 2.4
      vertex 1.575 23.825 2.4
      vertex 0 34.9468 2.4
    endloop
  endfacet
  facet normal 0 0 1
    outer loop
      vertex 1.575 23.825 2.4
      vertex 0 15.8532 2.4
      vertex 1.575 16.3646 2.4
    endloop
  endfacet
  facet normal 0 0 1
    outer loop
      vertex 15.7067 50.81 2.4
      vertex 9.69667 50.8 2.4
      vertex 15.7033 50.8 2.4
    endloop
  endfacet
  facet normal 0 -0 1
    outer loop
      vertex 9.69667 50.8 2.4
      vertex 15.7067 50.81 2.4
      vertex 9.69335 50.81 2.4
    endloop
  endfacet
  facet normal -0 0 1
    outer loop
      vertex 1.575 26.975 2.4
      vertex 23.825 23.825 2.4
      vertex 23.825 26.975 2.4
    endloop
  endfacet
  facet normal 0 0 1
    outer loop
      vertex 23.825 23.825 2.4
      vertex 1.575 26.975 2.4
      vertex 1.575 23.825 2.4
    endloop
  endfacet
  facet normal 0 0 1
    outer loop
      vertex 41.1067 50.81 2.4
      vertex 35.0967 50.8 2.4
      vertex 41.1033 50.8 2.4
    endloop
  endfacet
  facet normal 0 -0 1
    outer loop
      vertex 35.0967 50.8 2.4
      vertex 41.1067 50.81 2.4
      vertex 35.0933 50.81 2.4
    endloop
  endfacet
  facet normal -0 0 1
    outer loop
      vertex 26.975 26.975 2.4
      vertex 49.225 23.825 2.4
      vertex 49.225 26.975 2.4
    endloop
  endfacet
  facet normal 0 0 1
    outer loop
      vertex 49.225 23.825 2.4
      vertex 26.975 26.975 2.4
      vertex 26.975 23.825 2.4
    endloop
  endfacet
  facet normal -0 0 1
    outer loop
      vertex 49.225 49.225 2.4
      vertex 50.8 41.1033 2.4
      vertex 50.8 50.8 2.4
    endloop
  endfacet
  facet normal 0 0 1
    outer loop
      vertex 50.8 41.1033 2.4
      vertex 49.225 49.225 2.4
      vertex 50.8 35.0967 2.4
    endloop
  endfacet
  facet normal 0 0 1
    outer loop
      vertex 50.8 35.0967 2.4
      vertex 49.225 26.975 2.4
      vertex 50.8 15.7033 2.4
    endloop
  endfacet
  facet normal -0 0 1
    outer loop
      vertex 49.225 23.825 2.4
      vertex 50.8 15.7033 2.4
      vertex 49.225 26.975 2.4
    endloop
  endfacet
  facet normal 0 0 1
    outer loop
      vertex 50.8 35.0967 2.4
      vertex 49.225 49.225 2.4
      vertex 49.225 26.975 2.4
    endloop
  endfacet
  facet normal -0 0 1
    outer loop
      vertex 41.1033 50.8 2.4
      vertex 49.225 49.225 2.4
      vertex 50.8 50.8 2.4
    endloop
  endfacet
  facet normal -0 0 1
    outer loop
      vertex 35.0967 50.8 2.4
      vertex 49.225 49.225 2.4
      vertex 41.1033 50.8 2.4
    endloop
  endfacet
  facet normal 0 0 1
    outer loop
      vertex 35.0967 50.8 2.4
      vertex 26.975 49.225 2.4
      vertex 49.225 49.225 2.4
    endloop
  endfacet
  facet normal 0 0 1
    outer loop
      vertex 23.825 26.975 2.4
      vertex 26.975 26.975 2.4
      vertex 26.975 49.225 2.4
    endloop
  endfacet
  facet normal 0 0 1
    outer loop
      vertex 26.975 26.975 2.4
      vertex 23.825 26.975 2.4
      vertex 26.975 23.825 2.4
    endloop
  endfacet
  facet normal 0 0 1
    outer loop
      vertex 23.825 26.975 2.4
      vertex 26.975 49.225 2.4
      vertex 23.825 49.225 2.4
    endloop
  endfacet
  facet normal 0 0 1
    outer loop
      vertex 35.0967 50.8 2.4
      vertex 23.825 49.225 2.4
      vertex 26.975 49.225 2.4
    endloop
  endfacet
  facet normal -0 0 1
    outer loop
      vertex 15.7033 50.8 2.4
      vertex 23.825 49.225 2.4
      vertex 35.0967 50.8 2.4
    endloop
  endfacet
  facet normal -0 0 1
    outer loop
      vertex 9.69667 50.8 2.4
      vertex 23.825 49.225 2.4
      vertex 15.7033 50.8 2.4
    endloop
  endfacet
  facet normal 0 0 1
    outer loop
      vertex 9.69667 50.8 2.4
      vertex 1.575 49.225 2.4
      vertex 23.825 49.225 2.4
    endloop
  endfacet
  facet normal -0 0 1
    outer loop
      vertex 0 50.8 2.4
      vertex 1.575 49.225 2.4
      vertex 9.69667 50.8 2.4
    endloop
  endfacet
  facet normal 0 0 1
    outer loop
      vertex 0 41.2532 2.4
      vertex 1.575 49.225 2.4
      vertex 0 50.8 2.4
    endloop
  endfacet
  facet normal 0 0 1
    outer loop
      vertex 1.575 49.225 2.4
      vertex 0 41.2532 2.4
      vertex 1.575 41.7646 2.4
    endloop
  endfacet
  facet normal -0 0 1
    outer loop
      vertex 50.8 41.1033 2.4
      vertex 50.81 35.0933 2.4
      vertex 50.81 41.1067 2.4
    endloop
  endfacet
  facet normal 0 0 1
    outer loop
      vertex 50.81 35.0933 2.4
      vertex 50.8 41.1033 2.4
      vertex 50.8 35.0967 2.4
    endloop
  endfacet
  facet normal -0 0 1
    outer loop
      vertex 50.8 15.7033 2.4
      vertex 50.81 9.69335 2.4
      vertex 50.81 15.7067 2.4
    endloop
  endfacet
  facet normal 0 0 1
    outer loop
      vertex 50.81 9.69335 2.4
      vertex 50.8 15.7033 2.4
      vertex 50.8 9.69667 2.4
    endloop
  endfacet
  facet normal 0 0 1
    outer loop
      vertex 50.8 15.7033 2.4
      vertex 49.225 23.825 2.4
      vertex 50.8 9.69667 2.4
    endloop
  endfacet
  facet normal 0 0 1
    outer loop
      vertex 49.225 1.575 2.4
      vertex 50.8 9.69667 2.4
      vertex 49.225 23.825 2.4
    endloop
  endfacet
  facet normal 0 0 1
    outer loop
      vertex 50.8 9.69667 2.4
      vertex 49.225 1.575 2.4
      vertex 50.8 0 2.4
    endloop
  endfacet
  facet normal 0 0 1
    outer loop
      vertex 41.2532 0 2.4
      vertex 49.225 1.575 2.4
      vertex 41.7646 1.575 2.4
    endloop
  endfacet
  facet normal 0 0 1
    outer loop
      vertex 49.225 1.575 2.4
      vertex 41.2532 0 2.4
      vertex 50.8 0 2.4
    endloop
  endfacet
  facet normal -0 0 1
    outer loop
      vertex 26.975 1.575 2.4
      vertex 34.9468 0 2.4
      vertex 34.4354 1.575 2.4
    endloop
  endfacet
  facet normal 0 0 1
    outer loop
      vertex 23.825 23.825 2.4
      vertex 26.975 23.825 2.4
      vertex 23.825 26.975 2.4
    endloop
  endfacet
  facet normal 0 0 1
    outer loop
      vertex 26.975 23.825 2.4
      vertex 23.825 23.825 2.4
      vertex 26.975 1.575 2.4
    endloop
  endfacet
  facet normal 0 0 1
    outer loop
      vertex 23.825 1.575 2.4
      vertex 26.975 1.575 2.4
      vertex 23.825 23.825 2.4
    endloop
  endfacet
  facet normal -0 0 1
    outer loop
      vertex 23.825 1.575 2.4
      vertex 34.9468 0 2.4
      vertex 26.975 1.575 2.4
    endloop
  endfacet
  facet normal 0 0 1
    outer loop
      vertex 15.8532 0 2.4
      vertex 23.825 1.575 2.4
      vertex 16.3646 1.575 2.4
    endloop
  endfacet
  facet normal 0 0 1
    outer loop
      vertex 23.825 1.575 2.4
      vertex 15.8532 0 2.4
      vertex 34.9468 0 2.4
    endloop
  endfacet
  facet normal 0 0 1
    outer loop
      vertex 1.575 9.0354 2.4
      vertex 0 9.54676 2.4
      vertex 1.575 1.575 2.4
    endloop
  endfacet
  facet normal -0 0 1
    outer loop
      vertex 1.575 1.575 2.4
      vertex 9.54676 0 2.4
      vertex 9.0354 1.575 2.4
    endloop
  endfacet
  facet normal 0 0 1
    outer loop
      vertex 1.575 1.575 2.4
      vertex 0 0 2.4
      vertex 9.54676 0 2.4
    endloop
  endfacet
  facet normal 0 0 1
    outer loop
      vertex 0 0 2.4
      vertex 1.575 1.575 2.4
      vertex 0 9.54676 2.4
    endloop
  endfacet
  facet normal 1 -0 0
    outer loop
      vertex 56.8 33.1 2.4
      vertex 56.8 43.1 0
      vertex 56.8 43.1 2.4
    endloop
  endfacet
  facet normal 1 0 0
    outer loop
      vertex 56.8 43.1 0
      vertex 56.8 33.1 2.4
      vertex 56.8 33.1 0
    endloop
  endfacet
  facet normal -0.321903 -0.946773 0
    outer loop
      vertex 50.8 35.0967 0
      vertex 50.81 35.0933 2.4
      vertex 50.8 35.0967 2.4
    endloop
  endfacet
  facet normal -0.315748 -0.948843 -2.85788e-05
    outer loop
      vertex 50.81 35.0933 2.4
      vertex 50.8 35.0967 0
      vertex 56.8 33.1 2.4
    endloop
  endfacet
  facet normal -0.315758 -0.94884 -0
    outer loop
      vertex 56.8 33.1 2.4
      vertex 50.8 35.0967 0
      vertex 56.8 33.1 0
    endloop
  endfacet
  facet normal -0.315748 0.948843 0
    outer loop
      vertex 56.8 43.1 0
      vertex 50.81 41.1067 2.4
      vertex 56.8 43.1 2.4
    endloop
  endfacet
  facet normal -0.315758 0.94884 -2.85311e-05
    outer loop
      vertex 50.8 41.1033 0
      vertex 50.81 41.1067 2.4
      vertex 56.8 43.1 0
    endloop
  endfacet
  facet normal -0.321903 0.946773 0
    outer loop
      vertex 50.81 41.1067 2.4
      vertex 50.8 41.1033 0
      vertex 50.8 41.1033 2.4
    endloop
  endfacet
  facet normal 0 1 -0
    outer loop
      vertex 17.7 56.8 0
      vertex 7.7 56.8 2.4
      vertex 17.7 56.8 2.4
    endloop
  endfacet
  facet normal 0 1 0
    outer loop
      vertex 7.7 56.8 2.4
      vertex 17.7 56.8 0
      vertex 7.7 56.8 0
    endloop
  endfacet
  facet normal 0.948843 -0.315748 0
    outer loop
      vertex 15.7067 50.81 2.4
      vertex 17.7 56.8 0
      vertex 17.7 56.8 2.4
    endloop
  endfacet
  facet normal 0.946773 -0.321903 0
    outer loop
      vertex 15.7033 50.8 0
      vertex 15.7067 50.81 2.4
      vertex 15.7033 50.8 2.4
    endloop
  endfacet
  facet normal 0.94884 -0.315758 -2.85311e-05
    outer loop
      vertex 15.7067 50.81 2.4
      vertex 15.7033 50.8 0
      vertex 17.7 56.8 0
    endloop
  endfacet
  facet normal -0.948841 -0.315755 0
    outer loop
      vertex 7.7 56.8 0
      vertex 9.69335 50.81 2.4
      vertex 7.7 56.8 2.4
    endloop
  endfacet
  facet normal -0.948841 -0.315754 3.07714e-06
    outer loop
      vertex 9.69667 50.8 0
      vertex 9.69335 50.81 2.4
      vertex 7.7 56.8 0
    endloop
  endfacet
  facet normal -0.949062 -0.315089 0
    outer loop
      vertex 9.69335 50.81 2.4
      vertex 9.69667 50.8 0
      vertex 9.69667 50.8 2.4
    endloop
  endfacet
  facet normal 0 1 -0
    outer loop
      vertex 43.1 56.8 0
      vertex 33.1 56.8 2.4
      vertex 43.1 56.8 2.4
    endloop
  endfacet
  facet normal 0 1 0
    outer loop
      vertex 33.1 56.8 2.4
      vertex 43.1 56.8 0
      vertex 33.1 56.8 0
    endloop
  endfacet
  facet normal 0.948843 -0.315748 0
    outer loop
      vertex 41.1067 50.81 2.4
      vertex 43.1 56.8 0
      vertex 43.1 56.8 2.4
    endloop
  endfacet
  facet normal 0.946773 -0.321903 0
    outer loop
      vertex 41.1033 50.8 0
      vertex 41.1067 50.81 2.4
      vertex 41.1033 50.8 2.4
    endloop
  endfacet
  facet normal 0.94884 -0.315758 -2.85311e-05
    outer loop
      vertex 41.1067 50.81 2.4
      vertex 41.1033 50.8 0
      vertex 43.1 56.8 0
    endloop
  endfacet
  facet normal -0.948843 -0.315748 0
    outer loop
      vertex 33.1 56.8 0
      vertex 35.0933 50.81 2.4
      vertex 33.1 56.8 2.4
    endloop
  endfacet
  facet normal -0.94884 -0.315758 -2.85311e-05
    outer loop
      vertex 35.0967 50.8 0
      vertex 35.0933 50.81 2.4
      vertex 33.1 56.8 0
    endloop
  endfacet
  facet normal -0.946773 -0.321903 0
    outer loop
      vertex 35.0933 50.81 2.4
      vertex 35.0967 50.8 0
      vertex 35.0967 50.8 2.4
    endloop
  endfacet
  facet normal 1 -0 0
    outer loop
      vertex 50.8 41.1033 2.4
      vertex 50.8 50.8 0
      vertex 50.8 50.8 2.4
    endloop
  endfacet
  facet normal 1 0 0
    outer loop
      vertex 50.8 50.8 0
      vertex 50.8 41.1033 2.4
      vertex 50.8 41.1033 0
    endloop
  endfacet
  facet normal 1 -0 0
    outer loop
      vertex 50.8 0 2.4
      vertex 50.8 9.69667 0
      vertex 50.8 9.69667 2.4
    endloop
  endfacet
  facet normal 1 0 0
    outer loop
      vertex 50.8 9.69667 0
      vertex 50.8 0 2.4
      vertex 50.8 0 0
    endloop
  endfacet
  facet normal 1 -0 0
    outer loop
      vertex 50.8 15.7033 2.4
      vertex 50.8 35.0967 0
      vertex 50.8 35.0967 2.4
    endloop
  endfacet
  facet normal 1 0 0
    outer loop
      vertex 50.8 35.0967 0
      vertex 50.8 15.7033 2.4
      vertex 50.8 15.7033 0
    endloop
  endfacet
  facet normal 0 0 1
    outer loop
      vertex 6.14999 7.55001 4
      vertex 9.44936 10.4 4
      vertex 6.14999 10.4 4
    endloop
  endfacet
  facet normal 0 0 1
    outer loop
      vertex 9.44936 10.4 4
      vertex 6.14999 7.55001 4
      vertex 9.44936 7.2 4
    endloop
  endfacet
  facet normal 0 0 1
    outer loop
      vertex 6.14999 7.55001 4
      vertex 2 7.2 4
      vertex 9.44936 7.2 4
    endloop
  endfacet
  facet normal 0 0 1
    outer loop
      vertex 2 7.2 4
      vertex 1.575 9.0354 4
      vertex 2 6.4 4
    endloop
  endfacet
  facet normal 0 0 1
    outer loop
      vertex 1.575 9.0354 4
      vertex 2 7.2 4
      vertex 6.14999 7.55001 4
    endloop
  endfacet
  facet normal 0 0 1
    outer loop
      vertex 5.34041 6.4 4
      vertex 2 6.4 4
      vertex 5.34041 2.8 4
    endloop
  endfacet
  facet normal -0 0 1
    outer loop
      vertex 5.34041 2.8 4
      vertex 9.0354 1.575 4
      vertex 8.63767 2.8 4
    endloop
  endfacet
  facet normal 0 0 1
    outer loop
      vertex 5.34041 2.8 4
      vertex 1.575 1.575 4
      vertex 9.0354 1.575 4
    endloop
  endfacet
  facet normal 0 0 1
    outer loop
      vertex 2 6.4 4
      vertex 1.575 1.575 4
      vertex 5.34041 2.8 4
    endloop
  endfacet
  facet normal 0 0 1
    outer loop
      vertex 1.575 1.575 4
      vertex 2 6.4 4
      vertex 1.575 9.0354 4
    endloop
  endfacet
  facet normal 0 0 1
    outer loop
      vertex 9.44363 49.225 4
      vertex 2 47.2 4
      vertex 9.44363 47.2 4
    endloop
  endfacet
  facet normal 0 0 1
    outer loop
      vertex 1.575 49.225 4
      vertex 2 46.4 4
      vertex 2 47.2 4
    endloop
  endfacet
  facet normal 0 0 1
    outer loop
      vertex 2 46.4 4
      vertex 1.575 41.7646 4
      vertex 2 43.2 4
    endloop
  endfacet
  facet normal 0 0 1
    outer loop
      vertex 2 46.4 4
      vertex 1.575 49.225 4
      vertex 1.575 41.7646 4
    endloop
  endfacet
  facet normal -0 0 1
    outer loop
      vertex 1.575 49.225 4
      vertex 2 47.2 4
      vertex 9.44363 49.225 4
    endloop
  endfacet
  facet normal -0 0 1
    outer loop
      vertex 2 46.4 4
      vertex 5.36239 43.2 4
      vertex 5.36239 46.4 4
    endloop
  endfacet
  facet normal 0 0 1
    outer loop
      vertex 5.36239 43.2 4
      vertex 2 46.4 4
      vertex 2 43.2 4
    endloop
  endfacet
  facet normal -0 0 1
    outer loop
      vertex 2 42.4 4
      vertex 1.575 41.7646 4
      vertex 3.53202 42.4 4
    endloop
  endfacet
  facet normal 0 0 1
    outer loop
      vertex 2 43.2 4
      vertex 1.575 41.7646 4
      vertex 2 42.4 4
    endloop
  endfacet
  facet normal -0 0 1
    outer loop
      vertex 1.575 23.825 4
      vertex 2 22.4 4
      vertex 2 23.825 4
    endloop
  endfacet
  facet normal 0 0 1
    outer loop
      vertex 2 22.4 4
      vertex 1.575 23.825 4
      vertex 2 19.2 4
    endloop
  endfacet
  facet normal 0 0 1
    outer loop
      vertex 1.575 16.3646 4
      vertex 2 19.2 4
      vertex 1.575 23.825 4
    endloop
  endfacet
  facet normal 0 0 1
    outer loop
      vertex 2 19.2 4
      vertex 1.575 16.3646 4
      vertex 2 16.5026 4
    endloop
  endfacet
  facet normal -0 0 1
    outer loop
      vertex 2 22.4 4
      vertex 5.37584 19.2 4
      vertex 5.37584 22.4 4
    endloop
  endfacet
  facet normal 0 0 1
    outer loop
      vertex 5.37584 19.2 4
      vertex 2 22.4 4
      vertex 2 19.2 4
    endloop
  endfacet
  facet normal 0 0 1
    outer loop
      vertex 1.575 34.4354 4
      vertex 2 30.4 4
      vertex 2 34.2974 4
    endloop
  endfacet
  facet normal 0 0 1
    outer loop
      vertex 1.575 26.975 4
      vertex 2 30.4 4
      vertex 1.575 34.4354 4
    endloop
  endfacet
  facet normal 0 0 1
    outer loop
      vertex 2 30.4 4
      vertex 1.575 26.975 4
      vertex 2 27.2 4
    endloop
  endfacet
  facet normal 0 0 1
    outer loop
      vertex 2 27.2 4
      vertex 1.575 26.975 4
      vertex 2 26.975 4
    endloop
  endfacet
  facet normal -0 0 1
    outer loop
      vertex 2 30.4 4
      vertex 5.55206 27.2 4
      vertex 5.55206 30.4 4
    endloop
  endfacet
  facet normal 0 0 1
    outer loop
      vertex 5.55206 27.2 4
      vertex 2 30.4 4
      vertex 2 27.2 4
    endloop
  endfacet
  facet normal -0 0 1
    outer loop
      vertex 18.7614 23.825 4
      vertex 23.825 23.2 4
      vertex 23.825 23.825 4
    endloop
  endfacet
  facet normal 0 0 1
    outer loop
      vertex 23.825 23.2 4
      vertex 18.7614 23.825 4
      vertex 18.7614 23.2 4
    endloop
  endfacet
  facet normal 0 0 1
    outer loop
      vertex 21.3595 6.4 4
      vertex 17.85 6.14999 4
      vertex 21.3595 2.8 4
    endloop
  endfacet
  facet normal -0 0 1
    outer loop
      vertex 14.0412 6.4 4
      vertex 17.85 6.14999 4
      vertex 21.3595 6.4 4
    endloop
  endfacet
  facet normal 0 0 1
    outer loop
      vertex 17.85 6.14999 4
      vertex 14.0412 6.4 4
      vertex 14.0412 6.14999 4
    endloop
  endfacet
  facet normal 0 0 1
    outer loop
      vertex 22.1595 2.8 4
      vertex 23.825 6.4 4
      vertex 22.1595 6.4 4
    endloop
  endfacet
  facet normal 0 0 1
    outer loop
      vertex 23.825 6.4 4
      vertex 22.1595 2.8 4
      vertex 23.825 1.575 4
    endloop
  endfacet
  facet normal -0 0 1
    outer loop
      vertex 21.3595 2.8 4
      vertex 23.825 1.575 4
      vertex 22.1595 2.8 4
    endloop
  endfacet
  facet normal 0 0 1
    outer loop
      vertex 21.3595 2.8 4
      vertex 16.3646 1.575 4
      vertex 23.825 1.575 4
    endloop
  endfacet
  facet normal 0 0 1
    outer loop
      vertex 16.3646 1.575 4
      vertex 21.3595 2.8 4
      vertex 17.85 6.14999 4
    endloop
  endfacet
  facet normal -0 0 1
    outer loop
      vertex 18.2555 49.225 4
      vertex 23.825 47.2 4
      vertex 23.825 49.225 4
    endloop
  endfacet
  facet normal 0 0 1
    outer loop
      vertex 23.825 47.2 4
      vertex 18.2555 49.225 4
      vertex 18.2555 47.2 4
    endloop
  endfacet
  facet normal -0 0 1
    outer loop
      vertex 26.975 23.825 4
      vertex 33.4693 23.2 4
      vertex 33.4693 23.825 4
    endloop
  endfacet
  facet normal 0 0 1
    outer loop
      vertex 33.4693 23.2 4
      vertex 26.975 23.825 4
      vertex 26.975 23.2 4
    endloop
  endfacet
  facet normal 0 0 1
    outer loop
      vertex 29.8538 6.4 4
      vertex 26.975 6.4 4
      vertex 29.8538 2.8 4
    endloop
  endfacet
  facet normal 0 0 1
    outer loop
      vertex 37.5496 6.4 4
      vertex 32.95 6.14999 4
      vertex 37.5496 6.14999 4
    endloop
  endfacet
  facet normal 0 -0 1
    outer loop
      vertex 32.95 6.14999 4
      vertex 37.5496 6.4 4
      vertex 30.6538 6.4 4
    endloop
  endfacet
  facet normal 0 0 1
    outer loop
      vertex 30.6538 2.8 4
      vertex 32.95 6.14999 4
      vertex 30.6538 6.4 4
    endloop
  endfacet
  facet normal 0 0 1
    outer loop
      vertex 32.95 6.14999 4
      vertex 30.6538 2.8 4
      vertex 34.4354 1.575 4
    endloop
  endfacet
  facet normal 0 0 1
    outer loop
      vertex 26.975 1.575 4
      vertex 30.6538 2.8 4
      vertex 29.8538 2.8 4
    endloop
  endfacet
  facet normal 0 0 1
    outer loop
      vertex 30.6538 2.8 4
      vertex 26.975 1.575 4
      vertex 34.4354 1.575 4
    endloop
  endfacet
  facet normal 0 0 1
    outer loop
      vertex 26.975 1.575 4
      vertex 29.8538 2.8 4
      vertex 26.975 6.4 4
    endloop
  endfacet
  facet normal -0 0 1
    outer loop
      vertex 46.0863 30.4 4
      vertex 48.8 27.2 4
      vertex 48.8 30.4 4
    endloop
  endfacet
  facet normal 0 0 1
    outer loop
      vertex 48.8 27.2 4
      vertex 46.0863 30.4 4
      vertex 46.0863 27.2 4
    endloop
  endfacet
  facet normal -0 0 1
    outer loop
      vertex 42.5384 34.4 4
      vertex 48.8 31.2 4
      vertex 48.8 34.4 4
    endloop
  endfacet
  facet normal 0 0 1
    outer loop
      vertex 48.8 31.2 4
      vertex 42.5384 34.4 4
      vertex 42.5384 31.2 4
    endloop
  endfacet
  facet normal -0 0 1
    outer loop
      vertex 46.3195 46.4 4
      vertex 48.8 43.2 4
      vertex 48.8 46.4 4
    endloop
  endfacet
  facet normal 0 0 1
    outer loop
      vertex 48.8 43.2 4
      vertex 46.3195 46.4 4
      vertex 46.3195 43.2 4
    endloop
  endfacet
  facet normal 0 0 1
    outer loop
      vertex 48.8 46.4 4
      vertex 49.225 49.225 4
      vertex 48.8 49.225 4
    endloop
  endfacet
  facet normal 0 0 1
    outer loop
      vertex 48.8 43.2 4
      vertex 49.225 49.225 4
      vertex 48.8 46.4 4
    endloop
  endfacet
  facet normal 0 0 1
    outer loop
      vertex 48.8 34.4 4
      vertex 49.225 49.225 4
      vertex 48.8 43.2 4
    endloop
  endfacet
  facet normal 0 0 1
    outer loop
      vertex 49.225 49.225 4
      vertex 48.8 34.4 4
      vertex 49.225 26.975 4
    endloop
  endfacet
  facet normal -0 0 1
    outer loop
      vertex 48.8 31.2 4
      vertex 49.225 26.975 4
      vertex 48.8 34.4 4
    endloop
  endfacet
  facet normal -0 0 1
    outer loop
      vertex 48.8 30.4 4
      vertex 49.225 26.975 4
      vertex 48.8 31.2 4
    endloop
  endfacet
  facet normal -0 0 1
    outer loop
      vertex 48.8 27.2 4
      vertex 49.225 26.975 4
      vertex 48.8 30.4 4
    endloop
  endfacet
  facet normal 0 0 1
    outer loop
      vertex 49.225 26.975 4
      vertex 48.8 27.2 4
      vertex 48.8 26.975 4
    endloop
  endfacet
  facet normal -0 0 1
    outer loop
      vertex 42.3062 18.4 4
      vertex 48.8 15.2 4
      vertex 48.8 18.4 4
    endloop
  endfacet
  facet normal 0 0 1
    outer loop
      vertex 48.8 15.2 4
      vertex 42.3062 18.4 4
      vertex 42.3062 15.2 4
    endloop
  endfacet
  facet normal -0 0 1
    outer loop
      vertex 46.7549 22.4 4
      vertex 48.8 19.2 4
      vertex 48.8 22.4 4
    endloop
  endfacet
  facet normal 0 0 1
    outer loop
      vertex 48.8 19.2 4
      vertex 46.7549 22.4 4
      vertex 46.7549 19.2 4
    endloop
  endfacet
  facet normal 0 0 1
    outer loop
      vertex 48.8 22.4 4
      vertex 49.225 23.825 4
      vertex 48.8 23.825 4
    endloop
  endfacet
  facet normal 0 0 1
    outer loop
      vertex 48.8 19.2 4
      vertex 49.225 23.825 4
      vertex 48.8 22.4 4
    endloop
  endfacet
  facet normal 0 0 1
    outer loop
      vertex 48.8 18.4 4
      vertex 49.225 23.825 4
      vertex 48.8 19.2 4
    endloop
  endfacet
  facet normal 0 0 1
    outer loop
      vertex 48.8 15.2 4
      vertex 49.225 23.825 4
      vertex 48.8 18.4 4
    endloop
  endfacet
  facet normal 0 0 1
    outer loop
      vertex 49.225 23.825 4
      vertex 48.8 15.2 4
      vertex 49.225 1.575 4
    endloop
  endfacet
  facet normal -0 0 1
    outer loop
      vertex 48.8 6.4 4
      vertex 49.225 1.575 4
      vertex 48.8 15.2 4
    endloop
  endfacet
  facet normal 0 0 1
    outer loop
      vertex 46.7952 2.8 4
      vertex 48.8 6.4 4
      vertex 46.7952 6.4 4
    endloop
  endfacet
  facet normal 0 0 1
    outer loop
      vertex 48.8 6.4 4
      vertex 46.7952 2.8 4
      vertex 49.225 1.575 4
    endloop
  endfacet
  facet normal 0 0 1
    outer loop
      vertex 41.7646 1.575 4
      vertex 46.7952 2.8 4
      vertex 42.1623 2.8 4
    endloop
  endfacet
  facet normal 0 0 1
    outer loop
      vertex 46.7952 2.8 4
      vertex 41.7646 1.575 4
      vertex 49.225 1.575 4
    endloop
  endfacet
  facet normal -0 0 1
    outer loop
      vertex 10.2436 49.225 4
      vertex 17.4555 47.2 4
      vertex 17.4555 49.225 4
    endloop
  endfacet
  facet normal 0 0 1
    outer loop
      vertex 17.4555 47.2 4
      vertex 10.2436 49.225 4
      vertex 10.2436 47.2 4
    endloop
  endfacet
  facet normal -0 0 1
    outer loop
      vertex 18.4613 42.4 4
      vertex 23.825 39.2 4
      vertex 23.825 42.4 4
    endloop
  endfacet
  facet normal 0 0 1
    outer loop
      vertex 23.825 39.2 4
      vertex 18.4613 42.4 4
      vertex 18.4613 39.2 4
    endloop
  endfacet
  facet normal -0 0 1
    outer loop
      vertex 22.2381 14.4 4
      vertex 23.825 11.2 4
      vertex 23.825 14.4 4
    endloop
  endfacet
  facet normal 0 0 1
    outer loop
      vertex 23.825 11.2 4
      vertex 22.2381 14.4 4
      vertex 22.2381 11.2 4
    endloop
  endfacet
  facet normal -0 0 1
    outer loop
      vertex 26.975 14.4 4
      vertex 29.5403 11.2 4
      vertex 29.5403 14.4 4
    endloop
  endfacet
  facet normal 0 0 1
    outer loop
      vertex 29.5403 11.2 4
      vertex 26.975 14.4 4
      vertex 26.975 11.2 4
    endloop
  endfacet
  facet normal -0 0 1
    outer loop
      vertex 22.4055 38.4 4
      vertex 23.825 35.2 4
      vertex 23.825 38.4 4
    endloop
  endfacet
  facet normal 0 0 1
    outer loop
      vertex 23.825 35.2 4
      vertex 22.4055 38.4 4
      vertex 22.4055 35.2 4
    endloop
  endfacet
  facet normal -0 0 1
    outer loop
      vertex 26.975 38.4 4
      vertex 29.9825 35.2 4
      vertex 29.9825 38.4 4
    endloop
  endfacet
  facet normal 0 0 1
    outer loop
      vertex 29.9825 35.2 4
      vertex 26.975 38.4 4
      vertex 26.975 35.2 4
    endloop
  endfacet
  facet normal -0 0 1
    outer loop
      vertex 26.975 10.4 4
      vertex 33.5143 7.2 4
      vertex 33.5143 10.4 4
    endloop
  endfacet
  facet normal 0 0 1
    outer loop
      vertex 33.5143 7.2 4
      vertex 26.975 10.4 4
      vertex 26.975 7.2 4
    endloop
  endfacet
  facet normal -0 0 1
    outer loop
      vertex 34.7223 49.225 4
      vertex 41.3988 47.2 4
      vertex 41.3988 49.225 4
    endloop
  endfacet
  facet normal 0 0 1
    outer loop
      vertex 41.3988 47.2 4
      vertex 34.7223 49.225 4
      vertex 34.7223 47.2 4
    endloop
  endfacet
  facet normal -0 0 1
    outer loop
      vertex 34.2693 23.825 4
      vertex 41.6648 23.2 4
      vertex 41.6648 23.825 4
    endloop
  endfacet
  facet normal 0 0 1
    outer loop
      vertex 41.6648 23.2 4
      vertex 34.2693 23.825 4
      vertex 34.2693 23.2 4
    endloop
  endfacet
  facet normal -0 0 1
    outer loop
      vertex 10.2494 10.4 4
      vertex 17.4642 7.2 4
      vertex 17.4642 10.4 4
    endloop
  endfacet
  facet normal 0 0 1
    outer loop
      vertex 17.4642 7.2 4
      vertex 10.2494 10.4 4
      vertex 10.2494 7.2 4
    endloop
  endfacet
  facet normal -0 0 1
    outer loop
      vertex 10.6126 18.4 4
      vertex 17.9679 15.2 4
      vertex 17.9679 18.4 4
    endloop
  endfacet
  facet normal 0 0 1
    outer loop
      vertex 17.9679 15.2 4
      vertex 10.6126 18.4 4
      vertex 10.6126 15.2 4
    endloop
  endfacet
  facet normal -0 0 1
    outer loop
      vertex 6.16239 46.4 4
      vertex 13.9571 43.2 4
      vertex 13.9571 46.4 4
    endloop
  endfacet
  facet normal 0 0 1
    outer loop
      vertex 13.9571 43.2 4
      vertex 6.16239 46.4 4
      vertex 6.16239 43.2 4
    endloop
  endfacet
  facet normal -0 0 1
    outer loop
      vertex 6.14999 42.4 4
      vertex 9.90583 39.2 4
      vertex 9.90583 42.4 4
    endloop
  endfacet
  facet normal 0 0 1
    outer loop
      vertex 9.90583 39.2 4
      vertex 6.14999 42.4 4
      vertex 6.14999 39.2 4
    endloop
  endfacet
  facet normal -0 0 1
    outer loop
      vertex 10.0153 34.4 4
      vertex 17.4755 31.2 4
      vertex 17.4755 34.4 4
    endloop
  endfacet
  facet normal 0 0 1
    outer loop
      vertex 17.4755 31.2 4
      vertex 10.0153 34.4 4
      vertex 10.0153 31.2 4
    endloop
  endfacet
  facet normal -0 0 1
    outer loop
      vertex 6.14999 38.4 4
      vertex 13.3386 35.2 4
      vertex 13.3386 38.4 4
    endloop
  endfacet
  facet normal 0 0 1
    outer loop
      vertex 13.3386 35.2 4
      vertex 6.14999 38.4 4
      vertex 6.14999 35.2 4
    endloop
  endfacet
  facet normal -0 0 1
    outer loop
      vertex 14.115 30.4 4
      vertex 21.6644 27.2 4
      vertex 21.6644 30.4 4
    endloop
  endfacet
  facet normal 0 0 1
    outer loop
      vertex 21.6644 27.2 4
      vertex 14.115 30.4 4
      vertex 14.115 27.2 4
    endloop
  endfacet
  facet normal -0 0 1
    outer loop
      vertex 14.7571 46.4 4
      vertex 21.5328 43.2 4
      vertex 21.5328 46.4 4
    endloop
  endfacet
  facet normal 0 0 1
    outer loop
      vertex 21.5328 43.2 4
      vertex 14.7571 46.4 4
      vertex 14.7571 43.2 4
    endloop
  endfacet
  facet normal -0 0 1
    outer loop
      vertex 30.6792 22.4 4
      vertex 37.3058 19.2 4
      vertex 37.3058 22.4 4
    endloop
  endfacet
  facet normal 0 0 1
    outer loop
      vertex 37.3058 19.2 4
      vertex 30.6792 22.4 4
      vertex 30.6792 19.2 4
    endloop
  endfacet
  facet normal -0 0 1
    outer loop
      vertex 34.2656 18.4 4
      vertex 41.5062 15.2 4
      vertex 41.5062 18.4 4
    endloop
  endfacet
  facet normal 0 0 1
    outer loop
      vertex 41.5062 15.2 4
      vertex 34.2656 18.4 4
      vertex 34.2656 15.2 4
    endloop
  endfacet
  facet normal -0 0 1
    outer loop
      vertex 38.0264 14.4 4
      vertex 45.5225 11.2 4
      vertex 45.5225 14.4 4
    endloop
  endfacet
  facet normal 0 0 1
    outer loop
      vertex 45.5225 11.2 4
      vertex 38.0264 14.4 4
      vertex 38.0264 11.2 4
    endloop
  endfacet
  facet normal -0 0 1
    outer loop
      vertex 30.2204 30.4 4
      vertex 37.4603 27.2 4
      vertex 37.4603 30.4 4
    endloop
  endfacet
  facet normal 0 0 1
    outer loop
      vertex 37.4603 27.2 4
      vertex 30.2204 30.4 4
      vertex 30.2204 27.2 4
    endloop
  endfacet
  facet normal -0 0 1
    outer loop
      vertex 30.7825 38.4 4
      vertex 37.4533 35.2 4
      vertex 37.4533 38.4 4
    endloop
  endfacet
  facet normal 0 0 1
    outer loop
      vertex 37.4533 35.2 4
      vertex 30.7825 38.4 4
      vertex 30.7825 35.2 4
    endloop
  endfacet
  facet normal -0 0 1
    outer loop
      vertex 34.4618 34.4 4
      vertex 41.7384 31.2 4
      vertex 41.7384 34.4 4
    endloop
  endfacet
  facet normal 0 0 1
    outer loop
      vertex 41.7384 31.2 4
      vertex 34.4618 34.4 4
      vertex 34.4618 31.2 4
    endloop
  endfacet
  facet normal -0 0 1
    outer loop
      vertex 34.7991 42.4 4
      vertex 41.3108 39.2 4
      vertex 41.3108 42.4 4
    endloop
  endfacet
  facet normal 0 0 1
    outer loop
      vertex 41.3108 39.2 4
      vertex 34.7991 42.4 4
      vertex 34.7991 39.2 4
    endloop
  endfacet
  facet normal -0 0 1
    outer loop
      vertex 38.2533 38.4 4
      vertex 45.2065 35.2 4
      vertex 45.2065 38.4 4
    endloop
  endfacet
  facet normal 0 0 1
    outer loop
      vertex 45.2065 35.2 4
      vertex 38.2533 38.4 4
      vertex 38.2533 35.2 4
    endloop
  endfacet
  facet normal -1 0 0
    outer loop
      vertex 0 0 0
      vertex 0 9.54676 2.4
      vertex 0 9.54676 0
    endloop
  endfacet
  facet normal -1 -0 0
    outer loop
      vertex 0 9.54676 2.4
      vertex 0 0 0
      vertex 0 0 2.4
    endloop
  endfacet
  facet normal -1 0 0
    outer loop
      vertex 0 41.2532 0
      vertex 0 50.8 2.4
      vertex 0 50.8 0
    endloop
  endfacet
  facet normal -1 -0 0
    outer loop
      vertex 0 50.8 2.4
      vertex 0 41.2532 0
      vertex 0 41.2532 2.4
    endloop
  endfacet
  facet normal -1 0 0
    outer loop
      vertex 0 15.8532 0
      vertex 0 34.9468 2.4
      vertex 0 34.9468 0
    endloop
  endfacet
  facet normal -1 -0 0
    outer loop
      vertex 0 34.9468 2.4
      vertex 0 15.8532 0
      vertex 0 15.8532 2.4
    endloop
  endfacet
  facet normal 0 1 -0
    outer loop
      vertex 50.8 50.8 0
      vertex 41.1033 50.8 2.4
      vertex 50.8 50.8 2.4
    endloop
  endfacet
  facet normal 0 1 0
    outer loop
      vertex 41.1033 50.8 2.4
      vertex 50.8 50.8 0
      vertex 41.1033 50.8 0
    endloop
  endfacet
  facet normal 0 1 -0
    outer loop
      vertex 9.69667 50.8 0
      vertex 0 50.8 2.4
      vertex 9.69667 50.8 2.4
    endloop
  endfacet
  facet normal 0 1 0
    outer loop
      vertex 0 50.8 2.4
      vertex 9.69667 50.8 0
      vertex 0 50.8 0
    endloop
  endfacet
  facet normal 0 1 -0
    outer loop
      vertex 35.0967 50.8 0
      vertex 15.7033 50.8 2.4
      vertex 35.0967 50.8 2.4
    endloop
  endfacet
  facet normal 0 1 0
    outer loop
      vertex 15.7033 50.8 2.4
      vertex 35.0967 50.8 0
      vertex 15.7033 50.8 0
    endloop
  endfacet
  facet normal 0 -1 0
    outer loop
      vertex 41.2532 0 0
      vertex 50.8 0 2.4
      vertex 41.2532 0 2.4
    endloop
  endfacet
  facet normal 0 -1 -0
    outer loop
      vertex 50.8 0 2.4
      vertex 41.2532 0 0
      vertex 50.8 0 0
    endloop
  endfacet
  facet normal 0 -1 0
    outer loop
      vertex 0 0 0
      vertex 9.54676 0 2.4
      vertex 0 0 2.4
    endloop
  endfacet
  facet normal 0 -1 -0
    outer loop
      vertex 9.54676 0 2.4
      vertex 0 0 0
      vertex 9.54676 0 0
    endloop
  endfacet
  facet normal 0 -1 0
    outer loop
      vertex 15.8532 0 0
      vertex 34.9468 0 2.4
      vertex 15.8532 0 2.4
    endloop
  endfacet
  facet normal 0 -1 -0
    outer loop
      vertex 34.9468 0 2.4
      vertex 15.8532 0 0
      vertex 34.9468 0 0
    endloop
  endfacet
  facet normal -1 0 0
    outer loop
      vertex 26.975 49.225 2.4
      vertex 26.975 47.2 3.3
      vertex 26.975 49.225 3.78992
    endloop
  endfacet
  facet normal -1 0 0
    outer loop
      vertex 26.975 49.225 2.4
      vertex 26.975 46.4 3.3
      vertex 26.975 47.2 3.3
    endloop
  endfacet
  facet normal -1 0 0
    outer loop
      vertex 26.975 46.4 3.3
      vertex 26.975 43.2 3.3
      vertex 26.975 46.4 3.80868
    endloop
  endfacet
  facet normal -1 0 0
    outer loop
      vertex 26.975 49.225 2.4
      vertex 26.975 43.2 3.3
      vertex 26.975 46.4 3.3
    endloop
  endfacet
  facet normal -1 0 0
    outer loop
      vertex 26.975 49.225 2.4
      vertex 26.975 42.4 3.3
      vertex 26.975 43.2 3.3
    endloop
  endfacet
  facet normal -1 0 0
    outer loop
      vertex 26.975 42.4 3.3
      vertex 26.975 39.2 3.3
      vertex 26.975 42.4 3.76318
    endloop
  endfacet
  facet normal -1 0 0
    outer loop
      vertex 26.975 49.225 2.4
      vertex 26.975 39.2 3.3
      vertex 26.975 42.4 3.3
    endloop
  endfacet
  facet normal -1 0 0
    outer loop
      vertex 26.975 49.225 2.4
      vertex 26.975 38.4 3.3
      vertex 26.975 39.2 3.3
    endloop
  endfacet
  facet normal -1 0 0
    outer loop
      vertex 26.975 38.4 3.3
      vertex 26.975 35.2 3.3
      vertex 26.975 38.4 4
    endloop
  endfacet
  facet normal -1 0 0
    outer loop
      vertex 26.975 26.975 2.4
      vertex 26.975 38.4 3.3
      vertex 26.975 49.225 2.4
    endloop
  endfacet
  facet normal -1 -0 0
    outer loop
      vertex 26.975 38.4 3.3
      vertex 26.975 26.975 2.4
      vertex 26.975 35.2 3.3
    endloop
  endfacet
  facet normal -1 0 0
    outer loop
      vertex 26.975 34.4 3.3
      vertex 26.975 31.2 3.3
      vertex 26.975 34.4 3.7847
    endloop
  endfacet
  facet normal -1 -0 0
    outer loop
      vertex 26.975 35.2 3.3
      vertex 26.975 26.975 2.4
      vertex 26.975 34.4 3.3
    endloop
  endfacet
  facet normal -1 -0 0
    outer loop
      vertex 26.975 34.4 3.3
      vertex 26.975 26.975 2.4
      vertex 26.975 31.2 3.3
    endloop
  endfacet
  facet normal -1 0 0
    outer loop
      vertex 26.975 30.4 3.3
      vertex 26.975 27.2 3.3
      vertex 26.975 30.4 3.79787
    endloop
  endfacet
  facet normal -1 -0 0
    outer loop
      vertex 26.975 31.2 3.3
      vertex 26.975 26.975 2.4
      vertex 26.975 30.4 3.3
    endloop
  endfacet
  facet normal -1 -0 0
    outer loop
      vertex 26.975 30.4 3.3
      vertex 26.975 26.975 2.4
      vertex 26.975 27.2 3.3
    endloop
  endfacet
  facet normal -1 -0 0
    outer loop
      vertex 26.975 27.2 3.3
      vertex 26.975 26.975 2.4
      vertex 26.975 26.975 3.3
    endloop
  endfacet
  facet normal -1 -0 0
    outer loop
      vertex 26.975 49.225 3.78992
      vertex 26.975 47.2 3.3
      vertex 26.975 47.2 3.78992
    endloop
  endfacet
  facet normal -1 -0 0
    outer loop
      vertex 26.975 46.4 3.80868
      vertex 26.975 43.2 3.3
      vertex 26.975 43.2 3.80868
    endloop
  endfacet
  facet normal -1 -0 0
    outer loop
      vertex 26.975 42.4 3.76318
      vertex 26.975 39.2 3.3
      vertex 26.975 39.2 3.76318
    endloop
  endfacet
  facet normal -1 -0 0
    outer loop
      vertex 26.975 38.4 4
      vertex 26.975 35.2 3.3
      vertex 26.975 35.2 4
    endloop
  endfacet
  facet normal -1 -0 0
    outer loop
      vertex 26.975 34.4 3.7847
      vertex 26.975 31.2 3.3
      vertex 26.975 31.2 3.7847
    endloop
  endfacet
  facet normal -1 -0 0
    outer loop
      vertex 26.975 30.4 3.79787
      vertex 26.975 27.2 3.3
      vertex 26.975 27.2 3.79787
    endloop
  endfacet
  facet normal -1 0 0
    outer loop
      vertex 26.975 23.825 2.4
      vertex 26.975 23.2 3.3
      vertex 26.975 23.825 4
    endloop
  endfacet
  facet normal -1 0 0
    outer loop
      vertex 26.975 23.825 2.4
      vertex 26.975 22.4 3.3
      vertex 26.975 23.2 3.3
    endloop
  endfacet
  facet normal -1 0 0
    outer loop
      vertex 26.975 22.4 3.3
      vertex 26.975 19.2 3.3
      vertex 26.975 22.4 3.74968
    endloop
  endfacet
  facet normal -1 0 0
    outer loop
      vertex 26.975 23.825 2.4
      vertex 26.975 19.2 3.3
      vertex 26.975 22.4 3.3
    endloop
  endfacet
  facet normal -1 0 0
    outer loop
      vertex 26.975 23.825 2.4
      vertex 26.975 18.4 3.3
      vertex 26.975 19.2 3.3
    endloop
  endfacet
  facet normal -1 0 0
    outer loop
      vertex 26.975 18.4 3.3
      vertex 26.975 15.2 3.3
      vertex 26.975 18.4 3.74993
    endloop
  endfacet
  facet normal -1 0 0
    outer loop
      vertex 26.975 23.825 2.4
      vertex 26.975 15.2 3.3
      vertex 26.975 18.4 3.3
    endloop
  endfacet
  facet normal -1 0 0
    outer loop
      vertex 26.975 23.825 2.4
      vertex 26.975 14.4 3.3
      vertex 26.975 15.2 3.3
    endloop
  endfacet
  facet normal -1 0 0
    outer loop
      vertex 26.975 14.4 3.3
      vertex 26.975 11.2 3.3
      vertex 26.975 14.4 4
    endloop
  endfacet
  facet normal -1 0 0
    outer loop
      vertex 26.975 23.825 2.4
      vertex 26.975 11.2 3.3
      vertex 26.975 14.4 3.3
    endloop
  endfacet
  facet normal -1 0 0
    outer loop
      vertex 26.975 1.575 2.4
      vertex 26.975 11.2 3.3
      vertex 26.975 23.825 2.4
    endloop
  endfacet
  facet normal -1 0 0
    outer loop
      vertex 26.975 10.4 3.3
      vertex 26.975 7.2 3.3
      vertex 26.975 10.4 4
    endloop
  endfacet
  facet normal -1 -0 0
    outer loop
      vertex 26.975 11.2 3.3
      vertex 26.975 1.575 2.4
      vertex 26.975 10.4 3.3
    endloop
  endfacet
  facet normal -1 -0 0
    outer loop
      vertex 26.975 10.4 3.3
      vertex 26.975 1.575 2.4
      vertex 26.975 7.2 3.3
    endloop
  endfacet
  facet normal -1 -0 0
    outer loop
      vertex 26.975 7.2 3.3
      vertex 26.975 1.575 2.4
      vertex 26.975 6.4 3.3
    endloop
  endfacet
  facet normal -1 0 0
    outer loop
      vertex 26.975 1.575 4
      vertex 26.975 6.4 3.3
      vertex 26.975 1.575 2.4
    endloop
  endfacet
  facet normal -1 0 0
    outer loop
      vertex 26.975 6.4 3.3
      vertex 26.975 1.575 4
      vertex 26.975 6.4 4
    endloop
  endfacet
  facet normal -1 -0 0
    outer loop
      vertex 26.975 23.825 4
      vertex 26.975 23.2 3.3
      vertex 26.975 23.2 4
    endloop
  endfacet
  facet normal -1 -0 0
    outer loop
      vertex 26.975 22.4 3.74968
      vertex 26.975 19.2 3.3
      vertex 26.975 19.2 3.74968
    endloop
  endfacet
  facet normal -1 -0 0
    outer loop
      vertex 26.975 18.4 3.74993
      vertex 26.975 15.2 3.3
      vertex 26.975 15.2 3.74993
    endloop
  endfacet
  facet normal -1 -0 0
    outer loop
      vertex 26.975 14.4 4
      vertex 26.975 11.2 3.3
      vertex 26.975 11.2 4
    endloop
  endfacet
  facet normal -1 -0 0
    outer loop
      vertex 26.975 10.4 4
      vertex 26.975 7.2 3.3
      vertex 26.975 7.2 4
    endloop
  endfacet
  facet normal 1 0 0
    outer loop
      vertex 23.825 30.4 3.79787
      vertex 23.825 27.2 3.79787
      vertex 23.825 30.4 3.3
    endloop
  endfacet
  facet normal 1 0 0
    outer loop
      vertex 23.825 34.4 3.73413
      vertex 23.825 31.2 3.73413
      vertex 23.825 34.4 3.3
    endloop
  endfacet
  facet normal 1 0 0
    outer loop
      vertex 23.825 38.4 4
      vertex 23.825 35.2 4
      vertex 23.825 38.4 3.3
    endloop
  endfacet
  facet normal 1 0 0
    outer loop
      vertex 23.825 42.4 4
      vertex 23.825 39.2 4
      vertex 23.825 42.4 3.3
    endloop
  endfacet
  facet normal 1 0 0
    outer loop
      vertex 23.825 46.4 3.80868
      vertex 23.825 43.2 3.80868
      vertex 23.825 46.4 3.3
    endloop
  endfacet
  facet normal 1 0 0
    outer loop
      vertex 23.825 47.2 3.3
      vertex 23.825 49.225 4
      vertex 23.825 47.2 4
    endloop
  endfacet
  facet normal 1 0 0
    outer loop
      vertex 23.825 49.225 4
      vertex 23.825 47.2 3.3
      vertex 23.825 49.225 2.4
    endloop
  endfacet
  facet normal 1 -0 0
    outer loop
      vertex 23.825 46.4 3.3
      vertex 23.825 49.225 2.4
      vertex 23.825 47.2 3.3
    endloop
  endfacet
  facet normal 1 0 0
    outer loop
      vertex 23.825 43.2 3.3
      vertex 23.825 46.4 3.3
      vertex 23.825 43.2 3.80868
    endloop
  endfacet
  facet normal 1 0 0
    outer loop
      vertex 23.825 46.4 3.3
      vertex 23.825 43.2 3.3
      vertex 23.825 49.225 2.4
    endloop
  endfacet
  facet normal 1 -0 0
    outer loop
      vertex 23.825 42.4 3.3
      vertex 23.825 49.225 2.4
      vertex 23.825 43.2 3.3
    endloop
  endfacet
  facet normal 1 0 0
    outer loop
      vertex 23.825 39.2 3.3
      vertex 23.825 42.4 3.3
      vertex 23.825 39.2 4
    endloop
  endfacet
  facet normal 1 -0 0
    outer loop
      vertex 23.825 39.2 3.3
      vertex 23.825 49.225 2.4
      vertex 23.825 42.4 3.3
    endloop
  endfacet
  facet normal 1 -0 0
    outer loop
      vertex 23.825 38.4 3.3
      vertex 23.825 49.225 2.4
      vertex 23.825 39.2 3.3
    endloop
  endfacet
  facet normal 1 0 0
    outer loop
      vertex 23.825 35.2 3.3
      vertex 23.825 38.4 3.3
      vertex 23.825 35.2 4
    endloop
  endfacet
  facet normal 1 0 0
    outer loop
      vertex 23.825 26.975 2.4
      vertex 23.825 38.4 3.3
      vertex 23.825 35.2 3.3
    endloop
  endfacet
  facet normal 1 0 0
    outer loop
      vertex 23.825 26.975 2.4
      vertex 23.825 35.2 3.3
      vertex 23.825 34.4 3.3
    endloop
  endfacet
  facet normal 1 0 0
    outer loop
      vertex 23.825 31.2 3.3
      vertex 23.825 34.4 3.3
      vertex 23.825 31.2 3.73413
    endloop
  endfacet
  facet normal 1 0 0
    outer loop
      vertex 23.825 26.975 2.4
      vertex 23.825 34.4 3.3
      vertex 23.825 31.2 3.3
    endloop
  endfacet
  facet normal 1 0 0
    outer loop
      vertex 23.825 26.975 2.4
      vertex 23.825 31.2 3.3
      vertex 23.825 30.4 3.3
    endloop
  endfacet
  facet normal 1 0 0
    outer loop
      vertex 23.825 27.2 3.3
      vertex 23.825 30.4 3.3
      vertex 23.825 27.2 3.79787
    endloop
  endfacet
  facet normal 1 0 0
    outer loop
      vertex 23.825 26.975 2.4
      vertex 23.825 30.4 3.3
      vertex 23.825 27.2 3.3
    endloop
  endfacet
  facet normal 1 0 0
    outer loop
      vertex 23.825 26.975 2.4
      vertex 23.825 27.2 3.3
      vertex 23.825 26.975 3.3
    endloop
  endfacet
  facet normal 1 0 0
    outer loop
      vertex 23.825 38.4 3.3
      vertex 23.825 26.975 2.4
      vertex 23.825 49.225 2.4
    endloop
  endfacet
  facet normal 1 0 0
    outer loop
      vertex 23.825 6.4 4
      vertex 23.825 1.575 4
      vertex 23.825 6.4 3.3
    endloop
  endfacet
  facet normal 1 0 0
    outer loop
      vertex 23.825 10.4 3.78497
      vertex 23.825 7.2 3.78497
      vertex 23.825 10.4 3.3
    endloop
  endfacet
  facet normal 1 0 0
    outer loop
      vertex 23.825 14.4 4
      vertex 23.825 11.2 4
      vertex 23.825 14.4 3.3
    endloop
  endfacet
  facet normal 1 0 0
    outer loop
      vertex 23.825 18.4 3.71866
      vertex 23.825 15.2 3.71866
      vertex 23.825 18.4 3.3
    endloop
  endfacet
  facet normal 1 0 0
    outer loop
      vertex 23.825 22.4 3.74968
      vertex 23.825 19.2 3.74968
      vertex 23.825 22.4 3.3
    endloop
  endfacet
  facet normal 1 0 0
    outer loop
      vertex 23.825 23.2 3.3
      vertex 23.825 23.825 4
      vertex 23.825 23.2 4
    endloop
  endfacet
  facet normal 1 0 0
    outer loop
      vertex 23.825 23.825 4
      vertex 23.825 23.2 3.3
      vertex 23.825 23.825 2.4
    endloop
  endfacet
  facet normal 1 -0 0
    outer loop
      vertex 23.825 22.4 3.3
      vertex 23.825 23.825 2.4
      vertex 23.825 23.2 3.3
    endloop
  endfacet
  facet normal 1 0 0
    outer loop
      vertex 23.825 19.2 3.3
      vertex 23.825 22.4 3.3
      vertex 23.825 19.2 3.74968
    endloop
  endfacet
  facet normal 1 0 0
    outer loop
      vertex 23.825 22.4 3.3
      vertex 23.825 19.2 3.3
      vertex 23.825 23.825 2.4
    endloop
  endfacet
  facet normal 1 -0 0
    outer loop
      vertex 23.825 18.4 3.3
      vertex 23.825 23.825 2.4
      vertex 23.825 19.2 3.3
    endloop
  endfacet
  facet normal 1 0 0
    outer loop
      vertex 23.825 15.2 3.3
      vertex 23.825 18.4 3.3
      vertex 23.825 15.2 3.71866
    endloop
  endfacet
  facet normal 1 0 0
    outer loop
      vertex 23.825 18.4 3.3
      vertex 23.825 15.2 3.3
      vertex 23.825 23.825 2.4
    endloop
  endfacet
  facet normal 1 -0 0
    outer loop
      vertex 23.825 14.4 3.3
      vertex 23.825 23.825 2.4
      vertex 23.825 15.2 3.3
    endloop
  endfacet
  facet normal 1 0 0
    outer loop
      vertex 23.825 11.2 3.3
      vertex 23.825 14.4 3.3
      vertex 23.825 11.2 4
    endloop
  endfacet
  facet normal 1 -0 0
    outer loop
      vertex 23.825 11.2 3.3
      vertex 23.825 23.825 2.4
      vertex 23.825 14.4 3.3
    endloop
  endfacet
  facet normal 1 0 0
    outer loop
      vertex 23.825 1.575 2.4
      vertex 23.825 11.2 3.3
      vertex 23.825 10.4 3.3
    endloop
  endfacet
  facet normal 1 0 0
    outer loop
      vertex 23.825 7.2 3.3
      vertex 23.825 10.4 3.3
      vertex 23.825 7.2 3.78497
    endloop
  endfacet
  facet normal 1 0 0
    outer loop
      vertex 23.825 1.575 2.4
      vertex 23.825 10.4 3.3
      vertex 23.825 7.2 3.3
    endloop
  endfacet
  facet normal 1 0 0
    outer loop
      vertex 23.825 1.575 2.4
      vertex 23.825 7.2 3.3
      vertex 23.825 6.4 3.3
    endloop
  endfacet
  facet normal 1 0 0
    outer loop
      vertex 23.825 11.2 3.3
      vertex 23.825 1.575 2.4
      vertex 23.825 23.825 2.4
    endloop
  endfacet
  facet normal 1 0 0
    outer loop
      vertex 23.825 1.575 2.4
      vertex 23.825 6.4 3.3
      vertex 23.825 1.575 4
    endloop
  endfacet
  facet normal 0 -1 0
    outer loop
      vertex 1.575 26.975 4
      vertex 2 26.975 3.3
      vertex 2 26.975 4
    endloop
  endfacet
  facet normal 0 -1 0
    outer loop
      vertex 1.575 26.975 2.4
      vertex 2 26.975 3.3
      vertex 1.575 26.975 4
    endloop
  endfacet
  facet normal 0 -1 0
    outer loop
      vertex 23.825 26.975 2.4
      vertex 2 26.975 3.3
      vertex 1.575 26.975 2.4
    endloop
  endfacet
  facet normal 0 -1 0
    outer loop
      vertex 2 26.975 3.3
      vertex 23.825 26.975 2.4
      vertex 23.825 26.975 3.3
    endloop
  endfacet
  facet normal 0 -1 0
    outer loop
      vertex 26.975 26.975 3.3
      vertex 26.975 26.975 2.4
      vertex 48.8 26.975 3.3
    endloop
  endfacet
  facet normal 0 -1 0
    outer loop
      vertex 48.8 26.975 3.3
      vertex 49.225 26.975 4
      vertex 48.8 26.975 4
    endloop
  endfacet
  facet normal 0 -1 0
    outer loop
      vertex 48.8 26.975 3.3
      vertex 49.225 26.975 2.4
      vertex 49.225 26.975 4
    endloop
  endfacet
  facet normal 0 -1 0
    outer loop
      vertex 49.225 26.975 2.4
      vertex 48.8 26.975 3.3
      vertex 26.975 26.975 2.4
    endloop
  endfacet
  facet normal 0 1 0
    outer loop
      vertex 23.825 23.825 4
      vertex 18.7614 23.825 3.3
      vertex 18.7614 23.825 4
    endloop
  endfacet
  facet normal 0 1 0
    outer loop
      vertex 23.825 23.825 2.4
      vertex 17.9614 23.825 3.3
      vertex 18.7614 23.825 3.3
    endloop
  endfacet
  facet normal 0 1 0
    outer loop
      vertex 17.9614 23.825 3.3
      vertex 23.825 23.825 2.4
      vertex 10.296 23.825 3.3
    endloop
  endfacet
  facet normal 0 1 0
    outer loop
      vertex 1.575 23.825 2.4
      vertex 10.296 23.825 3.3
      vertex 23.825 23.825 2.4
    endloop
  endfacet
  facet normal 0 1 -0
    outer loop
      vertex 23.825 23.825 2.4
      vertex 18.7614 23.825 3.3
      vertex 23.825 23.825 4
    endloop
  endfacet
  facet normal 0 1 -0
    outer loop
      vertex 17.9614 23.825 3.3
      vertex 10.296 23.825 3.7432
      vertex 17.9614 23.825 3.7432
    endloop
  endfacet
  facet normal 0 1 0
    outer loop
      vertex 10.296 23.825 3.7432
      vertex 17.9614 23.825 3.3
      vertex 10.296 23.825 3.3
    endloop
  endfacet
  facet normal 0 1 0
    outer loop
      vertex 9.49605 23.825 3.81785
      vertex 9.49605 23.825 3.3
      vertex 2 23.825 3.81785
    endloop
  endfacet
  facet normal 0 1 -0
    outer loop
      vertex 2 23.825 3.81785
      vertex 1.575 23.825 4
      vertex 2 23.825 4
    endloop
  endfacet
  facet normal 0 1 0
    outer loop
      vertex 2 23.825 3.81785
      vertex 1.575 23.825 2.4
      vertex 1.575 23.825 4
    endloop
  endfacet
  facet normal 0 1 0
    outer loop
      vertex 9.49605 23.825 3.3
      vertex 1.575 23.825 2.4
      vertex 2 23.825 3.81785
    endloop
  endfacet
  facet normal 0 1 0
    outer loop
      vertex 10.296 23.825 3.3
      vertex 1.575 23.825 2.4
      vertex 9.49605 23.825 3.3
    endloop
  endfacet
  facet normal 0 1 0
    outer loop
      vertex 49.225 23.825 4
      vertex 48.8 23.825 3.81024
      vertex 48.8 23.825 4
    endloop
  endfacet
  facet normal 0 1 0
    outer loop
      vertex 48.8 23.825 3.81024
      vertex 42.4648 23.825 3.3
      vertex 42.4648 23.825 3.81024
    endloop
  endfacet
  facet normal 0 1 0
    outer loop
      vertex 49.225 23.825 2.4
      vertex 41.6648 23.825 3.3
      vertex 42.4648 23.825 3.3
    endloop
  endfacet
  facet normal 0 1 0
    outer loop
      vertex 41.6648 23.825 3.3
      vertex 49.225 23.825 2.4
      vertex 34.2693 23.825 3.3
    endloop
  endfacet
  facet normal 0 1 0
    outer loop
      vertex 26.975 23.825 2.4
      vertex 34.2693 23.825 3.3
      vertex 49.225 23.825 2.4
    endloop
  endfacet
  facet normal 0 1 0
    outer loop
      vertex 48.8 23.825 3.81024
      vertex 49.225 23.825 2.4
      vertex 42.4648 23.825 3.3
    endloop
  endfacet
  facet normal 0 1 -0
    outer loop
      vertex 49.225 23.825 2.4
      vertex 48.8 23.825 3.81024
      vertex 49.225 23.825 4
    endloop
  endfacet
  facet normal 0 1 -0
    outer loop
      vertex 41.6648 23.825 3.3
      vertex 34.2693 23.825 4
      vertex 41.6648 23.825 4
    endloop
  endfacet
  facet normal 0 1 0
    outer loop
      vertex 34.2693 23.825 4
      vertex 41.6648 23.825 3.3
      vertex 34.2693 23.825 3.3
    endloop
  endfacet
  facet normal 0 1 -0
    outer loop
      vertex 33.4693 23.825 3.3
      vertex 26.975 23.825 4
      vertex 33.4693 23.825 4
    endloop
  endfacet
  facet normal 0 1 0
    outer loop
      vertex 33.4693 23.825 3.3
      vertex 26.975 23.825 2.4
      vertex 26.975 23.825 4
    endloop
  endfacet
  facet normal 0 1 0
    outer loop
      vertex 34.2693 23.825 3.3
      vertex 26.975 23.825 2.4
      vertex 33.4693 23.825 3.3
    endloop
  endfacet
  facet normal 0 -1 0
    outer loop
      vertex 1.575 1.575 2.4
      vertex 9.0354 1.575 4
      vertex 1.575 1.575 4
    endloop
  endfacet
  facet normal 0 -1 -0
    outer loop
      vertex 9.0354 1.575 4
      vertex 1.575 1.575 2.4
      vertex 9.0354 1.575 2.4
    endloop
  endfacet
  facet normal 0 -1 0
    outer loop
      vertex 41.7646 1.575 2.4
      vertex 49.225 1.575 4
      vertex 41.7646 1.575 4
    endloop
  endfacet
  facet normal 0 -1 -0
    outer loop
      vertex 49.225 1.575 4
      vertex 41.7646 1.575 2.4
      vertex 49.225 1.575 2.4
    endloop
  endfacet
  facet normal 0 -1 0
    outer loop
      vertex 16.3646 1.575 2.4
      vertex 23.825 1.575 4
      vertex 16.3646 1.575 4
    endloop
  endfacet
  facet normal 0 -1 -0
    outer loop
      vertex 23.825 1.575 4
      vertex 16.3646 1.575 2.4
      vertex 23.825 1.575 2.4
    endloop
  endfacet
  facet normal 0 -1 0
    outer loop
      vertex 26.975 1.575 2.4
      vertex 34.4354 1.575 4
      vertex 26.975 1.575 4
    endloop
  endfacet
  facet normal 0 -1 -0
    outer loop
      vertex 34.4354 1.575 4
      vertex 26.975 1.575 2.4
      vertex 34.4354 1.575 2.4
    endloop
  endfacet
  facet normal 0 1 0
    outer loop
      vertex 49.225 49.225 4
      vertex 48.8 49.225 3.73278
      vertex 48.8 49.225 4
    endloop
  endfacet
  facet normal 0 1 0
    outer loop
      vertex 48.8 49.225 3.73278
      vertex 42.1988 49.225 3.3
      vertex 42.1988 49.225 3.73278
    endloop
  endfacet
  facet normal 0 1 0
    outer loop
      vertex 49.225 49.225 2.4
      vertex 41.3988 49.225 3.3
      vertex 42.1988 49.225 3.3
    endloop
  endfacet
  facet normal 0 1 0
    outer loop
      vertex 41.3988 49.225 3.3
      vertex 49.225 49.225 2.4
      vertex 34.7223 49.225 3.3
    endloop
  endfacet
  facet normal 0 1 0
    outer loop
      vertex 26.975 49.225 2.4
      vertex 34.7223 49.225 3.3
      vertex 49.225 49.225 2.4
    endloop
  endfacet
  facet normal 0 1 0
    outer loop
      vertex 48.8 49.225 3.73278
      vertex 49.225 49.225 2.4
      vertex 42.1988 49.225 3.3
    endloop
  endfacet
  facet normal 0 1 -0
    outer loop
      vertex 49.225 49.225 2.4
      vertex 48.8 49.225 3.73278
      vertex 49.225 49.225 4
    endloop
  endfacet
  facet normal 0 1 -0
    outer loop
      vertex 41.3988 49.225 3.3
      vertex 34.7223 49.225 4
      vertex 41.3988 49.225 4
    endloop
  endfacet
  facet normal 0 1 0
    outer loop
      vertex 34.7223 49.225 4
      vertex 41.3988 49.225 3.3
      vertex 34.7223 49.225 3.3
    endloop
  endfacet
  facet normal 0 1 -0
    outer loop
      vertex 33.9223 49.225 3.3
      vertex 26.975 49.225 3.78992
      vertex 33.9223 49.225 3.78992
    endloop
  endfacet
  facet normal 0 1 0
    outer loop
      vertex 33.9223 49.225 3.3
      vertex 26.975 49.225 2.4
      vertex 26.975 49.225 3.78992
    endloop
  endfacet
  facet normal 0 1 0
    outer loop
      vertex 34.7223 49.225 3.3
      vertex 26.975 49.225 2.4
      vertex 33.9223 49.225 3.3
    endloop
  endfacet
  facet normal 0 1 0
    outer loop
      vertex 23.825 49.225 4
      vertex 18.2555 49.225 3.3
      vertex 18.2555 49.225 4
    endloop
  endfacet
  facet normal 0 1 0
    outer loop
      vertex 23.825 49.225 2.4
      vertex 17.4555 49.225 3.3
      vertex 18.2555 49.225 3.3
    endloop
  endfacet
  facet normal 0 1 0
    outer loop
      vertex 17.4555 49.225 3.3
      vertex 23.825 49.225 2.4
      vertex 10.2436 49.225 3.3
    endloop
  endfacet
  facet normal 0 1 0
    outer loop
      vertex 1.575 49.225 2.4
      vertex 10.2436 49.225 3.3
      vertex 23.825 49.225 2.4
    endloop
  endfacet
  facet normal 0 1 -0
    outer loop
      vertex 23.825 49.225 2.4
      vertex 18.2555 49.225 3.3
      vertex 23.825 49.225 4
    endloop
  endfacet
  facet normal 0 1 -0
    outer loop
      vertex 17.4555 49.225 3.3
      vertex 10.2436 49.225 4
      vertex 17.4555 49.225 4
    endloop
  endfacet
  facet normal 0 1 0
    outer loop
      vertex 10.2436 49.225 4
      vertex 17.4555 49.225 3.3
      vertex 10.2436 49.225 3.3
    endloop
  endfacet
  facet normal 0 1 -0
    outer loop
      vertex 9.44363 49.225 3.3
      vertex 1.575 49.225 4
      vertex 9.44363 49.225 4
    endloop
  endfacet
  facet normal 0 1 0
    outer loop
      vertex 9.44363 49.225 3.3
      vertex 1.575 49.225 2.4
      vertex 1.575 49.225 4
    endloop
  endfacet
  facet normal 0 1 0
    outer loop
      vertex 10.2436 49.225 3.3
      vertex 1.575 49.225 2.4
      vertex 9.44363 49.225 3.3
    endloop
  endfacet
  facet normal -1 0 0
    outer loop
      vertex 1.575 1.575 2.4
      vertex 1.575 9.0354 4
      vertex 1.575 9.0354 2.4
    endloop
  endfacet
  facet normal -1 -0 0
    outer loop
      vertex 1.575 9.0354 4
      vertex 1.575 1.575 2.4
      vertex 1.575 1.575 4
    endloop
  endfacet
  facet normal -1 0 0
    outer loop
      vertex 1.575 41.7646 2.4
      vertex 1.575 49.225 4
      vertex 1.575 49.225 2.4
    endloop
  endfacet
  facet normal -1 -0 0
    outer loop
      vertex 1.575 49.225 4
      vertex 1.575 41.7646 2.4
      vertex 1.575 41.7646 4
    endloop
  endfacet
  facet normal -1 0 0
    outer loop
      vertex 1.575 16.3646 2.4
      vertex 1.575 23.825 4
      vertex 1.575 23.825 2.4
    endloop
  endfacet
  facet normal -1 -0 0
    outer loop
      vertex 1.575 23.825 4
      vertex 1.575 16.3646 2.4
      vertex 1.575 16.3646 4
    endloop
  endfacet
  facet normal -1 0 0
    outer loop
      vertex 1.575 26.975 2.4
      vertex 1.575 34.4354 4
      vertex 1.575 34.4354 2.4
    endloop
  endfacet
  facet normal -1 -0 0
    outer loop
      vertex 1.575 34.4354 4
      vertex 1.575 26.975 2.4
      vertex 1.575 26.975 4
    endloop
  endfacet
  facet normal 1 -0 0
    outer loop
      vertex 49.225 26.975 4
      vertex 49.225 49.225 2.4
      vertex 49.225 49.225 4
    endloop
  endfacet
  facet normal 1 0 0
    outer loop
      vertex 49.225 49.225 2.4
      vertex 49.225 26.975 4
      vertex 49.225 26.975 2.4
    endloop
  endfacet
  facet normal 1 -0 0
    outer loop
      vertex 49.225 1.575 4
      vertex 49.225 23.825 2.4
      vertex 49.225 23.825 4
    endloop
  endfacet
  facet normal 1 0 0
    outer loop
      vertex 49.225 23.825 2.4
      vertex 49.225 1.575 4
      vertex 49.225 1.575 2.4
    endloop
  endfacet
  facet normal -1 0 0
    outer loop
      vertex 48.8 47.2 3.3
      vertex 48.8 46.4 3.3
      vertex 48.8 47.2 3.73278
    endloop
  endfacet
  facet normal -1 0 0
    outer loop
      vertex 48.8 47.2 3.73278
      vertex 48.8 49.225 4
      vertex 48.8 49.225 3.73278
    endloop
  endfacet
  facet normal -1 0 0
    outer loop
      vertex 48.8 47.2 3.73278
      vertex 48.8 46.4 4
      vertex 48.8 49.225 4
    endloop
  endfacet
  facet normal -1 0 0
    outer loop
      vertex 48.8 46.4 4
      vertex 48.8 47.2 3.73278
      vertex 48.8 46.4 3.3
    endloop
  endfacet
  facet normal 0 1 -0
    outer loop
      vertex 5.36239 46.4 3.3
      vertex 2 46.4 4
      vertex 5.36239 46.4 4
    endloop
  endfacet
  facet normal 0 1 0
    outer loop
      vertex 2 46.4 4
      vertex 5.36239 46.4 3.3
      vertex 2 46.4 3.3
    endloop
  endfacet
  facet normal 0 1 -0
    outer loop
      vertex 48.8 46.4 3.3
      vertex 46.3195 46.4 4
      vertex 48.8 46.4 4
    endloop
  endfacet
  facet normal 0 1 0
    outer loop
      vertex 46.3195 46.4 4
      vertex 48.8 46.4 3.3
      vertex 46.3195 46.4 3.3
    endloop
  endfacet
  facet normal 0 1 -0
    outer loop
      vertex 13.9571 46.4 3.3
      vertex 6.16239 46.4 4
      vertex 13.9571 46.4 4
    endloop
  endfacet
  facet normal 0 1 0
    outer loop
      vertex 6.16239 46.4 4
      vertex 13.9571 46.4 3.3
      vertex 6.16239 46.4 3.3
    endloop
  endfacet
  facet normal 0 1 -0
    outer loop
      vertex 21.5328 46.4 3.3
      vertex 14.7571 46.4 4
      vertex 21.5328 46.4 4
    endloop
  endfacet
  facet normal 0 1 0
    outer loop
      vertex 14.7571 46.4 4
      vertex 21.5328 46.4 3.3
      vertex 14.7571 46.4 3.3
    endloop
  endfacet
  facet normal 0 1 -0
    outer loop
      vertex 23.825 46.4 3.3
      vertex 22.3328 46.4 3.80868
      vertex 23.825 46.4 3.80868
    endloop
  endfacet
  facet normal 0 1 0
    outer loop
      vertex 22.3328 46.4 3.80868
      vertex 23.825 46.4 3.3
      vertex 22.3328 46.4 3.3
    endloop
  endfacet
  facet normal 0 1 -0
    outer loop
      vertex 29.2217 46.4 3.3
      vertex 26.975 46.4 3.80868
      vertex 29.2217 46.4 3.80868
    endloop
  endfacet
  facet normal 0 1 0
    outer loop
      vertex 26.975 46.4 3.80868
      vertex 29.2217 46.4 3.3
      vertex 26.975 46.4 3.3
    endloop
  endfacet
  facet normal 0 1 -0
    outer loop
      vertex 37.836 46.4 3.3
      vertex 30.0217 46.4 3.82299
      vertex 37.836 46.4 3.82299
    endloop
  endfacet
  facet normal 0 1 0
    outer loop
      vertex 30.0217 46.4 3.82299
      vertex 37.836 46.4 3.3
      vertex 30.0217 46.4 3.3
    endloop
  endfacet
  facet normal 0 1 -0
    outer loop
      vertex 45.5195 46.4 3.3
      vertex 38.636 46.4 3.7029
      vertex 45.5195 46.4 3.7029
    endloop
  endfacet
  facet normal 0 1 0
    outer loop
      vertex 38.636 46.4 3.7029
      vertex 45.5195 46.4 3.3
      vertex 38.636 46.4 3.3
    endloop
  endfacet
  facet normal 0 -1 0
    outer loop
      vertex 42.1988 47.2 3.3
      vertex 48.8 47.2 3.73278
      vertex 42.1988 47.2 3.73278
    endloop
  endfacet
  facet normal 0 -1 -0
    outer loop
      vertex 48.8 47.2 3.73278
      vertex 42.1988 47.2 3.3
      vertex 48.8 47.2 3.3
    endloop
  endfacet
  facet normal 0 -1 0
    outer loop
      vertex 2 47.2 3.3
      vertex 9.44363 47.2 4
      vertex 2 47.2 4
    endloop
  endfacet
  facet normal 0 -1 -0
    outer loop
      vertex 9.44363 47.2 4
      vertex 2 47.2 3.3
      vertex 9.44363 47.2 3.3
    endloop
  endfacet
  facet normal 0 -1 0
    outer loop
      vertex 10.2436 47.2 3.3
      vertex 17.4555 47.2 4
      vertex 10.2436 47.2 4
    endloop
  endfacet
  facet normal 0 -1 -0
    outer loop
      vertex 17.4555 47.2 4
      vertex 10.2436 47.2 3.3
      vertex 17.4555 47.2 3.3
    endloop
  endfacet
  facet normal 0 -1 0
    outer loop
      vertex 18.2555 47.2 3.3
      vertex 23.825 47.2 4
      vertex 18.2555 47.2 4
    endloop
  endfacet
  facet normal 0 -1 -0
    outer loop
      vertex 23.825 47.2 4
      vertex 18.2555 47.2 3.3
      vertex 23.825 47.2 3.3
    endloop
  endfacet
  facet normal 0 -1 0
    outer loop
      vertex 26.975 47.2 3.3
      vertex 33.9223 47.2 3.78992
      vertex 26.975 47.2 3.78992
    endloop
  endfacet
  facet normal 0 -1 -0
    outer loop
      vertex 33.9223 47.2 3.78992
      vertex 26.975 47.2 3.3
      vertex 33.9223 47.2 3.3
    endloop
  endfacet
  facet normal 0 -1 0
    outer loop
      vertex 34.7223 47.2 3.3
      vertex 41.3988 47.2 4
      vertex 34.7223 47.2 4
    endloop
  endfacet
  facet normal 0 -1 -0
    outer loop
      vertex 41.3988 47.2 4
      vertex 34.7223 47.2 3.3
      vertex 41.3988 47.2 3.3
    endloop
  endfacet
  facet normal 1 -0 0
    outer loop
      vertex 2 46.4 4
      vertex 2 47.2 3.3
      vertex 2 47.2 4
    endloop
  endfacet
  facet normal 1 0 0
    outer loop
      vertex 2 47.2 3.3
      vertex 2 46.4 4
      vertex 2 46.4 3.3
    endloop
  endfacet
  facet normal 0 0 1
    outer loop
      vertex 34.2693 23.825 3.3
      vertex 33.4693 23.825 3.3
      vertex 34.2693 23.2 3.3
    endloop
  endfacet
  facet normal 0 0 1
    outer loop
      vertex 48.8 15.2 3.3
      vertex 46.3225 14.4 3.3
      vertex 48.8 14.4 3.3
    endloop
  endfacet
  facet normal 0 0 1
    outer loop
      vertex 46.3225 14.4 3.3
      vertex 45.5225 14.4 3.3
      vertex 46.3225 11.2 3.3
    endloop
  endfacet
  facet normal 0 0 1
    outer loop
      vertex 48.8 15.2 3.3
      vertex 45.5225 14.4 3.3
      vertex 46.3225 14.4 3.3
    endloop
  endfacet
  facet normal -0 0 1
    outer loop
      vertex 42.3062 15.2 3.3
      vertex 45.5225 14.4 3.3
      vertex 48.8 15.2 3.3
    endloop
  endfacet
  facet normal 0 0 1
    outer loop
      vertex 41.5062 15.2 3.3
      vertex 42.3062 15.2 3.3
      vertex 41.5062 18.4 3.3
    endloop
  endfacet
  facet normal -0 0 1
    outer loop
      vertex 41.5062 15.2 3.3
      vertex 45.5225 14.4 3.3
      vertex 42.3062 15.2 3.3
    endloop
  endfacet
  facet normal 0 0 1
    outer loop
      vertex 41.5062 15.2 3.3
      vertex 38.0264 14.4 3.3
      vertex 45.5225 14.4 3.3
    endloop
  endfacet
  facet normal 0 0 1
    outer loop
      vertex 38.0264 14.4 3.3
      vertex 37.2264 14.4 3.3
      vertex 38.0264 11.2 3.3
    endloop
  endfacet
  facet normal -0 0 1
    outer loop
      vertex 34.2656 15.2 3.3
      vertex 38.0264 14.4 3.3
      vertex 41.5062 15.2 3.3
    endloop
  endfacet
  facet normal 0 0 1
    outer loop
      vertex 38.0264 14.4 3.3
      vertex 34.2656 15.2 3.3
      vertex 37.2264 14.4 3.3
    endloop
  endfacet
  facet normal 0 0 1
    outer loop
      vertex 33.4656 15.2 3.3
      vertex 34.2656 15.2 3.3
      vertex 33.4656 18.4 3.3
    endloop
  endfacet
  facet normal -0 0 1
    outer loop
      vertex 33.4656 15.2 3.3
      vertex 37.2264 14.4 3.3
      vertex 34.2656 15.2 3.3
    endloop
  endfacet
  facet normal 0 0 1
    outer loop
      vertex 33.4656 15.2 3.3
      vertex 30.3403 14.4 3.3
      vertex 37.2264 14.4 3.3
    endloop
  endfacet
  facet normal 0 0 1
    outer loop
      vertex 30.3403 14.4 3.3
      vertex 29.5403 14.4 3.3
      vertex 30.3403 11.2 3.3
    endloop
  endfacet
  facet normal -0 0 1
    outer loop
      vertex 26.975 15.2 3.3
      vertex 30.3403 14.4 3.3
      vertex 33.4656 15.2 3.3
    endloop
  endfacet
  facet normal 0 0 1
    outer loop
      vertex 30.3403 14.4 3.3
      vertex 26.975 15.2 3.3
      vertex 29.5403 14.4 3.3
    endloop
  endfacet
  facet normal 0 0 1
    outer loop
      vertex 29.5403 14.4 3.3
      vertex 26.975 15.2 3.3
      vertex 26.975 14.4 3.3
    endloop
  endfacet
  facet normal -0 0 1
    outer loop
      vertex 46.3225 11.2 3.3
      vertex 48.8 10.4 3.3
      vertex 48.8 11.2 3.3
    endloop
  endfacet
  facet normal 0 0 1
    outer loop
      vertex 45.5225 11.2 3.3
      vertex 46.3225 11.2 3.3
      vertex 45.5225 14.4 3.3
    endloop
  endfacet
  facet normal -0 0 1
    outer loop
      vertex 45.5225 11.2 3.3
      vertex 48.8 10.4 3.3
      vertex 46.3225 11.2 3.3
    endloop
  endfacet
  facet normal 0 0 1
    outer loop
      vertex 45.5225 11.2 3.3
      vertex 42.794 10.4 3.3
      vertex 48.8 10.4 3.3
    endloop
  endfacet
  facet normal 0 0 1
    outer loop
      vertex 42.794 10.4 3.3
      vertex 41.994 10.4 3.3
      vertex 42.794 7.2 3.3
    endloop
  endfacet
  facet normal 0 0 1
    outer loop
      vertex 45.5225 11.2 3.3
      vertex 41.994 10.4 3.3
      vertex 42.794 10.4 3.3
    endloop
  endfacet
  facet normal -0 0 1
    outer loop
      vertex 38.0264 11.2 3.3
      vertex 41.994 10.4 3.3
      vertex 45.5225 11.2 3.3
    endloop
  endfacet
  facet normal 0 0 1
    outer loop
      vertex 37.2264 11.2 3.3
      vertex 38.0264 11.2 3.3
      vertex 37.2264 14.4 3.3
    endloop
  endfacet
  facet normal 0 0 1
    outer loop
      vertex 34.3143 10.4 3.3
      vertex 38.0264 11.2 3.3
      vertex 37.2264 11.2 3.3
    endloop
  endfacet
  facet normal 0 0 1
    outer loop
      vertex 38.0264 11.2 3.3
      vertex 34.3143 10.4 3.3
      vertex 41.994 10.4 3.3
    endloop
  endfacet
  facet normal 0 0 1
    outer loop
      vertex 34.3143 10.4 3.3
      vertex 33.5143 10.4 3.3
      vertex 34.3143 7.2 3.3
    endloop
  endfacet
  facet normal 0 0 1
    outer loop
      vertex 37.2264 11.2 3.3
      vertex 33.5143 10.4 3.3
      vertex 34.3143 10.4 3.3
    endloop
  endfacet
  facet normal -0 0 1
    outer loop
      vertex 30.3403 11.2 3.3
      vertex 33.5143 10.4 3.3
      vertex 37.2264 11.2 3.3
    endloop
  endfacet
  facet normal 0 0 1
    outer loop
      vertex 29.5403 11.2 3.3
      vertex 30.3403 11.2 3.3
      vertex 29.5403 14.4 3.3
    endloop
  endfacet
  facet normal 0 0 1
    outer loop
      vertex 26.975 10.4 3.3
      vertex 30.3403 11.2 3.3
      vertex 29.5403 11.2 3.3
    endloop
  endfacet
  facet normal 0 0 1
    outer loop
      vertex 26.975 10.4 3.3
      vertex 29.5403 11.2 3.3
      vertex 26.975 11.2 3.3
    endloop
  endfacet
  facet normal 0 0 1
    outer loop
      vertex 30.3403 11.2 3.3
      vertex 26.975 10.4 3.3
      vertex 33.5143 10.4 3.3
    endloop
  endfacet
  facet normal 0 0 1
    outer loop
      vertex 48.8 7.2 3.3
      vertex 46.7952 6.4 3.3
      vertex 48.8 6.4 3.3
    endloop
  endfacet
  facet normal 0 0 1
    outer loop
      vertex 46.7952 6.4 3.3
      vertex 45.9952 6.4 3.3
      vertex 46.7952 2.8 3.3
    endloop
  endfacet
  facet normal 0 0 1
    outer loop
      vertex 48.8 7.2 3.3
      vertex 45.9952 6.4 3.3
      vertex 46.7952 6.4 3.3
    endloop
  endfacet
  facet normal -0 0 1
    outer loop
      vertex 42.794 7.2 3.3
      vertex 45.9952 6.4 3.3
      vertex 48.8 7.2 3.3
    endloop
  endfacet
  facet normal 0 0 1
    outer loop
      vertex 41.994 7.2 3.3
      vertex 42.794 7.2 3.3
      vertex 41.994 10.4 3.3
    endloop
  endfacet
  facet normal -0 0 1
    outer loop
      vertex 41.994 7.2 3.3
      vertex 45.9952 6.4 3.3
      vertex 42.794 7.2 3.3
    endloop
  endfacet
  facet normal 0 0 1
    outer loop
      vertex 41.994 7.2 3.3
      vertex 38.3496 6.4 3.3
      vertex 45.9952 6.4 3.3
    endloop
  endfacet
  facet normal 0 0 1
    outer loop
      vertex 38.3496 6.4 3.3
      vertex 37.5496 6.4 3.3
      vertex 38.3496 6.14999 3.3
    endloop
  endfacet
  facet normal -0 0 1
    outer loop
      vertex 34.3143 7.2 3.3
      vertex 38.3496 6.4 3.3
      vertex 41.994 7.2 3.3
    endloop
  endfacet
  facet normal 0 0 1
    outer loop
      vertex 38.3496 6.4 3.3
      vertex 34.3143 7.2 3.3
      vertex 37.5496 6.4 3.3
    endloop
  endfacet
  facet normal 0 0 1
    outer loop
      vertex 33.5143 7.2 3.3
      vertex 34.3143 7.2 3.3
      vertex 33.5143 10.4 3.3
    endloop
  endfacet
  facet normal 0 0 1
    outer loop
      vertex 30.6538 6.4 3.3
      vertex 34.3143 7.2 3.3
      vertex 33.5143 7.2 3.3
    endloop
  endfacet
  facet normal 0 0 1
    outer loop
      vertex 34.3143 7.2 3.3
      vertex 30.6538 6.4 3.3
      vertex 37.5496 6.4 3.3
    endloop
  endfacet
  facet normal 0 0 1
    outer loop
      vertex 30.6538 6.4 3.3
      vertex 29.8538 6.4 3.3
      vertex 30.6538 2.8 3.3
    endloop
  endfacet
  facet normal 0 0 1
    outer loop
      vertex 33.5143 7.2 3.3
      vertex 29.8538 6.4 3.3
      vertex 30.6538 6.4 3.3
    endloop
  endfacet
  facet normal -0 0 1
    outer loop
      vertex 26.975 7.2 3.3
      vertex 29.8538 6.4 3.3
      vertex 33.5143 7.2 3.3
    endloop
  endfacet
  facet normal 0 0 1
    outer loop
      vertex 29.8538 6.4 3.3
      vertex 26.975 7.2 3.3
      vertex 26.975 6.4 3.3
    endloop
  endfacet
  facet normal 0 0 1
    outer loop
      vertex 46.7952 2.8 3.3
      vertex 45.9952 6.4 3.3
      vertex 45.9952 2.8 3.3
    endloop
  endfacet
  facet normal 0 0 1
    outer loop
      vertex 42.4648 23.825 3.3
      vertex 41.6648 23.825 3.3
      vertex 42.4648 23.2 3.3
    endloop
  endfacet
  facet normal 0 0 1
    outer loop
      vertex 48.8 23.2 3.3
      vertex 46.7549 22.4 3.3
      vertex 48.8 22.4 3.3
    endloop
  endfacet
  facet normal 0 0 1
    outer loop
      vertex 46.7549 22.4 3.3
      vertex 45.9549 22.4 3.3
      vertex 46.7549 19.2 3.3
    endloop
  endfacet
  facet normal 0 0 1
    outer loop
      vertex 48.8 23.2 3.3
      vertex 45.9549 22.4 3.3
      vertex 46.7549 22.4 3.3
    endloop
  endfacet
  facet normal -0 0 1
    outer loop
      vertex 42.4648 23.2 3.3
      vertex 45.9549 22.4 3.3
      vertex 48.8 23.2 3.3
    endloop
  endfacet
  facet normal 0 0 1
    outer loop
      vertex 41.6648 23.2 3.3
      vertex 42.4648 23.2 3.3
      vertex 41.6648 23.825 3.3
    endloop
  endfacet
  facet normal -0 0 1
    outer loop
      vertex 41.6648 23.2 3.3
      vertex 45.9549 22.4 3.3
      vertex 42.4648 23.2 3.3
    endloop
  endfacet
  facet normal 0 0 1
    outer loop
      vertex 41.6648 23.2 3.3
      vertex 38.1058 22.4 3.3
      vertex 45.9549 22.4 3.3
    endloop
  endfacet
  facet normal 0 0 1
    outer loop
      vertex 38.1058 22.4 3.3
      vertex 37.3058 22.4 3.3
      vertex 38.1058 19.2 3.3
    endloop
  endfacet
  facet normal -0 0 1
    outer loop
      vertex 34.2693 23.2 3.3
      vertex 38.1058 22.4 3.3
      vertex 41.6648 23.2 3.3
    endloop
  endfacet
  facet normal 0 0 1
    outer loop
      vertex 38.1058 22.4 3.3
      vertex 34.2693 23.2 3.3
      vertex 37.3058 22.4 3.3
    endloop
  endfacet
  facet normal 0 0 1
    outer loop
      vertex 33.4693 23.2 3.3
      vertex 34.2693 23.2 3.3
      vertex 33.4693 23.825 3.3
    endloop
  endfacet
  facet normal 0 0 1
    outer loop
      vertex 30.6792 22.4 3.3
      vertex 34.2693 23.2 3.3
      vertex 33.4693 23.2 3.3
    endloop
  endfacet
  facet normal 0 0 1
    outer loop
      vertex 34.2693 23.2 3.3
      vertex 30.6792 22.4 3.3
      vertex 37.3058 22.4 3.3
    endloop
  endfacet
  facet normal 0 0 1
    outer loop
      vertex 30.6792 22.4 3.3
      vertex 29.8792 22.4 3.3
      vertex 30.6792 19.2 3.3
    endloop
  endfacet
  facet normal 0 0 1
    outer loop
      vertex 33.4693 23.2 3.3
      vertex 29.8792 22.4 3.3
      vertex 30.6792 22.4 3.3
    endloop
  endfacet
  facet normal -0 0 1
    outer loop
      vertex 26.975 23.2 3.3
      vertex 29.8792 22.4 3.3
      vertex 33.4693 23.2 3.3
    endloop
  endfacet
  facet normal 0 0 1
    outer loop
      vertex 29.8792 22.4 3.3
      vertex 26.975 23.2 3.3
      vertex 26.975 22.4 3.3
    endloop
  endfacet
  facet normal -0 0 1
    outer loop
      vertex 46.7549 19.2 3.3
      vertex 48.8 18.4 3.3
      vertex 48.8 19.2 3.3
    endloop
  endfacet
  facet normal 0 0 1
    outer loop
      vertex 45.9549 19.2 3.3
      vertex 46.7549 19.2 3.3
      vertex 45.9549 22.4 3.3
    endloop
  endfacet
  facet normal -0 0 1
    outer loop
      vertex 45.9549 19.2 3.3
      vertex 48.8 18.4 3.3
      vertex 46.7549 19.2 3.3
    endloop
  endfacet
  facet normal 0 0 1
    outer loop
      vertex 45.9549 19.2 3.3
      vertex 42.3062 18.4 3.3
      vertex 48.8 18.4 3.3
    endloop
  endfacet
  facet normal 0 0 1
    outer loop
      vertex 42.3062 18.4 3.3
      vertex 41.5062 18.4 3.3
      vertex 42.3062 15.2 3.3
    endloop
  endfacet
  facet normal -0 0 1
    outer loop
      vertex 38.1058 19.2 3.3
      vertex 42.3062 18.4 3.3
      vertex 45.9549 19.2 3.3
    endloop
  endfacet
  facet normal 0 0 1
    outer loop
      vertex 42.3062 18.4 3.3
      vertex 38.1058 19.2 3.3
      vertex 41.5062 18.4 3.3
    endloop
  endfacet
  facet normal 0 0 1
    outer loop
      vertex 37.3058 19.2 3.3
      vertex 38.1058 19.2 3.3
      vertex 37.3058 22.4 3.3
    endloop
  endfacet
  facet normal 0 0 1
    outer loop
      vertex 34.2656 18.4 3.3
      vertex 38.1058 19.2 3.3
      vertex 37.3058 19.2 3.3
    endloop
  endfacet
  facet normal 0 0 1
    outer loop
      vertex 38.1058 19.2 3.3
      vertex 34.2656 18.4 3.3
      vertex 41.5062 18.4 3.3
    endloop
  endfacet
  facet normal 0 0 1
    outer loop
      vertex 34.2656 18.4 3.3
      vertex 33.4656 18.4 3.3
      vertex 34.2656 15.2 3.3
    endloop
  endfacet
  facet normal -0 0 1
    outer loop
      vertex 30.6792 19.2 3.3
      vertex 34.2656 18.4 3.3
      vertex 37.3058 19.2 3.3
    endloop
  endfacet
  facet normal 0 0 1
    outer loop
      vertex 34.2656 18.4 3.3
      vertex 30.6792 19.2 3.3
      vertex 33.4656 18.4 3.3
    endloop
  endfacet
  facet normal 0 0 1
    outer loop
      vertex 29.8792 19.2 3.3
      vertex 30.6792 19.2 3.3
      vertex 29.8792 22.4 3.3
    endloop
  endfacet
  facet normal -0 0 1
    outer loop
      vertex 29.8792 19.2 3.3
      vertex 33.4656 18.4 3.3
      vertex 30.6792 19.2 3.3
    endloop
  endfacet
  facet normal 0 0 1
    outer loop
      vertex 26.975 18.4 3.3
      vertex 29.8792 19.2 3.3
      vertex 26.975 19.2 3.3
    endloop
  endfacet
  facet normal 0 0 1
    outer loop
      vertex 29.8792 19.2 3.3
      vertex 26.975 18.4 3.3
      vertex 33.4656 18.4 3.3
    endloop
  endfacet
  facet normal 0 0 1
    outer loop
      vertex 38.3496 6.14999 3.3
      vertex 37.5496 6.4 3.3
      vertex 37.5496 6.14999 3.3
    endloop
  endfacet
  facet normal 0 0 1
    outer loop
      vertex 30.6538 2.8 3.3
      vertex 29.8538 6.4 3.3
      vertex 29.8538 2.8 3.3
    endloop
  endfacet
  facet normal 0 0 1
    outer loop
      vertex 34.7223 49.225 3.3
      vertex 33.9223 49.225 3.3
      vertex 34.7223 47.2 3.3
    endloop
  endfacet
  facet normal 0 0 1
    outer loop
      vertex 48.8 39.2 3.3
      vertex 46.0065 38.4 3.3
      vertex 48.8 38.4 3.3
    endloop
  endfacet
  facet normal 0 0 1
    outer loop
      vertex 46.0065 38.4 3.3
      vertex 45.2065 38.4 3.3
      vertex 46.0065 35.2 3.3
    endloop
  endfacet
  facet normal 0 0 1
    outer loop
      vertex 48.8 39.2 3.3
      vertex 45.2065 38.4 3.3
      vertex 46.0065 38.4 3.3
    endloop
  endfacet
  facet normal -0 0 1
    outer loop
      vertex 42.1108 39.2 3.3
      vertex 45.2065 38.4 3.3
      vertex 48.8 39.2 3.3
    endloop
  endfacet
  facet normal 0 0 1
    outer loop
      vertex 41.3108 39.2 3.3
      vertex 42.1108 39.2 3.3
      vertex 41.3108 42.4 3.3
    endloop
  endfacet
  facet normal -0 0 1
    outer loop
      vertex 41.3108 39.2 3.3
      vertex 45.2065 38.4 3.3
      vertex 42.1108 39.2 3.3
    endloop
  endfacet
  facet normal 0 0 1
    outer loop
      vertex 41.3108 39.2 3.3
      vertex 38.2533 38.4 3.3
      vertex 45.2065 38.4 3.3
    endloop
  endfacet
  facet normal 0 0 1
    outer loop
      vertex 38.2533 38.4 3.3
      vertex 37.4533 38.4 3.3
      vertex 38.2533 35.2 3.3
    endloop
  endfacet
  facet normal -0 0 1
    outer loop
      vertex 34.7991 39.2 3.3
      vertex 38.2533 38.4 3.3
      vertex 41.3108 39.2 3.3
    endloop
  endfacet
  facet normal 0 0 1
    outer loop
      vertex 38.2533 38.4 3.3
      vertex 34.7991 39.2 3.3
      vertex 37.4533 38.4 3.3
    endloop
  endfacet
  facet normal 0 0 1
    outer loop
      vertex 33.9991 39.2 3.3
      vertex 34.7991 39.2 3.3
      vertex 33.9991 42.4 3.3
    endloop
  endfacet
  facet normal -0 0 1
    outer loop
      vertex 33.9991 39.2 3.3
      vertex 37.4533 38.4 3.3
      vertex 34.7991 39.2 3.3
    endloop
  endfacet
  facet normal 0 0 1
    outer loop
      vertex 33.9991 39.2 3.3
      vertex 30.7825 38.4 3.3
      vertex 37.4533 38.4 3.3
    endloop
  endfacet
  facet normal 0 0 1
    outer loop
      vertex 30.7825 38.4 3.3
      vertex 29.9825 38.4 3.3
      vertex 30.7825 35.2 3.3
    endloop
  endfacet
  facet normal -0 0 1
    outer loop
      vertex 26.975 39.2 3.3
      vertex 30.7825 38.4 3.3
      vertex 33.9991 39.2 3.3
    endloop
  endfacet
  facet normal 0 0 1
    outer loop
      vertex 30.7825 38.4 3.3
      vertex 26.975 39.2 3.3
      vertex 29.9825 38.4 3.3
    endloop
  endfacet
  facet normal 0 0 1
    outer loop
      vertex 29.9825 38.4 3.3
      vertex 26.975 39.2 3.3
      vertex 26.975 38.4 3.3
    endloop
  endfacet
  facet normal -0 0 1
    outer loop
      vertex 46.0065 35.2 3.3
      vertex 48.8 34.4 3.3
      vertex 48.8 35.2 3.3
    endloop
  endfacet
  facet normal 0 0 1
    outer loop
      vertex 45.2065 35.2 3.3
      vertex 46.0065 35.2 3.3
      vertex 45.2065 38.4 3.3
    endloop
  endfacet
  facet normal 0 0 1
    outer loop
      vertex 42.5384 34.4 3.3
      vertex 46.0065 35.2 3.3
      vertex 45.2065 35.2 3.3
    endloop
  endfacet
  facet normal 0 0 1
    outer loop
      vertex 46.0065 35.2 3.3
      vertex 42.5384 34.4 3.3
      vertex 48.8 34.4 3.3
    endloop
  endfacet
  facet normal 0 0 1
    outer loop
      vertex 42.5384 34.4 3.3
      vertex 41.7384 34.4 3.3
      vertex 42.5384 31.2 3.3
    endloop
  endfacet
  facet normal 0 0 1
    outer loop
      vertex 45.2065 35.2 3.3
      vertex 41.7384 34.4 3.3
      vertex 42.5384 34.4 3.3
    endloop
  endfacet
  facet normal -0 0 1
    outer loop
      vertex 38.2533 35.2 3.3
      vertex 41.7384 34.4 3.3
      vertex 45.2065 35.2 3.3
    endloop
  endfacet
  facet normal 0 0 1
    outer loop
      vertex 37.4533 35.2 3.3
      vertex 38.2533 35.2 3.3
      vertex 37.4533 38.4 3.3
    endloop
  endfacet
  facet normal 0 0 1
    outer loop
      vertex 34.4618 34.4 3.3
      vertex 38.2533 35.2 3.3
      vertex 37.4533 35.2 3.3
    endloop
  endfacet
  facet normal 0 0 1
    outer loop
      vertex 38.2533 35.2 3.3
      vertex 34.4618 34.4 3.3
      vertex 41.7384 34.4 3.3
    endloop
  endfacet
  facet normal 0 0 1
    outer loop
      vertex 34.4618 34.4 3.3
      vertex 33.6618 34.4 3.3
      vertex 34.4618 31.2 3.3
    endloop
  endfacet
  facet normal 0 0 1
    outer loop
      vertex 37.4533 35.2 3.3
      vertex 33.6618 34.4 3.3
      vertex 34.4618 34.4 3.3
    endloop
  endfacet
  facet normal -0 0 1
    outer loop
      vertex 30.7825 35.2 3.3
      vertex 33.6618 34.4 3.3
      vertex 37.4533 35.2 3.3
    endloop
  endfacet
  facet normal 0 0 1
    outer loop
      vertex 29.9825 35.2 3.3
      vertex 30.7825 35.2 3.3
      vertex 29.9825 38.4 3.3
    endloop
  endfacet
  facet normal -0 0 1
    outer loop
      vertex 29.9825 35.2 3.3
      vertex 33.6618 34.4 3.3
      vertex 30.7825 35.2 3.3
    endloop
  endfacet
  facet normal 0 0 1
    outer loop
      vertex 26.975 34.4 3.3
      vertex 29.9825 35.2 3.3
      vertex 26.975 35.2 3.3
    endloop
  endfacet
  facet normal 0 0 1
    outer loop
      vertex 29.9825 35.2 3.3
      vertex 26.975 34.4 3.3
      vertex 33.6618 34.4 3.3
    endloop
  endfacet
  facet normal 0 0 1
    outer loop
      vertex 48.8 31.2 3.3
      vertex 46.0863 30.4 3.3
      vertex 48.8 30.4 3.3
    endloop
  endfacet
  facet normal 0 0 1
    outer loop
      vertex 46.0863 30.4 3.3
      vertex 45.2863 30.4 3.3
      vertex 46.0863 27.2 3.3
    endloop
  endfacet
  facet normal 0 0 1
    outer loop
      vertex 48.8 31.2 3.3
      vertex 45.2863 30.4 3.3
      vertex 46.0863 30.4 3.3
    endloop
  endfacet
  facet normal -0 0 1
    outer loop
      vertex 42.5384 31.2 3.3
      vertex 45.2863 30.4 3.3
      vertex 48.8 31.2 3.3
    endloop
  endfacet
  facet normal 0 0 1
    outer loop
      vertex 41.7384 31.2 3.3
      vertex 42.5384 31.2 3.3
      vertex 41.7384 34.4 3.3
    endloop
  endfacet
  facet normal -0 0 1
    outer loop
      vertex 41.7384 31.2 3.3
      vertex 45.2863 30.4 3.3
      vertex 42.5384 31.2 3.3
    endloop
  endfacet
  facet normal 0 0 1
    outer loop
      vertex 41.7384 31.2 3.3
      vertex 38.2603 30.4 3.3
      vertex 45.2863 30.4 3.3
    endloop
  endfacet
  facet normal 0 0 1
    outer loop
      vertex 38.2603 30.4 3.3
      vertex 37.4603 30.4 3.3
      vertex 38.2603 27.2 3.3
    endloop
  endfacet
  facet normal -0 0 1
    outer loop
      vertex 34.4618 31.2 3.3
      vertex 38.2603 30.4 3.3
      vertex 41.7384 31.2 3.3
    endloop
  endfacet
  facet normal 0 0 1
    outer loop
      vertex 38.2603 30.4 3.3
      vertex 34.4618 31.2 3.3
      vertex 37.4603 30.4 3.3
    endloop
  endfacet
  facet normal 0 0 1
    outer loop
      vertex 33.6618 31.2 3.3
      vertex 34.4618 31.2 3.3
      vertex 33.6618 34.4 3.3
    endloop
  endfacet
  facet normal -0 0 1
    outer loop
      vertex 33.6618 31.2 3.3
      vertex 37.4603 30.4 3.3
      vertex 34.4618 31.2 3.3
    endloop
  endfacet
  facet normal 0 0 1
    outer loop
      vertex 33.6618 31.2 3.3
      vertex 30.2204 30.4 3.3
      vertex 37.4603 30.4 3.3
    endloop
  endfacet
  facet normal 0 0 1
    outer loop
      vertex 30.2204 30.4 3.3
      vertex 29.4204 30.4 3.3
      vertex 30.2204 27.2 3.3
    endloop
  endfacet
  facet normal -0 0 1
    outer loop
      vertex 26.975 31.2 3.3
      vertex 30.2204 30.4 3.3
      vertex 33.6618 31.2 3.3
    endloop
  endfacet
  facet normal 0 0 1
    outer loop
      vertex 30.2204 30.4 3.3
      vertex 26.975 31.2 3.3
      vertex 29.4204 30.4 3.3
    endloop
  endfacet
  facet normal 0 0 1
    outer loop
      vertex 29.4204 30.4 3.3
      vertex 26.975 31.2 3.3
      vertex 26.975 30.4 3.3
    endloop
  endfacet
  facet normal -0 0 1
    outer loop
      vertex 46.0863 27.2 3.3
      vertex 48.8 26.975 3.3
      vertex 48.8 27.2 3.3
    endloop
  endfacet
  facet normal 0 0 1
    outer loop
      vertex 45.2863 27.2 3.3
      vertex 46.0863 27.2 3.3
      vertex 45.2863 30.4 3.3
    endloop
  endfacet
  facet normal -0 0 1
    outer loop
      vertex 45.2863 27.2 3.3
      vertex 48.8 26.975 3.3
      vertex 46.0863 27.2 3.3
    endloop
  endfacet
  facet normal -0 0 1
    outer loop
      vertex 38.2603 27.2 3.3
      vertex 48.8 26.975 3.3
      vertex 45.2863 27.2 3.3
    endloop
  endfacet
  facet normal 0 0 1
    outer loop
      vertex 37.4603 27.2 3.3
      vertex 38.2603 27.2 3.3
      vertex 37.4603 30.4 3.3
    endloop
  endfacet
  facet normal -0 0 1
    outer loop
      vertex 37.4603 27.2 3.3
      vertex 48.8 26.975 3.3
      vertex 38.2603 27.2 3.3
    endloop
  endfacet
  facet normal 0 0 1
    outer loop
      vertex 26.975 26.975 3.3
      vertex 37.4603 27.2 3.3
      vertex 30.2204 27.2 3.3
    endloop
  endfacet
  facet normal 0 0 1
    outer loop
      vertex 29.4204 27.2 3.3
      vertex 30.2204 27.2 3.3
      vertex 29.4204 30.4 3.3
    endloop
  endfacet
  facet normal 0 0 1
    outer loop
      vertex 26.975 26.975 3.3
      vertex 30.2204 27.2 3.3
      vertex 29.4204 27.2 3.3
    endloop
  endfacet
  facet normal 0 0 1
    outer loop
      vertex 26.975 26.975 3.3
      vertex 29.4204 27.2 3.3
      vertex 26.975 27.2 3.3
    endloop
  endfacet
  facet normal 0 0 1
    outer loop
      vertex 37.4603 27.2 3.3
      vertex 26.975 26.975 3.3
      vertex 48.8 26.975 3.3
    endloop
  endfacet
  facet normal 0 0 1
    outer loop
      vertex 42.1988 49.225 3.3
      vertex 41.3988 49.225 3.3
      vertex 42.1988 47.2 3.3
    endloop
  endfacet
  facet normal 0 0 1
    outer loop
      vertex 48.8 47.2 3.3
      vertex 46.3195 46.4 3.3
      vertex 48.8 46.4 3.3
    endloop
  endfacet
  facet normal 0 0 1
    outer loop
      vertex 46.3195 46.4 3.3
      vertex 45.5195 46.4 3.3
      vertex 46.3195 43.2 3.3
    endloop
  endfacet
  facet normal 0 0 1
    outer loop
      vertex 48.8 47.2 3.3
      vertex 45.5195 46.4 3.3
      vertex 46.3195 46.4 3.3
    endloop
  endfacet
  facet normal -0 0 1
    outer loop
      vertex 42.1988 47.2 3.3
      vertex 45.5195 46.4 3.3
      vertex 48.8 47.2 3.3
    endloop
  endfacet
  facet normal 0 0 1
    outer loop
      vertex 41.3988 47.2 3.3
      vertex 42.1988 47.2 3.3
      vertex 41.3988 49.225 3.3
    endloop
  endfacet
  facet normal 0 0 1
    outer loop
      vertex 38.636 46.4 3.3
      vertex 42.1988 47.2 3.3
      vertex 41.3988 47.2 3.3
    endloop
  endfacet
  facet normal 0 0 1
    outer loop
      vertex 42.1988 47.2 3.3
      vertex 38.636 46.4 3.3
      vertex 45.5195 46.4 3.3
    endloop
  endfacet
  facet normal 0 0 1
    outer loop
      vertex 38.636 46.4 3.3
      vertex 37.836 46.4 3.3
      vertex 38.636 43.2 3.3
    endloop
  endfacet
  facet normal 0 0 1
    outer loop
      vertex 41.3988 47.2 3.3
      vertex 37.836 46.4 3.3
      vertex 38.636 46.4 3.3
    endloop
  endfacet
  facet normal -0 0 1
    outer loop
      vertex 34.7223 47.2 3.3
      vertex 37.836 46.4 3.3
      vertex 41.3988 47.2 3.3
    endloop
  endfacet
  facet normal 0 0 1
    outer loop
      vertex 33.9223 47.2 3.3
      vertex 34.7223 47.2 3.3
      vertex 33.9223 49.225 3.3
    endloop
  endfacet
  facet normal -0 0 1
    outer loop
      vertex 33.9223 47.2 3.3
      vertex 37.836 46.4 3.3
      vertex 34.7223 47.2 3.3
    endloop
  endfacet
  facet normal 0 0 1
    outer loop
      vertex 33.9223 47.2 3.3
      vertex 30.0217 46.4 3.3
      vertex 37.836 46.4 3.3
    endloop
  endfacet
  facet normal 0 0 1
    outer loop
      vertex 30.0217 46.4 3.3
      vertex 29.2217 46.4 3.3
      vertex 30.0217 43.2 3.3
    endloop
  endfacet
  facet normal -0 0 1
    outer loop
      vertex 26.975 47.2 3.3
      vertex 30.0217 46.4 3.3
      vertex 33.9223 47.2 3.3
    endloop
  endfacet
  facet normal 0 0 1
    outer loop
      vertex 30.0217 46.4 3.3
      vertex 26.975 47.2 3.3
      vertex 29.2217 46.4 3.3
    endloop
  endfacet
  facet normal 0 0 1
    outer loop
      vertex 29.2217 46.4 3.3
      vertex 26.975 47.2 3.3
      vertex 26.975 46.4 3.3
    endloop
  endfacet
  facet normal -0 0 1
    outer loop
      vertex 46.3195 43.2 3.3
      vertex 48.8 42.4 3.3
      vertex 48.8 43.2 3.3
    endloop
  endfacet
  facet normal 0 0 1
    outer loop
      vertex 45.5195 43.2 3.3
      vertex 46.3195 43.2 3.3
      vertex 45.5195 46.4 3.3
    endloop
  endfacet
  facet normal -0 0 1
    outer loop
      vertex 45.5195 43.2 3.3
      vertex 48.8 42.4 3.3
      vertex 46.3195 43.2 3.3
    endloop
  endfacet
  facet normal 0 0 1
    outer loop
      vertex 45.5195 43.2 3.3
      vertex 42.1108 42.4 3.3
      vertex 48.8 42.4 3.3
    endloop
  endfacet
  facet normal 0 0 1
    outer loop
      vertex 42.1108 42.4 3.3
      vertex 41.3108 42.4 3.3
      vertex 42.1108 39.2 3.3
    endloop
  endfacet
  facet normal -0 0 1
    outer loop
      vertex 38.636 43.2 3.3
      vertex 42.1108 42.4 3.3
      vertex 45.5195 43.2 3.3
    endloop
  endfacet
  facet normal 0 0 1
    outer loop
      vertex 42.1108 42.4 3.3
      vertex 38.636 43.2 3.3
      vertex 41.3108 42.4 3.3
    endloop
  endfacet
  facet normal 0 0 1
    outer loop
      vertex 37.836 43.2 3.3
      vertex 38.636 43.2 3.3
      vertex 37.836 46.4 3.3
    endloop
  endfacet
  facet normal -0 0 1
    outer loop
      vertex 37.836 43.2 3.3
      vertex 41.3108 42.4 3.3
      vertex 38.636 43.2 3.3
    endloop
  endfacet
  facet normal 0 0 1
    outer loop
      vertex 37.836 43.2 3.3
      vertex 34.7991 42.4 3.3
      vertex 41.3108 42.4 3.3
    endloop
  endfacet
  facet normal 0 0 1
    outer loop
      vertex 34.7991 42.4 3.3
      vertex 33.9991 42.4 3.3
      vertex 34.7991 39.2 3.3
    endloop
  endfacet
  facet normal 0 0 1
    outer loop
      vertex 37.836 43.2 3.3
      vertex 33.9991 42.4 3.3
      vertex 34.7991 42.4 3.3
    endloop
  endfacet
  facet normal -0 0 1
    outer loop
      vertex 30.0217 43.2 3.3
      vertex 33.9991 42.4 3.3
      vertex 37.836 43.2 3.3
    endloop
  endfacet
  facet normal 0 0 1
    outer loop
      vertex 29.2217 43.2 3.3
      vertex 30.0217 43.2 3.3
      vertex 29.2217 46.4 3.3
    endloop
  endfacet
  facet normal 0 0 1
    outer loop
      vertex 26.975 42.4 3.3
      vertex 30.0217 43.2 3.3
      vertex 29.2217 43.2 3.3
    endloop
  endfacet
  facet normal 0 0 1
    outer loop
      vertex 26.975 42.4 3.3
      vertex 29.2217 43.2 3.3
      vertex 26.975 43.2 3.3
    endloop
  endfacet
  facet normal 0 0 1
    outer loop
      vertex 30.0217 43.2 3.3
      vertex 26.975 42.4 3.3
      vertex 33.9991 42.4 3.3
    endloop
  endfacet
  facet normal 0 0 1
    outer loop
      vertex 10.2436 49.225 3.3
      vertex 9.44363 49.225 3.3
      vertex 10.2436 47.2 3.3
    endloop
  endfacet
  facet normal 0 0 1
    outer loop
      vertex 18.2555 49.225 3.3
      vertex 17.4555 49.225 3.3
      vertex 18.2555 47.2 3.3
    endloop
  endfacet
  facet normal 0 0 1
    outer loop
      vertex 23.825 31.2 3.3
      vertex 22.4644 30.4 3.3
      vertex 23.825 30.4 3.3
    endloop
  endfacet
  facet normal 0 0 1
    outer loop
      vertex 22.4644 30.4 3.3
      vertex 21.6644 30.4 3.3
      vertex 22.4644 27.2 3.3
    endloop
  endfacet
  facet normal 0 0 1
    outer loop
      vertex 23.825 31.2 3.3
      vertex 21.6644 30.4 3.3
      vertex 22.4644 30.4 3.3
    endloop
  endfacet
  facet normal -0 0 1
    outer loop
      vertex 18.2755 31.2 3.3
      vertex 21.6644 30.4 3.3
      vertex 23.825 31.2 3.3
    endloop
  endfacet
  facet normal 0 0 1
    outer loop
      vertex 17.4755 31.2 3.3
      vertex 18.2755 31.2 3.3
      vertex 17.4755 34.4 3.3
    endloop
  endfacet
  facet normal -0 0 1
    outer loop
      vertex 17.4755 31.2 3.3
      vertex 21.6644 30.4 3.3
      vertex 18.2755 31.2 3.3
    endloop
  endfacet
  facet normal 0 0 1
    outer loop
      vertex 17.4755 31.2 3.3
      vertex 14.115 30.4 3.3
      vertex 21.6644 30.4 3.3
    endloop
  endfacet
  facet normal 0 0 1
    outer loop
      vertex 14.115 30.4 3.3
      vertex 13.315 30.4 3.3
      vertex 14.115 27.2 3.3
    endloop
  endfacet
  facet normal 0 0 1
    outer loop
      vertex 17.4755 31.2 3.3
      vertex 13.315 30.4 3.3
      vertex 14.115 30.4 3.3
    endloop
  endfacet
  facet normal -0 0 1
    outer loop
      vertex 10.0153 31.2 3.3
      vertex 13.315 30.4 3.3
      vertex 17.4755 31.2 3.3
    endloop
  endfacet
  facet normal 0 0 1
    outer loop
      vertex 9.21533 31.2 3.3
      vertex 10.0153 31.2 3.3
      vertex 9.21533 34.4 3.3
    endloop
  endfacet
  facet normal 0 0 1
    outer loop
      vertex 6.35206 30.4 3.3
      vertex 10.0153 31.2 3.3
      vertex 9.21533 31.2 3.3
    endloop
  endfacet
  facet normal 0 0 1
    outer loop
      vertex 10.0153 31.2 3.3
      vertex 6.35206 30.4 3.3
      vertex 13.315 30.4 3.3
    endloop
  endfacet
  facet normal 0 0 1
    outer loop
      vertex 6.35206 30.4 3.3
      vertex 5.55206 30.4 3.3
      vertex 6.35206 27.2 3.3
    endloop
  endfacet
  facet normal 0 0 1
    outer loop
      vertex 9.21533 31.2 3.3
      vertex 5.55206 30.4 3.3
      vertex 6.35206 30.4 3.3
    endloop
  endfacet
  facet normal -0 0 1
    outer loop
      vertex 2 31.2 3.3
      vertex 5.55206 30.4 3.3
      vertex 9.21533 31.2 3.3
    endloop
  endfacet
  facet normal 0 0 1
    outer loop
      vertex 5.55206 30.4 3.3
      vertex 2 31.2 3.3
      vertex 2 30.4 3.3
    endloop
  endfacet
  facet normal -0 0 1
    outer loop
      vertex 22.4644 27.2 3.3
      vertex 23.825 26.975 3.3
      vertex 23.825 27.2 3.3
    endloop
  endfacet
  facet normal 0 0 1
    outer loop
      vertex 21.6644 27.2 3.3
      vertex 22.4644 27.2 3.3
      vertex 21.6644 30.4 3.3
    endloop
  endfacet
  facet normal -0 0 1
    outer loop
      vertex 21.6644 27.2 3.3
      vertex 23.825 26.975 3.3
      vertex 22.4644 27.2 3.3
    endloop
  endfacet
  facet normal -0 0 1
    outer loop
      vertex 14.115 27.2 3.3
      vertex 23.825 26.975 3.3
      vertex 21.6644 27.2 3.3
    endloop
  endfacet
  facet normal 0 0 1
    outer loop
      vertex 13.315 27.2 3.3
      vertex 14.115 27.2 3.3
      vertex 13.315 30.4 3.3
    endloop
  endfacet
  facet normal -0 0 1
    outer loop
      vertex 13.315 27.2 3.3
      vertex 23.825 26.975 3.3
      vertex 14.115 27.2 3.3
    endloop
  endfacet
  facet normal 0 0 1
    outer loop
      vertex 2 26.975 3.3
      vertex 13.315 27.2 3.3
      vertex 6.35206 27.2 3.3
    endloop
  endfacet
  facet normal 0 0 1
    outer loop
      vertex 5.55206 27.2 3.3
      vertex 6.35206 27.2 3.3
      vertex 5.55206 30.4 3.3
    endloop
  endfacet
  facet normal 0 0 1
    outer loop
      vertex 2 26.975 3.3
      vertex 6.35206 27.2 3.3
      vertex 5.55206 27.2 3.3
    endloop
  endfacet
  facet normal 0 0 1
    outer loop
      vertex 2 26.975 3.3
      vertex 5.55206 27.2 3.3
      vertex 2 27.2 3.3
    endloop
  endfacet
  facet normal 0 0 1
    outer loop
      vertex 13.315 27.2 3.3
      vertex 2 26.975 3.3
      vertex 23.825 26.975 3.3
    endloop
  endfacet
  facet normal 0 0 1
    outer loop
      vertex 23.825 47.2 3.3
      vertex 22.3328 46.4 3.3
      vertex 23.825 46.4 3.3
    endloop
  endfacet
  facet normal 0 0 1
    outer loop
      vertex 22.3328 46.4 3.3
      vertex 21.5328 46.4 3.3
      vertex 22.3328 43.2 3.3
    endloop
  endfacet
  facet normal 0 0 1
    outer loop
      vertex 23.825 47.2 3.3
      vertex 21.5328 46.4 3.3
      vertex 22.3328 46.4 3.3
    endloop
  endfacet
  facet normal -0 0 1
    outer loop
      vertex 18.2555 47.2 3.3
      vertex 21.5328 46.4 3.3
      vertex 23.825 47.2 3.3
    endloop
  endfacet
  facet normal 0 0 1
    outer loop
      vertex 17.4555 47.2 3.3
      vertex 18.2555 47.2 3.3
      vertex 17.4555 49.225 3.3
    endloop
  endfacet
  facet normal 0 0 1
    outer loop
      vertex 14.7571 46.4 3.3
      vertex 18.2555 47.2 3.3
      vertex 17.4555 47.2 3.3
    endloop
  endfacet
  facet normal 0 0 1
    outer loop
      vertex 18.2555 47.2 3.3
      vertex 14.7571 46.4 3.3
      vertex 21.5328 46.4 3.3
    endloop
  endfacet
  facet normal 0 0 1
    outer loop
      vertex 14.7571 46.4 3.3
      vertex 13.9571 46.4 3.3
      vertex 14.7571 43.2 3.3
    endloop
  endfacet
  facet normal 0 0 1
    outer loop
      vertex 17.4555 47.2 3.3
      vertex 13.9571 46.4 3.3
      vertex 14.7571 46.4 3.3
    endloop
  endfacet
  facet normal -0 0 1
    outer loop
      vertex 10.2436 47.2 3.3
      vertex 13.9571 46.4 3.3
      vertex 17.4555 47.2 3.3
    endloop
  endfacet
  facet normal 0 0 1
    outer loop
      vertex 9.44363 47.2 3.3
      vertex 10.2436 47.2 3.3
      vertex 9.44363 49.225 3.3
    endloop
  endfacet
  facet normal 0 0 1
    outer loop
      vertex 6.16239 46.4 3.3
      vertex 10.2436 47.2 3.3
      vertex 9.44363 47.2 3.3
    endloop
  endfacet
  facet normal 0 0 1
    outer loop
      vertex 10.2436 47.2 3.3
      vertex 6.16239 46.4 3.3
      vertex 13.9571 46.4 3.3
    endloop
  endfacet
  facet normal 0 0 1
    outer loop
      vertex 6.16239 46.4 3.3
      vertex 6.14999 43.25 3.3
      vertex 6.16239 43.2 3.3
    endloop
  endfacet
  facet normal 0 0 1
    outer loop
      vertex 6.16239 46.4 3.3
      vertex 5.36239 46.4 3.3
      vertex 6.14999 43.25 3.3
    endloop
  endfacet
  facet normal 0 0 1
    outer loop
      vertex 9.44363 47.2 3.3
      vertex 5.36239 46.4 3.3
      vertex 6.16239 46.4 3.3
    endloop
  endfacet
  facet normal -0 0 1
    outer loop
      vertex 2 47.2 3.3
      vertex 5.36239 46.4 3.3
      vertex 9.44363 47.2 3.3
    endloop
  endfacet
  facet normal 0 0 1
    outer loop
      vertex 5.36239 46.4 3.3
      vertex 2 47.2 3.3
      vertex 2 46.4 3.3
    endloop
  endfacet
  facet normal -0 0 1
    outer loop
      vertex 22.3328 43.2 3.3
      vertex 23.825 42.4 3.3
      vertex 23.825 43.2 3.3
    endloop
  endfacet
  facet normal 0 0 1
    outer loop
      vertex 21.5328 43.2 3.3
      vertex 22.3328 43.2 3.3
      vertex 21.5328 46.4 3.3
    endloop
  endfacet
  facet normal -0 0 1
    outer loop
      vertex 21.5328 43.2 3.3
      vertex 23.825 42.4 3.3
      vertex 22.3328 43.2 3.3
    endloop
  endfacet
  facet normal 0 0 1
    outer loop
      vertex 21.5328 43.2 3.3
      vertex 18.4613 42.4 3.3
      vertex 23.825 42.4 3.3
    endloop
  endfacet
  facet normal 0 0 1
    outer loop
      vertex 18.4613 42.4 3.3
      vertex 17.6613 42.4 3.3
      vertex 18.4613 39.2 3.3
    endloop
  endfacet
  facet normal -0 0 1
    outer loop
      vertex 14.7571 43.2 3.3
      vertex 18.4613 42.4 3.3
      vertex 21.5328 43.2 3.3
    endloop
  endfacet
  facet normal 0 0 1
    outer loop
      vertex 18.4613 42.4 3.3
      vertex 14.7571 43.2 3.3
      vertex 17.6613 42.4 3.3
    endloop
  endfacet
  facet normal 0 0 1
    outer loop
      vertex 13.9571 43.2 3.3
      vertex 14.7571 43.2 3.3
      vertex 13.9571 46.4 3.3
    endloop
  endfacet
  facet normal -0 0 1
    outer loop
      vertex 13.9571 43.2 3.3
      vertex 17.6613 42.4 3.3
      vertex 14.7571 43.2 3.3
    endloop
  endfacet
  facet normal 0 0 1
    outer loop
      vertex 13.9571 43.2 3.3
      vertex 10.7058 42.4 3.3
      vertex 17.6613 42.4 3.3
    endloop
  endfacet
  facet normal 0 0 1
    outer loop
      vertex 10.7058 42.4 3.3
      vertex 9.90583 42.4 3.3
      vertex 10.7058 39.2 3.3
    endloop
  endfacet
  facet normal 0 0 1
    outer loop
      vertex 13.9571 43.2 3.3
      vertex 9.90583 42.4 3.3
      vertex 10.7058 42.4 3.3
    endloop
  endfacet
  facet normal -0 0 1
    outer loop
      vertex 6.16239 43.2 3.3
      vertex 9.90583 42.4 3.3
      vertex 13.9571 43.2 3.3
    endloop
  endfacet
  facet normal 0 0 1
    outer loop
      vertex 6.16239 43.2 3.3
      vertex 6.14999 42.4 3.3
      vertex 9.90583 42.4 3.3
    endloop
  endfacet
  facet normal 0 0 1
    outer loop
      vertex 6.14999 42.4 3.3
      vertex 6.16239 43.2 3.3
      vertex 6.14999 43.25 3.3
    endloop
  endfacet
  facet normal 0 0 1
    outer loop
      vertex 23.825 39.2 3.3
      vertex 22.4055 38.4 3.3
      vertex 23.825 38.4 3.3
    endloop
  endfacet
  facet normal 0 0 1
    outer loop
      vertex 22.4055 38.4 3.3
      vertex 21.6055 38.4 3.3
      vertex 22.4055 35.2 3.3
    endloop
  endfacet
  facet normal 0 0 1
    outer loop
      vertex 23.825 39.2 3.3
      vertex 21.6055 38.4 3.3
      vertex 22.4055 38.4 3.3
    endloop
  endfacet
  facet normal -0 0 1
    outer loop
      vertex 18.4613 39.2 3.3
      vertex 21.6055 38.4 3.3
      vertex 23.825 39.2 3.3
    endloop
  endfacet
  facet normal 0 0 1
    outer loop
      vertex 17.6613 39.2 3.3
      vertex 18.4613 39.2 3.3
      vertex 17.6613 42.4 3.3
    endloop
  endfacet
  facet normal -0 0 1
    outer loop
      vertex 17.6613 39.2 3.3
      vertex 21.6055 38.4 3.3
      vertex 18.4613 39.2 3.3
    endloop
  endfacet
  facet normal 0 0 1
    outer loop
      vertex 17.6613 39.2 3.3
      vertex 14.1386 38.4 3.3
      vertex 21.6055 38.4 3.3
    endloop
  endfacet
  facet normal 0 0 1
    outer loop
      vertex 14.1386 38.4 3.3
      vertex 13.3386 38.4 3.3
      vertex 14.1386 35.2 3.3
    endloop
  endfacet
  facet normal -0 0 1
    outer loop
      vertex 10.7058 39.2 3.3
      vertex 14.1386 38.4 3.3
      vertex 17.6613 39.2 3.3
    endloop
  endfacet
  facet normal 0 0 1
    outer loop
      vertex 14.1386 38.4 3.3
      vertex 10.7058 39.2 3.3
      vertex 13.3386 38.4 3.3
    endloop
  endfacet
  facet normal 0 0 1
    outer loop
      vertex 9.90583 39.2 3.3
      vertex 10.7058 39.2 3.3
      vertex 9.90583 42.4 3.3
    endloop
  endfacet
  facet normal -0 0 1
    outer loop
      vertex 9.90583 39.2 3.3
      vertex 13.3386 38.4 3.3
      vertex 10.7058 39.2 3.3
    endloop
  endfacet
  facet normal 0 0 1
    outer loop
      vertex 6.14999 38.4 3.3
      vertex 9.90583 39.2 3.3
      vertex 6.14999 39.2 3.3
    endloop
  endfacet
  facet normal 0 0 1
    outer loop
      vertex 9.90583 39.2 3.3
      vertex 6.14999 38.4 3.3
      vertex 13.3386 38.4 3.3
    endloop
  endfacet
  facet normal -0 0 1
    outer loop
      vertex 22.4055 35.2 3.3
      vertex 23.825 34.4 3.3
      vertex 23.825 35.2 3.3
    endloop
  endfacet
  facet normal 0 0 1
    outer loop
      vertex 21.6055 35.2 3.3
      vertex 22.4055 35.2 3.3
      vertex 21.6055 38.4 3.3
    endloop
  endfacet
  facet normal -0 0 1
    outer loop
      vertex 21.6055 35.2 3.3
      vertex 23.825 34.4 3.3
      vertex 22.4055 35.2 3.3
    endloop
  endfacet
  facet normal 0 0 1
    outer loop
      vertex 21.6055 35.2 3.3
      vertex 18.2755 34.4 3.3
      vertex 23.825 34.4 3.3
    endloop
  endfacet
  facet normal 0 0 1
    outer loop
      vertex 18.2755 34.4 3.3
      vertex 17.4755 34.4 3.3
      vertex 18.2755 31.2 3.3
    endloop
  endfacet
  facet normal 0 0 1
    outer loop
      vertex 21.6055 35.2 3.3
      vertex 17.4755 34.4 3.3
      vertex 18.2755 34.4 3.3
    endloop
  endfacet
  facet normal -0 0 1
    outer loop
      vertex 14.1386 35.2 3.3
      vertex 17.4755 34.4 3.3
      vertex 21.6055 35.2 3.3
    endloop
  endfacet
  facet normal 0 0 1
    outer loop
      vertex 13.3386 35.2 3.3
      vertex 14.1386 35.2 3.3
      vertex 13.3386 38.4 3.3
    endloop
  endfacet
  facet normal -0 0 1
    outer loop
      vertex 13.3386 35.2 3.3
      vertex 17.4755 34.4 3.3
      vertex 14.1386 35.2 3.3
    endloop
  endfacet
  facet normal 0 0 1
    outer loop
      vertex 13.3386 35.2 3.3
      vertex 10.0153 34.4 3.3
      vertex 17.4755 34.4 3.3
    endloop
  endfacet
  facet normal 0 0 1
    outer loop
      vertex 10.0153 34.4 3.3
      vertex 9.21533 34.4 3.3
      vertex 10.0153 31.2 3.3
    endloop
  endfacet
  facet normal -0 0 1
    outer loop
      vertex 6.14999 35.2 3.3
      vertex 10.0153 34.4 3.3
      vertex 13.3386 35.2 3.3
    endloop
  endfacet
  facet normal 0 0 1
    outer loop
      vertex 10.0153 34.4 3.3
      vertex 6.14999 35.2 3.3
      vertex 9.21533 34.4 3.3
    endloop
  endfacet
  facet normal 0 0 1
    outer loop
      vertex 9.21533 34.4 3.3
      vertex 6.14999 35.2 3.3
      vertex 6.14999 34.4 3.3
    endloop
  endfacet
  facet normal 0 0 1
    outer loop
      vertex 5.36239 43.2 3.3
      vertex 6.14999 43.25 3.3
      vertex 5.36239 46.4 3.3
    endloop
  endfacet
  facet normal -0 0 1
    outer loop
      vertex 5.36239 43.2 3.3
      vertex 3.53202 42.4 3.3
      vertex 6.14999 43.25 3.3
    endloop
  endfacet
  facet normal -0 0 1
    outer loop
      vertex 2 43.2 3.3
      vertex 3.53202 42.4 3.3
      vertex 5.36239 43.2 3.3
    endloop
  endfacet
  facet normal 0 0 1
    outer loop
      vertex 3.53202 42.4 3.3
      vertex 2 43.2 3.3
      vertex 2 42.4 3.3
    endloop
  endfacet
  facet normal 0 0 1
    outer loop
      vertex 10.296 23.825 3.3
      vertex 9.49605 23.825 3.3
      vertex 10.296 23.2 3.3
    endloop
  endfacet
  facet normal 0 0 1
    outer loop
      vertex 6.14041 2.8 3.3
      vertex 5.34041 6.4 3.3
      vertex 5.34041 2.8 3.3
    endloop
  endfacet
  facet normal 0 0 1
    outer loop
      vertex 18.7614 23.825 3.3
      vertex 17.9614 23.825 3.3
      vertex 18.7614 23.2 3.3
    endloop
  endfacet
  facet normal 0 0 1
    outer loop
      vertex 23.825 23.2 3.3
      vertex 22.2964 22.4 3.3
      vertex 23.825 22.4 3.3
    endloop
  endfacet
  facet normal 0 0 1
    outer loop
      vertex 22.2964 22.4 3.3
      vertex 21.4964 22.4 3.3
      vertex 22.2964 19.2 3.3
    endloop
  endfacet
  facet normal 0 0 1
    outer loop
      vertex 23.825 23.2 3.3
      vertex 21.4964 22.4 3.3
      vertex 22.2964 22.4 3.3
    endloop
  endfacet
  facet normal -0 0 1
    outer loop
      vertex 18.7614 23.2 3.3
      vertex 21.4964 22.4 3.3
      vertex 23.825 23.2 3.3
    endloop
  endfacet
  facet normal 0 0 1
    outer loop
      vertex 17.9614 23.2 3.3
      vertex 18.7614 23.2 3.3
      vertex 17.9614 23.825 3.3
    endloop
  endfacet
  facet normal -0 0 1
    outer loop
      vertex 17.9614 23.2 3.3
      vertex 21.4964 22.4 3.3
      vertex 18.7614 23.2 3.3
    endloop
  endfacet
  facet normal 0 0 1
    outer loop
      vertex 17.9614 23.2 3.3
      vertex 14.1089 22.4 3.3
      vertex 21.4964 22.4 3.3
    endloop
  endfacet
  facet normal 0 0 1
    outer loop
      vertex 14.1089 22.4 3.3
      vertex 13.3089 22.4 3.3
      vertex 14.1089 19.2 3.3
    endloop
  endfacet
  facet normal -0 0 1
    outer loop
      vertex 10.296 23.2 3.3
      vertex 14.1089 22.4 3.3
      vertex 17.9614 23.2 3.3
    endloop
  endfacet
  facet normal 0 0 1
    outer loop
      vertex 14.1089 22.4 3.3
      vertex 10.296 23.2 3.3
      vertex 13.3089 22.4 3.3
    endloop
  endfacet
  facet normal 0 0 1
    outer loop
      vertex 9.49605 23.2 3.3
      vertex 10.296 23.2 3.3
      vertex 9.49605 23.825 3.3
    endloop
  endfacet
  facet normal -0 0 1
    outer loop
      vertex 9.49605 23.2 3.3
      vertex 13.3089 22.4 3.3
      vertex 10.296 23.2 3.3
    endloop
  endfacet
  facet normal 0 0 1
    outer loop
      vertex 9.49605 23.2 3.3
      vertex 6.17584 22.4 3.3
      vertex 13.3089 22.4 3.3
    endloop
  endfacet
  facet normal 0 0 1
    outer loop
      vertex 6.17584 22.4 3.3
      vertex 5.37584 22.4 3.3
      vertex 6.17584 19.2 3.3
    endloop
  endfacet
  facet normal 0 0 1
    outer loop
      vertex 9.49605 23.2 3.3
      vertex 5.37584 22.4 3.3
      vertex 6.17584 22.4 3.3
    endloop
  endfacet
  facet normal -0 0 1
    outer loop
      vertex 2 23.2 3.3
      vertex 5.37584 22.4 3.3
      vertex 9.49605 23.2 3.3
    endloop
  endfacet
  facet normal 0 0 1
    outer loop
      vertex 5.37584 22.4 3.3
      vertex 2 23.2 3.3
      vertex 2 22.4 3.3
    endloop
  endfacet
  facet normal -0 0 1
    outer loop
      vertex 22.2964 19.2 3.3
      vertex 23.825 18.4 3.3
      vertex 23.825 19.2 3.3
    endloop
  endfacet
  facet normal 0 0 1
    outer loop
      vertex 21.4964 19.2 3.3
      vertex 22.2964 19.2 3.3
      vertex 21.4964 22.4 3.3
    endloop
  endfacet
  facet normal -0 0 1
    outer loop
      vertex 21.4964 19.2 3.3
      vertex 23.825 18.4 3.3
      vertex 22.2964 19.2 3.3
    endloop
  endfacet
  facet normal 0 0 1
    outer loop
      vertex 21.4964 19.2 3.3
      vertex 18.7679 18.4 3.3
      vertex 23.825 18.4 3.3
    endloop
  endfacet
  facet normal 0 0 1
    outer loop
      vertex 18.7679 18.4 3.3
      vertex 17.9679 18.4 3.3
      vertex 18.7679 15.2 3.3
    endloop
  endfacet
  facet normal 0 0 1
    outer loop
      vertex 21.4964 19.2 3.3
      vertex 17.9679 18.4 3.3
      vertex 18.7679 18.4 3.3
    endloop
  endfacet
  facet normal -0 0 1
    outer loop
      vertex 14.1089 19.2 3.3
      vertex 17.9679 18.4 3.3
      vertex 21.4964 19.2 3.3
    endloop
  endfacet
  facet normal 0 0 1
    outer loop
      vertex 13.3089 19.2 3.3
      vertex 14.1089 19.2 3.3
      vertex 13.3089 22.4 3.3
    endloop
  endfacet
  facet normal 0 0 1
    outer loop
      vertex 10.6126 18.4 3.3
      vertex 14.1089 19.2 3.3
      vertex 13.3089 19.2 3.3
    endloop
  endfacet
  facet normal 0 0 1
    outer loop
      vertex 14.1089 19.2 3.3
      vertex 10.6126 18.4 3.3
      vertex 17.9679 18.4 3.3
    endloop
  endfacet
  facet normal 0 0 1
    outer loop
      vertex 10.6126 18.4 3.3
      vertex 9.81257 18.4 3.3
      vertex 10.6126 15.2 3.3
    endloop
  endfacet
  facet normal 0 0 1
    outer loop
      vertex 13.3089 19.2 3.3
      vertex 9.81257 18.4 3.3
      vertex 10.6126 18.4 3.3
    endloop
  endfacet
  facet normal -0 0 1
    outer loop
      vertex 6.17584 19.2 3.3
      vertex 9.81257 18.4 3.3
      vertex 13.3089 19.2 3.3
    endloop
  endfacet
  facet normal 0 0 1
    outer loop
      vertex 5.37584 19.2 3.3
      vertex 6.17584 19.2 3.3
      vertex 5.37584 22.4 3.3
    endloop
  endfacet
  facet normal 0 0 1
    outer loop
      vertex 2 18.4 3.3
      vertex 6.17584 19.2 3.3
      vertex 5.37584 19.2 3.3
    endloop
  endfacet
  facet normal 0 0 1
    outer loop
      vertex 2 18.4 3.3
      vertex 5.37584 19.2 3.3
      vertex 2 19.2 3.3
    endloop
  endfacet
  facet normal 0 0 1
    outer loop
      vertex 6.17584 19.2 3.3
      vertex 2 18.4 3.3
      vertex 9.81257 18.4 3.3
    endloop
  endfacet
  facet normal 0 0 1
    outer loop
      vertex 23.825 15.2 3.3
      vertex 22.2381 14.4 3.3
      vertex 23.825 14.4 3.3
    endloop
  endfacet
  facet normal 0 0 1
    outer loop
      vertex 22.2381 14.4 3.3
      vertex 21.4381 14.4 3.3
      vertex 22.2381 11.2 3.3
    endloop
  endfacet
  facet normal 0 0 1
    outer loop
      vertex 23.825 15.2 3.3
      vertex 21.4381 14.4 3.3
      vertex 22.2381 14.4 3.3
    endloop
  endfacet
  facet normal -0 0 1
    outer loop
      vertex 18.7679 15.2 3.3
      vertex 21.4381 14.4 3.3
      vertex 23.825 15.2 3.3
    endloop
  endfacet
  facet normal 0 0 1
    outer loop
      vertex 17.9679 15.2 3.3
      vertex 18.7679 15.2 3.3
      vertex 17.9679 18.4 3.3
    endloop
  endfacet
  facet normal -0 0 1
    outer loop
      vertex 17.9679 15.2 3.3
      vertex 21.4381 14.4 3.3
      vertex 18.7679 15.2 3.3
    endloop
  endfacet
  facet normal 0 0 1
    outer loop
      vertex 17.9679 15.2 3.3
      vertex 14.4456 14.4 3.3
      vertex 21.4381 14.4 3.3
    endloop
  endfacet
  facet normal 0 0 1
    outer loop
      vertex 14.4456 14.4 3.3
      vertex 13.6456 14.4 3.3
      vertex 14.4456 11.2 3.3
    endloop
  endfacet
  facet normal -0 0 1
    outer loop
      vertex 10.6126 15.2 3.3
      vertex 14.4456 14.4 3.3
      vertex 17.9679 15.2 3.3
    endloop
  endfacet
  facet normal 0 0 1
    outer loop
      vertex 14.4456 14.4 3.3
      vertex 10.6126 15.2 3.3
      vertex 13.6456 14.4 3.3
    endloop
  endfacet
  facet normal 0 0 1
    outer loop
      vertex 9.81257 15.2 3.3
      vertex 10.6126 15.2 3.3
      vertex 9.81257 18.4 3.3
    endloop
  endfacet
  facet normal -0 0 1
    outer loop
      vertex 9.81257 15.2 3.3
      vertex 13.6456 14.4 3.3
      vertex 10.6126 15.2 3.3
    endloop
  endfacet
  facet normal 0 0 1
    outer loop
      vertex 9.81257 15.2 3.3
      vertex 6.37983 14.4 3.3
      vertex 13.6456 14.4 3.3
    endloop
  endfacet
  facet normal 0 0 1
    outer loop
      vertex 6.37983 14.4 3.3
      vertex 6.14999 15.2 3.3
      vertex 6.37983 11.2 3.3
    endloop
  endfacet
  facet normal -0 0 1
    outer loop
      vertex 6.14999 15.2 3.3
      vertex 6.37983 14.4 3.3
      vertex 9.81257 15.2 3.3
    endloop
  endfacet
  facet normal -0 0 1
    outer loop
      vertex 22.2381 11.2 3.3
      vertex 23.825 10.4 3.3
      vertex 23.825 11.2 3.3
    endloop
  endfacet
  facet normal 0 0 1
    outer loop
      vertex 21.4381 11.2 3.3
      vertex 22.2381 11.2 3.3
      vertex 21.4381 14.4 3.3
    endloop
  endfacet
  facet normal -0 0 1
    outer loop
      vertex 21.4381 11.2 3.3
      vertex 23.825 10.4 3.3
      vertex 22.2381 11.2 3.3
    endloop
  endfacet
  facet normal 0 0 1
    outer loop
      vertex 21.4381 11.2 3.3
      vertex 18.2642 10.4 3.3
      vertex 23.825 10.4 3.3
    endloop
  endfacet
  facet normal 0 0 1
    outer loop
      vertex 18.2642 10.4 3.3
      vertex 17.4642 10.4 3.3
      vertex 18.2642 7.2 3.3
    endloop
  endfacet
  facet normal -0 0 1
    outer loop
      vertex 14.4456 11.2 3.3
      vertex 18.2642 10.4 3.3
      vertex 21.4381 11.2 3.3
    endloop
  endfacet
  facet normal 0 0 1
    outer loop
      vertex 18.2642 10.4 3.3
      vertex 14.4456 11.2 3.3
      vertex 17.4642 10.4 3.3
    endloop
  endfacet
  facet normal 0 0 1
    outer loop
      vertex 13.6456 11.2 3.3
      vertex 14.4456 11.2 3.3
      vertex 13.6456 14.4 3.3
    endloop
  endfacet
  facet normal -0 0 1
    outer loop
      vertex 13.6456 11.2 3.3
      vertex 17.4642 10.4 3.3
      vertex 14.4456 11.2 3.3
    endloop
  endfacet
  facet normal 0 0 1
    outer loop
      vertex 13.6456 11.2 3.3
      vertex 10.2494 10.4 3.3
      vertex 17.4642 10.4 3.3
    endloop
  endfacet
  facet normal 0 0 1
    outer loop
      vertex 10.2494 10.4 3.3
      vertex 9.44936 10.4 3.3
      vertex 10.2494 7.2 3.3
    endloop
  endfacet
  facet normal -0 0 1
    outer loop
      vertex 6.37983 11.2 3.3
      vertex 10.2494 10.4 3.3
      vertex 13.6456 11.2 3.3
    endloop
  endfacet
  facet normal 0 0 1
    outer loop
      vertex 10.2494 10.4 3.3
      vertex 6.37983 11.2 3.3
      vertex 9.44936 10.4 3.3
    endloop
  endfacet
  facet normal 0 0 1
    outer loop
      vertex 6.37983 11.2 3.3
      vertex 6.14999 10.4 3.3
      vertex 9.44936 10.4 3.3
    endloop
  endfacet
  facet normal 0 0 1
    outer loop
      vertex 6.14999 10.4 3.3
      vertex 6.37983 11.2 3.3
      vertex 6.14999 15.2 3.3
    endloop
  endfacet
  facet normal 0 0 1
    outer loop
      vertex 23.825 7.2 3.3
      vertex 22.1595 6.4 3.3
      vertex 23.825 6.4 3.3
    endloop
  endfacet
  facet normal 0 0 1
    outer loop
      vertex 22.1595 6.4 3.3
      vertex 21.3595 6.4 3.3
      vertex 22.1595 2.8 3.3
    endloop
  endfacet
  facet normal 0 0 1
    outer loop
      vertex 23.825 7.2 3.3
      vertex 21.3595 6.4 3.3
      vertex 22.1595 6.4 3.3
    endloop
  endfacet
  facet normal -0 0 1
    outer loop
      vertex 18.2642 7.2 3.3
      vertex 21.3595 6.4 3.3
      vertex 23.825 7.2 3.3
    endloop
  endfacet
  facet normal 0 0 1
    outer loop
      vertex 17.4642 7.2 3.3
      vertex 18.2642 7.2 3.3
      vertex 17.4642 10.4 3.3
    endloop
  endfacet
  facet normal -0 0 1
    outer loop
      vertex 17.4642 7.2 3.3
      vertex 21.3595 6.4 3.3
      vertex 18.2642 7.2 3.3
    endloop
  endfacet
  facet normal 0 0 1
    outer loop
      vertex 17.4642 7.2 3.3
      vertex 14.0412 6.4 3.3
      vertex 21.3595 6.4 3.3
    endloop
  endfacet
  facet normal 0 0 1
    outer loop
      vertex 14.0412 6.4 3.3
      vertex 13.2412 6.4 3.3
      vertex 14.0412 6.14999 3.3
    endloop
  endfacet
  facet normal -0 0 1
    outer loop
      vertex 10.2494 7.2 3.3
      vertex 14.0412 6.4 3.3
      vertex 17.4642 7.2 3.3
    endloop
  endfacet
  facet normal 0 0 1
    outer loop
      vertex 14.0412 6.4 3.3
      vertex 10.2494 7.2 3.3
      vertex 13.2412 6.4 3.3
    endloop
  endfacet
  facet normal 0 0 1
    outer loop
      vertex 9.44936 7.2 3.3
      vertex 10.2494 7.2 3.3
      vertex 9.44936 10.4 3.3
    endloop
  endfacet
  facet normal -0 0 1
    outer loop
      vertex 9.44936 7.2 3.3
      vertex 13.2412 6.4 3.3
      vertex 10.2494 7.2 3.3
    endloop
  endfacet
  facet normal 0 0 1
    outer loop
      vertex 9.44936 7.2 3.3
      vertex 6.14041 6.4 3.3
      vertex 13.2412 6.4 3.3
    endloop
  endfacet
  facet normal 0 0 1
    outer loop
      vertex 6.14041 6.4 3.3
      vertex 5.34041 6.4 3.3
      vertex 6.14041 2.8 3.3
    endloop
  endfacet
  facet normal 0 0 1
    outer loop
      vertex 9.44936 7.2 3.3
      vertex 5.34041 6.4 3.3
      vertex 6.14041 6.4 3.3
    endloop
  endfacet
  facet normal -0 0 1
    outer loop
      vertex 2 7.2 3.3
      vertex 5.34041 6.4 3.3
      vertex 9.44936 7.2 3.3
    endloop
  endfacet
  facet normal 0 0 1
    outer loop
      vertex 5.34041 6.4 3.3
      vertex 2 7.2 3.3
      vertex 2 6.4 3.3
    endloop
  endfacet
  facet normal 0 0 1
    outer loop
      vertex 22.1595 2.8 3.3
      vertex 21.3595 6.4 3.3
      vertex 21.3595 2.8 3.3
    endloop
  endfacet
  facet normal 0 0 1
    outer loop
      vertex 14.0412 6.14999 3.3
      vertex 13.2412 6.4 3.3
      vertex 13.2412 6.14999 3.3
    endloop
  endfacet
  facet normal -1 0 0
    outer loop
      vertex 48.8 35.2 3.3
      vertex 48.8 34.4 3.3
      vertex 48.8 35.2 3.81606
    endloop
  endfacet
  facet normal -1 0 0
    outer loop
      vertex 48.8 38.4 3.81606
      vertex 48.8 39.2 3.3
      vertex 48.8 38.4 3.3
    endloop
  endfacet
  facet normal -1 0 0
    outer loop
      vertex 48.8 42.4 3.83206
      vertex 48.8 43.2 3.3
      vertex 48.8 42.4 3.3
    endloop
  endfacet
  facet normal -1 0 0
    outer loop
      vertex 48.8 43.2 3.3
      vertex 48.8 42.4 3.83206
      vertex 48.8 43.2 4
    endloop
  endfacet
  facet normal -1 0 0
    outer loop
      vertex 48.8 39.2 3.83206
      vertex 48.8 43.2 4
      vertex 48.8 42.4 3.83206
    endloop
  endfacet
  facet normal -1 0 0
    outer loop
      vertex 48.8 39.2 3.3
      vertex 48.8 38.4 3.81606
      vertex 48.8 39.2 3.83206
    endloop
  endfacet
  facet normal -1 0 0
    outer loop
      vertex 48.8 34.4 4
      vertex 48.8 39.2 3.83206
      vertex 48.8 38.4 3.81606
    endloop
  endfacet
  facet normal -1 0 0
    outer loop
      vertex 48.8 34.4 4
      vertex 48.8 38.4 3.81606
      vertex 48.8 35.2 3.81606
    endloop
  endfacet
  facet normal -1 0 0
    outer loop
      vertex 48.8 39.2 3.83206
      vertex 48.8 34.4 4
      vertex 48.8 43.2 4
    endloop
  endfacet
  facet normal -1 0 0
    outer loop
      vertex 48.8 34.4 4
      vertex 48.8 35.2 3.81606
      vertex 48.8 34.4 3.3
    endloop
  endfacet
  facet normal 0 1 -0
    outer loop
      vertex 3.53202 42.4 3.3
      vertex 2 42.4 4
      vertex 3.53202 42.4 4
    endloop
  endfacet
  facet normal 0 1 0
    outer loop
      vertex 2 42.4 4
      vertex 3.53202 42.4 3.3
      vertex 2 42.4 3.3
    endloop
  endfacet
  facet normal 0 1 -0
    outer loop
      vertex 9.90583 42.4 3.3
      vertex 6.14999 42.4 4
      vertex 9.90583 42.4 4
    endloop
  endfacet
  facet normal 0 1 0
    outer loop
      vertex 6.14999 42.4 4
      vertex 9.90583 42.4 3.3
      vertex 6.14999 42.4 3.3
    endloop
  endfacet
  facet normal 0 1 -0
    outer loop
      vertex 48.8 42.4 3.3
      vertex 42.1108 42.4 3.83206
      vertex 48.8 42.4 3.83206
    endloop
  endfacet
  facet normal 0 1 0
    outer loop
      vertex 42.1108 42.4 3.83206
      vertex 48.8 42.4 3.3
      vertex 42.1108 42.4 3.3
    endloop
  endfacet
  facet normal 0 1 -0
    outer loop
      vertex 17.6613 42.4 3.3
      vertex 10.7058 42.4 3.74307
      vertex 17.6613 42.4 3.74307
    endloop
  endfacet
  facet normal 0 1 0
    outer loop
      vertex 10.7058 42.4 3.74307
      vertex 17.6613 42.4 3.3
      vertex 10.7058 42.4 3.3
    endloop
  endfacet
  facet normal 0 1 -0
    outer loop
      vertex 23.825 42.4 3.3
      vertex 18.4613 42.4 4
      vertex 23.825 42.4 4
    endloop
  endfacet
  facet normal 0 1 0
    outer loop
      vertex 18.4613 42.4 4
      vertex 23.825 42.4 3.3
      vertex 18.4613 42.4 3.3
    endloop
  endfacet
  facet normal 0 1 -0
    outer loop
      vertex 33.9991 42.4 3.3
      vertex 26.975 42.4 3.76318
      vertex 33.9991 42.4 3.76318
    endloop
  endfacet
  facet normal 0 1 0
    outer loop
      vertex 26.975 42.4 3.76318
      vertex 33.9991 42.4 3.3
      vertex 26.975 42.4 3.3
    endloop
  endfacet
  facet normal 0 1 -0
    outer loop
      vertex 41.3108 42.4 3.3
      vertex 34.7991 42.4 4
      vertex 41.3108 42.4 4
    endloop
  endfacet
  facet normal 0 1 0
    outer loop
      vertex 34.7991 42.4 4
      vertex 41.3108 42.4 3.3
      vertex 34.7991 42.4 3.3
    endloop
  endfacet
  facet normal 0 -1 0
    outer loop
      vertex 46.3195 43.2 3.3
      vertex 48.8 43.2 4
      vertex 46.3195 43.2 4
    endloop
  endfacet
  facet normal 0 -1 -0
    outer loop
      vertex 48.8 43.2 4
      vertex 46.3195 43.2 3.3
      vertex 48.8 43.2 3.3
    endloop
  endfacet
  facet normal 0 -1 0
    outer loop
      vertex 2 43.2 3.3
      vertex 5.36239 43.2 4
      vertex 2 43.2 4
    endloop
  endfacet
  facet normal 0 -1 -0
    outer loop
      vertex 5.36239 43.2 4
      vertex 2 43.2 3.3
      vertex 5.36239 43.2 3.3
    endloop
  endfacet
  facet normal 0 -1 0
    outer loop
      vertex 6.16239 43.2 3.3
      vertex 13.9571 43.2 4
      vertex 6.16239 43.2 4
    endloop
  endfacet
  facet normal 0 -1 -0
    outer loop
      vertex 13.9571 43.2 4
      vertex 6.16239 43.2 3.3
      vertex 13.9571 43.2 3.3
    endloop
  endfacet
  facet normal 0 -1 0
    outer loop
      vertex 14.7571 43.2 3.3
      vertex 21.5328 43.2 4
      vertex 14.7571 43.2 4
    endloop
  endfacet
  facet normal 0 -1 -0
    outer loop
      vertex 21.5328 43.2 4
      vertex 14.7571 43.2 3.3
      vertex 21.5328 43.2 3.3
    endloop
  endfacet
  facet normal 0 -1 0
    outer loop
      vertex 22.3328 43.2 3.3
      vertex 23.825 43.2 3.80868
      vertex 22.3328 43.2 3.80868
    endloop
  endfacet
  facet normal 0 -1 -0
    outer loop
      vertex 23.825 43.2 3.80868
      vertex 22.3328 43.2 3.3
      vertex 23.825 43.2 3.3
    endloop
  endfacet
  facet normal 0 -1 0
    outer loop
      vertex 26.975 43.2 3.3
      vertex 29.2217 43.2 3.80868
      vertex 26.975 43.2 3.80868
    endloop
  endfacet
  facet normal 0 -1 -0
    outer loop
      vertex 29.2217 43.2 3.80868
      vertex 26.975 43.2 3.3
      vertex 29.2217 43.2 3.3
    endloop
  endfacet
  facet normal 0 -1 0
    outer loop
      vertex 30.0217 43.2 3.3
      vertex 37.836 43.2 3.82299
      vertex 30.0217 43.2 3.82299
    endloop
  endfacet
  facet normal 0 -1 -0
    outer loop
      vertex 37.836 43.2 3.82299
      vertex 30.0217 43.2 3.3
      vertex 37.836 43.2 3.3
    endloop
  endfacet
  facet normal 0 -1 0
    outer loop
      vertex 38.636 43.2 3.3
      vertex 45.5195 43.2 3.7029
      vertex 38.636 43.2 3.7029
    endloop
  endfacet
  facet normal 0 -1 -0
    outer loop
      vertex 45.5195 43.2 3.7029
      vertex 38.636 43.2 3.3
      vertex 45.5195 43.2 3.3
    endloop
  endfacet
  facet normal 1 -0 0
    outer loop
      vertex 2 42.4 4
      vertex 2 43.2 3.3
      vertex 2 43.2 4
    endloop
  endfacet
  facet normal 1 0 0
    outer loop
      vertex 2 43.2 3.3
      vertex 2 42.4 4
      vertex 2 42.4 3.3
    endloop
  endfacet
  facet normal 0 1 -0
    outer loop
      vertex 48.8 38.4 3.3
      vertex 46.0065 38.4 3.81606
      vertex 48.8 38.4 3.81606
    endloop
  endfacet
  facet normal 0 1 0
    outer loop
      vertex 46.0065 38.4 3.81606
      vertex 48.8 38.4 3.3
      vertex 46.0065 38.4 3.3
    endloop
  endfacet
  facet normal 0 1 -0
    outer loop
      vertex 13.3386 38.4 3.3
      vertex 6.14999 38.4 4
      vertex 13.3386 38.4 4
    endloop
  endfacet
  facet normal 0 1 0
    outer loop
      vertex 6.14999 38.4 4
      vertex 13.3386 38.4 3.3
      vertex 6.14999 38.4 3.3
    endloop
  endfacet
  facet normal 0 1 -0
    outer loop
      vertex 21.6055 38.4 3.3
      vertex 14.1386 38.4 3.75902
      vertex 21.6055 38.4 3.75902
    endloop
  endfacet
  facet normal 0 1 0
    outer loop
      vertex 14.1386 38.4 3.75902
      vertex 21.6055 38.4 3.3
      vertex 14.1386 38.4 3.3
    endloop
  endfacet
  facet normal 0 1 -0
    outer loop
      vertex 23.825 38.4 3.3
      vertex 22.4055 38.4 4
      vertex 23.825 38.4 4
    endloop
  endfacet
  facet normal 0 1 0
    outer loop
      vertex 22.4055 38.4 4
      vertex 23.825 38.4 3.3
      vertex 22.4055 38.4 3.3
    endloop
  endfacet
  facet normal 0 1 -0
    outer loop
      vertex 29.9825 38.4 3.3
      vertex 26.975 38.4 4
      vertex 29.9825 38.4 4
    endloop
  endfacet
  facet normal 0 1 0
    outer loop
      vertex 26.975 38.4 4
      vertex 29.9825 38.4 3.3
      vertex 26.975 38.4 3.3
    endloop
  endfacet
  facet normal 0 1 -0
    outer loop
      vertex 37.4533 38.4 3.3
      vertex 30.7825 38.4 4
      vertex 37.4533 38.4 4
    endloop
  endfacet
  facet normal 0 1 0
    outer loop
      vertex 30.7825 38.4 4
      vertex 37.4533 38.4 3.3
      vertex 30.7825 38.4 3.3
    endloop
  endfacet
  facet normal 0 1 -0
    outer loop
      vertex 45.2065 38.4 3.3
      vertex 38.2533 38.4 4
      vertex 45.2065 38.4 4
    endloop
  endfacet
  facet normal 0 1 0
    outer loop
      vertex 38.2533 38.4 4
      vertex 45.2065 38.4 3.3
      vertex 38.2533 38.4 3.3
    endloop
  endfacet
  facet normal 0 -1 0
    outer loop
      vertex 42.1108 39.2 3.3
      vertex 48.8 39.2 3.83206
      vertex 42.1108 39.2 3.83206
    endloop
  endfacet
  facet normal 0 -1 -0
    outer loop
      vertex 48.8 39.2 3.83206
      vertex 42.1108 39.2 3.3
      vertex 48.8 39.2 3.3
    endloop
  endfacet
  facet normal 0 -1 0
    outer loop
      vertex 6.14999 39.2 3.3
      vertex 9.90583 39.2 4
      vertex 6.14999 39.2 4
    endloop
  endfacet
  facet normal 0 -1 -0
    outer loop
      vertex 9.90583 39.2 4
      vertex 6.14999 39.2 3.3
      vertex 9.90583 39.2 3.3
    endloop
  endfacet
  facet normal 0 -1 0
    outer loop
      vertex 10.7058 39.2 3.3
      vertex 17.6613 39.2 3.74307
      vertex 10.7058 39.2 3.74307
    endloop
  endfacet
  facet normal 0 -1 -0
    outer loop
      vertex 17.6613 39.2 3.74307
      vertex 10.7058 39.2 3.3
      vertex 17.6613 39.2 3.3
    endloop
  endfacet
  facet normal 0 -1 0
    outer loop
      vertex 18.4613 39.2 3.3
      vertex 23.825 39.2 4
      vertex 18.4613 39.2 4
    endloop
  endfacet
  facet normal 0 -1 -0
    outer loop
      vertex 23.825 39.2 4
      vertex 18.4613 39.2 3.3
      vertex 23.825 39.2 3.3
    endloop
  endfacet
  facet normal 0 -1 0
    outer loop
      vertex 26.975 39.2 3.3
      vertex 33.9991 39.2 3.76318
      vertex 26.975 39.2 3.76318
    endloop
  endfacet
  facet normal 0 -1 -0
    outer loop
      vertex 33.9991 39.2 3.76318
      vertex 26.975 39.2 3.3
      vertex 33.9991 39.2 3.3
    endloop
  endfacet
  facet normal 0 -1 0
    outer loop
      vertex 34.7991 39.2 3.3
      vertex 41.3108 39.2 4
      vertex 34.7991 39.2 4
    endloop
  endfacet
  facet normal 0 -1 -0
    outer loop
      vertex 41.3108 39.2 4
      vertex 34.7991 39.2 3.3
      vertex 41.3108 39.2 3.3
    endloop
  endfacet
  facet normal 0 1 -0
    outer loop
      vertex 48.8 34.4 3.3
      vertex 42.5384 34.4 4
      vertex 48.8 34.4 4
    endloop
  endfacet
  facet normal 0 1 0
    outer loop
      vertex 42.5384 34.4 4
      vertex 48.8 34.4 3.3
      vertex 42.5384 34.4 3.3
    endloop
  endfacet
  facet normal 0 1 -0
    outer loop
      vertex 9.21533 34.4 3.3
      vertex 6.14999 34.4 3.71509
      vertex 9.21533 34.4 3.71509
    endloop
  endfacet
  facet normal 0 1 0
    outer loop
      vertex 6.14999 34.4 3.71509
      vertex 9.21533 34.4 3.3
      vertex 6.14999 34.4 3.3
    endloop
  endfacet
  facet normal 0 1 -0
    outer loop
      vertex 17.4755 34.4 3.3
      vertex 10.0153 34.4 4
      vertex 17.4755 34.4 4
    endloop
  endfacet
  facet normal 0 1 0
    outer loop
      vertex 10.0153 34.4 4
      vertex 17.4755 34.4 3.3
      vertex 10.0153 34.4 3.3
    endloop
  endfacet
  facet normal 0 1 -0
    outer loop
      vertex 23.825 34.4 3.3
      vertex 18.2755 34.4 3.73413
      vertex 23.825 34.4 3.73413
    endloop
  endfacet
  facet normal 0 1 0
    outer loop
      vertex 18.2755 34.4 3.73413
      vertex 23.825 34.4 3.3
      vertex 18.2755 34.4 3.3
    endloop
  endfacet
  facet normal 0 1 -0
    outer loop
      vertex 33.6618 34.4 3.3
      vertex 26.975 34.4 3.7847
      vertex 33.6618 34.4 3.7847
    endloop
  endfacet
  facet normal 0 1 0
    outer loop
      vertex 26.975 34.4 3.7847
      vertex 33.6618 34.4 3.3
      vertex 26.975 34.4 3.3
    endloop
  endfacet
  facet normal 0 1 -0
    outer loop
      vertex 41.7384 34.4 3.3
      vertex 34.4618 34.4 4
      vertex 41.7384 34.4 4
    endloop
  endfacet
  facet normal 0 1 0
    outer loop
      vertex 34.4618 34.4 4
      vertex 41.7384 34.4 3.3
      vertex 34.4618 34.4 3.3
    endloop
  endfacet
  facet normal 0 -1 0
    outer loop
      vertex 46.0065 35.2 3.3
      vertex 48.8 35.2 3.81606
      vertex 46.0065 35.2 3.81606
    endloop
  endfacet
  facet normal 0 -1 -0
    outer loop
      vertex 48.8 35.2 3.81606
      vertex 46.0065 35.2 3.3
      vertex 48.8 35.2 3.3
    endloop
  endfacet
  facet normal 0 -1 0
    outer loop
      vertex 6.14999 35.2 3.3
      vertex 13.3386 35.2 4
      vertex 6.14999 35.2 4
    endloop
  endfacet
  facet normal 0 -1 -0
    outer loop
      vertex 13.3386 35.2 4
      vertex 6.14999 35.2 3.3
      vertex 13.3386 35.2 3.3
    endloop
  endfacet
  facet normal 0 -1 0
    outer loop
      vertex 14.1386 35.2 3.3
      vertex 21.6055 35.2 3.75902
      vertex 14.1386 35.2 3.75902
    endloop
  endfacet
  facet normal 0 -1 -0
    outer loop
      vertex 21.6055 35.2 3.75902
      vertex 14.1386 35.2 3.3
      vertex 21.6055 35.2 3.3
    endloop
  endfacet
  facet normal 0 -1 0
    outer loop
      vertex 22.4055 35.2 3.3
      vertex 23.825 35.2 4
      vertex 22.4055 35.2 4
    endloop
  endfacet
  facet normal 0 -1 -0
    outer loop
      vertex 23.825 35.2 4
      vertex 22.4055 35.2 3.3
      vertex 23.825 35.2 3.3
    endloop
  endfacet
  facet normal 0 -1 0
    outer loop
      vertex 26.975 35.2 3.3
      vertex 29.9825 35.2 4
      vertex 26.975 35.2 4
    endloop
  endfacet
  facet normal 0 -1 -0
    outer loop
      vertex 29.9825 35.2 4
      vertex 26.975 35.2 3.3
      vertex 29.9825 35.2 3.3
    endloop
  endfacet
  facet normal 0 -1 0
    outer loop
      vertex 30.7825 35.2 3.3
      vertex 37.4533 35.2 4
      vertex 30.7825 35.2 4
    endloop
  endfacet
  facet normal 0 -1 -0
    outer loop
      vertex 37.4533 35.2 4
      vertex 30.7825 35.2 3.3
      vertex 37.4533 35.2 3.3
    endloop
  endfacet
  facet normal 0 -1 0
    outer loop
      vertex 38.2533 35.2 3.3
      vertex 45.2065 35.2 4
      vertex 38.2533 35.2 4
    endloop
  endfacet
  facet normal 0 -1 -0
    outer loop
      vertex 45.2065 35.2 4
      vertex 38.2533 35.2 3.3
      vertex 45.2065 35.2 3.3
    endloop
  endfacet
  facet normal 1 0 0
    outer loop
      vertex 2 34.2974 4
      vertex 2 31.2 3.71509
      vertex 2 34.2974 3.71509
    endloop
  endfacet
  facet normal 1 -0 0
    outer loop
      vertex 2 30.4 4
      vertex 2 31.2 3.71509
      vertex 2 34.2974 4
    endloop
  endfacet
  facet normal 1 0 0
    outer loop
      vertex 2 30.4 3.3
      vertex 2 31.2 3.71509
      vertex 2 30.4 4
    endloop
  endfacet
  facet normal 1 0 0
    outer loop
      vertex 2 31.2 3.71509
      vertex 2 30.4 3.3
      vertex 2 31.2 3.3
    endloop
  endfacet
  facet normal -1 0 0
    outer loop
      vertex 48.8 30.4 3.3
      vertex 48.8 31.2 4
      vertex 48.8 31.2 3.3
    endloop
  endfacet
  facet normal -1 -0 0
    outer loop
      vertex 48.8 31.2 4
      vertex 48.8 30.4 3.3
      vertex 48.8 30.4 4
    endloop
  endfacet
  facet normal 0 1 -0
    outer loop
      vertex 5.55206 30.4 3.3
      vertex 2 30.4 4
      vertex 5.55206 30.4 4
    endloop
  endfacet
  facet normal 0 1 0
    outer loop
      vertex 2 30.4 4
      vertex 5.55206 30.4 3.3
      vertex 2 30.4 3.3
    endloop
  endfacet
  facet normal 0 1 -0
    outer loop
      vertex 48.8 30.4 3.3
      vertex 46.0863 30.4 4
      vertex 48.8 30.4 4
    endloop
  endfacet
  facet normal 0 1 0
    outer loop
      vertex 46.0863 30.4 4
      vertex 48.8 30.4 3.3
      vertex 46.0863 30.4 3.3
    endloop
  endfacet
  facet normal 0 1 -0
    outer loop
      vertex 13.315 30.4 3.3
      vertex 6.35206 30.4 3.8239
      vertex 13.315 30.4 3.8239
    endloop
  endfacet
  facet normal 0 1 0
    outer loop
      vertex 6.35206 30.4 3.8239
      vertex 13.315 30.4 3.3
      vertex 6.35206 30.4 3.3
    endloop
  endfacet
  facet normal 0 1 -0
    outer loop
      vertex 21.6644 30.4 3.3
      vertex 14.115 30.4 4
      vertex 21.6644 30.4 4
    endloop
  endfacet
  facet normal 0 1 0
    outer loop
      vertex 14.115 30.4 4
      vertex 21.6644 30.4 3.3
      vertex 14.115 30.4 3.3
    endloop
  endfacet
  facet normal 0 1 -0
    outer loop
      vertex 23.825 30.4 3.3
      vertex 22.4644 30.4 3.79787
      vertex 23.825 30.4 3.79787
    endloop
  endfacet
  facet normal 0 1 0
    outer loop
      vertex 22.4644 30.4 3.79787
      vertex 23.825 30.4 3.3
      vertex 22.4644 30.4 3.3
    endloop
  endfacet
  facet normal 0 1 -0
    outer loop
      vertex 29.4204 30.4 3.3
      vertex 26.975 30.4 3.79787
      vertex 29.4204 30.4 3.79787
    endloop
  endfacet
  facet normal 0 1 0
    outer loop
      vertex 26.975 30.4 3.79787
      vertex 29.4204 30.4 3.3
      vertex 26.975 30.4 3.3
    endloop
  endfacet
  facet normal 0 1 -0
    outer loop
      vertex 37.4603 30.4 3.3
      vertex 30.2204 30.4 4
      vertex 37.4603 30.4 4
    endloop
  endfacet
  facet normal 0 1 0
    outer loop
      vertex 30.2204 30.4 4
      vertex 37.4603 30.4 3.3
      vertex 30.2204 30.4 3.3
    endloop
  endfacet
  facet normal 0 1 -0
    outer loop
      vertex 45.2863 30.4 3.3
      vertex 38.2603 30.4 3.74379
      vertex 45.2863 30.4 3.74379
    endloop
  endfacet
  facet normal 0 1 0
    outer loop
      vertex 38.2603 30.4 3.74379
      vertex 45.2863 30.4 3.3
      vertex 38.2603 30.4 3.3
    endloop
  endfacet
  facet normal 0 -1 0
    outer loop
      vertex 42.5384 31.2 3.3
      vertex 48.8 31.2 4
      vertex 42.5384 31.2 4
    endloop
  endfacet
  facet normal 0 -1 -0
    outer loop
      vertex 48.8 31.2 4
      vertex 42.5384 31.2 3.3
      vertex 48.8 31.2 3.3
    endloop
  endfacet
  facet normal 0 -1 0
    outer loop
      vertex 2 31.2 3.3
      vertex 9.21533 31.2 3.71509
      vertex 2 31.2 3.71509
    endloop
  endfacet
  facet normal 0 -1 -0
    outer loop
      vertex 9.21533 31.2 3.71509
      vertex 2 31.2 3.3
      vertex 9.21533 31.2 3.3
    endloop
  endfacet
  facet normal 0 -1 0
    outer loop
      vertex 10.0153 31.2 3.3
      vertex 17.4755 31.2 4
      vertex 10.0153 31.2 4
    endloop
  endfacet
  facet normal 0 -1 -0
    outer loop
      vertex 17.4755 31.2 4
      vertex 10.0153 31.2 3.3
      vertex 17.4755 31.2 3.3
    endloop
  endfacet
  facet normal 0 -1 0
    outer loop
      vertex 18.2755 31.2 3.3
      vertex 23.825 31.2 3.73413
      vertex 18.2755 31.2 3.73413
    endloop
  endfacet
  facet normal 0 -1 -0
    outer loop
      vertex 23.825 31.2 3.73413
      vertex 18.2755 31.2 3.3
      vertex 23.825 31.2 3.3
    endloop
  endfacet
  facet normal 0 -1 0
    outer loop
      vertex 26.975 31.2 3.3
      vertex 33.6618 31.2 3.7847
      vertex 26.975 31.2 3.7847
    endloop
  endfacet
  facet normal 0 -1 -0
    outer loop
      vertex 33.6618 31.2 3.7847
      vertex 26.975 31.2 3.3
      vertex 33.6618 31.2 3.3
    endloop
  endfacet
  facet normal 0 -1 0
    outer loop
      vertex 34.4618 31.2 3.3
      vertex 41.7384 31.2 4
      vertex 34.4618 31.2 4
    endloop
  endfacet
  facet normal 0 -1 -0
    outer loop
      vertex 41.7384 31.2 4
      vertex 34.4618 31.2 3.3
      vertex 41.7384 31.2 3.3
    endloop
  endfacet
  facet normal -1 0 0
    outer loop
      vertex 48.8 26.975 3.3
      vertex 48.8 27.2 4
      vertex 48.8 27.2 3.3
    endloop
  endfacet
  facet normal -1 -0 0
    outer loop
      vertex 48.8 27.2 4
      vertex 48.8 26.975 3.3
      vertex 48.8 26.975 4
    endloop
  endfacet
  facet normal -1 0 0
    outer loop
      vertex 48.8 23.2 3.3
      vertex 48.8 22.4 3.3
      vertex 48.8 23.2 3.81024
    endloop
  endfacet
  facet normal -1 0 0
    outer loop
      vertex 48.8 23.2 3.81024
      vertex 48.8 23.825 4
      vertex 48.8 23.825 3.81024
    endloop
  endfacet
  facet normal -1 0 0
    outer loop
      vertex 48.8 23.2 3.81024
      vertex 48.8 22.4 4
      vertex 48.8 23.825 4
    endloop
  endfacet
  facet normal -1 0 0
    outer loop
      vertex 48.8 22.4 4
      vertex 48.8 23.2 3.81024
      vertex 48.8 22.4 3.3
    endloop
  endfacet
  facet normal 0 -1 0
    outer loop
      vertex 46.0863 27.2 3.3
      vertex 48.8 27.2 4
      vertex 46.0863 27.2 4
    endloop
  endfacet
  facet normal 0 -1 -0
    outer loop
      vertex 48.8 27.2 4
      vertex 46.0863 27.2 3.3
      vertex 48.8 27.2 3.3
    endloop
  endfacet
  facet normal 0 -1 0
    outer loop
      vertex 2 27.2 3.3
      vertex 5.55206 27.2 4
      vertex 2 27.2 4
    endloop
  endfacet
  facet normal 0 -1 -0
    outer loop
      vertex 5.55206 27.2 4
      vertex 2 27.2 3.3
      vertex 5.55206 27.2 3.3
    endloop
  endfacet
  facet normal 0 -1 0
    outer loop
      vertex 6.35206 27.2 3.3
      vertex 13.315 27.2 3.8239
      vertex 6.35206 27.2 3.8239
    endloop
  endfacet
  facet normal 0 -1 -0
    outer loop
      vertex 13.315 27.2 3.8239
      vertex 6.35206 27.2 3.3
      vertex 13.315 27.2 3.3
    endloop
  endfacet
  facet normal 0 -1 0
    outer loop
      vertex 14.115 27.2 3.3
      vertex 21.6644 27.2 4
      vertex 14.115 27.2 4
    endloop
  endfacet
  facet normal 0 -1 -0
    outer loop
      vertex 21.6644 27.2 4
      vertex 14.115 27.2 3.3
      vertex 21.6644 27.2 3.3
    endloop
  endfacet
  facet normal 0 -1 0
    outer loop
      vertex 22.4644 27.2 3.3
      vertex 23.825 27.2 3.79787
      vertex 22.4644 27.2 3.79787
    endloop
  endfacet
  facet normal 0 -1 -0
    outer loop
      vertex 23.825 27.2 3.79787
      vertex 22.4644 27.2 3.3
      vertex 23.825 27.2 3.3
    endloop
  endfacet
  facet normal 0 -1 0
    outer loop
      vertex 26.975 27.2 3.3
      vertex 29.4204 27.2 3.79787
      vertex 26.975 27.2 3.79787
    endloop
  endfacet
  facet normal 0 -1 -0
    outer loop
      vertex 29.4204 27.2 3.79787
      vertex 26.975 27.2 3.3
      vertex 29.4204 27.2 3.3
    endloop
  endfacet
  facet normal 0 -1 0
    outer loop
      vertex 30.2204 27.2 3.3
      vertex 37.4603 27.2 4
      vertex 30.2204 27.2 4
    endloop
  endfacet
  facet normal 0 -1 -0
    outer loop
      vertex 37.4603 27.2 4
      vertex 30.2204 27.2 3.3
      vertex 37.4603 27.2 3.3
    endloop
  endfacet
  facet normal 0 -1 0
    outer loop
      vertex 38.2603 27.2 3.3
      vertex 45.2863 27.2 3.74379
      vertex 38.2603 27.2 3.74379
    endloop
  endfacet
  facet normal 0 -1 -0
    outer loop
      vertex 45.2863 27.2 3.74379
      vertex 38.2603 27.2 3.3
      vertex 45.2863 27.2 3.3
    endloop
  endfacet
  facet normal 1 -0 0
    outer loop
      vertex 2 26.975 4
      vertex 2 27.2 3.3
      vertex 2 27.2 4
    endloop
  endfacet
  facet normal 1 0 0
    outer loop
      vertex 2 27.2 3.3
      vertex 2 26.975 4
      vertex 2 26.975 3.3
    endloop
  endfacet
  facet normal 1 0 0
    outer loop
      vertex 2 23.825 4
      vertex 2 23.2 3.81785
      vertex 2 23.825 3.81785
    endloop
  endfacet
  facet normal 1 -0 0
    outer loop
      vertex 2 22.4 4
      vertex 2 23.2 3.81785
      vertex 2 23.825 4
    endloop
  endfacet
  facet normal 1 0 0
    outer loop
      vertex 2 22.4 3.3
      vertex 2 23.2 3.81785
      vertex 2 22.4 4
    endloop
  endfacet
  facet normal 1 0 0
    outer loop
      vertex 2 23.2 3.81785
      vertex 2 22.4 3.3
      vertex 2 23.2 3.3
    endloop
  endfacet
  facet normal 0 1 -0
    outer loop
      vertex 5.37584 22.4 3.3
      vertex 2 22.4 4
      vertex 5.37584 22.4 4
    endloop
  endfacet
  facet normal 0 1 0
    outer loop
      vertex 2 22.4 4
      vertex 5.37584 22.4 3.3
      vertex 2 22.4 3.3
    endloop
  endfacet
  facet normal 0 1 -0
    outer loop
      vertex 48.8 22.4 3.3
      vertex 46.7549 22.4 4
      vertex 48.8 22.4 4
    endloop
  endfacet
  facet normal 0 1 0
    outer loop
      vertex 46.7549 22.4 4
      vertex 48.8 22.4 3.3
      vertex 46.7549 22.4 3.3
    endloop
  endfacet
  facet normal 0 1 -0
    outer loop
      vertex 13.3089 22.4 3.3
      vertex 6.17584 22.4 3.74276
      vertex 13.3089 22.4 3.74276
    endloop
  endfacet
  facet normal 0 1 0
    outer loop
      vertex 6.17584 22.4 3.74276
      vertex 13.3089 22.4 3.3
      vertex 6.17584 22.4 3.3
    endloop
  endfacet
  facet normal 0 1 -0
    outer loop
      vertex 21.4964 22.4 3.3
      vertex 14.1089 22.4 3.7963
      vertex 21.4964 22.4 3.7963
    endloop
  endfacet
  facet normal 0 1 0
    outer loop
      vertex 14.1089 22.4 3.7963
      vertex 21.4964 22.4 3.3
      vertex 14.1089 22.4 3.3
    endloop
  endfacet
  facet normal 0 1 -0
    outer loop
      vertex 23.825 22.4 3.3
      vertex 22.2964 22.4 3.74968
      vertex 23.825 22.4 3.74968
    endloop
  endfacet
  facet normal 0 1 0
    outer loop
      vertex 22.2964 22.4 3.74968
      vertex 23.825 22.4 3.3
      vertex 22.2964 22.4 3.3
    endloop
  endfacet
  facet normal 0 1 -0
    outer loop
      vertex 29.8792 22.4 3.3
      vertex 26.975 22.4 3.74968
      vertex 29.8792 22.4 3.74968
    endloop
  endfacet
  facet normal 0 1 0
    outer loop
      vertex 26.975 22.4 3.74968
      vertex 29.8792 22.4 3.3
      vertex 26.975 22.4 3.3
    endloop
  endfacet
  facet normal 0 1 -0
    outer loop
      vertex 37.3058 22.4 3.3
      vertex 30.6792 22.4 4
      vertex 37.3058 22.4 4
    endloop
  endfacet
  facet normal 0 1 0
    outer loop
      vertex 30.6792 22.4 4
      vertex 37.3058 22.4 3.3
      vertex 30.6792 22.4 3.3
    endloop
  endfacet
  facet normal 0 1 -0
    outer loop
      vertex 45.9549 22.4 3.3
      vertex 38.1058 22.4 3.82037
      vertex 45.9549 22.4 3.82037
    endloop
  endfacet
  facet normal 0 1 0
    outer loop
      vertex 38.1058 22.4 3.82037
      vertex 45.9549 22.4 3.3
      vertex 38.1058 22.4 3.3
    endloop
  endfacet
  facet normal 0 -1 0
    outer loop
      vertex 42.4648 23.2 3.3
      vertex 48.8 23.2 3.81024
      vertex 42.4648 23.2 3.81024
    endloop
  endfacet
  facet normal 0 -1 -0
    outer loop
      vertex 48.8 23.2 3.81024
      vertex 42.4648 23.2 3.3
      vertex 48.8 23.2 3.3
    endloop
  endfacet
  facet normal 0 -1 0
    outer loop
      vertex 2 23.2 3.3
      vertex 9.49605 23.2 3.81785
      vertex 2 23.2 3.81785
    endloop
  endfacet
  facet normal 0 -1 -0
    outer loop
      vertex 9.49605 23.2 3.81785
      vertex 2 23.2 3.3
      vertex 9.49605 23.2 3.3
    endloop
  endfacet
  facet normal 0 -1 0
    outer loop
      vertex 10.296 23.2 3.3
      vertex 17.9614 23.2 3.7432
      vertex 10.296 23.2 3.7432
    endloop
  endfacet
  facet normal 0 -1 -0
    outer loop
      vertex 17.9614 23.2 3.7432
      vertex 10.296 23.2 3.3
      vertex 17.9614 23.2 3.3
    endloop
  endfacet
  facet normal 0 -1 0
    outer loop
      vertex 18.7614 23.2 3.3
      vertex 23.825 23.2 4
      vertex 18.7614 23.2 4
    endloop
  endfacet
  facet normal 0 -1 -0
    outer loop
      vertex 23.825 23.2 4
      vertex 18.7614 23.2 3.3
      vertex 23.825 23.2 3.3
    endloop
  endfacet
  facet normal 0 -1 0
    outer loop
      vertex 26.975 23.2 3.3
      vertex 33.4693 23.2 4
      vertex 26.975 23.2 4
    endloop
  endfacet
  facet normal 0 -1 -0
    outer loop
      vertex 33.4693 23.2 4
      vertex 26.975 23.2 3.3
      vertex 33.4693 23.2 3.3
    endloop
  endfacet
  facet normal 0 -1 0
    outer loop
      vertex 34.2693 23.2 3.3
      vertex 41.6648 23.2 4
      vertex 34.2693 23.2 4
    endloop
  endfacet
  facet normal 0 -1 -0
    outer loop
      vertex 41.6648 23.2 4
      vertex 34.2693 23.2 3.3
      vertex 41.6648 23.2 3.3
    endloop
  endfacet
  facet normal -1 0 0
    outer loop
      vertex 48.8 18.4 3.3
      vertex 48.8 19.2 4
      vertex 48.8 19.2 3.3
    endloop
  endfacet
  facet normal -1 -0 0
    outer loop
      vertex 48.8 19.2 4
      vertex 48.8 18.4 3.3
      vertex 48.8 18.4 4
    endloop
  endfacet
  facet normal 0 1 -0
    outer loop
      vertex 48.8 18.4 3.3
      vertex 42.3062 18.4 4
      vertex 48.8 18.4 4
    endloop
  endfacet
  facet normal 0 1 0
    outer loop
      vertex 42.3062 18.4 4
      vertex 48.8 18.4 3.3
      vertex 42.3062 18.4 3.3
    endloop
  endfacet
  facet normal 0 1 -0
    outer loop
      vertex 9.81257 18.4 3.3
      vertex 2 18.4 3.72278
      vertex 9.81257 18.4 3.72278
    endloop
  endfacet
  facet normal 0 1 0
    outer loop
      vertex 2 18.4 3.72278
      vertex 9.81257 18.4 3.3
      vertex 2 18.4 3.3
    endloop
  endfacet
  facet normal 0 1 -0
    outer loop
      vertex 17.9679 18.4 3.3
      vertex 10.6126 18.4 4
      vertex 17.9679 18.4 4
    endloop
  endfacet
  facet normal 0 1 0
    outer loop
      vertex 10.6126 18.4 4
      vertex 17.9679 18.4 3.3
      vertex 10.6126 18.4 3.3
    endloop
  endfacet
  facet normal 0 1 -0
    outer loop
      vertex 23.825 18.4 3.3
      vertex 18.7679 18.4 3.71866
      vertex 23.825 18.4 3.71866
    endloop
  endfacet
  facet normal 0 1 0
    outer loop
      vertex 18.7679 18.4 3.71866
      vertex 23.825 18.4 3.3
      vertex 18.7679 18.4 3.3
    endloop
  endfacet
  facet normal 0 1 -0
    outer loop
      vertex 33.4656 18.4 3.3
      vertex 26.975 18.4 3.74993
      vertex 33.4656 18.4 3.74993
    endloop
  endfacet
  facet normal 0 1 0
    outer loop
      vertex 26.975 18.4 3.74993
      vertex 33.4656 18.4 3.3
      vertex 26.975 18.4 3.3
    endloop
  endfacet
  facet normal 0 1 -0
    outer loop
      vertex 41.5062 18.4 3.3
      vertex 34.2656 18.4 4
      vertex 41.5062 18.4 4
    endloop
  endfacet
  facet normal 0 1 0
    outer loop
      vertex 34.2656 18.4 4
      vertex 41.5062 18.4 3.3
      vertex 34.2656 18.4 3.3
    endloop
  endfacet
  facet normal 0 -1 0
    outer loop
      vertex 46.7549 19.2 3.3
      vertex 48.8 19.2 4
      vertex 46.7549 19.2 4
    endloop
  endfacet
  facet normal 0 -1 -0
    outer loop
      vertex 48.8 19.2 4
      vertex 46.7549 19.2 3.3
      vertex 48.8 19.2 3.3
    endloop
  endfacet
  facet normal 0 -1 0
    outer loop
      vertex 2 19.2 3.3
      vertex 5.37584 19.2 4
      vertex 2 19.2 4
    endloop
  endfacet
  facet normal 0 -1 -0
    outer loop
      vertex 5.37584 19.2 4
      vertex 2 19.2 3.3
      vertex 5.37584 19.2 3.3
    endloop
  endfacet
  facet normal 0 -1 0
    outer loop
      vertex 6.17584 19.2 3.3
      vertex 13.3089 19.2 3.74276
      vertex 6.17584 19.2 3.74276
    endloop
  endfacet
  facet normal 0 -1 -0
    outer loop
      vertex 13.3089 19.2 3.74276
      vertex 6.17584 19.2 3.3
      vertex 13.3089 19.2 3.3
    endloop
  endfacet
  facet normal 0 -1 0
    outer loop
      vertex 14.1089 19.2 3.3
      vertex 21.4964 19.2 3.7963
      vertex 14.1089 19.2 3.7963
    endloop
  endfacet
  facet normal 0 -1 -0
    outer loop
      vertex 21.4964 19.2 3.7963
      vertex 14.1089 19.2 3.3
      vertex 21.4964 19.2 3.3
    endloop
  endfacet
  facet normal 0 -1 0
    outer loop
      vertex 22.2964 19.2 3.3
      vertex 23.825 19.2 3.74968
      vertex 22.2964 19.2 3.74968
    endloop
  endfacet
  facet normal 0 -1 -0
    outer loop
      vertex 23.825 19.2 3.74968
      vertex 22.2964 19.2 3.3
      vertex 23.825 19.2 3.3
    endloop
  endfacet
  facet normal 0 -1 0
    outer loop
      vertex 26.975 19.2 3.3
      vertex 29.8792 19.2 3.74968
      vertex 26.975 19.2 3.74968
    endloop
  endfacet
  facet normal 0 -1 -0
    outer loop
      vertex 29.8792 19.2 3.74968
      vertex 26.975 19.2 3.3
      vertex 29.8792 19.2 3.3
    endloop
  endfacet
  facet normal 0 -1 0
    outer loop
      vertex 30.6792 19.2 3.3
      vertex 37.3058 19.2 4
      vertex 30.6792 19.2 4
    endloop
  endfacet
  facet normal 0 -1 -0
    outer loop
      vertex 37.3058 19.2 4
      vertex 30.6792 19.2 3.3
      vertex 37.3058 19.2 3.3
    endloop
  endfacet
  facet normal 0 -1 0
    outer loop
      vertex 38.1058 19.2 3.3
      vertex 45.9549 19.2 3.82037
      vertex 38.1058 19.2 3.82037
    endloop
  endfacet
  facet normal 0 -1 -0
    outer loop
      vertex 45.9549 19.2 3.82037
      vertex 38.1058 19.2 3.3
      vertex 45.9549 19.2 3.3
    endloop
  endfacet
  facet normal 1 0 0
    outer loop
      vertex 2 19.2 4
      vertex 2 18.4 3.72278
      vertex 2 19.2 3.3
    endloop
  endfacet
  facet normal 1 -0 0
    outer loop
      vertex 2 16.5026 4
      vertex 2 18.4 3.72278
      vertex 2 19.2 4
    endloop
  endfacet
  facet normal 1 0 0
    outer loop
      vertex 2 18.4 3.72278
      vertex 2 16.5026 4
      vertex 2 16.5026 3.72278
    endloop
  endfacet
  facet normal 1 0 0
    outer loop
      vertex 2 19.2 3.3
      vertex 2 18.4 3.72278
      vertex 2 18.4 3.3
    endloop
  endfacet
  facet normal -1 0 0
    outer loop
      vertex 48.8 7.2 3.3
      vertex 48.8 6.4 3.3
      vertex 48.8 7.2 3.72946
    endloop
  endfacet
  facet normal -1 0 0
    outer loop
      vertex 48.8 11.2 3.3
      vertex 48.8 10.4 3.3
      vertex 48.8 11.2 3.72628
    endloop
  endfacet
  facet normal -1 0 0
    outer loop
      vertex 48.8 14.4 3.72628
      vertex 48.8 15.2 3.3
      vertex 48.8 14.4 3.3
    endloop
  endfacet
  facet normal -1 0 0
    outer loop
      vertex 48.8 15.2 3.3
      vertex 48.8 14.4 3.72628
      vertex 48.8 15.2 4
    endloop
  endfacet
  facet normal -1 0 0
    outer loop
      vertex 48.8 11.2 3.72628
      vertex 48.8 15.2 4
      vertex 48.8 14.4 3.72628
    endloop
  endfacet
  facet normal -1 0 0
    outer loop
      vertex 48.8 10.4 3.72946
      vertex 48.8 11.2 3.72628
      vertex 48.8 10.4 3.3
    endloop
  endfacet
  facet normal -1 0 0
    outer loop
      vertex 48.8 10.4 3.72946
      vertex 48.8 15.2 4
      vertex 48.8 11.2 3.72628
    endloop
  endfacet
  facet normal -1 0 0
    outer loop
      vertex 48.8 6.4 4
      vertex 48.8 10.4 3.72946
      vertex 48.8 7.2 3.72946
    endloop
  endfacet
  facet normal -1 0 0
    outer loop
      vertex 48.8 10.4 3.72946
      vertex 48.8 6.4 4
      vertex 48.8 15.2 4
    endloop
  endfacet
  facet normal -1 0 0
    outer loop
      vertex 48.8 6.4 4
      vertex 48.8 7.2 3.72946
      vertex 48.8 6.4 3.3
    endloop
  endfacet
  facet normal 0 1 -0
    outer loop
      vertex 48.8 14.4 3.3
      vertex 46.3225 14.4 3.72628
      vertex 48.8 14.4 3.72628
    endloop
  endfacet
  facet normal 0 1 0
    outer loop
      vertex 46.3225 14.4 3.72628
      vertex 48.8 14.4 3.3
      vertex 46.3225 14.4 3.3
    endloop
  endfacet
  facet normal 0 1 -0
    outer loop
      vertex 13.6456 14.4 3.3
      vertex 6.37983 14.4 3.8092
      vertex 13.6456 14.4 3.8092
    endloop
  endfacet
  facet normal 0 1 0
    outer loop
      vertex 6.37983 14.4 3.8092
      vertex 13.6456 14.4 3.3
      vertex 6.37983 14.4 3.3
    endloop
  endfacet
  facet normal 0 1 -0
    outer loop
      vertex 21.4381 14.4 3.3
      vertex 14.4456 14.4 3.8333
      vertex 21.4381 14.4 3.8333
    endloop
  endfacet
  facet normal 0 1 0
    outer loop
      vertex 14.4456 14.4 3.8333
      vertex 21.4381 14.4 3.3
      vertex 14.4456 14.4 3.3
    endloop
  endfacet
  facet normal 0 1 -0
    outer loop
      vertex 23.825 14.4 3.3
      vertex 22.2381 14.4 4
      vertex 23.825 14.4 4
    endloop
  endfacet
  facet normal 0 1 0
    outer loop
      vertex 22.2381 14.4 4
      vertex 23.825 14.4 3.3
      vertex 22.2381 14.4 3.3
    endloop
  endfacet
  facet normal 0 1 -0
    outer loop
      vertex 29.5403 14.4 3.3
      vertex 26.975 14.4 4
      vertex 29.5403 14.4 4
    endloop
  endfacet
  facet normal 0 1 0
    outer loop
      vertex 26.975 14.4 4
      vertex 29.5403 14.4 3.3
      vertex 26.975 14.4 3.3
    endloop
  endfacet
  facet normal 0 1 -0
    outer loop
      vertex 37.2264 14.4 3.3
      vertex 30.3403 14.4 3.81335
      vertex 37.2264 14.4 3.81335
    endloop
  endfacet
  facet normal 0 1 0
    outer loop
      vertex 30.3403 14.4 3.81335
      vertex 37.2264 14.4 3.3
      vertex 30.3403 14.4 3.3
    endloop
  endfacet
  facet normal 0 1 -0
    outer loop
      vertex 45.5225 14.4 3.3
      vertex 38.0264 14.4 4
      vertex 45.5225 14.4 4
    endloop
  endfacet
  facet normal 0 1 0
    outer loop
      vertex 38.0264 14.4 4
      vertex 45.5225 14.4 3.3
      vertex 38.0264 14.4 3.3
    endloop
  endfacet
  facet normal 0 -1 0
    outer loop
      vertex 42.3062 15.2 3.3
      vertex 48.8 15.2 4
      vertex 42.3062 15.2 4
    endloop
  endfacet
  facet normal 0 -1 -0
    outer loop
      vertex 48.8 15.2 4
      vertex 42.3062 15.2 3.3
      vertex 48.8 15.2 3.3
    endloop
  endfacet
  facet normal 0 -1 0
    outer loop
      vertex 6.14999 15.2 3.3
      vertex 9.81257 15.2 3.72278
      vertex 6.14999 15.2 3.72278
    endloop
  endfacet
  facet normal 0 -1 -0
    outer loop
      vertex 9.81257 15.2 3.72278
      vertex 6.14999 15.2 3.3
      vertex 9.81257 15.2 3.3
    endloop
  endfacet
  facet normal 0 -1 0
    outer loop
      vertex 10.6126 15.2 3.3
      vertex 17.9679 15.2 4
      vertex 10.6126 15.2 4
    endloop
  endfacet
  facet normal 0 -1 -0
    outer loop
      vertex 17.9679 15.2 4
      vertex 10.6126 15.2 3.3
      vertex 17.9679 15.2 3.3
    endloop
  endfacet
  facet normal 0 -1 0
    outer loop
      vertex 18.7679 15.2 3.3
      vertex 23.825 15.2 3.71866
      vertex 18.7679 15.2 3.71866
    endloop
  endfacet
  facet normal 0 -1 -0
    outer loop
      vertex 23.825 15.2 3.71866
      vertex 18.7679 15.2 3.3
      vertex 23.825 15.2 3.3
    endloop
  endfacet
  facet normal 0 -1 0
    outer loop
      vertex 26.975 15.2 3.3
      vertex 33.4656 15.2 3.74993
      vertex 26.975 15.2 3.74993
    endloop
  endfacet
  facet normal 0 -1 -0
    outer loop
      vertex 33.4656 15.2 3.74993
      vertex 26.975 15.2 3.3
      vertex 33.4656 15.2 3.3
    endloop
  endfacet
  facet normal 0 -1 0
    outer loop
      vertex 34.2656 15.2 3.3
      vertex 41.5062 15.2 4
      vertex 34.2656 15.2 4
    endloop
  endfacet
  facet normal 0 -1 -0
    outer loop
      vertex 41.5062 15.2 4
      vertex 34.2656 15.2 3.3
      vertex 41.5062 15.2 3.3
    endloop
  endfacet
  facet normal 0 1 -0
    outer loop
      vertex 9.44936 10.4 3.3
      vertex 6.14999 10.4 4
      vertex 9.44936 10.4 4
    endloop
  endfacet
  facet normal 0 1 0
    outer loop
      vertex 6.14999 10.4 4
      vertex 9.44936 10.4 3.3
      vertex 6.14999 10.4 3.3
    endloop
  endfacet
  facet normal 0 1 -0
    outer loop
      vertex 48.8 10.4 3.3
      vertex 42.794 10.4 3.72946
      vertex 48.8 10.4 3.72946
    endloop
  endfacet
  facet normal 0 1 0
    outer loop
      vertex 42.794 10.4 3.72946
      vertex 48.8 10.4 3.3
      vertex 42.794 10.4 3.3
    endloop
  endfacet
  facet normal 0 1 -0
    outer loop
      vertex 17.4642 10.4 3.3
      vertex 10.2494 10.4 4
      vertex 17.4642 10.4 4
    endloop
  endfacet
  facet normal 0 1 0
    outer loop
      vertex 10.2494 10.4 4
      vertex 17.4642 10.4 3.3
      vertex 10.2494 10.4 3.3
    endloop
  endfacet
  facet normal 0 1 -0
    outer loop
      vertex 23.825 10.4 3.3
      vertex 18.2642 10.4 3.78497
      vertex 23.825 10.4 3.78497
    endloop
  endfacet
  facet normal 0 1 0
    outer loop
      vertex 18.2642 10.4 3.78497
      vertex 23.825 10.4 3.3
      vertex 18.2642 10.4 3.3
    endloop
  endfacet
  facet normal 0 1 -0
    outer loop
      vertex 33.5143 10.4 3.3
      vertex 26.975 10.4 4
      vertex 33.5143 10.4 4
    endloop
  endfacet
  facet normal 0 1 0
    outer loop
      vertex 26.975 10.4 4
      vertex 33.5143 10.4 3.3
      vertex 26.975 10.4 3.3
    endloop
  endfacet
  facet normal 0 1 -0
    outer loop
      vertex 41.994 10.4 3.3
      vertex 34.3143 10.4 3.79643
      vertex 41.994 10.4 3.79643
    endloop
  endfacet
  facet normal 0 1 0
    outer loop
      vertex 34.3143 10.4 3.79643
      vertex 41.994 10.4 3.3
      vertex 34.3143 10.4 3.3
    endloop
  endfacet
  facet normal 0 -1 0
    outer loop
      vertex 46.3225 11.2 3.3
      vertex 48.8 11.2 3.72628
      vertex 46.3225 11.2 3.72628
    endloop
  endfacet
  facet normal 0 -1 -0
    outer loop
      vertex 48.8 11.2 3.72628
      vertex 46.3225 11.2 3.3
      vertex 48.8 11.2 3.3
    endloop
  endfacet
  facet normal 0 -1 0
    outer loop
      vertex 6.37983 11.2 3.3
      vertex 13.6456 11.2 3.8092
      vertex 6.37983 11.2 3.8092
    endloop
  endfacet
  facet normal 0 -1 -0
    outer loop
      vertex 13.6456 11.2 3.8092
      vertex 6.37983 11.2 3.3
      vertex 13.6456 11.2 3.3
    endloop
  endfacet
  facet normal 0 -1 0
    outer loop
      vertex 14.4456 11.2 3.3
      vertex 21.4381 11.2 3.8333
      vertex 14.4456 11.2 3.8333
    endloop
  endfacet
  facet normal 0 -1 -0
    outer loop
      vertex 21.4381 11.2 3.8333
      vertex 14.4456 11.2 3.3
      vertex 21.4381 11.2 3.3
    endloop
  endfacet
  facet normal 0 -1 0
    outer loop
      vertex 22.2381 11.2 3.3
      vertex 23.825 11.2 4
      vertex 22.2381 11.2 4
    endloop
  endfacet
  facet normal 0 -1 -0
    outer loop
      vertex 23.825 11.2 4
      vertex 22.2381 11.2 3.3
      vertex 23.825 11.2 3.3
    endloop
  endfacet
  facet normal 0 -1 0
    outer loop
      vertex 26.975 11.2 3.3
      vertex 29.5403 11.2 4
      vertex 26.975 11.2 4
    endloop
  endfacet
  facet normal 0 -1 -0
    outer loop
      vertex 29.5403 11.2 4
      vertex 26.975 11.2 3.3
      vertex 29.5403 11.2 3.3
    endloop
  endfacet
  facet normal 0 -1 0
    outer loop
      vertex 30.3403 11.2 3.3
      vertex 37.2264 11.2 3.81335
      vertex 30.3403 11.2 3.81335
    endloop
  endfacet
  facet normal 0 -1 -0
    outer loop
      vertex 37.2264 11.2 3.81335
      vertex 30.3403 11.2 3.3
      vertex 37.2264 11.2 3.3
    endloop
  endfacet
  facet normal 0 -1 0
    outer loop
      vertex 38.0264 11.2 3.3
      vertex 45.5225 11.2 4
      vertex 38.0264 11.2 4
    endloop
  endfacet
  facet normal 0 -1 -0
    outer loop
      vertex 45.5225 11.2 4
      vertex 38.0264 11.2 3.3
      vertex 45.5225 11.2 3.3
    endloop
  endfacet
  facet normal 0 1 -0
    outer loop
      vertex 5.34041 6.4 3.3
      vertex 2 6.4 4
      vertex 5.34041 6.4 4
    endloop
  endfacet
  facet normal 0 1 0
    outer loop
      vertex 2 6.4 4
      vertex 5.34041 6.4 3.3
      vertex 2 6.4 3.3
    endloop
  endfacet
  facet normal 0 1 -0
    outer loop
      vertex 48.8 6.4 3.3
      vertex 46.7952 6.4 4
      vertex 48.8 6.4 4
    endloop
  endfacet
  facet normal 0 1 0
    outer loop
      vertex 46.7952 6.4 4
      vertex 48.8 6.4 3.3
      vertex 46.7952 6.4 3.3
    endloop
  endfacet
  facet normal 0 1 -0
    outer loop
      vertex 13.2412 6.4 3.3
      vertex 6.14041 6.4 3.72877
      vertex 13.2412 6.4 3.72877
    endloop
  endfacet
  facet normal 0 1 0
    outer loop
      vertex 6.14041 6.4 3.72877
      vertex 13.2412 6.4 3.3
      vertex 6.14041 6.4 3.3
    endloop
  endfacet
  facet normal 0 1 -0
    outer loop
      vertex 21.3595 6.4 3.3
      vertex 14.0412 6.4 4
      vertex 21.3595 6.4 4
    endloop
  endfacet
  facet normal 0 1 0
    outer loop
      vertex 14.0412 6.4 4
      vertex 21.3595 6.4 3.3
      vertex 14.0412 6.4 3.3
    endloop
  endfacet
  facet normal 0 1 -0
    outer loop
      vertex 23.825 6.4 3.3
      vertex 22.1595 6.4 4
      vertex 23.825 6.4 4
    endloop
  endfacet
  facet normal 0 1 0
    outer loop
      vertex 22.1595 6.4 4
      vertex 23.825 6.4 3.3
      vertex 22.1595 6.4 3.3
    endloop
  endfacet
  facet normal 0 1 -0
    outer loop
      vertex 29.8538 6.4 3.3
      vertex 26.975 6.4 4
      vertex 29.8538 6.4 4
    endloop
  endfacet
  facet normal 0 1 0
    outer loop
      vertex 26.975 6.4 4
      vertex 29.8538 6.4 3.3
      vertex 26.975 6.4 3.3
    endloop
  endfacet
  facet normal 0 1 -0
    outer loop
      vertex 37.5496 6.4 3.3
      vertex 30.6538 6.4 4
      vertex 37.5496 6.4 4
    endloop
  endfacet
  facet normal 0 1 0
    outer loop
      vertex 30.6538 6.4 4
      vertex 37.5496 6.4 3.3
      vertex 30.6538 6.4 3.3
    endloop
  endfacet
  facet normal 0 1 -0
    outer loop
      vertex 45.9952 6.4 3.3
      vertex 38.3496 6.4 3.8165
      vertex 45.9952 6.4 3.8165
    endloop
  endfacet
  facet normal 0 1 0
    outer loop
      vertex 38.3496 6.4 3.8165
      vertex 45.9952 6.4 3.3
      vertex 38.3496 6.4 3.3
    endloop
  endfacet
  facet normal 0 -1 0
    outer loop
      vertex 42.794 7.2 3.3
      vertex 48.8 7.2 3.72946
      vertex 42.794 7.2 3.72946
    endloop
  endfacet
  facet normal 0 -1 -0
    outer loop
      vertex 48.8 7.2 3.72946
      vertex 42.794 7.2 3.3
      vertex 48.8 7.2 3.3
    endloop
  endfacet
  facet normal 0 -1 0
    outer loop
      vertex 2 7.2 3.3
      vertex 9.44936 7.2 4
      vertex 2 7.2 4
    endloop
  endfacet
  facet normal 0 -1 -0
    outer loop
      vertex 9.44936 7.2 4
      vertex 2 7.2 3.3
      vertex 9.44936 7.2 3.3
    endloop
  endfacet
  facet normal 0 -1 0
    outer loop
      vertex 10.2494 7.2 3.3
      vertex 17.4642 7.2 4
      vertex 10.2494 7.2 4
    endloop
  endfacet
  facet normal 0 -1 -0
    outer loop
      vertex 17.4642 7.2 4
      vertex 10.2494 7.2 3.3
      vertex 17.4642 7.2 3.3
    endloop
  endfacet
  facet normal 0 -1 0
    outer loop
      vertex 18.2642 7.2 3.3
      vertex 23.825 7.2 3.78497
      vertex 18.2642 7.2 3.78497
    endloop
  endfacet
  facet normal 0 -1 -0
    outer loop
      vertex 23.825 7.2 3.78497
      vertex 18.2642 7.2 3.3
      vertex 23.825 7.2 3.3
    endloop
  endfacet
  facet normal 0 -1 0
    outer loop
      vertex 26.975 7.2 3.3
      vertex 33.5143 7.2 4
      vertex 26.975 7.2 4
    endloop
  endfacet
  facet normal 0 -1 -0
    outer loop
      vertex 33.5143 7.2 4
      vertex 26.975 7.2 3.3
      vertex 33.5143 7.2 3.3
    endloop
  endfacet
  facet normal 0 -1 0
    outer loop
      vertex 34.3143 7.2 3.3
      vertex 41.994 7.2 3.79643
      vertex 34.3143 7.2 3.79643
    endloop
  endfacet
  facet normal 0 -1 -0
    outer loop
      vertex 41.994 7.2 3.79643
      vertex 34.3143 7.2 3.3
      vertex 41.994 7.2 3.3
    endloop
  endfacet
  facet normal 1 -0 0
    outer loop
      vertex 2 6.4 4
      vertex 2 7.2 3.3
      vertex 2 7.2 4
    endloop
  endfacet
  facet normal 1 0 0
    outer loop
      vertex 2 7.2 3.3
      vertex 2 6.4 4
      vertex 2 6.4 3.3
    endloop
  endfacet
  facet normal -1 0 0
    outer loop
      vertex 10.2436 47.2 3.3
      vertex 10.2436 49.225 4
      vertex 10.2436 49.225 3.3
    endloop
  endfacet
  facet normal -1 -0 0
    outer loop
      vertex 10.2436 49.225 4
      vertex 10.2436 47.2 3.3
      vertex 10.2436 47.2 4
    endloop
  endfacet
  facet normal 1 -0 0
    outer loop
      vertex 9.44363 47.2 4
      vertex 9.44363 49.225 3.3
      vertex 9.44363 49.225 4
    endloop
  endfacet
  facet normal 1 0 0
    outer loop
      vertex 9.44363 49.225 3.3
      vertex 9.44363 47.2 4
      vertex 9.44363 47.2 3.3
    endloop
  endfacet
  facet normal -1 0 0
    outer loop
      vertex 18.2555 47.2 3.3
      vertex 18.2555 49.225 4
      vertex 18.2555 49.225 3.3
    endloop
  endfacet
  facet normal -1 -0 0
    outer loop
      vertex 18.2555 49.225 4
      vertex 18.2555 47.2 3.3
      vertex 18.2555 47.2 4
    endloop
  endfacet
  facet normal 1 -0 0
    outer loop
      vertex 17.4555 47.2 4
      vertex 17.4555 49.225 3.3
      vertex 17.4555 49.225 4
    endloop
  endfacet
  facet normal 1 0 0
    outer loop
      vertex 17.4555 49.225 3.3
      vertex 17.4555 47.2 4
      vertex 17.4555 47.2 3.3
    endloop
  endfacet
  facet normal -1 0 0
    outer loop
      vertex 34.7223 47.2 3.3
      vertex 34.7223 49.225 4
      vertex 34.7223 49.225 3.3
    endloop
  endfacet
  facet normal -1 -0 0
    outer loop
      vertex 34.7223 49.225 4
      vertex 34.7223 47.2 3.3
      vertex 34.7223 47.2 4
    endloop
  endfacet
  facet normal 1 -0 0
    outer loop
      vertex 33.9223 47.2 3.78992
      vertex 33.9223 49.225 3.3
      vertex 33.9223 49.225 3.78992
    endloop
  endfacet
  facet normal 1 0 0
    outer loop
      vertex 33.9223 49.225 3.3
      vertex 33.9223 47.2 3.78992
      vertex 33.9223 47.2 3.3
    endloop
  endfacet
  facet normal -1 0 0
    outer loop
      vertex 42.1988 47.2 3.3
      vertex 42.1988 49.225 3.73278
      vertex 42.1988 49.225 3.3
    endloop
  endfacet
  facet normal -1 -0 0
    outer loop
      vertex 42.1988 49.225 3.73278
      vertex 42.1988 47.2 3.3
      vertex 42.1988 47.2 3.73278
    endloop
  endfacet
  facet normal 1 -0 0
    outer loop
      vertex 41.3988 47.2 4
      vertex 41.3988 49.225 3.3
      vertex 41.3988 49.225 4
    endloop
  endfacet
  facet normal 1 0 0
    outer loop
      vertex 41.3988 49.225 3.3
      vertex 41.3988 47.2 4
      vertex 41.3988 47.2 3.3
    endloop
  endfacet
  facet normal -1 0 0
    outer loop
      vertex 6.16239 43.2 3.3
      vertex 6.16239 46.4 4
      vertex 6.16239 46.4 3.3
    endloop
  endfacet
  facet normal -1 -0 0
    outer loop
      vertex 6.16239 46.4 4
      vertex 6.16239 43.2 3.3
      vertex 6.16239 43.2 4
    endloop
  endfacet
  facet normal 1 -0 0
    outer loop
      vertex 5.36239 43.2 4
      vertex 5.36239 46.4 3.3
      vertex 5.36239 46.4 4
    endloop
  endfacet
  facet normal 1 0 0
    outer loop
      vertex 5.36239 46.4 3.3
      vertex 5.36239 43.2 4
      vertex 5.36239 43.2 3.3
    endloop
  endfacet
  facet normal -1 0 0
    outer loop
      vertex 14.7571 43.2 3.3
      vertex 14.7571 46.4 4
      vertex 14.7571 46.4 3.3
    endloop
  endfacet
  facet normal -1 -0 0
    outer loop
      vertex 14.7571 46.4 4
      vertex 14.7571 43.2 3.3
      vertex 14.7571 43.2 4
    endloop
  endfacet
  facet normal 1 -0 0
    outer loop
      vertex 13.9571 43.2 4
      vertex 13.9571 46.4 3.3
      vertex 13.9571 46.4 4
    endloop
  endfacet
  facet normal 1 0 0
    outer loop
      vertex 13.9571 46.4 3.3
      vertex 13.9571 43.2 4
      vertex 13.9571 43.2 3.3
    endloop
  endfacet
  facet normal -1 0 0
    outer loop
      vertex 22.3328 43.2 3.3
      vertex 22.3328 46.4 3.80868
      vertex 22.3328 46.4 3.3
    endloop
  endfacet
  facet normal -1 -0 0
    outer loop
      vertex 22.3328 46.4 3.80868
      vertex 22.3328 43.2 3.3
      vertex 22.3328 43.2 3.80868
    endloop
  endfacet
  facet normal 1 -0 0
    outer loop
      vertex 21.5328 43.2 4
      vertex 21.5328 46.4 3.3
      vertex 21.5328 46.4 4
    endloop
  endfacet
  facet normal 1 0 0
    outer loop
      vertex 21.5328 46.4 3.3
      vertex 21.5328 43.2 4
      vertex 21.5328 43.2 3.3
    endloop
  endfacet
  facet normal -1 0 0
    outer loop
      vertex 30.0217 43.2 3.3
      vertex 30.0217 46.4 3.82299
      vertex 30.0217 46.4 3.3
    endloop
  endfacet
  facet normal -1 -0 0
    outer loop
      vertex 30.0217 46.4 3.82299
      vertex 30.0217 43.2 3.3
      vertex 30.0217 43.2 3.82299
    endloop
  endfacet
  facet normal 1 -0 0
    outer loop
      vertex 29.2217 43.2 3.80868
      vertex 29.2217 46.4 3.3
      vertex 29.2217 46.4 3.80868
    endloop
  endfacet
  facet normal 1 0 0
    outer loop
      vertex 29.2217 46.4 3.3
      vertex 29.2217 43.2 3.80868
      vertex 29.2217 43.2 3.3
    endloop
  endfacet
  facet normal -1 0 0
    outer loop
      vertex 38.636 43.2 3.3
      vertex 38.636 46.4 3.7029
      vertex 38.636 46.4 3.3
    endloop
  endfacet
  facet normal -1 -0 0
    outer loop
      vertex 38.636 46.4 3.7029
      vertex 38.636 43.2 3.3
      vertex 38.636 43.2 3.7029
    endloop
  endfacet
  facet normal 1 -0 0
    outer loop
      vertex 37.836 43.2 3.82299
      vertex 37.836 46.4 3.3
      vertex 37.836 46.4 3.82299
    endloop
  endfacet
  facet normal 1 0 0
    outer loop
      vertex 37.836 46.4 3.3
      vertex 37.836 43.2 3.82299
      vertex 37.836 43.2 3.3
    endloop
  endfacet
  facet normal -1 0 0
    outer loop
      vertex 46.3195 43.2 3.3
      vertex 46.3195 46.4 4
      vertex 46.3195 46.4 3.3
    endloop
  endfacet
  facet normal -1 -0 0
    outer loop
      vertex 46.3195 46.4 4
      vertex 46.3195 43.2 3.3
      vertex 46.3195 43.2 4
    endloop
  endfacet
  facet normal 1 -0 0
    outer loop
      vertex 45.5195 43.2 3.7029
      vertex 45.5195 46.4 3.3
      vertex 45.5195 46.4 3.7029
    endloop
  endfacet
  facet normal 1 0 0
    outer loop
      vertex 45.5195 46.4 3.3
      vertex 45.5195 43.2 3.7029
      vertex 45.5195 43.2 3.3
    endloop
  endfacet
  facet normal -1 0 0
    outer loop
      vertex 10.7058 39.2 3.3
      vertex 10.7058 42.4 3.74307
      vertex 10.7058 42.4 3.3
    endloop
  endfacet
  facet normal -1 -0 0
    outer loop
      vertex 10.7058 42.4 3.74307
      vertex 10.7058 39.2 3.3
      vertex 10.7058 39.2 3.74307
    endloop
  endfacet
  facet normal 1 -0 0
    outer loop
      vertex 9.90583 39.2 4
      vertex 9.90583 42.4 3.3
      vertex 9.90583 42.4 4
    endloop
  endfacet
  facet normal 1 0 0
    outer loop
      vertex 9.90583 42.4 3.3
      vertex 9.90583 39.2 4
      vertex 9.90583 39.2 3.3
    endloop
  endfacet
  facet normal -1 0 0
    outer loop
      vertex 18.4613 39.2 3.3
      vertex 18.4613 42.4 4
      vertex 18.4613 42.4 3.3
    endloop
  endfacet
  facet normal -1 -0 0
    outer loop
      vertex 18.4613 42.4 4
      vertex 18.4613 39.2 3.3
      vertex 18.4613 39.2 4
    endloop
  endfacet
  facet normal 1 -0 0
    outer loop
      vertex 17.6613 39.2 3.74307
      vertex 17.6613 42.4 3.3
      vertex 17.6613 42.4 3.74307
    endloop
  endfacet
  facet normal 1 0 0
    outer loop
      vertex 17.6613 42.4 3.3
      vertex 17.6613 39.2 3.74307
      vertex 17.6613 39.2 3.3
    endloop
  endfacet
  facet normal -1 0 0
    outer loop
      vertex 34.7991 39.2 3.3
      vertex 34.7991 42.4 4
      vertex 34.7991 42.4 3.3
    endloop
  endfacet
  facet normal -1 -0 0
    outer loop
      vertex 34.7991 42.4 4
      vertex 34.7991 39.2 3.3
      vertex 34.7991 39.2 4
    endloop
  endfacet
  facet normal 1 -0 0
    outer loop
      vertex 33.9991 39.2 3.76318
      vertex 33.9991 42.4 3.3
      vertex 33.9991 42.4 3.76318
    endloop
  endfacet
  facet normal 1 0 0
    outer loop
      vertex 33.9991 42.4 3.3
      vertex 33.9991 39.2 3.76318
      vertex 33.9991 39.2 3.3
    endloop
  endfacet
  facet normal -1 0 0
    outer loop
      vertex 42.1108 39.2 3.3
      vertex 42.1108 42.4 3.83206
      vertex 42.1108 42.4 3.3
    endloop
  endfacet
  facet normal -1 -0 0
    outer loop
      vertex 42.1108 42.4 3.83206
      vertex 42.1108 39.2 3.3
      vertex 42.1108 39.2 3.83206
    endloop
  endfacet
  facet normal 1 -0 0
    outer loop
      vertex 41.3108 39.2 4
      vertex 41.3108 42.4 3.3
      vertex 41.3108 42.4 4
    endloop
  endfacet
  facet normal 1 0 0
    outer loop
      vertex 41.3108 42.4 3.3
      vertex 41.3108 39.2 4
      vertex 41.3108 39.2 3.3
    endloop
  endfacet
  facet normal -1 0 0
    outer loop
      vertex 14.1386 35.2 3.3
      vertex 14.1386 38.4 3.75902
      vertex 14.1386 38.4 3.3
    endloop
  endfacet
  facet normal -1 -0 0
    outer loop
      vertex 14.1386 38.4 3.75902
      vertex 14.1386 35.2 3.3
      vertex 14.1386 35.2 3.75902
    endloop
  endfacet
  facet normal 1 -0 0
    outer loop
      vertex 13.3386 35.2 4
      vertex 13.3386 38.4 3.3
      vertex 13.3386 38.4 4
    endloop
  endfacet
  facet normal 1 0 0
    outer loop
      vertex 13.3386 38.4 3.3
      vertex 13.3386 35.2 4
      vertex 13.3386 35.2 3.3
    endloop
  endfacet
  facet normal -1 0 0
    outer loop
      vertex 22.4055 35.2 3.3
      vertex 22.4055 38.4 4
      vertex 22.4055 38.4 3.3
    endloop
  endfacet
  facet normal -1 -0 0
    outer loop
      vertex 22.4055 38.4 4
      vertex 22.4055 35.2 3.3
      vertex 22.4055 35.2 4
    endloop
  endfacet
  facet normal 1 -0 0
    outer loop
      vertex 21.6055 35.2 3.75902
      vertex 21.6055 38.4 3.3
      vertex 21.6055 38.4 3.75902
    endloop
  endfacet
  facet normal 1 0 0
    outer loop
      vertex 21.6055 38.4 3.3
      vertex 21.6055 35.2 3.75902
      vertex 21.6055 35.2 3.3
    endloop
  endfacet
  facet normal -1 0 0
    outer loop
      vertex 30.7825 35.2 3.3
      vertex 30.7825 38.4 4
      vertex 30.7825 38.4 3.3
    endloop
  endfacet
  facet normal -1 -0 0
    outer loop
      vertex 30.7825 38.4 4
      vertex 30.7825 35.2 3.3
      vertex 30.7825 35.2 4
    endloop
  endfacet
  facet normal 1 -0 0
    outer loop
      vertex 29.9825 35.2 4
      vertex 29.9825 38.4 3.3
      vertex 29.9825 38.4 4
    endloop
  endfacet
  facet normal 1 0 0
    outer loop
      vertex 29.9825 38.4 3.3
      vertex 29.9825 35.2 4
      vertex 29.9825 35.2 3.3
    endloop
  endfacet
  facet normal -1 0 0
    outer loop
      vertex 38.2533 35.2 3.3
      vertex 38.2533 38.4 4
      vertex 38.2533 38.4 3.3
    endloop
  endfacet
  facet normal -1 -0 0
    outer loop
      vertex 38.2533 38.4 4
      vertex 38.2533 35.2 3.3
      vertex 38.2533 35.2 4
    endloop
  endfacet
  facet normal 1 -0 0
    outer loop
      vertex 37.4533 35.2 4
      vertex 37.4533 38.4 3.3
      vertex 37.4533 38.4 4
    endloop
  endfacet
  facet normal 1 0 0
    outer loop
      vertex 37.4533 38.4 3.3
      vertex 37.4533 35.2 4
      vertex 37.4533 35.2 3.3
    endloop
  endfacet
  facet normal -1 0 0
    outer loop
      vertex 46.0065 35.2 3.3
      vertex 46.0065 38.4 3.81606
      vertex 46.0065 38.4 3.3
    endloop
  endfacet
  facet normal -1 -0 0
    outer loop
      vertex 46.0065 38.4 3.81606
      vertex 46.0065 35.2 3.3
      vertex 46.0065 35.2 3.81606
    endloop
  endfacet
  facet normal 1 -0 0
    outer loop
      vertex 45.2065 35.2 4
      vertex 45.2065 38.4 3.3
      vertex 45.2065 38.4 4
    endloop
  endfacet
  facet normal 1 0 0
    outer loop
      vertex 45.2065 38.4 3.3
      vertex 45.2065 35.2 4
      vertex 45.2065 35.2 3.3
    endloop
  endfacet
  facet normal -1 0 0
    outer loop
      vertex 10.0153 31.2 3.3
      vertex 10.0153 34.4 4
      vertex 10.0153 34.4 3.3
    endloop
  endfacet
  facet normal -1 -0 0
    outer loop
      vertex 10.0153 34.4 4
      vertex 10.0153 31.2 3.3
      vertex 10.0153 31.2 4
    endloop
  endfacet
  facet normal 1 -0 0
    outer loop
      vertex 9.21533 31.2 3.71509
      vertex 9.21533 34.4 3.3
      vertex 9.21533 34.4 3.71509
    endloop
  endfacet
  facet normal 1 0 0
    outer loop
      vertex 9.21533 34.4 3.3
      vertex 9.21533 31.2 3.71509
      vertex 9.21533 31.2 3.3
    endloop
  endfacet
  facet normal -1 0 0
    outer loop
      vertex 18.2755 31.2 3.3
      vertex 18.2755 34.4 3.73413
      vertex 18.2755 34.4 3.3
    endloop
  endfacet
  facet normal -1 -0 0
    outer loop
      vertex 18.2755 34.4 3.73413
      vertex 18.2755 31.2 3.3
      vertex 18.2755 31.2 3.73413
    endloop
  endfacet
  facet normal 1 -0 0
    outer loop
      vertex 17.4755 31.2 4
      vertex 17.4755 34.4 3.3
      vertex 17.4755 34.4 4
    endloop
  endfacet
  facet normal 1 0 0
    outer loop
      vertex 17.4755 34.4 3.3
      vertex 17.4755 31.2 4
      vertex 17.4755 31.2 3.3
    endloop
  endfacet
  facet normal -1 0 0
    outer loop
      vertex 34.4618 31.2 3.3
      vertex 34.4618 34.4 4
      vertex 34.4618 34.4 3.3
    endloop
  endfacet
  facet normal -1 -0 0
    outer loop
      vertex 34.4618 34.4 4
      vertex 34.4618 31.2 3.3
      vertex 34.4618 31.2 4
    endloop
  endfacet
  facet normal 1 -0 0
    outer loop
      vertex 33.6618 31.2 3.7847
      vertex 33.6618 34.4 3.3
      vertex 33.6618 34.4 3.7847
    endloop
  endfacet
  facet normal 1 0 0
    outer loop
      vertex 33.6618 34.4 3.3
      vertex 33.6618 31.2 3.7847
      vertex 33.6618 31.2 3.3
    endloop
  endfacet
  facet normal -1 0 0
    outer loop
      vertex 42.5384 31.2 3.3
      vertex 42.5384 34.4 4
      vertex 42.5384 34.4 3.3
    endloop
  endfacet
  facet normal -1 -0 0
    outer loop
      vertex 42.5384 34.4 4
      vertex 42.5384 31.2 3.3
      vertex 42.5384 31.2 4
    endloop
  endfacet
  facet normal 1 -0 0
    outer loop
      vertex 41.7384 31.2 4
      vertex 41.7384 34.4 3.3
      vertex 41.7384 34.4 4
    endloop
  endfacet
  facet normal 1 0 0
    outer loop
      vertex 41.7384 34.4 3.3
      vertex 41.7384 31.2 4
      vertex 41.7384 31.2 3.3
    endloop
  endfacet
  facet normal -1 0 0
    outer loop
      vertex 6.35206 27.2 3.3
      vertex 6.35206 30.4 3.8239
      vertex 6.35206 30.4 3.3
    endloop
  endfacet
  facet normal -1 -0 0
    outer loop
      vertex 6.35206 30.4 3.8239
      vertex 6.35206 27.2 3.3
      vertex 6.35206 27.2 3.8239
    endloop
  endfacet
  facet normal 1 -0 0
    outer loop
      vertex 5.55206 27.2 4
      vertex 5.55206 30.4 3.3
      vertex 5.55206 30.4 4
    endloop
  endfacet
  facet normal 1 0 0
    outer loop
      vertex 5.55206 30.4 3.3
      vertex 5.55206 27.2 4
      vertex 5.55206 27.2 3.3
    endloop
  endfacet
  facet normal -1 0 0
    outer loop
      vertex 14.115 27.2 3.3
      vertex 14.115 30.4 4
      vertex 14.115 30.4 3.3
    endloop
  endfacet
  facet normal -1 -0 0
    outer loop
      vertex 14.115 30.4 4
      vertex 14.115 27.2 3.3
      vertex 14.115 27.2 4
    endloop
  endfacet
  facet normal 1 -0 0
    outer loop
      vertex 13.315 27.2 3.8239
      vertex 13.315 30.4 3.3
      vertex 13.315 30.4 3.8239
    endloop
  endfacet
  facet normal 1 0 0
    outer loop
      vertex 13.315 30.4 3.3
      vertex 13.315 27.2 3.8239
      vertex 13.315 27.2 3.3
    endloop
  endfacet
  facet normal -1 0 0
    outer loop
      vertex 22.4644 27.2 3.3
      vertex 22.4644 30.4 3.79787
      vertex 22.4644 30.4 3.3
    endloop
  endfacet
  facet normal -1 -0 0
    outer loop
      vertex 22.4644 30.4 3.79787
      vertex 22.4644 27.2 3.3
      vertex 22.4644 27.2 3.79787
    endloop
  endfacet
  facet normal 1 -0 0
    outer loop
      vertex 21.6644 27.2 4
      vertex 21.6644 30.4 3.3
      vertex 21.6644 30.4 4
    endloop
  endfacet
  facet normal 1 0 0
    outer loop
      vertex 21.6644 30.4 3.3
      vertex 21.6644 27.2 4
      vertex 21.6644 27.2 3.3
    endloop
  endfacet
  facet normal -1 0 0
    outer loop
      vertex 30.2204 27.2 3.3
      vertex 30.2204 30.4 4
      vertex 30.2204 30.4 3.3
    endloop
  endfacet
  facet normal -1 -0 0
    outer loop
      vertex 30.2204 30.4 4
      vertex 30.2204 27.2 3.3
      vertex 30.2204 27.2 4
    endloop
  endfacet
  facet normal 1 -0 0
    outer loop
      vertex 29.4204 27.2 3.79787
      vertex 29.4204 30.4 3.3
      vertex 29.4204 30.4 3.79787
    endloop
  endfacet
  facet normal 1 0 0
    outer loop
      vertex 29.4204 30.4 3.3
      vertex 29.4204 27.2 3.79787
      vertex 29.4204 27.2 3.3
    endloop
  endfacet
  facet normal -1 0 0
    outer loop
      vertex 38.2603 27.2 3.3
      vertex 38.2603 30.4 3.74379
      vertex 38.2603 30.4 3.3
    endloop
  endfacet
  facet normal -1 -0 0
    outer loop
      vertex 38.2603 30.4 3.74379
      vertex 38.2603 27.2 3.3
      vertex 38.2603 27.2 3.74379
    endloop
  endfacet
  facet normal 1 -0 0
    outer loop
      vertex 37.4603 27.2 4
      vertex 37.4603 30.4 3.3
      vertex 37.4603 30.4 4
    endloop
  endfacet
  facet normal 1 0 0
    outer loop
      vertex 37.4603 30.4 3.3
      vertex 37.4603 27.2 4
      vertex 37.4603 27.2 3.3
    endloop
  endfacet
  facet normal -1 0 0
    outer loop
      vertex 46.0863 27.2 3.3
      vertex 46.0863 30.4 4
      vertex 46.0863 30.4 3.3
    endloop
  endfacet
  facet normal -1 -0 0
    outer loop
      vertex 46.0863 30.4 4
      vertex 46.0863 27.2 3.3
      vertex 46.0863 27.2 4
    endloop
  endfacet
  facet normal 1 -0 0
    outer loop
      vertex 45.2863 27.2 3.74379
      vertex 45.2863 30.4 3.3
      vertex 45.2863 30.4 3.74379
    endloop
  endfacet
  facet normal 1 0 0
    outer loop
      vertex 45.2863 30.4 3.3
      vertex 45.2863 27.2 3.74379
      vertex 45.2863 27.2 3.3
    endloop
  endfacet
  facet normal -1 0 0
    outer loop
      vertex 10.296 23.2 3.3
      vertex 10.296 23.825 3.7432
      vertex 10.296 23.825 3.3
    endloop
  endfacet
  facet normal -1 -0 0
    outer loop
      vertex 10.296 23.825 3.7432
      vertex 10.296 23.2 3.3
      vertex 10.296 23.2 3.7432
    endloop
  endfacet
  facet normal 1 -0 0
    outer loop
      vertex 9.49605 23.2 3.81785
      vertex 9.49605 23.825 3.3
      vertex 9.49605 23.825 3.81785
    endloop
  endfacet
  facet normal 1 0 0
    outer loop
      vertex 9.49605 23.825 3.3
      vertex 9.49605 23.2 3.81785
      vertex 9.49605 23.2 3.3
    endloop
  endfacet
  facet normal -1 0 0
    outer loop
      vertex 18.7614 23.2 3.3
      vertex 18.7614 23.825 4
      vertex 18.7614 23.825 3.3
    endloop
  endfacet
  facet normal -1 -0 0
    outer loop
      vertex 18.7614 23.825 4
      vertex 18.7614 23.2 3.3
      vertex 18.7614 23.2 4
    endloop
  endfacet
  facet normal 1 -0 0
    outer loop
      vertex 17.9614 23.2 3.7432
      vertex 17.9614 23.825 3.3
      vertex 17.9614 23.825 3.7432
    endloop
  endfacet
  facet normal 1 0 0
    outer loop
      vertex 17.9614 23.825 3.3
      vertex 17.9614 23.2 3.7432
      vertex 17.9614 23.2 3.3
    endloop
  endfacet
  facet normal -1 0 0
    outer loop
      vertex 34.2693 23.2 3.3
      vertex 34.2693 23.825 4
      vertex 34.2693 23.825 3.3
    endloop
  endfacet
  facet normal -1 -0 0
    outer loop
      vertex 34.2693 23.825 4
      vertex 34.2693 23.2 3.3
      vertex 34.2693 23.2 4
    endloop
  endfacet
  facet normal 1 -0 0
    outer loop
      vertex 33.4693 23.2 4
      vertex 33.4693 23.825 3.3
      vertex 33.4693 23.825 4
    endloop
  endfacet
  facet normal 1 0 0
    outer loop
      vertex 33.4693 23.825 3.3
      vertex 33.4693 23.2 4
      vertex 33.4693 23.2 3.3
    endloop
  endfacet
  facet normal -1 0 0
    outer loop
      vertex 42.4648 23.2 3.3
      vertex 42.4648 23.825 3.81024
      vertex 42.4648 23.825 3.3
    endloop
  endfacet
  facet normal -1 -0 0
    outer loop
      vertex 42.4648 23.825 3.81024
      vertex 42.4648 23.2 3.3
      vertex 42.4648 23.2 3.81024
    endloop
  endfacet
  facet normal 1 -0 0
    outer loop
      vertex 41.6648 23.2 4
      vertex 41.6648 23.825 3.3
      vertex 41.6648 23.825 4
    endloop
  endfacet
  facet normal 1 0 0
    outer loop
      vertex 41.6648 23.825 3.3
      vertex 41.6648 23.2 4
      vertex 41.6648 23.2 3.3
    endloop
  endfacet
  facet normal -1 0 0
    outer loop
      vertex 6.17584 19.2 3.3
      vertex 6.17584 22.4 3.74276
      vertex 6.17584 22.4 3.3
    endloop
  endfacet
  facet normal -1 -0 0
    outer loop
      vertex 6.17584 22.4 3.74276
      vertex 6.17584 19.2 3.3
      vertex 6.17584 19.2 3.74276
    endloop
  endfacet
  facet normal 1 -0 0
    outer loop
      vertex 5.37584 19.2 4
      vertex 5.37584 22.4 3.3
      vertex 5.37584 22.4 4
    endloop
  endfacet
  facet normal 1 0 0
    outer loop
      vertex 5.37584 22.4 3.3
      vertex 5.37584 19.2 4
      vertex 5.37584 19.2 3.3
    endloop
  endfacet
  facet normal -1 0 0
    outer loop
      vertex 14.1089 19.2 3.3
      vertex 14.1089 22.4 3.7963
      vertex 14.1089 22.4 3.3
    endloop
  endfacet
  facet normal -1 -0 0
    outer loop
      vertex 14.1089 22.4 3.7963
      vertex 14.1089 19.2 3.3
      vertex 14.1089 19.2 3.7963
    endloop
  endfacet
  facet normal 1 -0 0
    outer loop
      vertex 13.3089 19.2 3.74276
      vertex 13.3089 22.4 3.3
      vertex 13.3089 22.4 3.74276
    endloop
  endfacet
  facet normal 1 0 0
    outer loop
      vertex 13.3089 22.4 3.3
      vertex 13.3089 19.2 3.74276
      vertex 13.3089 19.2 3.3
    endloop
  endfacet
  facet normal -1 0 0
    outer loop
      vertex 22.2964 19.2 3.3
      vertex 22.2964 22.4 3.74968
      vertex 22.2964 22.4 3.3
    endloop
  endfacet
  facet normal -1 -0 0
    outer loop
      vertex 22.2964 22.4 3.74968
      vertex 22.2964 19.2 3.3
      vertex 22.2964 19.2 3.74968
    endloop
  endfacet
  facet normal 1 -0 0
    outer loop
      vertex 21.4964 19.2 3.7963
      vertex 21.4964 22.4 3.3
      vertex 21.4964 22.4 3.7963
    endloop
  endfacet
  facet normal 1 0 0
    outer loop
      vertex 21.4964 22.4 3.3
      vertex 21.4964 19.2 3.7963
      vertex 21.4964 19.2 3.3
    endloop
  endfacet
  facet normal -1 0 0
    outer loop
      vertex 30.6792 19.2 3.3
      vertex 30.6792 22.4 4
      vertex 30.6792 22.4 3.3
    endloop
  endfacet
  facet normal -1 -0 0
    outer loop
      vertex 30.6792 22.4 4
      vertex 30.6792 19.2 3.3
      vertex 30.6792 19.2 4
    endloop
  endfacet
  facet normal 1 -0 0
    outer loop
      vertex 29.8792 19.2 3.74968
      vertex 29.8792 22.4 3.3
      vertex 29.8792 22.4 3.74968
    endloop
  endfacet
  facet normal 1 0 0
    outer loop
      vertex 29.8792 22.4 3.3
      vertex 29.8792 19.2 3.74968
      vertex 29.8792 19.2 3.3
    endloop
  endfacet
  facet normal -1 0 0
    outer loop
      vertex 38.1058 19.2 3.3
      vertex 38.1058 22.4 3.82037
      vertex 38.1058 22.4 3.3
    endloop
  endfacet
  facet normal -1 -0 0
    outer loop
      vertex 38.1058 22.4 3.82037
      vertex 38.1058 19.2 3.3
      vertex 38.1058 19.2 3.82037
    endloop
  endfacet
  facet normal 1 -0 0
    outer loop
      vertex 37.3058 19.2 4
      vertex 37.3058 22.4 3.3
      vertex 37.3058 22.4 4
    endloop
  endfacet
  facet normal 1 0 0
    outer loop
      vertex 37.3058 22.4 3.3
      vertex 37.3058 19.2 4
      vertex 37.3058 19.2 3.3
    endloop
  endfacet
  facet normal -1 0 0
    outer loop
      vertex 46.7549 19.2 3.3
      vertex 46.7549 22.4 4
      vertex 46.7549 22.4 3.3
    endloop
  endfacet
  facet normal -1 -0 0
    outer loop
      vertex 46.7549 22.4 4
      vertex 46.7549 19.2 3.3
      vertex 46.7549 19.2 4
    endloop
  endfacet
  facet normal 1 -0 0
    outer loop
      vertex 45.9549 19.2 3.82037
      vertex 45.9549 22.4 3.3
      vertex 45.9549 22.4 3.82037
    endloop
  endfacet
  facet normal 1 0 0
    outer loop
      vertex 45.9549 22.4 3.3
      vertex 45.9549 19.2 3.82037
      vertex 45.9549 19.2 3.3
    endloop
  endfacet
  facet normal -1 0 0
    outer loop
      vertex 10.6126 15.2 3.3
      vertex 10.6126 18.4 4
      vertex 10.6126 18.4 3.3
    endloop
  endfacet
  facet normal -1 -0 0
    outer loop
      vertex 10.6126 18.4 4
      vertex 10.6126 15.2 3.3
      vertex 10.6126 15.2 4
    endloop
  endfacet
  facet normal 1 -0 0
    outer loop
      vertex 9.81257 15.2 3.72278
      vertex 9.81257 18.4 3.3
      vertex 9.81257 18.4 3.72278
    endloop
  endfacet
  facet normal 1 0 0
    outer loop
      vertex 9.81257 18.4 3.3
      vertex 9.81257 15.2 3.72278
      vertex 9.81257 15.2 3.3
    endloop
  endfacet
  facet normal -1 0 0
    outer loop
      vertex 18.7679 15.2 3.3
      vertex 18.7679 18.4 3.71866
      vertex 18.7679 18.4 3.3
    endloop
  endfacet
  facet normal -1 -0 0
    outer loop
      vertex 18.7679 18.4 3.71866
      vertex 18.7679 15.2 3.3
      vertex 18.7679 15.2 3.71866
    endloop
  endfacet
  facet normal 1 -0 0
    outer loop
      vertex 17.9679 15.2 4
      vertex 17.9679 18.4 3.3
      vertex 17.9679 18.4 4
    endloop
  endfacet
  facet normal 1 0 0
    outer loop
      vertex 17.9679 18.4 3.3
      vertex 17.9679 15.2 4
      vertex 17.9679 15.2 3.3
    endloop
  endfacet
  facet normal -1 0 0
    outer loop
      vertex 34.2656 15.2 3.3
      vertex 34.2656 18.4 4
      vertex 34.2656 18.4 3.3
    endloop
  endfacet
  facet normal -1 -0 0
    outer loop
      vertex 34.2656 18.4 4
      vertex 34.2656 15.2 3.3
      vertex 34.2656 15.2 4
    endloop
  endfacet
  facet normal 1 -0 0
    outer loop
      vertex 33.4656 15.2 3.74993
      vertex 33.4656 18.4 3.3
      vertex 33.4656 18.4 3.74993
    endloop
  endfacet
  facet normal 1 0 0
    outer loop
      vertex 33.4656 18.4 3.3
      vertex 33.4656 15.2 3.74993
      vertex 33.4656 15.2 3.3
    endloop
  endfacet
  facet normal -1 0 0
    outer loop
      vertex 42.3062 15.2 3.3
      vertex 42.3062 18.4 4
      vertex 42.3062 18.4 3.3
    endloop
  endfacet
  facet normal -1 -0 0
    outer loop
      vertex 42.3062 18.4 4
      vertex 42.3062 15.2 3.3
      vertex 42.3062 15.2 4
    endloop
  endfacet
  facet normal 1 -0 0
    outer loop
      vertex 41.5062 15.2 4
      vertex 41.5062 18.4 3.3
      vertex 41.5062 18.4 4
    endloop
  endfacet
  facet normal 1 0 0
    outer loop
      vertex 41.5062 18.4 3.3
      vertex 41.5062 15.2 4
      vertex 41.5062 15.2 3.3
    endloop
  endfacet
  facet normal -1 0 0
    outer loop
      vertex 6.37983 11.2 3.3
      vertex 6.37983 14.4 3.8092
      vertex 6.37983 14.4 3.3
    endloop
  endfacet
  facet normal -1 -0 0
    outer loop
      vertex 6.37983 14.4 3.8092
      vertex 6.37983 11.2 3.3
      vertex 6.37983 11.2 3.8092
    endloop
  endfacet
  facet normal -1 0 0
    outer loop
      vertex 14.4456 11.2 3.3
      vertex 14.4456 14.4 3.8333
      vertex 14.4456 14.4 3.3
    endloop
  endfacet
  facet normal -1 -0 0
    outer loop
      vertex 14.4456 14.4 3.8333
      vertex 14.4456 11.2 3.3
      vertex 14.4456 11.2 3.8333
    endloop
  endfacet
  facet normal 1 -0 0
    outer loop
      vertex 13.6456 11.2 3.8092
      vertex 13.6456 14.4 3.3
      vertex 13.6456 14.4 3.8092
    endloop
  endfacet
  facet normal 1 0 0
    outer loop
      vertex 13.6456 14.4 3.3
      vertex 13.6456 11.2 3.8092
      vertex 13.6456 11.2 3.3
    endloop
  endfacet
  facet normal -1 0 0
    outer loop
      vertex 22.2381 11.2 3.3
      vertex 22.2381 14.4 4
      vertex 22.2381 14.4 3.3
    endloop
  endfacet
  facet normal -1 -0 0
    outer loop
      vertex 22.2381 14.4 4
      vertex 22.2381 11.2 3.3
      vertex 22.2381 11.2 4
    endloop
  endfacet
  facet normal 1 -0 0
    outer loop
      vertex 21.4381 11.2 3.8333
      vertex 21.4381 14.4 3.3
      vertex 21.4381 14.4 3.8333
    endloop
  endfacet
  facet normal 1 0 0
    outer loop
      vertex 21.4381 14.4 3.3
      vertex 21.4381 11.2 3.8333
      vertex 21.4381 11.2 3.3
    endloop
  endfacet
  facet normal -1 0 0
    outer loop
      vertex 30.3403 11.2 3.3
      vertex 30.3403 14.4 3.81335
      vertex 30.3403 14.4 3.3
    endloop
  endfacet
  facet normal -1 -0 0
    outer loop
      vertex 30.3403 14.4 3.81335
      vertex 30.3403 11.2 3.3
      vertex 30.3403 11.2 3.81335
    endloop
  endfacet
  facet normal 1 -0 0
    outer loop
      vertex 29.5403 11.2 4
      vertex 29.5403 14.4 3.3
      vertex 29.5403 14.4 4
    endloop
  endfacet
  facet normal 1 0 0
    outer loop
      vertex 29.5403 14.4 3.3
      vertex 29.5403 11.2 4
      vertex 29.5403 11.2 3.3
    endloop
  endfacet
  facet normal -1 0 0
    outer loop
      vertex 38.0264 11.2 3.3
      vertex 38.0264 14.4 4
      vertex 38.0264 14.4 3.3
    endloop
  endfacet
  facet normal -1 -0 0
    outer loop
      vertex 38.0264 14.4 4
      vertex 38.0264 11.2 3.3
      vertex 38.0264 11.2 4
    endloop
  endfacet
  facet normal 1 -0 0
    outer loop
      vertex 37.2264 11.2 3.81335
      vertex 37.2264 14.4 3.3
      vertex 37.2264 14.4 3.81335
    endloop
  endfacet
  facet normal 1 0 0
    outer loop
      vertex 37.2264 14.4 3.3
      vertex 37.2264 11.2 3.81335
      vertex 37.2264 11.2 3.3
    endloop
  endfacet
  facet normal -1 0 0
    outer loop
      vertex 46.3225 11.2 3.3
      vertex 46.3225 14.4 3.72628
      vertex 46.3225 14.4 3.3
    endloop
  endfacet
  facet normal -1 -0 0
    outer loop
      vertex 46.3225 14.4 3.72628
      vertex 46.3225 11.2 3.3
      vertex 46.3225 11.2 3.72628
    endloop
  endfacet
  facet normal 1 -0 0
    outer loop
      vertex 45.5225 11.2 4
      vertex 45.5225 14.4 3.3
      vertex 45.5225 14.4 4
    endloop
  endfacet
  facet normal 1 0 0
    outer loop
      vertex 45.5225 14.4 3.3
      vertex 45.5225 11.2 4
      vertex 45.5225 11.2 3.3
    endloop
  endfacet
  facet normal -1 0 0
    outer loop
      vertex 10.2494 7.2 3.3
      vertex 10.2494 10.4 4
      vertex 10.2494 10.4 3.3
    endloop
  endfacet
  facet normal -1 -0 0
    outer loop
      vertex 10.2494 10.4 4
      vertex 10.2494 7.2 3.3
      vertex 10.2494 7.2 4
    endloop
  endfacet
  facet normal 1 -0 0
    outer loop
      vertex 9.44936 7.2 4
      vertex 9.44936 10.4 3.3
      vertex 9.44936 10.4 4
    endloop
  endfacet
  facet normal 1 0 0
    outer loop
      vertex 9.44936 10.4 3.3
      vertex 9.44936 7.2 4
      vertex 9.44936 7.2 3.3
    endloop
  endfacet
  facet normal -1 0 0
    outer loop
      vertex 18.2642 7.2 3.3
      vertex 18.2642 10.4 3.78497
      vertex 18.2642 10.4 3.3
    endloop
  endfacet
  facet normal -1 -0 0
    outer loop
      vertex 18.2642 10.4 3.78497
      vertex 18.2642 7.2 3.3
      vertex 18.2642 7.2 3.78497
    endloop
  endfacet
  facet normal 1 -0 0
    outer loop
      vertex 17.4642 7.2 4
      vertex 17.4642 10.4 3.3
      vertex 17.4642 10.4 4
    endloop
  endfacet
  facet normal 1 0 0
    outer loop
      vertex 17.4642 10.4 3.3
      vertex 17.4642 7.2 4
      vertex 17.4642 7.2 3.3
    endloop
  endfacet
  facet normal -1 0 0
    outer loop
      vertex 34.3143 7.2 3.3
      vertex 34.3143 10.4 3.79643
      vertex 34.3143 10.4 3.3
    endloop
  endfacet
  facet normal -1 -0 0
    outer loop
      vertex 34.3143 10.4 3.79643
      vertex 34.3143 7.2 3.3
      vertex 34.3143 7.2 3.79643
    endloop
  endfacet
  facet normal 1 -0 0
    outer loop
      vertex 33.5143 7.2 4
      vertex 33.5143 10.4 3.3
      vertex 33.5143 10.4 4
    endloop
  endfacet
  facet normal 1 0 0
    outer loop
      vertex 33.5143 10.4 3.3
      vertex 33.5143 7.2 4
      vertex 33.5143 7.2 3.3
    endloop
  endfacet
  facet normal -1 0 0
    outer loop
      vertex 42.794 7.2 3.3
      vertex 42.794 10.4 3.72946
      vertex 42.794 10.4 3.3
    endloop
  endfacet
  facet normal -1 -0 0
    outer loop
      vertex 42.794 10.4 3.72946
      vertex 42.794 7.2 3.3
      vertex 42.794 7.2 3.72946
    endloop
  endfacet
  facet normal 1 -0 0
    outer loop
      vertex 41.994 7.2 3.79643
      vertex 41.994 10.4 3.3
      vertex 41.994 10.4 3.79643
    endloop
  endfacet
  facet normal 1 0 0
    outer loop
      vertex 41.994 10.4 3.3
      vertex 41.994 7.2 3.79643
      vertex 41.994 7.2 3.3
    endloop
  endfacet
  facet normal -1 0 0
    outer loop
      vertex 6.14041 2.8 3.3
      vertex 6.14041 6.4 3.72877
      vertex 6.14041 6.4 3.3
    endloop
  endfacet
  facet normal -1 -0 0
    outer loop
      vertex 6.14041 6.4 3.72877
      vertex 6.14041 2.8 3.3
      vertex 6.14041 2.8 3.72877
    endloop
  endfacet
  facet normal 0 1 0
    outer loop
      vertex 6.14041 2.8 3.72877
      vertex 8.63767 2.8 4
      vertex 8.63767 2.8 3.72877
    endloop
  endfacet
  facet normal 0 1 0
    outer loop
      vertex 8.63767 2.8 4
      vertex 6.14041 2.8 3.72877
      vertex 5.34041 2.8 4
    endloop
  endfacet
  facet normal 0 1 0
    outer loop
      vertex 5.34041 2.8 3.3
      vertex 6.14041 2.8 3.72877
      vertex 6.14041 2.8 3.3
    endloop
  endfacet
  facet normal 0 1 0
    outer loop
      vertex 6.14041 2.8 3.72877
      vertex 5.34041 2.8 3.3
      vertex 5.34041 2.8 4
    endloop
  endfacet
  facet normal 1 -0 0
    outer loop
      vertex 5.34041 2.8 4
      vertex 5.34041 6.4 3.3
      vertex 5.34041 6.4 4
    endloop
  endfacet
  facet normal 1 0 0
    outer loop
      vertex 5.34041 6.4 3.3
      vertex 5.34041 2.8 4
      vertex 5.34041 2.8 3.3
    endloop
  endfacet
  facet normal -1 0 0
    outer loop
      vertex 14.0412 6.14999 3.3
      vertex 14.0412 6.4 4
      vertex 14.0412 6.4 3.3
    endloop
  endfacet
  facet normal -1 -0 0
    outer loop
      vertex 14.0412 6.4 4
      vertex 14.0412 6.14999 3.3
      vertex 14.0412 6.14999 4
    endloop
  endfacet
  facet normal 1 -0 0
    outer loop
      vertex 13.2412 6.14999 3.72877
      vertex 13.2412 6.4 3.3
      vertex 13.2412 6.4 3.72877
    endloop
  endfacet
  facet normal 1 0 0
    outer loop
      vertex 13.2412 6.4 3.3
      vertex 13.2412 6.14999 3.72877
      vertex 13.2412 6.14999 3.3
    endloop
  endfacet
  facet normal -1 0 0
    outer loop
      vertex 22.1595 2.8 3.3
      vertex 22.1595 6.4 4
      vertex 22.1595 6.4 3.3
    endloop
  endfacet
  facet normal -1 -0 0
    outer loop
      vertex 22.1595 6.4 4
      vertex 22.1595 2.8 3.3
      vertex 22.1595 2.8 4
    endloop
  endfacet
  facet normal 0 1 -0
    outer loop
      vertex 22.1595 2.8 3.3
      vertex 21.3595 2.8 4
      vertex 22.1595 2.8 4
    endloop
  endfacet
  facet normal 0 1 0
    outer loop
      vertex 21.3595 2.8 4
      vertex 22.1595 2.8 3.3
      vertex 21.3595 2.8 3.3
    endloop
  endfacet
  facet normal 1 -0 0
    outer loop
      vertex 21.3595 2.8 4
      vertex 21.3595 6.4 3.3
      vertex 21.3595 6.4 4
    endloop
  endfacet
  facet normal 1 0 0
    outer loop
      vertex 21.3595 6.4 3.3
      vertex 21.3595 2.8 4
      vertex 21.3595 2.8 3.3
    endloop
  endfacet
  facet normal -1 0 0
    outer loop
      vertex 30.6538 2.8 3.3
      vertex 30.6538 6.4 4
      vertex 30.6538 6.4 3.3
    endloop
  endfacet
  facet normal -1 -0 0
    outer loop
      vertex 30.6538 6.4 4
      vertex 30.6538 2.8 3.3
      vertex 30.6538 2.8 4
    endloop
  endfacet
  facet normal 0 1 -0
    outer loop
      vertex 30.6538 2.8 3.3
      vertex 29.8538 2.8 4
      vertex 30.6538 2.8 4
    endloop
  endfacet
  facet normal 0 1 0
    outer loop
      vertex 29.8538 2.8 4
      vertex 30.6538 2.8 3.3
      vertex 29.8538 2.8 3.3
    endloop
  endfacet
  facet normal 1 -0 0
    outer loop
      vertex 29.8538 2.8 4
      vertex 29.8538 6.4 3.3
      vertex 29.8538 6.4 4
    endloop
  endfacet
  facet normal 1 0 0
    outer loop
      vertex 29.8538 6.4 3.3
      vertex 29.8538 2.8 4
      vertex 29.8538 2.8 3.3
    endloop
  endfacet
  facet normal -1 0 0
    outer loop
      vertex 38.3496 6.14999 3.3
      vertex 38.3496 6.4 3.8165
      vertex 38.3496 6.4 3.3
    endloop
  endfacet
  facet normal -1 -0 0
    outer loop
      vertex 38.3496 6.4 3.8165
      vertex 38.3496 6.14999 3.3
      vertex 38.3496 6.14999 3.8165
    endloop
  endfacet
  facet normal 0 1 0
    outer loop
      vertex 46.7952 2.8 4
      vertex 45.9952 2.8 3.8165
      vertex 42.1623 2.8 4
    endloop
  endfacet
  facet normal 0 1 -0
    outer loop
      vertex 46.7952 2.8 3.3
      vertex 45.9952 2.8 3.8165
      vertex 46.7952 2.8 4
    endloop
  endfacet
  facet normal 0 1 0
    outer loop
      vertex 45.9952 2.8 3.8165
      vertex 46.7952 2.8 3.3
      vertex 45.9952 2.8 3.3
    endloop
  endfacet
  facet normal 0 1 0
    outer loop
      vertex 42.1623 2.8 4
      vertex 45.9952 2.8 3.8165
      vertex 42.1623 2.8 3.8165
    endloop
  endfacet
  facet normal 1 -0 0
    outer loop
      vertex 37.5496 6.14999 4
      vertex 37.5496 6.4 3.3
      vertex 37.5496 6.4 4
    endloop
  endfacet
  facet normal 1 0 0
    outer loop
      vertex 37.5496 6.4 3.3
      vertex 37.5496 6.14999 4
      vertex 37.5496 6.14999 3.3
    endloop
  endfacet
  facet normal -1 0 0
    outer loop
      vertex 46.7952 2.8 3.3
      vertex 46.7952 6.4 4
      vertex 46.7952 6.4 3.3
    endloop
  endfacet
  facet normal -1 -0 0
    outer loop
      vertex 46.7952 6.4 4
      vertex 46.7952 2.8 3.3
      vertex 46.7952 2.8 4
    endloop
  endfacet
  facet normal 1 -0 0
    outer loop
      vertex 45.9952 2.8 3.8165
      vertex 45.9952 6.4 3.3
      vertex 45.9952 6.4 3.8165
    endloop
  endfacet
  facet normal 1 0 0
    outer loop
      vertex 45.9952 6.4 3.3
      vertex 45.9952 2.8 3.8165
      vertex 45.9952 2.8 3.3
    endloop
  endfacet
  facet normal -0 0 1
    outer loop
      vertex 26.975 49.225 3.78992
      vertex 33.9223 47.2 3.78992
      vertex 33.9223 49.225 3.78992
    endloop
  endfacet
  facet normal 0 0 1
    outer loop
      vertex 33.9223 47.2 3.78992
      vertex 26.975 49.225 3.78992
      vertex 26.975 47.2 3.78992
    endloop
  endfacet
  facet normal -0 0 1
    outer loop
      vertex 42.1988 49.225 3.73278
      vertex 48.8 47.2 3.73278
      vertex 48.8 49.225 3.73278
    endloop
  endfacet
  facet normal 0 0 1
    outer loop
      vertex 48.8 47.2 3.73278
      vertex 42.1988 49.225 3.73278
      vertex 42.1988 47.2 3.73278
    endloop
  endfacet
  facet normal -0 0 1
    outer loop
      vertex 22.3328 46.4 3.80868
      vertex 23.825 43.2 3.80868
      vertex 23.825 46.4 3.80868
    endloop
  endfacet
  facet normal 0 0 1
    outer loop
      vertex 23.825 43.2 3.80868
      vertex 22.3328 46.4 3.80868
      vertex 22.3328 43.2 3.80868
    endloop
  endfacet
  facet normal -0 0 1
    outer loop
      vertex 26.975 46.4 3.80868
      vertex 29.2217 43.2 3.80868
      vertex 29.2217 46.4 3.80868
    endloop
  endfacet
  facet normal 0 0 1
    outer loop
      vertex 29.2217 43.2 3.80868
      vertex 26.975 46.4 3.80868
      vertex 26.975 43.2 3.80868
    endloop
  endfacet
  facet normal -0 0 1
    outer loop
      vertex 30.0217 46.4 3.82299
      vertex 37.836 43.2 3.82299
      vertex 37.836 46.4 3.82299
    endloop
  endfacet
  facet normal 0 0 1
    outer loop
      vertex 37.836 43.2 3.82299
      vertex 30.0217 46.4 3.82299
      vertex 30.0217 43.2 3.82299
    endloop
  endfacet
  facet normal -0 0 1
    outer loop
      vertex 38.636 46.4 3.7029
      vertex 45.5195 43.2 3.7029
      vertex 45.5195 46.4 3.7029
    endloop
  endfacet
  facet normal 0 0 1
    outer loop
      vertex 45.5195 43.2 3.7029
      vertex 38.636 46.4 3.7029
      vertex 38.636 43.2 3.7029
    endloop
  endfacet
  facet normal -0 0 1
    outer loop
      vertex 10.7058 42.4 3.74307
      vertex 17.6613 39.2 3.74307
      vertex 17.6613 42.4 3.74307
    endloop
  endfacet
  facet normal 0 0 1
    outer loop
      vertex 17.6613 39.2 3.74307
      vertex 10.7058 42.4 3.74307
      vertex 10.7058 39.2 3.74307
    endloop
  endfacet
  facet normal -0 0 1
    outer loop
      vertex 26.975 42.4 3.76318
      vertex 33.9991 39.2 3.76318
      vertex 33.9991 42.4 3.76318
    endloop
  endfacet
  facet normal 0 0 1
    outer loop
      vertex 33.9991 39.2 3.76318
      vertex 26.975 42.4 3.76318
      vertex 26.975 39.2 3.76318
    endloop
  endfacet
  facet normal -0 0 1
    outer loop
      vertex 42.1108 42.4 3.83206
      vertex 48.8 39.2 3.83206
      vertex 48.8 42.4 3.83206
    endloop
  endfacet
  facet normal 0 0 1
    outer loop
      vertex 48.8 39.2 3.83206
      vertex 42.1108 42.4 3.83206
      vertex 42.1108 39.2 3.83206
    endloop
  endfacet
  facet normal -0 0 1
    outer loop
      vertex 14.1386 38.4 3.75902
      vertex 21.6055 35.2 3.75902
      vertex 21.6055 38.4 3.75902
    endloop
  endfacet
  facet normal 0 0 1
    outer loop
      vertex 21.6055 35.2 3.75902
      vertex 14.1386 38.4 3.75902
      vertex 14.1386 35.2 3.75902
    endloop
  endfacet
  facet normal -0 0 1
    outer loop
      vertex 46.0065 38.4 3.81606
      vertex 48.8 35.2 3.81606
      vertex 48.8 38.4 3.81606
    endloop
  endfacet
  facet normal 0 0 1
    outer loop
      vertex 48.8 35.2 3.81606
      vertex 46.0065 38.4 3.81606
      vertex 46.0065 35.2 3.81606
    endloop
  endfacet
  facet normal 0 0 1
    outer loop
      vertex 6.14999 32.95 3.71509
      vertex 9.21533 34.4 3.71509
      vertex 6.14999 34.4 3.71509
    endloop
  endfacet
  facet normal 0 0 1
    outer loop
      vertex 9.21533 34.4 3.71509
      vertex 6.14999 32.95 3.71509
      vertex 9.21533 31.2 3.71509
    endloop
  endfacet
  facet normal 0 0 1
    outer loop
      vertex 2 31.2 3.71509
      vertex 6.14999 32.95 3.71509
      vertex 2 34.2974 3.71509
    endloop
  endfacet
  facet normal 0 0 1
    outer loop
      vertex 6.14999 32.95 3.71509
      vertex 2 31.2 3.71509
      vertex 9.21533 31.2 3.71509
    endloop
  endfacet
  facet normal -0 0 1
    outer loop
      vertex 18.2755 34.4 3.73413
      vertex 23.825 31.2 3.73413
      vertex 23.825 34.4 3.73413
    endloop
  endfacet
  facet normal 0 0 1
    outer loop
      vertex 23.825 31.2 3.73413
      vertex 18.2755 34.4 3.73413
      vertex 18.2755 31.2 3.73413
    endloop
  endfacet
  facet normal -0 0 1
    outer loop
      vertex 26.975 34.4 3.7847
      vertex 33.6618 31.2 3.7847
      vertex 33.6618 34.4 3.7847
    endloop
  endfacet
  facet normal 0 0 1
    outer loop
      vertex 33.6618 31.2 3.7847
      vertex 26.975 34.4 3.7847
      vertex 26.975 31.2 3.7847
    endloop
  endfacet
  facet normal -0 0 1
    outer loop
      vertex 6.35206 30.4 3.8239
      vertex 13.315 27.2 3.8239
      vertex 13.315 30.4 3.8239
    endloop
  endfacet
  facet normal 0 0 1
    outer loop
      vertex 13.315 27.2 3.8239
      vertex 6.35206 30.4 3.8239
      vertex 6.35206 27.2 3.8239
    endloop
  endfacet
  facet normal -0 0 1
    outer loop
      vertex 22.4644 30.4 3.79787
      vertex 23.825 27.2 3.79787
      vertex 23.825 30.4 3.79787
    endloop
  endfacet
  facet normal 0 0 1
    outer loop
      vertex 23.825 27.2 3.79787
      vertex 22.4644 30.4 3.79787
      vertex 22.4644 27.2 3.79787
    endloop
  endfacet
  facet normal -0 0 1
    outer loop
      vertex 26.975 30.4 3.79787
      vertex 29.4204 27.2 3.79787
      vertex 29.4204 30.4 3.79787
    endloop
  endfacet
  facet normal 0 0 1
    outer loop
      vertex 29.4204 27.2 3.79787
      vertex 26.975 30.4 3.79787
      vertex 26.975 27.2 3.79787
    endloop
  endfacet
  facet normal -0 0 1
    outer loop
      vertex 38.2603 30.4 3.74379
      vertex 45.2863 27.2 3.74379
      vertex 45.2863 30.4 3.74379
    endloop
  endfacet
  facet normal 0 0 1
    outer loop
      vertex 45.2863 27.2 3.74379
      vertex 38.2603 30.4 3.74379
      vertex 38.2603 27.2 3.74379
    endloop
  endfacet
  facet normal -0 0 1
    outer loop
      vertex 2 23.825 3.81785
      vertex 9.49605 23.2 3.81785
      vertex 9.49605 23.825 3.81785
    endloop
  endfacet
  facet normal 0 0 1
    outer loop
      vertex 9.49605 23.2 3.81785
      vertex 2 23.825 3.81785
      vertex 2 23.2 3.81785
    endloop
  endfacet
  facet normal -0 0 1
    outer loop
      vertex 10.296 23.825 3.7432
      vertex 17.9614 23.2 3.7432
      vertex 17.9614 23.825 3.7432
    endloop
  endfacet
  facet normal 0 0 1
    outer loop
      vertex 17.9614 23.2 3.7432
      vertex 10.296 23.825 3.7432
      vertex 10.296 23.2 3.7432
    endloop
  endfacet
  facet normal -0 0 1
    outer loop
      vertex 42.4648 23.825 3.81024
      vertex 48.8 23.2 3.81024
      vertex 48.8 23.825 3.81024
    endloop
  endfacet
  facet normal 0 0 1
    outer loop
      vertex 48.8 23.2 3.81024
      vertex 42.4648 23.825 3.81024
      vertex 42.4648 23.2 3.81024
    endloop
  endfacet
  facet normal -0 0 1
    outer loop
      vertex 6.17584 22.4 3.74276
      vertex 13.3089 19.2 3.74276
      vertex 13.3089 22.4 3.74276
    endloop
  endfacet
  facet normal 0 0 1
    outer loop
      vertex 13.3089 19.2 3.74276
      vertex 6.17584 22.4 3.74276
      vertex 6.17584 19.2 3.74276
    endloop
  endfacet
  facet normal -0 0 1
    outer loop
      vertex 14.1089 22.4 3.7963
      vertex 21.4964 19.2 3.7963
      vertex 21.4964 22.4 3.7963
    endloop
  endfacet
  facet normal 0 0 1
    outer loop
      vertex 21.4964 19.2 3.7963
      vertex 14.1089 22.4 3.7963
      vertex 14.1089 19.2 3.7963
    endloop
  endfacet
  facet normal -0 0 1
    outer loop
      vertex 22.2964 22.4 3.74968
      vertex 23.825 19.2 3.74968
      vertex 23.825 22.4 3.74968
    endloop
  endfacet
  facet normal 0 0 1
    outer loop
      vertex 23.825 19.2 3.74968
      vertex 22.2964 22.4 3.74968
      vertex 22.2964 19.2 3.74968
    endloop
  endfacet
  facet normal -0 0 1
    outer loop
      vertex 26.975 22.4 3.74968
      vertex 29.8792 19.2 3.74968
      vertex 29.8792 22.4 3.74968
    endloop
  endfacet
  facet normal 0 0 1
    outer loop
      vertex 29.8792 19.2 3.74968
      vertex 26.975 22.4 3.74968
      vertex 26.975 19.2 3.74968
    endloop
  endfacet
  facet normal -0 0 1
    outer loop
      vertex 38.1058 22.4 3.82037
      vertex 45.9549 19.2 3.82037
      vertex 45.9549 22.4 3.82037
    endloop
  endfacet
  facet normal 0 0 1
    outer loop
      vertex 45.9549 19.2 3.82037
      vertex 38.1058 22.4 3.82037
      vertex 38.1058 19.2 3.82037
    endloop
  endfacet
  facet normal 0 0 1
    outer loop
      vertex 9.81257 18.4 3.72278
      vertex 6.14999 17.85 3.72278
      vertex 9.81257 15.2 3.72278
    endloop
  endfacet
  facet normal -0 0 1
    outer loop
      vertex 2 18.4 3.72278
      vertex 6.14999 17.85 3.72278
      vertex 9.81257 18.4 3.72278
    endloop
  endfacet
  facet normal 0 0 1
    outer loop
      vertex 6.14999 17.85 3.72278
      vertex 2 18.4 3.72278
      vertex 2 16.5026 3.72278
    endloop
  endfacet
  facet normal 0 0 1
    outer loop
      vertex 9.81257 15.2 3.72278
      vertex 6.14999 17.85 3.72278
      vertex 6.14999 15.2 3.72278
    endloop
  endfacet
  facet normal -0 0 1
    outer loop
      vertex 18.7679 18.4 3.71866
      vertex 23.825 15.2 3.71866
      vertex 23.825 18.4 3.71866
    endloop
  endfacet
  facet normal 0 0 1
    outer loop
      vertex 23.825 15.2 3.71866
      vertex 18.7679 18.4 3.71866
      vertex 18.7679 15.2 3.71866
    endloop
  endfacet
  facet normal -0 0 1
    outer loop
      vertex 26.975 18.4 3.74993
      vertex 33.4656 15.2 3.74993
      vertex 33.4656 18.4 3.74993
    endloop
  endfacet
  facet normal 0 0 1
    outer loop
      vertex 33.4656 15.2 3.74993
      vertex 26.975 18.4 3.74993
      vertex 26.975 15.2 3.74993
    endloop
  endfacet
  facet normal -0 0 1
    outer loop
      vertex 6.37983 14.4 3.8092
      vertex 13.6456 11.2 3.8092
      vertex 13.6456 14.4 3.8092
    endloop
  endfacet
  facet normal 0 0 1
    outer loop
      vertex 13.6456 11.2 3.8092
      vertex 6.37983 14.4 3.8092
      vertex 6.37983 11.2 3.8092
    endloop
  endfacet
  facet normal -0 0 1
    outer loop
      vertex 14.4456 14.4 3.8333
      vertex 21.4381 11.2 3.8333
      vertex 21.4381 14.4 3.8333
    endloop
  endfacet
  facet normal 0 0 1
    outer loop
      vertex 21.4381 11.2 3.8333
      vertex 14.4456 14.4 3.8333
      vertex 14.4456 11.2 3.8333
    endloop
  endfacet
  facet normal -0 0 1
    outer loop
      vertex 30.3403 14.4 3.81335
      vertex 37.2264 11.2 3.81335
      vertex 37.2264 14.4 3.81335
    endloop
  endfacet
  facet normal 0 0 1
    outer loop
      vertex 37.2264 11.2 3.81335
      vertex 30.3403 14.4 3.81335
      vertex 30.3403 11.2 3.81335
    endloop
  endfacet
  facet normal -0 0 1
    outer loop
      vertex 46.3225 14.4 3.72628
      vertex 48.8 11.2 3.72628
      vertex 48.8 14.4 3.72628
    endloop
  endfacet
  facet normal 0 0 1
    outer loop
      vertex 48.8 11.2 3.72628
      vertex 46.3225 14.4 3.72628
      vertex 46.3225 11.2 3.72628
    endloop
  endfacet
  facet normal -0 0 1
    outer loop
      vertex 18.2642 10.4 3.78497
      vertex 23.825 7.2 3.78497
      vertex 23.825 10.4 3.78497
    endloop
  endfacet
  facet normal 0 0 1
    outer loop
      vertex 23.825 7.2 3.78497
      vertex 18.2642 10.4 3.78497
      vertex 18.2642 7.2 3.78497
    endloop
  endfacet
  facet normal -0 0 1
    outer loop
      vertex 34.3143 10.4 3.79643
      vertex 41.994 7.2 3.79643
      vertex 41.994 10.4 3.79643
    endloop
  endfacet
  facet normal 0 0 1
    outer loop
      vertex 41.994 7.2 3.79643
      vertex 34.3143 10.4 3.79643
      vertex 34.3143 7.2 3.79643
    endloop
  endfacet
  facet normal -0 0 1
    outer loop
      vertex 42.794 10.4 3.72946
      vertex 48.8 7.2 3.72946
      vertex 48.8 10.4 3.72946
    endloop
  endfacet
  facet normal 0 0 1
    outer loop
      vertex 48.8 7.2 3.72946
      vertex 42.794 10.4 3.72946
      vertex 42.794 7.2 3.72946
    endloop
  endfacet
  facet normal 0 0 1
    outer loop
      vertex 13.2412 6.4 3.72877
      vertex 7.55001 6.14999 3.72877
      vertex 13.2412 6.14999 3.72877
    endloop
  endfacet
  facet normal 0 -0 1
    outer loop
      vertex 7.55001 6.14999 3.72877
      vertex 13.2412 6.4 3.72877
      vertex 6.14041 6.4 3.72877
    endloop
  endfacet
  facet normal 0 0 1
    outer loop
      vertex 6.14041 2.8 3.72877
      vertex 7.55001 6.14999 3.72877
      vertex 6.14041 6.4 3.72877
    endloop
  endfacet
  facet normal 0 0 1
    outer loop
      vertex 7.55001 6.14999 3.72877
      vertex 6.14041 2.8 3.72877
      vertex 8.63767 2.8 3.72877
    endloop
  endfacet
  facet normal 0 0 1
    outer loop
      vertex 45.9952 6.4 3.8165
      vertex 43.25 6.14999 3.8165
      vertex 45.9952 2.8 3.8165
    endloop
  endfacet
  facet normal -0 0 1
    outer loop
      vertex 38.3496 6.4 3.8165
      vertex 43.25 6.14999 3.8165
      vertex 45.9952 6.4 3.8165
    endloop
  endfacet
  facet normal 0 0 1
    outer loop
      vertex 43.25 6.14999 3.8165
      vertex 38.3496 6.4 3.8165
      vertex 38.3496 6.14999 3.8165
    endloop
  endfacet
  facet normal 0 0 1
    outer loop
      vertex 45.9952 2.8 3.8165
      vertex 43.25 6.14999 3.8165
      vertex 42.1623 2.8 3.8165
    endloop
  endfacet
  facet normal -1 0 0
    outer loop
      vertex 6.14999 17.85 0
      vertex 6.14999 15.2 3.3
      vertex 6.14999 17.85 3.72278
    endloop
  endfacet
  facet normal -1 0 0
    outer loop
      vertex 6.14999 17.85 0
      vertex 6.14999 10.4 3.3
      vertex 6.14999 15.2 3.3
    endloop
  endfacet
  facet normal -1 0 0
    outer loop
      vertex 6.14999 7.55001 0
      vertex 6.14999 10.4 3.3
      vertex 6.14999 17.85 0
    endloop
  endfacet
  facet normal -1 0 0
    outer loop
      vertex 6.14999 7.55001 4
      vertex 6.14999 10.4 3.3
      vertex 6.14999 7.55001 0
    endloop
  endfacet
  facet normal -1 0 0
    outer loop
      vertex 6.14999 10.4 3.3
      vertex 6.14999 7.55001 4
      vertex 6.14999 10.4 4
    endloop
  endfacet
  facet normal -1 -0 0
    outer loop
      vertex 6.14999 17.85 3.72278
      vertex 6.14999 15.2 3.3
      vertex 6.14999 15.2 3.72278
    endloop
  endfacet
  facet normal 0.308807 0.951125 0
    outer loop
      vertex 6.14999 7.55001 4
      vertex 1.575 9.0354 2.4
      vertex 1.575 9.0354 4
    endloop
  endfacet
  facet normal 0.308807 0.951125 -0
    outer loop
      vertex 6.14999 7.55001 0
      vertex 1.575 9.0354 2.4
      vertex 6.14999 7.55001 4
    endloop
  endfacet
  facet normal 0.308807 0.951125 -1.4411e-06
    outer loop
      vertex 0 9.54676 0
      vertex 1.575 9.0354 2.4
      vertex 6.14999 7.55001 0
    endloop
  endfacet
  facet normal 0.308805 0.951125 0
    outer loop
      vertex 1.575 9.0354 2.4
      vertex 0 9.54676 0
      vertex 0 9.54676 2.4
    endloop
  endfacet
  facet normal 0.308827 -0.951118 0
    outer loop
      vertex 0 15.8532 2.4
      vertex 0 15.8532 0
      vertex 1.575 16.3646 2.4
    endloop
  endfacet
  facet normal 0.308833 -0.951116 0
    outer loop
      vertex 1.575 16.3646 4
      vertex 2 16.5026 3.72278
      vertex 2 16.5026 4
    endloop
  endfacet
  facet normal 0.308833 -0.951116 0
    outer loop
      vertex 1.575 16.3646 2.4
      vertex 2 16.5026 3.72278
      vertex 1.575 16.3646 4
    endloop
  endfacet
  facet normal 0.308807 -0.951125 9.2903e-06
    outer loop
      vertex 1.575 16.3646 2.4
      vertex 6.14999 17.85 3.72278
      vertex 2 16.5026 3.72278
    endloop
  endfacet
  facet normal 0.308814 -0.951123 9.33635e-06
    outer loop
      vertex 6.14999 17.85 0
      vertex 1.575 16.3646 2.4
      vertex 0 15.8532 0
    endloop
  endfacet
  facet normal 0.308809 -0.951124 0
    outer loop
      vertex 1.575 16.3646 2.4
      vertex 6.14999 17.85 0
      vertex 6.14999 17.85 3.72278
    endloop
  endfacet
  facet normal -1 0 0
    outer loop
      vertex 6.14999 43.25 0
      vertex 6.14999 42.4 3.3
      vertex 6.14999 43.25 3.3
    endloop
  endfacet
  facet normal -1 0 0
    outer loop
      vertex 6.14999 42.4 3.3
      vertex 6.14999 39.2 3.3
      vertex 6.14999 42.4 4
    endloop
  endfacet
  facet normal -1 0 0
    outer loop
      vertex 6.14999 43.25 0
      vertex 6.14999 39.2 3.3
      vertex 6.14999 42.4 3.3
    endloop
  endfacet
  facet normal -1 0 0
    outer loop
      vertex 6.14999 43.25 0
      vertex 6.14999 38.4 3.3
      vertex 6.14999 39.2 3.3
    endloop
  endfacet
  facet normal -1 0 0
    outer loop
      vertex 6.14999 38.4 3.3
      vertex 6.14999 35.2 3.3
      vertex 6.14999 38.4 4
    endloop
  endfacet
  facet normal -1 0 0
    outer loop
      vertex 6.14999 32.95 0
      vertex 6.14999 38.4 3.3
      vertex 6.14999 43.25 0
    endloop
  endfacet
  facet normal -1 -0 0
    outer loop
      vertex 6.14999 38.4 3.3
      vertex 6.14999 32.95 0
      vertex 6.14999 35.2 3.3
    endloop
  endfacet
  facet normal -1 -0 0
    outer loop
      vertex 6.14999 35.2 3.3
      vertex 6.14999 32.95 0
      vertex 6.14999 34.4 3.3
    endloop
  endfacet
  facet normal -1 0 0
    outer loop
      vertex 6.14999 32.95 3.71509
      vertex 6.14999 34.4 3.3
      vertex 6.14999 32.95 0
    endloop
  endfacet
  facet normal -1 0 0
    outer loop
      vertex 6.14999 34.4 3.3
      vertex 6.14999 32.95 3.71509
      vertex 6.14999 34.4 3.71509
    endloop
  endfacet
  facet normal -1 -0 0
    outer loop
      vertex 6.14999 42.4 4
      vertex 6.14999 39.2 3.3
      vertex 6.14999 39.2 4
    endloop
  endfacet
  facet normal -1 -0 0
    outer loop
      vertex 6.14999 38.4 4
      vertex 6.14999 35.2 3.3
      vertex 6.14999 35.2 4
    endloop
  endfacet
  facet normal 0.308807 0.951125 9.34462e-06
    outer loop
      vertex 6.14999 32.95 3.71509
      vertex 1.575 34.4354 2.4
      vertex 2 34.2974 3.71509
    endloop
  endfacet
  facet normal 0.308809 0.951124 -0
    outer loop
      vertex 6.14999 32.95 0
      vertex 1.575 34.4354 2.4
      vertex 6.14999 32.95 3.71509
    endloop
  endfacet
  facet normal 0.308814 0.951123 9.33635e-06
    outer loop
      vertex 0 34.9468 0
      vertex 1.575 34.4354 2.4
      vertex 6.14999 32.95 0
    endloop
  endfacet
  facet normal 0.308827 0.951118 0
    outer loop
      vertex 1.575 34.4354 2.4
      vertex 0 34.9468 0
      vertex 0 34.9468 2.4
    endloop
  endfacet
  facet normal 0.308833 0.951116 -0
    outer loop
      vertex 2 34.2974 3.71509
      vertex 1.575 34.4354 4
      vertex 2 34.2974 4
    endloop
  endfacet
  facet normal 0.308833 0.951116 0
    outer loop
      vertex 1.575 34.4354 4
      vertex 2 34.2974 3.71509
      vertex 1.575 34.4354 2.4
    endloop
  endfacet
  facet normal 0.308827 -0.951118 0
    outer loop
      vertex 0 41.2532 2.4
      vertex 0 41.2532 0
      vertex 1.575 41.7646 2.4
    endloop
  endfacet
  facet normal 0.308808 -0.951124 0
    outer loop
      vertex 1.575 41.7646 4
      vertex 3.53202 42.4 3.3
      vertex 3.53202 42.4 4
    endloop
  endfacet
  facet normal 0.308808 -0.951124 0
    outer loop
      vertex 1.575 41.7646 2.4
      vertex 3.53202 42.4 3.3
      vertex 1.575 41.7646 4
    endloop
  endfacet
  facet normal 0.308809 -0.951124 -9.56267e-07
    outer loop
      vertex 6.14999 43.25 0
      vertex 3.53202 42.4 3.3
      vertex 1.575 41.7646 2.4
    endloop
  endfacet
  facet normal 0.308814 -0.951123 9.33635e-06
    outer loop
      vertex 6.14999 43.25 0
      vertex 1.575 41.7646 2.4
      vertex 0 41.2532 0
    endloop
  endfacet
  facet normal 0.30881 -0.951124 0
    outer loop
      vertex 3.53202 42.4 3.3
      vertex 6.14999 43.25 0
      vertex 6.14999 43.25 3.3
    endloop
  endfacet
  facet normal 0 -1 0
    outer loop
      vertex 7.55001 6.14999 3.72877
      vertex 13.2412 6.14999 3.3
      vertex 13.2412 6.14999 3.72877
    endloop
  endfacet
  facet normal 0 -1 0
    outer loop
      vertex 17.85 6.14999 0
      vertex 13.2412 6.14999 3.3
      vertex 7.55001 6.14999 0
    endloop
  endfacet
  facet normal 0 -1 0
    outer loop
      vertex 7.55001 6.14999 0
      vertex 13.2412 6.14999 3.3
      vertex 7.55001 6.14999 3.72877
    endloop
  endfacet
  facet normal 0 -1 0
    outer loop
      vertex 14.0412 6.14999 3.3
      vertex 17.85 6.14999 4
      vertex 14.0412 6.14999 4
    endloop
  endfacet
  facet normal 0 -1 0
    outer loop
      vertex 13.2412 6.14999 3.3
      vertex 17.85 6.14999 0
      vertex 14.0412 6.14999 3.3
    endloop
  endfacet
  facet normal 0 -1 0
    outer loop
      vertex 14.0412 6.14999 3.3
      vertex 17.85 6.14999 0
      vertex 17.85 6.14999 4
    endloop
  endfacet
  facet normal -0.951124 0.308809 0
    outer loop
      vertex 17.85 6.14999 0
      vertex 16.3646 1.575 2.4
      vertex 17.85 6.14999 4
    endloop
  endfacet
  facet normal -0.951123 0.308814 9.33635e-06
    outer loop
      vertex 15.8532 0 0
      vertex 16.3646 1.575 2.4
      vertex 17.85 6.14999 0
    endloop
  endfacet
  facet normal -0.951118 0.308827 0
    outer loop
      vertex 16.3646 1.575 2.4
      vertex 15.8532 0 0
      vertex 15.8532 0 2.4
    endloop
  endfacet
  facet normal -0.951124 0.308809 0
    outer loop
      vertex 17.85 6.14999 4
      vertex 16.3646 1.575 2.4
      vertex 16.3646 1.575 4
    endloop
  endfacet
  facet normal 0.951124 0.308809 0
    outer loop
      vertex 8.63767 2.8 4
      vertex 9.0354 1.575 4
      vertex 8.63767 2.8 3.72877
    endloop
  endfacet
  facet normal 0.951125 0.308807 0
    outer loop
      vertex 8.63767 2.8 3.72877
      vertex 7.55001 6.14999 0
      vertex 7.55001 6.14999 3.72877
    endloop
  endfacet
  facet normal 0.951124 0.308809 -0
    outer loop
      vertex 9.0354 1.575 2.4
      vertex 8.63767 2.8 3.72877
      vertex 9.0354 1.575 4
    endloop
  endfacet
  facet normal 0.951124 0.308808 8.46047e-07
    outer loop
      vertex 8.63767 2.8 3.72877
      vertex 9.0354 1.575 2.4
      vertex 7.55001 6.14999 0
    endloop
  endfacet
  facet normal 0.951125 0.308805 -0
    outer loop
      vertex 9.54676 0 0
      vertex 9.0354 1.575 2.4
      vertex 9.54676 0 2.4
    endloop
  endfacet
  facet normal 0.951125 0.308807 -1.4411e-06
    outer loop
      vertex 9.0354 1.575 2.4
      vertex 9.54676 0 0
      vertex 7.55001 6.14999 0
    endloop
  endfacet
  facet normal 0 -1 0
    outer loop
      vertex 32.95 6.14999 4
      vertex 37.5496 6.14999 3.3
      vertex 37.5496 6.14999 4
    endloop
  endfacet
  facet normal 0 -1 -0
    outer loop
      vertex 37.5496 6.14999 3.3
      vertex 32.95 6.14999 0
      vertex 38.3496 6.14999 3.3
    endloop
  endfacet
  facet normal 0 -1 0
    outer loop
      vertex 32.95 6.14999 0
      vertex 37.5496 6.14999 3.3
      vertex 32.95 6.14999 4
    endloop
  endfacet
  facet normal 0 -1 0
    outer loop
      vertex 38.3496 6.14999 3.3
      vertex 43.25 6.14999 3.8165
      vertex 38.3496 6.14999 3.8165
    endloop
  endfacet
  facet normal 0 -1 0
    outer loop
      vertex 43.25 6.14999 0
      vertex 38.3496 6.14999 3.3
      vertex 32.95 6.14999 0
    endloop
  endfacet
  facet normal 0 -1 0
    outer loop
      vertex 38.3496 6.14999 3.3
      vertex 43.25 6.14999 0
      vertex 43.25 6.14999 3.8165
    endloop
  endfacet
  facet normal -0.951121 0.308817 0
    outer loop
      vertex 43.25 6.14999 0
      vertex 42.1623 2.8 3.8165
      vertex 43.25 6.14999 3.8165
    endloop
  endfacet
  facet normal -0.951131 0.308788 0
    outer loop
      vertex 41.7646 1.575 4
      vertex 42.1623 2.8 3.8165
      vertex 41.7646 1.575 2.4
    endloop
  endfacet
  facet normal -0.951126 0.308803 -1.4284e-05
    outer loop
      vertex 43.25 6.14999 0
      vertex 41.7646 1.575 2.4
      vertex 42.1623 2.8 3.8165
    endloop
  endfacet
  facet normal -0.951123 0.308814 9.33635e-06
    outer loop
      vertex 41.2532 0 0
      vertex 41.7646 1.575 2.4
      vertex 43.25 6.14999 0
    endloop
  endfacet
  facet normal -0.951118 0.308827 0
    outer loop
      vertex 41.7646 1.575 2.4
      vertex 41.2532 0 0
      vertex 41.2532 0 2.4
    endloop
  endfacet
  facet normal -0.951131 0.308788 0
    outer loop
      vertex 42.1623 2.8 3.8165
      vertex 41.7646 1.575 4
      vertex 42.1623 2.8 4
    endloop
  endfacet
  facet normal 0.951124 0.308809 -0
    outer loop
      vertex 34.4354 1.575 2.4
      vertex 32.95 6.14999 4
      vertex 34.4354 1.575 4
    endloop
  endfacet
  facet normal 0.951124 0.308809 0
    outer loop
      vertex 32.95 6.14999 4
      vertex 34.4354 1.575 2.4
      vertex 32.95 6.14999 0
    endloop
  endfacet
  facet normal 0.951118 0.308827 -0
    outer loop
      vertex 34.9468 0 0
      vertex 34.4354 1.575 2.4
      vertex 34.9468 0 2.4
    endloop
  endfacet
  facet normal 0.951123 0.308814 9.33635e-06
    outer loop
      vertex 34.4354 1.575 2.4
      vertex 34.9468 0 0
      vertex 32.95 6.14999 0
    endloop
  endfacet
  facet normal 0 0 -1
    outer loop
      vertex 26.1826 24.5825 0.4
      vertex 26.5637 26.5952 0.4
      vertex 26.5637 24.5825 0.4
    endloop
  endfacet
  facet normal -0 0 -1
    outer loop
      vertex 26.5637 26.5952 0.4
      vertex 26.1826 24.5825 0.4
      vertex 26.1826 26.5952 0.4
    endloop
  endfacet
  facet normal 0 0 -1
    outer loop
      vertex 26.7306 25.7923 0.4
      vertex 27.0195 26.0499 0.4
      vertex 27.0195 25.7923 0.4
    endloop
  endfacet
  facet normal -0 0 -1
    outer loop
      vertex 27.0195 26.0499 0.4
      vertex 26.7306 25.7923 0.4
      vertex 26.7306 26.0499 0.4
    endloop
  endfacet
  facet normal 0 0 -1
    outer loop
      vertex 27.0195 25.7923 0.4
      vertex 27.3992 25.7923 0.4
      vertex 27.3992 24.5825 0.4
    endloop
  endfacet
  facet normal 0 0 -1
    outer loop
      vertex 27.3992 25.7923 0.4
      vertex 27.0195 25.7923 0.4
      vertex 27.3992 26.0499 0.4
    endloop
  endfacet
  facet normal 0 0 -1
    outer loop
      vertex 27.0195 26.0499 0.4
      vertex 27.3992 26.0499 0.4
      vertex 27.0195 25.7923 0.4
    endloop
  endfacet
  facet normal 0 0 -1
    outer loop
      vertex 27.0195 26.1652 0.4
      vertex 27.3992 26.0499 0.4
      vertex 27.0195 26.0499 0.4
    endloop
  endfacet
  facet normal 0 0 -1
    outer loop
      vertex 27.3992 26.0499 0.4
      vertex 27.0195 26.1652 0.4
      vertex 27.3992 26.2032 0.4
    endloop
  endfacet
  facet normal 0 0 -1
    outer loop
      vertex 27.0179 26.2019 0.4
      vertex 27.3992 26.2032 0.4
      vertex 27.0195 26.1652 0.4
    endloop
  endfacet
  facet normal -0 0 -1
    outer loop
      vertex 27.3992 26.2032 0.4
      vertex 27.0179 26.2019 0.4
      vertex 27.395 26.2788 0.4
    endloop
  endfacet
  facet normal 0 0 -1
    outer loop
      vertex 27.0131 26.2339 0.4
      vertex 27.395 26.2788 0.4
      vertex 27.0179 26.2019 0.4
    endloop
  endfacet
  facet normal -0 0 -1
    outer loop
      vertex 27.395 26.2788 0.4
      vertex 27.0131 26.2339 0.4
      vertex 27.3823 26.3462 0.4
    endloop
  endfacet
  facet normal 0 0 -1
    outer loop
      vertex 27.0051 26.2612 0.4
      vertex 27.3823 26.3462 0.4
      vertex 27.0131 26.2339 0.4
    endloop
  endfacet
  facet normal -0 0 -1
    outer loop
      vertex 27.3823 26.3462 0.4
      vertex 27.0051 26.2612 0.4
      vertex 27.3612 26.4053 0.4
    endloop
  endfacet
  facet normal 0 0 -1
    outer loop
      vertex 27.0195 25.7923 0.4
      vertex 27.3992 24.5825 0.4
      vertex 27.0195 24.5825 0.4
    endloop
  endfacet
  facet normal -0 0 -1
    outer loop
      vertex 27.3612 26.4053 0.4
      vertex 27.0051 26.2612 0.4
      vertex 27.3315 26.4562 0.4
    endloop
  endfacet
  facet normal -0 0 -1
    outer loop
      vertex 27.3315 26.4562 0.4
      vertex 27.0051 26.2612 0.4
      vertex 27.2934 26.4989 0.4
    endloop
  endfacet
  facet normal 0 0 -1
    outer loop
      vertex 26.9939 26.2837 0.4
      vertex 27.2934 26.4989 0.4
      vertex 27.0051 26.2612 0.4
    endloop
  endfacet
  facet normal -0 0 -1
    outer loop
      vertex 27.2934 26.4989 0.4
      vertex 26.9939 26.2837 0.4
      vertex 27.2467 26.5335 0.4
    endloop
  endfacet
  facet normal -0 0 -1
    outer loop
      vertex 27.2467 26.5335 0.4
      vertex 26.9939 26.2837 0.4
      vertex 27.1912 26.5605 0.4
    endloop
  endfacet
  facet normal 0 0 -1
    outer loop
      vertex 26.9795 26.3015 0.4
      vertex 27.1912 26.5605 0.4
      vertex 26.9939 26.2837 0.4
    endloop
  endfacet
  facet normal -0 0 -1
    outer loop
      vertex 27.1912 26.5605 0.4
      vertex 26.9795 26.3015 0.4
      vertex 27.1269 26.5798 0.4
    endloop
  endfacet
  facet normal -0 0 -1
    outer loop
      vertex 27.1269 26.5798 0.4
      vertex 26.9795 26.3015 0.4
      vertex 27.0539 26.5913 0.4
    endloop
  endfacet
  facet normal 0 0 -1
    outer loop
      vertex 26.9612 26.3155 0.4
      vertex 27.0539 26.5913 0.4
      vertex 26.9795 26.3015 0.4
    endloop
  endfacet
  facet normal 0 0 -1
    outer loop
      vertex 26.9383 26.3263 0.4
      vertex 27.0539 26.5913 0.4
      vertex 26.9612 26.3155 0.4
    endloop
  endfacet
  facet normal -0 0 -1
    outer loop
      vertex 27.0539 26.5913 0.4
      vertex 26.9383 26.3263 0.4
      vertex 26.972 26.5952 0.4
    endloop
  endfacet
  facet normal 0 0 -1
    outer loop
      vertex 26.9107 26.334 0.4
      vertex 26.972 26.5952 0.4
      vertex 26.9383 26.3263 0.4
    endloop
  endfacet
  facet normal 0 0 -1
    outer loop
      vertex 26.972 26.5952 0.4
      vertex 26.9107 26.334 0.4
      vertex 26.9281 26.5943 0.4
    endloop
  endfacet
  facet normal 0 0 -1
    outer loop
      vertex 26.9107 26.334 0.4
      vertex 26.882 26.5917 0.4
      vertex 26.9281 26.5943 0.4
    endloop
  endfacet
  facet normal 0 0 -1
    outer loop
      vertex 26.8786 26.3386 0.4
      vertex 26.882 26.5917 0.4
      vertex 26.9107 26.334 0.4
    endloop
  endfacet
  facet normal 0 0 -1
    outer loop
      vertex 26.8337 26.5874 0.4
      vertex 26.8786 26.3386 0.4
      vertex 26.8418 26.3402 0.4
    endloop
  endfacet
  facet normal 0 0 -1
    outer loop
      vertex 26.8786 26.3386 0.4
      vertex 26.8337 26.5874 0.4
      vertex 26.882 26.5917 0.4
    endloop
  endfacet
  facet normal 0 0 -1
    outer loop
      vertex 26.8196 26.3397 0.4
      vertex 26.8337 26.5874 0.4
      vertex 26.8418 26.3402 0.4
    endloop
  endfacet
  facet normal 0 0 -1
    outer loop
      vertex 26.7832 26.5813 0.4
      vertex 26.8196 26.3397 0.4
      vertex 26.7973 26.3382 0.4
    endloop
  endfacet
  facet normal 0 0 -1
    outer loop
      vertex 26.8196 26.3397 0.4
      vertex 26.7832 26.5813 0.4
      vertex 26.8337 26.5874 0.4
    endloop
  endfacet
  facet normal 0 0 -1
    outer loop
      vertex 26.7306 26.5735 0.4
      vertex 26.7973 26.3382 0.4
      vertex 26.7751 26.3358 0.4
    endloop
  endfacet
  facet normal 0 0 -1
    outer loop
      vertex 26.7306 26.5735 0.4
      vertex 26.7751 26.3358 0.4
      vertex 26.7528 26.3324 0.4
    endloop
  endfacet
  facet normal 0 0 -1
    outer loop
      vertex 26.7306 26.5735 0.4
      vertex 26.7528 26.3324 0.4
      vertex 26.7306 26.328 0.4
    endloop
  endfacet
  facet normal 0 0 -1
    outer loop
      vertex 26.7973 26.3382 0.4
      vertex 26.7306 26.5735 0.4
      vertex 26.7832 26.5813 0.4
    endloop
  endfacet
  facet normal 0 0 -1
    outer loop
      vertex 27.3992 25.7923 0.4
      vertex 27.6135 26.0499 0.4
      vertex 27.6135 25.7923 0.4
    endloop
  endfacet
  facet normal -0 0 -1
    outer loop
      vertex 27.6135 26.0499 0.4
      vertex 27.3992 25.7923 0.4
      vertex 27.3992 26.0499 0.4
    endloop
  endfacet
  facet normal 0 0 -1
    outer loop
      vertex 29.9021 24.9717 0.4
      vertex 30.1571 25.2552 0.4
      vertex 30.1571 24.9717 0.4
    endloop
  endfacet
  facet normal -0 0 -1
    outer loop
      vertex 30.1571 25.2552 0.4
      vertex 29.9021 24.9717 0.4
      vertex 29.9021 25.2552 0.4
    endloop
  endfacet
  facet normal 0 0 -1
    outer loop
      vertex 30.1571 24.9717 0.4
      vertex 30.5206 24.9717 0.4
      vertex 30.5206 24.5825 0.4
    endloop
  endfacet
  facet normal 0 0 -1
    outer loop
      vertex 30.5206 24.9717 0.4
      vertex 30.1571 24.9717 0.4
      vertex 30.5206 25.2552 0.4
    endloop
  endfacet
  facet normal 0 0 -1
    outer loop
      vertex 30.5206 25.2552 0.4
      vertex 30.1571 25.2552 0.4
      vertex 30.5206 25.8804 0.4
    endloop
  endfacet
  facet normal 0 0 -1
    outer loop
      vertex 30.1571 26.4934 0.4
      vertex 30.5206 25.8804 0.4
      vertex 30.1571 25.2552 0.4
    endloop
  endfacet
  facet normal 0 0 -1
    outer loop
      vertex 30.5206 25.8804 0.4
      vertex 30.1571 26.4934 0.4
      vertex 30.5204 25.9102 0.4
    endloop
  endfacet
  facet normal 0 0 -1
    outer loop
      vertex 30.5204 25.9102 0.4
      vertex 30.1571 26.4934 0.4
      vertex 30.5198 25.941 0.4
    endloop
  endfacet
  facet normal 0 0 -1
    outer loop
      vertex 30.5198 25.941 0.4
      vertex 30.1571 26.4934 0.4
      vertex 30.5189 25.9727 0.4
    endloop
  endfacet
  facet normal 0 0 -1
    outer loop
      vertex 30.5189 25.9727 0.4
      vertex 30.1571 26.4934 0.4
      vertex 30.5175 26.0054 0.4
    endloop
  endfacet
  facet normal 0 0 -1
    outer loop
      vertex 30.5175 26.0054 0.4
      vertex 30.1571 26.4934 0.4
      vertex 30.5158 26.0391 0.4
    endloop
  endfacet
  facet normal 0 0 -1
    outer loop
      vertex 30.5158 26.0391 0.4
      vertex 30.1571 26.4934 0.4
      vertex 30.514 26.0708 0.4
    endloop
  endfacet
  facet normal 0 0 -1
    outer loop
      vertex 30.514 26.0708 0.4
      vertex 30.1571 26.4934 0.4
      vertex 30.5124 26.0977 0.4
    endloop
  endfacet
  facet normal 0 0 -1
    outer loop
      vertex 30.5124 26.0977 0.4
      vertex 30.1571 26.4934 0.4
      vertex 30.5109 26.1197 0.4
    endloop
  endfacet
  facet normal 0 0 -1
    outer loop
      vertex 30.1571 24.9717 0.4
      vertex 30.5206 24.5825 0.4
      vertex 30.1571 24.5825 0.4
    endloop
  endfacet
  facet normal 0 0 -1
    outer loop
      vertex 31.3899 24.9717 0.4
      vertex 31.0794 25.2552 0.4
      vertex 31.3899 25.2579 0.4
    endloop
  endfacet
  facet normal 0 0 -1
    outer loop
      vertex 30.5206 24.9717 0.4
      vertex 31.0794 25.2552 0.4
      vertex 31.3899 24.9717 0.4
    endloop
  endfacet
  facet normal -0 0 -1
    outer loop
      vertex 31.0794 25.2552 0.4
      vertex 30.5206 24.9717 0.4
      vertex 30.5206 25.2552 0.4
    endloop
  endfacet
  facet normal 0 0 -1
    outer loop
      vertex 30.6358 25.9293 0.4
      vertex 31.3899 25.2579 0.4
      vertex 31.0794 25.2552 0.4
    endloop
  endfacet
  facet normal 0 0 -1
    outer loop
      vertex 30.5829 26.4934 0.4
      vertex 30.6358 25.9293 0.4
      vertex 30.6012 25.984 0.4
    endloop
  endfacet
  facet normal 0 0 -1
    outer loop
      vertex 30.6358 25.9293 0.4
      vertex 30.5829 26.4934 0.4
      vertex 31.3899 25.2579 0.4
    endloop
  endfacet
  facet normal 0 0 -1
    outer loop
      vertex 30.5712 26.0334 0.4
      vertex 30.5829 26.4934 0.4
      vertex 30.6012 25.984 0.4
    endloop
  endfacet
  facet normal 0 0 -1
    outer loop
      vertex 30.5457 26.0774 0.4
      vertex 30.5829 26.4934 0.4
      vertex 30.5712 26.0334 0.4
    endloop
  endfacet
  facet normal 0 0 -1
    outer loop
      vertex 30.5247 26.1159 0.4
      vertex 30.5829 26.4934 0.4
      vertex 30.5457 26.0774 0.4
    endloop
  endfacet
  facet normal 0 0 -1
    outer loop
      vertex 30.5084 26.1489 0.4
      vertex 30.5829 26.4934 0.4
      vertex 30.5247 26.1159 0.4
    endloop
  endfacet
  facet normal -0 0 -1
    outer loop
      vertex 30.5206 25.2552 0.4
      vertex 30.1571 24.9717 0.4
      vertex 30.1571 25.2552 0.4
    endloop
  endfacet
  facet normal 0 0 -1
    outer loop
      vertex 30.5109 26.1197 0.4
      vertex 30.1571 26.4934 0.4
      vertex 30.5095 26.1368 0.4
    endloop
  endfacet
  facet normal 0 0 -1
    outer loop
      vertex 30.5095 26.1368 0.4
      vertex 30.1571 26.4934 0.4
      vertex 30.5084 26.1489 0.4
    endloop
  endfacet
  facet normal 0 0 -1
    outer loop
      vertex 30.5084 26.1489 0.4
      vertex 30.1571 26.4934 0.4
      vertex 30.5829 26.4934 0.4
    endloop
  endfacet
  facet normal 0 0 -1
    outer loop
      vertex 34.715 25.0866 0.4
      vertex 35.0904 24.9798 0.4
      vertex 35.0487 24.8902 0.4
    endloop
  endfacet
  facet normal 0 0 -1
    outer loop
      vertex 34.6904 25.0358 0.4
      vertex 35.0487 24.8902 0.4
      vertex 34.995 24.8112 0.4
    endloop
  endfacet
  facet normal 0 0 -1
    outer loop
      vertex 34.6904 25.0358 0.4
      vertex 34.995 24.8112 0.4
      vertex 34.9293 24.743 0.4
    endloop
  endfacet
  facet normal 0 0 -1
    outer loop
      vertex 34.6597 24.9917 0.4
      vertex 34.9293 24.743 0.4
      vertex 34.8518 24.6856 0.4
    endloop
  endfacet
  facet normal 0 0 -1
    outer loop
      vertex 34.6231 24.9543 0.4
      vertex 34.8518 24.6856 0.4
      vertex 34.7618 24.6387 0.4
    endloop
  endfacet
  facet normal 0 0 -1
    outer loop
      vertex 35.0487 24.8902 0.4
      vertex 34.6904 25.0358 0.4
      vertex 34.715 25.0866 0.4
    endloop
  endfacet
  facet normal 0 0 -1
    outer loop
      vertex 35.0904 24.9798 0.4
      vertex 34.7337 25.144 0.4
      vertex 35.1203 25.0803 0.4
    endloop
  endfacet
  facet normal 0 -0 -1
    outer loop
      vertex 34.7337 25.144 0.4
      vertex 35.0904 24.9798 0.4
      vertex 34.715 25.0866 0.4
    endloop
  endfacet
  facet normal 0 0 -1
    outer loop
      vertex 34.9293 24.743 0.4
      vertex 34.6597 24.9917 0.4
      vertex 34.6904 25.0358 0.4
    endloop
  endfacet
  facet normal 0 0 -1
    outer loop
      vertex 34.5805 24.9236 0.4
      vertex 34.7618 24.6387 0.4
      vertex 34.6593 24.6023 0.4
    endloop
  endfacet
  facet normal 0 0 -1
    outer loop
      vertex 34.8518 24.6856 0.4
      vertex 34.6231 24.9543 0.4
      vertex 34.6597 24.9917 0.4
    endloop
  endfacet
  facet normal 0 0 -1
    outer loop
      vertex 34.7618 24.6387 0.4
      vertex 34.5805 24.9236 0.4
      vertex 34.6231 24.9543 0.4
    endloop
  endfacet
  facet normal 0 0 -1
    outer loop
      vertex 34.5314 24.8989 0.4
      vertex 34.6593 24.6023 0.4
      vertex 34.544 24.5762 0.4
    endloop
  endfacet
  facet normal 0 0 -1
    outer loop
      vertex 34.6593 24.6023 0.4
      vertex 34.5314 24.8989 0.4
      vertex 34.5805 24.9236 0.4
    endloop
  endfacet
  facet normal 0 0 -1
    outer loop
      vertex 34.544 24.5762 0.4
      vertex 34.4753 24.8798 0.4
      vertex 34.5314 24.8989 0.4
    endloop
  endfacet
  facet normal 0 0 -1
    outer loop
      vertex 34.412 24.8661 0.4
      vertex 34.544 24.5762 0.4
      vertex 34.416 24.5606 0.4
    endloop
  endfacet
  facet normal 0 0 -1
    outer loop
      vertex 34.544 24.5762 0.4
      vertex 34.412 24.8661 0.4
      vertex 34.4753 24.8798 0.4
    endloop
  endfacet
  facet normal 0 0 -1
    outer loop
      vertex 34.416 24.5606 0.4
      vertex 34.3418 24.8578 0.4
      vertex 34.412 24.8661 0.4
    endloop
  endfacet
  facet normal 0 0 -1
    outer loop
      vertex 34.2754 24.5554 0.4
      vertex 34.3418 24.8578 0.4
      vertex 34.416 24.5606 0.4
    endloop
  endfacet
  facet normal 0 0 -1
    outer loop
      vertex 34.2754 24.5554 0.4
      vertex 34.2645 24.8551 0.4
      vertex 34.3418 24.8578 0.4
    endloop
  endfacet
  facet normal 0 0 -1
    outer loop
      vertex 34.122 24.5613 0.4
      vertex 34.2645 24.8551 0.4
      vertex 34.2754 24.5554 0.4
    endloop
  endfacet
  facet normal 0 0 -1
    outer loop
      vertex 34.122 24.5613 0.4
      vertex 34.1136 24.8653 0.4
      vertex 34.2645 24.8551 0.4
    endloop
  endfacet
  facet normal 0 0 -1
    outer loop
      vertex 33.9842 24.5792 0.4
      vertex 34.1136 24.8653 0.4
      vertex 34.122 24.5613 0.4
    endloop
  endfacet
  facet normal -0 0 -1
    outer loop
      vertex 34.1136 24.8653 0.4
      vertex 33.9842 24.5792 0.4
      vertex 33.9963 24.8959 0.4
    endloop
  endfacet
  facet normal 0 0 -1
    outer loop
      vertex 33.8621 24.6088 0.4
      vertex 33.9963 24.8959 0.4
      vertex 33.9842 24.5792 0.4
    endloop
  endfacet
  facet normal -0 0 -1
    outer loop
      vertex 33.9963 24.8959 0.4
      vertex 33.8621 24.6088 0.4
      vertex 33.9125 24.9469 0.4
    endloop
  endfacet
  facet normal 0 0 -1
    outer loop
      vertex 33.7554 24.6504 0.4
      vertex 33.9125 24.9469 0.4
      vertex 33.8621 24.6088 0.4
    endloop
  endfacet
  facet normal 0 0 -1
    outer loop
      vertex 33.6644 24.7039 0.4
      vertex 33.9125 24.9469 0.4
      vertex 33.7554 24.6504 0.4
    endloop
  endfacet
  facet normal 0 0 -1
    outer loop
      vertex 33.9655 25.3015 0.4
      vertex 33.7864 25.6166 0.4
      vertex 33.8402 25.6368 0.4
    endloop
  endfacet
  facet normal 0 0 -1
    outer loop
      vertex 33.5894 24.7686 0.4
      vertex 33.9125 24.9469 0.4
      vertex 33.6644 24.7039 0.4
    endloop
  endfacet
  facet normal -0 0 -1
    outer loop
      vertex 33.9125 24.9469 0.4
      vertex 33.5894 24.7686 0.4
      vertex 33.8622 25.0183 0.4
    endloop
  endfacet
  facet normal -0 0 -1
    outer loop
      vertex 33.8473 25.1415 0.4
      vertex 33.4562 25.1332 0.4
      vertex 33.4576 25.1798 0.4
    endloop
  endfacet
  facet normal 0 0 -1
    outer loop
      vertex 33.8473 25.1415 0.4
      vertex 33.7409 25.5962 0.4
      vertex 33.7864 25.6166 0.4
    endloop
  endfacet
  facet normal 0 0 -1
    outer loop
      vertex 33.5311 24.8439 0.4
      vertex 33.8622 25.0183 0.4
      vertex 33.5894 24.7686 0.4
    endloop
  endfacet
  facet normal 0 0 -1
    outer loop
      vertex 33.8473 25.1415 0.4
      vertex 33.4576 25.1798 0.4
      vertex 33.462 25.2242 0.4
    endloop
  endfacet
  facet normal 0 0 -1
    outer loop
      vertex 33.8473 25.1415 0.4
      vertex 33.6994 25.5744 0.4
      vertex 33.7409 25.5962 0.4
    endloop
  endfacet
  facet normal 0 0 -1
    outer loop
      vertex 33.8473 25.1415 0.4
      vertex 33.462 25.2242 0.4
      vertex 33.4694 25.2663 0.4
    endloop
  endfacet
  facet normal 0 0 -1
    outer loop
      vertex 33.4895 24.9297 0.4
      vertex 33.8622 25.0183 0.4
      vertex 33.5311 24.8439 0.4
    endloop
  endfacet
  facet normal 0 0 -1
    outer loop
      vertex 33.8473 25.1415 0.4
      vertex 33.6618 25.5514 0.4
      vertex 33.6994 25.5744 0.4
    endloop
  endfacet
  facet normal 0 0 -1
    outer loop
      vertex 33.8473 25.1415 0.4
      vertex 33.6282 25.527 0.4
      vertex 33.6618 25.5514 0.4
    endloop
  endfacet
  facet normal 0 0 -1
    outer loop
      vertex 33.4645 25.0261 0.4
      vertex 33.8622 25.0183 0.4
      vertex 33.4895 24.9297 0.4
    endloop
  endfacet
  facet normal 0 0 -1
    outer loop
      vertex 33.8473 25.1415 0.4
      vertex 33.5986 25.5013 0.4
      vertex 33.6282 25.527 0.4
    endloop
  endfacet
  facet normal 0 0 -1
    outer loop
      vertex 33.8473 25.1415 0.4
      vertex 33.5722 25.474 0.4
      vertex 33.5986 25.5013 0.4
    endloop
  endfacet
  facet normal 0 0 -1
    outer loop
      vertex 33.8473 25.1415 0.4
      vertex 33.5485 25.4446 0.4
      vertex 33.5722 25.474 0.4
    endloop
  endfacet
  facet normal 0 0 -1
    outer loop
      vertex 33.8622 25.0183 0.4
      vertex 33.4645 25.0261 0.4
      vertex 33.8454 25.1101 0.4
    endloop
  endfacet
  facet normal -0 0 -1
    outer loop
      vertex 33.8454 25.1101 0.4
      vertex 33.4645 25.0261 0.4
      vertex 33.4562 25.1332 0.4
    endloop
  endfacet
  facet normal 0 0 -1
    outer loop
      vertex 33.8473 25.1415 0.4
      vertex 33.4796 25.3063 0.4
      vertex 33.4928 25.344 0.4
    endloop
  endfacet
  facet normal 0 0 -1
    outer loop
      vertex 33.8473 25.1415 0.4
      vertex 33.5273 25.4131 0.4
      vertex 33.5485 25.4446 0.4
    endloop
  endfacet
  facet normal 0 0 -1
    outer loop
      vertex 33.8473 25.1415 0.4
      vertex 33.4694 25.2663 0.4
      vertex 33.4796 25.3063 0.4
    endloop
  endfacet
  facet normal 0 0 -1
    outer loop
      vertex 33.8473 25.1415 0.4
      vertex 33.4928 25.344 0.4
      vertex 33.5087 25.3796 0.4
    endloop
  endfacet
  facet normal 0 0 -1
    outer loop
      vertex 33.8473 25.1415 0.4
      vertex 33.5087 25.3796 0.4
      vertex 33.5273 25.4131 0.4
    endloop
  endfacet
  facet normal 0 0 -1
    outer loop
      vertex 34.64 25.9819 0.4
      vertex 35.0297 25.9478 0.4
      vertex 35.0265 25.9099 0.4
    endloop
  endfacet
  facet normal 0 0 -1
    outer loop
      vertex 35.0297 25.9478 0.4
      vertex 34.64 25.9819 0.4
      vertex 35.0308 25.9876 0.4
    endloop
  endfacet
  facet normal 0 0 -1
    outer loop
      vertex 34.6353 25.9553 0.4
      vertex 35.0265 25.9099 0.4
      vertex 35.0212 25.8738 0.4
    endloop
  endfacet
  facet normal 0 0 -1
    outer loop
      vertex 34.6353 25.9553 0.4
      vertex 35.0212 25.8738 0.4
      vertex 35.0138 25.8396 0.4
    endloop
  endfacet
  facet normal 0 0 -1
    outer loop
      vertex 34.6276 25.9309 0.4
      vertex 35.0138 25.8396 0.4
      vertex 35.0043 25.8072 0.4
    endloop
  endfacet
  facet normal -0 0 -1
    outer loop
      vertex 35.0308 25.9876 0.4
      vertex 34.64 25.9819 0.4
      vertex 34.6415 26.0106 0.4
    endloop
  endfacet
  facet normal 0 0 -1
    outer loop
      vertex 34.6276 25.9309 0.4
      vertex 35.0043 25.8072 0.4
      vertex 34.9929 25.7765 0.4
    endloop
  endfacet
  facet normal 0 0 -1
    outer loop
      vertex 34.6276 25.9309 0.4
      vertex 34.9929 25.7765 0.4
      vertex 34.9798 25.7475 0.4
    endloop
  endfacet
  facet normal 0 0 -1
    outer loop
      vertex 34.6168 25.9086 0.4
      vertex 34.9798 25.7475 0.4
      vertex 34.965 25.7201 0.4
    endloop
  endfacet
  facet normal 0 0 -1
    outer loop
      vertex 35.0308 25.9876 0.4
      vertex 34.6415 26.0106 0.4
      vertex 35.023 26.0863 0.4
    endloop
  endfacet
  facet normal 0 0 -1
    outer loop
      vertex 34.6168 25.9086 0.4
      vertex 34.965 25.7201 0.4
      vertex 34.9486 25.6944 0.4
    endloop
  endfacet
  facet normal 0 0 -1
    outer loop
      vertex 34.6168 25.9086 0.4
      vertex 34.9486 25.6944 0.4
      vertex 34.9304 25.6702 0.4
    endloop
  endfacet
  facet normal 0 0 -1
    outer loop
      vertex 34.6168 25.9086 0.4
      vertex 34.9304 25.6702 0.4
      vertex 34.9106 25.6476 0.4
    endloop
  endfacet
  facet normal -0 0 -1
    outer loop
      vertex 35.023 26.0863 0.4
      vertex 34.6415 26.0106 0.4
      vertex 34.9996 26.1754 0.4
    endloop
  endfacet
  facet normal 0 0 -1
    outer loop
      vertex 34.6029 25.8886 0.4
      vertex 34.9106 25.6476 0.4
      vertex 34.8892 25.6263 0.4
    endloop
  endfacet
  facet normal 0 0 -1
    outer loop
      vertex 34.6029 25.8886 0.4
      vertex 34.8892 25.6263 0.4
      vertex 34.8661 25.6063 0.4
    endloop
  endfacet
  facet normal 0 0 -1
    outer loop
      vertex 34.6029 25.8886 0.4
      vertex 34.8661 25.6063 0.4
      vertex 34.8415 25.5877 0.4
    endloop
  endfacet
  facet normal 0 0 -1
    outer loop
      vertex 34.627 26.0927 0.4
      vertex 34.9996 26.1754 0.4
      vertex 34.6415 26.0106 0.4
    endloop
  endfacet
  facet normal 0 0 -1
    outer loop
      vertex 34.5859 25.8701 0.4
      vertex 34.8415 25.5877 0.4
      vertex 34.8151 25.5705 0.4
    endloop
  endfacet
  facet normal 0 0 -1
    outer loop
      vertex 34.5859 25.8701 0.4
      vertex 34.8151 25.5705 0.4
      vertex 34.7874 25.5544 0.4
    endloop
  endfacet
  facet normal 0 0 -1
    outer loop
      vertex 34.566 25.8529 0.4
      vertex 34.7874 25.5544 0.4
      vertex 34.7583 25.5392 0.4
    endloop
  endfacet
  facet normal -0 0 -1
    outer loop
      vertex 34.9996 26.1754 0.4
      vertex 34.627 26.0927 0.4
      vertex 34.9607 26.2547 0.4
    endloop
  endfacet
  facet normal 0 0 -1
    outer loop
      vertex 34.566 25.8529 0.4
      vertex 34.7583 25.5392 0.4
      vertex 34.7279 25.5248 0.4
    endloop
  endfacet
  facet normal 0 0 -1
    outer loop
      vertex 34.5431 25.8367 0.4
      vertex 34.7279 25.5248 0.4
      vertex 34.6962 25.5113 0.4
    endloop
  endfacet
  facet normal 0 0 -1
    outer loop
      vertex 34.5172 25.8217 0.4
      vertex 34.6962 25.5113 0.4
      vertex 34.6632 25.4986 0.4
    endloop
  endfacet
  facet normal -0 0 -1
    outer loop
      vertex 34.9607 26.2547 0.4
      vertex 34.627 26.0927 0.4
      vertex 34.9062 26.3243 0.4
    endloop
  endfacet
  facet normal 0 0 -1
    outer loop
      vertex 34.5834 26.1565 0.4
      vertex 34.8361 26.3843 0.4
      vertex 34.627 26.0927 0.4
    endloop
  endfacet
  facet normal -0 0 -1
    outer loop
      vertex 34.9062 26.3243 0.4
      vertex 34.627 26.0927 0.4
      vertex 34.8361 26.3843 0.4
    endloop
  endfacet
  facet normal 0 0 -1
    outer loop
      vertex 35.0265 25.9099 0.4
      vertex 34.6353 25.9553 0.4
      vertex 34.64 25.9819 0.4
    endloop
  endfacet
  facet normal 0 0 -1
    outer loop
      vertex 35.0138 25.8396 0.4
      vertex 34.6276 25.9309 0.4
      vertex 34.6353 25.9553 0.4
    endloop
  endfacet
  facet normal 0 0 -1
    outer loop
      vertex 34.5172 25.8217 0.4
      vertex 34.6632 25.4986 0.4
      vertex 34.6244 25.4856 0.4
    endloop
  endfacet
  facet normal 0 0 -1
    outer loop
      vertex 34.9798 25.7475 0.4
      vertex 34.6168 25.9086 0.4
      vertex 34.6276 25.9309 0.4
    endloop
  endfacet
  facet normal 0 0 -1
    outer loop
      vertex 34.9106 25.6476 0.4
      vertex 34.6029 25.8886 0.4
      vertex 34.6168 25.9086 0.4
    endloop
  endfacet
  facet normal 0 0 -1
    outer loop
      vertex 34.8415 25.5877 0.4
      vertex 34.5859 25.8701 0.4
      vertex 34.6029 25.8886 0.4
    endloop
  endfacet
  facet normal 0 0 -1
    outer loop
      vertex 34.4883 25.8079 0.4
      vertex 34.6244 25.4856 0.4
      vertex 34.5751 25.4711 0.4
    endloop
  endfacet
  facet normal 0 0 -1
    outer loop
      vertex 34.7874 25.5544 0.4
      vertex 34.566 25.8529 0.4
      vertex 34.5859 25.8701 0.4
    endloop
  endfacet
  facet normal 0 0 -1
    outer loop
      vertex 34.7279 25.5248 0.4
      vertex 34.5431 25.8367 0.4
      vertex 34.566 25.8529 0.4
    endloop
  endfacet
  facet normal 0 0 -1
    outer loop
      vertex 34.6962 25.5113 0.4
      vertex 34.5172 25.8217 0.4
      vertex 34.5431 25.8367 0.4
    endloop
  endfacet
  facet normal 0 0 -1
    outer loop
      vertex 34.4517 25.7939 0.4
      vertex 34.5751 25.4711 0.4
      vertex 34.5154 25.4549 0.4
    endloop
  endfacet
  facet normal 0 0 -1
    outer loop
      vertex 34.6244 25.4856 0.4
      vertex 34.4883 25.8079 0.4
      vertex 34.5172 25.8217 0.4
    endloop
  endfacet
  facet normal 0 0 -1
    outer loop
      vertex 34.5751 25.4711 0.4
      vertex 34.4517 25.7939 0.4
      vertex 34.4883 25.8079 0.4
    endloop
  endfacet
  facet normal 0 0 -1
    outer loop
      vertex 34.4026 25.7786 0.4
      vertex 34.5154 25.4549 0.4
      vertex 34.4454 25.4372 0.4
    endloop
  endfacet
  facet normal 0 0 -1
    outer loop
      vertex 34.5154 25.4549 0.4
      vertex 34.4026 25.7786 0.4
      vertex 34.4517 25.7939 0.4
    endloop
  endfacet
  facet normal 0 0 -1
    outer loop
      vertex 34.341 25.7619 0.4
      vertex 34.4454 25.4372 0.4
      vertex 34.3648 25.418 0.4
    endloop
  endfacet
  facet normal 0 0 -1
    outer loop
      vertex 34.4454 25.4372 0.4
      vertex 34.341 25.7619 0.4
      vertex 34.4026 25.7786 0.4
    endloop
  endfacet
  facet normal 0 0 -1
    outer loop
      vertex 34.2669 25.7438 0.4
      vertex 34.3648 25.418 0.4
      vertex 34.272 25.3985 0.4
    endloop
  endfacet
  facet normal 0 0 -1
    outer loop
      vertex 34.3648 25.418 0.4
      vertex 34.2669 25.7438 0.4
      vertex 34.341 25.7619 0.4
    endloop
  endfacet
  facet normal 0 0 -1
    outer loop
      vertex 34.1804 25.7244 0.4
      vertex 34.272 25.3985 0.4
      vertex 34.192 25.3802 0.4
    endloop
  endfacet
  facet normal 0 0 -1
    outer loop
      vertex 34.272 25.3985 0.4
      vertex 34.1804 25.7244 0.4
      vertex 34.2669 25.7438 0.4
    endloop
  endfacet
  facet normal 0 0 -1
    outer loop
      vertex 34.0765 25.7015 0.4
      vertex 34.192 25.3802 0.4
      vertex 34.1249 25.3631 0.4
    endloop
  endfacet
  facet normal 0 0 -1
    outer loop
      vertex 34.192 25.3802 0.4
      vertex 34.0765 25.7015 0.4
      vertex 34.1804 25.7244 0.4
    endloop
  endfacet
  facet normal 0 0 -1
    outer loop
      vertex 33.9852 25.6792 0.4
      vertex 34.1249 25.3631 0.4
      vertex 34.0706 25.3472 0.4
    endloop
  endfacet
  facet normal 0 0 -1
    outer loop
      vertex 33.9852 25.6792 0.4
      vertex 34.0706 25.3472 0.4
      vertex 34.0292 25.3325 0.4
    endloop
  endfacet
  facet normal 0 0 -1
    outer loop
      vertex 33.9064 25.6576 0.4
      vertex 34.0292 25.3325 0.4
      vertex 33.9958 25.3177 0.4
    endloop
  endfacet
  facet normal 0 0 -1
    outer loop
      vertex 34.1249 25.3631 0.4
      vertex 33.9852 25.6792 0.4
      vertex 34.0765 25.7015 0.4
    endloop
  endfacet
  facet normal 0 0 -1
    outer loop
      vertex 33.8402 25.6368 0.4
      vertex 33.9958 25.3177 0.4
      vertex 33.9655 25.3015 0.4
    endloop
  endfacet
  facet normal 0 0 -1
    outer loop
      vertex 33.7864 25.6166 0.4
      vertex 33.9655 25.3015 0.4
      vertex 33.9384 25.2838 0.4
    endloop
  endfacet
  facet normal 0 0 -1
    outer loop
      vertex 33.7864 25.6166 0.4
      vertex 33.9384 25.2838 0.4
      vertex 33.9144 25.2648 0.4
    endloop
  endfacet
  facet normal 0 0 -1
    outer loop
      vertex 34.0292 25.3325 0.4
      vertex 33.9064 25.6576 0.4
      vertex 33.9852 25.6792 0.4
    endloop
  endfacet
  facet normal 0 0 -1
    outer loop
      vertex 33.7864 25.6166 0.4
      vertex 33.9144 25.2648 0.4
      vertex 33.8936 25.2443 0.4
    endloop
  endfacet
  facet normal 0 0 -1
    outer loop
      vertex 33.7864 25.6166 0.4
      vertex 33.8936 25.2443 0.4
      vertex 33.8762 25.2221 0.4
    endloop
  endfacet
  facet normal 0 0 -1
    outer loop
      vertex 33.7864 25.6166 0.4
      vertex 33.8762 25.2221 0.4
      vertex 33.8627 25.1975 0.4
    endloop
  endfacet
  facet normal 0 0 -1
    outer loop
      vertex 33.7864 25.6166 0.4
      vertex 33.8627 25.1975 0.4
      vertex 33.8531 25.1706 0.4
    endloop
  endfacet
  facet normal 0 0 -1
    outer loop
      vertex 33.7864 25.6166 0.4
      vertex 33.8531 25.1706 0.4
      vertex 33.8473 25.1415 0.4
    endloop
  endfacet
  facet normal 0 0 -1
    outer loop
      vertex 33.9958 25.3177 0.4
      vertex 33.8402 25.6368 0.4
      vertex 33.9064 25.6576 0.4
    endloop
  endfacet
  facet normal 0 0 -1
    outer loop
      vertex 33.4562 25.1332 0.4
      vertex 33.8473 25.1415 0.4
      vertex 33.8454 25.1101 0.4
    endloop
  endfacet
  facet normal -0 0 -1
    outer loop
      vertex 34.8361 26.3843 0.4
      vertex 34.5834 26.1565 0.4
      vertex 34.7512 26.4338 0.4
    endloop
  endfacet
  facet normal -0 0 -1
    outer loop
      vertex 34.7512 26.4338 0.4
      vertex 34.5834 26.1565 0.4
      vertex 34.6521 26.4724 0.4
    endloop
  endfacet
  facet normal 0 0 -1
    outer loop
      vertex 34.5107 26.202 0.4
      vertex 34.6521 26.4724 0.4
      vertex 34.5834 26.1565 0.4
    endloop
  endfacet
  facet normal -0 0 -1
    outer loop
      vertex 34.6521 26.4724 0.4
      vertex 34.5107 26.202 0.4
      vertex 34.5389 26.4999 0.4
    endloop
  endfacet
  facet normal 0 0 -1
    outer loop
      vertex 34.4089 26.2294 0.4
      vertex 34.5389 26.4999 0.4
      vertex 34.5107 26.202 0.4
    endloop
  endfacet
  facet normal -0 0 -1
    outer loop
      vertex 34.5389 26.4999 0.4
      vertex 34.4089 26.2294 0.4
      vertex 34.4115 26.5164 0.4
    endloop
  endfacet
  facet normal 0 0 -1
    outer loop
      vertex 34.2781 26.2385 0.4
      vertex 34.4115 26.5164 0.4
      vertex 34.4089 26.2294 0.4
    endloop
  endfacet
  facet normal 0 0 -1
    outer loop
      vertex 34.2781 26.2385 0.4
      vertex 34.2699 26.5219 0.4
      vertex 34.4115 26.5164 0.4
    endloop
  endfacet
  facet normal 0 0 -1
    outer loop
      vertex 34.2129 26.236 0.4
      vertex 34.2699 26.5219 0.4
      vertex 34.2781 26.2385 0.4
    endloop
  endfacet
  facet normal 0 0 -1
    outer loop
      vertex 34.1349 26.5175 0.4
      vertex 34.2129 26.236 0.4
      vertex 34.154 26.2285 0.4
    endloop
  endfacet
  facet normal 0 0 -1
    outer loop
      vertex 34.2129 26.236 0.4
      vertex 34.1349 26.5175 0.4
      vertex 34.2699 26.5219 0.4
    endloop
  endfacet
  facet normal 0 0 -1
    outer loop
      vertex 34.1016 26.216 0.4
      vertex 34.1349 26.5175 0.4
      vertex 34.154 26.2285 0.4
    endloop
  endfacet
  facet normal 0 0 -1
    outer loop
      vertex 34.014 26.5041 0.4
      vertex 34.1016 26.216 0.4
      vertex 34.0554 26.1985 0.4
    endloop
  endfacet
  facet normal 0 0 -1
    outer loop
      vertex 33.9072 26.4819 0.4
      vertex 34.0554 26.1985 0.4
      vertex 34.0156 26.1761 0.4
    endloop
  endfacet
  facet normal 0 0 -1
    outer loop
      vertex 34.1016 26.216 0.4
      vertex 34.014 26.5041 0.4
      vertex 34.1349 26.5175 0.4
    endloop
  endfacet
  facet normal 0 0 -1
    outer loop
      vertex 33.8147 26.4508 0.4
      vertex 34.0156 26.1761 0.4
      vertex 33.9815 26.1487 0.4
    endloop
  endfacet
  facet normal 0 0 -1
    outer loop
      vertex 33.7362 26.4107 0.4
      vertex 33.9815 26.1487 0.4
      vertex 33.9523 26.1164 0.4
    endloop
  endfacet
  facet normal 0 0 -1
    outer loop
      vertex 33.67 26.3604 0.4
      vertex 33.9523 26.1164 0.4
      vertex 33.928 26.0792 0.4
    endloop
  endfacet
  facet normal 0 0 -1
    outer loop
      vertex 33.5679 26.225 0.4
      vertex 33.928 26.0792 0.4
      vertex 33.9086 26.0372 0.4
    endloop
  endfacet
  facet normal 0 0 -1
    outer loop
      vertex 34.0554 26.1985 0.4
      vertex 33.9072 26.4819 0.4
      vertex 34.014 26.5041 0.4
    endloop
  endfacet
  facet normal 0 0 -1
    outer loop
      vertex 33.532 26.1399 0.4
      vertex 33.9086 26.0372 0.4
      vertex 33.8942 25.9903 0.4
    endloop
  endfacet
  facet normal 0 0 -1
    outer loop
      vertex 34.0156 26.1761 0.4
      vertex 33.8147 26.4508 0.4
      vertex 33.9072 26.4819 0.4
    endloop
  endfacet
  facet normal 0 0 -1
    outer loop
      vertex 33.9815 26.1487 0.4
      vertex 33.7362 26.4107 0.4
      vertex 33.8147 26.4508 0.4
    endloop
  endfacet
  facet normal 0 0 -1
    outer loop
      vertex 33.9523 26.1164 0.4
      vertex 33.67 26.3604 0.4
      vertex 33.7362 26.4107 0.4
    endloop
  endfacet
  facet normal 0 0 -1
    outer loop
      vertex 33.928 26.0792 0.4
      vertex 33.6139 26.2985 0.4
      vertex 33.67 26.3604 0.4
    endloop
  endfacet
  facet normal 0 0 -1
    outer loop
      vertex 33.928 26.0792 0.4
      vertex 33.5679 26.225 0.4
      vertex 33.6139 26.2985 0.4
    endloop
  endfacet
  facet normal 0 0 -1
    outer loop
      vertex 33.9086 26.0372 0.4
      vertex 33.532 26.1399 0.4
      vertex 33.5679 26.225 0.4
    endloop
  endfacet
  facet normal 0 -0 -1
    outer loop
      vertex 33.532 26.1399 0.4
      vertex 33.8942 25.9903 0.4
      vertex 33.5063 26.0432 0.4
    endloop
  endfacet
  facet normal 0 0 -1
    outer loop
      vertex 20.0651 24.2434 0.4
      vertex 21.6614 24.3492 0.4
      vertex 21.6614 24.2434 0.4
    endloop
  endfacet
  facet normal -0 0 -1
    outer loop
      vertex 21.6614 24.3492 0.4
      vertex 20.0651 24.2434 0.4
      vertex 20.0651 24.3492 0.4
    endloop
  endfacet
  facet normal 0 0 -1
    outer loop
      vertex 16.5618 24.8958 0.4
      vertex 17.012 24.847 0.4
      vertex 17.012 24.5825 0.4
    endloop
  endfacet
  facet normal 0 0 -1
    outer loop
      vertex 17.012 24.847 0.4
      vertex 16.5618 24.8958 0.4
      vertex 16.9797 24.9123 0.4
    endloop
  endfacet
  facet normal -0 0 -1
    outer loop
      vertex 16.9797 24.9123 0.4
      vertex 16.5618 24.8958 0.4
      vertex 16.9423 24.977 0.4
    endloop
  endfacet
  facet normal -0 0 -1
    outer loop
      vertex 16.9423 24.977 0.4
      vertex 16.5618 24.8958 0.4
      vertex 16.8998 25.041 0.4
    endloop
  endfacet
  facet normal -0 0 -1
    outer loop
      vertex 16.8998 25.041 0.4
      vertex 16.5618 24.8958 0.4
      vertex 16.8523 25.1043 0.4
    endloop
  endfacet
  facet normal 0 0 -1
    outer loop
      vertex 16.545 24.9306 0.4
      vertex 16.8523 25.1043 0.4
      vertex 16.5618 24.8958 0.4
    endloop
  endfacet
  facet normal -0 0 -1
    outer loop
      vertex 16.8523 25.1043 0.4
      vertex 16.545 24.9306 0.4
      vertex 16.7998 25.167 0.4
    endloop
  endfacet
  facet normal 0 0 -1
    outer loop
      vertex 16.525 24.9646 0.4
      vertex 16.7998 25.167 0.4
      vertex 16.545 24.9306 0.4
    endloop
  endfacet
  facet normal 0 0 -1
    outer loop
      vertex 16.5018 24.9977 0.4
      vertex 16.7998 25.167 0.4
      vertex 16.525 24.9646 0.4
    endloop
  endfacet
  facet normal 0 0 -1
    outer loop
      vertex 15.6748 24.5825 0.4
      vertex 16.5618 24.8958 0.4
      vertex 17.012 24.5825 0.4
    endloop
  endfacet
  facet normal -0 0 -1
    outer loop
      vertex 16.5618 24.8958 0.4
      vertex 15.6748 24.5825 0.4
      vertex 15.6748 24.8958 0.4
    endloop
  endfacet
  facet normal -0 0 -1
    outer loop
      vertex 16.7998 25.167 0.4
      vertex 16.5018 24.9977 0.4
      vertex 16.7419 25.23 0.4
    endloop
  endfacet
  facet normal 0 0 -1
    outer loop
      vertex 16.4754 25.0299 0.4
      vertex 16.7419 25.23 0.4
      vertex 16.5018 24.9977 0.4
    endloop
  endfacet
  facet normal -0 0 -1
    outer loop
      vertex 16.7419 25.23 0.4
      vertex 16.4754 25.0299 0.4
      vertex 16.6783 25.294 0.4
    endloop
  endfacet
  facet normal 0 0 -1
    outer loop
      vertex 16.4458 25.0613 0.4
      vertex 16.6783 25.294 0.4
      vertex 16.4754 25.0299 0.4
    endloop
  endfacet
  facet normal 0 0 -1
    outer loop
      vertex 16.4139 25.0921 0.4
      vertex 16.6783 25.294 0.4
      vertex 16.4458 25.0613 0.4
    endloop
  endfacet
  facet normal -0 0 -1
    outer loop
      vertex 16.6783 25.294 0.4
      vertex 16.4139 25.0921 0.4
      vertex 16.609 25.3591 0.4
    endloop
  endfacet
  facet normal 0 0 -1
    outer loop
      vertex 16.3807 25.1229 0.4
      vertex 16.609 25.3591 0.4
      vertex 16.4139 25.0921 0.4
    endloop
  endfacet
  facet normal 0 0 -1
    outer loop
      vertex 16.3461 25.1535 0.4
      vertex 16.609 25.3591 0.4
      vertex 16.3807 25.1229 0.4
    endloop
  endfacet
  facet normal -0 0 -1
    outer loop
      vertex 16.609 25.3591 0.4
      vertex 16.3461 25.1535 0.4
      vertex 16.534 25.4253 0.4
    endloop
  endfacet
  facet normal 0 0 -1
    outer loop
      vertex 16.3102 25.1841 0.4
      vertex 16.534 25.4253 0.4
      vertex 16.3461 25.1535 0.4
    endloop
  endfacet
  facet normal 0 0 -1
    outer loop
      vertex 16.2729 25.2145 0.4
      vertex 16.534 25.4253 0.4
      vertex 16.3102 25.1841 0.4
    endloop
  endfacet
  facet normal -0 0 -1
    outer loop
      vertex 16.534 25.4253 0.4
      vertex 16.2729 25.2145 0.4
      vertex 16.4533 25.4925 0.4
    endloop
  endfacet
  facet normal 0 0 -1
    outer loop
      vertex 16.196 25.2759 0.4
      vertex 16.4533 25.4925 0.4
      vertex 16.2729 25.2145 0.4
    endloop
  endfacet
  facet normal -0 0 -1
    outer loop
      vertex 16.4533 25.4925 0.4
      vertex 16.196 25.2759 0.4
      vertex 16.3778 25.5553 0.4
    endloop
  endfacet
  facet normal 0 0 -1
    outer loop
      vertex 16.1568 25.3071 0.4
      vertex 16.3778 25.5553 0.4
      vertex 16.196 25.2759 0.4
    endloop
  endfacet
  facet normal 0 0 -1
    outer loop
      vertex 16.1171 25.3386 0.4
      vertex 16.3778 25.5553 0.4
      vertex 16.1568 25.3071 0.4
    endloop
  endfacet
  facet normal -0 0 -1
    outer loop
      vertex 16.3778 25.5553 0.4
      vertex 16.1171 25.3386 0.4
      vertex 16.3119 25.6136 0.4
    endloop
  endfacet
  facet normal 0 0 -1
    outer loop
      vertex 16.0769 25.3705 0.4
      vertex 16.3119 25.6136 0.4
      vertex 16.1171 25.3386 0.4
    endloop
  endfacet
  facet normal -0 0 -1
    outer loop
      vertex 16.3119 25.6136 0.4
      vertex 16.0769 25.3705 0.4
      vertex 16.2556 25.6673 0.4
    endloop
  endfacet
  facet normal 0 0 -1
    outer loop
      vertex 16.0372 25.4029 0.4
      vertex 16.2556 25.6673 0.4
      vertex 16.0769 25.3705 0.4
    endloop
  endfacet
  facet normal 0 0 -1
    outer loop
      vertex 15.999 25.4363 0.4
      vertex 16.2556 25.6673 0.4
      vertex 16.0372 25.4029 0.4
    endloop
  endfacet
  facet normal -0 0 -1
    outer loop
      vertex 16.2556 25.6673 0.4
      vertex 15.999 25.4363 0.4
      vertex 16.2089 25.7165 0.4
    endloop
  endfacet
  facet normal 0 0 -1
    outer loop
      vertex 15.9623 25.4706 0.4
      vertex 16.2089 25.7165 0.4
      vertex 15.999 25.4363 0.4
    endloop
  endfacet
  facet normal 0 0 -1
    outer loop
      vertex 15.927 25.5059 0.4
      vertex 16.2089 25.7165 0.4
      vertex 15.9623 25.4706 0.4
    endloop
  endfacet
  facet normal -0 0 -1
    outer loop
      vertex 16.2089 25.7165 0.4
      vertex 15.927 25.5059 0.4
      vertex 16.1719 25.7611 0.4
    endloop
  endfacet
  facet normal 0 0 -1
    outer loop
      vertex 15.8931 25.542 0.4
      vertex 16.1719 25.7611 0.4
      vertex 15.927 25.5059 0.4
    endloop
  endfacet
  facet normal 0 0 -1
    outer loop
      vertex 16.612 25.955 0.4
      vertex 16.9774 26.078 0.4
      vertex 16.9958 25.9767 0.4
    endloop
  endfacet
  facet normal -0 0 -1
    outer loop
      vertex 16.9774 26.078 0.4
      vertex 16.6025 26.005 0.4
      vertex 16.9484 26.1692 0.4
    endloop
  endfacet
  facet normal 0 0 -1
    outer loop
      vertex 16.5895 26.0497 0.4
      vertex 16.9484 26.1692 0.4
      vertex 16.6025 26.005 0.4
    endloop
  endfacet
  facet normal 0 0 -1
    outer loop
      vertex 16.5728 26.0892 0.4
      vertex 16.9086 26.2503 0.4
      vertex 16.5895 26.0497 0.4
    endloop
  endfacet
  facet normal -0 0 -1
    outer loop
      vertex 16.9086 26.2503 0.4
      vertex 16.5728 26.0892 0.4
      vertex 16.8582 26.3213 0.4
    endloop
  endfacet
  facet normal -0 0 -1
    outer loop
      vertex 16.8582 26.3213 0.4
      vertex 16.5525 26.1234 0.4
      vertex 16.7971 26.3822 0.4
    endloop
  endfacet
  facet normal 0 0 -1
    outer loop
      vertex 16.9774 26.078 0.4
      vertex 16.612 25.955 0.4
      vertex 16.6025 26.005 0.4
    endloop
  endfacet
  facet normal -0 0 -1
    outer loop
      vertex 16.9484 26.1692 0.4
      vertex 16.5895 26.0497 0.4
      vertex 16.9086 26.2503 0.4
    endloop
  endfacet
  facet normal 0 0 -1
    outer loop
      vertex 16.5525 26.1234 0.4
      vertex 16.8582 26.3213 0.4
      vertex 16.5728 26.0892 0.4
    endloop
  endfacet
  facet normal 0 0 -1
    outer loop
      vertex 16.5285 26.1523 0.4
      vertex 16.7971 26.3822 0.4
      vertex 16.5525 26.1234 0.4
    endloop
  endfacet
  facet normal -0 0 -1
    outer loop
      vertex 16.7971 26.3822 0.4
      vertex 16.5285 26.1523 0.4
      vertex 16.7258 26.4325 0.4
    endloop
  endfacet
  facet normal 0 0 -1
    outer loop
      vertex 16.5005 26.176 0.4
      vertex 16.7258 26.4325 0.4
      vertex 16.5285 26.1523 0.4
    endloop
  endfacet
  facet normal -0 0 -1
    outer loop
      vertex 16.7258 26.4325 0.4
      vertex 16.5005 26.176 0.4
      vertex 16.645 26.4716 0.4
    endloop
  endfacet
  facet normal 0 0 -1
    outer loop
      vertex 16.4678 26.1944 0.4
      vertex 16.645 26.4716 0.4
      vertex 16.5005 26.176 0.4
    endloop
  endfacet
  facet normal -0 0 -1
    outer loop
      vertex 16.645 26.4716 0.4
      vertex 16.4678 26.1944 0.4
      vertex 16.5545 26.4996 0.4
    endloop
  endfacet
  facet normal 0 0 -1
    outer loop
      vertex 16.4305 26.2076 0.4
      vertex 16.5545 26.4996 0.4
      vertex 16.4678 26.1944 0.4
    endloop
  endfacet
  facet normal -0 0 -1
    outer loop
      vertex 16.5545 26.4996 0.4
      vertex 16.4305 26.2076 0.4
      vertex 16.4544 26.5163 0.4
    endloop
  endfacet
  facet normal 0 0 -1
    outer loop
      vertex 16.3886 26.2155 0.4
      vertex 16.4544 26.5163 0.4
      vertex 16.4305 26.2076 0.4
    endloop
  endfacet
  facet normal 0 0 -1
    outer loop
      vertex 16.3886 26.2155 0.4
      vertex 16.3448 26.5219 0.4
      vertex 16.4544 26.5163 0.4
    endloop
  endfacet
  facet normal 0 0 -1
    outer loop
      vertex 16.3421 26.2181 0.4
      vertex 16.3448 26.5219 0.4
      vertex 16.3886 26.2155 0.4
    endloop
  endfacet
  facet normal 0 0 -1
    outer loop
      vertex 16.2268 26.5163 0.4
      vertex 16.3421 26.2181 0.4
      vertex 16.2517 26.2082 0.4
    endloop
  endfacet
  facet normal 0 0 -1
    outer loop
      vertex 16.3421 26.2181 0.4
      vertex 16.2268 26.5163 0.4
      vertex 16.3448 26.5219 0.4
    endloop
  endfacet
  facet normal 0 0 -1
    outer loop
      vertex 16.1204 26.4994 0.4
      vertex 16.2517 26.2082 0.4
      vertex 16.1815 26.1782 0.4
    endloop
  endfacet
  facet normal 0 0 -1
    outer loop
      vertex 15.942 26.4316 0.4
      vertex 16.1815 26.1782 0.4
      vertex 16.1313 26.1283 0.4
    endloop
  endfacet
  facet normal 0 0 -1
    outer loop
      vertex 16.2517 26.2082 0.4
      vertex 16.1204 26.4994 0.4
      vertex 16.2268 26.5163 0.4
    endloop
  endfacet
  facet normal 0 0 -1
    outer loop
      vertex 15.7642 26.2498 0.4
      vertex 16.1313 26.1283 0.4
      vertex 16.1012 26.0584 0.4
    endloop
  endfacet
  facet normal 0 0 -1
    outer loop
      vertex 15.7112 26.0823 0.4
      vertex 16.1012 26.0584 0.4
      vertex 16.0912 25.9686 0.4
    endloop
  endfacet
  facet normal 0 0 -1
    outer loop
      vertex 15.8612 25.5793 0.4
      vertex 16.1719 25.7611 0.4
      vertex 15.8931 25.542 0.4
    endloop
  endfacet
  facet normal -0 0 -1
    outer loop
      vertex 16.1719 25.7611 0.4
      vertex 15.8612 25.5793 0.4
      vertex 16.1428 25.8032 0.4
    endloop
  endfacet
  facet normal 0 0 -1
    outer loop
      vertex 15.8317 25.618 0.4
      vertex 16.1428 25.8032 0.4
      vertex 15.8612 25.5793 0.4
    endloop
  endfacet
  facet normal -0 0 -1
    outer loop
      vertex 16.1428 25.8032 0.4
      vertex 15.8317 25.618 0.4
      vertex 16.1202 25.8451 0.4
    endloop
  endfacet
  facet normal 0 0 -1
    outer loop
      vertex 15.8046 25.658 0.4
      vertex 16.1202 25.8451 0.4
      vertex 15.8317 25.618 0.4
    endloop
  endfacet
  facet normal 0 0 -1
    outer loop
      vertex 15.7799 25.6994 0.4
      vertex 16.1202 25.8451 0.4
      vertex 15.8046 25.658 0.4
    endloop
  endfacet
  facet normal -0 0 -1
    outer loop
      vertex 16.1202 25.8451 0.4
      vertex 15.7799 25.6994 0.4
      vertex 16.1041 25.8865 0.4
    endloop
  endfacet
  facet normal 0 0 -1
    outer loop
      vertex 15.7575 25.7421 0.4
      vertex 16.1041 25.8865 0.4
      vertex 15.7799 25.6994 0.4
    endloop
  endfacet
  facet normal 0 0 -1
    outer loop
      vertex 15.7385 25.7865 0.4
      vertex 16.1041 25.8865 0.4
      vertex 15.7575 25.7421 0.4
    endloop
  endfacet
  facet normal -0 0 -1
    outer loop
      vertex 16.1041 25.8865 0.4
      vertex 15.7385 25.7865 0.4
      vertex 16.0944 25.9277 0.4
    endloop
  endfacet
  facet normal 0 -0 -1
    outer loop
      vertex 15.7112 26.0823 0.4
      vertex 16.0912 25.9686 0.4
      vertex 15.7046 25.9849 0.4
    endloop
  endfacet
  facet normal 0 0 -1
    outer loop
      vertex 16.1815 26.1782 0.4
      vertex 16.0255 26.4712 0.4
      vertex 16.1204 26.4994 0.4
    endloop
  endfacet
  facet normal 0 0 -1
    outer loop
      vertex 16.1012 26.0584 0.4
      vertex 15.7112 26.0823 0.4
      vertex 15.7311 26.1706 0.4
    endloop
  endfacet
  facet normal 0 0 -1
    outer loop
      vertex 16.1815 26.1782 0.4
      vertex 15.942 26.4316 0.4
      vertex 16.0255 26.4712 0.4
    endloop
  endfacet
  facet normal 0 0 -1
    outer loop
      vertex 16.1313 26.1283 0.4
      vertex 15.8701 26.3809 0.4
      vertex 15.942 26.4316 0.4
    endloop
  endfacet
  facet normal 0 0 -1
    outer loop
      vertex 15.7237 25.833 0.4
      vertex 16.0944 25.9277 0.4
      vertex 15.7385 25.7865 0.4
    endloop
  endfacet
  facet normal 0 0 -1
    outer loop
      vertex 15.7131 25.8816 0.4
      vertex 16.0944 25.9277 0.4
      vertex 15.7237 25.833 0.4
    endloop
  endfacet
  facet normal 0 0 -1
    outer loop
      vertex 16.1012 26.0584 0.4
      vertex 15.7311 26.1706 0.4
      vertex 15.7642 26.2498 0.4
    endloop
  endfacet
  facet normal 0 0 -1
    outer loop
      vertex 15.7067 25.9322 0.4
      vertex 16.0944 25.9277 0.4
      vertex 15.7131 25.8816 0.4
    endloop
  endfacet
  facet normal 0 0 -1
    outer loop
      vertex 16.0944 25.9277 0.4
      vertex 15.7067 25.9322 0.4
      vertex 16.0912 25.9686 0.4
    endloop
  endfacet
  facet normal 0 0 -1
    outer loop
      vertex 16.1313 26.1283 0.4
      vertex 15.7642 26.2498 0.4
      vertex 15.8105 26.3199 0.4
    endloop
  endfacet
  facet normal -0 0 -1
    outer loop
      vertex 16.0912 25.9686 0.4
      vertex 15.7067 25.9322 0.4
      vertex 15.7046 25.9849 0.4
    endloop
  endfacet
  facet normal 0 0 -1
    outer loop
      vertex 16.1313 26.1283 0.4
      vertex 15.8105 26.3199 0.4
      vertex 15.8701 26.3809 0.4
    endloop
  endfacet
  facet normal 0 0 -1
    outer loop
      vertex 19.5791 24.8958 0.4
      vertex 20.0293 24.847 0.4
      vertex 20.0293 24.5825 0.4
    endloop
  endfacet
  facet normal 0 0 -1
    outer loop
      vertex 20.0293 24.847 0.4
      vertex 19.5791 24.8958 0.4
      vertex 19.997 24.9123 0.4
    endloop
  endfacet
  facet normal -0 0 -1
    outer loop
      vertex 19.997 24.9123 0.4
      vertex 19.5791 24.8958 0.4
      vertex 19.9596 24.977 0.4
    endloop
  endfacet
  facet normal -0 0 -1
    outer loop
      vertex 19.9596 24.977 0.4
      vertex 19.5791 24.8958 0.4
      vertex 19.9172 25.041 0.4
    endloop
  endfacet
  facet normal -0 0 -1
    outer loop
      vertex 19.9172 25.041 0.4
      vertex 19.5791 24.8958 0.4
      vertex 19.8696 25.1043 0.4
    endloop
  endfacet
  facet normal 0 0 -1
    outer loop
      vertex 19.5623 24.9306 0.4
      vertex 19.8696 25.1043 0.4
      vertex 19.5791 24.8958 0.4
    endloop
  endfacet
  facet normal -0 0 -1
    outer loop
      vertex 19.8696 25.1043 0.4
      vertex 19.5623 24.9306 0.4
      vertex 19.8171 25.167 0.4
    endloop
  endfacet
  facet normal 0 0 -1
    outer loop
      vertex 19.5423 24.9646 0.4
      vertex 19.8171 25.167 0.4
      vertex 19.5623 24.9306 0.4
    endloop
  endfacet
  facet normal 0 0 -1
    outer loop
      vertex 19.5191 24.9977 0.4
      vertex 19.8171 25.167 0.4
      vertex 19.5423 24.9646 0.4
    endloop
  endfacet
  facet normal 0 0 -1
    outer loop
      vertex 18.6921 24.5825 0.4
      vertex 19.5791 24.8958 0.4
      vertex 20.0293 24.5825 0.4
    endloop
  endfacet
  facet normal -0 0 -1
    outer loop
      vertex 19.5791 24.8958 0.4
      vertex 18.6921 24.5825 0.4
      vertex 18.6921 24.8958 0.4
    endloop
  endfacet
  facet normal -0 0 -1
    outer loop
      vertex 19.8171 25.167 0.4
      vertex 19.5191 24.9977 0.4
      vertex 19.7592 25.23 0.4
    endloop
  endfacet
  facet normal 0 0 -1
    outer loop
      vertex 19.4927 25.0299 0.4
      vertex 19.7592 25.23 0.4
      vertex 19.5191 24.9977 0.4
    endloop
  endfacet
  facet normal -0 0 -1
    outer loop
      vertex 19.7592 25.23 0.4
      vertex 19.4927 25.0299 0.4
      vertex 19.6956 25.294 0.4
    endloop
  endfacet
  facet normal 0 0 -1
    outer loop
      vertex 19.4631 25.0613 0.4
      vertex 19.6956 25.294 0.4
      vertex 19.4927 25.0299 0.4
    endloop
  endfacet
  facet normal 0 0 -1
    outer loop
      vertex 19.4312 25.0921 0.4
      vertex 19.6956 25.294 0.4
      vertex 19.4631 25.0613 0.4
    endloop
  endfacet
  facet normal -0 0 -1
    outer loop
      vertex 19.6956 25.294 0.4
      vertex 19.4312 25.0921 0.4
      vertex 19.6263 25.3591 0.4
    endloop
  endfacet
  facet normal 0 0 -1
    outer loop
      vertex 19.398 25.1229 0.4
      vertex 19.6263 25.3591 0.4
      vertex 19.4312 25.0921 0.4
    endloop
  endfacet
  facet normal 0 0 -1
    outer loop
      vertex 19.3634 25.1535 0.4
      vertex 19.6263 25.3591 0.4
      vertex 19.398 25.1229 0.4
    endloop
  endfacet
  facet normal -0 0 -1
    outer loop
      vertex 19.6263 25.3591 0.4
      vertex 19.3634 25.1535 0.4
      vertex 19.5513 25.4253 0.4
    endloop
  endfacet
  facet normal 0 0 -1
    outer loop
      vertex 19.3275 25.1841 0.4
      vertex 19.5513 25.4253 0.4
      vertex 19.3634 25.1535 0.4
    endloop
  endfacet
  facet normal 0 0 -1
    outer loop
      vertex 19.2902 25.2145 0.4
      vertex 19.5513 25.4253 0.4
      vertex 19.3275 25.1841 0.4
    endloop
  endfacet
  facet normal -0 0 -1
    outer loop
      vertex 19.5513 25.4253 0.4
      vertex 19.2902 25.2145 0.4
      vertex 19.4706 25.4925 0.4
    endloop
  endfacet
  facet normal 0 0 -1
    outer loop
      vertex 19.2133 25.2759 0.4
      vertex 19.4706 25.4925 0.4
      vertex 19.2902 25.2145 0.4
    endloop
  endfacet
  facet normal -0 0 -1
    outer loop
      vertex 19.4706 25.4925 0.4
      vertex 19.2133 25.2759 0.4
      vertex 19.3951 25.5553 0.4
    endloop
  endfacet
  facet normal 0 0 -1
    outer loop
      vertex 19.1741 25.3071 0.4
      vertex 19.3951 25.5553 0.4
      vertex 19.2133 25.2759 0.4
    endloop
  endfacet
  facet normal 0 0 -1
    outer loop
      vertex 19.1344 25.3386 0.4
      vertex 19.3951 25.5553 0.4
      vertex 19.1741 25.3071 0.4
    endloop
  endfacet
  facet normal -0 0 -1
    outer loop
      vertex 19.3951 25.5553 0.4
      vertex 19.1344 25.3386 0.4
      vertex 19.3292 25.6136 0.4
    endloop
  endfacet
  facet normal 0 0 -1
    outer loop
      vertex 19.0942 25.3705 0.4
      vertex 19.3292 25.6136 0.4
      vertex 19.1344 25.3386 0.4
    endloop
  endfacet
  facet normal -0 0 -1
    outer loop
      vertex 19.3292 25.6136 0.4
      vertex 19.0942 25.3705 0.4
      vertex 19.2729 25.6673 0.4
    endloop
  endfacet
  facet normal 0 0 -1
    outer loop
      vertex 19.0545 25.4029 0.4
      vertex 19.2729 25.6673 0.4
      vertex 19.0942 25.3705 0.4
    endloop
  endfacet
  facet normal 0 0 -1
    outer loop
      vertex 19.0163 25.4363 0.4
      vertex 19.2729 25.6673 0.4
      vertex 19.0545 25.4029 0.4
    endloop
  endfacet
  facet normal -0 0 -1
    outer loop
      vertex 19.2729 25.6673 0.4
      vertex 19.0163 25.4363 0.4
      vertex 19.2262 25.7165 0.4
    endloop
  endfacet
  facet normal 0 0 -1
    outer loop
      vertex 18.9796 25.4706 0.4
      vertex 19.2262 25.7165 0.4
      vertex 19.0163 25.4363 0.4
    endloop
  endfacet
  facet normal 0 0 -1
    outer loop
      vertex 18.9443 25.5059 0.4
      vertex 19.2262 25.7165 0.4
      vertex 18.9796 25.4706 0.4
    endloop
  endfacet
  facet normal -0 0 -1
    outer loop
      vertex 19.2262 25.7165 0.4
      vertex 18.9443 25.5059 0.4
      vertex 19.1892 25.7611 0.4
    endloop
  endfacet
  facet normal 0 0 -1
    outer loop
      vertex 18.9105 25.542 0.4
      vertex 19.1892 25.7611 0.4
      vertex 18.9443 25.5059 0.4
    endloop
  endfacet
  facet normal 0 0 -1
    outer loop
      vertex 19.6293 25.955 0.4
      vertex 19.9947 26.078 0.4
      vertex 20.0131 25.9767 0.4
    endloop
  endfacet
  facet normal -0 0 -1
    outer loop
      vertex 19.9947 26.078 0.4
      vertex 19.6198 26.005 0.4
      vertex 19.9657 26.1692 0.4
    endloop
  endfacet
  facet normal 0 0 -1
    outer loop
      vertex 19.6068 26.0497 0.4
      vertex 19.9657 26.1692 0.4
      vertex 19.6198 26.005 0.4
    endloop
  endfacet
  facet normal 0 0 -1
    outer loop
      vertex 19.5901 26.0892 0.4
      vertex 19.9259 26.2503 0.4
      vertex 19.6068 26.0497 0.4
    endloop
  endfacet
  facet normal -0 0 -1
    outer loop
      vertex 19.9259 26.2503 0.4
      vertex 19.5901 26.0892 0.4
      vertex 19.8755 26.3213 0.4
    endloop
  endfacet
  facet normal -0 0 -1
    outer loop
      vertex 19.8755 26.3213 0.4
      vertex 19.5698 26.1234 0.4
      vertex 19.8144 26.3822 0.4
    endloop
  endfacet
  facet normal 0 0 -1
    outer loop
      vertex 19.9947 26.078 0.4
      vertex 19.6293 25.955 0.4
      vertex 19.6198 26.005 0.4
    endloop
  endfacet
  facet normal -0 0 -1
    outer loop
      vertex 19.9657 26.1692 0.4
      vertex 19.6068 26.0497 0.4
      vertex 19.9259 26.2503 0.4
    endloop
  endfacet
  facet normal 0 0 -1
    outer loop
      vertex 19.5698 26.1234 0.4
      vertex 19.8755 26.3213 0.4
      vertex 19.5901 26.0892 0.4
    endloop
  endfacet
  facet normal 0 0 -1
    outer loop
      vertex 19.5459 26.1523 0.4
      vertex 19.8144 26.3822 0.4
      vertex 19.5698 26.1234 0.4
    endloop
  endfacet
  facet normal -0 0 -1
    outer loop
      vertex 19.8144 26.3822 0.4
      vertex 19.5459 26.1523 0.4
      vertex 19.7431 26.4325 0.4
    endloop
  endfacet
  facet normal 0 0 -1
    outer loop
      vertex 19.5178 26.176 0.4
      vertex 19.7431 26.4325 0.4
      vertex 19.5459 26.1523 0.4
    endloop
  endfacet
  facet normal -0 0 -1
    outer loop
      vertex 19.7431 26.4325 0.4
      vertex 19.5178 26.176 0.4
      vertex 19.6623 26.4716 0.4
    endloop
  endfacet
  facet normal 0 0 -1
    outer loop
      vertex 19.4851 26.1944 0.4
      vertex 19.6623 26.4716 0.4
      vertex 19.5178 26.176 0.4
    endloop
  endfacet
  facet normal -0 0 -1
    outer loop
      vertex 19.6623 26.4716 0.4
      vertex 19.4851 26.1944 0.4
      vertex 19.5718 26.4996 0.4
    endloop
  endfacet
  facet normal 0 0 -1
    outer loop
      vertex 19.4478 26.2076 0.4
      vertex 19.5718 26.4996 0.4
      vertex 19.4851 26.1944 0.4
    endloop
  endfacet
  facet normal -0 0 -1
    outer loop
      vertex 19.5718 26.4996 0.4
      vertex 19.4478 26.2076 0.4
      vertex 19.4718 26.5163 0.4
    endloop
  endfacet
  facet normal 0 0 -1
    outer loop
      vertex 19.4059 26.2155 0.4
      vertex 19.4718 26.5163 0.4
      vertex 19.4478 26.2076 0.4
    endloop
  endfacet
  facet normal 0 0 -1
    outer loop
      vertex 19.4059 26.2155 0.4
      vertex 19.3621 26.5219 0.4
      vertex 19.4718 26.5163 0.4
    endloop
  endfacet
  facet normal 0 0 -1
    outer loop
      vertex 19.3594 26.2181 0.4
      vertex 19.3621 26.5219 0.4
      vertex 19.4059 26.2155 0.4
    endloop
  endfacet
  facet normal 0 0 -1
    outer loop
      vertex 19.2441 26.5163 0.4
      vertex 19.3594 26.2181 0.4
      vertex 19.269 26.2082 0.4
    endloop
  endfacet
  facet normal 0 0 -1
    outer loop
      vertex 19.3594 26.2181 0.4
      vertex 19.2441 26.5163 0.4
      vertex 19.3621 26.5219 0.4
    endloop
  endfacet
  facet normal 0 0 -1
    outer loop
      vertex 19.1377 26.4994 0.4
      vertex 19.269 26.2082 0.4
      vertex 19.1988 26.1782 0.4
    endloop
  endfacet
  facet normal 0 0 -1
    outer loop
      vertex 18.9593 26.4316 0.4
      vertex 19.1988 26.1782 0.4
      vertex 19.1486 26.1283 0.4
    endloop
  endfacet
  facet normal 0 0 -1
    outer loop
      vertex 19.269 26.2082 0.4
      vertex 19.1377 26.4994 0.4
      vertex 19.2441 26.5163 0.4
    endloop
  endfacet
  facet normal 0 0 -1
    outer loop
      vertex 18.7815 26.2498 0.4
      vertex 19.1486 26.1283 0.4
      vertex 19.1185 26.0584 0.4
    endloop
  endfacet
  facet normal 0 0 -1
    outer loop
      vertex 18.7286 26.0823 0.4
      vertex 19.1185 26.0584 0.4
      vertex 19.1085 25.9686 0.4
    endloop
  endfacet
  facet normal 0 0 -1
    outer loop
      vertex 18.8785 25.5793 0.4
      vertex 19.1892 25.7611 0.4
      vertex 18.9105 25.542 0.4
    endloop
  endfacet
  facet normal -0 0 -1
    outer loop
      vertex 19.1892 25.7611 0.4
      vertex 18.8785 25.5793 0.4
      vertex 19.1601 25.8032 0.4
    endloop
  endfacet
  facet normal 0 0 -1
    outer loop
      vertex 18.849 25.618 0.4
      vertex 19.1601 25.8032 0.4
      vertex 18.8785 25.5793 0.4
    endloop
  endfacet
  facet normal -0 0 -1
    outer loop
      vertex 19.1601 25.8032 0.4
      vertex 18.849 25.618 0.4
      vertex 19.1375 25.8451 0.4
    endloop
  endfacet
  facet normal 0 0 -1
    outer loop
      vertex 18.8219 25.658 0.4
      vertex 19.1375 25.8451 0.4
      vertex 18.849 25.618 0.4
    endloop
  endfacet
  facet normal 0 0 -1
    outer loop
      vertex 18.7972 25.6994 0.4
      vertex 19.1375 25.8451 0.4
      vertex 18.8219 25.658 0.4
    endloop
  endfacet
  facet normal -0 0 -1
    outer loop
      vertex 19.1375 25.8451 0.4
      vertex 18.7972 25.6994 0.4
      vertex 19.1214 25.8865 0.4
    endloop
  endfacet
  facet normal 0 0 -1
    outer loop
      vertex 18.7748 25.7421 0.4
      vertex 19.1214 25.8865 0.4
      vertex 18.7972 25.6994 0.4
    endloop
  endfacet
  facet normal 0 0 -1
    outer loop
      vertex 18.7558 25.7865 0.4
      vertex 19.1214 25.8865 0.4
      vertex 18.7748 25.7421 0.4
    endloop
  endfacet
  facet normal -0 0 -1
    outer loop
      vertex 19.1214 25.8865 0.4
      vertex 18.7558 25.7865 0.4
      vertex 19.1117 25.9277 0.4
    endloop
  endfacet
  facet normal 0 -0 -1
    outer loop
      vertex 18.7286 26.0823 0.4
      vertex 19.1085 25.9686 0.4
      vertex 18.7219 25.9849 0.4
    endloop
  endfacet
  facet normal 0 0 -1
    outer loop
      vertex 19.1988 26.1782 0.4
      vertex 19.0428 26.4712 0.4
      vertex 19.1377 26.4994 0.4
    endloop
  endfacet
  facet normal 0 0 -1
    outer loop
      vertex 19.1185 26.0584 0.4
      vertex 18.7286 26.0823 0.4
      vertex 18.7484 26.1706 0.4
    endloop
  endfacet
  facet normal 0 0 -1
    outer loop
      vertex 19.1988 26.1782 0.4
      vertex 18.9593 26.4316 0.4
      vertex 19.0428 26.4712 0.4
    endloop
  endfacet
  facet normal 0 0 -1
    outer loop
      vertex 19.1486 26.1283 0.4
      vertex 18.8874 26.3809 0.4
      vertex 18.9593 26.4316 0.4
    endloop
  endfacet
  facet normal 0 0 -1
    outer loop
      vertex 18.741 25.833 0.4
      vertex 19.1117 25.9277 0.4
      vertex 18.7558 25.7865 0.4
    endloop
  endfacet
  facet normal 0 0 -1
    outer loop
      vertex 18.7304 25.8816 0.4
      vertex 19.1117 25.9277 0.4
      vertex 18.741 25.833 0.4
    endloop
  endfacet
  facet normal 0 0 -1
    outer loop
      vertex 19.1185 26.0584 0.4
      vertex 18.7484 26.1706 0.4
      vertex 18.7815 26.2498 0.4
    endloop
  endfacet
  facet normal 0 0 -1
    outer loop
      vertex 18.7241 25.9322 0.4
      vertex 19.1117 25.9277 0.4
      vertex 18.7304 25.8816 0.4
    endloop
  endfacet
  facet normal 0 0 -1
    outer loop
      vertex 19.1117 25.9277 0.4
      vertex 18.7241 25.9322 0.4
      vertex 19.1085 25.9686 0.4
    endloop
  endfacet
  facet normal 0 0 -1
    outer loop
      vertex 19.1486 26.1283 0.4
      vertex 18.7815 26.2498 0.4
      vertex 18.8278 26.3199 0.4
    endloop
  endfacet
  facet normal -0 0 -1
    outer loop
      vertex 19.1085 25.9686 0.4
      vertex 18.7241 25.9322 0.4
      vertex 18.7219 25.9849 0.4
    endloop
  endfacet
  facet normal 0 0 -1
    outer loop
      vertex 19.1486 26.1283 0.4
      vertex 18.8278 26.3199 0.4
      vertex 18.8874 26.3809 0.4
    endloop
  endfacet
  facet normal 0 0 -1
    outer loop
      vertex 23.835 25.2241 0.4
      vertex 24.2385 25.3176 0.4
      vertex 24.2307 25.1815 0.4
    endloop
  endfacet
  facet normal 0 0 -1
    outer loop
      vertex 23.8248 25.14 0.4
      vertex 24.2307 25.1815 0.4
      vertex 24.2072 25.0576 0.4
    endloop
  endfacet
  facet normal 0 0 -1
    outer loop
      vertex 24.2385 25.3176 0.4
      vertex 23.8384 25.3176 0.4
      vertex 24.2307 25.4531 0.4
    endloop
  endfacet
  facet normal 0 0 -1
    outer loop
      vertex 23.8248 25.14 0.4
      vertex 24.2072 25.0576 0.4
      vertex 24.1682 24.9459 0.4
    endloop
  endfacet
  facet normal 0 0 -1
    outer loop
      vertex 23.8245 25.4968 0.4
      vertex 24.2307 25.4531 0.4
      vertex 23.8384 25.3176 0.4
    endloop
  endfacet
  facet normal 0 0 -1
    outer loop
      vertex 23.8079 25.0653 0.4
      vertex 24.1682 24.9459 0.4
      vertex 24.1135 24.8463 0.4
    endloop
  endfacet
  facet normal 0 0 -1
    outer loop
      vertex 24.2307 25.4531 0.4
      vertex 23.8245 25.4968 0.4
      vertex 24.2072 25.5766 0.4
    endloop
  endfacet
  facet normal 0 0 -1
    outer loop
      vertex 23.7841 24.9999 0.4
      vertex 24.1135 24.8463 0.4
      vertex 24.0432 24.7588 0.4
    endloop
  endfacet
  facet normal -0 0 -1
    outer loop
      vertex 24.2072 25.5766 0.4
      vertex 23.8245 25.4968 0.4
      vertex 24.1682 25.6879 0.4
    endloop
  endfacet
  facet normal 0 0 -1
    outer loop
      vertex 23.7536 24.9439 0.4
      vertex 24.0432 24.7588 0.4
      vertex 23.9591 24.6856 0.4
    endloop
  endfacet
  facet normal -0 0 -1
    outer loop
      vertex 24.2385 25.3176 0.4
      vertex 23.835 25.2241 0.4
      vertex 23.8384 25.3176 0.4
    endloop
  endfacet
  facet normal 0 0 -1
    outer loop
      vertex 23.7167 24.8978 0.4
      vertex 23.9591 24.6856 0.4
      vertex 23.8633 24.6286 0.4
    endloop
  endfacet
  facet normal 0 0 -1
    outer loop
      vertex 23.7828 25.6361 0.4
      vertex 24.1682 25.6879 0.4
      vertex 23.8245 25.4968 0.4
    endloop
  endfacet
  facet normal -0 0 -1
    outer loop
      vertex 24.1135 25.7872 0.4
      vertex 23.7828 25.6361 0.4
      vertex 24.0432 25.8743 0.4
    endloop
  endfacet
  facet normal -0 0 -1
    outer loop
      vertex 24.1682 25.6879 0.4
      vertex 23.7828 25.6361 0.4
      vertex 24.1135 25.7872 0.4
    endloop
  endfacet
  facet normal -0 0 -1
    outer loop
      vertex 24.2307 25.1815 0.4
      vertex 23.8248 25.14 0.4
      vertex 23.835 25.2241 0.4
    endloop
  endfacet
  facet normal 0 0 -1
    outer loop
      vertex 24.1682 24.9459 0.4
      vertex 23.8079 25.0653 0.4
      vertex 23.8248 25.14 0.4
    endloop
  endfacet
  facet normal 0 0 -1
    outer loop
      vertex 24.1135 24.8463 0.4
      vertex 23.7841 24.9999 0.4
      vertex 23.8079 25.0653 0.4
    endloop
  endfacet
  facet normal 0 0 -1
    outer loop
      vertex 23.6738 24.8619 0.4
      vertex 23.8633 24.6286 0.4
      vertex 23.7556 24.5879 0.4
    endloop
  endfacet
  facet normal 0 0 -1
    outer loop
      vertex 24.0432 24.7588 0.4
      vertex 23.7536 24.9439 0.4
      vertex 23.7841 24.9999 0.4
    endloop
  endfacet
  facet normal 0 0 -1
    outer loop
      vertex 23.9591 24.6856 0.4
      vertex 23.7167 24.8978 0.4
      vertex 23.7536 24.9439 0.4
    endloop
  endfacet
  facet normal 0 0 -1
    outer loop
      vertex 23.8633 24.6286 0.4
      vertex 23.6738 24.8619 0.4
      vertex 23.7167 24.8978 0.4
    endloop
  endfacet
  facet normal 0 0 -1
    outer loop
      vertex 23.6248 24.8363 0.4
      vertex 23.7556 24.5879 0.4
      vertex 23.6361 24.5635 0.4
    endloop
  endfacet
  facet normal 0 0 -1
    outer loop
      vertex 23.7556 24.5879 0.4
      vertex 23.6248 24.8363 0.4
      vertex 23.6738 24.8619 0.4
    endloop
  endfacet
  facet normal 0 0 -1
    outer loop
      vertex 23.6361 24.5635 0.4
      vertex 23.5698 24.8209 0.4
      vertex 23.6248 24.8363 0.4
    endloop
  endfacet
  facet normal 0 0 -1
    outer loop
      vertex 23.5047 24.5554 0.4
      vertex 23.5698 24.8209 0.4
      vertex 23.6361 24.5635 0.4
    endloop
  endfacet
  facet normal 0 0 -1
    outer loop
      vertex 23.5698 24.8209 0.4
      vertex 23.5047 24.5554 0.4
      vertex 23.5088 24.8158 0.4
    endloop
  endfacet
  facet normal 0 0 -1
    outer loop
      vertex 23.3709 24.5635 0.4
      vertex 23.5088 24.8158 0.4
      vertex 23.5047 24.5554 0.4
    endloop
  endfacet
  facet normal -0 0 -1
    outer loop
      vertex 23.5088 24.8158 0.4
      vertex 23.3709 24.5635 0.4
      vertex 23.3824 24.8359 0.4
    endloop
  endfacet
  facet normal 0 0 -1
    outer loop
      vertex 23.2491 24.5878 0.4
      vertex 23.3824 24.8359 0.4
      vertex 23.3709 24.5635 0.4
    endloop
  endfacet
  facet normal -0 0 -1
    outer loop
      vertex 23.3824 24.8359 0.4
      vertex 23.2491 24.5878 0.4
      vertex 23.284 24.8961 0.4
    endloop
  endfacet
  facet normal 0 0 -1
    outer loop
      vertex 23.1395 24.6284 0.4
      vertex 23.284 24.8961 0.4
      vertex 23.2491 24.5878 0.4
    endloop
  endfacet
  facet normal 0 0 -1
    outer loop
      vertex 23.0421 24.6852 0.4
      vertex 23.284 24.8961 0.4
      vertex 23.1395 24.6284 0.4
    endloop
  endfacet
  facet normal 0 0 -1
    outer loop
      vertex 22.9568 24.7582 0.4
      vertex 23.2138 24.9964 0.4
      vertex 23.0421 24.6852 0.4
    endloop
  endfacet
  facet normal -0 0 -1
    outer loop
      vertex 23.284 24.8961 0.4
      vertex 23.0421 24.6852 0.4
      vertex 23.2138 24.9964 0.4
    endloop
  endfacet
  facet normal -0 0 -1
    outer loop
      vertex 24.0432 25.8743 0.4
      vertex 23.7828 25.6361 0.4
      vertex 23.9588 25.9473 0.4
    endloop
  endfacet
  facet normal 0 0 -1
    outer loop
      vertex 23.7134 25.7357 0.4
      vertex 23.9588 25.9473 0.4
      vertex 23.7828 25.6361 0.4
    endloop
  endfacet
  facet normal -0 0 -1
    outer loop
      vertex 23.9588 25.9473 0.4
      vertex 23.7134 25.7357 0.4
      vertex 23.862 26.0041 0.4
    endloop
  endfacet
  facet normal -0 0 -1
    outer loop
      vertex 23.862 26.0041 0.4
      vertex 23.7134 25.7357 0.4
      vertex 23.7527 26.0446 0.4
    endloop
  endfacet
  facet normal 0 0 -1
    outer loop
      vertex 23.6162 25.7954 0.4
      vertex 23.7527 26.0446 0.4
      vertex 23.7134 25.7357 0.4
    endloop
  endfacet
  facet normal -0 0 -1
    outer loop
      vertex 23.7527 26.0446 0.4
      vertex 23.6162 25.7954 0.4
      vertex 23.6309 26.069 0.4
    endloop
  endfacet
  facet normal 0 0 -1
    outer loop
      vertex 23.4912 25.8153 0.4
      vertex 23.6309 26.069 0.4
      vertex 23.6162 25.7954 0.4
    endloop
  endfacet
  facet normal -0 0 -1
    outer loop
      vertex 23.6309 26.069 0.4
      vertex 23.4912 25.8153 0.4
      vertex 23.4966 26.0771 0.4
    endloop
  endfacet
  facet normal 0 0 -1
    outer loop
      vertex 23.4292 25.8106 0.4
      vertex 23.4966 26.0771 0.4
      vertex 23.4912 25.8153 0.4
    endloop
  endfacet
  facet normal 0 0 -1
    outer loop
      vertex 23.3597 26.0692 0.4
      vertex 23.4292 25.8106 0.4
      vertex 23.3734 25.7965 0.4
    endloop
  endfacet
  facet normal 0 0 -1
    outer loop
      vertex 23.4292 25.8106 0.4
      vertex 23.3597 26.0692 0.4
      vertex 23.4966 26.0771 0.4
    endloop
  endfacet
  facet normal 0 0 -1
    outer loop
      vertex 23.2363 26.0457 0.4
      vertex 23.3734 25.7965 0.4
      vertex 23.3237 25.7728 0.4
    endloop
  endfacet
  facet normal 0 0 -1
    outer loop
      vertex 23.1266 26.0065 0.4
      vertex 23.3237 25.7728 0.4
      vertex 23.2803 25.7398 0.4
    endloop
  endfacet
  facet normal 0 0 -1
    outer loop
      vertex 23.0305 25.9517 0.4
      vertex 23.2803 25.7398 0.4
      vertex 23.243 25.6973 0.4
    endloop
  endfacet
  facet normal 0 0 -1
    outer loop
      vertex 23.3734 25.7965 0.4
      vertex 23.2363 26.0457 0.4
      vertex 23.3597 26.0692 0.4
    endloop
  endfacet
  facet normal 0 0 -1
    outer loop
      vertex 22.948 25.8811 0.4
      vertex 23.243 25.6973 0.4
      vertex 23.2122 25.6444 0.4
    endloop
  endfacet
  facet normal 0 0 -1
    outer loop
      vertex 22.8799 25.7958 0.4
      vertex 23.2122 25.6444 0.4
      vertex 23.1883 25.5799 0.4
    endloop
  endfacet
  facet normal 0 0 -1
    outer loop
      vertex 22.8269 25.6969 0.4
      vertex 23.1883 25.5799 0.4
      vertex 23.1712 25.504 0.4
    endloop
  endfacet
  facet normal 0 0 -1
    outer loop
      vertex 23.3237 25.7728 0.4
      vertex 23.1266 26.0065 0.4
      vertex 23.2363 26.0457 0.4
    endloop
  endfacet
  facet normal 0 0 -1
    outer loop
      vertex 22.7664 25.4577 0.4
      vertex 23.1712 25.504 0.4
      vertex 23.161 25.4165 0.4
    endloop
  endfacet
  facet normal 0 0 -1
    outer loop
      vertex 22.7588 25.3176 0.4
      vertex 23.161 25.4165 0.4
      vertex 23.1575 25.3176 0.4
    endloop
  endfacet
  facet normal 0 0 -1
    outer loop
      vertex 22.8855 24.8454 0.4
      vertex 23.2138 24.9964 0.4
      vertex 22.9568 24.7582 0.4
    endloop
  endfacet
  facet normal 0 0 -1
    outer loop
      vertex 22.8301 24.945 0.4
      vertex 23.2138 24.9964 0.4
      vertex 22.8855 24.8454 0.4
    endloop
  endfacet
  facet normal -0 0 -1
    outer loop
      vertex 23.161 25.4165 0.4
      vertex 22.7588 25.3176 0.4
      vertex 22.7664 25.4577 0.4
    endloop
  endfacet
  facet normal -0 0 -1
    outer loop
      vertex 23.2138 24.9964 0.4
      vertex 22.8301 24.945 0.4
      vertex 23.1716 25.1369 0.4
    endloop
  endfacet
  facet normal -0 0 -1
    outer loop
      vertex 23.1712 25.504 0.4
      vertex 22.7664 25.4577 0.4
      vertex 22.7891 25.5842 0.4
    endloop
  endfacet
  facet normal 0 0 -1
    outer loop
      vertex 22.7905 25.0569 0.4
      vertex 23.1716 25.1369 0.4
      vertex 22.8301 24.945 0.4
    endloop
  endfacet
  facet normal 0 0 -1
    outer loop
      vertex 23.1712 25.504 0.4
      vertex 22.7891 25.5842 0.4
      vertex 22.8269 25.6969 0.4
    endloop
  endfacet
  facet normal 0 0 -1
    outer loop
      vertex 22.7667 25.1811 0.4
      vertex 23.1716 25.1369 0.4
      vertex 22.7905 25.0569 0.4
    endloop
  endfacet
  facet normal 0 0 -1
    outer loop
      vertex 23.1883 25.5799 0.4
      vertex 22.8269 25.6969 0.4
      vertex 22.8799 25.7958 0.4
    endloop
  endfacet
  facet normal 0 0 -1
    outer loop
      vertex 23.1716 25.1369 0.4
      vertex 22.7667 25.1811 0.4
      vertex 23.1575 25.3176 0.4
    endloop
  endfacet
  facet normal 0 0 -1
    outer loop
      vertex 23.2803 25.7398 0.4
      vertex 23.0305 25.9517 0.4
      vertex 23.1266 26.0065 0.4
    endloop
  endfacet
  facet normal -0 0 -1
    outer loop
      vertex 23.1575 25.3176 0.4
      vertex 22.7667 25.1811 0.4
      vertex 22.7588 25.3176 0.4
    endloop
  endfacet
  facet normal 0 0 -1
    outer loop
      vertex 23.243 25.6973 0.4
      vertex 22.948 25.8811 0.4
      vertex 23.0305 25.9517 0.4
    endloop
  endfacet
  facet normal 0 0 -1
    outer loop
      vertex 23.2122 25.6444 0.4
      vertex 22.8799 25.7958 0.4
      vertex 22.948 25.8811 0.4
    endloop
  endfacet
  facet normal 0 0 -1
    outer loop
      vertex 29.3767 24.8958 0.4
      vertex 29.827 24.847 0.4
      vertex 29.827 24.5825 0.4
    endloop
  endfacet
  facet normal 0 0 -1
    outer loop
      vertex 29.827 24.847 0.4
      vertex 29.3767 24.8958 0.4
      vertex 29.7947 24.9123 0.4
    endloop
  endfacet
  facet normal -0 0 -1
    outer loop
      vertex 29.7947 24.9123 0.4
      vertex 29.3767 24.8958 0.4
      vertex 29.7573 24.977 0.4
    endloop
  endfacet
  facet normal -0 0 -1
    outer loop
      vertex 29.7573 24.977 0.4
      vertex 29.3767 24.8958 0.4
      vertex 29.7148 25.041 0.4
    endloop
  endfacet
  facet normal -0 0 -1
    outer loop
      vertex 29.7148 25.041 0.4
      vertex 29.3767 24.8958 0.4
      vertex 29.6673 25.1043 0.4
    endloop
  endfacet
  facet normal 0 0 -1
    outer loop
      vertex 29.36 24.9306 0.4
      vertex 29.6673 25.1043 0.4
      vertex 29.3767 24.8958 0.4
    endloop
  endfacet
  facet normal -0 0 -1
    outer loop
      vertex 29.6673 25.1043 0.4
      vertex 29.36 24.9306 0.4
      vertex 29.6148 25.167 0.4
    endloop
  endfacet
  facet normal 0 0 -1
    outer loop
      vertex 29.34 24.9646 0.4
      vertex 29.6148 25.167 0.4
      vertex 29.36 24.9306 0.4
    endloop
  endfacet
  facet normal 0 0 -1
    outer loop
      vertex 29.3168 24.9977 0.4
      vertex 29.6148 25.167 0.4
      vertex 29.34 24.9646 0.4
    endloop
  endfacet
  facet normal 0 0 -1
    outer loop
      vertex 28.4898 24.5825 0.4
      vertex 29.3767 24.8958 0.4
      vertex 29.827 24.5825 0.4
    endloop
  endfacet
  facet normal -0 0 -1
    outer loop
      vertex 29.3767 24.8958 0.4
      vertex 28.4898 24.5825 0.4
      vertex 28.4898 24.8958 0.4
    endloop
  endfacet
  facet normal -0 0 -1
    outer loop
      vertex 29.6148 25.167 0.4
      vertex 29.3168 24.9977 0.4
      vertex 29.5569 25.23 0.4
    endloop
  endfacet
  facet normal 0 0 -1
    outer loop
      vertex 29.2904 25.0299 0.4
      vertex 29.5569 25.23 0.4
      vertex 29.3168 24.9977 0.4
    endloop
  endfacet
  facet normal -0 0 -1
    outer loop
      vertex 29.5569 25.23 0.4
      vertex 29.2904 25.0299 0.4
      vertex 29.4932 25.294 0.4
    endloop
  endfacet
  facet normal 0 0 -1
    outer loop
      vertex 29.2608 25.0613 0.4
      vertex 29.4932 25.294 0.4
      vertex 29.2904 25.0299 0.4
    endloop
  endfacet
  facet normal 0 0 -1
    outer loop
      vertex 29.2289 25.0921 0.4
      vertex 29.4932 25.294 0.4
      vertex 29.2608 25.0613 0.4
    endloop
  endfacet
  facet normal -0 0 -1
    outer loop
      vertex 29.4932 25.294 0.4
      vertex 29.2289 25.0921 0.4
      vertex 29.424 25.3591 0.4
    endloop
  endfacet
  facet normal 0 0 -1
    outer loop
      vertex 29.1957 25.1229 0.4
      vertex 29.424 25.3591 0.4
      vertex 29.2289 25.0921 0.4
    endloop
  endfacet
  facet normal 0 0 -1
    outer loop
      vertex 29.1611 25.1535 0.4
      vertex 29.424 25.3591 0.4
      vertex 29.1957 25.1229 0.4
    endloop
  endfacet
  facet normal -0 0 -1
    outer loop
      vertex 29.424 25.3591 0.4
      vertex 29.1611 25.1535 0.4
      vertex 29.3489 25.4253 0.4
    endloop
  endfacet
  facet normal 0 0 -1
    outer loop
      vertex 29.1252 25.1841 0.4
      vertex 29.3489 25.4253 0.4
      vertex 29.1611 25.1535 0.4
    endloop
  endfacet
  facet normal 0 0 -1
    outer loop
      vertex 29.0879 25.2145 0.4
      vertex 29.3489 25.4253 0.4
      vertex 29.1252 25.1841 0.4
    endloop
  endfacet
  facet normal -0 0 -1
    outer loop
      vertex 29.3489 25.4253 0.4
      vertex 29.0879 25.2145 0.4
      vertex 29.2683 25.4925 0.4
    endloop
  endfacet
  facet normal 0 0 -1
    outer loop
      vertex 29.0109 25.2759 0.4
      vertex 29.2683 25.4925 0.4
      vertex 29.0879 25.2145 0.4
    endloop
  endfacet
  facet normal -0 0 -1
    outer loop
      vertex 29.2683 25.4925 0.4
      vertex 29.0109 25.2759 0.4
      vertex 29.1928 25.5553 0.4
    endloop
  endfacet
  facet normal 0 0 -1
    outer loop
      vertex 28.9321 25.3386 0.4
      vertex 29.1928 25.5553 0.4
      vertex 29.0109 25.2759 0.4
    endloop
  endfacet
  facet normal -0 0 -1
    outer loop
      vertex 29.1928 25.5553 0.4
      vertex 28.9321 25.3386 0.4
      vertex 29.1269 25.6136 0.4
    endloop
  endfacet
  facet normal 0 0 -1
    outer loop
      vertex 28.8919 25.3705 0.4
      vertex 29.1269 25.6136 0.4
      vertex 28.9321 25.3386 0.4
    endloop
  endfacet
  facet normal -0 0 -1
    outer loop
      vertex 29.1269 25.6136 0.4
      vertex 28.8919 25.3705 0.4
      vertex 29.0706 25.6673 0.4
    endloop
  endfacet
  facet normal 0 0 -1
    outer loop
      vertex 28.8522 25.4029 0.4
      vertex 29.0706 25.6673 0.4
      vertex 28.8919 25.3705 0.4
    endloop
  endfacet
  facet normal 0 0 -1
    outer loop
      vertex 28.814 25.4363 0.4
      vertex 29.0706 25.6673 0.4
      vertex 28.8522 25.4029 0.4
    endloop
  endfacet
  facet normal -0 0 -1
    outer loop
      vertex 29.0706 25.6673 0.4
      vertex 28.814 25.4363 0.4
      vertex 29.0239 25.7165 0.4
    endloop
  endfacet
  facet normal 0 0 -1
    outer loop
      vertex 28.7772 25.4706 0.4
      vertex 29.0239 25.7165 0.4
      vertex 28.814 25.4363 0.4
    endloop
  endfacet
  facet normal 0 0 -1
    outer loop
      vertex 28.7419 25.5059 0.4
      vertex 29.0239 25.7165 0.4
      vertex 28.7772 25.4706 0.4
    endloop
  endfacet
  facet normal -0 0 -1
    outer loop
      vertex 29.0239 25.7165 0.4
      vertex 28.7419 25.5059 0.4
      vertex 28.9868 25.7611 0.4
    endloop
  endfacet
  facet normal 0 0 -1
    outer loop
      vertex 28.7081 25.542 0.4
      vertex 28.9868 25.7611 0.4
      vertex 28.7419 25.5059 0.4
    endloop
  endfacet
  facet normal 0 0 -1
    outer loop
      vertex 29.4269 25.955 0.4
      vertex 29.7924 26.078 0.4
      vertex 29.8108 25.9767 0.4
    endloop
  endfacet
  facet normal -0 0 -1
    outer loop
      vertex 29.7924 26.078 0.4
      vertex 29.4175 26.005 0.4
      vertex 29.7633 26.1692 0.4
    endloop
  endfacet
  facet normal 0 0 -1
    outer loop
      vertex 29.4045 26.0497 0.4
      vertex 29.7633 26.1692 0.4
      vertex 29.4175 26.005 0.4
    endloop
  endfacet
  facet normal 0 0 -1
    outer loop
      vertex 29.3878 26.0892 0.4
      vertex 29.7236 26.2503 0.4
      vertex 29.4045 26.0497 0.4
    endloop
  endfacet
  facet normal -0 0 -1
    outer loop
      vertex 29.7236 26.2503 0.4
      vertex 29.3878 26.0892 0.4
      vertex 29.6732 26.3213 0.4
    endloop
  endfacet
  facet normal -0 0 -1
    outer loop
      vertex 29.6732 26.3213 0.4
      vertex 29.3675 26.1234 0.4
      vertex 29.6121 26.3822 0.4
    endloop
  endfacet
  facet normal 0 0 -1
    outer loop
      vertex 29.7924 26.078 0.4
      vertex 29.4269 25.955 0.4
      vertex 29.4175 26.005 0.4
    endloop
  endfacet
  facet normal -0 0 -1
    outer loop
      vertex 29.7633 26.1692 0.4
      vertex 29.4045 26.0497 0.4
      vertex 29.7236 26.2503 0.4
    endloop
  endfacet
  facet normal 0 0 -1
    outer loop
      vertex 29.3675 26.1234 0.4
      vertex 29.6732 26.3213 0.4
      vertex 29.3878 26.0892 0.4
    endloop
  endfacet
  facet normal 0 0 -1
    outer loop
      vertex 29.3435 26.1523 0.4
      vertex 29.6121 26.3822 0.4
      vertex 29.3675 26.1234 0.4
    endloop
  endfacet
  facet normal -0 0 -1
    outer loop
      vertex 29.6121 26.3822 0.4
      vertex 29.3435 26.1523 0.4
      vertex 29.5408 26.4325 0.4
    endloop
  endfacet
  facet normal 0 0 -1
    outer loop
      vertex 29.3154 26.176 0.4
      vertex 29.5408 26.4325 0.4
      vertex 29.3435 26.1523 0.4
    endloop
  endfacet
  facet normal -0 0 -1
    outer loop
      vertex 29.5408 26.4325 0.4
      vertex 29.3154 26.176 0.4
      vertex 29.4599 26.4716 0.4
    endloop
  endfacet
  facet normal 0 0 -1
    outer loop
      vertex 29.2828 26.1944 0.4
      vertex 29.4599 26.4716 0.4
      vertex 29.3154 26.176 0.4
    endloop
  endfacet
  facet normal -0 0 -1
    outer loop
      vertex 29.4599 26.4716 0.4
      vertex 29.2828 26.1944 0.4
      vertex 29.3695 26.4996 0.4
    endloop
  endfacet
  facet normal 0 0 -1
    outer loop
      vertex 29.2455 26.2076 0.4
      vertex 29.3695 26.4996 0.4
      vertex 29.2828 26.1944 0.4
    endloop
  endfacet
  facet normal -0 0 -1
    outer loop
      vertex 29.3695 26.4996 0.4
      vertex 29.2455 26.2076 0.4
      vertex 29.2694 26.5163 0.4
    endloop
  endfacet
  facet normal 0 0 -1
    outer loop
      vertex 29.2036 26.2155 0.4
      vertex 29.2694 26.5163 0.4
      vertex 29.2455 26.2076 0.4
    endloop
  endfacet
  facet normal 0 0 -1
    outer loop
      vertex 29.2036 26.2155 0.4
      vertex 29.1597 26.5219 0.4
      vertex 29.2694 26.5163 0.4
    endloop
  endfacet
  facet normal 0 0 -1
    outer loop
      vertex 29.157 26.2181 0.4
      vertex 29.1597 26.5219 0.4
      vertex 29.2036 26.2155 0.4
    endloop
  endfacet
  facet normal 0 0 -1
    outer loop
      vertex 29.0418 26.5163 0.4
      vertex 29.157 26.2181 0.4
      vertex 29.0667 26.2082 0.4
    endloop
  endfacet
  facet normal 0 0 -1
    outer loop
      vertex 29.157 26.2181 0.4
      vertex 29.0418 26.5163 0.4
      vertex 29.1597 26.5219 0.4
    endloop
  endfacet
  facet normal 0 0 -1
    outer loop
      vertex 28.9354 26.4994 0.4
      vertex 29.0667 26.2082 0.4
      vertex 28.9965 26.1782 0.4
    endloop
  endfacet
  facet normal 0 0 -1
    outer loop
      vertex 28.757 26.4316 0.4
      vertex 28.9965 26.1782 0.4
      vertex 28.9463 26.1283 0.4
    endloop
  endfacet
  facet normal 0 0 -1
    outer loop
      vertex 29.0667 26.2082 0.4
      vertex 28.9354 26.4994 0.4
      vertex 29.0418 26.5163 0.4
    endloop
  endfacet
  facet normal 0 0 -1
    outer loop
      vertex 28.5792 26.2498 0.4
      vertex 28.9463 26.1283 0.4
      vertex 28.9162 26.0584 0.4
    endloop
  endfacet
  facet normal 0 0 -1
    outer loop
      vertex 28.5262 26.0823 0.4
      vertex 28.9162 26.0584 0.4
      vertex 28.9061 25.9686 0.4
    endloop
  endfacet
  facet normal 0 0 -1
    outer loop
      vertex 28.6762 25.5793 0.4
      vertex 28.9868 25.7611 0.4
      vertex 28.7081 25.542 0.4
    endloop
  endfacet
  facet normal -0 0 -1
    outer loop
      vertex 28.9868 25.7611 0.4
      vertex 28.6762 25.5793 0.4
      vertex 28.9578 25.8032 0.4
    endloop
  endfacet
  facet normal 0 0 -1
    outer loop
      vertex 28.6467 25.618 0.4
      vertex 28.9578 25.8032 0.4
      vertex 28.6762 25.5793 0.4
    endloop
  endfacet
  facet normal -0 0 -1
    outer loop
      vertex 28.9578 25.8032 0.4
      vertex 28.6467 25.618 0.4
      vertex 28.9352 25.8451 0.4
    endloop
  endfacet
  facet normal 0 0 -1
    outer loop
      vertex 28.6196 25.658 0.4
      vertex 28.9352 25.8451 0.4
      vertex 28.6467 25.618 0.4
    endloop
  endfacet
  facet normal 0 0 -1
    outer loop
      vertex 28.5948 25.6994 0.4
      vertex 28.9352 25.8451 0.4
      vertex 28.6196 25.658 0.4
    endloop
  endfacet
  facet normal -0 0 -1
    outer loop
      vertex 28.9352 25.8451 0.4
      vertex 28.5948 25.6994 0.4
      vertex 28.919 25.8865 0.4
    endloop
  endfacet
  facet normal 0 0 -1
    outer loop
      vertex 28.5725 25.7421 0.4
      vertex 28.919 25.8865 0.4
      vertex 28.5948 25.6994 0.4
    endloop
  endfacet
  facet normal 0 0 -1
    outer loop
      vertex 28.5534 25.7865 0.4
      vertex 28.919 25.8865 0.4
      vertex 28.5725 25.7421 0.4
    endloop
  endfacet
  facet normal -0 0 -1
    outer loop
      vertex 28.919 25.8865 0.4
      vertex 28.5534 25.7865 0.4
      vertex 28.9094 25.9277 0.4
    endloop
  endfacet
  facet normal 0 -0 -1
    outer loop
      vertex 28.5262 26.0823 0.4
      vertex 28.9061 25.9686 0.4
      vertex 28.5196 25.9849 0.4
    endloop
  endfacet
  facet normal 0 0 -1
    outer loop
      vertex 28.9965 26.1782 0.4
      vertex 28.8404 26.4712 0.4
      vertex 28.9354 26.4994 0.4
    endloop
  endfacet
  facet normal 0 0 -1
    outer loop
      vertex 28.9162 26.0584 0.4
      vertex 28.5262 26.0823 0.4
      vertex 28.5461 26.1706 0.4
    endloop
  endfacet
  facet normal 0 0 -1
    outer loop
      vertex 28.9965 26.1782 0.4
      vertex 28.757 26.4316 0.4
      vertex 28.8404 26.4712 0.4
    endloop
  endfacet
  facet normal 0 0 -1
    outer loop
      vertex 28.9463 26.1283 0.4
      vertex 28.685 26.3809 0.4
      vertex 28.757 26.4316 0.4
    endloop
  endfacet
  facet normal 0 0 -1
    outer loop
      vertex 28.5386 25.833 0.4
      vertex 28.9094 25.9277 0.4
      vertex 28.5534 25.7865 0.4
    endloop
  endfacet
  facet normal 0 0 -1
    outer loop
      vertex 28.5281 25.8816 0.4
      vertex 28.9094 25.9277 0.4
      vertex 28.5386 25.833 0.4
    endloop
  endfacet
  facet normal 0 0 -1
    outer loop
      vertex 28.9162 26.0584 0.4
      vertex 28.5461 26.1706 0.4
      vertex 28.5792 26.2498 0.4
    endloop
  endfacet
  facet normal 0 0 -1
    outer loop
      vertex 28.5217 25.9322 0.4
      vertex 28.9094 25.9277 0.4
      vertex 28.5281 25.8816 0.4
    endloop
  endfacet
  facet normal 0 0 -1
    outer loop
      vertex 28.9094 25.9277 0.4
      vertex 28.5217 25.9322 0.4
      vertex 28.9061 25.9686 0.4
    endloop
  endfacet
  facet normal 0 0 -1
    outer loop
      vertex 28.9463 26.1283 0.4
      vertex 28.5792 26.2498 0.4
      vertex 28.6255 26.3199 0.4
    endloop
  endfacet
  facet normal -0 0 -1
    outer loop
      vertex 28.9061 25.9686 0.4
      vertex 28.5217 25.9322 0.4
      vertex 28.5196 25.9849 0.4
    endloop
  endfacet
  facet normal 0 0 -1
    outer loop
      vertex 28.9463 26.1283 0.4
      vertex 28.6255 26.3199 0.4
      vertex 28.685 26.3809 0.4
    endloop
  endfacet
  facet normal 0 0 -1
    outer loop
      vertex 31.8828 24.5825 0.4
      vertex 32.2938 25.6851 0.4
      vertex 32.5691 25.46 0.4
    endloop
  endfacet
  facet normal 0 0 -1
    outer loop
      vertex 32.2938 25.6851 0.4
      vertex 31.8828 24.5825 0.4
      vertex 31.4108 24.5825 0.4
    endloop
  endfacet
  facet normal 0 0 -1
    outer loop
      vertex 32.5691 25.46 0.4
      vertex 32.8051 25.6268 0.4
      vertex 32.8051 25.2796 0.4
    endloop
  endfacet
  facet normal 0 0 -1
    outer loop
      vertex 32.2938 25.6851 0.4
      vertex 32.8051 25.6268 0.4
      vertex 32.5691 25.46 0.4
    endloop
  endfacet
  facet normal 0 0 -1
    outer loop
      vertex 32.2938 25.6851 0.4
      vertex 31.9439 26.4934 0.4
      vertex 32.8051 25.6268 0.4
    endloop
  endfacet
  facet normal -0 -0 -1
    outer loop
      vertex 31.9439 26.4934 0.4
      vertex 32.2938 25.6851 0.4
      vertex 31.4773 26.4934 0.4
    endloop
  endfacet
  facet normal 0 0 -1
    outer loop
      vertex 32.8051 25.2796 0.4
      vertex 33.2052 24.5825 0.4
      vertex 32.8051 24.5825 0.4
    endloop
  endfacet
  facet normal 0 0 -1
    outer loop
      vertex 32.8051 25.6268 0.4
      vertex 33.2052 24.5825 0.4
      vertex 32.8051 25.2796 0.4
    endloop
  endfacet
  facet normal 0 0 -1
    outer loop
      vertex 33.2052 24.5825 0.4
      vertex 32.8051 25.6268 0.4
      vertex 33.2052 26.4934 0.4
    endloop
  endfacet
  facet normal -0 0 -1
    outer loop
      vertex 33.2052 26.4934 0.4
      vertex 32.8051 25.6268 0.4
      vertex 32.8051 26.4934 0.4
    endloop
  endfacet
  facet normal 0 0 -1
    outer loop
      vertex 22.1149 25.3027 0.4
      vertex 22.496 25.7055 0.4
      vertex 22.496 24.5825 0.4
    endloop
  endfacet
  facet normal 0 -0 -1
    outer loop
      vertex 22.1397 26.0145 0.4
      vertex 22.496 25.7055 0.4
      vertex 22.1375 25.9848 0.4
    endloop
  endfacet
  facet normal 0 0 -1
    outer loop
      vertex 22.496 25.7055 0.4
      vertex 22.1417 26.0362 0.4
      vertex 22.1434 26.0499 0.4
    endloop
  endfacet
  facet normal 0 -0 -1
    outer loop
      vertex 22.1417 26.0362 0.4
      vertex 22.496 25.7055 0.4
      vertex 22.1397 26.0145 0.4
    endloop
  endfacet
  facet normal 0 0 -1
    outer loop
      vertex 22.496 25.7055 0.4
      vertex 22.1352 25.9471 0.4
      vertex 22.1375 25.9848 0.4
    endloop
  endfacet
  facet normal 0 0 -1
    outer loop
      vertex 22.496 25.7055 0.4
      vertex 22.1325 25.9014 0.4
      vertex 22.1352 25.9471 0.4
    endloop
  endfacet
  facet normal 0 0 -1
    outer loop
      vertex 22.496 25.7055 0.4
      vertex 22.1301 25.8552 0.4
      vertex 22.1325 25.9014 0.4
    endloop
  endfacet
  facet normal 0 0 -1
    outer loop
      vertex 22.496 25.7055 0.4
      vertex 22.1282 25.8155 0.4
      vertex 22.1301 25.8552 0.4
    endloop
  endfacet
  facet normal 0 0 -1
    outer loop
      vertex 22.496 25.7055 0.4
      vertex 22.1269 25.7826 0.4
      vertex 22.1282 25.8155 0.4
    endloop
  endfacet
  facet normal 0 0 -1
    outer loop
      vertex 22.496 25.7055 0.4
      vertex 22.126 25.7563 0.4
      vertex 22.1269 25.7826 0.4
    endloop
  endfacet
  facet normal 0 0 -1
    outer loop
      vertex 22.496 25.7055 0.4
      vertex 22.1258 25.7367 0.4
      vertex 22.126 25.7563 0.4
    endloop
  endfacet
  facet normal 0 0 -1
    outer loop
      vertex 22.1022 25.4661 0.4
      vertex 22.496 25.7055 0.4
      vertex 22.1117 25.3888 0.4
    endloop
  endfacet
  facet normal 0 0 -1
    outer loop
      vertex 22.1149 25.3027 0.4
      vertex 22.496 24.5825 0.4
      vertex 22.1149 24.5825 0.4
    endloop
  endfacet
  facet normal 0 0 -1
    outer loop
      vertex 22.496 25.7055 0.4
      vertex 22.1149 25.3027 0.4
      vertex 22.1117 25.3888 0.4
    endloop
  endfacet
  facet normal 0 0 -1
    outer loop
      vertex 22.0863 25.5344 0.4
      vertex 22.496 25.7055 0.4
      vertex 22.1022 25.4661 0.4
    endloop
  endfacet
  facet normal -0 0 -1
    outer loop
      vertex 22.496 25.7055 0.4
      vertex 22.0863 25.5344 0.4
      vertex 22.1258 25.7367 0.4
    endloop
  endfacet
  facet normal 0 0 -1
    outer loop
      vertex 22.0641 25.5939 0.4
      vertex 22.1258 25.7367 0.4
      vertex 22.0863 25.5344 0.4
    endloop
  endfacet
  facet normal -0 0 -1
    outer loop
      vertex 22.1258 25.7367 0.4
      vertex 22.0641 25.5939 0.4
      vertex 22.1204 25.7367 0.4
    endloop
  endfacet
  facet normal 0 0 -1
    outer loop
      vertex 22.0356 25.6444 0.4
      vertex 22.1204 25.7367 0.4
      vertex 22.0641 25.5939 0.4
    endloop
  endfacet
  facet normal 0 0 -1
    outer loop
      vertex 22.0013 25.6859 0.4
      vertex 22.1204 25.7367 0.4
      vertex 22.0356 25.6444 0.4
    endloop
  endfacet
  facet normal -0 0 -1
    outer loop
      vertex 22.1204 25.7367 0.4
      vertex 22.0013 25.6859 0.4
      vertex 22.0986 25.7948 0.4
    endloop
  endfacet
  facet normal 0 0 -1
    outer loop
      vertex 21.962 25.7182 0.4
      vertex 22.0986 25.7948 0.4
      vertex 22.0013 25.6859 0.4
    endloop
  endfacet
  facet normal -0 0 -1
    outer loop
      vertex 22.0986 25.7948 0.4
      vertex 21.962 25.7182 0.4
      vertex 22.0778 25.8457 0.4
    endloop
  endfacet
  facet normal 0 0 -1
    outer loop
      vertex 21.9177 25.7413 0.4
      vertex 22.0778 25.8457 0.4
      vertex 21.962 25.7182 0.4
    endloop
  endfacet
  facet normal -0 0 -1
    outer loop
      vertex 22.0778 25.8457 0.4
      vertex 21.9177 25.7413 0.4
      vertex 22.058 25.8892 0.4
    endloop
  endfacet
  facet normal -0 0 -1
    outer loop
      vertex 22.058 25.8892 0.4
      vertex 21.9177 25.7413 0.4
      vertex 22.0392 25.9255 0.4
    endloop
  endfacet
  facet normal 0 0 -1
    outer loop
      vertex 21.8683 25.7551 0.4
      vertex 22.0392 25.9255 0.4
      vertex 21.9177 25.7413 0.4
    endloop
  endfacet
  facet normal -0 0 -1
    outer loop
      vertex 22.0392 25.9255 0.4
      vertex 21.8683 25.7551 0.4
      vertex 22.0213 25.9543 0.4
    endloop
  endfacet
  facet normal -0 0 -1
    outer loop
      vertex 22.0213 25.9543 0.4
      vertex 21.8683 25.7551 0.4
      vertex 22.0033 25.9783 0.4
    endloop
  endfacet
  facet normal -0 0 -1
    outer loop
      vertex 22.0033 25.9783 0.4
      vertex 21.8683 25.7551 0.4
      vertex 21.984 25.9996 0.4
    endloop
  endfacet
  facet normal -0 0 -1
    outer loop
      vertex 21.984 25.9996 0.4
      vertex 21.8683 25.7551 0.4
      vertex 21.9634 26.0183 0.4
    endloop
  endfacet
  facet normal -0 0 -1
    outer loop
      vertex 21.9634 26.0183 0.4
      vertex 21.8683 25.7551 0.4
      vertex 21.9415 26.0344 0.4
    endloop
  endfacet
  facet normal -0 0 -1
    outer loop
      vertex 21.9415 26.0344 0.4
      vertex 21.8683 25.7551 0.4
      vertex 21.9183 26.0479 0.4
    endloop
  endfacet
  facet normal 0 0 -1
    outer loop
      vertex 21.8138 25.7597 0.4
      vertex 21.9183 26.0479 0.4
      vertex 21.8683 25.7551 0.4
    endloop
  endfacet
  facet normal -0 0 -1
    outer loop
      vertex 21.9183 26.0479 0.4
      vertex 21.8138 25.7597 0.4
      vertex 21.8932 26.0589 0.4
    endloop
  endfacet
  facet normal -0 0 -1
    outer loop
      vertex 21.8932 26.0589 0.4
      vertex 21.8138 25.7597 0.4
      vertex 21.8657 26.0674 0.4
    endloop
  endfacet
  facet normal -0 0 -1
    outer loop
      vertex 21.8657 26.0674 0.4
      vertex 21.8138 25.7597 0.4
      vertex 21.8359 26.0736 0.4
    endloop
  endfacet
  facet normal 0 0 -1
    outer loop
      vertex 21.8138 25.7597 0.4
      vertex 21.8037 26.0772 0.4
      vertex 21.8359 26.0736 0.4
    endloop
  endfacet
  facet normal 0 0 -1
    outer loop
      vertex 21.7847 25.7589 0.4
      vertex 21.8037 26.0772 0.4
      vertex 21.8138 25.7597 0.4
    endloop
  endfacet
  facet normal 0 0 -1
    outer loop
      vertex 21.7847 25.7589 0.4
      vertex 21.7691 26.0784 0.4
      vertex 21.8037 26.0772 0.4
    endloop
  endfacet
  facet normal 0 0 -1
    outer loop
      vertex 21.7409 26.0776 0.4
      vertex 21.7847 25.7589 0.4
      vertex 21.7539 25.7565 0.4
    endloop
  endfacet
  facet normal 0 0 -1
    outer loop
      vertex 21.7847 25.7589 0.4
      vertex 21.7409 26.0776 0.4
      vertex 21.7691 26.0784 0.4
    endloop
  endfacet
  facet normal 0 0 -1
    outer loop
      vertex 21.6701 26.0654 0.4
      vertex 21.7539 25.7565 0.4
      vertex 21.7214 25.7524 0.4
    endloop
  endfacet
  facet normal 0 0 -1
    outer loop
      vertex 21.7539 25.7565 0.4
      vertex 21.715 26.0752 0.4
      vertex 21.7409 26.0776 0.4
    endloop
  endfacet
  facet normal 0 0 -1
    outer loop
      vertex 21.7539 25.7565 0.4
      vertex 21.6914 26.0711 0.4
      vertex 21.715 26.0752 0.4
    endloop
  endfacet
  facet normal 0 0 -1
    outer loop
      vertex 21.6511 26.0581 0.4
      vertex 21.7214 25.7524 0.4
      vertex 21.6871 25.7467 0.4
    endloop
  endfacet
  facet normal 0 0 -1
    outer loop
      vertex 21.7539 25.7565 0.4
      vertex 21.6701 26.0654 0.4
      vertex 21.6914 26.0711 0.4
    endloop
  endfacet
  facet normal 0 0 -1
    outer loop
      vertex 21.6511 26.0581 0.4
      vertex 21.6871 25.7467 0.4
      vertex 21.6511 25.7394 0.4
    endloop
  endfacet
  facet normal 0 0 -1
    outer loop
      vertex 21.7214 25.7524 0.4
      vertex 21.6511 26.0581 0.4
      vertex 21.6701 26.0654 0.4
    endloop
  endfacet
  facet normal 0 0 -1
    outer loop
      vertex 22.5053 26.0243 0.4
      vertex 22.1434 26.0499 0.4
      vertex 22.5069 26.0499 0.4
    endloop
  endfacet
  facet normal 0 0 -1
    outer loop
      vertex 22.5037 25.9971 0.4
      vertex 22.1434 26.0499 0.4
      vertex 22.5053 26.0243 0.4
    endloop
  endfacet
  facet normal 0 0 -1
    outer loop
      vertex 22.5022 25.9685 0.4
      vertex 22.1434 26.0499 0.4
      vertex 22.5037 25.9971 0.4
    endloop
  endfacet
  facet normal 0 0 -1
    outer loop
      vertex 22.5008 25.9384 0.4
      vertex 22.1434 26.0499 0.4
      vertex 22.5022 25.9685 0.4
    endloop
  endfacet
  facet normal 0 0 -1
    outer loop
      vertex 22.4994 25.9069 0.4
      vertex 22.1434 26.0499 0.4
      vertex 22.5008 25.9384 0.4
    endloop
  endfacet
  facet normal 0 0 -1
    outer loop
      vertex 22.4982 25.873 0.4
      vertex 22.1434 26.0499 0.4
      vertex 22.4994 25.9069 0.4
    endloop
  endfacet
  facet normal 0 0 -1
    outer loop
      vertex 22.4973 25.8359 0.4
      vertex 22.1434 26.0499 0.4
      vertex 22.4982 25.873 0.4
    endloop
  endfacet
  facet normal 0 0 -1
    outer loop
      vertex 22.4966 25.7956 0.4
      vertex 22.1434 26.0499 0.4
      vertex 22.4973 25.8359 0.4
    endloop
  endfacet
  facet normal 0 0 -1
    outer loop
      vertex 22.4962 25.7522 0.4
      vertex 22.1434 26.0499 0.4
      vertex 22.4966 25.7956 0.4
    endloop
  endfacet
  facet normal 0 0 -1
    outer loop
      vertex 22.1434 26.0499 0.4
      vertex 22.4962 25.7522 0.4
      vertex 22.496 25.7055 0.4
    endloop
  endfacet
  facet normal 0 0 -1
    outer loop
      vertex 25.492 25.2241 0.4
      vertex 25.8955 25.3176 0.4
      vertex 25.8877 25.1815 0.4
    endloop
  endfacet
  facet normal 0 0 -1
    outer loop
      vertex 25.4818 25.14 0.4
      vertex 25.8877 25.1815 0.4
      vertex 25.8642 25.0576 0.4
    endloop
  endfacet
  facet normal 0 0 -1
    outer loop
      vertex 25.8955 25.3176 0.4
      vertex 25.4954 25.3176 0.4
      vertex 25.8877 25.4531 0.4
    endloop
  endfacet
  facet normal 0 0 -1
    outer loop
      vertex 25.4818 25.14 0.4
      vertex 25.8642 25.0576 0.4
      vertex 25.8252 24.9459 0.4
    endloop
  endfacet
  facet normal 0 0 -1
    outer loop
      vertex 25.4815 25.4968 0.4
      vertex 25.8877 25.4531 0.4
      vertex 25.4954 25.3176 0.4
    endloop
  endfacet
  facet normal 0 0 -1
    outer loop
      vertex 25.4649 25.0653 0.4
      vertex 25.8252 24.9459 0.4
      vertex 25.7705 24.8463 0.4
    endloop
  endfacet
  facet normal 0 0 -1
    outer loop
      vertex 25.8877 25.4531 0.4
      vertex 25.4815 25.4968 0.4
      vertex 25.8642 25.5766 0.4
    endloop
  endfacet
  facet normal 0 0 -1
    outer loop
      vertex 25.4411 24.9999 0.4
      vertex 25.7705 24.8463 0.4
      vertex 25.7002 24.7588 0.4
    endloop
  endfacet
  facet normal -0 0 -1
    outer loop
      vertex 25.8642 25.5766 0.4
      vertex 25.4815 25.4968 0.4
      vertex 25.8252 25.6879 0.4
    endloop
  endfacet
  facet normal 0 0 -1
    outer loop
      vertex 25.4106 24.9439 0.4
      vertex 25.7002 24.7588 0.4
      vertex 25.6161 24.6856 0.4
    endloop
  endfacet
  facet normal -0 0 -1
    outer loop
      vertex 25.8955 25.3176 0.4
      vertex 25.492 25.2241 0.4
      vertex 25.4954 25.3176 0.4
    endloop
  endfacet
  facet normal 0 0 -1
    outer loop
      vertex 25.3737 24.8978 0.4
      vertex 25.6161 24.6856 0.4
      vertex 25.5203 24.6286 0.4
    endloop
  endfacet
  facet normal 0 0 -1
    outer loop
      vertex 25.4398 25.6361 0.4
      vertex 25.8252 25.6879 0.4
      vertex 25.4815 25.4968 0.4
    endloop
  endfacet
  facet normal -0 0 -1
    outer loop
      vertex 25.7705 25.7872 0.4
      vertex 25.4398 25.6361 0.4
      vertex 25.7002 25.8743 0.4
    endloop
  endfacet
  facet normal -0 0 -1
    outer loop
      vertex 25.8252 25.6879 0.4
      vertex 25.4398 25.6361 0.4
      vertex 25.7705 25.7872 0.4
    endloop
  endfacet
  facet normal -0 0 -1
    outer loop
      vertex 25.8877 25.1815 0.4
      vertex 25.4818 25.14 0.4
      vertex 25.492 25.2241 0.4
    endloop
  endfacet
  facet normal 0 0 -1
    outer loop
      vertex 25.8252 24.9459 0.4
      vertex 25.4649 25.0653 0.4
      vertex 25.4818 25.14 0.4
    endloop
  endfacet
  facet normal 0 0 -1
    outer loop
      vertex 25.7705 24.8463 0.4
      vertex 25.4411 24.9999 0.4
      vertex 25.4649 25.0653 0.4
    endloop
  endfacet
  facet normal 0 0 -1
    outer loop
      vertex 25.3308 24.8619 0.4
      vertex 25.5203 24.6286 0.4
      vertex 25.4126 24.5879 0.4
    endloop
  endfacet
  facet normal 0 0 -1
    outer loop
      vertex 25.7002 24.7588 0.4
      vertex 25.4106 24.9439 0.4
      vertex 25.4411 24.9999 0.4
    endloop
  endfacet
  facet normal 0 0 -1
    outer loop
      vertex 25.6161 24.6856 0.4
      vertex 25.3737 24.8978 0.4
      vertex 25.4106 24.9439 0.4
    endloop
  endfacet
  facet normal 0 0 -1
    outer loop
      vertex 25.5203 24.6286 0.4
      vertex 25.3308 24.8619 0.4
      vertex 25.3737 24.8978 0.4
    endloop
  endfacet
  facet normal 0 0 -1
    outer loop
      vertex 25.2818 24.8363 0.4
      vertex 25.4126 24.5879 0.4
      vertex 25.2931 24.5635 0.4
    endloop
  endfacet
  facet normal 0 0 -1
    outer loop
      vertex 25.4126 24.5879 0.4
      vertex 25.2818 24.8363 0.4
      vertex 25.3308 24.8619 0.4
    endloop
  endfacet
  facet normal 0 0 -1
    outer loop
      vertex 25.2931 24.5635 0.4
      vertex 25.2268 24.8209 0.4
      vertex 25.2818 24.8363 0.4
    endloop
  endfacet
  facet normal 0 0 -1
    outer loop
      vertex 25.1617 24.5554 0.4
      vertex 25.2268 24.8209 0.4
      vertex 25.2931 24.5635 0.4
    endloop
  endfacet
  facet normal 0 0 -1
    outer loop
      vertex 25.2268 24.8209 0.4
      vertex 25.1617 24.5554 0.4
      vertex 25.1658 24.8158 0.4
    endloop
  endfacet
  facet normal 0 0 -1
    outer loop
      vertex 25.0279 24.5635 0.4
      vertex 25.1658 24.8158 0.4
      vertex 25.1617 24.5554 0.4
    endloop
  endfacet
  facet normal -0 0 -1
    outer loop
      vertex 25.1658 24.8158 0.4
      vertex 25.0279 24.5635 0.4
      vertex 25.0394 24.8359 0.4
    endloop
  endfacet
  facet normal 0 0 -1
    outer loop
      vertex 24.9061 24.5878 0.4
      vertex 25.0394 24.8359 0.4
      vertex 25.0279 24.5635 0.4
    endloop
  endfacet
  facet normal -0 0 -1
    outer loop
      vertex 25.0394 24.8359 0.4
      vertex 24.9061 24.5878 0.4
      vertex 24.941 24.8961 0.4
    endloop
  endfacet
  facet normal 0 0 -1
    outer loop
      vertex 24.7966 24.6284 0.4
      vertex 24.941 24.8961 0.4
      vertex 24.9061 24.5878 0.4
    endloop
  endfacet
  facet normal 0 0 -1
    outer loop
      vertex 24.6991 24.6852 0.4
      vertex 24.941 24.8961 0.4
      vertex 24.7966 24.6284 0.4
    endloop
  endfacet
  facet normal 0 0 -1
    outer loop
      vertex 24.6139 24.7582 0.4
      vertex 24.8708 24.9964 0.4
      vertex 24.6991 24.6852 0.4
    endloop
  endfacet
  facet normal -0 0 -1
    outer loop
      vertex 24.941 24.8961 0.4
      vertex 24.6991 24.6852 0.4
      vertex 24.8708 24.9964 0.4
    endloop
  endfacet
  facet normal -0 0 -1
    outer loop
      vertex 25.7002 25.8743 0.4
      vertex 25.4398 25.6361 0.4
      vertex 25.6158 25.9473 0.4
    endloop
  endfacet
  facet normal 0 0 -1
    outer loop
      vertex 25.3704 25.7357 0.4
      vertex 25.6158 25.9473 0.4
      vertex 25.4398 25.6361 0.4
    endloop
  endfacet
  facet normal -0 0 -1
    outer loop
      vertex 25.6158 25.9473 0.4
      vertex 25.3704 25.7357 0.4
      vertex 25.519 26.0041 0.4
    endloop
  endfacet
  facet normal -0 0 -1
    outer loop
      vertex 25.519 26.0041 0.4
      vertex 25.3704 25.7357 0.4
      vertex 25.4097 26.0446 0.4
    endloop
  endfacet
  facet normal 0 0 -1
    outer loop
      vertex 25.2732 25.7954 0.4
      vertex 25.4097 26.0446 0.4
      vertex 25.3704 25.7357 0.4
    endloop
  endfacet
  facet normal -0 0 -1
    outer loop
      vertex 25.4097 26.0446 0.4
      vertex 25.2732 25.7954 0.4
      vertex 25.2879 26.069 0.4
    endloop
  endfacet
  facet normal 0 0 -1
    outer loop
      vertex 25.1482 25.8153 0.4
      vertex 25.2879 26.069 0.4
      vertex 25.2732 25.7954 0.4
    endloop
  endfacet
  facet normal -0 0 -1
    outer loop
      vertex 25.2879 26.069 0.4
      vertex 25.1482 25.8153 0.4
      vertex 25.1536 26.0771 0.4
    endloop
  endfacet
  facet normal 0 0 -1
    outer loop
      vertex 25.0862 25.8106 0.4
      vertex 25.1536 26.0771 0.4
      vertex 25.1482 25.8153 0.4
    endloop
  endfacet
  facet normal 0 0 -1
    outer loop
      vertex 25.0167 26.0692 0.4
      vertex 25.0862 25.8106 0.4
      vertex 25.0304 25.7965 0.4
    endloop
  endfacet
  facet normal 0 0 -1
    outer loop
      vertex 25.0862 25.8106 0.4
      vertex 25.0167 26.0692 0.4
      vertex 25.1536 26.0771 0.4
    endloop
  endfacet
  facet normal 0 0 -1
    outer loop
      vertex 24.8933 26.0457 0.4
      vertex 25.0304 25.7965 0.4
      vertex 24.9807 25.7728 0.4
    endloop
  endfacet
  facet normal 0 0 -1
    outer loop
      vertex 24.7836 26.0065 0.4
      vertex 24.9807 25.7728 0.4
      vertex 24.9373 25.7398 0.4
    endloop
  endfacet
  facet normal 0 0 -1
    outer loop
      vertex 24.6875 25.9517 0.4
      vertex 24.9373 25.7398 0.4
      vertex 24.9 25.6973 0.4
    endloop
  endfacet
  facet normal 0 0 -1
    outer loop
      vertex 25.0304 25.7965 0.4
      vertex 24.8933 26.0457 0.4
      vertex 25.0167 26.0692 0.4
    endloop
  endfacet
  facet normal 0 0 -1
    outer loop
      vertex 24.605 25.8811 0.4
      vertex 24.9 25.6973 0.4
      vertex 24.8693 25.6444 0.4
    endloop
  endfacet
  facet normal 0 0 -1
    outer loop
      vertex 24.5369 25.7958 0.4
      vertex 24.8693 25.6444 0.4
      vertex 24.8453 25.5799 0.4
    endloop
  endfacet
  facet normal 0 0 -1
    outer loop
      vertex 24.4839 25.6969 0.4
      vertex 24.8453 25.5799 0.4
      vertex 24.8282 25.504 0.4
    endloop
  endfacet
  facet normal 0 0 -1
    outer loop
      vertex 24.9807 25.7728 0.4
      vertex 24.7836 26.0065 0.4
      vertex 24.8933 26.0457 0.4
    endloop
  endfacet
  facet normal 0 0 -1
    outer loop
      vertex 24.4234 25.4577 0.4
      vertex 24.8282 25.504 0.4
      vertex 24.818 25.4165 0.4
    endloop
  endfacet
  facet normal 0 0 -1
    outer loop
      vertex 24.4158 25.3176 0.4
      vertex 24.818 25.4165 0.4
      vertex 24.8146 25.3176 0.4
    endloop
  endfacet
  facet normal 0 0 -1
    outer loop
      vertex 24.5426 24.8454 0.4
      vertex 24.8708 24.9964 0.4
      vertex 24.6139 24.7582 0.4
    endloop
  endfacet
  facet normal 0 0 -1
    outer loop
      vertex 24.4871 24.945 0.4
      vertex 24.8708 24.9964 0.4
      vertex 24.5426 24.8454 0.4
    endloop
  endfacet
  facet normal -0 0 -1
    outer loop
      vertex 24.818 25.4165 0.4
      vertex 24.4158 25.3176 0.4
      vertex 24.4234 25.4577 0.4
    endloop
  endfacet
  facet normal -0 0 -1
    outer loop
      vertex 24.8708 24.9964 0.4
      vertex 24.4871 24.945 0.4
      vertex 24.8286 25.1369 0.4
    endloop
  endfacet
  facet normal -0 0 -1
    outer loop
      vertex 24.8282 25.504 0.4
      vertex 24.4234 25.4577 0.4
      vertex 24.4461 25.5842 0.4
    endloop
  endfacet
  facet normal 0 0 -1
    outer loop
      vertex 24.4475 25.0569 0.4
      vertex 24.8286 25.1369 0.4
      vertex 24.4871 24.945 0.4
    endloop
  endfacet
  facet normal 0 0 -1
    outer loop
      vertex 24.8282 25.504 0.4
      vertex 24.4461 25.5842 0.4
      vertex 24.4839 25.6969 0.4
    endloop
  endfacet
  facet normal 0 0 -1
    outer loop
      vertex 24.4238 25.1811 0.4
      vertex 24.8286 25.1369 0.4
      vertex 24.4475 25.0569 0.4
    endloop
  endfacet
  facet normal 0 0 -1
    outer loop
      vertex 24.8453 25.5799 0.4
      vertex 24.4839 25.6969 0.4
      vertex 24.5369 25.7958 0.4
    endloop
  endfacet
  facet normal 0 0 -1
    outer loop
      vertex 24.8286 25.1369 0.4
      vertex 24.4238 25.1811 0.4
      vertex 24.8146 25.3176 0.4
    endloop
  endfacet
  facet normal 0 0 -1
    outer loop
      vertex 24.9373 25.7398 0.4
      vertex 24.6875 25.9517 0.4
      vertex 24.7836 26.0065 0.4
    endloop
  endfacet
  facet normal -0 0 -1
    outer loop
      vertex 24.8146 25.3176 0.4
      vertex 24.4238 25.1811 0.4
      vertex 24.4158 25.3176 0.4
    endloop
  endfacet
  facet normal 0 0 -1
    outer loop
      vertex 24.9 25.6973 0.4
      vertex 24.605 25.8811 0.4
      vertex 24.6875 25.9517 0.4
    endloop
  endfacet
  facet normal 0 0 -1
    outer loop
      vertex 24.8693 25.6444 0.4
      vertex 24.5369 25.7958 0.4
      vertex 24.605 25.8811 0.4
    endloop
  endfacet
  facet normal 0 0 -1
    outer loop
      vertex 18.1925 24.5825 0.4
      vertex 18.0609 25.3406 0.4
      vertex 18.598 24.5825 0.4
    endloop
  endfacet
  facet normal 0 -0 -1
    outer loop
      vertex 18.0609 25.3406 0.4
      vertex 18.1925 24.5825 0.4
      vertex 17.848 25.1142 0.4
    endloop
  endfacet
  facet normal 0 0 -1
    outer loop
      vertex 18.0609 25.3406 0.4
      vertex 18.1613 26.0499 0.4
      vertex 18.5722 26.0499 0.4
    endloop
  endfacet
  facet normal 0 0 -1
    outer loop
      vertex 17.6337 25.3447 0.4
      vertex 18.0609 25.3406 0.4
      vertex 17.848 25.1142 0.4
    endloop
  endfacet
  facet normal 0 0 -1
    outer loop
      vertex 18.0609 25.3406 0.4
      vertex 17.848 25.5698 0.4
      vertex 18.1613 26.0499 0.4
    endloop
  endfacet
  facet normal 0 0 -1
    outer loop
      vertex 18.0609 25.3406 0.4
      vertex 17.6337 25.3447 0.4
      vertex 17.848 25.5698 0.4
    endloop
  endfacet
  facet normal 0 0 -1
    outer loop
      vertex 17.5062 24.5825 0.4
      vertex 17.6337 25.3447 0.4
      vertex 17.848 25.1142 0.4
    endloop
  endfacet
  facet normal 0 0 -1
    outer loop
      vertex 17.6337 25.3447 0.4
      vertex 17.5062 24.5825 0.4
      vertex 17.0926 24.5825 0.4
    endloop
  endfacet
  facet normal 0 0 -1
    outer loop
      vertex 17.6337 25.3447 0.4
      vertex 17.5361 26.0499 0.4
      vertex 17.848 25.5698 0.4
    endloop
  endfacet
  facet normal -0 -0 -1
    outer loop
      vertex 17.5361 26.0499 0.4
      vertex 17.6337 25.3447 0.4
      vertex 17.1224 26.0499 0.4
    endloop
  endfacet
  facet normal 0 -1 0
    outer loop
      vertex 26.1826 26.5952 0
      vertex 26.5637 26.5952 0.4
      vertex 26.1826 26.5952 0.4
    endloop
  endfacet
  facet normal 0 -1 -0
    outer loop
      vertex 26.5637 26.5952 0.4
      vertex 26.1826 26.5952 0
      vertex 26.5637 26.5952 0
    endloop
  endfacet
  facet normal 1 -0 0
    outer loop
      vertex 26.1826 24.5825 0.4
      vertex 26.1826 26.5952 0
      vertex 26.1826 26.5952 0.4
    endloop
  endfacet
  facet normal 1 0 0
    outer loop
      vertex 26.1826 26.5952 0
      vertex 26.1826 24.5825 0.4
      vertex 26.1826 24.5825 0
    endloop
  endfacet
  facet normal 0 1 -0
    outer loop
      vertex 26.5637 24.5825 0
      vertex 26.1826 24.5825 0.4
      vertex 26.5637 24.5825 0.4
    endloop
  endfacet
  facet normal 0 1 0
    outer loop
      vertex 26.1826 24.5825 0.4
      vertex 26.5637 24.5825 0
      vertex 26.1826 24.5825 0
    endloop
  endfacet
  facet normal -1 0 0
    outer loop
      vertex 26.5637 24.5825 0
      vertex 26.5637 26.5952 0.4
      vertex 26.5637 26.5952 0
    endloop
  endfacet
  facet normal -1 -0 0
    outer loop
      vertex 26.5637 26.5952 0.4
      vertex 26.5637 24.5825 0
      vertex 26.5637 24.5825 0.4
    endloop
  endfacet
  facet normal 0 1 -0
    outer loop
      vertex 27.6135 25.7923 0
      vertex 27.3992 25.7923 0.4
      vertex 27.6135 25.7923 0.4
    endloop
  endfacet
  facet normal 0 1 0
    outer loop
      vertex 27.3992 25.7923 0.4
      vertex 27.6135 25.7923 0
      vertex 27.3992 25.7923 0
    endloop
  endfacet
  facet normal -1 0 0
    outer loop
      vertex 27.6135 25.7923 0
      vertex 27.6135 26.0499 0.4
      vertex 27.6135 26.0499 0
    endloop
  endfacet
  facet normal -1 -0 0
    outer loop
      vertex 27.6135 26.0499 0.4
      vertex 27.6135 25.7923 0
      vertex 27.6135 25.7923 0.4
    endloop
  endfacet
  facet normal 0 -1 0
    outer loop
      vertex 27.3992 26.0499 0
      vertex 27.6135 26.0499 0.4
      vertex 27.3992 26.0499 0.4
    endloop
  endfacet
  facet normal 0 -1 -0
    outer loop
      vertex 27.6135 26.0499 0.4
      vertex 27.3992 26.0499 0
      vertex 27.6135 26.0499 0
    endloop
  endfacet
  facet normal -1 0 0
    outer loop
      vertex 27.3992 26.0499 0
      vertex 27.3992 26.2032 0.4
      vertex 27.3992 26.2032 0
    endloop
  endfacet
  facet normal -1 -0 0
    outer loop
      vertex 27.3992 26.2032 0.4
      vertex 27.3992 26.0499 0
      vertex 27.3992 26.0499 0.4
    endloop
  endfacet
  facet normal -0.99846 -0.05547 0
    outer loop
      vertex 27.3992 26.2032 0
      vertex 27.395 26.2788 0.4
      vertex 27.395 26.2788 0
    endloop
  endfacet
  facet normal -0.99846 -0.05547 0
    outer loop
      vertex 27.395 26.2788 0.4
      vertex 27.3992 26.2032 0
      vertex 27.3992 26.2032 0.4
    endloop
  endfacet
  facet normal -0.982707 -0.185169 0
    outer loop
      vertex 27.395 26.2788 0
      vertex 27.3823 26.3462 0.4
      vertex 27.3823 26.3462 0
    endloop
  endfacet
  facet normal -0.982707 -0.185169 0
    outer loop
      vertex 27.3823 26.3462 0.4
      vertex 27.395 26.2788 0
      vertex 27.395 26.2788 0.4
    endloop
  endfacet
  facet normal -0.941778 -0.336235 0
    outer loop
      vertex 27.3823 26.3462 0
      vertex 27.3612 26.4053 0.4
      vertex 27.3612 26.4053 0
    endloop
  endfacet
  facet normal -0.941778 -0.336235 0
    outer loop
      vertex 27.3612 26.4053 0.4
      vertex 27.3823 26.3462 0
      vertex 27.3823 26.3462 0.4
    endloop
  endfacet
  facet normal -0.863717 -0.503977 0
    outer loop
      vertex 27.3612 26.4053 0
      vertex 27.3315 26.4562 0.4
      vertex 27.3315 26.4562 0
    endloop
  endfacet
  facet normal -0.863717 -0.503977 0
    outer loop
      vertex 27.3315 26.4562 0.4
      vertex 27.3612 26.4053 0
      vertex 27.3612 26.4053 0.4
    endloop
  endfacet
  facet normal -0.746155 -0.665773 0
    outer loop
      vertex 27.3315 26.4562 0
      vertex 27.2934 26.4989 0.4
      vertex 27.2934 26.4989 0
    endloop
  endfacet
  facet normal -0.746155 -0.665773 0
    outer loop
      vertex 27.2934 26.4989 0.4
      vertex 27.3315 26.4562 0
      vertex 27.3315 26.4562 0.4
    endloop
  endfacet
  facet normal -0.59531 -0.803496 0
    outer loop
      vertex 27.2467 26.5335 0
      vertex 27.2934 26.4989 0.4
      vertex 27.2467 26.5335 0.4
    endloop
  endfacet
  facet normal -0.59531 -0.803496 -0
    outer loop
      vertex 27.2934 26.4989 0.4
      vertex 27.2467 26.5335 0
      vertex 27.2934 26.4989 0
    endloop
  endfacet
  facet normal -0.437466 -0.899235 0
    outer loop
      vertex 27.1912 26.5605 0
      vertex 27.2467 26.5335 0.4
      vertex 27.1912 26.5605 0.4
    endloop
  endfacet
  facet normal -0.437466 -0.899235 -0
    outer loop
      vertex 27.2467 26.5335 0.4
      vertex 27.1912 26.5605 0
      vertex 27.2467 26.5335 0
    endloop
  endfacet
  facet normal -0.287485 -0.957785 0
    outer loop
      vertex 27.1269 26.5798 0
      vertex 27.1912 26.5605 0.4
      vertex 27.1269 26.5798 0.4
    endloop
  endfacet
  facet normal -0.287485 -0.957785 -0
    outer loop
      vertex 27.1912 26.5605 0.4
      vertex 27.1269 26.5798 0
      vertex 27.1912 26.5605 0
    endloop
  endfacet
  facet normal -0.155615 -0.987818 0
    outer loop
      vertex 27.0539 26.5913 0
      vertex 27.1269 26.5798 0.4
      vertex 27.0539 26.5913 0.4
    endloop
  endfacet
  facet normal -0.155615 -0.987818 -0
    outer loop
      vertex 27.1269 26.5798 0.4
      vertex 27.0539 26.5913 0
      vertex 27.1269 26.5798 0
    endloop
  endfacet
  facet normal -0.0475651 -0.998868 0
    outer loop
      vertex 26.972 26.5952 0
      vertex 27.0539 26.5913 0.4
      vertex 26.972 26.5952 0.4
    endloop
  endfacet
  facet normal -0.0475651 -0.998868 -0
    outer loop
      vertex 27.0539 26.5913 0.4
      vertex 26.972 26.5952 0
      vertex 27.0539 26.5913 0
    endloop
  endfacet
  facet normal 0.0204968 -0.99979 0
    outer loop
      vertex 26.9281 26.5943 0
      vertex 26.972 26.5952 0.4
      vertex 26.9281 26.5943 0.4
    endloop
  endfacet
  facet normal 0.0204968 -0.99979 0
    outer loop
      vertex 26.972 26.5952 0.4
      vertex 26.9281 26.5943 0
      vertex 26.972 26.5952 0
    endloop
  endfacet
  facet normal 0.0563096 -0.998413 0
    outer loop
      vertex 26.882 26.5917 0
      vertex 26.9281 26.5943 0.4
      vertex 26.882 26.5917 0.4
    endloop
  endfacet
  facet normal 0.0563096 -0.998413 0
    outer loop
      vertex 26.9281 26.5943 0.4
      vertex 26.882 26.5917 0
      vertex 26.9281 26.5943 0
    endloop
  endfacet
  facet normal 0.0886762 -0.996061 0
    outer loop
      vertex 26.8337 26.5874 0
      vertex 26.882 26.5917 0.4
      vertex 26.8337 26.5874 0.4
    endloop
  endfacet
  facet normal 0.0886762 -0.996061 0
    outer loop
      vertex 26.882 26.5917 0.4
      vertex 26.8337 26.5874 0
      vertex 26.882 26.5917 0
    endloop
  endfacet
  facet normal 0.11992 -0.992784 0
    outer loop
      vertex 26.7832 26.5813 0
      vertex 26.8337 26.5874 0.4
      vertex 26.7832 26.5813 0.4
    endloop
  endfacet
  facet normal 0.11992 -0.992784 0
    outer loop
      vertex 26.8337 26.5874 0.4
      vertex 26.7832 26.5813 0
      vertex 26.8337 26.5874 0
    endloop
  endfacet
  facet normal 0.146685 -0.989183 0
    outer loop
      vertex 26.7306 26.5735 0
      vertex 26.7832 26.5813 0.4
      vertex 26.7306 26.5735 0.4
    endloop
  endfacet
  facet normal 0.146685 -0.989183 0
    outer loop
      vertex 26.7832 26.5813 0.4
      vertex 26.7306 26.5735 0
      vertex 26.7832 26.5813 0
    endloop
  endfacet
  facet normal 1 -0 0
    outer loop
      vertex 26.7306 26.328 0.4
      vertex 26.7306 26.5735 0
      vertex 26.7306 26.5735 0.4
    endloop
  endfacet
  facet normal 1 0 0
    outer loop
      vertex 26.7306 26.5735 0
      vertex 26.7306 26.328 0.4
      vertex 26.7306 26.328 0
    endloop
  endfacet
  facet normal -0.194416 0.980919 0
    outer loop
      vertex 26.7528 26.3324 0
      vertex 26.7306 26.328 0.4
      vertex 26.7528 26.3324 0.4
    endloop
  endfacet
  facet normal -0.194416 0.980919 0
    outer loop
      vertex 26.7306 26.328 0.4
      vertex 26.7528 26.3324 0
      vertex 26.7306 26.328 0
    endloop
  endfacet
  facet normal -0.150725 0.988576 0
    outer loop
      vertex 26.7751 26.3358 0
      vertex 26.7528 26.3324 0.4
      vertex 26.7751 26.3358 0.4
    endloop
  endfacet
  facet normal -0.150725 0.988576 0
    outer loop
      vertex 26.7528 26.3324 0.4
      vertex 26.7751 26.3358 0
      vertex 26.7528 26.3324 0
    endloop
  endfacet
  facet normal -0.107482 0.994207 0
    outer loop
      vertex 26.7973 26.3382 0
      vertex 26.7751 26.3358 0.4
      vertex 26.7973 26.3382 0.4
    endloop
  endfacet
  facet normal -0.107482 0.994207 0
    outer loop
      vertex 26.7751 26.3358 0.4
      vertex 26.7973 26.3382 0
      vertex 26.7751 26.3358 0
    endloop
  endfacet
  facet normal -0.0671129 0.997745 0
    outer loop
      vertex 26.8196 26.3397 0
      vertex 26.7973 26.3382 0.4
      vertex 26.8196 26.3397 0.4
    endloop
  endfacet
  facet normal -0.0671129 0.997745 0
    outer loop
      vertex 26.7973 26.3382 0.4
      vertex 26.8196 26.3397 0
      vertex 26.7973 26.3382 0
    endloop
  endfacet
  facet normal -0.0225168 0.999746 0
    outer loop
      vertex 26.8418 26.3402 0
      vertex 26.8196 26.3397 0.4
      vertex 26.8418 26.3402 0.4
    endloop
  endfacet
  facet normal -0.0225168 0.999746 0
    outer loop
      vertex 26.8196 26.3397 0.4
      vertex 26.8418 26.3402 0
      vertex 26.8196 26.3397 0
    endloop
  endfacet
  facet normal 0.0434372 0.999056 -0
    outer loop
      vertex 26.8786 26.3386 0
      vertex 26.8418 26.3402 0.4
      vertex 26.8786 26.3386 0.4
    endloop
  endfacet
  facet normal 0.0434372 0.999056 0
    outer loop
      vertex 26.8418 26.3402 0.4
      vertex 26.8786 26.3386 0
      vertex 26.8418 26.3402 0
    endloop
  endfacet
  facet normal 0.141853 0.989888 -0
    outer loop
      vertex 26.9107 26.334 0
      vertex 26.8786 26.3386 0.4
      vertex 26.9107 26.334 0.4
    endloop
  endfacet
  facet normal 0.141853 0.989888 0
    outer loop
      vertex 26.8786 26.3386 0.4
      vertex 26.9107 26.334 0
      vertex 26.8786 26.3386 0
    endloop
  endfacet
  facet normal 0.268724 0.963217 -0
    outer loop
      vertex 26.9383 26.3263 0
      vertex 26.9107 26.334 0.4
      vertex 26.9383 26.3263 0.4
    endloop
  endfacet
  facet normal 0.268724 0.963217 0
    outer loop
      vertex 26.9107 26.334 0.4
      vertex 26.9383 26.3263 0
      vertex 26.9107 26.334 0
    endloop
  endfacet
  facet normal 0.426558 0.90446 -0
    outer loop
      vertex 26.9612 26.3155 0
      vertex 26.9383 26.3263 0.4
      vertex 26.9612 26.3155 0.4
    endloop
  endfacet
  facet normal 0.426558 0.90446 0
    outer loop
      vertex 26.9383 26.3263 0.4
      vertex 26.9612 26.3155 0
      vertex 26.9383 26.3263 0
    endloop
  endfacet
  facet normal 0.607611 0.794235 -0
    outer loop
      vertex 26.9795 26.3015 0
      vertex 26.9612 26.3155 0.4
      vertex 26.9795 26.3015 0.4
    endloop
  endfacet
  facet normal 0.607611 0.794235 0
    outer loop
      vertex 26.9612 26.3155 0.4
      vertex 26.9795 26.3015 0
      vertex 26.9612 26.3155 0
    endloop
  endfacet
  facet normal 0.777448 0.628947 0
    outer loop
      vertex 26.9939 26.2837 0.4
      vertex 26.9795 26.3015 0
      vertex 26.9795 26.3015 0.4
    endloop
  endfacet
  facet normal 0.777448 0.628947 0
    outer loop
      vertex 26.9795 26.3015 0
      vertex 26.9939 26.2837 0.4
      vertex 26.9939 26.2837 0
    endloop
  endfacet
  facet normal 0.895222 0.445621 0
    outer loop
      vertex 27.0051 26.2612 0.4
      vertex 26.9939 26.2837 0
      vertex 26.9939 26.2837 0.4
    endloop
  endfacet
  facet normal 0.895222 0.445621 0
    outer loop
      vertex 26.9939 26.2837 0
      vertex 27.0051 26.2612 0.4
      vertex 27.0051 26.2612 0
    endloop
  endfacet
  facet normal 0.959645 0.281215 0
    outer loop
      vertex 27.0131 26.2339 0.4
      vertex 27.0051 26.2612 0
      vertex 27.0051 26.2612 0.4
    endloop
  endfacet
  facet normal 0.959645 0.281215 0
    outer loop
      vertex 27.0051 26.2612 0
      vertex 27.0131 26.2339 0.4
      vertex 27.0131 26.2339 0
    endloop
  endfacet
  facet normal 0.988936 0.14834 0
    outer loop
      vertex 27.0179 26.2019 0.4
      vertex 27.0131 26.2339 0
      vertex 27.0131 26.2339 0.4
    endloop
  endfacet
  facet normal 0.988936 0.14834 0
    outer loop
      vertex 27.0131 26.2339 0
      vertex 27.0179 26.2019 0.4
      vertex 27.0179 26.2019 0
    endloop
  endfacet
  facet normal 0.999051 0.0435554 0
    outer loop
      vertex 27.0195 26.1652 0.4
      vertex 27.0179 26.2019 0
      vertex 27.0179 26.2019 0.4
    endloop
  endfacet
  facet normal 0.999051 0.0435554 0
    outer loop
      vertex 27.0179 26.2019 0
      vertex 27.0195 26.1652 0.4
      vertex 27.0195 26.1652 0
    endloop
  endfacet
  facet normal 1 -0 0
    outer loop
      vertex 27.0195 26.0499 0.4
      vertex 27.0195 26.1652 0
      vertex 27.0195 26.1652 0.4
    endloop
  endfacet
  facet normal 1 0 0
    outer loop
      vertex 27.0195 26.1652 0
      vertex 27.0195 26.0499 0.4
      vertex 27.0195 26.0499 0
    endloop
  endfacet
  facet normal 0 -1 0
    outer loop
      vertex 26.7306 26.0499 0
      vertex 27.0195 26.0499 0.4
      vertex 26.7306 26.0499 0.4
    endloop
  endfacet
  facet normal 0 -1 -0
    outer loop
      vertex 27.0195 26.0499 0.4
      vertex 26.7306 26.0499 0
      vertex 27.0195 26.0499 0
    endloop
  endfacet
  facet normal 1 -0 0
    outer loop
      vertex 26.7306 25.7923 0.4
      vertex 26.7306 26.0499 0
      vertex 26.7306 26.0499 0.4
    endloop
  endfacet
  facet normal 1 0 0
    outer loop
      vertex 26.7306 26.0499 0
      vertex 26.7306 25.7923 0.4
      vertex 26.7306 25.7923 0
    endloop
  endfacet
  facet normal 0 1 -0
    outer loop
      vertex 27.0195 25.7923 0
      vertex 26.7306 25.7923 0.4
      vertex 27.0195 25.7923 0.4
    endloop
  endfacet
  facet normal 0 1 0
    outer loop
      vertex 26.7306 25.7923 0.4
      vertex 27.0195 25.7923 0
      vertex 26.7306 25.7923 0
    endloop
  endfacet
  facet normal 1 -0 0
    outer loop
      vertex 27.0195 24.5825 0.4
      vertex 27.0195 25.7923 0
      vertex 27.0195 25.7923 0.4
    endloop
  endfacet
  facet normal 1 0 0
    outer loop
      vertex 27.0195 25.7923 0
      vertex 27.0195 24.5825 0.4
      vertex 27.0195 24.5825 0
    endloop
  endfacet
  facet normal 0 1 -0
    outer loop
      vertex 27.3992 24.5825 0
      vertex 27.0195 24.5825 0.4
      vertex 27.3992 24.5825 0.4
    endloop
  endfacet
  facet normal 0 1 0
    outer loop
      vertex 27.0195 24.5825 0.4
      vertex 27.3992 24.5825 0
      vertex 27.0195 24.5825 0
    endloop
  endfacet
  facet normal -1 0 0
    outer loop
      vertex 27.3992 24.5825 0
      vertex 27.3992 25.7923 0.4
      vertex 27.3992 25.7923 0
    endloop
  endfacet
  facet normal -1 -0 0
    outer loop
      vertex 27.3992 25.7923 0.4
      vertex 27.3992 24.5825 0
      vertex 27.3992 24.5825 0.4
    endloop
  endfacet
  facet normal -0.12098 0.992655 0
    outer loop
      vertex 34.544 24.5762 0
      vertex 34.416 24.5606 0.4
      vertex 34.544 24.5762 0.4
    endloop
  endfacet
  facet normal -0.12098 0.992655 0
    outer loop
      vertex 34.416 24.5606 0.4
      vertex 34.544 24.5762 0
      vertex 34.416 24.5606 0
    endloop
  endfacet
  facet normal -0.22078 0.975324 0
    outer loop
      vertex 34.6593 24.6023 0
      vertex 34.544 24.5762 0.4
      vertex 34.6593 24.6023 0.4
    endloop
  endfacet
  facet normal -0.22078 0.975324 0
    outer loop
      vertex 34.544 24.5762 0.4
      vertex 34.6593 24.6023 0
      vertex 34.544 24.5762 0
    endloop
  endfacet
  facet normal -0.334647 0.942344 0
    outer loop
      vertex 34.7618 24.6387 0
      vertex 34.6593 24.6023 0.4
      vertex 34.7618 24.6387 0.4
    endloop
  endfacet
  facet normal -0.334647 0.942344 0
    outer loop
      vertex 34.6593 24.6023 0.4
      vertex 34.7618 24.6387 0
      vertex 34.6593 24.6023 0
    endloop
  endfacet
  facet normal -0.462128 0.886813 0
    outer loop
      vertex 34.8518 24.6856 0
      vertex 34.7618 24.6387 0.4
      vertex 34.8518 24.6856 0.4
    endloop
  endfacet
  facet normal -0.462128 0.886813 0
    outer loop
      vertex 34.7618 24.6387 0.4
      vertex 34.8518 24.6856 0
      vertex 34.7618 24.6387 0
    endloop
  endfacet
  facet normal -0.595178 0.803594 0
    outer loop
      vertex 34.9293 24.743 0
      vertex 34.8518 24.6856 0.4
      vertex 34.9293 24.743 0.4
    endloop
  endfacet
  facet normal -0.595178 0.803594 0
    outer loop
      vertex 34.8518 24.6856 0.4
      vertex 34.9293 24.743 0
      vertex 34.8518 24.6856 0
    endloop
  endfacet
  facet normal -0.720183 0.693784 0
    outer loop
      vertex 34.9293 24.743 0
      vertex 34.995 24.8112 0.4
      vertex 34.995 24.8112 0
    endloop
  endfacet
  facet normal -0.720183 0.693784 0
    outer loop
      vertex 34.995 24.8112 0.4
      vertex 34.9293 24.743 0
      vertex 34.9293 24.743 0.4
    endloop
  endfacet
  facet normal -0.827024 0.562167 0
    outer loop
      vertex 34.995 24.8112 0
      vertex 35.0487 24.8902 0.4
      vertex 35.0487 24.8902 0
    endloop
  endfacet
  facet normal -0.827024 0.562167 0
    outer loop
      vertex 35.0487 24.8902 0.4
      vertex 34.995 24.8112 0
      vertex 34.995 24.8112 0.4
    endloop
  endfacet
  facet normal -0.906622 0.421944 0
    outer loop
      vertex 35.0487 24.8902 0
      vertex 35.0904 24.9798 0.4
      vertex 35.0904 24.9798 0
    endloop
  endfacet
  facet normal -0.906622 0.421944 0
    outer loop
      vertex 35.0904 24.9798 0.4
      vertex 35.0487 24.8902 0
      vertex 35.0487 24.8902 0.4
    endloop
  endfacet
  facet normal -0.95848 0.28516 0
    outer loop
      vertex 35.0904 24.9798 0
      vertex 35.1203 25.0803 0.4
      vertex 35.1203 25.0803 0
    endloop
  endfacet
  facet normal -0.95848 0.28516 0
    outer loop
      vertex 35.1203 25.0803 0.4
      vertex 35.0904 24.9798 0
      vertex 35.0904 24.9798 0.4
    endloop
  endfacet
  facet normal -0.162578 -0.986696 0
    outer loop
      vertex 34.7337 25.144 0
      vertex 35.1203 25.0803 0.4
      vertex 34.7337 25.144 0.4
    endloop
  endfacet
  facet normal -0.162578 -0.986696 -0
    outer loop
      vertex 35.1203 25.0803 0.4
      vertex 34.7337 25.144 0
      vertex 35.1203 25.0803 0
    endloop
  endfacet
  facet normal 0.950815 -0.30976 0
    outer loop
      vertex 34.715 25.0866 0.4
      vertex 34.7337 25.144 0
      vertex 34.7337 25.144 0.4
    endloop
  endfacet
  facet normal 0.950815 -0.30976 0
    outer loop
      vertex 34.7337 25.144 0
      vertex 34.715 25.0866 0.4
      vertex 34.715 25.0866 0
    endloop
  endfacet
  facet normal 0.900025 -0.435839 0
    outer loop
      vertex 34.6904 25.0358 0.4
      vertex 34.715 25.0866 0
      vertex 34.715 25.0866 0.4
    endloop
  endfacet
  facet normal 0.900025 -0.435839 0
    outer loop
      vertex 34.715 25.0866 0
      vertex 34.6904 25.0358 0.4
      vertex 34.6904 25.0358 0
    endloop
  endfacet
  facet normal 0.820715 -0.571337 0
    outer loop
      vertex 34.6597 24.9917 0.4
      vertex 34.6904 25.0358 0
      vertex 34.6904 25.0358 0.4
    endloop
  endfacet
  facet normal 0.820715 -0.571337 0
    outer loop
      vertex 34.6904 25.0358 0
      vertex 34.6597 24.9917 0.4
      vertex 34.6597 24.9917 0
    endloop
  endfacet
  facet normal 0.714709 -0.699422 0
    outer loop
      vertex 34.6231 24.9543 0.4
      vertex 34.6597 24.9917 0
      vertex 34.6597 24.9917 0.4
    endloop
  endfacet
  facet normal 0.714709 -0.699422 0
    outer loop
      vertex 34.6597 24.9917 0
      vertex 34.6231 24.9543 0.4
      vertex 34.6231 24.9543 0
    endloop
  endfacet
  facet normal 0.584656 -0.811281 0
    outer loop
      vertex 34.5805 24.9236 0
      vertex 34.6231 24.9543 0.4
      vertex 34.5805 24.9236 0.4
    endloop
  endfacet
  facet normal 0.584656 -0.811281 0
    outer loop
      vertex 34.6231 24.9543 0.4
      vertex 34.5805 24.9236 0
      vertex 34.6231 24.9543 0
    endloop
  endfacet
  facet normal 0.449396 -0.893333 0
    outer loop
      vertex 34.5314 24.8989 0
      vertex 34.5805 24.9236 0.4
      vertex 34.5314 24.8989 0.4
    endloop
  endfacet
  facet normal 0.449396 -0.893333 0
    outer loop
      vertex 34.5805 24.9236 0.4
      vertex 34.5314 24.8989 0
      vertex 34.5805 24.9236 0
    endloop
  endfacet
  facet normal 0.322296 -0.946639 0
    outer loop
      vertex 34.4753 24.8798 0
      vertex 34.5314 24.8989 0.4
      vertex 34.4753 24.8798 0.4
    endloop
  endfacet
  facet normal 0.322296 -0.946639 0
    outer loop
      vertex 34.5314 24.8989 0.4
      vertex 34.4753 24.8798 0
      vertex 34.5314 24.8989 0
    endloop
  endfacet
  facet normal 0.211532 -0.977371 0
    outer loop
      vertex 34.412 24.8661 0
      vertex 34.4753 24.8798 0.4
      vertex 34.412 24.8661 0.4
    endloop
  endfacet
  facet normal 0.211532 -0.977371 0
    outer loop
      vertex 34.4753 24.8798 0.4
      vertex 34.412 24.8661 0
      vertex 34.4753 24.8798 0
    endloop
  endfacet
  facet normal 0.117416 -0.993083 0
    outer loop
      vertex 34.3418 24.8578 0
      vertex 34.412 24.8661 0.4
      vertex 34.3418 24.8578 0.4
    endloop
  endfacet
  facet normal 0.117416 -0.993083 0
    outer loop
      vertex 34.412 24.8661 0.4
      vertex 34.3418 24.8578 0
      vertex 34.412 24.8661 0
    endloop
  endfacet
  facet normal 0.0349076 -0.999391 0
    outer loop
      vertex 34.2645 24.8551 0
      vertex 34.3418 24.8578 0.4
      vertex 34.2645 24.8551 0.4
    endloop
  endfacet
  facet normal 0.0349076 -0.999391 0
    outer loop
      vertex 34.3418 24.8578 0.4
      vertex 34.2645 24.8551 0
      vertex 34.3418 24.8578 0
    endloop
  endfacet
  facet normal -0.0674405 -0.997723 0
    outer loop
      vertex 34.1136 24.8653 0
      vertex 34.2645 24.8551 0.4
      vertex 34.1136 24.8653 0.4
    endloop
  endfacet
  facet normal -0.0674405 -0.997723 -0
    outer loop
      vertex 34.2645 24.8551 0.4
      vertex 34.1136 24.8653 0
      vertex 34.2645 24.8551 0
    endloop
  endfacet
  facet normal -0.252422 -0.967617 0
    outer loop
      vertex 33.9963 24.8959 0
      vertex 34.1136 24.8653 0.4
      vertex 33.9963 24.8959 0.4
    endloop
  endfacet
  facet normal -0.252422 -0.967617 -0
    outer loop
      vertex 34.1136 24.8653 0.4
      vertex 33.9963 24.8959 0
      vertex 34.1136 24.8653 0
    endloop
  endfacet
  facet normal -0.519882 -0.854238 0
    outer loop
      vertex 33.9125 24.9469 0
      vertex 33.9963 24.8959 0.4
      vertex 33.9125 24.9469 0.4
    endloop
  endfacet
  facet normal -0.519882 -0.854238 -0
    outer loop
      vertex 33.9963 24.8959 0.4
      vertex 33.9125 24.9469 0
      vertex 33.9963 24.8959 0
    endloop
  endfacet
  facet normal -0.817507 -0.575919 0
    outer loop
      vertex 33.9125 24.9469 0
      vertex 33.8622 25.0183 0.4
      vertex 33.8622 25.0183 0
    endloop
  endfacet
  facet normal -0.817507 -0.575919 0
    outer loop
      vertex 33.8622 25.0183 0.4
      vertex 33.9125 24.9469 0
      vertex 33.9125 24.9469 0.4
    endloop
  endfacet
  facet normal -0.983664 -0.180017 0
    outer loop
      vertex 33.8622 25.0183 0
      vertex 33.8454 25.1101 0.4
      vertex 33.8454 25.1101 0
    endloop
  endfacet
  facet normal -0.983664 -0.180017 0
    outer loop
      vertex 33.8454 25.1101 0.4
      vertex 33.8622 25.0183 0
      vertex 33.8622 25.0183 0.4
    endloop
  endfacet
  facet normal -0.998174 0.0603991 0
    outer loop
      vertex 33.8454 25.1101 0
      vertex 33.8473 25.1415 0.4
      vertex 33.8473 25.1415 0
    endloop
  endfacet
  facet normal -0.998174 0.0603991 0
    outer loop
      vertex 33.8473 25.1415 0.4
      vertex 33.8454 25.1101 0
      vertex 33.8454 25.1101 0.4
    endloop
  endfacet
  facet normal -0.98071 0.195468 0
    outer loop
      vertex 33.8473 25.1415 0
      vertex 33.8531 25.1706 0.4
      vertex 33.8531 25.1706 0
    endloop
  endfacet
  facet normal -0.98071 0.195468 0
    outer loop
      vertex 33.8531 25.1706 0.4
      vertex 33.8473 25.1415 0
      vertex 33.8473 25.1415 0.4
    endloop
  endfacet
  facet normal -0.941821 0.336115 0
    outer loop
      vertex 33.8531 25.1706 0
      vertex 33.8627 25.1975 0.4
      vertex 33.8627 25.1975 0
    endloop
  endfacet
  facet normal -0.941821 0.336115 0
    outer loop
      vertex 33.8627 25.1975 0.4
      vertex 33.8531 25.1706 0
      vertex 33.8531 25.1706 0.4
    endloop
  endfacet
  facet normal -0.876667 0.481098 0
    outer loop
      vertex 33.8627 25.1975 0
      vertex 33.8762 25.2221 0.4
      vertex 33.8762 25.2221 0
    endloop
  endfacet
  facet normal -0.876667 0.481098 0
    outer loop
      vertex 33.8762 25.2221 0.4
      vertex 33.8627 25.1975 0
      vertex 33.8627 25.1975 0.4
    endloop
  endfacet
  facet normal -0.787056 0.616882 0
    outer loop
      vertex 33.8762 25.2221 0
      vertex 33.8936 25.2443 0.4
      vertex 33.8936 25.2443 0
    endloop
  endfacet
  facet normal -0.787056 0.616882 0
    outer loop
      vertex 33.8936 25.2443 0.4
      vertex 33.8762 25.2221 0
      vertex 33.8762 25.2221 0.4
    endloop
  endfacet
  facet normal -0.701952 0.712224 0
    outer loop
      vertex 33.9144 25.2648 0
      vertex 33.8936 25.2443 0.4
      vertex 33.9144 25.2648 0.4
    endloop
  endfacet
  facet normal -0.701952 0.712224 0
    outer loop
      vertex 33.8936 25.2443 0.4
      vertex 33.9144 25.2648 0
      vertex 33.8936 25.2443 0
    endloop
  endfacet
  facet normal -0.620703 0.784046 0
    outer loop
      vertex 33.9384 25.2838 0
      vertex 33.9144 25.2648 0.4
      vertex 33.9384 25.2838 0.4
    endloop
  endfacet
  facet normal -0.620703 0.784046 0
    outer loop
      vertex 33.9144 25.2648 0.4
      vertex 33.9384 25.2838 0
      vertex 33.9144 25.2648 0
    endloop
  endfacet
  facet normal -0.546833 0.837242 0
    outer loop
      vertex 33.9655 25.3015 0
      vertex 33.9384 25.2838 0.4
      vertex 33.9655 25.3015 0.4
    endloop
  endfacet
  facet normal -0.546833 0.837242 0
    outer loop
      vertex 33.9384 25.2838 0.4
      vertex 33.9655 25.3015 0
      vertex 33.9384 25.2838 0
    endloop
  endfacet
  facet normal -0.471494 0.881869 0
    outer loop
      vertex 33.9958 25.3177 0
      vertex 33.9655 25.3015 0.4
      vertex 33.9958 25.3177 0.4
    endloop
  endfacet
  facet normal -0.471494 0.881869 0
    outer loop
      vertex 33.9655 25.3015 0.4
      vertex 33.9958 25.3177 0
      vertex 33.9655 25.3015 0
    endloop
  endfacet
  facet normal -0.405122 0.914262 0
    outer loop
      vertex 34.0292 25.3325 0
      vertex 33.9958 25.3177 0.4
      vertex 34.0292 25.3325 0.4
    endloop
  endfacet
  facet normal -0.405122 0.914262 0
    outer loop
      vertex 33.9958 25.3177 0.4
      vertex 34.0292 25.3325 0
      vertex 33.9958 25.3177 0
    endloop
  endfacet
  facet normal -0.334605 0.942358 0
    outer loop
      vertex 34.0706 25.3472 0
      vertex 34.0292 25.3325 0.4
      vertex 34.0706 25.3472 0.4
    endloop
  endfacet
  facet normal -0.334605 0.942358 0
    outer loop
      vertex 34.0292 25.3325 0.4
      vertex 34.0706 25.3472 0
      vertex 34.0292 25.3325 0
    endloop
  endfacet
  facet normal -0.281018 0.959703 0
    outer loop
      vertex 34.1249 25.3631 0
      vertex 34.0706 25.3472 0.4
      vertex 34.1249 25.3631 0.4
    endloop
  endfacet
  facet normal -0.281018 0.959703 0
    outer loop
      vertex 34.0706 25.3472 0.4
      vertex 34.1249 25.3631 0
      vertex 34.0706 25.3472 0
    endloop
  endfacet
  facet normal -0.246951 0.969028 0
    outer loop
      vertex 34.192 25.3802 0
      vertex 34.1249 25.3631 0.4
      vertex 34.192 25.3802 0.4
    endloop
  endfacet
  facet normal -0.246951 0.969028 0
    outer loop
      vertex 34.1249 25.3631 0.4
      vertex 34.192 25.3802 0
      vertex 34.1249 25.3631 0
    endloop
  endfacet
  facet normal -0.22299 0.974821 0
    outer loop
      vertex 34.272 25.3985 0
      vertex 34.192 25.3802 0.4
      vertex 34.272 25.3985 0.4
    endloop
  endfacet
  facet normal -0.22299 0.974821 0
    outer loop
      vertex 34.192 25.3802 0.4
      vertex 34.272 25.3985 0
      vertex 34.192 25.3802 0
    endloop
  endfacet
  facet normal -0.205638 0.978628 0
    outer loop
      vertex 34.3648 25.418 0
      vertex 34.272 25.3985 0.4
      vertex 34.3648 25.418 0.4
    endloop
  endfacet
  facet normal -0.205638 0.978628 0
    outer loop
      vertex 34.272 25.3985 0.4
      vertex 34.3648 25.418 0
      vertex 34.272 25.3985 0
    endloop
  endfacet
  facet normal -0.231729 0.97278 0
    outer loop
      vertex 34.4454 25.4372 0
      vertex 34.3648 25.418 0.4
      vertex 34.4454 25.4372 0.4
    endloop
  endfacet
  facet normal -0.231729 0.97278 0
    outer loop
      vertex 34.3648 25.418 0.4
      vertex 34.4454 25.4372 0
      vertex 34.3648 25.418 0
    endloop
  endfacet
  facet normal -0.245142 0.969487 0
    outer loop
      vertex 34.5154 25.4549 0
      vertex 34.4454 25.4372 0.4
      vertex 34.5154 25.4549 0.4
    endloop
  endfacet
  facet normal -0.245142 0.969487 0
    outer loop
      vertex 34.4454 25.4372 0.4
      vertex 34.5154 25.4549 0
      vertex 34.4454 25.4372 0
    endloop
  endfacet
  facet normal -0.261886 0.965099 0
    outer loop
      vertex 34.5751 25.4711 0
      vertex 34.5154 25.4549 0.4
      vertex 34.5751 25.4711 0.4
    endloop
  endfacet
  facet normal -0.261886 0.965099 0
    outer loop
      vertex 34.5154 25.4549 0.4
      vertex 34.5751 25.4711 0
      vertex 34.5154 25.4549 0
    endloop
  endfacet
  facet normal -0.282166 0.959366 0
    outer loop
      vertex 34.6244 25.4856 0
      vertex 34.5751 25.4711 0.4
      vertex 34.6244 25.4856 0.4
    endloop
  endfacet
  facet normal -0.282166 0.959366 0
    outer loop
      vertex 34.5751 25.4711 0.4
      vertex 34.6244 25.4856 0
      vertex 34.5751 25.4711 0
    endloop
  endfacet
  facet normal -0.317694 0.948193 0
    outer loop
      vertex 34.6632 25.4986 0
      vertex 34.6244 25.4856 0.4
      vertex 34.6632 25.4986 0.4
    endloop
  endfacet
  facet normal -0.317694 0.948193 0
    outer loop
      vertex 34.6244 25.4856 0.4
      vertex 34.6632 25.4986 0
      vertex 34.6244 25.4856 0
    endloop
  endfacet
  facet normal -0.359169 0.933273 0
    outer loop
      vertex 34.6962 25.5113 0
      vertex 34.6632 25.4986 0.4
      vertex 34.6962 25.5113 0.4
    endloop
  endfacet
  facet normal -0.359169 0.933273 0
    outer loop
      vertex 34.6632 25.4986 0.4
      vertex 34.6962 25.5113 0
      vertex 34.6632 25.4986 0
    endloop
  endfacet
  facet normal -0.391817 0.920043 0
    outer loop
      vertex 34.7279 25.5248 0
      vertex 34.6962 25.5113 0.4
      vertex 34.7279 25.5248 0.4
    endloop
  endfacet
  facet normal -0.391817 0.920043 0
    outer loop
      vertex 34.6962 25.5113 0.4
      vertex 34.7279 25.5248 0
      vertex 34.6962 25.5113 0
    endloop
  endfacet
  facet normal -0.428086 0.903738 0
    outer loop
      vertex 34.7583 25.5392 0
      vertex 34.7279 25.5248 0.4
      vertex 34.7583 25.5392 0.4
    endloop
  endfacet
  facet normal -0.428086 0.903738 0
    outer loop
      vertex 34.7279 25.5248 0.4
      vertex 34.7583 25.5392 0
      vertex 34.7279 25.5248 0
    endloop
  endfacet
  facet normal -0.462982 0.886368 0
    outer loop
      vertex 34.7874 25.5544 0
      vertex 34.7583 25.5392 0.4
      vertex 34.7874 25.5544 0.4
    endloop
  endfacet
  facet normal -0.462982 0.886368 0
    outer loop
      vertex 34.7583 25.5392 0.4
      vertex 34.7874 25.5544 0
      vertex 34.7583 25.5392 0
    endloop
  endfacet
  facet normal -0.502512 0.86457 0
    outer loop
      vertex 34.8151 25.5705 0
      vertex 34.7874 25.5544 0.4
      vertex 34.8151 25.5705 0.4
    endloop
  endfacet
  facet normal -0.502512 0.86457 0
    outer loop
      vertex 34.7874 25.5544 0.4
      vertex 34.8151 25.5705 0
      vertex 34.7874 25.5544 0
    endloop
  endfacet
  facet normal -0.54588 0.837863 0
    outer loop
      vertex 34.8415 25.5877 0
      vertex 34.8151 25.5705 0.4
      vertex 34.8415 25.5877 0.4
    endloop
  endfacet
  facet normal -0.54588 0.837863 0
    outer loop
      vertex 34.8151 25.5705 0.4
      vertex 34.8415 25.5877 0
      vertex 34.8151 25.5705 0
    endloop
  endfacet
  facet normal -0.603108 0.797659 0
    outer loop
      vertex 34.8661 25.6063 0
      vertex 34.8415 25.5877 0.4
      vertex 34.8661 25.6063 0.4
    endloop
  endfacet
  facet normal -0.603108 0.797659 0
    outer loop
      vertex 34.8415 25.5877 0.4
      vertex 34.8661 25.6063 0
      vertex 34.8415 25.5877 0
    endloop
  endfacet
  facet normal -0.654557 0.756013 0
    outer loop
      vertex 34.8892 25.6263 0
      vertex 34.8661 25.6063 0.4
      vertex 34.8892 25.6263 0.4
    endloop
  endfacet
  facet normal -0.654557 0.756013 0
    outer loop
      vertex 34.8661 25.6063 0.4
      vertex 34.8892 25.6263 0
      vertex 34.8661 25.6063 0
    endloop
  endfacet
  facet normal -0.705449 0.708761 0
    outer loop
      vertex 34.9106 25.6476 0
      vertex 34.8892 25.6263 0.4
      vertex 34.9106 25.6476 0.4
    endloop
  endfacet
  facet normal -0.705449 0.708761 0
    outer loop
      vertex 34.8892 25.6263 0.4
      vertex 34.9106 25.6476 0
      vertex 34.8892 25.6263 0
    endloop
  endfacet
  facet normal -0.752164 0.658976 0
    outer loop
      vertex 34.9106 25.6476 0
      vertex 34.9304 25.6702 0.4
      vertex 34.9304 25.6702 0
    endloop
  endfacet
  facet normal -0.752164 0.658976 0
    outer loop
      vertex 34.9304 25.6702 0.4
      vertex 34.9106 25.6476 0
      vertex 34.9106 25.6476 0.4
    endloop
  endfacet
  facet normal -0.799207 0.601056 0
    outer loop
      vertex 34.9304 25.6702 0
      vertex 34.9486 25.6944 0.4
      vertex 34.9486 25.6944 0
    endloop
  endfacet
  facet normal -0.799207 0.601056 0
    outer loop
      vertex 34.9486 25.6944 0.4
      vertex 34.9304 25.6702 0
      vertex 34.9304 25.6702 0.4
    endloop
  endfacet
  facet normal -0.842986 0.537936 0
    outer loop
      vertex 34.9486 25.6944 0
      vertex 34.965 25.7201 0.4
      vertex 34.965 25.7201 0
    endloop
  endfacet
  facet normal -0.842986 0.537936 0
    outer loop
      vertex 34.965 25.7201 0.4
      vertex 34.9486 25.6944 0
      vertex 34.9486 25.6944 0.4
    endloop
  endfacet
  facet normal -0.879852 0.475248 0
    outer loop
      vertex 34.965 25.7201 0
      vertex 34.9798 25.7475 0.4
      vertex 34.9798 25.7475 0
    endloop
  endfacet
  facet normal -0.879852 0.475248 0
    outer loop
      vertex 34.9798 25.7475 0.4
      vertex 34.965 25.7201 0
      vertex 34.965 25.7201 0.4
    endloop
  endfacet
  facet normal -0.911333 0.411671 0
    outer loop
      vertex 34.9798 25.7475 0
      vertex 34.9929 25.7765 0.4
      vertex 34.9929 25.7765 0
    endloop
  endfacet
  facet normal -0.911333 0.411671 0
    outer loop
      vertex 34.9929 25.7765 0.4
      vertex 34.9798 25.7475 0
      vertex 34.9798 25.7475 0.4
    endloop
  endfacet
  facet normal -0.937454 0.34811 0
    outer loop
      vertex 34.9929 25.7765 0
      vertex 35.0043 25.8072 0.4
      vertex 35.0043 25.8072 0
    endloop
  endfacet
  facet normal -0.937454 0.34811 0
    outer loop
      vertex 35.0043 25.8072 0.4
      vertex 34.9929 25.7765 0
      vertex 34.9929 25.7765 0.4
    endloop
  endfacet
  facet normal -0.959601 0.281364 0
    outer loop
      vertex 35.0043 25.8072 0
      vertex 35.0138 25.8396 0.4
      vertex 35.0138 25.8396 0
    endloop
  endfacet
  facet normal -0.959601 0.281364 0
    outer loop
      vertex 35.0138 25.8396 0.4
      vertex 35.0043 25.8072 0
      vertex 35.0043 25.8072 0.4
    endloop
  endfacet
  facet normal -0.977382 0.21148 0
    outer loop
      vertex 35.0138 25.8396 0
      vertex 35.0212 25.8738 0.4
      vertex 35.0212 25.8738 0
    endloop
  endfacet
  facet normal -0.977382 0.21148 0
    outer loop
      vertex 35.0212 25.8738 0.4
      vertex 35.0138 25.8396 0
      vertex 35.0138 25.8396 0.4
    endloop
  endfacet
  facet normal -0.989394 0.145257 0
    outer loop
      vertex 35.0212 25.8738 0
      vertex 35.0265 25.9099 0.4
      vertex 35.0265 25.9099 0
    endloop
  endfacet
  facet normal -0.989394 0.145257 0
    outer loop
      vertex 35.0265 25.9099 0.4
      vertex 35.0212 25.8738 0
      vertex 35.0212 25.8738 0.4
    endloop
  endfacet
  facet normal -0.996455 0.0841334 0
    outer loop
      vertex 35.0265 25.9099 0
      vertex 35.0297 25.9478 0.4
      vertex 35.0297 25.9478 0
    endloop
  endfacet
  facet normal -0.996455 0.0841334 0
    outer loop
      vertex 35.0297 25.9478 0.4
      vertex 35.0265 25.9099 0
      vertex 35.0265 25.9099 0.4
    endloop
  endfacet
  facet normal -0.999618 0.0276276 0
    outer loop
      vertex 35.0297 25.9478 0
      vertex 35.0308 25.9876 0.4
      vertex 35.0308 25.9876 0
    endloop
  endfacet
  facet normal -0.999618 0.0276276 0
    outer loop
      vertex 35.0308 25.9876 0.4
      vertex 35.0297 25.9478 0
      vertex 35.0297 25.9478 0.4
    endloop
  endfacet
  facet normal -0.996892 -0.0787817 0
    outer loop
      vertex 35.0308 25.9876 0
      vertex 35.023 26.0863 0.4
      vertex 35.023 26.0863 0
    endloop
  endfacet
  facet normal -0.996892 -0.0787817 0
    outer loop
      vertex 35.023 26.0863 0.4
      vertex 35.0308 25.9876 0
      vertex 35.0308 25.9876 0.4
    endloop
  endfacet
  facet normal -0.967201 -0.254012 0
    outer loop
      vertex 35.023 26.0863 0
      vertex 34.9996 26.1754 0.4
      vertex 34.9996 26.1754 0
    endloop
  endfacet
  facet normal -0.967201 -0.254012 0
    outer loop
      vertex 34.9996 26.1754 0.4
      vertex 35.023 26.0863 0
      vertex 35.023 26.0863 0.4
    endloop
  endfacet
  facet normal -0.897798 -0.440408 0
    outer loop
      vertex 34.9996 26.1754 0
      vertex 34.9607 26.2547 0.4
      vertex 34.9607 26.2547 0
    endloop
  endfacet
  facet normal -0.897798 -0.440408 0
    outer loop
      vertex 34.9607 26.2547 0.4
      vertex 34.9996 26.1754 0
      vertex 34.9996 26.1754 0.4
    endloop
  endfacet
  facet normal -0.787338 -0.616522 0
    outer loop
      vertex 34.9607 26.2547 0
      vertex 34.9062 26.3243 0.4
      vertex 34.9062 26.3243 0
    endloop
  endfacet
  facet normal -0.787338 -0.616522 0
    outer loop
      vertex 34.9062 26.3243 0.4
      vertex 34.9607 26.2547 0
      vertex 34.9607 26.2547 0.4
    endloop
  endfacet
  facet normal -0.650256 -0.759715 0
    outer loop
      vertex 34.8361 26.3843 0
      vertex 34.9062 26.3243 0.4
      vertex 34.8361 26.3843 0.4
    endloop
  endfacet
  facet normal -0.650256 -0.759715 -0
    outer loop
      vertex 34.9062 26.3243 0.4
      vertex 34.8361 26.3843 0
      vertex 34.9062 26.3243 0
    endloop
  endfacet
  facet normal -0.503681 -0.86389 0
    outer loop
      vertex 34.7512 26.4338 0
      vertex 34.8361 26.3843 0.4
      vertex 34.7512 26.4338 0.4
    endloop
  endfacet
  facet normal -0.503681 -0.86389 -0
    outer loop
      vertex 34.8361 26.3843 0.4
      vertex 34.7512 26.4338 0
      vertex 34.8361 26.3843 0
    endloop
  endfacet
  facet normal -0.362945 -0.93181 0
    outer loop
      vertex 34.6521 26.4724 0
      vertex 34.7512 26.4338 0.4
      vertex 34.6521 26.4724 0.4
    endloop
  endfacet
  facet normal -0.362945 -0.93181 -0
    outer loop
      vertex 34.7512 26.4338 0.4
      vertex 34.6521 26.4724 0
      vertex 34.7512 26.4338 0
    endloop
  endfacet
  facet normal -0.236067 -0.971737 0
    outer loop
      vertex 34.5389 26.4999 0
      vertex 34.6521 26.4724 0.4
      vertex 34.5389 26.4999 0.4
    endloop
  endfacet
  facet normal -0.236067 -0.971737 -0
    outer loop
      vertex 34.6521 26.4724 0.4
      vertex 34.5389 26.4999 0
      vertex 34.6521 26.4724 0
    endloop
  endfacet
  facet normal -0.128441 -0.991717 0
    outer loop
      vertex 34.4115 26.5164 0
      vertex 34.5389 26.4999 0.4
      vertex 34.4115 26.5164 0.4
    endloop
  endfacet
  facet normal -0.128441 -0.991717 -0
    outer loop
      vertex 34.5389 26.4999 0.4
      vertex 34.4115 26.5164 0
      vertex 34.5389 26.4999 0
    endloop
  endfacet
  facet normal -0.0388125 -0.999247 0
    outer loop
      vertex 34.2699 26.5219 0
      vertex 34.4115 26.5164 0.4
      vertex 34.2699 26.5219 0.4
    endloop
  endfacet
  facet normal -0.0388125 -0.999247 -0
    outer loop
      vertex 34.4115 26.5164 0.4
      vertex 34.2699 26.5219 0
      vertex 34.4115 26.5164 0
    endloop
  endfacet
  facet normal 0.0325753 -0.999469 0
    outer loop
      vertex 34.1349 26.5175 0
      vertex 34.2699 26.5219 0.4
      vertex 34.1349 26.5175 0.4
    endloop
  endfacet
  facet normal 0.0325753 -0.999469 0
    outer loop
      vertex 34.2699 26.5219 0.4
      vertex 34.1349 26.5175 0
      vertex 34.2699 26.5219 0
    endloop
  endfacet
  facet normal 0.110161 -0.993914 0
    outer loop
      vertex 34.014 26.5041 0
      vertex 34.1349 26.5175 0.4
      vertex 34.014 26.5041 0.4
    endloop
  endfacet
  facet normal 0.110161 -0.993914 0
    outer loop
      vertex 34.1349 26.5175 0.4
      vertex 34.014 26.5041 0
      vertex 34.1349 26.5175 0
    endloop
  endfacet
  facet normal 0.203515 -0.979072 0
    outer loop
      vertex 33.9072 26.4819 0
      vertex 34.014 26.5041 0.4
      vertex 33.9072 26.4819 0.4
    endloop
  endfacet
  facet normal 0.203515 -0.979072 0
    outer loop
      vertex 34.014 26.5041 0.4
      vertex 33.9072 26.4819 0
      vertex 34.014 26.5041 0
    endloop
  endfacet
  facet normal 0.318686 -0.94786 0
    outer loop
      vertex 33.8147 26.4508 0
      vertex 33.9072 26.4819 0.4
      vertex 33.8147 26.4508 0.4
    endloop
  endfacet
  facet normal 0.318686 -0.94786 0
    outer loop
      vertex 33.9072 26.4819 0.4
      vertex 33.8147 26.4508 0
      vertex 33.9072 26.4819 0
    endloop
  endfacet
  facet normal 0.454911 -0.890537 0
    outer loop
      vertex 33.7362 26.4107 0
      vertex 33.8147 26.4508 0.4
      vertex 33.7362 26.4107 0.4
    endloop
  endfacet
  facet normal 0.454911 -0.890537 0
    outer loop
      vertex 33.8147 26.4508 0.4
      vertex 33.7362 26.4107 0
      vertex 33.8147 26.4508 0
    endloop
  endfacet
  facet normal 0.604992 -0.796232 0
    outer loop
      vertex 33.67 26.3604 0
      vertex 33.7362 26.4107 0.4
      vertex 33.67 26.3604 0.4
    endloop
  endfacet
  facet normal 0.604992 -0.796232 0
    outer loop
      vertex 33.7362 26.4107 0.4
      vertex 33.67 26.3604 0
      vertex 33.7362 26.4107 0
    endloop
  endfacet
  facet normal 0.740968 -0.67154 0
    outer loop
      vertex 33.6139 26.2985 0.4
      vertex 33.67 26.3604 0
      vertex 33.67 26.3604 0.4
    endloop
  endfacet
  facet normal 0.740968 -0.67154 0
    outer loop
      vertex 33.67 26.3604 0
      vertex 33.6139 26.2985 0.4
      vertex 33.6139 26.2985 0
    endloop
  endfacet
  facet normal 0.847674 -0.530517 0
    outer loop
      vertex 33.5679 26.225 0.4
      vertex 33.6139 26.2985 0
      vertex 33.6139 26.2985 0.4
    endloop
  endfacet
  facet normal 0.847674 -0.530517 0
    outer loop
      vertex 33.6139 26.2985 0
      vertex 33.5679 26.225 0.4
      vertex 33.5679 26.225 0
    endloop
  endfacet
  facet normal 0.92137 -0.388686 0
    outer loop
      vertex 33.532 26.1399 0.4
      vertex 33.5679 26.225 0
      vertex 33.5679 26.225 0.4
    endloop
  endfacet
  facet normal 0.92137 -0.388686 0
    outer loop
      vertex 33.5679 26.225 0
      vertex 33.532 26.1399 0.4
      vertex 33.532 26.1399 0
    endloop
  endfacet
  facet normal 0.96645 -0.256854 0
    outer loop
      vertex 33.5063 26.0432 0.4
      vertex 33.532 26.1399 0
      vertex 33.532 26.1399 0.4
    endloop
  endfacet
  facet normal 0.96645 -0.256854 0
    outer loop
      vertex 33.532 26.1399 0
      vertex 33.5063 26.0432 0.4
      vertex 33.5063 26.0432 0
    endloop
  endfacet
  facet normal 0.135125 0.990829 -0
    outer loop
      vertex 33.8942 25.9903 0
      vertex 33.5063 26.0432 0.4
      vertex 33.8942 25.9903 0.4
    endloop
  endfacet
  facet normal 0.135125 0.990829 0
    outer loop
      vertex 33.5063 26.0432 0.4
      vertex 33.8942 25.9903 0
      vertex 33.5063 26.0432 0
    endloop
  endfacet
  facet normal -0.955955 0.293513 0
    outer loop
      vertex 33.8942 25.9903 0
      vertex 33.9086 26.0372 0.4
      vertex 33.9086 26.0372 0
    endloop
  endfacet
  facet normal -0.955955 0.293513 0
    outer loop
      vertex 33.9086 26.0372 0.4
      vertex 33.8942 25.9903 0
      vertex 33.8942 25.9903 0.4
    endloop
  endfacet
  facet normal -0.907833 0.419332 0
    outer loop
      vertex 33.9086 26.0372 0
      vertex 33.928 26.0792 0.4
      vertex 33.928 26.0792 0
    endloop
  endfacet
  facet normal -0.907833 0.419332 0
    outer loop
      vertex 33.928 26.0792 0.4
      vertex 33.9086 26.0372 0
      vertex 33.9086 26.0372 0.4
    endloop
  endfacet
  facet normal -0.837207 0.546885 0
    outer loop
      vertex 33.928 26.0792 0
      vertex 33.9523 26.1164 0.4
      vertex 33.9523 26.1164 0
    endloop
  endfacet
  facet normal -0.837207 0.546885 0
    outer loop
      vertex 33.9523 26.1164 0.4
      vertex 33.928 26.0792 0
      vertex 33.928 26.0792 0.4
    endloop
  endfacet
  facet normal -0.741808 0.670613 0
    outer loop
      vertex 33.9523 26.1164 0
      vertex 33.9815 26.1487 0.4
      vertex 33.9815 26.1487 0
    endloop
  endfacet
  facet normal -0.741808 0.670613 0
    outer loop
      vertex 33.9815 26.1487 0.4
      vertex 33.9523 26.1164 0
      vertex 33.9523 26.1164 0.4
    endloop
  endfacet
  facet normal -0.626366 0.779529 0
    outer loop
      vertex 34.0156 26.1761 0
      vertex 33.9815 26.1487 0.4
      vertex 34.0156 26.1761 0.4
    endloop
  endfacet
  facet normal -0.626366 0.779529 0
    outer loop
      vertex 33.9815 26.1487 0.4
      vertex 34.0156 26.1761 0
      vertex 33.9815 26.1487 0
    endloop
  endfacet
  facet normal -0.490469 0.871459 0
    outer loop
      vertex 34.0554 26.1985 0
      vertex 34.0156 26.1761 0.4
      vertex 34.0554 26.1985 0.4
    endloop
  endfacet
  facet normal -0.490469 0.871459 0
    outer loop
      vertex 34.0156 26.1761 0.4
      vertex 34.0554 26.1985 0
      vertex 34.0156 26.1761 0
    endloop
  endfacet
  facet normal -0.354227 0.935159 0
    outer loop
      vertex 34.1016 26.216 0
      vertex 34.0554 26.1985 0.4
      vertex 34.1016 26.216 0.4
    endloop
  endfacet
  facet normal -0.354227 0.935159 0
    outer loop
      vertex 34.0554 26.1985 0.4
      vertex 34.1016 26.216 0
      vertex 34.0554 26.1985 0
    endloop
  endfacet
  facet normal -0.232039 0.972707 0
    outer loop
      vertex 34.154 26.2285 0
      vertex 34.1016 26.216 0.4
      vertex 34.154 26.2285 0.4
    endloop
  endfacet
  facet normal -0.232039 0.972707 0
    outer loop
      vertex 34.1016 26.216 0.4
      vertex 34.154 26.2285 0
      vertex 34.1016 26.216 0
    endloop
  endfacet
  facet normal -0.126315 0.99199 0
    outer loop
      vertex 34.2129 26.236 0
      vertex 34.154 26.2285 0.4
      vertex 34.2129 26.236 0.4
    endloop
  endfacet
  facet normal -0.126315 0.99199 0
    outer loop
      vertex 34.154 26.2285 0.4
      vertex 34.2129 26.236 0
      vertex 34.154 26.2285 0
    endloop
  endfacet
  facet normal -0.0383154 0.999266 0
    outer loop
      vertex 34.2781 26.2385 0
      vertex 34.2129 26.236 0.4
      vertex 34.2781 26.2385 0.4
    endloop
  endfacet
  facet normal -0.0383154 0.999266 0
    outer loop
      vertex 34.2129 26.236 0.4
      vertex 34.2781 26.2385 0
      vertex 34.2129 26.236 0
    endloop
  endfacet
  facet normal 0.0694041 0.997589 -0
    outer loop
      vertex 34.4089 26.2294 0
      vertex 34.2781 26.2385 0.4
      vertex 34.4089 26.2294 0.4
    endloop
  endfacet
  facet normal 0.0694041 0.997589 0
    outer loop
      vertex 34.2781 26.2385 0.4
      vertex 34.4089 26.2294 0
      vertex 34.2781 26.2385 0
    endloop
  endfacet
  facet normal 0.259905 0.965634 -0
    outer loop
      vertex 34.5107 26.202 0
      vertex 34.4089 26.2294 0.4
      vertex 34.5107 26.202 0.4
    endloop
  endfacet
  facet normal 0.259905 0.965634 0
    outer loop
      vertex 34.4089 26.2294 0.4
      vertex 34.5107 26.202 0
      vertex 34.4089 26.2294 0
    endloop
  endfacet
  facet normal 0.530523 0.847671 -0
    outer loop
      vertex 34.5834 26.1565 0
      vertex 34.5107 26.202 0.4
      vertex 34.5834 26.1565 0.4
    endloop
  endfacet
  facet normal 0.530523 0.847671 0
    outer loop
      vertex 34.5107 26.202 0.4
      vertex 34.5834 26.1565 0
      vertex 34.5107 26.202 0
    endloop
  endfacet
  facet normal 0.825625 0.56422 0
    outer loop
      vertex 34.627 26.0927 0.4
      vertex 34.5834 26.1565 0
      vertex 34.5834 26.1565 0.4
    endloop
  endfacet
  facet normal 0.825625 0.56422 0
    outer loop
      vertex 34.5834 26.1565 0
      vertex 34.627 26.0927 0.4
      vertex 34.627 26.0927 0
    endloop
  endfacet
  facet normal 0.984759 0.173922 0
    outer loop
      vertex 34.6415 26.0106 0.4
      vertex 34.627 26.0927 0
      vertex 34.627 26.0927 0.4
    endloop
  endfacet
  facet normal 0.984759 0.173922 0
    outer loop
      vertex 34.627 26.0927 0
      vertex 34.6415 26.0106 0.4
      vertex 34.6415 26.0106 0
    endloop
  endfacet
  facet normal 0.998637 -0.0521936 0
    outer loop
      vertex 34.64 25.9819 0.4
      vertex 34.6415 26.0106 0
      vertex 34.6415 26.0106 0.4
    endloop
  endfacet
  facet normal 0.998637 -0.0521936 0
    outer loop
      vertex 34.6415 26.0106 0
      vertex 34.64 25.9819 0.4
      vertex 34.64 25.9819 0
    endloop
  endfacet
  facet normal 0.984746 -0.173997 0
    outer loop
      vertex 34.6353 25.9553 0.4
      vertex 34.64 25.9819 0
      vertex 34.64 25.9819 0.4
    endloop
  endfacet
  facet normal 0.984746 -0.173997 0
    outer loop
      vertex 34.64 25.9819 0
      vertex 34.6353 25.9553 0.4
      vertex 34.6353 25.9553 0
    endloop
  endfacet
  facet normal 0.953642 -0.300944 0
    outer loop
      vertex 34.6276 25.9309 0.4
      vertex 34.6353 25.9553 0
      vertex 34.6353 25.9553 0.4
    endloop
  endfacet
  facet normal 0.953642 -0.300944 0
    outer loop
      vertex 34.6353 25.9553 0
      vertex 34.6276 25.9309 0.4
      vertex 34.6276 25.9309 0
    endloop
  endfacet
  facet normal 0.900006 -0.435877 0
    outer loop
      vertex 34.6168 25.9086 0.4
      vertex 34.6276 25.9309 0
      vertex 34.6276 25.9309 0.4
    endloop
  endfacet
  facet normal 0.900006 -0.435877 0
    outer loop
      vertex 34.6276 25.9309 0
      vertex 34.6168 25.9086 0.4
      vertex 34.6168 25.9086 0
    endloop
  endfacet
  facet normal 0.821156 -0.570704 0
    outer loop
      vertex 34.6029 25.8886 0.4
      vertex 34.6168 25.9086 0
      vertex 34.6168 25.9086 0.4
    endloop
  endfacet
  facet normal 0.821156 -0.570704 0
    outer loop
      vertex 34.6168 25.9086 0
      vertex 34.6029 25.8886 0.4
      vertex 34.6029 25.8886 0
    endloop
  endfacet
  facet normal 0.736328 -0.676625 0
    outer loop
      vertex 34.5859 25.8701 0.4
      vertex 34.6029 25.8886 0
      vertex 34.6029 25.8886 0.4
    endloop
  endfacet
  facet normal 0.736328 -0.676625 0
    outer loop
      vertex 34.6029 25.8886 0
      vertex 34.5859 25.8701 0.4
      vertex 34.5859 25.8701 0
    endloop
  endfacet
  facet normal 0.653917 -0.756566 0
    outer loop
      vertex 34.566 25.8529 0
      vertex 34.5859 25.8701 0.4
      vertex 34.566 25.8529 0.4
    endloop
  endfacet
  facet normal 0.653917 -0.756566 0
    outer loop
      vertex 34.5859 25.8701 0.4
      vertex 34.566 25.8529 0
      vertex 34.5859 25.8701 0
    endloop
  endfacet
  facet normal 0.577523 -0.816375 0
    outer loop
      vertex 34.5431 25.8367 0
      vertex 34.566 25.8529 0.4
      vertex 34.5431 25.8367 0.4
    endloop
  endfacet
  facet normal 0.577523 -0.816375 0
    outer loop
      vertex 34.566 25.8529 0.4
      vertex 34.5431 25.8367 0
      vertex 34.566 25.8529 0
    endloop
  endfacet
  facet normal 0.501168 -0.86535 0
    outer loop
      vertex 34.5172 25.8217 0
      vertex 34.5431 25.8367 0.4
      vertex 34.5172 25.8217 0.4
    endloop
  endfacet
  facet normal 0.501168 -0.86535 0
    outer loop
      vertex 34.5431 25.8367 0.4
      vertex 34.5172 25.8217 0
      vertex 34.5431 25.8367 0
    endloop
  endfacet
  facet normal 0.430903 -0.902398 0
    outer loop
      vertex 34.4883 25.8079 0
      vertex 34.5172 25.8217 0.4
      vertex 34.4883 25.8079 0.4
    endloop
  endfacet
  facet normal 0.430903 -0.902398 0
    outer loop
      vertex 34.5172 25.8217 0.4
      vertex 34.4883 25.8079 0
      vertex 34.5172 25.8217 0
    endloop
  endfacet
  facet normal 0.357268 -0.934002 0
    outer loop
      vertex 34.4517 25.7939 0
      vertex 34.4883 25.8079 0.4
      vertex 34.4517 25.7939 0.4
    endloop
  endfacet
  facet normal 0.357268 -0.934002 0
    outer loop
      vertex 34.4883 25.8079 0.4
      vertex 34.4517 25.7939 0
      vertex 34.4883 25.8079 0
    endloop
  endfacet
  facet normal 0.2975 -0.954722 0
    outer loop
      vertex 34.4026 25.7786 0
      vertex 34.4517 25.7939 0.4
      vertex 34.4026 25.7786 0.4
    endloop
  endfacet
  facet normal 0.2975 -0.954722 0
    outer loop
      vertex 34.4517 25.7939 0.4
      vertex 34.4026 25.7786 0
      vertex 34.4517 25.7939 0
    endloop
  endfacet
  facet normal 0.261659 -0.96516 0
    outer loop
      vertex 34.341 25.7619 0
      vertex 34.4026 25.7786 0.4
      vertex 34.341 25.7619 0.4
    endloop
  endfacet
  facet normal 0.261659 -0.96516 0
    outer loop
      vertex 34.4026 25.7786 0.4
      vertex 34.341 25.7619 0
      vertex 34.4026 25.7786 0
    endloop
  endfacet
  facet normal 0.237288 -0.971439 0
    outer loop
      vertex 34.2669 25.7438 0
      vertex 34.341 25.7619 0.4
      vertex 34.2669 25.7438 0.4
    endloop
  endfacet
  facet normal 0.237288 -0.971439 0
    outer loop
      vertex 34.341 25.7619 0.4
      vertex 34.2669 25.7438 0
      vertex 34.341 25.7619 0
    endloop
  endfacet
  facet normal 0.218841 -0.975761 0
    outer loop
      vertex 34.1804 25.7244 0
      vertex 34.2669 25.7438 0.4
      vertex 34.1804 25.7244 0.4
    endloop
  endfacet
  facet normal 0.218841 -0.975761 0
    outer loop
      vertex 34.2669 25.7438 0.4
      vertex 34.1804 25.7244 0
      vertex 34.2669 25.7438 0
    endloop
  endfacet
  facet normal 0.215238 -0.976562 0
    outer loop
      vertex 34.0765 25.7015 0
      vertex 34.1804 25.7244 0.4
      vertex 34.0765 25.7015 0.4
    endloop
  endfacet
  facet normal 0.215238 -0.976562 0
    outer loop
      vertex 34.1804 25.7244 0.4
      vertex 34.0765 25.7015 0
      vertex 34.1804 25.7244 0
    endloop
  endfacet
  facet normal 0.237275 -0.971443 0
    outer loop
      vertex 33.9852 25.6792 0
      vertex 34.0765 25.7015 0.4
      vertex 33.9852 25.6792 0.4
    endloop
  endfacet
  facet normal 0.237275 -0.971443 0
    outer loop
      vertex 34.0765 25.7015 0.4
      vertex 33.9852 25.6792 0
      vertex 34.0765 25.7015 0
    endloop
  endfacet
  facet normal 0.26436 -0.964424 0
    outer loop
      vertex 33.9064 25.6576 0
      vertex 33.9852 25.6792 0.4
      vertex 33.9064 25.6576 0.4
    endloop
  endfacet
  facet normal 0.26436 -0.964424 0
    outer loop
      vertex 33.9852 25.6792 0.4
      vertex 33.9064 25.6576 0
      vertex 33.9852 25.6792 0
    endloop
  endfacet
  facet normal 0.299752 -0.954017 0
    outer loop
      vertex 33.8402 25.6368 0
      vertex 33.9064 25.6576 0.4
      vertex 33.8402 25.6368 0.4
    endloop
  endfacet
  facet normal 0.299752 -0.954017 0
    outer loop
      vertex 33.9064 25.6576 0.4
      vertex 33.8402 25.6368 0
      vertex 33.9064 25.6576 0
    endloop
  endfacet
  facet normal 0.351505 -0.936186 0
    outer loop
      vertex 33.7864 25.6166 0
      vertex 33.8402 25.6368 0.4
      vertex 33.7864 25.6166 0.4
    endloop
  endfacet
  facet normal 0.351505 -0.936186 0
    outer loop
      vertex 33.8402 25.6368 0.4
      vertex 33.7864 25.6166 0
      vertex 33.8402 25.6368 0
    endloop
  endfacet
  facet normal 0.409113 -0.912484 0
    outer loop
      vertex 33.7409 25.5962 0
      vertex 33.7864 25.6166 0.4
      vertex 33.7409 25.5962 0.4
    endloop
  endfacet
  facet normal 0.409113 -0.912484 0
    outer loop
      vertex 33.7864 25.6166 0.4
      vertex 33.7409 25.5962 0
      vertex 33.7864 25.6166 0
    endloop
  endfacet
  facet normal 0.465043 -0.885288 0
    outer loop
      vertex 33.6994 25.5744 0
      vertex 33.7409 25.5962 0.4
      vertex 33.6994 25.5744 0.4
    endloop
  endfacet
  facet normal 0.465043 -0.885288 0
    outer loop
      vertex 33.7409 25.5962 0.4
      vertex 33.6994 25.5744 0
      vertex 33.7409 25.5962 0
    endloop
  endfacet
  facet normal 0.521817 -0.853057 0
    outer loop
      vertex 33.6618 25.5514 0
      vertex 33.6994 25.5744 0.4
      vertex 33.6618 25.5514 0.4
    endloop
  endfacet
  facet normal 0.521817 -0.853057 0
    outer loop
      vertex 33.6994 25.5744 0.4
      vertex 33.6618 25.5514 0
      vertex 33.6994 25.5744 0
    endloop
  endfacet
  facet normal 0.587599 -0.809152 0
    outer loop
      vertex 33.6282 25.527 0
      vertex 33.6618 25.5514 0.4
      vertex 33.6282 25.527 0.4
    endloop
  endfacet
  facet normal 0.587599 -0.809152 0
    outer loop
      vertex 33.6618 25.5514 0.4
      vertex 33.6282 25.527 0
      vertex 33.6618 25.5514 0
    endloop
  endfacet
  facet normal 0.65561 -0.7551 0
    outer loop
      vertex 33.5986 25.5013 0
      vertex 33.6282 25.527 0.4
      vertex 33.5986 25.5013 0.4
    endloop
  endfacet
  facet normal 0.65561 -0.7551 0
    outer loop
      vertex 33.6282 25.527 0.4
      vertex 33.5986 25.5013 0
      vertex 33.6282 25.527 0
    endloop
  endfacet
  facet normal 0.718857 -0.695158 0
    outer loop
      vertex 33.5722 25.474 0.4
      vertex 33.5986 25.5013 0
      vertex 33.5986 25.5013 0.4
    endloop
  endfacet
  facet normal 0.718857 -0.695158 0
    outer loop
      vertex 33.5986 25.5013 0
      vertex 33.5722 25.474 0.4
      vertex 33.5722 25.474 0
    endloop
  endfacet
  facet normal 0.778538 -0.627597 0
    outer loop
      vertex 33.5485 25.4446 0.4
      vertex 33.5722 25.474 0
      vertex 33.5722 25.474 0.4
    endloop
  endfacet
  facet normal 0.778538 -0.627597 0
    outer loop
      vertex 33.5722 25.474 0
      vertex 33.5485 25.4446 0.4
      vertex 33.5485 25.4446 0
    endloop
  endfacet
  facet normal 0.829611 -0.558342 0
    outer loop
      vertex 33.5273 25.4131 0.4
      vertex 33.5485 25.4446 0
      vertex 33.5485 25.4446 0.4
    endloop
  endfacet
  facet normal 0.829611 -0.558342 0
    outer loop
      vertex 33.5485 25.4446 0
      vertex 33.5273 25.4131 0.4
      vertex 33.5273 25.4131 0
    endloop
  endfacet
  facet normal 0.87428 -0.485421 0
    outer loop
      vertex 33.5087 25.3796 0.4
      vertex 33.5273 25.4131 0
      vertex 33.5273 25.4131 0.4
    endloop
  endfacet
  facet normal 0.87428 -0.485421 0
    outer loop
      vertex 33.5273 25.4131 0
      vertex 33.5087 25.3796 0.4
      vertex 33.5087 25.3796 0
    endloop
  endfacet
  facet normal 0.91307 -0.407804 0
    outer loop
      vertex 33.4928 25.344 0.4
      vertex 33.5087 25.3796 0
      vertex 33.5087 25.3796 0.4
    endloop
  endfacet
  facet normal 0.91307 -0.407804 0
    outer loop
      vertex 33.5087 25.3796 0
      vertex 33.4928 25.344 0.4
      vertex 33.4928 25.344 0
    endloop
  endfacet
  facet normal 0.943819 -0.330462 0
    outer loop
      vertex 33.4796 25.3063 0.4
      vertex 33.4928 25.344 0
      vertex 33.4928 25.344 0.4
    endloop
  endfacet
  facet normal 0.943819 -0.330462 0
    outer loop
      vertex 33.4928 25.344 0
      vertex 33.4796 25.3063 0.4
      vertex 33.4796 25.3063 0
    endloop
  endfacet
  facet normal 0.968992 -0.247093 0
    outer loop
      vertex 33.4694 25.2663 0.4
      vertex 33.4796 25.3063 0
      vertex 33.4796 25.3063 0.4
    endloop
  endfacet
  facet normal 0.968992 -0.247093 0
    outer loop
      vertex 33.4796 25.3063 0
      vertex 33.4694 25.2663 0.4
      vertex 33.4694 25.2663 0
    endloop
  endfacet
  facet normal 0.984901 -0.173118 0
    outer loop
      vertex 33.462 25.2242 0.4
      vertex 33.4694 25.2663 0
      vertex 33.4694 25.2663 0.4
    endloop
  endfacet
  facet normal 0.984901 -0.173118 0
    outer loop
      vertex 33.4694 25.2663 0
      vertex 33.462 25.2242 0.4
      vertex 33.462 25.2242 0
    endloop
  endfacet
  facet normal 0.995126 -0.098616 0
    outer loop
      vertex 33.4576 25.1798 0.4
      vertex 33.462 25.2242 0
      vertex 33.462 25.2242 0.4
    endloop
  endfacet
  facet normal 0.995126 -0.098616 0
    outer loop
      vertex 33.462 25.2242 0
      vertex 33.4576 25.1798 0.4
      vertex 33.4576 25.1798 0
    endloop
  endfacet
  facet normal 0.999549 -0.0300294 0
    outer loop
      vertex 33.4562 25.1332 0.4
      vertex 33.4576 25.1798 0
      vertex 33.4576 25.1798 0.4
    endloop
  endfacet
  facet normal 0.999549 -0.0300294 0
    outer loop
      vertex 33.4576 25.1798 0
      vertex 33.4562 25.1332 0.4
      vertex 33.4562 25.1332 0
    endloop
  endfacet
  facet normal 0.997011 0.077266 0
    outer loop
      vertex 33.4645 25.0261 0.4
      vertex 33.4562 25.1332 0
      vertex 33.4562 25.1332 0.4
    endloop
  endfacet
  facet normal 0.997011 0.077266 0
    outer loop
      vertex 33.4562 25.1332 0
      vertex 33.4645 25.0261 0.4
      vertex 33.4645 25.0261 0
    endloop
  endfacet
  facet normal 0.967979 0.251032 0
    outer loop
      vertex 33.4895 24.9297 0.4
      vertex 33.4645 25.0261 0
      vertex 33.4645 25.0261 0.4
    endloop
  endfacet
  facet normal 0.967979 0.251032 0
    outer loop
      vertex 33.4645 25.0261 0
      vertex 33.4895 24.9297 0.4
      vertex 33.4895 24.9297 0
    endloop
  endfacet
  facet normal 0.899814 0.436274 0
    outer loop
      vertex 33.5311 24.8439 0.4
      vertex 33.4895 24.9297 0
      vertex 33.4895 24.9297 0.4
    endloop
  endfacet
  facet normal 0.899814 0.436274 0
    outer loop
      vertex 33.4895 24.9297 0
      vertex 33.5311 24.8439 0.4
      vertex 33.5311 24.8439 0
    endloop
  endfacet
  facet normal 0.790707 0.612194 0
    outer loop
      vertex 33.5894 24.7686 0.4
      vertex 33.5311 24.8439 0
      vertex 33.5311 24.8439 0.4
    endloop
  endfacet
  facet normal 0.790707 0.612194 0
    outer loop
      vertex 33.5311 24.8439 0
      vertex 33.5894 24.7686 0.4
      vertex 33.5894 24.7686 0
    endloop
  endfacet
  facet normal 0.653199 0.757186 -0
    outer loop
      vertex 33.6644 24.7039 0
      vertex 33.5894 24.7686 0.4
      vertex 33.6644 24.7039 0.4
    endloop
  endfacet
  facet normal 0.653199 0.757186 0
    outer loop
      vertex 33.5894 24.7686 0.4
      vertex 33.6644 24.7039 0
      vertex 33.5894 24.7686 0
    endloop
  endfacet
  facet normal 0.506813 0.862056 -0
    outer loop
      vertex 33.7554 24.6504 0
      vertex 33.6644 24.7039 0.4
      vertex 33.7554 24.6504 0.4
    endloop
  endfacet
  facet normal 0.506813 0.862056 0
    outer loop
      vertex 33.6644 24.7039 0.4
      vertex 33.7554 24.6504 0
      vertex 33.6644 24.7039 0
    endloop
  endfacet
  facet normal 0.363247 0.931693 -0
    outer loop
      vertex 33.8621 24.6088 0
      vertex 33.7554 24.6504 0.4
      vertex 33.8621 24.6088 0.4
    endloop
  endfacet
  facet normal 0.363247 0.931693 0
    outer loop
      vertex 33.7554 24.6504 0.4
      vertex 33.8621 24.6088 0
      vertex 33.7554 24.6504 0
    endloop
  endfacet
  facet normal 0.2356 0.97185 -0
    outer loop
      vertex 33.9842 24.5792 0
      vertex 33.8621 24.6088 0.4
      vertex 33.9842 24.5792 0.4
    endloop
  endfacet
  facet normal 0.2356 0.97185 0
    outer loop
      vertex 33.8621 24.6088 0.4
      vertex 33.9842 24.5792 0
      vertex 33.8621 24.6088 0
    endloop
  endfacet
  facet normal 0.128816 0.991668 -0
    outer loop
      vertex 34.122 24.5613 0
      vertex 33.9842 24.5792 0.4
      vertex 34.122 24.5613 0.4
    endloop
  endfacet
  facet normal 0.128816 0.991668 0
    outer loop
      vertex 33.9842 24.5792 0.4
      vertex 34.122 24.5613 0
      vertex 33.9842 24.5792 0
    endloop
  endfacet
  facet normal 0.0384331 0.999261 -0
    outer loop
      vertex 34.2754 24.5554 0
      vertex 34.122 24.5613 0.4
      vertex 34.2754 24.5554 0.4
    endloop
  endfacet
  facet normal 0.0384331 0.999261 0
    outer loop
      vertex 34.122 24.5613 0.4
      vertex 34.2754 24.5554 0
      vertex 34.122 24.5613 0
    endloop
  endfacet
  facet normal -0.0369591 0.999317 0
    outer loop
      vertex 34.416 24.5606 0
      vertex 34.2754 24.5554 0.4
      vertex 34.416 24.5606 0.4
    endloop
  endfacet
  facet normal -0.0369591 0.999317 0
    outer loop
      vertex 34.2754 24.5554 0.4
      vertex 34.416 24.5606 0
      vertex 34.2754 24.5554 0
    endloop
  endfacet
  facet normal -0.896341 -0.443366 0
    outer loop
      vertex 17.012 24.847 0
      vertex 16.9797 24.9123 0.4
      vertex 16.9797 24.9123 0
    endloop
  endfacet
  facet normal -0.896341 -0.443366 0
    outer loop
      vertex 16.9797 24.9123 0.4
      vertex 17.012 24.847 0
      vertex 17.012 24.847 0.4
    endloop
  endfacet
  facet normal -0.865762 -0.500456 0
    outer loop
      vertex 16.9797 24.9123 0
      vertex 16.9423 24.977 0.4
      vertex 16.9423 24.977 0
    endloop
  endfacet
  facet normal -0.865762 -0.500456 0
    outer loop
      vertex 16.9423 24.977 0.4
      vertex 16.9797 24.9123 0
      vertex 16.9797 24.9123 0.4
    endloop
  endfacet
  facet normal -0.83305 -0.553197 0
    outer loop
      vertex 16.9423 24.977 0
      vertex 16.8998 25.041 0.4
      vertex 16.8998 25.041 0
    endloop
  endfacet
  facet normal -0.83305 -0.553197 0
    outer loop
      vertex 16.8998 25.041 0.4
      vertex 16.9423 24.977 0
      vertex 16.9423 24.977 0.4
    endloop
  endfacet
  facet normal -0.799848 -0.600202 0
    outer loop
      vertex 16.8998 25.041 0
      vertex 16.8523 25.1043 0.4
      vertex 16.8523 25.1043 0
    endloop
  endfacet
  facet normal -0.799848 -0.600202 0
    outer loop
      vertex 16.8523 25.1043 0.4
      vertex 16.8998 25.041 0
      vertex 16.8998 25.041 0.4
    endloop
  endfacet
  facet normal -0.766716 -0.641987 0
    outer loop
      vertex 16.8523 25.1043 0
      vertex 16.7998 25.167 0.4
      vertex 16.7998 25.167 0
    endloop
  endfacet
  facet normal -0.766716 -0.641987 0
    outer loop
      vertex 16.7998 25.167 0.4
      vertex 16.8523 25.1043 0
      vertex 16.8523 25.1043 0.4
    endloop
  endfacet
  facet normal -0.73628 -0.676677 0
    outer loop
      vertex 16.7998 25.167 0
      vertex 16.7419 25.23 0.4
      vertex 16.7419 25.23 0
    endloop
  endfacet
  facet normal -0.73628 -0.676677 0
    outer loop
      vertex 16.7419 25.23 0.4
      vertex 16.7998 25.167 0
      vertex 16.7998 25.167 0.4
    endloop
  endfacet
  facet normal -0.70932 -0.704887 0
    outer loop
      vertex 16.7419 25.23 0
      vertex 16.6783 25.294 0.4
      vertex 16.6783 25.294 0
    endloop
  endfacet
  facet normal -0.70932 -0.704887 0
    outer loop
      vertex 16.6783 25.294 0.4
      vertex 16.7419 25.23 0
      vertex 16.7419 25.23 0.4
    endloop
  endfacet
  facet normal -0.684675 -0.728848 0
    outer loop
      vertex 16.609 25.3591 0
      vertex 16.6783 25.294 0.4
      vertex 16.609 25.3591 0.4
    endloop
  endfacet
  facet normal -0.684675 -0.728848 -0
    outer loop
      vertex 16.6783 25.294 0.4
      vertex 16.609 25.3591 0
      vertex 16.6783 25.294 0
    endloop
  endfacet
  facet normal -0.661754 -0.749721 0
    outer loop
      vertex 16.534 25.4253 0
      vertex 16.609 25.3591 0.4
      vertex 16.534 25.4253 0.4
    endloop
  endfacet
  facet normal -0.661754 -0.749721 -0
    outer loop
      vertex 16.609 25.3591 0.4
      vertex 16.534 25.4253 0
      vertex 16.609 25.3591 0
    endloop
  endfacet
  facet normal -0.639903 -0.768455 0
    outer loop
      vertex 16.4533 25.4925 0
      vertex 16.534 25.4253 0.4
      vertex 16.4533 25.4925 0.4
    endloop
  endfacet
  facet normal -0.639903 -0.768455 -0
    outer loop
      vertex 16.534 25.4253 0.4
      vertex 16.4533 25.4925 0
      vertex 16.534 25.4253 0
    endloop
  endfacet
  facet normal -0.639483 -0.768805 0
    outer loop
      vertex 16.3778 25.5553 0
      vertex 16.4533 25.4925 0.4
      vertex 16.3778 25.5553 0.4
    endloop
  endfacet
  facet normal -0.639483 -0.768805 -0
    outer loop
      vertex 16.4533 25.4925 0.4
      vertex 16.3778 25.5553 0
      vertex 16.4533 25.4925 0
    endloop
  endfacet
  facet normal -0.662598 -0.748975 0
    outer loop
      vertex 16.3119 25.6136 0
      vertex 16.3778 25.5553 0.4
      vertex 16.3119 25.6136 0.4
    endloop
  endfacet
  facet normal -0.662598 -0.748975 -0
    outer loop
      vertex 16.3778 25.5553 0.4
      vertex 16.3119 25.6136 0
      vertex 16.3778 25.5553 0
    endloop
  endfacet
  facet normal -0.690201 -0.723618 0
    outer loop
      vertex 16.2556 25.6673 0
      vertex 16.3119 25.6136 0.4
      vertex 16.2556 25.6673 0.4
    endloop
  endfacet
  facet normal -0.690201 -0.723618 -0
    outer loop
      vertex 16.3119 25.6136 0.4
      vertex 16.2556 25.6673 0
      vertex 16.3119 25.6136 0
    endloop
  endfacet
  facet normal -0.725294 -0.688439 0
    outer loop
      vertex 16.2556 25.6673 0
      vertex 16.2089 25.7165 0.4
      vertex 16.2089 25.7165 0
    endloop
  endfacet
  facet normal -0.725294 -0.688439 0
    outer loop
      vertex 16.2089 25.7165 0.4
      vertex 16.2556 25.6673 0
      vertex 16.2556 25.6673 0.4
    endloop
  endfacet
  facet normal -0.769634 -0.638485 0
    outer loop
      vertex 16.2089 25.7165 0
      vertex 16.1719 25.7611 0.4
      vertex 16.1719 25.7611 0
    endloop
  endfacet
  facet normal -0.769634 -0.638485 0
    outer loop
      vertex 16.1719 25.7611 0.4
      vertex 16.2089 25.7165 0
      vertex 16.2089 25.7165 0.4
    endloop
  endfacet
  facet normal -0.822614 -0.5686 0
    outer loop
      vertex 16.1719 25.7611 0
      vertex 16.1428 25.8032 0.4
      vertex 16.1428 25.8032 0
    endloop
  endfacet
  facet normal -0.822614 -0.5686 0
    outer loop
      vertex 16.1428 25.8032 0.4
      vertex 16.1719 25.7611 0
      vertex 16.1719 25.7611 0.4
    endloop
  endfacet
  facet normal -0.880134 -0.474726 0
    outer loop
      vertex 16.1428 25.8032 0
      vertex 16.1202 25.8451 0.4
      vertex 16.1202 25.8451 0
    endloop
  endfacet
  facet normal -0.880134 -0.474726 0
    outer loop
      vertex 16.1202 25.8451 0.4
      vertex 16.1428 25.8032 0
      vertex 16.1428 25.8032 0.4
    endloop
  endfacet
  facet normal -0.932005 -0.362446 0
    outer loop
      vertex 16.1202 25.8451 0
      vertex 16.1041 25.8865 0.4
      vertex 16.1041 25.8865 0
    endloop
  endfacet
  facet normal -0.932005 -0.362446 0
    outer loop
      vertex 16.1041 25.8865 0.4
      vertex 16.1202 25.8451 0
      vertex 16.1202 25.8451 0.4
    endloop
  endfacet
  facet normal -0.973386 -0.229171 0
    outer loop
      vertex 16.1041 25.8865 0
      vertex 16.0944 25.9277 0.4
      vertex 16.0944 25.9277 0
    endloop
  endfacet
  facet normal -0.973386 -0.229171 0
    outer loop
      vertex 16.0944 25.9277 0.4
      vertex 16.1041 25.8865 0
      vertex 16.1041 25.8865 0.4
    endloop
  endfacet
  facet normal -0.996953 -0.0780012 0
    outer loop
      vertex 16.0944 25.9277 0
      vertex 16.0912 25.9686 0.4
      vertex 16.0912 25.9686 0
    endloop
  endfacet
  facet normal -0.996953 -0.0780012 0
    outer loop
      vertex 16.0912 25.9686 0.4
      vertex 16.0944 25.9277 0
      vertex 16.0944 25.9277 0.4
    endloop
  endfacet
  facet normal -0.993857 0.110674 0
    outer loop
      vertex 16.0912 25.9686 0
      vertex 16.1012 26.0584 0.4
      vertex 16.1012 26.0584 0
    endloop
  endfacet
  facet normal -0.993857 0.110674 0
    outer loop
      vertex 16.1012 26.0584 0.4
      vertex 16.0912 25.9686 0
      vertex 16.0912 25.9686 0.4
    endloop
  endfacet
  facet normal -0.918464 0.395505 0
    outer loop
      vertex 16.1012 26.0584 0
      vertex 16.1313 26.1283 0.4
      vertex 16.1313 26.1283 0
    endloop
  endfacet
  facet normal -0.918464 0.395505 0
    outer loop
      vertex 16.1313 26.1283 0.4
      vertex 16.1012 26.0584 0
      vertex 16.1012 26.0584 0.4
    endloop
  endfacet
  facet normal -0.704984 0.709223 0
    outer loop
      vertex 16.1815 26.1782 0
      vertex 16.1313 26.1283 0.4
      vertex 16.1815 26.1782 0.4
    endloop
  endfacet
  facet normal -0.704984 0.709223 0
    outer loop
      vertex 16.1313 26.1283 0.4
      vertex 16.1815 26.1782 0
      vertex 16.1313 26.1283 0
    endloop
  endfacet
  facet normal -0.392971 0.919551 0
    outer loop
      vertex 16.2517 26.2082 0
      vertex 16.1815 26.1782 0.4
      vertex 16.2517 26.2082 0.4
    endloop
  endfacet
  facet normal -0.392971 0.919551 0
    outer loop
      vertex 16.1815 26.1782 0.4
      vertex 16.2517 26.2082 0
      vertex 16.1815 26.1782 0
    endloop
  endfacet
  facet normal -0.108862 0.994057 0
    outer loop
      vertex 16.3421 26.2181 0
      vertex 16.2517 26.2082 0.4
      vertex 16.3421 26.2181 0.4
    endloop
  endfacet
  facet normal -0.108862 0.994057 0
    outer loop
      vertex 16.2517 26.2082 0.4
      vertex 16.3421 26.2181 0
      vertex 16.2517 26.2082 0
    endloop
  endfacet
  facet normal 0.0558268 0.99844 -0
    outer loop
      vertex 16.3886 26.2155 0
      vertex 16.3421 26.2181 0.4
      vertex 16.3886 26.2155 0.4
    endloop
  endfacet
  facet normal 0.0558268 0.99844 0
    outer loop
      vertex 16.3421 26.2181 0.4
      vertex 16.3886 26.2155 0
      vertex 16.3421 26.2181 0
    endloop
  endfacet
  facet normal 0.18528 0.982686 -0
    outer loop
      vertex 16.4305 26.2076 0
      vertex 16.3886 26.2155 0.4
      vertex 16.4305 26.2076 0.4
    endloop
  endfacet
  facet normal 0.18528 0.982686 0
    outer loop
      vertex 16.3886 26.2155 0.4
      vertex 16.4305 26.2076 0
      vertex 16.3886 26.2155 0
    endloop
  endfacet
  facet normal 0.333613 0.94271 -0
    outer loop
      vertex 16.4678 26.1944 0
      vertex 16.4305 26.2076 0.4
      vertex 16.4678 26.1944 0.4
    endloop
  endfacet
  facet normal 0.333613 0.94271 0
    outer loop
      vertex 16.4305 26.2076 0.4
      vertex 16.4678 26.1944 0
      vertex 16.4305 26.2076 0
    endloop
  endfacet
  facet normal 0.490388 0.871504 -0
    outer loop
      vertex 16.5005 26.176 0
      vertex 16.4678 26.1944 0.4
      vertex 16.5005 26.176 0.4
    endloop
  endfacet
  facet normal 0.490388 0.871504 0
    outer loop
      vertex 16.4678 26.1944 0.4
      vertex 16.5005 26.176 0
      vertex 16.4678 26.1944 0
    endloop
  endfacet
  facet normal 0.646064 0.763283 -0
    outer loop
      vertex 16.5285 26.1523 0
      vertex 16.5005 26.176 0.4
      vertex 16.5285 26.1523 0.4
    endloop
  endfacet
  facet normal 0.646064 0.763283 0
    outer loop
      vertex 16.5005 26.176 0.4
      vertex 16.5285 26.1523 0
      vertex 16.5005 26.176 0
    endloop
  endfacet
  facet normal 0.769311 0.638874 0
    outer loop
      vertex 16.5525 26.1234 0.4
      vertex 16.5285 26.1523 0
      vertex 16.5285 26.1523 0.4
    endloop
  endfacet
  facet normal 0.769311 0.638874 0
    outer loop
      vertex 16.5285 26.1523 0
      vertex 16.5525 26.1234 0.4
      vertex 16.5525 26.1234 0
    endloop
  endfacet
  facet normal 0.859924 0.510423 0
    outer loop
      vertex 16.5728 26.0892 0.4
      vertex 16.5525 26.1234 0
      vertex 16.5525 26.1234 0.4
    endloop
  endfacet
  facet normal 0.859924 0.510423 0
    outer loop
      vertex 16.5525 26.1234 0
      vertex 16.5728 26.0892 0.4
      vertex 16.5728 26.0892 0
    endloop
  endfacet
  facet normal 0.921064 0.389412 0
    outer loop
      vertex 16.5895 26.0497 0.4
      vertex 16.5728 26.0892 0
      vertex 16.5728 26.0892 0.4
    endloop
  endfacet
  facet normal 0.921064 0.389412 0
    outer loop
      vertex 16.5728 26.0892 0
      vertex 16.5895 26.0497 0.4
      vertex 16.5895 26.0497 0
    endloop
  endfacet
  facet normal 0.960216 0.279258 0
    outer loop
      vertex 16.6025 26.005 0.4
      vertex 16.5895 26.0497 0
      vertex 16.5895 26.0497 0.4
    endloop
  endfacet
  facet normal 0.960216 0.279258 0
    outer loop
      vertex 16.5895 26.0497 0
      vertex 16.6025 26.005 0.4
      vertex 16.6025 26.005 0
    endloop
  endfacet
  facet normal 0.982424 0.186661 0
    outer loop
      vertex 16.612 25.955 0.4
      vertex 16.6025 26.005 0
      vertex 16.6025 26.005 0.4
    endloop
  endfacet
  facet normal 0.982424 0.186661 0
    outer loop
      vertex 16.6025 26.005 0
      vertex 16.612 25.955 0.4
      vertex 16.612 25.955 0
    endloop
  endfacet
  facet normal -0.0564497 0.998405 0
    outer loop
      vertex 16.9958 25.9767 0
      vertex 16.612 25.955 0.4
      vertex 16.9958 25.9767 0.4
    endloop
  endfacet
  facet normal -0.0564497 0.998405 0
    outer loop
      vertex 16.612 25.955 0.4
      vertex 16.9958 25.9767 0
      vertex 16.612 25.955 0
    endloop
  endfacet
  facet normal -0.983901 -0.178714 0
    outer loop
      vertex 16.9958 25.9767 0
      vertex 16.9774 26.078 0.4
      vertex 16.9774 26.078 0
    endloop
  endfacet
  facet normal -0.983901 -0.178714 0
    outer loop
      vertex 16.9774 26.078 0.4
      vertex 16.9958 25.9767 0
      vertex 16.9958 25.9767 0.4
    endloop
  endfacet
  facet normal -0.952981 -0.303031 0
    outer loop
      vertex 16.9774 26.078 0
      vertex 16.9484 26.1692 0.4
      vertex 16.9484 26.1692 0
    endloop
  endfacet
  facet normal -0.952981 -0.303031 0
    outer loop
      vertex 16.9484 26.1692 0.4
      vertex 16.9774 26.078 0
      vertex 16.9774 26.078 0.4
    endloop
  endfacet
  facet normal -0.897723 -0.44056 0
    outer loop
      vertex 16.9484 26.1692 0
      vertex 16.9086 26.2503 0.4
      vertex 16.9086 26.2503 0
    endloop
  endfacet
  facet normal -0.897723 -0.44056 0
    outer loop
      vertex 16.9086 26.2503 0.4
      vertex 16.9484 26.1692 0
      vertex 16.9484 26.1692 0.4
    endloop
  endfacet
  facet normal -0.815437 -0.578846 0
    outer loop
      vertex 16.9086 26.2503 0
      vertex 16.8582 26.3213 0.4
      vertex 16.8582 26.3213 0
    endloop
  endfacet
  facet normal -0.815437 -0.578846 0
    outer loop
      vertex 16.8582 26.3213 0.4
      vertex 16.9086 26.2503 0
      vertex 16.9086 26.2503 0.4
    endloop
  endfacet
  facet normal -0.705947 -0.708265 0
    outer loop
      vertex 16.7971 26.3822 0
      vertex 16.8582 26.3213 0.4
      vertex 16.7971 26.3822 0.4
    endloop
  endfacet
  facet normal -0.705947 -0.708265 -0
    outer loop
      vertex 16.8582 26.3213 0.4
      vertex 16.7971 26.3822 0
      vertex 16.8582 26.3213 0
    endloop
  endfacet
  facet normal -0.576458 -0.817127 0
    outer loop
      vertex 16.7258 26.4325 0
      vertex 16.7971 26.3822 0.4
      vertex 16.7258 26.4325 0.4
    endloop
  endfacet
  facet normal -0.576458 -0.817127 -0
    outer loop
      vertex 16.7971 26.3822 0.4
      vertex 16.7258 26.4325 0
      vertex 16.7971 26.3822 0
    endloop
  endfacet
  facet normal -0.43559 -0.900145 0
    outer loop
      vertex 16.645 26.4716 0
      vertex 16.7258 26.4325 0.4
      vertex 16.645 26.4716 0.4
    endloop
  endfacet
  facet normal -0.43559 -0.900145 -0
    outer loop
      vertex 16.7258 26.4325 0.4
      vertex 16.645 26.4716 0
      vertex 16.7258 26.4325 0
    endloop
  endfacet
  facet normal -0.295569 -0.955321 0
    outer loop
      vertex 16.5545 26.4996 0
      vertex 16.645 26.4716 0.4
      vertex 16.5545 26.4996 0.4
    endloop
  endfacet
  facet normal -0.295569 -0.955321 -0
    outer loop
      vertex 16.645 26.4716 0.4
      vertex 16.5545 26.4996 0
      vertex 16.645 26.4716 0
    endloop
  endfacet
  facet normal -0.164559 -0.986367 0
    outer loop
      vertex 16.4544 26.5163 0
      vertex 16.5545 26.4996 0.4
      vertex 16.4544 26.5163 0.4
    endloop
  endfacet
  facet normal -0.164559 -0.986367 -0
    outer loop
      vertex 16.5545 26.4996 0.4
      vertex 16.4544 26.5163 0
      vertex 16.5545 26.4996 0
    endloop
  endfacet
  facet normal -0.0510283 -0.998697 0
    outer loop
      vertex 16.3448 26.5219 0
      vertex 16.4544 26.5163 0.4
      vertex 16.3448 26.5219 0.4
    endloop
  endfacet
  facet normal -0.0510283 -0.998697 -0
    outer loop
      vertex 16.4544 26.5163 0.4
      vertex 16.3448 26.5219 0
      vertex 16.4544 26.5163 0
    endloop
  endfacet
  facet normal 0.0474043 -0.998876 0
    outer loop
      vertex 16.2268 26.5163 0
      vertex 16.3448 26.5219 0.4
      vertex 16.2268 26.5163 0.4
    endloop
  endfacet
  facet normal 0.0474043 -0.998876 0
    outer loop
      vertex 16.3448 26.5219 0.4
      vertex 16.2268 26.5163 0
      vertex 16.3448 26.5219 0
    endloop
  endfacet
  facet normal 0.156868 -0.98762 0
    outer loop
      vertex 16.1204 26.4994 0
      vertex 16.2268 26.5163 0.4
      vertex 16.1204 26.4994 0.4
    endloop
  endfacet
  facet normal 0.156868 -0.98762 0
    outer loop
      vertex 16.2268 26.5163 0.4
      vertex 16.1204 26.4994 0
      vertex 16.2268 26.5163 0
    endloop
  endfacet
  facet normal 0.284845 -0.958574 0
    outer loop
      vertex 16.0255 26.4712 0
      vertex 16.1204 26.4994 0.4
      vertex 16.0255 26.4712 0.4
    endloop
  endfacet
  facet normal 0.284845 -0.958574 0
    outer loop
      vertex 16.1204 26.4994 0.4
      vertex 16.0255 26.4712 0
      vertex 16.1204 26.4994 0
    endloop
  endfacet
  facet normal 0.428505 -0.903539 0
    outer loop
      vertex 15.942 26.4316 0
      vertex 16.0255 26.4712 0.4
      vertex 15.942 26.4316 0.4
    endloop
  endfacet
  facet normal 0.428505 -0.903539 0
    outer loop
      vertex 16.0255 26.4712 0.4
      vertex 15.942 26.4316 0
      vertex 16.0255 26.4712 0
    endloop
  endfacet
  facet normal 0.576281 -0.817251 0
    outer loop
      vertex 15.8701 26.3809 0
      vertex 15.942 26.4316 0.4
      vertex 15.8701 26.3809 0.4
    endloop
  endfacet
  facet normal 0.576281 -0.817251 0
    outer loop
      vertex 15.942 26.4316 0.4
      vertex 15.8701 26.3809 0
      vertex 15.942 26.4316 0
    endloop
  endfacet
  facet normal 0.715267 -0.698851 0
    outer loop
      vertex 15.8105 26.3199 0.4
      vertex 15.8701 26.3809 0
      vertex 15.8701 26.3809 0.4
    endloop
  endfacet
  facet normal 0.715267 -0.698851 0
    outer loop
      vertex 15.8701 26.3809 0
      vertex 15.8105 26.3199 0.4
      vertex 15.8105 26.3199 0
    endloop
  endfacet
  facet normal 0.834423 -0.551124 0
    outer loop
      vertex 15.7642 26.2498 0.4
      vertex 15.8105 26.3199 0
      vertex 15.8105 26.3199 0.4
    endloop
  endfacet
  facet normal 0.834423 -0.551124 0
    outer loop
      vertex 15.8105 26.3199 0
      vertex 15.7642 26.2498 0.4
      vertex 15.7642 26.2498 0
    endloop
  endfacet
  facet normal 0.922663 -0.385608 0
    outer loop
      vertex 15.7311 26.1706 0.4
      vertex 15.7642 26.2498 0
      vertex 15.7642 26.2498 0.4
    endloop
  endfacet
  facet normal 0.922663 -0.385608 0
    outer loop
      vertex 15.7642 26.2498 0
      vertex 15.7311 26.1706 0.4
      vertex 15.7311 26.1706 0
    endloop
  endfacet
  facet normal 0.975533 -0.219854 0
    outer loop
      vertex 15.7112 26.0823 0.4
      vertex 15.7311 26.1706 0
      vertex 15.7311 26.1706 0.4
    endloop
  endfacet
  facet normal 0.975533 -0.219854 0
    outer loop
      vertex 15.7311 26.1706 0
      vertex 15.7112 26.0823 0.4
      vertex 15.7112 26.0823 0
    endloop
  endfacet
  facet normal 0.997712 -0.0676068 0
    outer loop
      vertex 15.7046 25.9849 0.4
      vertex 15.7112 26.0823 0
      vertex 15.7112 26.0823 0.4
    endloop
  endfacet
  facet normal 0.997712 -0.0676068 0
    outer loop
      vertex 15.7112 26.0823 0
      vertex 15.7046 25.9849 0.4
      vertex 15.7046 25.9849 0
    endloop
  endfacet
  facet normal 0.999207 0.0398166 0
    outer loop
      vertex 15.7067 25.9322 0.4
      vertex 15.7046 25.9849 0
      vertex 15.7046 25.9849 0.4
    endloop
  endfacet
  facet normal 0.999207 0.0398166 0
    outer loop
      vertex 15.7046 25.9849 0
      vertex 15.7067 25.9322 0.4
      vertex 15.7067 25.9322 0
    endloop
  endfacet
  facet normal 0.992096 0.125482 0
    outer loop
      vertex 15.7131 25.8816 0.4
      vertex 15.7067 25.9322 0
      vertex 15.7067 25.9322 0.4
    endloop
  endfacet
  facet normal 0.992096 0.125482 0
    outer loop
      vertex 15.7067 25.9322 0
      vertex 15.7131 25.8816 0.4
      vertex 15.7131 25.8816 0
    endloop
  endfacet
  facet normal 0.977031 0.213097 0
    outer loop
      vertex 15.7237 25.833 0.4
      vertex 15.7131 25.8816 0
      vertex 15.7131 25.8816 0.4
    endloop
  endfacet
  facet normal 0.977031 0.213097 0
    outer loop
      vertex 15.7131 25.8816 0
      vertex 15.7237 25.833 0.4
      vertex 15.7237 25.833 0
    endloop
  endfacet
  facet normal 0.952899 0.303288 0
    outer loop
      vertex 15.7385 25.7865 0.4
      vertex 15.7237 25.833 0
      vertex 15.7237 25.833 0.4
    endloop
  endfacet
  facet normal 0.952899 0.303288 0
    outer loop
      vertex 15.7237 25.833 0
      vertex 15.7385 25.7865 0.4
      vertex 15.7385 25.7865 0
    endloop
  endfacet
  facet normal 0.919359 0.393419 0
    outer loop
      vertex 15.7575 25.7421 0.4
      vertex 15.7385 25.7865 0
      vertex 15.7385 25.7865 0.4
    endloop
  endfacet
  facet normal 0.919359 0.393419 0
    outer loop
      vertex 15.7385 25.7865 0
      vertex 15.7575 25.7421 0.4
      vertex 15.7575 25.7421 0
    endloop
  endfacet
  facet normal 0.885547 0.464549 0
    outer loop
      vertex 15.7799 25.6994 0.4
      vertex 15.7575 25.7421 0
      vertex 15.7575 25.7421 0.4
    endloop
  endfacet
  facet normal 0.885547 0.464549 0
    outer loop
      vertex 15.7575 25.7421 0
      vertex 15.7799 25.6994 0.4
      vertex 15.7799 25.6994 0
    endloop
  endfacet
  facet normal 0.858771 0.512359 0
    outer loop
      vertex 15.8046 25.658 0.4
      vertex 15.7799 25.6994 0
      vertex 15.7799 25.6994 0.4
    endloop
  endfacet
  facet normal 0.858771 0.512359 0
    outer loop
      vertex 15.7799 25.6994 0
      vertex 15.8046 25.658 0.4
      vertex 15.8046 25.658 0
    endloop
  endfacet
  facet normal 0.827888 0.560894 0
    outer loop
      vertex 15.8317 25.618 0.4
      vertex 15.8046 25.658 0
      vertex 15.8046 25.658 0.4
    endloop
  endfacet
  facet normal 0.827888 0.560894 0
    outer loop
      vertex 15.8046 25.658 0
      vertex 15.8317 25.618 0.4
      vertex 15.8317 25.618 0
    endloop
  endfacet
  facet normal 0.79529 0.606229 0
    outer loop
      vertex 15.8612 25.5793 0.4
      vertex 15.8317 25.618 0
      vertex 15.8317 25.618 0.4
    endloop
  endfacet
  facet normal 0.79529 0.606229 0
    outer loop
      vertex 15.8317 25.618 0
      vertex 15.8612 25.5793 0.4
      vertex 15.8612 25.5793 0
    endloop
  endfacet
  facet normal 0.759975 0.649952 0
    outer loop
      vertex 15.8931 25.542 0.4
      vertex 15.8612 25.5793 0
      vertex 15.8612 25.5793 0.4
    endloop
  endfacet
  facet normal 0.759975 0.649952 0
    outer loop
      vertex 15.8612 25.5793 0
      vertex 15.8931 25.542 0.4
      vertex 15.8931 25.542 0
    endloop
  endfacet
  facet normal 0.72897 0.684545 0
    outer loop
      vertex 15.927 25.5059 0.4
      vertex 15.8931 25.542 0
      vertex 15.8931 25.542 0.4
    endloop
  endfacet
  facet normal 0.72897 0.684545 0
    outer loop
      vertex 15.8931 25.542 0
      vertex 15.927 25.5059 0.4
      vertex 15.927 25.5059 0
    endloop
  endfacet
  facet normal 0.707107 0.707107 -0
    outer loop
      vertex 15.9623 25.4706 0
      vertex 15.927 25.5059 0.4
      vertex 15.9623 25.4706 0.4
    endloop
  endfacet
  facet normal 0.707107 0.707107 0
    outer loop
      vertex 15.927 25.5059 0.4
      vertex 15.9623 25.4706 0
      vertex 15.927 25.5059 0
    endloop
  endfacet
  facet normal 0.682815 0.730592 -0
    outer loop
      vertex 15.999 25.4363 0
      vertex 15.9623 25.4706 0.4
      vertex 15.999 25.4363 0.4
    endloop
  endfacet
  facet normal 0.682815 0.730592 0
    outer loop
      vertex 15.9623 25.4706 0.4
      vertex 15.999 25.4363 0
      vertex 15.9623 25.4706 0
    endloop
  endfacet
  facet normal 0.658226 0.752821 -0
    outer loop
      vertex 16.0372 25.4029 0
      vertex 15.999 25.4363 0.4
      vertex 16.0372 25.4029 0.4
    endloop
  endfacet
  facet normal 0.658226 0.752821 0
    outer loop
      vertex 15.999 25.4363 0.4
      vertex 16.0372 25.4029 0
      vertex 15.999 25.4363 0
    endloop
  endfacet
  facet normal 0.632281 0.774739 -0
    outer loop
      vertex 16.0769 25.3705 0
      vertex 16.0372 25.4029 0.4
      vertex 16.0769 25.3705 0.4
    endloop
  endfacet
  facet normal 0.632281 0.774739 0
    outer loop
      vertex 16.0372 25.4029 0.4
      vertex 16.0769 25.3705 0
      vertex 16.0372 25.4029 0
    endloop
  endfacet
  facet normal 0.621601 0.783334 -0
    outer loop
      vertex 16.1171 25.3386 0
      vertex 16.0769 25.3705 0.4
      vertex 16.1171 25.3386 0.4
    endloop
  endfacet
  facet normal 0.621601 0.783334 0
    outer loop
      vertex 16.0769 25.3705 0.4
      vertex 16.1171 25.3386 0
      vertex 16.0769 25.3705 0
    endloop
  endfacet
  facet normal 0.621562 0.783365 -0
    outer loop
      vertex 16.1568 25.3071 0
      vertex 16.1171 25.3386 0.4
      vertex 16.1568 25.3071 0.4
    endloop
  endfacet
  facet normal 0.621562 0.783365 0
    outer loop
      vertex 16.1171 25.3386 0.4
      vertex 16.1568 25.3071 0
      vertex 16.1171 25.3386 0
    endloop
  endfacet
  facet normal 0.622746 0.782424 -0
    outer loop
      vertex 16.196 25.2759 0
      vertex 16.1568 25.3071 0.4
      vertex 16.196 25.2759 0.4
    endloop
  endfacet
  facet normal 0.622746 0.782424 0
    outer loop
      vertex 16.1568 25.3071 0.4
      vertex 16.196 25.2759 0
      vertex 16.1568 25.3071 0
    endloop
  endfacet
  facet normal 0.623951 0.781463 -0
    outer loop
      vertex 16.2729 25.2145 0
      vertex 16.196 25.2759 0.4
      vertex 16.2729 25.2145 0.4
    endloop
  endfacet
  facet normal 0.623951 0.781463 0
    outer loop
      vertex 16.196 25.2759 0.4
      vertex 16.2729 25.2145 0
      vertex 16.196 25.2759 0
    endloop
  endfacet
  facet normal 0.631765 0.77516 -0
    outer loop
      vertex 16.3102 25.1841 0
      vertex 16.2729 25.2145 0.4
      vertex 16.3102 25.1841 0.4
    endloop
  endfacet
  facet normal 0.631765 0.77516 0
    outer loop
      vertex 16.2729 25.2145 0.4
      vertex 16.3102 25.1841 0
      vertex 16.2729 25.2145 0
    endloop
  endfacet
  facet normal 0.648694 0.761049 -0
    outer loop
      vertex 16.3461 25.1535 0
      vertex 16.3102 25.1841 0.4
      vertex 16.3461 25.1535 0.4
    endloop
  endfacet
  facet normal 0.648694 0.761049 0
    outer loop
      vertex 16.3102 25.1841 0.4
      vertex 16.3461 25.1535 0
      vertex 16.3102 25.1841 0
    endloop
  endfacet
  facet normal 0.66248 0.749079 -0
    outer loop
      vertex 16.3807 25.1229 0
      vertex 16.3461 25.1535 0.4
      vertex 16.3807 25.1229 0.4
    endloop
  endfacet
  facet normal 0.66248 0.749079 0
    outer loop
      vertex 16.3461 25.1535 0.4
      vertex 16.3807 25.1229 0
      vertex 16.3461 25.1535 0
    endloop
  endfacet
  facet normal 0.680112 0.733108 -0
    outer loop
      vertex 16.4139 25.0921 0
      vertex 16.3807 25.1229 0.4
      vertex 16.4139 25.0921 0.4
    endloop
  endfacet
  facet normal 0.680112 0.733108 0
    outer loop
      vertex 16.3807 25.1229 0.4
      vertex 16.4139 25.0921 0
      vertex 16.3807 25.1229 0
    endloop
  endfacet
  facet normal 0.694595 0.719401 -0
    outer loop
      vertex 16.4458 25.0613 0
      vertex 16.4139 25.0921 0.4
      vertex 16.4458 25.0613 0.4
    endloop
  endfacet
  facet normal 0.694595 0.719401 0
    outer loop
      vertex 16.4139 25.0921 0.4
      vertex 16.4458 25.0613 0
      vertex 16.4139 25.0921 0
    endloop
  endfacet
  facet normal 0.727655 0.685943 0
    outer loop
      vertex 16.4754 25.0299 0.4
      vertex 16.4458 25.0613 0
      vertex 16.4458 25.0613 0.4
    endloop
  endfacet
  facet normal 0.727655 0.685943 0
    outer loop
      vertex 16.4458 25.0613 0
      vertex 16.4754 25.0299 0.4
      vertex 16.4754 25.0299 0
    endloop
  endfacet
  facet normal 0.773315 0.634022 0
    outer loop
      vertex 16.5018 24.9977 0.4
      vertex 16.4754 25.0299 0
      vertex 16.4754 25.0299 0.4
    endloop
  endfacet
  facet normal 0.773315 0.634022 0
    outer loop
      vertex 16.4754 25.0299 0
      vertex 16.5018 24.9977 0.4
      vertex 16.5018 24.9977 0
    endloop
  endfacet
  facet normal 0.818883 0.57396 0
    outer loop
      vertex 16.525 24.9646 0.4
      vertex 16.5018 24.9977 0
      vertex 16.5018 24.9977 0.4
    endloop
  endfacet
  facet normal 0.818883 0.57396 0
    outer loop
      vertex 16.5018 24.9977 0
      vertex 16.525 24.9646 0.4
      vertex 16.525 24.9646 0
    endloop
  endfacet
  facet normal 0.861934 0.50702 0
    outer loop
      vertex 16.545 24.9306 0.4
      vertex 16.525 24.9646 0
      vertex 16.525 24.9646 0.4
    endloop
  endfacet
  facet normal 0.861934 0.50702 0
    outer loop
      vertex 16.525 24.9646 0
      vertex 16.545 24.9306 0.4
      vertex 16.545 24.9306 0
    endloop
  endfacet
  facet normal 0.900552 0.434749 0
    outer loop
      vertex 16.5618 24.8958 0.4
      vertex 16.545 24.9306 0
      vertex 16.545 24.9306 0.4
    endloop
  endfacet
  facet normal 0.900552 0.434749 0
    outer loop
      vertex 16.545 24.9306 0
      vertex 16.5618 24.8958 0.4
      vertex 16.5618 24.8958 0
    endloop
  endfacet
  facet normal 0 -1 0
    outer loop
      vertex 15.6748 24.8958 0
      vertex 16.5618 24.8958 0.4
      vertex 15.6748 24.8958 0.4
    endloop
  endfacet
  facet normal 0 -1 -0
    outer loop
      vertex 16.5618 24.8958 0.4
      vertex 15.6748 24.8958 0
      vertex 16.5618 24.8958 0
    endloop
  endfacet
  facet normal 1 -0 0
    outer loop
      vertex 15.6748 24.5825 0.4
      vertex 15.6748 24.8958 0
      vertex 15.6748 24.8958 0.4
    endloop
  endfacet
  facet normal 1 0 0
    outer loop
      vertex 15.6748 24.8958 0
      vertex 15.6748 24.5825 0.4
      vertex 15.6748 24.5825 0
    endloop
  endfacet
  facet normal 0 1 -0
    outer loop
      vertex 17.012 24.5825 0
      vertex 15.6748 24.5825 0.4
      vertex 17.012 24.5825 0.4
    endloop
  endfacet
  facet normal 0 1 0
    outer loop
      vertex 15.6748 24.5825 0.4
      vertex 17.012 24.5825 0
      vertex 15.6748 24.5825 0
    endloop
  endfacet
  facet normal -1 0 0
    outer loop
      vertex 17.012 24.5825 0
      vertex 17.012 24.847 0.4
      vertex 17.012 24.847 0
    endloop
  endfacet
  facet normal -1 -0 0
    outer loop
      vertex 17.012 24.847 0.4
      vertex 17.012 24.5825 0
      vertex 17.012 24.5825 0.4
    endloop
  endfacet
  facet normal -0.896341 -0.443366 0
    outer loop
      vertex 20.0293 24.847 0
      vertex 19.997 24.9123 0.4
      vertex 19.997 24.9123 0
    endloop
  endfacet
  facet normal -0.896341 -0.443366 0
    outer loop
      vertex 19.997 24.9123 0.4
      vertex 20.0293 24.847 0
      vertex 20.0293 24.847 0.4
    endloop
  endfacet
  facet normal -0.865762 -0.500456 0
    outer loop
      vertex 19.997 24.9123 0
      vertex 19.9596 24.977 0.4
      vertex 19.9596 24.977 0
    endloop
  endfacet
  facet normal -0.865762 -0.500456 0
    outer loop
      vertex 19.9596 24.977 0.4
      vertex 19.997 24.9123 0
      vertex 19.997 24.9123 0.4
    endloop
  endfacet
  facet normal -0.83365 -0.552293 0
    outer loop
      vertex 19.9596 24.977 0
      vertex 19.9172 25.041 0.4
      vertex 19.9172 25.041 0
    endloop
  endfacet
  facet normal -0.83365 -0.552293 0
    outer loop
      vertex 19.9172 25.041 0.4
      vertex 19.9596 24.977 0
      vertex 19.9596 24.977 0.4
    endloop
  endfacet
  facet normal -0.799242 -0.60101 0
    outer loop
      vertex 19.9172 25.041 0
      vertex 19.8696 25.1043 0.4
      vertex 19.8696 25.1043 0
    endloop
  endfacet
  facet normal -0.799242 -0.60101 0
    outer loop
      vertex 19.8696 25.1043 0.4
      vertex 19.9172 25.041 0
      vertex 19.9172 25.041 0.4
    endloop
  endfacet
  facet normal -0.766716 -0.641987 0
    outer loop
      vertex 19.8696 25.1043 0
      vertex 19.8171 25.167 0.4
      vertex 19.8171 25.167 0
    endloop
  endfacet
  facet normal -0.766716 -0.641987 0
    outer loop
      vertex 19.8171 25.167 0.4
      vertex 19.8696 25.1043 0
      vertex 19.8696 25.1043 0.4
    endloop
  endfacet
  facet normal -0.73628 -0.676677 0
    outer loop
      vertex 19.8171 25.167 0
      vertex 19.7592 25.23 0.4
      vertex 19.7592 25.23 0
    endloop
  endfacet
  facet normal -0.73628 -0.676677 0
    outer loop
      vertex 19.7592 25.23 0.4
      vertex 19.8171 25.167 0
      vertex 19.8171 25.167 0.4
    endloop
  endfacet
  facet normal -0.70932 -0.704887 0
    outer loop
      vertex 19.7592 25.23 0
      vertex 19.6956 25.294 0.4
      vertex 19.6956 25.294 0
    endloop
  endfacet
  facet normal -0.70932 -0.704887 0
    outer loop
      vertex 19.6956 25.294 0.4
      vertex 19.7592 25.23 0
      vertex 19.7592 25.23 0.4
    endloop
  endfacet
  facet normal -0.684675 -0.728848 0
    outer loop
      vertex 19.6263 25.3591 0
      vertex 19.6956 25.294 0.4
      vertex 19.6263 25.3591 0.4
    endloop
  endfacet
  facet normal -0.684675 -0.728848 -0
    outer loop
      vertex 19.6956 25.294 0.4
      vertex 19.6263 25.3591 0
      vertex 19.6956 25.294 0
    endloop
  endfacet
  facet normal -0.661754 -0.749721 0
    outer loop
      vertex 19.5513 25.4253 0
      vertex 19.6263 25.3591 0.4
      vertex 19.5513 25.4253 0.4
    endloop
  endfacet
  facet normal -0.661754 -0.749721 -0
    outer loop
      vertex 19.6263 25.3591 0.4
      vertex 19.5513 25.4253 0
      vertex 19.6263 25.3591 0
    endloop
  endfacet
  facet normal -0.639903 -0.768455 0
    outer loop
      vertex 19.4706 25.4925 0
      vertex 19.5513 25.4253 0.4
      vertex 19.4706 25.4925 0.4
    endloop
  endfacet
  facet normal -0.639903 -0.768455 -0
    outer loop
      vertex 19.5513 25.4253 0.4
      vertex 19.4706 25.4925 0
      vertex 19.5513 25.4253 0
    endloop
  endfacet
  facet normal -0.639483 -0.768805 0
    outer loop
      vertex 19.3951 25.5553 0
      vertex 19.4706 25.4925 0.4
      vertex 19.3951 25.5553 0.4
    endloop
  endfacet
  facet normal -0.639483 -0.768805 -0
    outer loop
      vertex 19.4706 25.4925 0.4
      vertex 19.3951 25.5553 0
      vertex 19.4706 25.4925 0
    endloop
  endfacet
  facet normal -0.662598 -0.748975 0
    outer loop
      vertex 19.3292 25.6136 0
      vertex 19.3951 25.5553 0.4
      vertex 19.3292 25.6136 0.4
    endloop
  endfacet
  facet normal -0.662598 -0.748975 -0
    outer loop
      vertex 19.3951 25.5553 0.4
      vertex 19.3292 25.6136 0
      vertex 19.3951 25.5553 0
    endloop
  endfacet
  facet normal -0.690201 -0.723618 0
    outer loop
      vertex 19.2729 25.6673 0
      vertex 19.3292 25.6136 0.4
      vertex 19.2729 25.6673 0.4
    endloop
  endfacet
  facet normal -0.690201 -0.723618 -0
    outer loop
      vertex 19.3292 25.6136 0.4
      vertex 19.2729 25.6673 0
      vertex 19.3292 25.6136 0
    endloop
  endfacet
  facet normal -0.725294 -0.688439 0
    outer loop
      vertex 19.2729 25.6673 0
      vertex 19.2262 25.7165 0.4
      vertex 19.2262 25.7165 0
    endloop
  endfacet
  facet normal -0.725294 -0.688439 0
    outer loop
      vertex 19.2262 25.7165 0.4
      vertex 19.2729 25.6673 0
      vertex 19.2729 25.6673 0.4
    endloop
  endfacet
  facet normal -0.769634 -0.638485 0
    outer loop
      vertex 19.2262 25.7165 0
      vertex 19.1892 25.7611 0.4
      vertex 19.1892 25.7611 0
    endloop
  endfacet
  facet normal -0.769634 -0.638485 0
    outer loop
      vertex 19.1892 25.7611 0.4
      vertex 19.2262 25.7165 0
      vertex 19.2262 25.7165 0.4
    endloop
  endfacet
  facet normal -0.822614 -0.5686 0
    outer loop
      vertex 19.1892 25.7611 0
      vertex 19.1601 25.8032 0.4
      vertex 19.1601 25.8032 0
    endloop
  endfacet
  facet normal -0.822614 -0.5686 0
    outer loop
      vertex 19.1601 25.8032 0.4
      vertex 19.1892 25.7611 0
      vertex 19.1892 25.7611 0.4
    endloop
  endfacet
  facet normal -0.880134 -0.474726 0
    outer loop
      vertex 19.1601 25.8032 0
      vertex 19.1375 25.8451 0.4
      vertex 19.1375 25.8451 0
    endloop
  endfacet
  facet normal -0.880134 -0.474726 0
    outer loop
      vertex 19.1375 25.8451 0.4
      vertex 19.1601 25.8032 0
      vertex 19.1601 25.8032 0.4
    endloop
  endfacet
  facet normal -0.932005 -0.362446 0
    outer loop
      vertex 19.1375 25.8451 0
      vertex 19.1214 25.8865 0.4
      vertex 19.1214 25.8865 0
    endloop
  endfacet
  facet normal -0.932005 -0.362446 0
    outer loop
      vertex 19.1214 25.8865 0.4
      vertex 19.1375 25.8451 0
      vertex 19.1375 25.8451 0.4
    endloop
  endfacet
  facet normal -0.973386 -0.229171 0
    outer loop
      vertex 19.1214 25.8865 0
      vertex 19.1117 25.9277 0.4
      vertex 19.1117 25.9277 0
    endloop
  endfacet
  facet normal -0.973386 -0.229171 0
    outer loop
      vertex 19.1117 25.9277 0.4
      vertex 19.1214 25.8865 0
      vertex 19.1214 25.8865 0.4
    endloop
  endfacet
  facet normal -0.996953 -0.0780012 0
    outer loop
      vertex 19.1117 25.9277 0
      vertex 19.1085 25.9686 0.4
      vertex 19.1085 25.9686 0
    endloop
  endfacet
  facet normal -0.996953 -0.0780012 0
    outer loop
      vertex 19.1085 25.9686 0.4
      vertex 19.1117 25.9277 0
      vertex 19.1117 25.9277 0.4
    endloop
  endfacet
  facet normal -0.993857 0.110674 0
    outer loop
      vertex 19.1085 25.9686 0
      vertex 19.1185 26.0584 0.4
      vertex 19.1185 26.0584 0
    endloop
  endfacet
  facet normal -0.993857 0.110674 0
    outer loop
      vertex 19.1185 26.0584 0.4
      vertex 19.1085 25.9686 0
      vertex 19.1085 25.9686 0.4
    endloop
  endfacet
  facet normal -0.918464 0.395505 0
    outer loop
      vertex 19.1185 26.0584 0
      vertex 19.1486 26.1283 0.4
      vertex 19.1486 26.1283 0
    endloop
  endfacet
  facet normal -0.918464 0.395505 0
    outer loop
      vertex 19.1486 26.1283 0.4
      vertex 19.1185 26.0584 0
      vertex 19.1185 26.0584 0.4
    endloop
  endfacet
  facet normal -0.704984 0.709223 0
    outer loop
      vertex 19.1988 26.1782 0
      vertex 19.1486 26.1283 0.4
      vertex 19.1988 26.1782 0.4
    endloop
  endfacet
  facet normal -0.704984 0.709223 0
    outer loop
      vertex 19.1486 26.1283 0.4
      vertex 19.1988 26.1782 0
      vertex 19.1486 26.1283 0
    endloop
  endfacet
  facet normal -0.392971 0.919551 0
    outer loop
      vertex 19.269 26.2082 0
      vertex 19.1988 26.1782 0.4
      vertex 19.269 26.2082 0.4
    endloop
  endfacet
  facet normal -0.392971 0.919551 0
    outer loop
      vertex 19.1988 26.1782 0.4
      vertex 19.269 26.2082 0
      vertex 19.1988 26.1782 0
    endloop
  endfacet
  facet normal -0.108862 0.994057 0
    outer loop
      vertex 19.3594 26.2181 0
      vertex 19.269 26.2082 0.4
      vertex 19.3594 26.2181 0.4
    endloop
  endfacet
  facet normal -0.108862 0.994057 0
    outer loop
      vertex 19.269 26.2082 0.4
      vertex 19.3594 26.2181 0
      vertex 19.269 26.2082 0
    endloop
  endfacet
  facet normal 0.0558268 0.99844 -0
    outer loop
      vertex 19.4059 26.2155 0
      vertex 19.3594 26.2181 0.4
      vertex 19.4059 26.2155 0.4
    endloop
  endfacet
  facet normal 0.0558268 0.99844 0
    outer loop
      vertex 19.3594 26.2181 0.4
      vertex 19.4059 26.2155 0
      vertex 19.3594 26.2181 0
    endloop
  endfacet
  facet normal 0.18528 0.982686 -0
    outer loop
      vertex 19.4478 26.2076 0
      vertex 19.4059 26.2155 0.4
      vertex 19.4478 26.2076 0.4
    endloop
  endfacet
  facet normal 0.18528 0.982686 0
    outer loop
      vertex 19.4059 26.2155 0.4
      vertex 19.4478 26.2076 0
      vertex 19.4059 26.2155 0
    endloop
  endfacet
  facet normal 0.333613 0.94271 -0
    outer loop
      vertex 19.4851 26.1944 0
      vertex 19.4478 26.2076 0.4
      vertex 19.4851 26.1944 0.4
    endloop
  endfacet
  facet normal 0.333613 0.94271 0
    outer loop
      vertex 19.4478 26.2076 0.4
      vertex 19.4851 26.1944 0
      vertex 19.4478 26.2076 0
    endloop
  endfacet
  facet normal 0.490388 0.871504 -0
    outer loop
      vertex 19.5178 26.176 0
      vertex 19.4851 26.1944 0.4
      vertex 19.5178 26.176 0.4
    endloop
  endfacet
  facet normal 0.490388 0.871504 0
    outer loop
      vertex 19.4851 26.1944 0.4
      vertex 19.5178 26.176 0
      vertex 19.4851 26.1944 0
    endloop
  endfacet
  facet normal 0.644722 0.764417 -0
    outer loop
      vertex 19.5459 26.1523 0
      vertex 19.5178 26.176 0.4
      vertex 19.5459 26.1523 0.4
    endloop
  endfacet
  facet normal 0.644722 0.764417 0
    outer loop
      vertex 19.5178 26.176 0.4
      vertex 19.5459 26.1523 0
      vertex 19.5178 26.176 0
    endloop
  endfacet
  facet normal 0.77062 0.637295 0
    outer loop
      vertex 19.5698 26.1234 0.4
      vertex 19.5459 26.1523 0
      vertex 19.5459 26.1523 0.4
    endloop
  endfacet
  facet normal 0.77062 0.637295 0
    outer loop
      vertex 19.5459 26.1523 0
      vertex 19.5698 26.1234 0.4
      vertex 19.5698 26.1234 0
    endloop
  endfacet
  facet normal 0.859924 0.510423 0
    outer loop
      vertex 19.5901 26.0892 0.4
      vertex 19.5698 26.1234 0
      vertex 19.5698 26.1234 0.4
    endloop
  endfacet
  facet normal 0.859924 0.510423 0
    outer loop
      vertex 19.5698 26.1234 0
      vertex 19.5901 26.0892 0.4
      vertex 19.5901 26.0892 0
    endloop
  endfacet
  facet normal 0.921064 0.389412 0
    outer loop
      vertex 19.6068 26.0497 0.4
      vertex 19.5901 26.0892 0
      vertex 19.5901 26.0892 0.4
    endloop
  endfacet
  facet normal 0.921064 0.389412 0
    outer loop
      vertex 19.5901 26.0892 0
      vertex 19.6068 26.0497 0.4
      vertex 19.6068 26.0497 0
    endloop
  endfacet
  facet normal 0.960216 0.279258 0
    outer loop
      vertex 19.6198 26.005 0.4
      vertex 19.6068 26.0497 0
      vertex 19.6068 26.0497 0.4
    endloop
  endfacet
  facet normal 0.960216 0.279258 0
    outer loop
      vertex 19.6068 26.0497 0
      vertex 19.6198 26.005 0.4
      vertex 19.6198 26.005 0
    endloop
  endfacet
  facet normal 0.982424 0.186661 0
    outer loop
      vertex 19.6293 25.955 0.4
      vertex 19.6198 26.005 0
      vertex 19.6198 26.005 0.4
    endloop
  endfacet
  facet normal 0.982424 0.186661 0
    outer loop
      vertex 19.6198 26.005 0
      vertex 19.6293 25.955 0.4
      vertex 19.6293 25.955 0
    endloop
  endfacet
  facet normal -0.0564497 0.998405 0
    outer loop
      vertex 20.0131 25.9767 0
      vertex 19.6293 25.955 0.4
      vertex 20.0131 25.9767 0.4
    endloop
  endfacet
  facet normal -0.0564497 0.998405 0
    outer loop
      vertex 19.6293 25.955 0.4
      vertex 20.0131 25.9767 0
      vertex 19.6293 25.955 0
    endloop
  endfacet
  facet normal -0.983901 -0.178714 0
    outer loop
      vertex 20.0131 25.9767 0
      vertex 19.9947 26.078 0.4
      vertex 19.9947 26.078 0
    endloop
  endfacet
  facet normal -0.983901 -0.178714 0
    outer loop
      vertex 19.9947 26.078 0.4
      vertex 20.0131 25.9767 0
      vertex 20.0131 25.9767 0.4
    endloop
  endfacet
  facet normal -0.952981 -0.303031 0
    outer loop
      vertex 19.9947 26.078 0
      vertex 19.9657 26.1692 0.4
      vertex 19.9657 26.1692 0
    endloop
  endfacet
  facet normal -0.952981 -0.303031 0
    outer loop
      vertex 19.9657 26.1692 0.4
      vertex 19.9947 26.078 0
      vertex 19.9947 26.078 0.4
    endloop
  endfacet
  facet normal -0.897723 -0.44056 0
    outer loop
      vertex 19.9657 26.1692 0
      vertex 19.9259 26.2503 0.4
      vertex 19.9259 26.2503 0
    endloop
  endfacet
  facet normal -0.897723 -0.44056 0
    outer loop
      vertex 19.9259 26.2503 0.4
      vertex 19.9657 26.1692 0
      vertex 19.9657 26.1692 0.4
    endloop
  endfacet
  facet normal -0.815437 -0.578846 0
    outer loop
      vertex 19.9259 26.2503 0
      vertex 19.8755 26.3213 0.4
      vertex 19.8755 26.3213 0
    endloop
  endfacet
  facet normal -0.815437 -0.578846 0
    outer loop
      vertex 19.8755 26.3213 0.4
      vertex 19.9259 26.2503 0
      vertex 19.9259 26.2503 0.4
    endloop
  endfacet
  facet normal -0.705947 -0.708265 0
    outer loop
      vertex 19.8144 26.3822 0
      vertex 19.8755 26.3213 0.4
      vertex 19.8144 26.3822 0.4
    endloop
  endfacet
  facet normal -0.705947 -0.708265 -0
    outer loop
      vertex 19.8755 26.3213 0.4
      vertex 19.8144 26.3822 0
      vertex 19.8755 26.3213 0
    endloop
  endfacet
  facet normal -0.576458 -0.817127 0
    outer loop
      vertex 19.7431 26.4325 0
      vertex 19.8144 26.3822 0.4
      vertex 19.7431 26.4325 0.4
    endloop
  endfacet
  facet normal -0.576458 -0.817127 -0
    outer loop
      vertex 19.8144 26.3822 0.4
      vertex 19.7431 26.4325 0
      vertex 19.8144 26.3822 0
    endloop
  endfacet
  facet normal -0.43559 -0.900145 0
    outer loop
      vertex 19.6623 26.4716 0
      vertex 19.7431 26.4325 0.4
      vertex 19.6623 26.4716 0.4
    endloop
  endfacet
  facet normal -0.43559 -0.900145 -0
    outer loop
      vertex 19.7431 26.4325 0.4
      vertex 19.6623 26.4716 0
      vertex 19.7431 26.4325 0
    endloop
  endfacet
  facet normal -0.295569 -0.955321 0
    outer loop
      vertex 19.5718 26.4996 0
      vertex 19.6623 26.4716 0.4
      vertex 19.5718 26.4996 0.4
    endloop
  endfacet
  facet normal -0.295569 -0.955321 -0
    outer loop
      vertex 19.6623 26.4716 0.4
      vertex 19.5718 26.4996 0
      vertex 19.6623 26.4716 0
    endloop
  endfacet
  facet normal -0.164719 -0.986341 0
    outer loop
      vertex 19.4718 26.5163 0
      vertex 19.5718 26.4996 0.4
      vertex 19.4718 26.5163 0.4
    endloop
  endfacet
  facet normal -0.164719 -0.986341 -0
    outer loop
      vertex 19.5718 26.4996 0.4
      vertex 19.4718 26.5163 0
      vertex 19.5718 26.4996 0
    endloop
  endfacet
  facet normal -0.0509819 -0.9987 0
    outer loop
      vertex 19.3621 26.5219 0
      vertex 19.4718 26.5163 0.4
      vertex 19.3621 26.5219 0.4
    endloop
  endfacet
  facet normal -0.0509819 -0.9987 -0
    outer loop
      vertex 19.4718 26.5163 0.4
      vertex 19.3621 26.5219 0
      vertex 19.4718 26.5163 0
    endloop
  endfacet
  facet normal 0.0474043 -0.998876 0
    outer loop
      vertex 19.2441 26.5163 0
      vertex 19.3621 26.5219 0.4
      vertex 19.2441 26.5163 0.4
    endloop
  endfacet
  facet normal 0.0474043 -0.998876 0
    outer loop
      vertex 19.3621 26.5219 0.4
      vertex 19.2441 26.5163 0
      vertex 19.3621 26.5219 0
    endloop
  endfacet
  facet normal 0.156868 -0.98762 0
    outer loop
      vertex 19.1377 26.4994 0
      vertex 19.2441 26.5163 0.4
      vertex 19.1377 26.4994 0.4
    endloop
  endfacet
  facet normal 0.156868 -0.98762 0
    outer loop
      vertex 19.2441 26.5163 0.4
      vertex 19.1377 26.4994 0
      vertex 19.2441 26.5163 0
    endloop
  endfacet
  facet normal 0.284845 -0.958574 0
    outer loop
      vertex 19.0428 26.4712 0
      vertex 19.1377 26.4994 0.4
      vertex 19.0428 26.4712 0.4
    endloop
  endfacet
  facet normal 0.284845 -0.958574 0
    outer loop
      vertex 19.1377 26.4994 0.4
      vertex 19.0428 26.4712 0
      vertex 19.1377 26.4994 0
    endloop
  endfacet
  facet normal 0.428505 -0.903539 0
    outer loop
      vertex 18.9593 26.4316 0
      vertex 19.0428 26.4712 0.4
      vertex 18.9593 26.4316 0.4
    endloop
  endfacet
  facet normal 0.428505 -0.903539 0
    outer loop
      vertex 19.0428 26.4712 0.4
      vertex 18.9593 26.4316 0
      vertex 19.0428 26.4712 0
    endloop
  endfacet
  facet normal 0.576281 -0.817251 0
    outer loop
      vertex 18.8874 26.3809 0
      vertex 18.9593 26.4316 0.4
      vertex 18.8874 26.3809 0.4
    endloop
  endfacet
  facet normal 0.576281 -0.817251 0
    outer loop
      vertex 18.9593 26.4316 0.4
      vertex 18.8874 26.3809 0
      vertex 18.9593 26.4316 0
    endloop
  endfacet
  facet normal 0.715267 -0.698851 0
    outer loop
      vertex 18.8278 26.3199 0.4
      vertex 18.8874 26.3809 0
      vertex 18.8874 26.3809 0.4
    endloop
  endfacet
  facet normal 0.715267 -0.698851 0
    outer loop
      vertex 18.8874 26.3809 0
      vertex 18.8278 26.3199 0.4
      vertex 18.8278 26.3199 0
    endloop
  endfacet
  facet normal 0.834423 -0.551124 0
    outer loop
      vertex 18.7815 26.2498 0.4
      vertex 18.8278 26.3199 0
      vertex 18.8278 26.3199 0.4
    endloop
  endfacet
  facet normal 0.834423 -0.551124 0
    outer loop
      vertex 18.8278 26.3199 0
      vertex 18.7815 26.2498 0.4
      vertex 18.7815 26.2498 0
    endloop
  endfacet
  facet normal 0.922663 -0.385608 0
    outer loop
      vertex 18.7484 26.1706 0.4
      vertex 18.7815 26.2498 0
      vertex 18.7815 26.2498 0.4
    endloop
  endfacet
  facet normal 0.922663 -0.385608 0
    outer loop
      vertex 18.7815 26.2498 0
      vertex 18.7484 26.1706 0.4
      vertex 18.7484 26.1706 0
    endloop
  endfacet
  facet normal 0.975769 -0.218802 0
    outer loop
      vertex 18.7286 26.0823 0.4
      vertex 18.7484 26.1706 0
      vertex 18.7484 26.1706 0.4
    endloop
  endfacet
  facet normal 0.975769 -0.218802 0
    outer loop
      vertex 18.7484 26.1706 0
      vertex 18.7286 26.0823 0.4
      vertex 18.7286 26.0823 0
    endloop
  endfacet
  facet normal 0.997642 -0.0686263 0
    outer loop
      vertex 18.7219 25.9849 0.4
      vertex 18.7286 26.0823 0
      vertex 18.7286 26.0823 0.4
    endloop
  endfacet
  facet normal 0.997642 -0.0686263 0
    outer loop
      vertex 18.7286 26.0823 0
      vertex 18.7219 25.9849 0.4
      vertex 18.7219 25.9849 0
    endloop
  endfacet
  facet normal 0.99913 0.0417094 0
    outer loop
      vertex 18.7241 25.9322 0.4
      vertex 18.7219 25.9849 0
      vertex 18.7219 25.9849 0.4
    endloop
  endfacet
  facet normal 0.99913 0.0417094 0
    outer loop
      vertex 18.7219 25.9849 0
      vertex 18.7241 25.9322 0.4
      vertex 18.7241 25.9322 0
    endloop
  endfacet
  facet normal 0.992338 0.123552 0
    outer loop
      vertex 18.7304 25.8816 0.4
      vertex 18.7241 25.9322 0
      vertex 18.7241 25.9322 0.4
    endloop
  endfacet
  facet normal 0.992338 0.123552 0
    outer loop
      vertex 18.7241 25.9322 0
      vertex 18.7304 25.8816 0.4
      vertex 18.7304 25.8816 0
    endloop
  endfacet
  facet normal 0.977031 0.213097 0
    outer loop
      vertex 18.741 25.833 0.4
      vertex 18.7304 25.8816 0
      vertex 18.7304 25.8816 0.4
    endloop
  endfacet
  facet normal 0.977031 0.213097 0
    outer loop
      vertex 18.7304 25.8816 0
      vertex 18.741 25.833 0.4
      vertex 18.741 25.833 0
    endloop
  endfacet
  facet normal 0.952899 0.303288 0
    outer loop
      vertex 18.7558 25.7865 0.4
      vertex 18.741 25.833 0
      vertex 18.741 25.833 0.4
    endloop
  endfacet
  facet normal 0.952899 0.303288 0
    outer loop
      vertex 18.741 25.833 0
      vertex 18.7558 25.7865 0.4
      vertex 18.7558 25.7865 0
    endloop
  endfacet
  facet normal 0.919359 0.393419 0
    outer loop
      vertex 18.7748 25.7421 0.4
      vertex 18.7558 25.7865 0
      vertex 18.7558 25.7865 0.4
    endloop
  endfacet
  facet normal 0.919359 0.393419 0
    outer loop
      vertex 18.7558 25.7865 0
      vertex 18.7748 25.7421 0.4
      vertex 18.7748 25.7421 0
    endloop
  endfacet
  facet normal 0.885547 0.464549 0
    outer loop
      vertex 18.7972 25.6994 0.4
      vertex 18.7748 25.7421 0
      vertex 18.7748 25.7421 0.4
    endloop
  endfacet
  facet normal 0.885547 0.464549 0
    outer loop
      vertex 18.7748 25.7421 0
      vertex 18.7972 25.6994 0.4
      vertex 18.7972 25.6994 0
    endloop
  endfacet
  facet normal 0.858771 0.512359 0
    outer loop
      vertex 18.8219 25.658 0.4
      vertex 18.7972 25.6994 0
      vertex 18.7972 25.6994 0.4
    endloop
  endfacet
  facet normal 0.858771 0.512359 0
    outer loop
      vertex 18.7972 25.6994 0
      vertex 18.8219 25.658 0.4
      vertex 18.8219 25.658 0
    endloop
  endfacet
  facet normal 0.827888 0.560894 0
    outer loop
      vertex 18.849 25.618 0.4
      vertex 18.8219 25.658 0
      vertex 18.8219 25.658 0.4
    endloop
  endfacet
  facet normal 0.827888 0.560894 0
    outer loop
      vertex 18.8219 25.658 0
      vertex 18.849 25.618 0.4
      vertex 18.849 25.618 0
    endloop
  endfacet
  facet normal 0.79529 0.606229 0
    outer loop
      vertex 18.8785 25.5793 0.4
      vertex 18.849 25.618 0
      vertex 18.849 25.618 0.4
    endloop
  endfacet
  facet normal 0.79529 0.606229 0
    outer loop
      vertex 18.849 25.618 0
      vertex 18.8785 25.5793 0.4
      vertex 18.8785 25.5793 0
    endloop
  endfacet
  facet normal 0.758969 0.651126 0
    outer loop
      vertex 18.9105 25.542 0.4
      vertex 18.8785 25.5793 0
      vertex 18.8785 25.5793 0.4
    endloop
  endfacet
  facet normal 0.758969 0.651126 0
    outer loop
      vertex 18.8785 25.5793 0
      vertex 18.9105 25.542 0.4
      vertex 18.9105 25.542 0
    endloop
  endfacet
  facet normal 0.729978 0.68347 0
    outer loop
      vertex 18.9443 25.5059 0.4
      vertex 18.9105 25.542 0
      vertex 18.9105 25.542 0.4
    endloop
  endfacet
  facet normal 0.729978 0.68347 0
    outer loop
      vertex 18.9105 25.542 0
      vertex 18.9443 25.5059 0.4
      vertex 18.9443 25.5059 0
    endloop
  endfacet
  facet normal 0.707107 0.707107 -0
    outer loop
      vertex 18.9796 25.4706 0
      vertex 18.9443 25.5059 0.4
      vertex 18.9796 25.4706 0.4
    endloop
  endfacet
  facet normal 0.707107 0.707107 0
    outer loop
      vertex 18.9443 25.5059 0.4
      vertex 18.9796 25.4706 0
      vertex 18.9443 25.5059 0
    endloop
  endfacet
  facet normal 0.682815 0.730592 -0
    outer loop
      vertex 19.0163 25.4363 0
      vertex 18.9796 25.4706 0.4
      vertex 19.0163 25.4363 0.4
    endloop
  endfacet
  facet normal 0.682815 0.730592 0
    outer loop
      vertex 18.9796 25.4706 0.4
      vertex 19.0163 25.4363 0
      vertex 18.9796 25.4706 0
    endloop
  endfacet
  facet normal 0.658226 0.752821 -0
    outer loop
      vertex 19.0545 25.4029 0
      vertex 19.0163 25.4363 0.4
      vertex 19.0545 25.4029 0.4
    endloop
  endfacet
  facet normal 0.658226 0.752821 0
    outer loop
      vertex 19.0163 25.4363 0.4
      vertex 19.0545 25.4029 0
      vertex 19.0163 25.4363 0
    endloop
  endfacet
  facet normal 0.632281 0.774739 -0
    outer loop
      vertex 19.0942 25.3705 0
      vertex 19.0545 25.4029 0.4
      vertex 19.0942 25.3705 0.4
    endloop
  endfacet
  facet normal 0.632281 0.774739 0
    outer loop
      vertex 19.0545 25.4029 0.4
      vertex 19.0942 25.3705 0
      vertex 19.0545 25.4029 0
    endloop
  endfacet
  facet normal 0.621601 0.783334 -0
    outer loop
      vertex 19.1344 25.3386 0
      vertex 19.0942 25.3705 0.4
      vertex 19.1344 25.3386 0.4
    endloop
  endfacet
  facet normal 0.621601 0.783334 0
    outer loop
      vertex 19.0942 25.3705 0.4
      vertex 19.1344 25.3386 0
      vertex 19.0942 25.3705 0
    endloop
  endfacet
  facet normal 0.621562 0.783365 -0
    outer loop
      vertex 19.1741 25.3071 0
      vertex 19.1344 25.3386 0.4
      vertex 19.1741 25.3071 0.4
    endloop
  endfacet
  facet normal 0.621562 0.783365 0
    outer loop
      vertex 19.1344 25.3386 0.4
      vertex 19.1741 25.3071 0
      vertex 19.1344 25.3386 0
    endloop
  endfacet
  facet normal 0.622746 0.782424 -0
    outer loop
      vertex 19.2133 25.2759 0
      vertex 19.1741 25.3071 0.4
      vertex 19.2133 25.2759 0.4
    endloop
  endfacet
  facet normal 0.622746 0.782424 0
    outer loop
      vertex 19.1741 25.3071 0.4
      vertex 19.2133 25.2759 0
      vertex 19.1741 25.3071 0
    endloop
  endfacet
  facet normal 0.623951 0.781463 -0
    outer loop
      vertex 19.2902 25.2145 0
      vertex 19.2133 25.2759 0.4
      vertex 19.2902 25.2145 0.4
    endloop
  endfacet
  facet normal 0.623951 0.781463 0
    outer loop
      vertex 19.2133 25.2759 0.4
      vertex 19.2902 25.2145 0
      vertex 19.2133 25.2759 0
    endloop
  endfacet
  facet normal 0.631765 0.77516 -0
    outer loop
      vertex 19.3275 25.1841 0
      vertex 19.2902 25.2145 0.4
      vertex 19.3275 25.1841 0.4
    endloop
  endfacet
  facet normal 0.631765 0.77516 0
    outer loop
      vertex 19.2902 25.2145 0.4
      vertex 19.3275 25.1841 0
      vertex 19.2902 25.2145 0
    endloop
  endfacet
  facet normal 0.648694 0.761049 -0
    outer loop
      vertex 19.3634 25.1535 0
      vertex 19.3275 25.1841 0.4
      vertex 19.3634 25.1535 0.4
    endloop
  endfacet
  facet normal 0.648694 0.761049 0
    outer loop
      vertex 19.3275 25.1841 0.4
      vertex 19.3634 25.1535 0
      vertex 19.3275 25.1841 0
    endloop
  endfacet
  facet normal 0.66248 0.749079 -0
    outer loop
      vertex 19.398 25.1229 0
      vertex 19.3634 25.1535 0.4
      vertex 19.398 25.1229 0.4
    endloop
  endfacet
  facet normal 0.66248 0.749079 0
    outer loop
      vertex 19.3634 25.1535 0.4
      vertex 19.398 25.1229 0
      vertex 19.3634 25.1535 0
    endloop
  endfacet
  facet normal 0.680112 0.733108 -0
    outer loop
      vertex 19.4312 25.0921 0
      vertex 19.398 25.1229 0.4
      vertex 19.4312 25.0921 0.4
    endloop
  endfacet
  facet normal 0.680112 0.733108 0
    outer loop
      vertex 19.398 25.1229 0.4
      vertex 19.4312 25.0921 0
      vertex 19.398 25.1229 0
    endloop
  endfacet
  facet normal 0.694595 0.719401 -0
    outer loop
      vertex 19.4631 25.0613 0
      vertex 19.4312 25.0921 0.4
      vertex 19.4631 25.0613 0.4
    endloop
  endfacet
  facet normal 0.694595 0.719401 0
    outer loop
      vertex 19.4312 25.0921 0.4
      vertex 19.4631 25.0613 0
      vertex 19.4312 25.0921 0
    endloop
  endfacet
  facet normal 0.727655 0.685943 0
    outer loop
      vertex 19.4927 25.0299 0.4
      vertex 19.4631 25.0613 0
      vertex 19.4631 25.0613 0.4
    endloop
  endfacet
  facet normal 0.727655 0.685943 0
    outer loop
      vertex 19.4631 25.0613 0
      vertex 19.4927 25.0299 0.4
      vertex 19.4927 25.0299 0
    endloop
  endfacet
  facet normal 0.773315 0.634022 0
    outer loop
      vertex 19.5191 24.9977 0.4
      vertex 19.4927 25.0299 0
      vertex 19.4927 25.0299 0.4
    endloop
  endfacet
  facet normal 0.773315 0.634022 0
    outer loop
      vertex 19.4927 25.0299 0
      vertex 19.5191 24.9977 0.4
      vertex 19.5191 24.9977 0
    endloop
  endfacet
  facet normal 0.818883 0.57396 0
    outer loop
      vertex 19.5423 24.9646 0.4
      vertex 19.5191 24.9977 0
      vertex 19.5191 24.9977 0.4
    endloop
  endfacet
  facet normal 0.818883 0.57396 0
    outer loop
      vertex 19.5191 24.9977 0
      vertex 19.5423 24.9646 0.4
      vertex 19.5423 24.9646 0
    endloop
  endfacet
  facet normal 0.861934 0.50702 0
    outer loop
      vertex 19.5623 24.9306 0.4
      vertex 19.5423 24.9646 0
      vertex 19.5423 24.9646 0.4
    endloop
  endfacet
  facet normal 0.861934 0.50702 0
    outer loop
      vertex 19.5423 24.9646 0
      vertex 19.5623 24.9306 0.4
      vertex 19.5623 24.9306 0
    endloop
  endfacet
  facet normal 0.900552 0.434749 0
    outer loop
      vertex 19.5791 24.8958 0.4
      vertex 19.5623 24.9306 0
      vertex 19.5623 24.9306 0.4
    endloop
  endfacet
  facet normal 0.900552 0.434749 0
    outer loop
      vertex 19.5623 24.9306 0
      vertex 19.5791 24.8958 0.4
      vertex 19.5791 24.8958 0
    endloop
  endfacet
  facet normal 0 -1 0
    outer loop
      vertex 18.6921 24.8958 0
      vertex 19.5791 24.8958 0.4
      vertex 18.6921 24.8958 0.4
    endloop
  endfacet
  facet normal 0 -1 -0
    outer loop
      vertex 19.5791 24.8958 0.4
      vertex 18.6921 24.8958 0
      vertex 19.5791 24.8958 0
    endloop
  endfacet
  facet normal 1 -0 0
    outer loop
      vertex 18.6921 24.5825 0.4
      vertex 18.6921 24.8958 0
      vertex 18.6921 24.8958 0.4
    endloop
  endfacet
  facet normal 1 0 0
    outer loop
      vertex 18.6921 24.8958 0
      vertex 18.6921 24.5825 0.4
      vertex 18.6921 24.5825 0
    endloop
  endfacet
  facet normal 0 1 -0
    outer loop
      vertex 20.0293 24.5825 0
      vertex 18.6921 24.5825 0.4
      vertex 20.0293 24.5825 0.4
    endloop
  endfacet
  facet normal 0 1 0
    outer loop
      vertex 18.6921 24.5825 0.4
      vertex 20.0293 24.5825 0
      vertex 18.6921 24.5825 0
    endloop
  endfacet
  facet normal -1 0 0
    outer loop
      vertex 20.0293 24.5825 0
      vertex 20.0293 24.847 0.4
      vertex 20.0293 24.847 0
    endloop
  endfacet
  facet normal -1 -0 0
    outer loop
      vertex 20.0293 24.847 0.4
      vertex 20.0293 24.5825 0
      vertex 20.0293 24.5825 0.4
    endloop
  endfacet
  facet normal -0.896341 -0.443366 0
    outer loop
      vertex 29.827 24.847 0
      vertex 29.7947 24.9123 0.4
      vertex 29.7947 24.9123 0
    endloop
  endfacet
  facet normal -0.896341 -0.443366 0
    outer loop
      vertex 29.7947 24.9123 0.4
      vertex 29.827 24.847 0
      vertex 29.827 24.847 0.4
    endloop
  endfacet
  facet normal -0.865762 -0.500456 0
    outer loop
      vertex 29.7947 24.9123 0
      vertex 29.7573 24.977 0.4
      vertex 29.7573 24.977 0
    endloop
  endfacet
  facet normal -0.865762 -0.500456 0
    outer loop
      vertex 29.7573 24.977 0.4
      vertex 29.7947 24.9123 0
      vertex 29.7947 24.9123 0.4
    endloop
  endfacet
  facet normal -0.83305 -0.553197 0
    outer loop
      vertex 29.7573 24.977 0
      vertex 29.7148 25.041 0.4
      vertex 29.7148 25.041 0
    endloop
  endfacet
  facet normal -0.83305 -0.553197 0
    outer loop
      vertex 29.7148 25.041 0.4
      vertex 29.7573 24.977 0
      vertex 29.7573 24.977 0.4
    endloop
  endfacet
  facet normal -0.799848 -0.600202 0
    outer loop
      vertex 29.7148 25.041 0
      vertex 29.6673 25.1043 0.4
      vertex 29.6673 25.1043 0
    endloop
  endfacet
  facet normal -0.799848 -0.600202 0
    outer loop
      vertex 29.6673 25.1043 0.4
      vertex 29.7148 25.041 0
      vertex 29.7148 25.041 0.4
    endloop
  endfacet
  facet normal -0.766716 -0.641987 0
    outer loop
      vertex 29.6673 25.1043 0
      vertex 29.6148 25.167 0.4
      vertex 29.6148 25.167 0
    endloop
  endfacet
  facet normal -0.766716 -0.641987 0
    outer loop
      vertex 29.6148 25.167 0.4
      vertex 29.6673 25.1043 0
      vertex 29.6673 25.1043 0.4
    endloop
  endfacet
  facet normal -0.73628 -0.676677 0
    outer loop
      vertex 29.6148 25.167 0
      vertex 29.5569 25.23 0.4
      vertex 29.5569 25.23 0
    endloop
  endfacet
  facet normal -0.73628 -0.676677 0
    outer loop
      vertex 29.5569 25.23 0.4
      vertex 29.6148 25.167 0
      vertex 29.6148 25.167 0.4
    endloop
  endfacet
  facet normal -0.708766 -0.705444 0
    outer loop
      vertex 29.5569 25.23 0
      vertex 29.4932 25.294 0.4
      vertex 29.4932 25.294 0
    endloop
  endfacet
  facet normal -0.708766 -0.705444 0
    outer loop
      vertex 29.4932 25.294 0.4
      vertex 29.5569 25.23 0
      vertex 29.5569 25.23 0.4
    endloop
  endfacet
  facet normal -0.685201 -0.728354 0
    outer loop
      vertex 29.424 25.3591 0
      vertex 29.4932 25.294 0.4
      vertex 29.424 25.3591 0.4
    endloop
  endfacet
  facet normal -0.685201 -0.728354 -0
    outer loop
      vertex 29.4932 25.294 0.4
      vertex 29.424 25.3591 0
      vertex 29.4932 25.294 0
    endloop
  endfacet
  facet normal -0.661258 -0.750158 0
    outer loop
      vertex 29.3489 25.4253 0
      vertex 29.424 25.3591 0.4
      vertex 29.3489 25.4253 0.4
    endloop
  endfacet
  facet normal -0.661258 -0.750158 -0
    outer loop
      vertex 29.424 25.3591 0.4
      vertex 29.3489 25.4253 0
      vertex 29.424 25.3591 0
    endloop
  endfacet
  facet normal -0.640372 -0.768065 0
    outer loop
      vertex 29.2683 25.4925 0
      vertex 29.3489 25.4253 0.4
      vertex 29.2683 25.4925 0.4
    endloop
  endfacet
  facet normal -0.640372 -0.768065 -0
    outer loop
      vertex 29.3489 25.4253 0.4
      vertex 29.2683 25.4925 0
      vertex 29.3489 25.4253 0
    endloop
  endfacet
  facet normal -0.639483 -0.768805 0
    outer loop
      vertex 29.1928 25.5553 0
      vertex 29.2683 25.4925 0.4
      vertex 29.1928 25.5553 0.4
    endloop
  endfacet
  facet normal -0.639483 -0.768805 -0
    outer loop
      vertex 29.2683 25.4925 0.4
      vertex 29.1928 25.5553 0
      vertex 29.2683 25.4925 0
    endloop
  endfacet
  facet normal -0.662598 -0.748975 0
    outer loop
      vertex 29.1269 25.6136 0
      vertex 29.1928 25.5553 0.4
      vertex 29.1269 25.6136 0.4
    endloop
  endfacet
  facet normal -0.662598 -0.748975 -0
    outer loop
      vertex 29.1928 25.5553 0.4
      vertex 29.1269 25.6136 0
      vertex 29.1928 25.5553 0
    endloop
  endfacet
  facet normal -0.690201 -0.723618 0
    outer loop
      vertex 29.0706 25.6673 0
      vertex 29.1269 25.6136 0.4
      vertex 29.0706 25.6673 0.4
    endloop
  endfacet
  facet normal -0.690201 -0.723618 -0
    outer loop
      vertex 29.1269 25.6136 0.4
      vertex 29.0706 25.6673 0
      vertex 29.1269 25.6136 0
    endloop
  endfacet
  facet normal -0.725294 -0.688439 0
    outer loop
      vertex 29.0706 25.6673 0
      vertex 29.0239 25.7165 0.4
      vertex 29.0239 25.7165 0
    endloop
  endfacet
  facet normal -0.725294 -0.688439 0
    outer loop
      vertex 29.0239 25.7165 0.4
      vertex 29.0706 25.6673 0
      vertex 29.0706 25.6673 0.4
    endloop
  endfacet
  facet normal -0.768786 -0.639506 0
    outer loop
      vertex 29.0239 25.7165 0
      vertex 28.9868 25.7611 0.4
      vertex 28.9868 25.7611 0
    endloop
  endfacet
  facet normal -0.768786 -0.639506 0
    outer loop
      vertex 28.9868 25.7611 0.4
      vertex 29.0239 25.7165 0
      vertex 29.0239 25.7165 0.4
    endloop
  endfacet
  facet normal -0.823528 -0.567276 0
    outer loop
      vertex 28.9868 25.7611 0
      vertex 28.9578 25.8032 0.4
      vertex 28.9578 25.8032 0
    endloop
  endfacet
  facet normal -0.823528 -0.567276 0
    outer loop
      vertex 28.9578 25.8032 0.4
      vertex 28.9868 25.7611 0
      vertex 28.9868 25.7611 0.4
    endloop
  endfacet
  facet normal -0.880134 -0.474726 0
    outer loop
      vertex 28.9578 25.8032 0
      vertex 28.9352 25.8451 0.4
      vertex 28.9352 25.8451 0
    endloop
  endfacet
  facet normal -0.880134 -0.474726 0
    outer loop
      vertex 28.9352 25.8451 0.4
      vertex 28.9578 25.8032 0
      vertex 28.9578 25.8032 0.4
    endloop
  endfacet
  facet normal -0.931243 -0.364399 0
    outer loop
      vertex 28.9352 25.8451 0
      vertex 28.919 25.8865 0.4
      vertex 28.919 25.8865 0
    endloop
  endfacet
  facet normal -0.931243 -0.364399 0
    outer loop
      vertex 28.919 25.8865 0.4
      vertex 28.9352 25.8451 0
      vertex 28.9352 25.8451 0.4
    endloop
  endfacet
  facet normal -0.973911 -0.226931 0
    outer loop
      vertex 28.919 25.8865 0
      vertex 28.9094 25.9277 0.4
      vertex 28.9094 25.9277 0
    endloop
  endfacet
  facet normal -0.973911 -0.226931 0
    outer loop
      vertex 28.9094 25.9277 0.4
      vertex 28.919 25.8865 0
      vertex 28.919 25.8865 0.4
    endloop
  endfacet
  facet normal -0.996761 -0.0804232 0
    outer loop
      vertex 28.9094 25.9277 0
      vertex 28.9061 25.9686 0.4
      vertex 28.9061 25.9686 0
    endloop
  endfacet
  facet normal -0.996761 -0.0804232 0
    outer loop
      vertex 28.9061 25.9686 0.4
      vertex 28.9094 25.9277 0
      vertex 28.9094 25.9277 0.4
    endloop
  endfacet
  facet normal -0.993734 0.111767 0
    outer loop
      vertex 28.9061 25.9686 0
      vertex 28.9162 26.0584 0.4
      vertex 28.9162 26.0584 0
    endloop
  endfacet
  facet normal -0.993734 0.111767 0
    outer loop
      vertex 28.9162 26.0584 0.4
      vertex 28.9061 25.9686 0
      vertex 28.9061 25.9686 0.4
    endloop
  endfacet
  facet normal -0.918464 0.395505 0
    outer loop
      vertex 28.9162 26.0584 0
      vertex 28.9463 26.1283 0.4
      vertex 28.9463 26.1283 0
    endloop
  endfacet
  facet normal -0.918464 0.395505 0
    outer loop
      vertex 28.9463 26.1283 0.4
      vertex 28.9162 26.0584 0
      vertex 28.9162 26.0584 0.4
    endloop
  endfacet
  facet normal -0.704984 0.709223 0
    outer loop
      vertex 28.9965 26.1782 0
      vertex 28.9463 26.1283 0.4
      vertex 28.9965 26.1782 0.4
    endloop
  endfacet
  facet normal -0.704984 0.709223 0
    outer loop
      vertex 28.9463 26.1283 0.4
      vertex 28.9965 26.1782 0
      vertex 28.9463 26.1283 0
    endloop
  endfacet
  facet normal -0.392971 0.919551 0
    outer loop
      vertex 29.0667 26.2082 0
      vertex 28.9965 26.1782 0.4
      vertex 29.0667 26.2082 0.4
    endloop
  endfacet
  facet normal -0.392971 0.919551 0
    outer loop
      vertex 28.9965 26.1782 0.4
      vertex 29.0667 26.2082 0
      vertex 28.9965 26.1782 0
    endloop
  endfacet
  facet normal -0.108982 0.994044 0
    outer loop
      vertex 29.157 26.2181 0
      vertex 29.0667 26.2082 0.4
      vertex 29.157 26.2181 0.4
    endloop
  endfacet
  facet normal -0.108982 0.994044 0
    outer loop
      vertex 29.0667 26.2082 0.4
      vertex 29.157 26.2181 0
      vertex 29.0667 26.2082 0
    endloop
  endfacet
  facet normal 0.0557074 0.998447 -0
    outer loop
      vertex 29.2036 26.2155 0
      vertex 29.157 26.2181 0.4
      vertex 29.2036 26.2155 0.4
    endloop
  endfacet
  facet normal 0.0557074 0.998447 0
    outer loop
      vertex 29.157 26.2181 0.4
      vertex 29.2036 26.2155 0
      vertex 29.157 26.2181 0
    endloop
  endfacet
  facet normal 0.18528 0.982686 -0
    outer loop
      vertex 29.2455 26.2076 0
      vertex 29.2036 26.2155 0.4
      vertex 29.2455 26.2076 0.4
    endloop
  endfacet
  facet normal 0.18528 0.982686 0
    outer loop
      vertex 29.2036 26.2155 0.4
      vertex 29.2455 26.2076 0
      vertex 29.2036 26.2155 0
    endloop
  endfacet
  facet normal 0.333613 0.94271 -0
    outer loop
      vertex 29.2828 26.1944 0
      vertex 29.2455 26.2076 0.4
      vertex 29.2828 26.1944 0.4
    endloop
  endfacet
  facet normal 0.333613 0.94271 0
    outer loop
      vertex 29.2455 26.2076 0.4
      vertex 29.2828 26.1944 0
      vertex 29.2455 26.2076 0
    endloop
  endfacet
  facet normal 0.491529 0.870861 -0
    outer loop
      vertex 29.3154 26.176 0
      vertex 29.2828 26.1944 0.4
      vertex 29.3154 26.176 0.4
    endloop
  endfacet
  facet normal 0.491529 0.870861 0
    outer loop
      vertex 29.2828 26.1944 0.4
      vertex 29.3154 26.176 0
      vertex 29.2828 26.1944 0
    endloop
  endfacet
  facet normal 0.644722 0.764417 -0
    outer loop
      vertex 29.3435 26.1523 0
      vertex 29.3154 26.176 0.4
      vertex 29.3435 26.1523 0.4
    endloop
  endfacet
  facet normal 0.644722 0.764417 0
    outer loop
      vertex 29.3154 26.176 0.4
      vertex 29.3435 26.1523 0
      vertex 29.3154 26.176 0
    endloop
  endfacet
  facet normal 0.769311 0.638874 0
    outer loop
      vertex 29.3675 26.1234 0.4
      vertex 29.3435 26.1523 0
      vertex 29.3435 26.1523 0.4
    endloop
  endfacet
  facet normal 0.769311 0.638874 0
    outer loop
      vertex 29.3435 26.1523 0
      vertex 29.3675 26.1234 0.4
      vertex 29.3675 26.1234 0
    endloop
  endfacet
  facet normal 0.859924 0.510423 0
    outer loop
      vertex 29.3878 26.0892 0.4
      vertex 29.3675 26.1234 0
      vertex 29.3675 26.1234 0.4
    endloop
  endfacet
  facet normal 0.859924 0.510423 0
    outer loop
      vertex 29.3675 26.1234 0
      vertex 29.3878 26.0892 0.4
      vertex 29.3878 26.0892 0
    endloop
  endfacet
  facet normal 0.921064 0.389412 0
    outer loop
      vertex 29.4045 26.0497 0.4
      vertex 29.3878 26.0892 0
      vertex 29.3878 26.0892 0.4
    endloop
  endfacet
  facet normal 0.921064 0.389412 0
    outer loop
      vertex 29.3878 26.0892 0
      vertex 29.4045 26.0497 0.4
      vertex 29.4045 26.0497 0
    endloop
  endfacet
  facet normal 0.960216 0.279258 0
    outer loop
      vertex 29.4175 26.005 0.4
      vertex 29.4045 26.0497 0
      vertex 29.4045 26.0497 0.4
    endloop
  endfacet
  facet normal 0.960216 0.279258 0
    outer loop
      vertex 29.4045 26.0497 0
      vertex 29.4175 26.005 0.4
      vertex 29.4175 26.005 0
    endloop
  endfacet
  facet normal 0.982783 0.184763 0
    outer loop
      vertex 29.4269 25.955 0.4
      vertex 29.4175 26.005 0
      vertex 29.4175 26.005 0.4
    endloop
  endfacet
  facet normal 0.982783 0.184763 0
    outer loop
      vertex 29.4175 26.005 0
      vertex 29.4269 25.955 0.4
      vertex 29.4269 25.955 0
    endloop
  endfacet
  facet normal -0.0564351 0.998406 0
    outer loop
      vertex 29.8108 25.9767 0
      vertex 29.4269 25.955 0.4
      vertex 29.8108 25.9767 0.4
    endloop
  endfacet
  facet normal -0.0564351 0.998406 0
    outer loop
      vertex 29.4269 25.955 0.4
      vertex 29.8108 25.9767 0
      vertex 29.4269 25.955 0
    endloop
  endfacet
  facet normal -0.983901 -0.178714 0
    outer loop
      vertex 29.8108 25.9767 0
      vertex 29.7924 26.078 0.4
      vertex 29.7924 26.078 0
    endloop
  endfacet
  facet normal -0.983901 -0.178714 0
    outer loop
      vertex 29.7924 26.078 0.4
      vertex 29.8108 25.9767 0
      vertex 29.8108 25.9767 0.4
    endloop
  endfacet
  facet normal -0.952679 -0.30398 0
    outer loop
      vertex 29.7924 26.078 0
      vertex 29.7633 26.1692 0.4
      vertex 29.7633 26.1692 0
    endloop
  endfacet
  facet normal -0.952679 -0.30398 0
    outer loop
      vertex 29.7633 26.1692 0.4
      vertex 29.7924 26.078 0
      vertex 29.7924 26.078 0.4
    endloop
  endfacet
  facet normal -0.898161 -0.439667 0
    outer loop
      vertex 29.7633 26.1692 0
      vertex 29.7236 26.2503 0.4
      vertex 29.7236 26.2503 0
    endloop
  endfacet
  facet normal -0.898161 -0.439667 0
    outer loop
      vertex 29.7236 26.2503 0.4
      vertex 29.7633 26.1692 0
      vertex 29.7633 26.1692 0.4
    endloop
  endfacet
  facet normal -0.815437 -0.578846 0
    outer loop
      vertex 29.7236 26.2503 0
      vertex 29.6732 26.3213 0.4
      vertex 29.6732 26.3213 0
    endloop
  endfacet
  facet normal -0.815437 -0.578846 0
    outer loop
      vertex 29.6732 26.3213 0.4
      vertex 29.7236 26.2503 0
      vertex 29.7236 26.2503 0.4
    endloop
  endfacet
  facet normal -0.705947 -0.708265 0
    outer loop
      vertex 29.6121 26.3822 0
      vertex 29.6732 26.3213 0.4
      vertex 29.6121 26.3822 0.4
    endloop
  endfacet
  facet normal -0.705947 -0.708265 -0
    outer loop
      vertex 29.6732 26.3213 0.4
      vertex 29.6121 26.3822 0
      vertex 29.6732 26.3213 0
    endloop
  endfacet
  facet normal -0.576458 -0.817127 0
    outer loop
      vertex 29.5408 26.4325 0
      vertex 29.6121 26.3822 0.4
      vertex 29.5408 26.4325 0.4
    endloop
  endfacet
  facet normal -0.576458 -0.817127 -0
    outer loop
      vertex 29.6121 26.3822 0.4
      vertex 29.5408 26.4325 0
      vertex 29.6121 26.3822 0
    endloop
  endfacet
  facet normal -0.435154 -0.900356 0
    outer loop
      vertex 29.4599 26.4716 0
      vertex 29.5408 26.4325 0.4
      vertex 29.4599 26.4716 0.4
    endloop
  endfacet
  facet normal -0.435154 -0.900356 -0
    outer loop
      vertex 29.5408 26.4325 0.4
      vertex 29.4599 26.4716 0
      vertex 29.5408 26.4325 0
    endloop
  endfacet
  facet normal -0.295867 -0.955229 0
    outer loop
      vertex 29.3695 26.4996 0
      vertex 29.4599 26.4716 0.4
      vertex 29.3695 26.4996 0.4
    endloop
  endfacet
  facet normal -0.295867 -0.955229 -0
    outer loop
      vertex 29.4599 26.4716 0.4
      vertex 29.3695 26.4996 0
      vertex 29.4599 26.4716 0
    endloop
  endfacet
  facet normal -0.164559 -0.986367 0
    outer loop
      vertex 29.2694 26.5163 0
      vertex 29.3695 26.4996 0.4
      vertex 29.2694 26.5163 0.4
    endloop
  endfacet
  facet normal -0.164559 -0.986367 -0
    outer loop
      vertex 29.3695 26.4996 0.4
      vertex 29.2694 26.5163 0
      vertex 29.3695 26.4996 0
    endloop
  endfacet
  facet normal -0.0509819 -0.9987 0
    outer loop
      vertex 29.1597 26.5219 0
      vertex 29.2694 26.5163 0.4
      vertex 29.1597 26.5219 0.4
    endloop
  endfacet
  facet normal -0.0509819 -0.9987 -0
    outer loop
      vertex 29.2694 26.5163 0.4
      vertex 29.1597 26.5219 0
      vertex 29.2694 26.5163 0
    endloop
  endfacet
  facet normal 0.0474444 -0.998874 0
    outer loop
      vertex 29.0418 26.5163 0
      vertex 29.1597 26.5219 0.4
      vertex 29.0418 26.5163 0.4
    endloop
  endfacet
  facet normal 0.0474444 -0.998874 0
    outer loop
      vertex 29.1597 26.5219 0.4
      vertex 29.0418 26.5163 0
      vertex 29.1597 26.5219 0
    endloop
  endfacet
  facet normal 0.156868 -0.98762 0
    outer loop
      vertex 28.9354 26.4994 0
      vertex 29.0418 26.5163 0.4
      vertex 28.9354 26.4994 0.4
    endloop
  endfacet
  facet normal 0.156868 -0.98762 0
    outer loop
      vertex 29.0418 26.5163 0.4
      vertex 28.9354 26.4994 0
      vertex 29.0418 26.5163 0
    endloop
  endfacet
  facet normal 0.284569 -0.958655 0
    outer loop
      vertex 28.8404 26.4712 0
      vertex 28.9354 26.4994 0.4
      vertex 28.8404 26.4712 0.4
    endloop
  endfacet
  facet normal 0.284569 -0.958655 0
    outer loop
      vertex 28.9354 26.4994 0.4
      vertex 28.8404 26.4712 0
      vertex 28.9354 26.4994 0
    endloop
  endfacet
  facet normal 0.428924 -0.90334 0
    outer loop
      vertex 28.757 26.4316 0
      vertex 28.8404 26.4712 0.4
      vertex 28.757 26.4316 0.4
    endloop
  endfacet
  facet normal 0.428924 -0.90334 0
    outer loop
      vertex 28.8404 26.4712 0.4
      vertex 28.757 26.4316 0
      vertex 28.8404 26.4712 0
    endloop
  endfacet
  facet normal 0.575747 -0.817628 0
    outer loop
      vertex 28.685 26.3809 0
      vertex 28.757 26.4316 0.4
      vertex 28.685 26.3809 0.4
    endloop
  endfacet
  facet normal 0.575747 -0.817628 0
    outer loop
      vertex 28.757 26.4316 0.4
      vertex 28.685 26.3809 0
      vertex 28.757 26.4316 0
    endloop
  endfacet
  facet normal 0.715853 -0.698251 0
    outer loop
      vertex 28.6255 26.3199 0.4
      vertex 28.685 26.3809 0
      vertex 28.685 26.3809 0.4
    endloop
  endfacet
  facet normal 0.715853 -0.698251 0
    outer loop
      vertex 28.685 26.3809 0
      vertex 28.6255 26.3199 0.4
      vertex 28.6255 26.3199 0
    endloop
  endfacet
  facet normal 0.834423 -0.551124 0
    outer loop
      vertex 28.5792 26.2498 0.4
      vertex 28.6255 26.3199 0
      vertex 28.6255 26.3199 0.4
    endloop
  endfacet
  facet normal 0.834423 -0.551124 0
    outer loop
      vertex 28.6255 26.3199 0
      vertex 28.5792 26.2498 0.4
      vertex 28.5792 26.2498 0
    endloop
  endfacet
  facet normal 0.922663 -0.385608 0
    outer loop
      vertex 28.5461 26.1706 0.4
      vertex 28.5792 26.2498 0
      vertex 28.5792 26.2498 0.4
    endloop
  endfacet
  facet normal 0.922663 -0.385608 0
    outer loop
      vertex 28.5792 26.2498 0
      vertex 28.5461 26.1706 0.4
      vertex 28.5461 26.1706 0
    endloop
  endfacet
  facet normal 0.975533 -0.219854 0
    outer loop
      vertex 28.5262 26.0823 0.4
      vertex 28.5461 26.1706 0
      vertex 28.5461 26.1706 0.4
    endloop
  endfacet
  facet normal 0.975533 -0.219854 0
    outer loop
      vertex 28.5461 26.1706 0
      vertex 28.5262 26.0823 0.4
      vertex 28.5262 26.0823 0
    endloop
  endfacet
  facet normal 0.997712 -0.0676068 0
    outer loop
      vertex 28.5196 25.9849 0.4
      vertex 28.5262 26.0823 0
      vertex 28.5262 26.0823 0.4
    endloop
  endfacet
  facet normal 0.997712 -0.0676068 0
    outer loop
      vertex 28.5262 26.0823 0
      vertex 28.5196 25.9849 0.4
      vertex 28.5196 25.9849 0
    endloop
  endfacet
  facet normal 0.999207 0.0398166 0
    outer loop
      vertex 28.5217 25.9322 0.4
      vertex 28.5196 25.9849 0
      vertex 28.5196 25.9849 0.4
    endloop
  endfacet
  facet normal 0.999207 0.0398166 0
    outer loop
      vertex 28.5196 25.9849 0
      vertex 28.5217 25.9322 0.4
      vertex 28.5217 25.9322 0
    endloop
  endfacet
  facet normal 0.992096 0.125482 0
    outer loop
      vertex 28.5281 25.8816 0.4
      vertex 28.5217 25.9322 0
      vertex 28.5217 25.9322 0.4
    endloop
  endfacet
  facet normal 0.992096 0.125482 0
    outer loop
      vertex 28.5217 25.9322 0
      vertex 28.5281 25.8816 0.4
      vertex 28.5281 25.8816 0
    endloop
  endfacet
  facet normal 0.977448 0.211177 0
    outer loop
      vertex 28.5386 25.833 0.4
      vertex 28.5281 25.8816 0
      vertex 28.5281 25.8816 0.4
    endloop
  endfacet
  facet normal 0.977448 0.211177 0
    outer loop
      vertex 28.5281 25.8816 0
      vertex 28.5386 25.833 0.4
      vertex 28.5386 25.833 0
    endloop
  endfacet
  facet normal 0.952899 0.303288 0
    outer loop
      vertex 28.5534 25.7865 0.4
      vertex 28.5386 25.833 0
      vertex 28.5386 25.833 0.4
    endloop
  endfacet
  facet normal 0.952899 0.303288 0
    outer loop
      vertex 28.5386 25.833 0
      vertex 28.5534 25.7865 0.4
      vertex 28.5534 25.7865 0
    endloop
  endfacet
  facet normal 0.918609 0.395167 0
    outer loop
      vertex 28.5725 25.7421 0.4
      vertex 28.5534 25.7865 0
      vertex 28.5534 25.7865 0.4
    endloop
  endfacet
  facet normal 0.918609 0.395167 0
    outer loop
      vertex 28.5534 25.7865 0
      vertex 28.5725 25.7421 0.4
      vertex 28.5725 25.7421 0
    endloop
  endfacet
  facet normal 0.8864 0.462921 0
    outer loop
      vertex 28.5948 25.6994 0.4
      vertex 28.5725 25.7421 0
      vertex 28.5725 25.7421 0.4
    endloop
  endfacet
  facet normal 0.8864 0.462921 0
    outer loop
      vertex 28.5725 25.7421 0
      vertex 28.5948 25.6994 0.4
      vertex 28.5948 25.6994 0
    endloop
  endfacet
  facet normal 0.857858 0.513886 0
    outer loop
      vertex 28.6196 25.658 0.4
      vertex 28.5948 25.6994 0
      vertex 28.5948 25.6994 0.4
    endloop
  endfacet
  facet normal 0.857858 0.513886 0
    outer loop
      vertex 28.5948 25.6994 0
      vertex 28.6196 25.658 0.4
      vertex 28.6196 25.658 0
    endloop
  endfacet
  facet normal 0.827888 0.560894 0
    outer loop
      vertex 28.6467 25.618 0.4
      vertex 28.6196 25.658 0
      vertex 28.6196 25.658 0.4
    endloop
  endfacet
  facet normal 0.827888 0.560894 0
    outer loop
      vertex 28.6196 25.658 0
      vertex 28.6467 25.618 0.4
      vertex 28.6467 25.618 0
    endloop
  endfacet
  facet normal 0.79529 0.606229 0
    outer loop
      vertex 28.6762 25.5793 0.4
      vertex 28.6467 25.618 0
      vertex 28.6467 25.618 0.4
    endloop
  endfacet
  facet normal 0.79529 0.606229 0
    outer loop
      vertex 28.6467 25.618 0
      vertex 28.6762 25.5793 0.4
      vertex 28.6762 25.5793 0
    endloop
  endfacet
  facet normal 0.759975 0.649952 0
    outer loop
      vertex 28.7081 25.542 0.4
      vertex 28.6762 25.5793 0
      vertex 28.6762 25.5793 0.4
    endloop
  endfacet
  facet normal 0.759975 0.649952 0
    outer loop
      vertex 28.6762 25.5793 0
      vertex 28.7081 25.542 0.4
      vertex 28.7081 25.542 0
    endloop
  endfacet
  facet normal 0.729978 0.68347 0
    outer loop
      vertex 28.7419 25.5059 0.4
      vertex 28.7081 25.542 0
      vertex 28.7081 25.542 0.4
    endloop
  endfacet
  facet normal 0.729978 0.68347 0
    outer loop
      vertex 28.7081 25.542 0
      vertex 28.7419 25.5059 0.4
      vertex 28.7419 25.5059 0
    endloop
  endfacet
  facet normal 0.707107 0.707107 -0
    outer loop
      vertex 28.7772 25.4706 0
      vertex 28.7419 25.5059 0.4
      vertex 28.7772 25.4706 0.4
    endloop
  endfacet
  facet normal 0.707107 0.707107 0
    outer loop
      vertex 28.7419 25.5059 0.4
      vertex 28.7772 25.4706 0
      vertex 28.7419 25.5059 0
    endloop
  endfacet
  facet normal 0.681822 0.731518 -0
    outer loop
      vertex 28.814 25.4363 0
      vertex 28.7772 25.4706 0.4
      vertex 28.814 25.4363 0.4
    endloop
  endfacet
  facet normal 0.681822 0.731518 0
    outer loop
      vertex 28.7772 25.4706 0.4
      vertex 28.814 25.4363 0
      vertex 28.7772 25.4706 0
    endloop
  endfacet
  facet normal 0.658226 0.752821 -0
    outer loop
      vertex 28.8522 25.4029 0
      vertex 28.814 25.4363 0.4
      vertex 28.8522 25.4029 0.4
    endloop
  endfacet
  facet normal 0.658226 0.752821 0
    outer loop
      vertex 28.814 25.4363 0.4
      vertex 28.8522 25.4029 0
      vertex 28.814 25.4363 0
    endloop
  endfacet
  facet normal 0.632281 0.774739 -0
    outer loop
      vertex 28.8919 25.3705 0
      vertex 28.8522 25.4029 0.4
      vertex 28.8919 25.3705 0.4
    endloop
  endfacet
  facet normal 0.632281 0.774739 0
    outer loop
      vertex 28.8522 25.4029 0.4
      vertex 28.8919 25.3705 0
      vertex 28.8522 25.4029 0
    endloop
  endfacet
  facet normal 0.621601 0.783334 -0
    outer loop
      vertex 28.9321 25.3386 0
      vertex 28.8919 25.3705 0.4
      vertex 28.9321 25.3386 0.4
    endloop
  endfacet
  facet normal 0.621601 0.783334 0
    outer loop
      vertex 28.8919 25.3705 0.4
      vertex 28.9321 25.3386 0
      vertex 28.8919 25.3705 0
    endloop
  endfacet
  facet normal 0.622634 0.782513 -0
    outer loop
      vertex 29.0109 25.2759 0
      vertex 28.9321 25.3386 0.4
      vertex 29.0109 25.2759 0.4
    endloop
  endfacet
  facet normal 0.622634 0.782513 0
    outer loop
      vertex 28.9321 25.3386 0.4
      vertex 29.0109 25.2759 0
      vertex 28.9321 25.3386 0
    endloop
  endfacet
  facet normal 0.623456 0.781858 -0
    outer loop
      vertex 29.0879 25.2145 0
      vertex 29.0109 25.2759 0.4
      vertex 29.0879 25.2145 0.4
    endloop
  endfacet
  facet normal 0.623456 0.781858 0
    outer loop
      vertex 29.0109 25.2759 0.4
      vertex 29.0879 25.2145 0
      vertex 29.0109 25.2759 0
    endloop
  endfacet
  facet normal 0.631765 0.77516 -0
    outer loop
      vertex 29.1252 25.1841 0
      vertex 29.0879 25.2145 0.4
      vertex 29.1252 25.1841 0.4
    endloop
  endfacet
  facet normal 0.631765 0.77516 0
    outer loop
      vertex 29.0879 25.2145 0.4
      vertex 29.1252 25.1841 0
      vertex 29.0879 25.2145 0
    endloop
  endfacet
  facet normal 0.648694 0.761049 -0
    outer loop
      vertex 29.1611 25.1535 0
      vertex 29.1252 25.1841 0.4
      vertex 29.1611 25.1535 0.4
    endloop
  endfacet
  facet normal 0.648694 0.761049 0
    outer loop
      vertex 29.1252 25.1841 0.4
      vertex 29.1611 25.1535 0
      vertex 29.1252 25.1841 0
    endloop
  endfacet
  facet normal 0.66248 0.749079 -0
    outer loop
      vertex 29.1957 25.1229 0
      vertex 29.1611 25.1535 0.4
      vertex 29.1957 25.1229 0.4
    endloop
  endfacet
  facet normal 0.66248 0.749079 0
    outer loop
      vertex 29.1611 25.1535 0.4
      vertex 29.1957 25.1229 0
      vertex 29.1611 25.1535 0
    endloop
  endfacet
  facet normal 0.680112 0.733108 -0
    outer loop
      vertex 29.2289 25.0921 0
      vertex 29.1957 25.1229 0.4
      vertex 29.2289 25.0921 0.4
    endloop
  endfacet
  facet normal 0.680112 0.733108 0
    outer loop
      vertex 29.1957 25.1229 0.4
      vertex 29.2289 25.0921 0
      vertex 29.1957 25.1229 0
    endloop
  endfacet
  facet normal 0.694595 0.719401 -0
    outer loop
      vertex 29.2608 25.0613 0
      vertex 29.2289 25.0921 0.4
      vertex 29.2608 25.0613 0.4
    endloop
  endfacet
  facet normal 0.694595 0.719401 0
    outer loop
      vertex 29.2289 25.0921 0.4
      vertex 29.2608 25.0613 0
      vertex 29.2289 25.0921 0
    endloop
  endfacet
  facet normal 0.727655 0.685943 0
    outer loop
      vertex 29.2904 25.0299 0.4
      vertex 29.2608 25.0613 0
      vertex 29.2608 25.0613 0.4
    endloop
  endfacet
  facet normal 0.727655 0.685943 0
    outer loop
      vertex 29.2608 25.0613 0
      vertex 29.2904 25.0299 0.4
      vertex 29.2904 25.0299 0
    endloop
  endfacet
  facet normal 0.773315 0.634022 0
    outer loop
      vertex 29.3168 24.9977 0.4
      vertex 29.2904 25.0299 0
      vertex 29.2904 25.0299 0.4
    endloop
  endfacet
  facet normal 0.773315 0.634022 0
    outer loop
      vertex 29.2904 25.0299 0
      vertex 29.3168 24.9977 0.4
      vertex 29.3168 24.9977 0
    endloop
  endfacet
  facet normal 0.818883 0.57396 0
    outer loop
      vertex 29.34 24.9646 0.4
      vertex 29.3168 24.9977 0
      vertex 29.3168 24.9977 0.4
    endloop
  endfacet
  facet normal 0.818883 0.57396 0
    outer loop
      vertex 29.3168 24.9977 0
      vertex 29.34 24.9646 0.4
      vertex 29.34 24.9646 0
    endloop
  endfacet
  facet normal 0.861934 0.50702 0
    outer loop
      vertex 29.36 24.9306 0.4
      vertex 29.34 24.9646 0
      vertex 29.34 24.9646 0.4
    endloop
  endfacet
  facet normal 0.861934 0.50702 0
    outer loop
      vertex 29.34 24.9646 0
      vertex 29.36 24.9306 0.4
      vertex 29.36 24.9306 0
    endloop
  endfacet
  facet normal 0.901563 0.432647 0
    outer loop
      vertex 29.3767 24.8958 0.4
      vertex 29.36 24.9306 0
      vertex 29.36 24.9306 0.4
    endloop
  endfacet
  facet normal 0.901563 0.432647 0
    outer loop
      vertex 29.36 24.9306 0
      vertex 29.3767 24.8958 0.4
      vertex 29.3767 24.8958 0
    endloop
  endfacet
  facet normal 0 -1 0
    outer loop
      vertex 28.4898 24.8958 0
      vertex 29.3767 24.8958 0.4
      vertex 28.4898 24.8958 0.4
    endloop
  endfacet
  facet normal 0 -1 -0
    outer loop
      vertex 29.3767 24.8958 0.4
      vertex 28.4898 24.8958 0
      vertex 29.3767 24.8958 0
    endloop
  endfacet
  facet normal 1 -0 0
    outer loop
      vertex 28.4898 24.5825 0.4
      vertex 28.4898 24.8958 0
      vertex 28.4898 24.8958 0.4
    endloop
  endfacet
  facet normal 1 0 0
    outer loop
      vertex 28.4898 24.8958 0
      vertex 28.4898 24.5825 0.4
      vertex 28.4898 24.5825 0
    endloop
  endfacet
  facet normal 0 1 -0
    outer loop
      vertex 29.827 24.5825 0
      vertex 28.4898 24.5825 0.4
      vertex 29.827 24.5825 0.4
    endloop
  endfacet
  facet normal 0 1 0
    outer loop
      vertex 28.4898 24.5825 0.4
      vertex 29.827 24.5825 0
      vertex 28.4898 24.5825 0
    endloop
  endfacet
  facet normal -1 0 0
    outer loop
      vertex 29.827 24.5825 0
      vertex 29.827 24.847 0.4
      vertex 29.827 24.847 0
    endloop
  endfacet
  facet normal -1 -0 0
    outer loop
      vertex 29.827 24.847 0.4
      vertex 29.827 24.5825 0
      vertex 29.827 24.5825 0.4
    endloop
  endfacet
  facet normal 0 1 -0
    outer loop
      vertex 31.3899 24.9717 0
      vertex 30.5206 24.9717 0.4
      vertex 31.3899 24.9717 0.4
    endloop
  endfacet
  facet normal 0 1 0
    outer loop
      vertex 30.5206 24.9717 0.4
      vertex 31.3899 24.9717 0
      vertex 30.5206 24.9717 0
    endloop
  endfacet
  facet normal -1 0 0
    outer loop
      vertex 31.3899 24.9717 0
      vertex 31.3899 25.2579 0.4
      vertex 31.3899 25.2579 0
    endloop
  endfacet
  facet normal -1 -0 0
    outer loop
      vertex 31.3899 25.2579 0.4
      vertex 31.3899 24.9717 0
      vertex 31.3899 24.9717 0.4
    endloop
  endfacet
  facet normal -0.837226 -0.546857 0
    outer loop
      vertex 31.3899 25.2579 0
      vertex 30.5829 26.4934 0.4
      vertex 30.5829 26.4934 0
    endloop
  endfacet
  facet normal -0.837226 -0.546857 0
    outer loop
      vertex 30.5829 26.4934 0.4
      vertex 31.3899 25.2579 0
      vertex 31.3899 25.2579 0.4
    endloop
  endfacet
  facet normal 0 -1 0
    outer loop
      vertex 30.1571 26.4934 0
      vertex 30.5829 26.4934 0.4
      vertex 30.1571 26.4934 0.4
    endloop
  endfacet
  facet normal 0 -1 -0
    outer loop
      vertex 30.5829 26.4934 0.4
      vertex 30.1571 26.4934 0
      vertex 30.5829 26.4934 0
    endloop
  endfacet
  facet normal 1 -0 0
    outer loop
      vertex 30.1571 25.2552 0.4
      vertex 30.1571 26.4934 0
      vertex 30.1571 26.4934 0.4
    endloop
  endfacet
  facet normal 1 0 0
    outer loop
      vertex 30.1571 26.4934 0
      vertex 30.1571 25.2552 0.4
      vertex 30.1571 25.2552 0
    endloop
  endfacet
  facet normal 0 -1 0
    outer loop
      vertex 29.9021 25.2552 0
      vertex 30.1571 25.2552 0.4
      vertex 29.9021 25.2552 0.4
    endloop
  endfacet
  facet normal 0 -1 -0
    outer loop
      vertex 30.1571 25.2552 0.4
      vertex 29.9021 25.2552 0
      vertex 30.1571 25.2552 0
    endloop
  endfacet
  facet normal 1 -0 0
    outer loop
      vertex 29.9021 24.9717 0.4
      vertex 29.9021 25.2552 0
      vertex 29.9021 25.2552 0.4
    endloop
  endfacet
  facet normal 1 0 0
    outer loop
      vertex 29.9021 25.2552 0
      vertex 29.9021 24.9717 0.4
      vertex 29.9021 24.9717 0
    endloop
  endfacet
  facet normal 0 1 -0
    outer loop
      vertex 30.1571 24.9717 0
      vertex 29.9021 24.9717 0.4
      vertex 30.1571 24.9717 0.4
    endloop
  endfacet
  facet normal 0 1 0
    outer loop
      vertex 29.9021 24.9717 0.4
      vertex 30.1571 24.9717 0
      vertex 29.9021 24.9717 0
    endloop
  endfacet
  facet normal 1 -0 0
    outer loop
      vertex 30.1571 24.5825 0.4
      vertex 30.1571 24.9717 0
      vertex 30.1571 24.9717 0.4
    endloop
  endfacet
  facet normal 1 0 0
    outer loop
      vertex 30.1571 24.9717 0
      vertex 30.1571 24.5825 0.4
      vertex 30.1571 24.5825 0
    endloop
  endfacet
  facet normal 0 1 -0
    outer loop
      vertex 30.5206 24.5825 0
      vertex 30.1571 24.5825 0.4
      vertex 30.5206 24.5825 0.4
    endloop
  endfacet
  facet normal 0 1 0
    outer loop
      vertex 30.1571 24.5825 0.4
      vertex 30.5206 24.5825 0
      vertex 30.1571 24.5825 0
    endloop
  endfacet
  facet normal -1 0 0
    outer loop
      vertex 30.5206 24.5825 0
      vertex 30.5206 24.9717 0.4
      vertex 30.5206 24.9717 0
    endloop
  endfacet
  facet normal -1 -0 0
    outer loop
      vertex 30.5206 24.9717 0.4
      vertex 30.5206 24.5825 0
      vertex 30.5206 24.5825 0.4
    endloop
  endfacet
  facet normal -1 0 0
    outer loop
      vertex 30.5206 25.2552 0
      vertex 30.5206 25.8804 0.4
      vertex 30.5206 25.8804 0
    endloop
  endfacet
  facet normal -1 -0 0
    outer loop
      vertex 30.5206 25.8804 0.4
      vertex 30.5206 25.2552 0
      vertex 30.5206 25.2552 0.4
    endloop
  endfacet
  facet normal -0.999977 -0.00671126 0
    outer loop
      vertex 30.5206 25.8804 0
      vertex 30.5204 25.9102 0.4
      vertex 30.5204 25.9102 0
    endloop
  endfacet
  facet normal -0.999977 -0.00671126 0
    outer loop
      vertex 30.5204 25.9102 0.4
      vertex 30.5206 25.8804 0
      vertex 30.5206 25.8804 0.4
    endloop
  endfacet
  facet normal -0.99981 -0.0194768 0
    outer loop
      vertex 30.5204 25.9102 0
      vertex 30.5198 25.941 0.4
      vertex 30.5198 25.941 0
    endloop
  endfacet
  facet normal -0.99981 -0.0194768 0
    outer loop
      vertex 30.5198 25.941 0.4
      vertex 30.5204 25.9102 0
      vertex 30.5204 25.9102 0.4
    endloop
  endfacet
  facet normal -0.999597 -0.0283797 0
    outer loop
      vertex 30.5198 25.941 0
      vertex 30.5189 25.9727 0.4
      vertex 30.5189 25.9727 0
    endloop
  endfacet
  facet normal -0.999597 -0.0283797 0
    outer loop
      vertex 30.5189 25.9727 0.4
      vertex 30.5198 25.941 0
      vertex 30.5198 25.941 0.4
    endloop
  endfacet
  facet normal -0.999085 -0.0427743 0
    outer loop
      vertex 30.5189 25.9727 0
      vertex 30.5175 26.0054 0.4
      vertex 30.5175 26.0054 0
    endloop
  endfacet
  facet normal -0.999085 -0.0427743 0
    outer loop
      vertex 30.5175 26.0054 0.4
      vertex 30.5189 25.9727 0
      vertex 30.5189 25.9727 0.4
    endloop
  endfacet
  facet normal -0.99873 -0.050381 0
    outer loop
      vertex 30.5175 26.0054 0
      vertex 30.5158 26.0391 0.4
      vertex 30.5158 26.0391 0
    endloop
  endfacet
  facet normal -0.99873 -0.050381 0
    outer loop
      vertex 30.5158 26.0391 0.4
      vertex 30.5175 26.0054 0
      vertex 30.5175 26.0054 0.4
    endloop
  endfacet
  facet normal -0.998392 -0.056691 0
    outer loop
      vertex 30.5158 26.0391 0
      vertex 30.514 26.0708 0.4
      vertex 30.514 26.0708 0
    endloop
  endfacet
  facet normal -0.998392 -0.056691 0
    outer loop
      vertex 30.514 26.0708 0.4
      vertex 30.5158 26.0391 0
      vertex 30.5158 26.0391 0.4
    endloop
  endfacet
  facet normal -0.998236 -0.0593746 0
    outer loop
      vertex 30.514 26.0708 0
      vertex 30.5124 26.0977 0.4
      vertex 30.5124 26.0977 0
    endloop
  endfacet
  facet normal -0.998236 -0.0593746 0
    outer loop
      vertex 30.5124 26.0977 0.4
      vertex 30.514 26.0708 0
      vertex 30.514 26.0708 0.4
    endloop
  endfacet
  facet normal -0.997684 -0.0680239 0
    outer loop
      vertex 30.5124 26.0977 0
      vertex 30.5109 26.1197 0.4
      vertex 30.5109 26.1197 0
    endloop
  endfacet
  facet normal -0.997684 -0.0680239 0
    outer loop
      vertex 30.5109 26.1197 0.4
      vertex 30.5124 26.0977 0
      vertex 30.5124 26.0977 0.4
    endloop
  endfacet
  facet normal -0.996665 -0.0815983 0
    outer loop
      vertex 30.5109 26.1197 0
      vertex 30.5095 26.1368 0.4
      vertex 30.5095 26.1368 0
    endloop
  endfacet
  facet normal -0.996665 -0.0815983 0
    outer loop
      vertex 30.5095 26.1368 0.4
      vertex 30.5109 26.1197 0
      vertex 30.5109 26.1197 0.4
    endloop
  endfacet
  facet normal -0.995893 -0.0905357 0
    outer loop
      vertex 30.5095 26.1368 0
      vertex 30.5084 26.1489 0.4
      vertex 30.5084 26.1489 0
    endloop
  endfacet
  facet normal -0.995893 -0.0905357 0
    outer loop
      vertex 30.5084 26.1489 0.4
      vertex 30.5095 26.1368 0
      vertex 30.5095 26.1368 0.4
    endloop
  endfacet
  facet normal 0.89659 0.442861 0
    outer loop
      vertex 30.5247 26.1159 0.4
      vertex 30.5084 26.1489 0
      vertex 30.5084 26.1489 0.4
    endloop
  endfacet
  facet normal 0.89659 0.442861 0
    outer loop
      vertex 30.5084 26.1489 0
      vertex 30.5247 26.1159 0.4
      vertex 30.5247 26.1159 0
    endloop
  endfacet
  facet normal 0.877896 0.478852 0
    outer loop
      vertex 30.5457 26.0774 0.4
      vertex 30.5247 26.1159 0
      vertex 30.5247 26.1159 0.4
    endloop
  endfacet
  facet normal 0.877896 0.478852 0
    outer loop
      vertex 30.5247 26.1159 0
      vertex 30.5457 26.0774 0.4
      vertex 30.5457 26.0774 0
    endloop
  endfacet
  facet normal 0.865202 0.501424 0
    outer loop
      vertex 30.5712 26.0334 0.4
      vertex 30.5457 26.0774 0
      vertex 30.5457 26.0774 0.4
    endloop
  endfacet
  facet normal 0.865202 0.501424 0
    outer loop
      vertex 30.5457 26.0774 0
      vertex 30.5712 26.0334 0.4
      vertex 30.5712 26.0334 0
    endloop
  endfacet
  facet normal 0.854733 0.519068 0
    outer loop
      vertex 30.6012 25.984 0.4
      vertex 30.5712 26.0334 0
      vertex 30.5712 26.0334 0.4
    endloop
  endfacet
  facet normal 0.854733 0.519068 0
    outer loop
      vertex 30.5712 26.0334 0
      vertex 30.6012 25.984 0.4
      vertex 30.6012 25.984 0
    endloop
  endfacet
  facet normal 0.845122 0.534574 0
    outer loop
      vertex 30.6358 25.9293 0.4
      vertex 30.6012 25.984 0
      vertex 30.6012 25.984 0.4
    endloop
  endfacet
  facet normal 0.845122 0.534574 0
    outer loop
      vertex 30.6012 25.984 0
      vertex 30.6358 25.9293 0.4
      vertex 30.6358 25.9293 0
    endloop
  endfacet
  facet normal 0.835353 0.549714 0
    outer loop
      vertex 31.0794 25.2552 0.4
      vertex 30.6358 25.9293 0
      vertex 30.6358 25.9293 0.4
    endloop
  endfacet
  facet normal 0.835353 0.549714 0
    outer loop
      vertex 30.6358 25.9293 0
      vertex 31.0794 25.2552 0.4
      vertex 31.0794 25.2552 0
    endloop
  endfacet
  facet normal 0 -1 0
    outer loop
      vertex 30.5206 25.2552 0
      vertex 31.0794 25.2552 0.4
      vertex 30.5206 25.2552 0.4
    endloop
  endfacet
  facet normal 0 -1 -0
    outer loop
      vertex 31.0794 25.2552 0.4
      vertex 30.5206 25.2552 0
      vertex 31.0794 25.2552 0
    endloop
  endfacet
  facet normal 0.6073 0.794472 -0
    outer loop
      vertex 32.8051 25.2796 0
      vertex 32.5691 25.46 0.4
      vertex 32.8051 25.2796 0.4
    endloop
  endfacet
  facet normal 0.6073 0.794472 0
    outer loop
      vertex 32.5691 25.46 0.4
      vertex 32.8051 25.2796 0
      vertex 32.5691 25.46 0
    endloop
  endfacet
  facet normal 1 -0 0
    outer loop
      vertex 32.8051 24.5825 0.4
      vertex 32.8051 25.2796 0
      vertex 32.8051 25.2796 0.4
    endloop
  endfacet
  facet normal 1 0 0
    outer loop
      vertex 32.8051 25.2796 0
      vertex 32.8051 24.5825 0.4
      vertex 32.8051 24.5825 0
    endloop
  endfacet
  facet normal 0 1 -0
    outer loop
      vertex 33.2052 24.5825 0
      vertex 32.8051 24.5825 0.4
      vertex 33.2052 24.5825 0.4
    endloop
  endfacet
  facet normal 0 1 0
    outer loop
      vertex 32.8051 24.5825 0.4
      vertex 33.2052 24.5825 0
      vertex 32.8051 24.5825 0
    endloop
  endfacet
  facet normal -1 0 0
    outer loop
      vertex 33.2052 24.5825 0
      vertex 33.2052 26.4934 0.4
      vertex 33.2052 26.4934 0
    endloop
  endfacet
  facet normal -1 -0 0
    outer loop
      vertex 33.2052 26.4934 0.4
      vertex 33.2052 24.5825 0
      vertex 33.2052 24.5825 0.4
    endloop
  endfacet
  facet normal 0 -1 0
    outer loop
      vertex 32.8051 26.4934 0
      vertex 33.2052 26.4934 0.4
      vertex 32.8051 26.4934 0.4
    endloop
  endfacet
  facet normal 0 -1 -0
    outer loop
      vertex 33.2052 26.4934 0.4
      vertex 32.8051 26.4934 0
      vertex 33.2052 26.4934 0
    endloop
  endfacet
  facet normal 1 -0 0
    outer loop
      vertex 32.8051 25.6268 0.4
      vertex 32.8051 26.4934 0
      vertex 32.8051 26.4934 0.4
    endloop
  endfacet
  facet normal 1 0 0
    outer loop
      vertex 32.8051 26.4934 0
      vertex 32.8051 25.6268 0.4
      vertex 32.8051 25.6268 0
    endloop
  endfacet
  facet normal -0.709313 -0.704893 0
    outer loop
      vertex 32.8051 25.6268 0
      vertex 31.9439 26.4934 0.4
      vertex 31.9439 26.4934 0
    endloop
  endfacet
  facet normal -0.709313 -0.704893 0
    outer loop
      vertex 31.9439 26.4934 0.4
      vertex 32.8051 25.6268 0
      vertex 32.8051 25.6268 0.4
    endloop
  endfacet
  facet normal 0 -1 0
    outer loop
      vertex 31.4773 26.4934 0
      vertex 31.9439 26.4934 0.4
      vertex 31.4773 26.4934 0.4
    endloop
  endfacet
  facet normal 0 -1 -0
    outer loop
      vertex 31.9439 26.4934 0.4
      vertex 31.4773 26.4934 0
      vertex 31.9439 26.4934 0
    endloop
  endfacet
  facet normal 0.703529 0.710666 -0
    outer loop
      vertex 32.2938 25.6851 0
      vertex 31.4773 26.4934 0.4
      vertex 32.2938 25.6851 0.4
    endloop
  endfacet
  facet normal 0.703529 0.710666 0
    outer loop
      vertex 31.4773 26.4934 0.4
      vertex 32.2938 25.6851 0
      vertex 31.4773 26.4934 0
    endloop
  endfacet
  facet normal 0.780551 -0.625092 0
    outer loop
      vertex 31.4108 24.5825 0.4
      vertex 32.2938 25.6851 0
      vertex 32.2938 25.6851 0.4
    endloop
  endfacet
  facet normal 0.780551 -0.625092 0
    outer loop
      vertex 32.2938 25.6851 0
      vertex 31.4108 24.5825 0.4
      vertex 31.4108 24.5825 0
    endloop
  endfacet
  facet normal 0 1 -0
    outer loop
      vertex 31.8828 24.5825 0
      vertex 31.4108 24.5825 0.4
      vertex 31.8828 24.5825 0.4
    endloop
  endfacet
  facet normal 0 1 0
    outer loop
      vertex 31.4108 24.5825 0.4
      vertex 31.8828 24.5825 0
      vertex 31.4108 24.5825 0
    endloop
  endfacet
  facet normal -0.787696 0.616064 0
    outer loop
      vertex 31.8828 24.5825 0
      vertex 32.5691 25.46 0.4
      vertex 32.5691 25.46 0
    endloop
  endfacet
  facet normal -0.787696 0.616064 0
    outer loop
      vertex 32.5691 25.46 0.4
      vertex 31.8828 24.5825 0
      vertex 31.8828 24.5825 0.4
    endloop
  endfacet
  facet normal -0.999991 0.00428262 0
    outer loop
      vertex 22.496 25.7055 0
      vertex 22.4962 25.7522 0.4
      vertex 22.4962 25.7522 0
    endloop
  endfacet
  facet normal -0.999991 0.00428262 0
    outer loop
      vertex 22.4962 25.7522 0.4
      vertex 22.496 25.7055 0
      vertex 22.496 25.7055 0.4
    endloop
  endfacet
  facet normal -0.999958 0.0092162 0
    outer loop
      vertex 22.4962 25.7522 0
      vertex 22.4966 25.7956 0.4
      vertex 22.4966 25.7956 0
    endloop
  endfacet
  facet normal -0.999958 0.0092162 0
    outer loop
      vertex 22.4966 25.7956 0.4
      vertex 22.4962 25.7522 0
      vertex 22.4962 25.7522 0.4
    endloop
  endfacet
  facet normal -0.999849 0.0173671 0
    outer loop
      vertex 22.4966 25.7956 0
      vertex 22.4973 25.8359 0.4
      vertex 22.4973 25.8359 0
    endloop
  endfacet
  facet normal -0.999849 0.0173671 0
    outer loop
      vertex 22.4973 25.8359 0.4
      vertex 22.4966 25.7956 0
      vertex 22.4966 25.7956 0.4
    endloop
  endfacet
  facet normal -0.999706 0.0242516 0
    outer loop
      vertex 22.4973 25.8359 0
      vertex 22.4982 25.873 0.4
      vertex 22.4982 25.873 0
    endloop
  endfacet
  facet normal -0.999706 0.0242516 0
    outer loop
      vertex 22.4982 25.873 0.4
      vertex 22.4973 25.8359 0
      vertex 22.4973 25.8359 0.4
    endloop
  endfacet
  facet normal -0.999374 0.0353761 0
    outer loop
      vertex 22.4982 25.873 0
      vertex 22.4994 25.9069 0.4
      vertex 22.4994 25.9069 0
    endloop
  endfacet
  facet normal -0.999374 0.0353761 0
    outer loop
      vertex 22.4994 25.9069 0.4
      vertex 22.4982 25.873 0
      vertex 22.4982 25.873 0.4
    endloop
  endfacet
  facet normal -0.999014 0.0444006 0
    outer loop
      vertex 22.4994 25.9069 0
      vertex 22.5008 25.9384 0.4
      vertex 22.5008 25.9384 0
    endloop
  endfacet
  facet normal -0.999014 0.0444006 0
    outer loop
      vertex 22.5008 25.9384 0.4
      vertex 22.4994 25.9069 0
      vertex 22.4994 25.9069 0.4
    endloop
  endfacet
  facet normal -0.99892 0.0464614 0
    outer loop
      vertex 22.5008 25.9384 0
      vertex 22.5022 25.9685 0.4
      vertex 22.5022 25.9685 0
    endloop
  endfacet
  facet normal -0.99892 0.0464614 0
    outer loop
      vertex 22.5022 25.9685 0.4
      vertex 22.5008 25.9384 0
      vertex 22.5008 25.9384 0.4
    endloop
  endfacet
  facet normal -0.998627 0.0523756 0
    outer loop
      vertex 22.5022 25.9685 0
      vertex 22.5037 25.9971 0.4
      vertex 22.5037 25.9971 0
    endloop
  endfacet
  facet normal -0.998627 0.0523756 0
    outer loop
      vertex 22.5037 25.9971 0.4
      vertex 22.5022 25.9685 0
      vertex 22.5022 25.9685 0.4
    endloop
  endfacet
  facet normal -0.998274 0.058722 0
    outer loop
      vertex 22.5037 25.9971 0
      vertex 22.5053 26.0243 0.4
      vertex 22.5053 26.0243 0
    endloop
  endfacet
  facet normal -0.998274 0.058722 0
    outer loop
      vertex 22.5053 26.0243 0.4
      vertex 22.5037 25.9971 0
      vertex 22.5037 25.9971 0.4
    endloop
  endfacet
  facet normal -0.998053 0.0623783 0
    outer loop
      vertex 22.5053 26.0243 0
      vertex 22.5069 26.0499 0.4
      vertex 22.5069 26.0499 0
    endloop
  endfacet
  facet normal -0.998053 0.0623783 0
    outer loop
      vertex 22.5069 26.0499 0.4
      vertex 22.5053 26.0243 0
      vertex 22.5053 26.0243 0.4
    endloop
  endfacet
  facet normal 0 -1 0
    outer loop
      vertex 22.1434 26.0499 0
      vertex 22.5069 26.0499 0.4
      vertex 22.1434 26.0499 0.4
    endloop
  endfacet
  facet normal 0 -1 -0
    outer loop
      vertex 22.5069 26.0499 0.4
      vertex 22.1434 26.0499 0
      vertex 22.5069 26.0499 0
    endloop
  endfacet
  facet normal 0.992389 -0.123143 0
    outer loop
      vertex 22.1417 26.0362 0.4
      vertex 22.1434 26.0499 0
      vertex 22.1434 26.0499 0.4
    endloop
  endfacet
  facet normal 0.992389 -0.123143 0
    outer loop
      vertex 22.1434 26.0499 0
      vertex 22.1417 26.0362 0.4
      vertex 22.1417 26.0362 0
    endloop
  endfacet
  facet normal 0.99578 -0.0917769 0
    outer loop
      vertex 22.1397 26.0145 0.4
      vertex 22.1417 26.0362 0
      vertex 22.1417 26.0362 0.4
    endloop
  endfacet
  facet normal 0.99578 -0.0917769 0
    outer loop
      vertex 22.1417 26.0362 0
      vertex 22.1397 26.0145 0.4
      vertex 22.1397 26.0145 0
    endloop
  endfacet
  facet normal 0.997268 -0.0738717 0
    outer loop
      vertex 22.1375 25.9848 0.4
      vertex 22.1397 26.0145 0
      vertex 22.1397 26.0145 0.4
    endloop
  endfacet
  facet normal 0.997268 -0.0738717 0
    outer loop
      vertex 22.1397 26.0145 0
      vertex 22.1375 25.9848 0.4
      vertex 22.1375 25.9848 0
    endloop
  endfacet
  facet normal 0.998144 -0.0608947 0
    outer loop
      vertex 22.1352 25.9471 0.4
      vertex 22.1375 25.9848 0
      vertex 22.1375 25.9848 0.4
    endloop
  endfacet
  facet normal 0.998144 -0.0608947 0
    outer loop
      vertex 22.1375 25.9848 0
      vertex 22.1352 25.9471 0.4
      vertex 22.1352 25.9471 0
    endloop
  endfacet
  facet normal 0.998259 -0.0589781 0
    outer loop
      vertex 22.1325 25.9014 0.4
      vertex 22.1352 25.9471 0
      vertex 22.1352 25.9471 0.4
    endloop
  endfacet
  facet normal 0.998259 -0.0589781 0
    outer loop
      vertex 22.1352 25.9471 0
      vertex 22.1325 25.9014 0.4
      vertex 22.1325 25.9014 0
    endloop
  endfacet
  facet normal 0.998653 -0.0518781 0
    outer loop
      vertex 22.1301 25.8552 0.4
      vertex 22.1325 25.9014 0
      vertex 22.1325 25.9014 0.4
    endloop
  endfacet
  facet normal 0.998653 -0.0518781 0
    outer loop
      vertex 22.1325 25.9014 0
      vertex 22.1301 25.8552 0.4
      vertex 22.1301 25.8552 0
    endloop
  endfacet
  facet normal 0.998857 -0.0478042 0
    outer loop
      vertex 22.1282 25.8155 0.4
      vertex 22.1301 25.8552 0
      vertex 22.1301 25.8552 0.4
    endloop
  endfacet
  facet normal 0.998857 -0.0478042 0
    outer loop
      vertex 22.1301 25.8552 0
      vertex 22.1282 25.8155 0.4
      vertex 22.1282 25.8155 0
    endloop
  endfacet
  facet normal 0.99922 -0.0394829 0
    outer loop
      vertex 22.1269 25.7826 0.4
      vertex 22.1282 25.8155 0
      vertex 22.1282 25.8155 0.4
    endloop
  endfacet
  facet normal 0.99922 -0.0394829 0
    outer loop
      vertex 22.1282 25.8155 0
      vertex 22.1269 25.7826 0.4
      vertex 22.1269 25.7826 0
    endloop
  endfacet
  facet normal 0.999415 -0.0342005 0
    outer loop
      vertex 22.126 25.7563 0.4
      vertex 22.1269 25.7826 0
      vertex 22.1269 25.7826 0.4
    endloop
  endfacet
  facet normal 0.999415 -0.0342005 0
    outer loop
      vertex 22.1269 25.7826 0
      vertex 22.126 25.7563 0.4
      vertex 22.126 25.7563 0
    endloop
  endfacet
  facet normal 0.999948 -0.0102036 0
    outer loop
      vertex 22.1258 25.7367 0.4
      vertex 22.126 25.7563 0
      vertex 22.126 25.7563 0.4
    endloop
  endfacet
  facet normal 0.999948 -0.0102036 0
    outer loop
      vertex 22.126 25.7563 0
      vertex 22.1258 25.7367 0.4
      vertex 22.1258 25.7367 0
    endloop
  endfacet
  facet normal 0 -1 0
    outer loop
      vertex 22.1204 25.7367 0
      vertex 22.1258 25.7367 0.4
      vertex 22.1204 25.7367 0.4
    endloop
  endfacet
  facet normal 0 -1 -0
    outer loop
      vertex 22.1258 25.7367 0.4
      vertex 22.1204 25.7367 0
      vertex 22.1258 25.7367 0
    endloop
  endfacet
  facet normal -0.936263 -0.3513 0
    outer loop
      vertex 22.1204 25.7367 0
      vertex 22.0986 25.7948 0.4
      vertex 22.0986 25.7948 0
    endloop
  endfacet
  facet normal -0.936263 -0.3513 0
    outer loop
      vertex 22.0986 25.7948 0.4
      vertex 22.1204 25.7367 0
      vertex 22.1204 25.7367 0.4
    endloop
  endfacet
  facet normal -0.925692 -0.378279 0
    outer loop
      vertex 22.0986 25.7948 0
      vertex 22.0778 25.8457 0.4
      vertex 22.0778 25.8457 0
    endloop
  endfacet
  facet normal -0.925692 -0.378279 0
    outer loop
      vertex 22.0778 25.8457 0.4
      vertex 22.0986 25.7948 0
      vertex 22.0986 25.7948 0.4
    endloop
  endfacet
  facet normal -0.910151 -0.414276 0
    outer loop
      vertex 22.0778 25.8457 0
      vertex 22.058 25.8892 0.4
      vertex 22.058 25.8892 0
    endloop
  endfacet
  facet normal -0.910151 -0.414276 0
    outer loop
      vertex 22.058 25.8892 0.4
      vertex 22.0778 25.8457 0
      vertex 22.0778 25.8457 0.4
    endloop
  endfacet
  facet normal -0.887977 -0.459889 0
    outer loop
      vertex 22.058 25.8892 0
      vertex 22.0392 25.9255 0.4
      vertex 22.0392 25.9255 0
    endloop
  endfacet
  facet normal -0.887977 -0.459889 0
    outer loop
      vertex 22.0392 25.9255 0.4
      vertex 22.058 25.8892 0
      vertex 22.058 25.8892 0.4
    endloop
  endfacet
  facet normal -0.849321 -0.527877 0
    outer loop
      vertex 22.0392 25.9255 0
      vertex 22.0213 25.9543 0.4
      vertex 22.0213 25.9543 0
    endloop
  endfacet
  facet normal -0.849321 -0.527877 0
    outer loop
      vertex 22.0213 25.9543 0.4
      vertex 22.0392 25.9255 0
      vertex 22.0392 25.9255 0.4
    endloop
  endfacet
  facet normal -0.8 -0.6 0
    outer loop
      vertex 22.0213 25.9543 0
      vertex 22.0033 25.9783 0.4
      vertex 22.0033 25.9783 0
    endloop
  endfacet
  facet normal -0.8 -0.6 0
    outer loop
      vertex 22.0033 25.9783 0.4
      vertex 22.0213 25.9543 0
      vertex 22.0213 25.9543 0.4
    endloop
  endfacet
  facet normal -0.741041 -0.67146 0
    outer loop
      vertex 22.0033 25.9783 0
      vertex 21.984 25.9996 0.4
      vertex 21.984 25.9996 0
    endloop
  endfacet
  facet normal -0.741041 -0.67146 0
    outer loop
      vertex 21.984 25.9996 0.4
      vertex 22.0033 25.9783 0
      vertex 22.0033 25.9783 0.4
    endloop
  endfacet
  facet normal -0.672136 -0.740428 0
    outer loop
      vertex 21.9634 26.0183 0
      vertex 21.984 25.9996 0.4
      vertex 21.9634 26.0183 0.4
    endloop
  endfacet
  facet normal -0.672136 -0.740428 -0
    outer loop
      vertex 21.984 25.9996 0.4
      vertex 21.9634 26.0183 0
      vertex 21.984 25.9996 0
    endloop
  endfacet
  facet normal -0.59232 -0.805703 0
    outer loop
      vertex 21.9415 26.0344 0
      vertex 21.9634 26.0183 0.4
      vertex 21.9415 26.0344 0.4
    endloop
  endfacet
  facet normal -0.59232 -0.805703 -0
    outer loop
      vertex 21.9634 26.0183 0.4
      vertex 21.9415 26.0344 0
      vertex 21.9634 26.0183 0
    endloop
  endfacet
  facet normal -0.502944 -0.864319 0
    outer loop
      vertex 21.9183 26.0479 0
      vertex 21.9415 26.0344 0.4
      vertex 21.9183 26.0479 0.4
    endloop
  endfacet
  facet normal -0.502944 -0.864319 -0
    outer loop
      vertex 21.9415 26.0344 0.4
      vertex 21.9183 26.0479 0
      vertex 21.9415 26.0344 0
    endloop
  endfacet
  facet normal -0.401393 -0.915906 0
    outer loop
      vertex 21.8932 26.0589 0
      vertex 21.9183 26.0479 0.4
      vertex 21.8932 26.0589 0.4
    endloop
  endfacet
  facet normal -0.401393 -0.915906 -0
    outer loop
      vertex 21.9183 26.0479 0.4
      vertex 21.8932 26.0589 0
      vertex 21.9183 26.0479 0
    endloop
  endfacet
  facet normal -0.295306 -0.955403 0
    outer loop
      vertex 21.8657 26.0674 0
      vertex 21.8932 26.0589 0.4
      vertex 21.8657 26.0674 0.4
    endloop
  endfacet
  facet normal -0.295306 -0.955403 -0
    outer loop
      vertex 21.8932 26.0589 0.4
      vertex 21.8657 26.0674 0
      vertex 21.8932 26.0589 0
    endloop
  endfacet
  facet normal -0.203692 -0.979035 0
    outer loop
      vertex 21.8359 26.0736 0
      vertex 21.8657 26.0674 0.4
      vertex 21.8359 26.0736 0.4
    endloop
  endfacet
  facet normal -0.203692 -0.979035 -0
    outer loop
      vertex 21.8657 26.0674 0.4
      vertex 21.8359 26.0736 0
      vertex 21.8657 26.0674 0
    endloop
  endfacet
  facet normal -0.111109 -0.993808 0
    outer loop
      vertex 21.8037 26.0772 0
      vertex 21.8359 26.0736 0.4
      vertex 21.8037 26.0772 0.4
    endloop
  endfacet
  facet normal -0.111109 -0.993808 -0
    outer loop
      vertex 21.8359 26.0736 0.4
      vertex 21.8037 26.0772 0
      vertex 21.8359 26.0736 0
    endloop
  endfacet
  facet normal -0.0346612 -0.999399 0
    outer loop
      vertex 21.7691 26.0784 0
      vertex 21.8037 26.0772 0.4
      vertex 21.7691 26.0784 0.4
    endloop
  endfacet
  facet normal -0.0346612 -0.999399 -0
    outer loop
      vertex 21.8037 26.0772 0.4
      vertex 21.7691 26.0784 0
      vertex 21.8037 26.0772 0
    endloop
  endfacet
  facet normal 0.0283574 -0.999598 0
    outer loop
      vertex 21.7409 26.0776 0
      vertex 21.7691 26.0784 0.4
      vertex 21.7409 26.0776 0.4
    endloop
  endfacet
  facet normal 0.0283574 -0.999598 0
    outer loop
      vertex 21.7691 26.0784 0.4
      vertex 21.7409 26.0776 0
      vertex 21.7691 26.0784 0
    endloop
  endfacet
  facet normal 0.0922688 -0.995734 0
    outer loop
      vertex 21.715 26.0752 0
      vertex 21.7409 26.0776 0.4
      vertex 21.715 26.0752 0.4
    endloop
  endfacet
  facet normal 0.0922688 -0.995734 0
    outer loop
      vertex 21.7409 26.0776 0.4
      vertex 21.715 26.0752 0
      vertex 21.7409 26.0776 0
    endloop
  endfacet
  facet normal 0.171165 -0.985242 0
    outer loop
      vertex 21.6914 26.0711 0
      vertex 21.715 26.0752 0.4
      vertex 21.6914 26.0711 0.4
    endloop
  endfacet
  facet normal 0.171165 -0.985242 0
    outer loop
      vertex 21.715 26.0752 0.4
      vertex 21.6914 26.0711 0
      vertex 21.715 26.0752 0
    endloop
  endfacet
  facet normal 0.258509 -0.966009 0
    outer loop
      vertex 21.6701 26.0654 0
      vertex 21.6914 26.0711 0.4
      vertex 21.6701 26.0654 0.4
    endloop
  endfacet
  facet normal 0.258509 -0.966009 0
    outer loop
      vertex 21.6914 26.0711 0.4
      vertex 21.6701 26.0654 0
      vertex 21.6914 26.0711 0
    endloop
  endfacet
  facet normal 0.35865 -0.933472 0
    outer loop
      vertex 21.6511 26.0581 0
      vertex 21.6701 26.0654 0.4
      vertex 21.6511 26.0581 0.4
    endloop
  endfacet
  facet normal 0.35865 -0.933472 0
    outer loop
      vertex 21.6701 26.0654 0.4
      vertex 21.6511 26.0581 0
      vertex 21.6701 26.0654 0
    endloop
  endfacet
  facet normal 1 -0 0
    outer loop
      vertex 21.6511 25.7394 0.4
      vertex 21.6511 26.0581 0
      vertex 21.6511 26.0581 0.4
    endloop
  endfacet
  facet normal 1 0 0
    outer loop
      vertex 21.6511 26.0581 0
      vertex 21.6511 25.7394 0.4
      vertex 21.6511 25.7394 0
    endloop
  endfacet
  facet normal -0.198733 0.980054 0
    outer loop
      vertex 21.6871 25.7467 0
      vertex 21.6511 25.7394 0.4
      vertex 21.6871 25.7467 0.4
    endloop
  endfacet
  facet normal -0.198733 0.980054 0
    outer loop
      vertex 21.6511 25.7394 0.4
      vertex 21.6871 25.7467 0
      vertex 21.6511 25.7394 0
    endloop
  endfacet
  facet normal -0.163933 0.986472 0
    outer loop
      vertex 21.7214 25.7524 0
      vertex 21.6871 25.7467 0.4
      vertex 21.7214 25.7524 0.4
    endloop
  endfacet
  facet normal -0.163933 0.986472 0
    outer loop
      vertex 21.6871 25.7467 0.4
      vertex 21.7214 25.7524 0
      vertex 21.6871 25.7467 0
    endloop
  endfacet
  facet normal -0.125162 0.992136 0
    outer loop
      vertex 21.7539 25.7565 0
      vertex 21.7214 25.7524 0.4
      vertex 21.7539 25.7565 0.4
    endloop
  endfacet
  facet normal -0.125162 0.992136 0
    outer loop
      vertex 21.7214 25.7524 0.4
      vertex 21.7539 25.7565 0
      vertex 21.7214 25.7524 0
    endloop
  endfacet
  facet normal -0.0776866 0.996978 0
    outer loop
      vertex 21.7847 25.7589 0
      vertex 21.7539 25.7565 0.4
      vertex 21.7847 25.7589 0.4
    endloop
  endfacet
  facet normal -0.0776866 0.996978 0
    outer loop
      vertex 21.7539 25.7565 0.4
      vertex 21.7847 25.7589 0
      vertex 21.7539 25.7565 0
    endloop
  endfacet
  facet normal -0.027481 0.999622 0
    outer loop
      vertex 21.8138 25.7597 0
      vertex 21.7847 25.7589 0.4
      vertex 21.8138 25.7597 0.4
    endloop
  endfacet
  facet normal -0.027481 0.999622 0
    outer loop
      vertex 21.7847 25.7589 0.4
      vertex 21.8138 25.7597 0
      vertex 21.7847 25.7589 0
    endloop
  endfacet
  facet normal 0.0841046 0.996457 -0
    outer loop
      vertex 21.8683 25.7551 0
      vertex 21.8138 25.7597 0.4
      vertex 21.8683 25.7551 0.4
    endloop
  endfacet
  facet normal 0.0841046 0.996457 0
    outer loop
      vertex 21.8138 25.7597 0.4
      vertex 21.8683 25.7551 0
      vertex 21.8138 25.7597 0
    endloop
  endfacet
  facet normal 0.269051 0.963126 -0
    outer loop
      vertex 21.9177 25.7413 0
      vertex 21.8683 25.7551 0.4
      vertex 21.9177 25.7413 0.4
    endloop
  endfacet
  facet normal 0.269051 0.963126 0
    outer loop
      vertex 21.8683 25.7551 0.4
      vertex 21.9177 25.7413 0
      vertex 21.8683 25.7551 0
    endloop
  endfacet
  facet normal 0.462361 0.886692 -0
    outer loop
      vertex 21.962 25.7182 0
      vertex 21.9177 25.7413 0.4
      vertex 21.962 25.7182 0.4
    endloop
  endfacet
  facet normal 0.462361 0.886692 0
    outer loop
      vertex 21.9177 25.7413 0.4
      vertex 21.962 25.7182 0
      vertex 21.9177 25.7413 0
    endloop
  endfacet
  facet normal 0.634949 0.772554 -0
    outer loop
      vertex 22.0013 25.6859 0
      vertex 21.962 25.7182 0.4
      vertex 22.0013 25.6859 0.4
    endloop
  endfacet
  facet normal 0.634949 0.772554 0
    outer loop
      vertex 21.962 25.7182 0.4
      vertex 22.0013 25.6859 0
      vertex 21.962 25.7182 0
    endloop
  endfacet
  facet normal 0.770803 0.637073 0
    outer loop
      vertex 22.0356 25.6444 0.4
      vertex 22.0013 25.6859 0
      vertex 22.0013 25.6859 0.4
    endloop
  endfacet
  facet normal 0.770803 0.637073 0
    outer loop
      vertex 22.0013 25.6859 0
      vertex 22.0356 25.6444 0.4
      vertex 22.0356 25.6444 0
    endloop
  endfacet
  facet normal 0.870884 0.491489 0
    outer loop
      vertex 22.0641 25.5939 0.4
      vertex 22.0356 25.6444 0
      vertex 22.0356 25.6444 0.4
    endloop
  endfacet
  facet normal 0.870884 0.491489 0
    outer loop
      vertex 22.0356 25.6444 0
      vertex 22.0641 25.5939 0.4
      vertex 22.0641 25.5939 0
    endloop
  endfacet
  facet normal 0.93691 0.34957 0
    outer loop
      vertex 22.0863 25.5344 0.4
      vertex 22.0641 25.5939 0
      vertex 22.0641 25.5939 0.4
    endloop
  endfacet
  facet normal 0.93691 0.34957 0
    outer loop
      vertex 22.0641 25.5939 0
      vertex 22.0863 25.5344 0.4
      vertex 22.0863 25.5344 0
    endloop
  endfacet
  facet normal 0.973957 0.226734 0
    outer loop
      vertex 22.1022 25.4661 0.4
      vertex 22.0863 25.5344 0
      vertex 22.0863 25.5344 0.4
    endloop
  endfacet
  facet normal 0.973957 0.226734 0
    outer loop
      vertex 22.0863 25.5344 0
      vertex 22.1022 25.4661 0.4
      vertex 22.1022 25.4661 0
    endloop
  endfacet
  facet normal 0.992533 0.12198 0
    outer loop
      vertex 22.1117 25.3888 0.4
      vertex 22.1022 25.4661 0
      vertex 22.1022 25.4661 0.4
    endloop
  endfacet
  facet normal 0.992533 0.12198 0
    outer loop
      vertex 22.1022 25.4661 0
      vertex 22.1117 25.3888 0.4
      vertex 22.1117 25.3888 0
    endloop
  endfacet
  facet normal 0.99931 0.0371404 0
    outer loop
      vertex 22.1149 25.3027 0.4
      vertex 22.1117 25.3888 0
      vertex 22.1117 25.3888 0.4
    endloop
  endfacet
  facet normal 0.99931 0.0371404 0
    outer loop
      vertex 22.1117 25.3888 0
      vertex 22.1149 25.3027 0.4
      vertex 22.1149 25.3027 0
    endloop
  endfacet
  facet normal 1 -0 0
    outer loop
      vertex 22.1149 24.5825 0.4
      vertex 22.1149 25.3027 0
      vertex 22.1149 25.3027 0.4
    endloop
  endfacet
  facet normal 1 0 0
    outer loop
      vertex 22.1149 25.3027 0
      vertex 22.1149 24.5825 0.4
      vertex 22.1149 24.5825 0
    endloop
  endfacet
  facet normal 0 1 -0
    outer loop
      vertex 22.496 24.5825 0
      vertex 22.1149 24.5825 0.4
      vertex 22.496 24.5825 0.4
    endloop
  endfacet
  facet normal 0 1 0
    outer loop
      vertex 22.1149 24.5825 0.4
      vertex 22.496 24.5825 0
      vertex 22.1149 24.5825 0
    endloop
  endfacet
  facet normal -1 0 0
    outer loop
      vertex 22.496 24.5825 0
      vertex 22.496 25.7055 0.4
      vertex 22.496 25.7055 0
    endloop
  endfacet
  facet normal -1 -0 0
    outer loop
      vertex 22.496 25.7055 0.4
      vertex 22.496 24.5825 0
      vertex 22.496 24.5825 0.4
    endloop
  endfacet
  facet normal -0.200056 0.979784 0
    outer loop
      vertex 23.7556 24.5879 0
      vertex 23.6361 24.5635 0.4
      vertex 23.7556 24.5879 0.4
    endloop
  endfacet
  facet normal -0.200056 0.979784 0
    outer loop
      vertex 23.6361 24.5635 0.4
      vertex 23.7556 24.5879 0
      vertex 23.6361 24.5635 0
    endloop
  endfacet
  facet normal -0.353502 0.935434 0
    outer loop
      vertex 23.8633 24.6286 0
      vertex 23.7556 24.5879 0.4
      vertex 23.8633 24.6286 0.4
    endloop
  endfacet
  facet normal -0.353502 0.935434 0
    outer loop
      vertex 23.7556 24.5879 0.4
      vertex 23.8633 24.6286 0
      vertex 23.7556 24.5879 0
    endloop
  endfacet
  facet normal -0.511326 0.859387 0
    outer loop
      vertex 23.9591 24.6856 0
      vertex 23.8633 24.6286 0.4
      vertex 23.9591 24.6856 0.4
    endloop
  endfacet
  facet normal -0.511326 0.859387 0
    outer loop
      vertex 23.8633 24.6286 0.4
      vertex 23.9591 24.6856 0
      vertex 23.8633 24.6286 0
    endloop
  endfacet
  facet normal -0.656534 0.754296 0
    outer loop
      vertex 24.0432 24.7588 0
      vertex 23.9591 24.6856 0.4
      vertex 24.0432 24.7588 0.4
    endloop
  endfacet
  facet normal -0.656534 0.754296 0
    outer loop
      vertex 23.9591 24.6856 0.4
      vertex 24.0432 24.7588 0
      vertex 23.9591 24.6856 0
    endloop
  endfacet
  facet normal -0.779563 0.626323 0
    outer loop
      vertex 24.0432 24.7588 0
      vertex 24.1135 24.8463 0.4
      vertex 24.1135 24.8463 0
    endloop
  endfacet
  facet normal -0.779563 0.626323 0
    outer loop
      vertex 24.1135 24.8463 0.4
      vertex 24.0432 24.7588 0
      vertex 24.0432 24.7588 0.4
    endloop
  endfacet
  facet normal -0.876513 0.481378 0
    outer loop
      vertex 24.1135 24.8463 0
      vertex 24.1682 24.9459 0.4
      vertex 24.1682 24.9459 0
    endloop
  endfacet
  facet normal -0.876513 0.481378 0
    outer loop
      vertex 24.1682 24.9459 0.4
      vertex 24.1135 24.8463 0
      vertex 24.1135 24.8463 0.4
    endloop
  endfacet
  facet normal -0.944108 0.329635 0
    outer loop
      vertex 24.1682 24.9459 0
      vertex 24.2072 25.0576 0.4
      vertex 24.2072 25.0576 0
    endloop
  endfacet
  facet normal -0.944108 0.329635 0
    outer loop
      vertex 24.2072 25.0576 0.4
      vertex 24.1682 24.9459 0
      vertex 24.1682 24.9459 0.4
    endloop
  endfacet
  facet normal -0.982484 0.186347 0
    outer loop
      vertex 24.2072 25.0576 0
      vertex 24.2307 25.1815 0.4
      vertex 24.2307 25.1815 0
    endloop
  endfacet
  facet normal -0.982484 0.186347 0
    outer loop
      vertex 24.2307 25.1815 0.4
      vertex 24.2072 25.0576 0
      vertex 24.2072 25.0576 0.4
    endloop
  endfacet
  facet normal -0.998362 0.0572169 0
    outer loop
      vertex 24.2307 25.1815 0
      vertex 24.2385 25.3176 0.4
      vertex 24.2385 25.3176 0
    endloop
  endfacet
  facet normal -0.998362 0.0572169 0
    outer loop
      vertex 24.2385 25.3176 0.4
      vertex 24.2307 25.1815 0
      vertex 24.2307 25.1815 0.4
    endloop
  endfacet
  facet normal -0.998347 -0.0574694 0
    outer loop
      vertex 24.2385 25.3176 0
      vertex 24.2307 25.4531 0.4
      vertex 24.2307 25.4531 0
    endloop
  endfacet
  facet normal -0.998347 -0.0574694 0
    outer loop
      vertex 24.2307 25.4531 0.4
      vertex 24.2385 25.3176 0
      vertex 24.2385 25.3176 0.4
    endloop
  endfacet
  facet normal -0.982373 -0.186929 0
    outer loop
      vertex 24.2307 25.4531 0
      vertex 24.2072 25.5766 0.4
      vertex 24.2072 25.5766 0
    endloop
  endfacet
  facet normal -0.982373 -0.186929 0
    outer loop
      vertex 24.2072 25.5766 0.4
      vertex 24.2307 25.4531 0
      vertex 24.2307 25.4531 0.4
    endloop
  endfacet
  facet normal -0.943739 -0.33069 0
    outer loop
      vertex 24.2072 25.5766 0
      vertex 24.1682 25.6879 0.4
      vertex 24.1682 25.6879 0
    endloop
  endfacet
  facet normal -0.943739 -0.33069 0
    outer loop
      vertex 24.1682 25.6879 0.4
      vertex 24.2072 25.5766 0
      vertex 24.2072 25.5766 0.4
    endloop
  endfacet
  facet normal -0.875899 -0.482494 0
    outer loop
      vertex 24.1682 25.6879 0
      vertex 24.1135 25.7872 0.4
      vertex 24.1135 25.7872 0
    endloop
  endfacet
  facet normal -0.875899 -0.482494 0
    outer loop
      vertex 24.1135 25.7872 0.4
      vertex 24.1682 25.6879 0
      vertex 24.1682 25.6879 0.4
    endloop
  endfacet
  facet normal -0.778159 -0.628067 0
    outer loop
      vertex 24.1135 25.7872 0
      vertex 24.0432 25.8743 0.4
      vertex 24.0432 25.8743 0
    endloop
  endfacet
  facet normal -0.778159 -0.628067 0
    outer loop
      vertex 24.0432 25.8743 0.4
      vertex 24.1135 25.7872 0
      vertex 24.1135 25.7872 0.4
    endloop
  endfacet
  facet normal -0.65418 -0.756339 0
    outer loop
      vertex 23.9588 25.9473 0
      vertex 24.0432 25.8743 0.4
      vertex 23.9588 25.9473 0.4
    endloop
  endfacet
  facet normal -0.65418 -0.756339 -0
    outer loop
      vertex 24.0432 25.8743 0.4
      vertex 23.9588 25.9473 0
      vertex 24.0432 25.8743 0
    endloop
  endfacet
  facet normal -0.506085 -0.862483 0
    outer loop
      vertex 23.862 26.0041 0
      vertex 23.9588 25.9473 0.4
      vertex 23.862 26.0041 0.4
    endloop
  endfacet
  facet normal -0.506085 -0.862483 -0
    outer loop
      vertex 23.9588 25.9473 0.4
      vertex 23.862 26.0041 0
      vertex 23.9588 25.9473 0
    endloop
  endfacet
  facet normal -0.347454 -0.937697 0
    outer loop
      vertex 23.7527 26.0446 0
      vertex 23.862 26.0041 0.4
      vertex 23.7527 26.0446 0.4
    endloop
  endfacet
  facet normal -0.347454 -0.937697 -0
    outer loop
      vertex 23.862 26.0041 0.4
      vertex 23.7527 26.0446 0
      vertex 23.862 26.0041 0
    endloop
  endfacet
  facet normal -0.196426 -0.980519 0
    outer loop
      vertex 23.6309 26.069 0
      vertex 23.7527 26.0446 0.4
      vertex 23.6309 26.069 0.4
    endloop
  endfacet
  facet normal -0.196426 -0.980519 -0
    outer loop
      vertex 23.7527 26.0446 0.4
      vertex 23.6309 26.069 0
      vertex 23.7527 26.0446 0
    endloop
  endfacet
  facet normal -0.0602033 -0.998186 0
    outer loop
      vertex 23.4966 26.0771 0
      vertex 23.6309 26.069 0.4
      vertex 23.4966 26.0771 0.4
    endloop
  endfacet
  facet normal -0.0602033 -0.998186 -0
    outer loop
      vertex 23.6309 26.069 0.4
      vertex 23.4966 26.0771 0
      vertex 23.6309 26.069 0
    endloop
  endfacet
  facet normal 0.0576105 -0.998339 0
    outer loop
      vertex 23.3597 26.0692 0
      vertex 23.4966 26.0771 0.4
      vertex 23.3597 26.0692 0.4
    endloop
  endfacet
  facet normal 0.0576105 -0.998339 0
    outer loop
      vertex 23.4966 26.0771 0.4
      vertex 23.3597 26.0692 0
      vertex 23.4966 26.0771 0
    endloop
  endfacet
  facet normal 0.187076 -0.982346 0
    outer loop
      vertex 23.2363 26.0457 0
      vertex 23.3597 26.0692 0.4
      vertex 23.2363 26.0457 0.4
    endloop
  endfacet
  facet normal 0.187076 -0.982346 0
    outer loop
      vertex 23.3597 26.0692 0.4
      vertex 23.2363 26.0457 0
      vertex 23.3597 26.0692 0
    endloop
  endfacet
  facet normal 0.3365 -0.941684 0
    outer loop
      vertex 23.1266 26.0065 0
      vertex 23.2363 26.0457 0.4
      vertex 23.1266 26.0065 0.4
    endloop
  endfacet
  facet normal 0.3365 -0.941684 0
    outer loop
      vertex 23.2363 26.0457 0.4
      vertex 23.1266 26.0065 0
      vertex 23.2363 26.0457 0
    endloop
  endfacet
  facet normal 0.49536 -0.868688 0
    outer loop
      vertex 23.0305 25.9517 0
      vertex 23.1266 26.0065 0.4
      vertex 23.0305 25.9517 0.4
    endloop
  endfacet
  facet normal 0.49536 -0.868688 0
    outer loop
      vertex 23.1266 26.0065 0.4
      vertex 23.0305 25.9517 0
      vertex 23.1266 26.0065 0
    endloop
  endfacet
  facet normal 0.650184 -0.759776 0
    outer loop
      vertex 22.948 25.8811 0
      vertex 23.0305 25.9517 0.4
      vertex 22.948 25.8811 0.4
    endloop
  endfacet
  facet normal 0.650184 -0.759776 0
    outer loop
      vertex 23.0305 25.9517 0.4
      vertex 22.948 25.8811 0
      vertex 23.0305 25.9517 0
    endloop
  endfacet
  facet normal 0.781494 -0.623913 0
    outer loop
      vertex 22.8799 25.7958 0.4
      vertex 22.948 25.8811 0
      vertex 22.948 25.8811 0.4
    endloop
  endfacet
  facet normal 0.781494 -0.623913 0
    outer loop
      vertex 22.948 25.8811 0
      vertex 22.8799 25.7958 0.4
      vertex 22.8799 25.7958 0
    endloop
  endfacet
  facet normal 0.881414 -0.472345 0
    outer loop
      vertex 22.8269 25.6969 0.4
      vertex 22.8799 25.7958 0
      vertex 22.8799 25.7958 0.4
    endloop
  endfacet
  facet normal 0.881414 -0.472345 0
    outer loop
      vertex 22.8799 25.7958 0
      vertex 22.8269 25.6969 0.4
      vertex 22.8269 25.6969 0
    endloop
  endfacet
  facet normal 0.948093 -0.317994 0
    outer loop
      vertex 22.7891 25.5842 0.4
      vertex 22.8269 25.6969 0
      vertex 22.8269 25.6969 0.4
    endloop
  endfacet
  facet normal 0.948093 -0.317994 0
    outer loop
      vertex 22.8269 25.6969 0
      vertex 22.7891 25.5842 0.4
      vertex 22.7891 25.5842 0
    endloop
  endfacet
  facet normal 0.984278 -0.176625 0
    outer loop
      vertex 22.7664 25.4577 0.4
      vertex 22.7891 25.5842 0
      vertex 22.7891 25.5842 0.4
    endloop
  endfacet
  facet normal 0.984278 -0.176625 0
    outer loop
      vertex 22.7891 25.5842 0
      vertex 22.7664 25.4577 0.4
      vertex 22.7664 25.4577 0
    endloop
  endfacet
  facet normal 0.998532 -0.0541673 0
    outer loop
      vertex 22.7588 25.3176 0.4
      vertex 22.7664 25.4577 0
      vertex 22.7664 25.4577 0.4
    endloop
  endfacet
  facet normal 0.998532 -0.0541673 0
    outer loop
      vertex 22.7664 25.4577 0
      vertex 22.7588 25.3176 0.4
      vertex 22.7588 25.3176 0
    endloop
  endfacet
  facet normal 0.998329 0.0577788 0
    outer loop
      vertex 22.7667 25.1811 0.4
      vertex 22.7588 25.3176 0
      vertex 22.7588 25.3176 0.4
    endloop
  endfacet
  facet normal 0.998329 0.0577788 0
    outer loop
      vertex 22.7588 25.3176 0
      vertex 22.7667 25.1811 0.4
      vertex 22.7667 25.1811 0
    endloop
  endfacet
  facet normal 0.98213 0.188202 0
    outer loop
      vertex 22.7905 25.0569 0.4
      vertex 22.7667 25.1811 0
      vertex 22.7667 25.1811 0.4
    endloop
  endfacet
  facet normal 0.98213 0.188202 0
    outer loop
      vertex 22.7667 25.1811 0
      vertex 22.7905 25.0569 0.4
      vertex 22.7905 25.0569 0
    endloop
  endfacet
  facet normal 0.94271 0.333613 0
    outer loop
      vertex 22.8301 24.945 0.4
      vertex 22.7905 25.0569 0
      vertex 22.7905 25.0569 0.4
    endloop
  endfacet
  facet normal 0.94271 0.333613 0
    outer loop
      vertex 22.7905 25.0569 0
      vertex 22.8301 24.945 0.4
      vertex 22.8301 24.945 0
    endloop
  endfacet
  facet normal 0.873909 0.48609 0
    outer loop
      vertex 22.8855 24.8454 0.4
      vertex 22.8301 24.945 0
      vertex 22.8301 24.945 0.4
    endloop
  endfacet
  facet normal 0.873909 0.48609 0
    outer loop
      vertex 22.8301 24.945 0
      vertex 22.8855 24.8454 0.4
      vertex 22.8855 24.8454 0
    endloop
  endfacet
  facet normal 0.774155 0.632996 0
    outer loop
      vertex 22.9568 24.7582 0.4
      vertex 22.8855 24.8454 0
      vertex 22.8855 24.8454 0.4
    endloop
  endfacet
  facet normal 0.774155 0.632996 0
    outer loop
      vertex 22.8855 24.8454 0
      vertex 22.9568 24.7582 0.4
      vertex 22.9568 24.7582 0
    endloop
  endfacet
  facet normal 0.650204 0.759759 -0
    outer loop
      vertex 23.0421 24.6852 0
      vertex 22.9568 24.7582 0.4
      vertex 23.0421 24.6852 0.4
    endloop
  endfacet
  facet normal 0.650204 0.759759 0
    outer loop
      vertex 22.9568 24.7582 0.4
      vertex 23.0421 24.6852 0
      vertex 22.9568 24.7582 0
    endloop
  endfacet
  facet normal 0.503761 0.863843 -0
    outer loop
      vertex 23.1395 24.6284 0
      vertex 23.0421 24.6852 0.4
      vertex 23.1395 24.6284 0.4
    endloop
  endfacet
  facet normal 0.503761 0.863843 0
    outer loop
      vertex 23.0421 24.6852 0.4
      vertex 23.1395 24.6284 0
      vertex 23.0421 24.6852 0
    endloop
  endfacet
  facet normal 0.34737 0.937728 -0
    outer loop
      vertex 23.2491 24.5878 0
      vertex 23.1395 24.6284 0.4
      vertex 23.2491 24.5878 0.4
    endloop
  endfacet
  facet normal 0.34737 0.937728 0
    outer loop
      vertex 23.1395 24.6284 0.4
      vertex 23.2491 24.5878 0
      vertex 23.1395 24.6284 0
    endloop
  endfacet
  facet normal 0.195652 0.980673 -0
    outer loop
      vertex 23.3709 24.5635 0
      vertex 23.2491 24.5878 0.4
      vertex 23.3709 24.5635 0.4
    endloop
  endfacet
  facet normal 0.195652 0.980673 0
    outer loop
      vertex 23.2491 24.5878 0.4
      vertex 23.3709 24.5635 0
      vertex 23.2491 24.5878 0
    endloop
  endfacet
  facet normal 0.0604275 0.998173 -0
    outer loop
      vertex 23.5047 24.5554 0
      vertex 23.3709 24.5635 0.4
      vertex 23.5047 24.5554 0.4
    endloop
  endfacet
  facet normal 0.0604275 0.998173 0
    outer loop
      vertex 23.3709 24.5635 0.4
      vertex 23.5047 24.5554 0
      vertex 23.3709 24.5635 0
    endloop
  endfacet
  facet normal -0.061527 0.998105 0
    outer loop
      vertex 23.6361 24.5635 0
      vertex 23.5047 24.5554 0.4
      vertex 23.6361 24.5635 0.4
    endloop
  endfacet
  facet normal -0.061527 0.998105 0
    outer loop
      vertex 23.5047 24.5554 0.4
      vertex 23.6361 24.5635 0
      vertex 23.5047 24.5554 0
    endloop
  endfacet
  facet normal -0.521871 -0.853025 0
    outer loop
      vertex 23.284 24.8961 0
      vertex 23.3824 24.8359 0.4
      vertex 23.284 24.8961 0.4
    endloop
  endfacet
  facet normal -0.521871 -0.853025 -0
    outer loop
      vertex 23.3824 24.8359 0.4
      vertex 23.284 24.8961 0
      vertex 23.3824 24.8359 0
    endloop
  endfacet
  facet normal -0.81927 -0.573408 0
    outer loop
      vertex 23.284 24.8961 0
      vertex 23.2138 24.9964 0.4
      vertex 23.2138 24.9964 0
    endloop
  endfacet
  facet normal -0.81927 -0.573408 0
    outer loop
      vertex 23.2138 24.9964 0.4
      vertex 23.284 24.8961 0
      vertex 23.284 24.8961 0.4
    endloop
  endfacet
  facet normal -0.957732 -0.287661 0
    outer loop
      vertex 23.2138 24.9964 0
      vertex 23.1716 25.1369 0.4
      vertex 23.1716 25.1369 0
    endloop
  endfacet
  facet normal -0.957732 -0.287661 0
    outer loop
      vertex 23.1716 25.1369 0.4
      vertex 23.2138 24.9964 0
      vertex 23.2138 24.9964 0.4
    endloop
  endfacet
  facet normal -0.99697 -0.0777934 0
    outer loop
      vertex 23.1716 25.1369 0
      vertex 23.1575 25.3176 0.4
      vertex 23.1575 25.3176 0
    endloop
  endfacet
  facet normal -0.99697 -0.0777934 0
    outer loop
      vertex 23.1575 25.3176 0.4
      vertex 23.1716 25.1369 0
      vertex 23.1716 25.1369 0.4
    endloop
  endfacet
  facet normal -0.999374 0.0353671 0
    outer loop
      vertex 23.1575 25.3176 0
      vertex 23.161 25.4165 0.4
      vertex 23.161 25.4165 0
    endloop
  endfacet
  facet normal -0.999374 0.0353671 0
    outer loop
      vertex 23.161 25.4165 0.4
      vertex 23.1575 25.3176 0
      vertex 23.1575 25.3176 0.4
    endloop
  endfacet
  facet normal -0.993274 0.115787 0
    outer loop
      vertex 23.161 25.4165 0
      vertex 23.1712 25.504 0.4
      vertex 23.1712 25.504 0
    endloop
  endfacet
  facet normal -0.993274 0.115787 0
    outer loop
      vertex 23.1712 25.504 0.4
      vertex 23.161 25.4165 0
      vertex 23.161 25.4165 0.4
    endloop
  endfacet
  facet normal -0.975548 0.219787 0
    outer loop
      vertex 23.1712 25.504 0
      vertex 23.1883 25.5799 0.4
      vertex 23.1883 25.5799 0
    endloop
  endfacet
  facet normal -0.975548 0.219787 0
    outer loop
      vertex 23.1883 25.5799 0.4
      vertex 23.1712 25.504 0
      vertex 23.1712 25.504 0.4
    endloop
  endfacet
  facet normal -0.937696 0.347456 0
    outer loop
      vertex 23.1883 25.5799 0
      vertex 23.2122 25.6444 0.4
      vertex 23.2122 25.6444 0
    endloop
  endfacet
  facet normal -0.937696 0.347456 0
    outer loop
      vertex 23.2122 25.6444 0.4
      vertex 23.1883 25.5799 0
      vertex 23.1883 25.5799 0.4
    endloop
  endfacet
  facet normal -0.864193 0.50316 0
    outer loop
      vertex 23.2122 25.6444 0
      vertex 23.243 25.6973 0.4
      vertex 23.243 25.6973 0
    endloop
  endfacet
  facet normal -0.864193 0.50316 0
    outer loop
      vertex 23.243 25.6973 0.4
      vertex 23.2122 25.6444 0
      vertex 23.2122 25.6444 0.4
    endloop
  endfacet
  facet normal -0.75159 0.659631 0
    outer loop
      vertex 23.243 25.6973 0
      vertex 23.2803 25.7398 0.4
      vertex 23.2803 25.7398 0
    endloop
  endfacet
  facet normal -0.75159 0.659631 0
    outer loop
      vertex 23.2803 25.7398 0.4
      vertex 23.243 25.6973 0
      vertex 23.243 25.6973 0.4
    endloop
  endfacet
  facet normal -0.605269 0.796021 0
    outer loop
      vertex 23.3237 25.7728 0
      vertex 23.2803 25.7398 0.4
      vertex 23.3237 25.7728 0.4
    endloop
  endfacet
  facet normal -0.605269 0.796021 0
    outer loop
      vertex 23.2803 25.7398 0.4
      vertex 23.3237 25.7728 0
      vertex 23.2803 25.7398 0
    endloop
  endfacet
  facet normal -0.430427 0.902625 0
    outer loop
      vertex 23.3734 25.7965 0
      vertex 23.3237 25.7728 0.4
      vertex 23.3734 25.7965 0.4
    endloop
  endfacet
  facet normal -0.430427 0.902625 0
    outer loop
      vertex 23.3237 25.7728 0.4
      vertex 23.3734 25.7965 0
      vertex 23.3237 25.7728 0
    endloop
  endfacet
  facet normal -0.244988 0.969526 0
    outer loop
      vertex 23.4292 25.8106 0
      vertex 23.3734 25.7965 0.4
      vertex 23.4292 25.8106 0.4
    endloop
  endfacet
  facet normal -0.244988 0.969526 0
    outer loop
      vertex 23.3734 25.7965 0.4
      vertex 23.4292 25.8106 0
      vertex 23.3734 25.7965 0
    endloop
  endfacet
  facet normal -0.0755896 0.997139 0
    outer loop
      vertex 23.4912 25.8153 0
      vertex 23.4292 25.8106 0.4
      vertex 23.4912 25.8153 0.4
    endloop
  endfacet
  facet normal -0.0755896 0.997139 0
    outer loop
      vertex 23.4292 25.8106 0.4
      vertex 23.4912 25.8153 0
      vertex 23.4292 25.8106 0
    endloop
  endfacet
  facet normal 0.15722 0.987564 -0
    outer loop
      vertex 23.6162 25.7954 0
      vertex 23.4912 25.8153 0.4
      vertex 23.6162 25.7954 0.4
    endloop
  endfacet
  facet normal 0.15722 0.987564 0
    outer loop
      vertex 23.4912 25.8153 0.4
      vertex 23.6162 25.7954 0
      vertex 23.4912 25.8153 0
    endloop
  endfacet
  facet normal 0.523364 0.852109 -0
    outer loop
      vertex 23.7134 25.7357 0
      vertex 23.6162 25.7954 0.4
      vertex 23.7134 25.7357 0.4
    endloop
  endfacet
  facet normal 0.523364 0.852109 0
    outer loop
      vertex 23.6162 25.7954 0.4
      vertex 23.7134 25.7357 0
      vertex 23.6162 25.7954 0
    endloop
  endfacet
  facet normal 0.820468 0.571692 0
    outer loop
      vertex 23.7828 25.6361 0.4
      vertex 23.7134 25.7357 0
      vertex 23.7134 25.7357 0.4
    endloop
  endfacet
  facet normal 0.820468 0.571692 0
    outer loop
      vertex 23.7134 25.7357 0
      vertex 23.7828 25.6361 0.4
      vertex 23.7828 25.6361 0
    endloop
  endfacet
  facet normal 0.957996 0.28678 0
    outer loop
      vertex 23.8245 25.4968 0.4
      vertex 23.7828 25.6361 0
      vertex 23.7828 25.6361 0.4
    endloop
  endfacet
  facet normal 0.957996 0.28678 0
    outer loop
      vertex 23.7828 25.6361 0
      vertex 23.8245 25.4968 0.4
      vertex 23.8245 25.4968 0
    endloop
  endfacet
  facet normal 0.997005 0.0773347 0
    outer loop
      vertex 23.8384 25.3176 0.4
      vertex 23.8245 25.4968 0
      vertex 23.8245 25.4968 0.4
    endloop
  endfacet
  facet normal 0.997005 0.0773347 0
    outer loop
      vertex 23.8245 25.4968 0
      vertex 23.8384 25.3176 0.4
      vertex 23.8384 25.3176 0
    endloop
  endfacet
  facet normal 0.999339 -0.0363396 0
    outer loop
      vertex 23.835 25.2241 0.4
      vertex 23.8384 25.3176 0
      vertex 23.8384 25.3176 0.4
    endloop
  endfacet
  facet normal 0.999339 -0.0363396 0
    outer loop
      vertex 23.8384 25.3176 0
      vertex 23.835 25.2241 0.4
      vertex 23.835 25.2241 0
    endloop
  endfacet
  facet normal 0.992725 -0.120402 0
    outer loop
      vertex 23.8248 25.14 0.4
      vertex 23.835 25.2241 0
      vertex 23.835 25.2241 0.4
    endloop
  endfacet
  facet normal 0.992725 -0.120402 0
    outer loop
      vertex 23.835 25.2241 0
      vertex 23.8248 25.14 0.4
      vertex 23.8248 25.14 0
    endloop
  endfacet
  facet normal 0.97535 -0.220662 0
    outer loop
      vertex 23.8079 25.0653 0.4
      vertex 23.8248 25.14 0
      vertex 23.8248 25.14 0.4
    endloop
  endfacet
  facet normal 0.97535 -0.220662 0
    outer loop
      vertex 23.8248 25.14 0
      vertex 23.8079 25.0653 0.4
      vertex 23.8079 25.0653 0
    endloop
  endfacet
  facet normal 0.939709 -0.341974 0
    outer loop
      vertex 23.7841 24.9999 0.4
      vertex 23.8079 25.0653 0
      vertex 23.8079 25.0653 0.4
    endloop
  endfacet
  facet normal 0.939709 -0.341974 0
    outer loop
      vertex 23.8079 25.0653 0
      vertex 23.7841 24.9999 0.4
      vertex 23.7841 24.9999 0
    endloop
  endfacet
  facet normal 0.878195 -0.478303 0
    outer loop
      vertex 23.7536 24.9439 0.4
      vertex 23.7841 24.9999 0
      vertex 23.7841 24.9999 0.4
    endloop
  endfacet
  facet normal 0.878195 -0.478303 0
    outer loop
      vertex 23.7841 24.9999 0
      vertex 23.7536 24.9439 0.4
      vertex 23.7536 24.9439 0
    endloop
  endfacet
  facet normal 0.780704 -0.624902 0
    outer loop
      vertex 23.7167 24.8978 0.4
      vertex 23.7536 24.9439 0
      vertex 23.7536 24.9439 0.4
    endloop
  endfacet
  facet normal 0.780704 -0.624902 0
    outer loop
      vertex 23.7536 24.9439 0
      vertex 23.7167 24.8978 0.4
      vertex 23.7167 24.8978 0
    endloop
  endfacet
  facet normal 0.641766 -0.766901 0
    outer loop
      vertex 23.6738 24.8619 0
      vertex 23.7167 24.8978 0.4
      vertex 23.6738 24.8619 0.4
    endloop
  endfacet
  facet normal 0.641766 -0.766901 0
    outer loop
      vertex 23.7167 24.8978 0.4
      vertex 23.6738 24.8619 0
      vertex 23.7167 24.8978 0
    endloop
  endfacet
  facet normal 0.46306 -0.886327 0
    outer loop
      vertex 23.6248 24.8363 0
      vertex 23.6738 24.8619 0.4
      vertex 23.6248 24.8363 0.4
    endloop
  endfacet
  facet normal 0.46306 -0.886327 0
    outer loop
      vertex 23.6738 24.8619 0.4
      vertex 23.6248 24.8363 0
      vertex 23.6738 24.8619 0
    endloop
  endfacet
  facet normal 0.26963 -0.962964 0
    outer loop
      vertex 23.5698 24.8209 0
      vertex 23.6248 24.8363 0.4
      vertex 23.5698 24.8209 0.4
    endloop
  endfacet
  facet normal 0.26963 -0.962964 0
    outer loop
      vertex 23.6248 24.8363 0.4
      vertex 23.5698 24.8209 0
      vertex 23.6248 24.8363 0
    endloop
  endfacet
  facet normal 0.0833159 -0.996523 0
    outer loop
      vertex 23.5088 24.8158 0
      vertex 23.5698 24.8209 0.4
      vertex 23.5088 24.8158 0.4
    endloop
  endfacet
  facet normal 0.0833159 -0.996523 0
    outer loop
      vertex 23.5698 24.8209 0.4
      vertex 23.5088 24.8158 0
      vertex 23.5698 24.8209 0
    endloop
  endfacet
  facet normal -0.157046 -0.987591 0
    outer loop
      vertex 23.3824 24.8359 0
      vertex 23.5088 24.8158 0.4
      vertex 23.3824 24.8359 0.4
    endloop
  endfacet
  facet normal -0.157046 -0.987591 -0
    outer loop
      vertex 23.5088 24.8158 0.4
      vertex 23.3824 24.8359 0
      vertex 23.5088 24.8158 0
    endloop
  endfacet
  facet normal -0.200056 0.979784 0
    outer loop
      vertex 25.4126 24.5879 0
      vertex 25.2931 24.5635 0.4
      vertex 25.4126 24.5879 0.4
    endloop
  endfacet
  facet normal -0.200056 0.979784 0
    outer loop
      vertex 25.2931 24.5635 0.4
      vertex 25.4126 24.5879 0
      vertex 25.2931 24.5635 0
    endloop
  endfacet
  facet normal -0.353502 0.935434 0
    outer loop
      vertex 25.5203 24.6286 0
      vertex 25.4126 24.5879 0.4
      vertex 25.5203 24.6286 0.4
    endloop
  endfacet
  facet normal -0.353502 0.935434 0
    outer loop
      vertex 25.4126 24.5879 0.4
      vertex 25.5203 24.6286 0
      vertex 25.4126 24.5879 0
    endloop
  endfacet
  facet normal -0.511326 0.859387 0
    outer loop
      vertex 25.6161 24.6856 0
      vertex 25.5203 24.6286 0.4
      vertex 25.6161 24.6856 0.4
    endloop
  endfacet
  facet normal -0.511326 0.859387 0
    outer loop
      vertex 25.5203 24.6286 0.4
      vertex 25.6161 24.6856 0
      vertex 25.5203 24.6286 0
    endloop
  endfacet
  facet normal -0.656534 0.754296 0
    outer loop
      vertex 25.7002 24.7588 0
      vertex 25.6161 24.6856 0.4
      vertex 25.7002 24.7588 0.4
    endloop
  endfacet
  facet normal -0.656534 0.754296 0
    outer loop
      vertex 25.6161 24.6856 0.4
      vertex 25.7002 24.7588 0
      vertex 25.6161 24.6856 0
    endloop
  endfacet
  facet normal -0.779563 0.626323 0
    outer loop
      vertex 25.7002 24.7588 0
      vertex 25.7705 24.8463 0.4
      vertex 25.7705 24.8463 0
    endloop
  endfacet
  facet normal -0.779563 0.626323 0
    outer loop
      vertex 25.7705 24.8463 0.4
      vertex 25.7002 24.7588 0
      vertex 25.7002 24.7588 0.4
    endloop
  endfacet
  facet normal -0.876513 0.481378 0
    outer loop
      vertex 25.7705 24.8463 0
      vertex 25.8252 24.9459 0.4
      vertex 25.8252 24.9459 0
    endloop
  endfacet
  facet normal -0.876513 0.481378 0
    outer loop
      vertex 25.8252 24.9459 0.4
      vertex 25.7705 24.8463 0
      vertex 25.7705 24.8463 0.4
    endloop
  endfacet
  facet normal -0.944108 0.329635 0
    outer loop
      vertex 25.8252 24.9459 0
      vertex 25.8642 25.0576 0.4
      vertex 25.8642 25.0576 0
    endloop
  endfacet
  facet normal -0.944108 0.329635 0
    outer loop
      vertex 25.8642 25.0576 0.4
      vertex 25.8252 24.9459 0
      vertex 25.8252 24.9459 0.4
    endloop
  endfacet
  facet normal -0.982484 0.186347 0
    outer loop
      vertex 25.8642 25.0576 0
      vertex 25.8877 25.1815 0.4
      vertex 25.8877 25.1815 0
    endloop
  endfacet
  facet normal -0.982484 0.186347 0
    outer loop
      vertex 25.8877 25.1815 0.4
      vertex 25.8642 25.0576 0
      vertex 25.8642 25.0576 0.4
    endloop
  endfacet
  facet normal -0.998362 0.0572169 0
    outer loop
      vertex 25.8877 25.1815 0
      vertex 25.8955 25.3176 0.4
      vertex 25.8955 25.3176 0
    endloop
  endfacet
  facet normal -0.998362 0.0572169 0
    outer loop
      vertex 25.8955 25.3176 0.4
      vertex 25.8877 25.1815 0
      vertex 25.8877 25.1815 0.4
    endloop
  endfacet
  facet normal -0.998347 -0.0574694 0
    outer loop
      vertex 25.8955 25.3176 0
      vertex 25.8877 25.4531 0.4
      vertex 25.8877 25.4531 0
    endloop
  endfacet
  facet normal -0.998347 -0.0574694 0
    outer loop
      vertex 25.8877 25.4531 0.4
      vertex 25.8955 25.3176 0
      vertex 25.8955 25.3176 0.4
    endloop
  endfacet
  facet normal -0.982373 -0.186929 0
    outer loop
      vertex 25.8877 25.4531 0
      vertex 25.8642 25.5766 0.4
      vertex 25.8642 25.5766 0
    endloop
  endfacet
  facet normal -0.982373 -0.186929 0
    outer loop
      vertex 25.8642 25.5766 0.4
      vertex 25.8877 25.4531 0
      vertex 25.8877 25.4531 0.4
    endloop
  endfacet
  facet normal -0.943739 -0.33069 0
    outer loop
      vertex 25.8642 25.5766 0
      vertex 25.8252 25.6879 0.4
      vertex 25.8252 25.6879 0
    endloop
  endfacet
  facet normal -0.943739 -0.33069 0
    outer loop
      vertex 25.8252 25.6879 0.4
      vertex 25.8642 25.5766 0
      vertex 25.8642 25.5766 0.4
    endloop
  endfacet
  facet normal -0.875899 -0.482494 0
    outer loop
      vertex 25.8252 25.6879 0
      vertex 25.7705 25.7872 0.4
      vertex 25.7705 25.7872 0
    endloop
  endfacet
  facet normal -0.875899 -0.482494 0
    outer loop
      vertex 25.7705 25.7872 0.4
      vertex 25.8252 25.6879 0
      vertex 25.8252 25.6879 0.4
    endloop
  endfacet
  facet normal -0.778159 -0.628067 0
    outer loop
      vertex 25.7705 25.7872 0
      vertex 25.7002 25.8743 0.4
      vertex 25.7002 25.8743 0
    endloop
  endfacet
  facet normal -0.778159 -0.628067 0
    outer loop
      vertex 25.7002 25.8743 0.4
      vertex 25.7705 25.7872 0
      vertex 25.7705 25.7872 0.4
    endloop
  endfacet
  facet normal -0.65418 -0.756339 0
    outer loop
      vertex 25.6158 25.9473 0
      vertex 25.7002 25.8743 0.4
      vertex 25.6158 25.9473 0.4
    endloop
  endfacet
  facet normal -0.65418 -0.756339 -0
    outer loop
      vertex 25.7002 25.8743 0.4
      vertex 25.6158 25.9473 0
      vertex 25.7002 25.8743 0
    endloop
  endfacet
  facet normal -0.506085 -0.862483 0
    outer loop
      vertex 25.519 26.0041 0
      vertex 25.6158 25.9473 0.4
      vertex 25.519 26.0041 0.4
    endloop
  endfacet
  facet normal -0.506085 -0.862483 -0
    outer loop
      vertex 25.6158 25.9473 0.4
      vertex 25.519 26.0041 0
      vertex 25.6158 25.9473 0
    endloop
  endfacet
  facet normal -0.347454 -0.937697 0
    outer loop
      vertex 25.4097 26.0446 0
      vertex 25.519 26.0041 0.4
      vertex 25.4097 26.0446 0.4
    endloop
  endfacet
  facet normal -0.347454 -0.937697 -0
    outer loop
      vertex 25.519 26.0041 0.4
      vertex 25.4097 26.0446 0
      vertex 25.519 26.0041 0
    endloop
  endfacet
  facet normal -0.196426 -0.980519 0
    outer loop
      vertex 25.2879 26.069 0
      vertex 25.4097 26.0446 0.4
      vertex 25.2879 26.069 0.4
    endloop
  endfacet
  facet normal -0.196426 -0.980519 -0
    outer loop
      vertex 25.4097 26.0446 0.4
      vertex 25.2879 26.069 0
      vertex 25.4097 26.0446 0
    endloop
  endfacet
  facet normal -0.0602033 -0.998186 0
    outer loop
      vertex 25.1536 26.0771 0
      vertex 25.2879 26.069 0.4
      vertex 25.1536 26.0771 0.4
    endloop
  endfacet
  facet normal -0.0602033 -0.998186 -0
    outer loop
      vertex 25.2879 26.069 0.4
      vertex 25.1536 26.0771 0
      vertex 25.2879 26.069 0
    endloop
  endfacet
  facet normal 0.0576105 -0.998339 0
    outer loop
      vertex 25.0167 26.0692 0
      vertex 25.1536 26.0771 0.4
      vertex 25.0167 26.0692 0.4
    endloop
  endfacet
  facet normal 0.0576105 -0.998339 0
    outer loop
      vertex 25.1536 26.0771 0.4
      vertex 25.0167 26.0692 0
      vertex 25.1536 26.0771 0
    endloop
  endfacet
  facet normal 0.187076 -0.982346 0
    outer loop
      vertex 24.8933 26.0457 0
      vertex 25.0167 26.0692 0.4
      vertex 24.8933 26.0457 0.4
    endloop
  endfacet
  facet normal 0.187076 -0.982346 0
    outer loop
      vertex 25.0167 26.0692 0.4
      vertex 24.8933 26.0457 0
      vertex 25.0167 26.0692 0
    endloop
  endfacet
  facet normal 0.3365 -0.941684 0
    outer loop
      vertex 24.7836 26.0065 0
      vertex 24.8933 26.0457 0.4
      vertex 24.7836 26.0065 0.4
    endloop
  endfacet
  facet normal 0.3365 -0.941684 0
    outer loop
      vertex 24.8933 26.0457 0.4
      vertex 24.7836 26.0065 0
      vertex 24.8933 26.0457 0
    endloop
  endfacet
  facet normal 0.49536 -0.868688 0
    outer loop
      vertex 24.6875 25.9517 0
      vertex 24.7836 26.0065 0.4
      vertex 24.6875 25.9517 0.4
    endloop
  endfacet
  facet normal 0.49536 -0.868688 0
    outer loop
      vertex 24.7836 26.0065 0.4
      vertex 24.6875 25.9517 0
      vertex 24.7836 26.0065 0
    endloop
  endfacet
  facet normal 0.650184 -0.759776 0
    outer loop
      vertex 24.605 25.8811 0
      vertex 24.6875 25.9517 0.4
      vertex 24.605 25.8811 0.4
    endloop
  endfacet
  facet normal 0.650184 -0.759776 0
    outer loop
      vertex 24.6875 25.9517 0.4
      vertex 24.605 25.8811 0
      vertex 24.6875 25.9517 0
    endloop
  endfacet
  facet normal 0.781494 -0.623913 0
    outer loop
      vertex 24.5369 25.7958 0.4
      vertex 24.605 25.8811 0
      vertex 24.605 25.8811 0.4
    endloop
  endfacet
  facet normal 0.781494 -0.623913 0
    outer loop
      vertex 24.605 25.8811 0
      vertex 24.5369 25.7958 0.4
      vertex 24.5369 25.7958 0
    endloop
  endfacet
  facet normal 0.881414 -0.472345 0
    outer loop
      vertex 24.4839 25.6969 0.4
      vertex 24.5369 25.7958 0
      vertex 24.5369 25.7958 0.4
    endloop
  endfacet
  facet normal 0.881414 -0.472345 0
    outer loop
      vertex 24.5369 25.7958 0
      vertex 24.4839 25.6969 0.4
      vertex 24.4839 25.6969 0
    endloop
  endfacet
  facet normal 0.948093 -0.317994 0
    outer loop
      vertex 24.4461 25.5842 0.4
      vertex 24.4839 25.6969 0
      vertex 24.4839 25.6969 0.4
    endloop
  endfacet
  facet normal 0.948093 -0.317994 0
    outer loop
      vertex 24.4839 25.6969 0
      vertex 24.4461 25.5842 0.4
      vertex 24.4461 25.5842 0
    endloop
  endfacet
  facet normal 0.984278 -0.176625 0
    outer loop
      vertex 24.4234 25.4577 0.4
      vertex 24.4461 25.5842 0
      vertex 24.4461 25.5842 0.4
    endloop
  endfacet
  facet normal 0.984278 -0.176625 0
    outer loop
      vertex 24.4461 25.5842 0
      vertex 24.4234 25.4577 0.4
      vertex 24.4234 25.4577 0
    endloop
  endfacet
  facet normal 0.998532 -0.0541673 0
    outer loop
      vertex 24.4158 25.3176 0.4
      vertex 24.4234 25.4577 0
      vertex 24.4234 25.4577 0.4
    endloop
  endfacet
  facet normal 0.998532 -0.0541673 0
    outer loop
      vertex 24.4234 25.4577 0
      vertex 24.4158 25.3176 0.4
      vertex 24.4158 25.3176 0
    endloop
  endfacet
  facet normal 0.998287 0.0585077 0
    outer loop
      vertex 24.4238 25.1811 0.4
      vertex 24.4158 25.3176 0
      vertex 24.4158 25.3176 0.4
    endloop
  endfacet
  facet normal 0.998287 0.0585077 0
    outer loop
      vertex 24.4158 25.3176 0
      vertex 24.4238 25.1811 0.4
      vertex 24.4238 25.1811 0
    endloop
  endfacet
  facet normal 0.982276 0.187439 0
    outer loop
      vertex 24.4475 25.0569 0.4
      vertex 24.4238 25.1811 0
      vertex 24.4238 25.1811 0.4
    endloop
  endfacet
  facet normal 0.982276 0.187439 0
    outer loop
      vertex 24.4238 25.1811 0
      vertex 24.4475 25.0569 0.4
      vertex 24.4475 25.0569 0
    endloop
  endfacet
  facet normal 0.94271 0.333613 0
    outer loop
      vertex 24.4871 24.945 0.4
      vertex 24.4475 25.0569 0
      vertex 24.4475 25.0569 0.4
    endloop
  endfacet
  facet normal 0.94271 0.333613 0
    outer loop
      vertex 24.4475 25.0569 0
      vertex 24.4871 24.945 0.4
      vertex 24.4871 24.945 0
    endloop
  endfacet
  facet normal 0.873536 0.48676 0
    outer loop
      vertex 24.5426 24.8454 0.4
      vertex 24.4871 24.945 0
      vertex 24.4871 24.945 0.4
    endloop
  endfacet
  facet normal 0.873536 0.48676 0
    outer loop
      vertex 24.4871 24.945 0
      vertex 24.5426 24.8454 0.4
      vertex 24.5426 24.8454 0
    endloop
  endfacet
  facet normal 0.774155 0.632996 0
    outer loop
      vertex 24.6139 24.7582 0.4
      vertex 24.5426 24.8454 0
      vertex 24.5426 24.8454 0.4
    endloop
  endfacet
  facet normal 0.774155 0.632996 0
    outer loop
      vertex 24.5426 24.8454 0
      vertex 24.6139 24.7582 0.4
      vertex 24.6139 24.7582 0
    endloop
  endfacet
  facet normal 0.650645 0.759382 -0
    outer loop
      vertex 24.6991 24.6852 0
      vertex 24.6139 24.7582 0.4
      vertex 24.6991 24.6852 0.4
    endloop
  endfacet
  facet normal 0.650645 0.759382 0
    outer loop
      vertex 24.6139 24.7582 0.4
      vertex 24.6991 24.6852 0
      vertex 24.6139 24.7582 0
    endloop
  endfacet
  facet normal 0.503375 0.864068 -0
    outer loop
      vertex 24.7966 24.6284 0
      vertex 24.6991 24.6852 0.4
      vertex 24.7966 24.6284 0.4
    endloop
  endfacet
  facet normal 0.503375 0.864068 0
    outer loop
      vertex 24.6991 24.6852 0.4
      vertex 24.7966 24.6284 0
      vertex 24.6991 24.6852 0
    endloop
  endfacet
  facet normal 0.347649 0.937625 -0
    outer loop
      vertex 24.9061 24.5878 0
      vertex 24.7966 24.6284 0.4
      vertex 24.9061 24.5878 0.4
    endloop
  endfacet
  facet normal 0.347649 0.937625 0
    outer loop
      vertex 24.7966 24.6284 0.4
      vertex 24.9061 24.5878 0
      vertex 24.7966 24.6284 0
    endloop
  endfacet
  facet normal 0.195652 0.980673 -0
    outer loop
      vertex 25.0279 24.5635 0
      vertex 24.9061 24.5878 0.4
      vertex 25.0279 24.5635 0.4
    endloop
  endfacet
  facet normal 0.195652 0.980673 0
    outer loop
      vertex 24.9061 24.5878 0.4
      vertex 25.0279 24.5635 0
      vertex 24.9061 24.5878 0
    endloop
  endfacet
  facet normal 0.0604275 0.998173 -0
    outer loop
      vertex 25.1617 24.5554 0
      vertex 25.0279 24.5635 0.4
      vertex 25.1617 24.5554 0.4
    endloop
  endfacet
  facet normal 0.0604275 0.998173 0
    outer loop
      vertex 25.0279 24.5635 0.4
      vertex 25.1617 24.5554 0
      vertex 25.0279 24.5635 0
    endloop
  endfacet
  facet normal -0.061527 0.998105 0
    outer loop
      vertex 25.2931 24.5635 0
      vertex 25.1617 24.5554 0.4
      vertex 25.2931 24.5635 0.4
    endloop
  endfacet
  facet normal -0.061527 0.998105 0
    outer loop
      vertex 25.1617 24.5554 0.4
      vertex 25.2931 24.5635 0
      vertex 25.1617 24.5554 0
    endloop
  endfacet
  facet normal -0.521871 -0.853025 0
    outer loop
      vertex 24.941 24.8961 0
      vertex 25.0394 24.8359 0.4
      vertex 24.941 24.8961 0.4
    endloop
  endfacet
  facet normal -0.521871 -0.853025 -0
    outer loop
      vertex 25.0394 24.8359 0.4
      vertex 24.941 24.8961 0
      vertex 25.0394 24.8359 0
    endloop
  endfacet
  facet normal -0.81927 -0.573408 0
    outer loop
      vertex 24.941 24.8961 0
      vertex 24.8708 24.9964 0.4
      vertex 24.8708 24.9964 0
    endloop
  endfacet
  facet normal -0.81927 -0.573408 0
    outer loop
      vertex 24.8708 24.9964 0.4
      vertex 24.941 24.8961 0
      vertex 24.941 24.8961 0.4
    endloop
  endfacet
  facet normal -0.957732 -0.287661 0
    outer loop
      vertex 24.8708 24.9964 0
      vertex 24.8286 25.1369 0.4
      vertex 24.8286 25.1369 0
    endloop
  endfacet
  facet normal -0.957732 -0.287661 0
    outer loop
      vertex 24.8286 25.1369 0.4
      vertex 24.8708 24.9964 0
      vertex 24.8708 24.9964 0.4
    endloop
  endfacet
  facet normal -0.997012 -0.077245 0
    outer loop
      vertex 24.8286 25.1369 0
      vertex 24.8146 25.3176 0.4
      vertex 24.8146 25.3176 0
    endloop
  endfacet
  facet normal -0.997012 -0.077245 0
    outer loop
      vertex 24.8146 25.3176 0.4
      vertex 24.8286 25.1369 0
      vertex 24.8286 25.1369 0.4
    endloop
  endfacet
  facet normal -0.99941 0.0343579 0
    outer loop
      vertex 24.8146 25.3176 0
      vertex 24.818 25.4165 0.4
      vertex 24.818 25.4165 0
    endloop
  endfacet
  facet normal -0.99941 0.0343579 0
    outer loop
      vertex 24.818 25.4165 0.4
      vertex 24.8146 25.3176 0
      vertex 24.8146 25.3176 0.4
    endloop
  endfacet
  facet normal -0.993274 0.115787 0
    outer loop
      vertex 24.818 25.4165 0
      vertex 24.8282 25.504 0.4
      vertex 24.8282 25.504 0
    endloop
  endfacet
  facet normal -0.993274 0.115787 0
    outer loop
      vertex 24.8282 25.504 0.4
      vertex 24.818 25.4165 0
      vertex 24.818 25.4165 0.4
    endloop
  endfacet
  facet normal -0.975548 0.219787 0
    outer loop
      vertex 24.8282 25.504 0
      vertex 24.8453 25.5799 0.4
      vertex 24.8453 25.5799 0
    endloop
  endfacet
  facet normal -0.975548 0.219787 0
    outer loop
      vertex 24.8453 25.5799 0.4
      vertex 24.8282 25.504 0
      vertex 24.8282 25.504 0.4
    endloop
  endfacet
  facet normal -0.937222 0.348734 0
    outer loop
      vertex 24.8453 25.5799 0
      vertex 24.8693 25.6444 0.4
      vertex 24.8693 25.6444 0
    endloop
  endfacet
  facet normal -0.937222 0.348734 0
    outer loop
      vertex 24.8693 25.6444 0.4
      vertex 24.8453 25.5799 0
      vertex 24.8453 25.5799 0.4
    endloop
  endfacet
  facet normal -0.864903 0.501938 0
    outer loop
      vertex 24.8693 25.6444 0
      vertex 24.9 25.6973 0.4
      vertex 24.9 25.6973 0
    endloop
  endfacet
  facet normal -0.864903 0.501938 0
    outer loop
      vertex 24.9 25.6973 0.4
      vertex 24.8693 25.6444 0
      vertex 24.8693 25.6444 0.4
    endloop
  endfacet
  facet normal -0.75159 0.659631 0
    outer loop
      vertex 24.9 25.6973 0
      vertex 24.9373 25.7398 0.4
      vertex 24.9373 25.7398 0
    endloop
  endfacet
  facet normal -0.75159 0.659631 0
    outer loop
      vertex 24.9373 25.7398 0.4
      vertex 24.9 25.6973 0
      vertex 24.9 25.6973 0.4
    endloop
  endfacet
  facet normal -0.605269 0.796021 0
    outer loop
      vertex 24.9807 25.7728 0
      vertex 24.9373 25.7398 0.4
      vertex 24.9807 25.7728 0.4
    endloop
  endfacet
  facet normal -0.605269 0.796021 0
    outer loop
      vertex 24.9373 25.7398 0.4
      vertex 24.9807 25.7728 0
      vertex 24.9373 25.7398 0
    endloop
  endfacet
  facet normal -0.430427 0.902625 0
    outer loop
      vertex 25.0304 25.7965 0
      vertex 24.9807 25.7728 0.4
      vertex 25.0304 25.7965 0.4
    endloop
  endfacet
  facet normal -0.430427 0.902625 0
    outer loop
      vertex 24.9807 25.7728 0.4
      vertex 25.0304 25.7965 0
      vertex 24.9807 25.7728 0
    endloop
  endfacet
  facet normal -0.244988 0.969526 0
    outer loop
      vertex 25.0862 25.8106 0
      vertex 25.0304 25.7965 0.4
      vertex 25.0862 25.8106 0.4
    endloop
  endfacet
  facet normal -0.244988 0.969526 0
    outer loop
      vertex 25.0304 25.7965 0.4
      vertex 25.0862 25.8106 0
      vertex 25.0304 25.7965 0
    endloop
  endfacet
  facet normal -0.0755896 0.997139 0
    outer loop
      vertex 25.1482 25.8153 0
      vertex 25.0862 25.8106 0.4
      vertex 25.1482 25.8153 0.4
    endloop
  endfacet
  facet normal -0.0755896 0.997139 0
    outer loop
      vertex 25.0862 25.8106 0.4
      vertex 25.1482 25.8153 0
      vertex 25.0862 25.8106 0
    endloop
  endfacet
  facet normal 0.15722 0.987564 -0
    outer loop
      vertex 25.2732 25.7954 0
      vertex 25.1482 25.8153 0.4
      vertex 25.2732 25.7954 0.4
    endloop
  endfacet
  facet normal 0.15722 0.987564 0
    outer loop
      vertex 25.1482 25.8153 0.4
      vertex 25.2732 25.7954 0
      vertex 25.1482 25.8153 0
    endloop
  endfacet
  facet normal 0.523364 0.852109 -0
    outer loop
      vertex 25.3704 25.7357 0
      vertex 25.2732 25.7954 0.4
      vertex 25.3704 25.7357 0.4
    endloop
  endfacet
  facet normal 0.523364 0.852109 0
    outer loop
      vertex 25.2732 25.7954 0.4
      vertex 25.3704 25.7357 0
      vertex 25.2732 25.7954 0
    endloop
  endfacet
  facet normal 0.820468 0.571692 0
    outer loop
      vertex 25.4398 25.6361 0.4
      vertex 25.3704 25.7357 0
      vertex 25.3704 25.7357 0.4
    endloop
  endfacet
  facet normal 0.820468 0.571692 0
    outer loop
      vertex 25.3704 25.7357 0
      vertex 25.4398 25.6361 0.4
      vertex 25.4398 25.6361 0
    endloop
  endfacet
  facet normal 0.957996 0.28678 0
    outer loop
      vertex 25.4815 25.4968 0.4
      vertex 25.4398 25.6361 0
      vertex 25.4398 25.6361 0.4
    endloop
  endfacet
  facet normal 0.957996 0.28678 0
    outer loop
      vertex 25.4398 25.6361 0
      vertex 25.4815 25.4968 0.4
      vertex 25.4815 25.4968 0
    endloop
  endfacet
  facet normal 0.997005 0.0773347 0
    outer loop
      vertex 25.4954 25.3176 0.4
      vertex 25.4815 25.4968 0
      vertex 25.4815 25.4968 0.4
    endloop
  endfacet
  facet normal 0.997005 0.0773347 0
    outer loop
      vertex 25.4815 25.4968 0
      vertex 25.4954 25.3176 0.4
      vertex 25.4954 25.3176 0
    endloop
  endfacet
  facet normal 0.999339 -0.0363396 0
    outer loop
      vertex 25.492 25.2241 0.4
      vertex 25.4954 25.3176 0
      vertex 25.4954 25.3176 0.4
    endloop
  endfacet
  facet normal 0.999339 -0.0363396 0
    outer loop
      vertex 25.4954 25.3176 0
      vertex 25.492 25.2241 0.4
      vertex 25.492 25.2241 0
    endloop
  endfacet
  facet normal 0.992725 -0.120402 0
    outer loop
      vertex 25.4818 25.14 0.4
      vertex 25.492 25.2241 0
      vertex 25.492 25.2241 0.4
    endloop
  endfacet
  facet normal 0.992725 -0.120402 0
    outer loop
      vertex 25.492 25.2241 0
      vertex 25.4818 25.14 0.4
      vertex 25.4818 25.14 0
    endloop
  endfacet
  facet normal 0.97535 -0.220662 0
    outer loop
      vertex 25.4649 25.0653 0.4
      vertex 25.4818 25.14 0
      vertex 25.4818 25.14 0.4
    endloop
  endfacet
  facet normal 0.97535 -0.220662 0
    outer loop
      vertex 25.4818 25.14 0
      vertex 25.4649 25.0653 0.4
      vertex 25.4649 25.0653 0
    endloop
  endfacet
  facet normal 0.939709 -0.341974 0
    outer loop
      vertex 25.4411 24.9999 0.4
      vertex 25.4649 25.0653 0
      vertex 25.4649 25.0653 0.4
    endloop
  endfacet
  facet normal 0.939709 -0.341974 0
    outer loop
      vertex 25.4649 25.0653 0
      vertex 25.4411 24.9999 0.4
      vertex 25.4411 24.9999 0
    endloop
  endfacet
  facet normal 0.878195 -0.478303 0
    outer loop
      vertex 25.4106 24.9439 0.4
      vertex 25.4411 24.9999 0
      vertex 25.4411 24.9999 0.4
    endloop
  endfacet
  facet normal 0.878195 -0.478303 0
    outer loop
      vertex 25.4411 24.9999 0
      vertex 25.4106 24.9439 0.4
      vertex 25.4106 24.9439 0
    endloop
  endfacet
  facet normal 0.780704 -0.624902 0
    outer loop
      vertex 25.3737 24.8978 0.4
      vertex 25.4106 24.9439 0
      vertex 25.4106 24.9439 0.4
    endloop
  endfacet
  facet normal 0.780704 -0.624902 0
    outer loop
      vertex 25.4106 24.9439 0
      vertex 25.3737 24.8978 0.4
      vertex 25.3737 24.8978 0
    endloop
  endfacet
  facet normal 0.641766 -0.766901 0
    outer loop
      vertex 25.3308 24.8619 0
      vertex 25.3737 24.8978 0.4
      vertex 25.3308 24.8619 0.4
    endloop
  endfacet
  facet normal 0.641766 -0.766901 0
    outer loop
      vertex 25.3737 24.8978 0.4
      vertex 25.3308 24.8619 0
      vertex 25.3737 24.8978 0
    endloop
  endfacet
  facet normal 0.46306 -0.886327 0
    outer loop
      vertex 25.2818 24.8363 0
      vertex 25.3308 24.8619 0.4
      vertex 25.2818 24.8363 0.4
    endloop
  endfacet
  facet normal 0.46306 -0.886327 0
    outer loop
      vertex 25.3308 24.8619 0.4
      vertex 25.2818 24.8363 0
      vertex 25.3308 24.8619 0
    endloop
  endfacet
  facet normal 0.26963 -0.962964 0
    outer loop
      vertex 25.2268 24.8209 0
      vertex 25.2818 24.8363 0.4
      vertex 25.2268 24.8209 0.4
    endloop
  endfacet
  facet normal 0.26963 -0.962964 0
    outer loop
      vertex 25.2818 24.8363 0.4
      vertex 25.2268 24.8209 0
      vertex 25.2818 24.8363 0
    endloop
  endfacet
  facet normal 0.0833159 -0.996523 0
    outer loop
      vertex 25.1658 24.8158 0
      vertex 25.2268 24.8209 0.4
      vertex 25.1658 24.8158 0.4
    endloop
  endfacet
  facet normal 0.0833159 -0.996523 0
    outer loop
      vertex 25.2268 24.8209 0.4
      vertex 25.1658 24.8158 0
      vertex 25.2268 24.8209 0
    endloop
  endfacet
  facet normal -0.157046 -0.987591 0
    outer loop
      vertex 25.0394 24.8359 0
      vertex 25.1658 24.8158 0.4
      vertex 25.0394 24.8359 0.4
    endloop
  endfacet
  facet normal -0.157046 -0.987591 -0
    outer loop
      vertex 25.1658 24.8158 0.4
      vertex 25.0394 24.8359 0
      vertex 25.1658 24.8158 0
    endloop
  endfacet
  facet normal 0.83924 0.543762 0
    outer loop
      vertex 18.1925 24.5825 0.4
      vertex 17.848 25.1142 0
      vertex 17.848 25.1142 0.4
    endloop
  endfacet
  facet normal 0.83924 0.543762 0
    outer loop
      vertex 17.848 25.1142 0
      vertex 18.1925 24.5825 0.4
      vertex 18.1925 24.5825 0
    endloop
  endfacet
  facet normal 0 1 -0
    outer loop
      vertex 18.598 24.5825 0
      vertex 18.1925 24.5825 0.4
      vertex 18.598 24.5825 0.4
    endloop
  endfacet
  facet normal 0 1 0
    outer loop
      vertex 18.1925 24.5825 0.4
      vertex 18.598 24.5825 0
      vertex 18.1925 24.5825 0
    endloop
  endfacet
  facet normal -0.815967 -0.578098 0
    outer loop
      vertex 18.598 24.5825 0
      vertex 18.0609 25.3406 0.4
      vertex 18.0609 25.3406 0
    endloop
  endfacet
  facet normal -0.815967 -0.578098 0
    outer loop
      vertex 18.0609 25.3406 0.4
      vertex 18.598 24.5825 0
      vertex 18.598 24.5825 0.4
    endloop
  endfacet
  facet normal -0.811207 0.58476 0
    outer loop
      vertex 18.0609 25.3406 0
      vertex 18.5722 26.0499 0.4
      vertex 18.5722 26.0499 0
    endloop
  endfacet
  facet normal -0.811207 0.58476 0
    outer loop
      vertex 18.5722 26.0499 0.4
      vertex 18.0609 25.3406 0
      vertex 18.0609 25.3406 0.4
    endloop
  endfacet
  facet normal 0 -1 0
    outer loop
      vertex 18.1613 26.0499 0
      vertex 18.5722 26.0499 0.4
      vertex 18.1613 26.0499 0.4
    endloop
  endfacet
  facet normal 0 -1 -0
    outer loop
      vertex 18.5722 26.0499 0.4
      vertex 18.1613 26.0499 0
      vertex 18.5722 26.0499 0
    endloop
  endfacet
  facet normal 0.837458 -0.546502 0
    outer loop
      vertex 17.848 25.5698 0.4
      vertex 18.1613 26.0499 0
      vertex 18.1613 26.0499 0.4
    endloop
  endfacet
  facet normal 0.837458 -0.546502 0
    outer loop
      vertex 18.1613 26.0499 0
      vertex 17.848 25.5698 0.4
      vertex 17.848 25.5698 0
    endloop
  endfacet
  facet normal -0.838575 -0.544786 0
    outer loop
      vertex 17.848 25.5698 0
      vertex 17.5361 26.0499 0.4
      vertex 17.5361 26.0499 0
    endloop
  endfacet
  facet normal -0.838575 -0.544786 0
    outer loop
      vertex 17.5361 26.0499 0.4
      vertex 17.848 25.5698 0
      vertex 17.848 25.5698 0.4
    endloop
  endfacet
  facet normal 0 -1 0
    outer loop
      vertex 17.1224 26.0499 0
      vertex 17.5361 26.0499 0.4
      vertex 17.1224 26.0499 0.4
    endloop
  endfacet
  facet normal 0 -1 -0
    outer loop
      vertex 17.5361 26.0499 0.4
      vertex 17.1224 26.0499 0
      vertex 17.5361 26.0499 0
    endloop
  endfacet
  facet normal 0.809594 0.58699 0
    outer loop
      vertex 17.6337 25.3447 0.4
      vertex 17.1224 26.0499 0
      vertex 17.1224 26.0499 0.4
    endloop
  endfacet
  facet normal 0.809594 0.58699 0
    outer loop
      vertex 17.1224 26.0499 0
      vertex 17.6337 25.3447 0.4
      vertex 17.6337 25.3447 0
    endloop
  endfacet
  facet normal 0.815414 -0.578878 0
    outer loop
      vertex 17.0926 24.5825 0.4
      vertex 17.6337 25.3447 0
      vertex 17.6337 25.3447 0.4
    endloop
  endfacet
  facet normal 0.815414 -0.578878 0
    outer loop
      vertex 17.6337 25.3447 0
      vertex 17.0926 24.5825 0.4
      vertex 17.0926 24.5825 0
    endloop
  endfacet
  facet normal 0 1 -0
    outer loop
      vertex 17.5062 24.5825 0
      vertex 17.0926 24.5825 0.4
      vertex 17.5062 24.5825 0.4
    endloop
  endfacet
  facet normal 0 1 0
    outer loop
      vertex 17.0926 24.5825 0.4
      vertex 17.5062 24.5825 0
      vertex 17.0926 24.5825 0
    endloop
  endfacet
  facet normal -0.841184 0.54075 0
    outer loop
      vertex 17.5062 24.5825 0
      vertex 17.848 25.1142 0.4
      vertex 17.848 25.1142 0
    endloop
  endfacet
  facet normal -0.841184 0.54075 0
    outer loop
      vertex 17.848 25.1142 0.4
      vertex 17.5062 24.5825 0
      vertex 17.5062 24.5825 0.4
    endloop
  endfacet
  facet normal 0 -1 0
    outer loop
      vertex 20.0651 24.3492 0
      vertex 21.6614 24.3492 0.4
      vertex 20.0651 24.3492 0.4
    endloop
  endfacet
  facet normal 0 -1 -0
    outer loop
      vertex 21.6614 24.3492 0.4
      vertex 20.0651 24.3492 0
      vertex 21.6614 24.3492 0
    endloop
  endfacet
  facet normal 1 -0 0
    outer loop
      vertex 20.0651 24.2434 0.4
      vertex 20.0651 24.3492 0
      vertex 20.0651 24.3492 0.4
    endloop
  endfacet
  facet normal 1 0 0
    outer loop
      vertex 20.0651 24.3492 0
      vertex 20.0651 24.2434 0.4
      vertex 20.0651 24.2434 0
    endloop
  endfacet
  facet normal 0 1 -0
    outer loop
      vertex 21.6614 24.2434 0
      vertex 20.0651 24.2434 0.4
      vertex 21.6614 24.2434 0.4
    endloop
  endfacet
  facet normal 0 1 0
    outer loop
      vertex 20.0651 24.2434 0.4
      vertex 21.6614 24.2434 0
      vertex 20.0651 24.2434 0
    endloop
  endfacet
  facet normal -1 0 0
    outer loop
      vertex 21.6614 24.2434 0
      vertex 21.6614 24.3492 0.4
      vertex 21.6614 24.3492 0
    endloop
  endfacet
  facet normal -1 -0 0
    outer loop
      vertex 21.6614 24.3492 0.4
      vertex 21.6614 24.2434 0
      vertex 21.6614 24.2434 0.4
    endloop
  endfacet
endsolid OpenSCAD_Model
