solid OpenSCAD_Model
  facet normal -1 0 0
    outer loop
      vertex -25.4 -1.5 -1.4
      vertex -25.4 1.5 0
      vertex -25.4 1.5 -1.4
    endloop
  endfacet
  facet normal -1 -0 0
    outer loop
      vertex -25.4 1.5 0
      vertex -25.4 -1.5 -1.4
      vertex -25.4 -1.5 0
    endloop
  endfacet
  facet normal 0 0 -1
    outer loop
      vertex -18.7764 0.777222 -1.4
      vertex -18.538 0.540146 -1.4
      vertex -18.5428 0.491592 -1.4
    endloop
  endfacet
  facet normal 0 0 -1
    outer loop
      vertex -18.7764 0.777222 -1.4
      vertex -18.5428 0.491592 -1.4
      vertex -18.5572 0.442551 -1.4
    endloop
  endfacet
  facet normal 0 0 -1
    outer loop
      vertex -19.0211 0.585846 -1.4
      vertex -18.5572 0.442551 -1.4
      vertex -18.5812 0.393021 -1.4
    endloop
  endfacet
  facet normal 0 0 -1
    outer loop
      vertex -18.538 0.540146 -1.4
      vertex -18.7764 0.777222 -1.4
      vertex -18.5529 0.64386 -1.4
    endloop
  endfacet
  facet normal 0 0 -1
    outer loop
      vertex -19.0328 0.527267 -1.4
      vertex -18.5812 0.393021 -1.4
      vertex -18.6147 0.343018 -1.4
    endloop
  endfacet
  facet normal 0 0 -1
    outer loop
      vertex -19.0328 0.527267 -1.4
      vertex -18.6147 0.343018 -1.4
      vertex -18.6601 0.289383 -1.4
    endloop
  endfacet
  facet normal 0 0 -1
    outer loop
      vertex -18.5529 0.64386 -1.4
      vertex -18.7764 0.777222 -1.4
      vertex -18.6721 0.762405 -1.4
    endloop
  endfacet
  facet normal 0 0 -1
    outer loop
      vertex -19.0328 0.527267 -1.4
      vertex -18.6601 0.289383 -1.4
      vertex -18.7199 0.228989 -1.4
    endloop
  endfacet
  facet normal 0 0 -1
    outer loop
      vertex -18.5812 0.393021 -1.4
      vertex -19.0328 0.527267 -1.4
      vertex -19.0211 0.585846 -1.4
    endloop
  endfacet
  facet normal 0 0 -1
    outer loop
      vertex -19.0328 0.527267 -1.4
      vertex -18.7199 0.228989 -1.4
      vertex -18.7938 0.161835 -1.4
    endloop
  endfacet
  facet normal 0 0 -1
    outer loop
      vertex -18.5529 0.64386 -1.4
      vertex -18.6721 0.762405 -1.4
      vertex -18.5976 0.717957 -1.4
    endloop
  endfacet
  facet normal 0 0 -1
    outer loop
      vertex -18.5572 0.442551 -1.4
      vertex -19.0211 0.585846 -1.4
      vertex -18.7764 0.777222 -1.4
    endloop
  endfacet
  facet normal 0 0 -1
    outer loop
      vertex -19.0328 0.527267 -1.4
      vertex -18.7938 0.161835 -1.4
      vertex -18.882 0.0879059 -1.4
    endloop
  endfacet
  facet normal 0 -0 -1
    outer loop
      vertex -19.004 0.636627 -1.4
      vertex -18.7764 0.777222 -1.4
      vertex -19.0211 0.585846 -1.4
    endloop
  endfacet
  facet normal 0 0 -1
    outer loop
      vertex -18.7764 0.777222 -1.4
      vertex -19.004 0.636627 -1.4
      vertex -18.8309 0.773315 -1.4
    endloop
  endfacet
  facet normal 0 0 -1
    outer loop
      vertex -19.0328 0.527267 -1.4
      vertex -18.882 0.0879059 -1.4
      vertex -18.977 0.00819397 -1.4
    endloop
  endfacet
  facet normal 0 -0 -1
    outer loop
      vertex -18.9814 0.679581 -1.4
      vertex -18.8309 0.773315 -1.4
      vertex -19.004 0.636627 -1.4
    endloop
  endfacet
  facet normal 0 0 -1
    outer loop
      vertex -18.8309 0.773315 -1.4
      vertex -18.9814 0.679581 -1.4
      vertex -18.8787 0.761597 -1.4
    endloop
  endfacet
  facet normal 0 0 -1
    outer loop
      vertex -18.8787 0.761597 -1.4
      vertex -18.9814 0.679581 -1.4
      vertex -18.9195 0.742081 -1.4
    endloop
  endfacet
  facet normal 0 0 -1
    outer loop
      vertex -18.9195 0.742081 -1.4
      vertex -18.9814 0.679581 -1.4
      vertex -18.9535 0.714737 -1.4
    endloop
  endfacet
  facet normal 0 0 -1
    outer loop
      vertex -19.3974 0.547882 -1.4
      vertex -18.977 0.00819397 -1.4
      vertex -19.0636 -0.0699005 -1.4
    endloop
  endfacet
  facet normal 0 0 -1
    outer loop
      vertex -19.4842 -0.137558 -1.4
      vertex -19.0636 -0.0699005 -1.4
      vertex -19.1416 -0.146408 -1.4
    endloop
  endfacet
  facet normal 0 0 -1
    outer loop
      vertex -19.4842 -0.137558 -1.4
      vertex -19.1416 -0.146408 -1.4
      vertex -19.2112 -0.221298 -1.4
    endloop
  endfacet
  facet normal 0 0 -1
    outer loop
      vertex -19.4842 -0.137558 -1.4
      vertex -19.2112 -0.221298 -1.4
      vertex -19.2729 -0.295868 -1.4
    endloop
  endfacet
  facet normal 0 0 -1
    outer loop
      vertex -19.4842 -0.137558 -1.4
      vertex -19.2729 -0.295868 -1.4
      vertex -19.327 -0.371399 -1.4
    endloop
  endfacet
  facet normal 0 0 -1
    outer loop
      vertex -19.4842 -0.406845 -1.4
      vertex -19.327 -0.371399 -1.4
      vertex -19.3737 -0.447906 -1.4
    endloop
  endfacet
  facet normal -0 0 -1
    outer loop
      vertex -19.0636 -0.0699005 -1.4
      vertex -19.4842 -0.137558 -1.4
      vertex -19.3974 0.547882 -1.4
    endloop
  endfacet
  facet normal 0 0 -1
    outer loop
      vertex -19.4842 -0.406845 -1.4
      vertex -19.3737 -0.447906 -1.4
      vertex -19.4129 -0.525375 -1.4
    endloop
  endfacet
  facet normal 0 0 -1
    outer loop
      vertex -17.3629 0.617447 -1.4
      vertex -18.174 0.493362 -1.4
      vertex -18.1708 0.555603 -1.4
    endloop
  endfacet
  facet normal 0 0 -1
    outer loop
      vertex -17.3629 0.617447 -1.4
      vertex -18.1834 0.434174 -1.4
      vertex -18.174 0.493362 -1.4
    endloop
  endfacet
  facet normal 0 0 -1
    outer loop
      vertex -17.3629 0.617447 -1.4
      vertex -18.1991 0.378052 -1.4
      vertex -18.1834 0.434174 -1.4
    endloop
  endfacet
  facet normal 0 0 -1
    outer loop
      vertex -17.3629 0.617447 -1.4
      vertex -18.2211 0.324982 -1.4
      vertex -18.1991 0.378052 -1.4
    endloop
  endfacet
  facet normal 0 0 -1
    outer loop
      vertex -18.1425 -0.478989 -1.4
      vertex -18.248 0.27446 -1.4
      vertex -18.2211 0.324982 -1.4
    endloop
  endfacet
  facet normal 0 0 -1
    outer loop
      vertex -18.1425 -0.478989 -1.4
      vertex -18.2784 0.225937 -1.4
      vertex -18.248 0.27446 -1.4
    endloop
  endfacet
  facet normal 0 0 -1
    outer loop
      vertex -18.1425 -0.478989 -1.4
      vertex -18.3124 0.179428 -1.4
      vertex -18.2784 0.225937 -1.4
    endloop
  endfacet
  facet normal 0 0 -1
    outer loop
      vertex -18.1425 -0.478989 -1.4
      vertex -18.3499 0.134933 -1.4
      vertex -18.3124 0.179428 -1.4
    endloop
  endfacet
  facet normal 0 0 -1
    outer loop
      vertex -18.1425 -0.478989 -1.4
      vertex -18.3903 0.0921326 -1.4
      vertex -18.3499 0.134933 -1.4
    endloop
  endfacet
  facet normal 0 0 -1
    outer loop
      vertex -18.1425 -0.478989 -1.4
      vertex -18.4329 0.050705 -1.4
      vertex -18.3903 0.0921326 -1.4
    endloop
  endfacet
  facet normal 0 0 -1
    outer loop
      vertex -18.1425 -0.478989 -1.4
      vertex -18.4776 0.0106354 -1.4
      vertex -18.4329 0.050705 -1.4
    endloop
  endfacet
  facet normal 0 0 -1
    outer loop
      vertex -18.1425 -0.478989 -1.4
      vertex -18.5245 -0.0280304 -1.4
      vertex -18.4776 0.0106354 -1.4
    endloop
  endfacet
  facet normal 0 0 -1
    outer loop
      vertex -18.1425 -0.478989 -1.4
      vertex -18.5721 -0.0658112 -1.4
      vertex -18.5245 -0.0280304 -1.4
    endloop
  endfacet
  facet normal 0 0 -1
    outer loop
      vertex -18.1425 -0.478989 -1.4
      vertex -18.619 -0.103088 -1.4
      vertex -18.5721 -0.0658112 -1.4
    endloop
  endfacet
  facet normal 0 0 -1
    outer loop
      vertex -18.1425 -0.478989 -1.4
      vertex -18.6652 -0.139893 -1.4
      vertex -18.619 -0.103088 -1.4
    endloop
  endfacet
  facet normal 0 0 -1
    outer loop
      vertex -18.1425 -0.478989 -1.4
      vertex -18.7107 -0.176224 -1.4
      vertex -18.6652 -0.139893 -1.4
    endloop
  endfacet
  facet normal 0 0 -1
    outer loop
      vertex -18.1425 -0.478989 -1.4
      vertex -18.7548 -0.212372 -1.4
      vertex -18.7107 -0.176224 -1.4
    endloop
  endfacet
  facet normal 0 0 -1
    outer loop
      vertex -18.1425 -0.478989 -1.4
      vertex -18.7968 -0.248688 -1.4
      vertex -18.7548 -0.212372 -1.4
    endloop
  endfacet
  facet normal 0 0 -1
    outer loop
      vertex -18.1425 -0.478989 -1.4
      vertex -18.8369 -0.285156 -1.4
      vertex -18.7968 -0.248688 -1.4
    endloop
  endfacet
  facet normal 0 0 -1
    outer loop
      vertex -18.1425 -0.478989 -1.4
      vertex -18.875 -0.321793 -1.4
      vertex -18.8369 -0.285156 -1.4
    endloop
  endfacet
  facet normal 0 0 -1
    outer loop
      vertex -18.1425 -0.478989 -1.4
      vertex -18.9096 -0.359161 -1.4
      vertex -18.875 -0.321793 -1.4
    endloop
  endfacet
  facet normal 0 0 -1
    outer loop
      vertex -18.1425 -0.478989 -1.4
      vertex -18.9395 -0.397812 -1.4
      vertex -18.9096 -0.359161 -1.4
    endloop
  endfacet
  facet normal 0 0 -1
    outer loop
      vertex -18.1425 -0.478989 -1.4
      vertex -18.9647 -0.437744 -1.4
      vertex -18.9395 -0.397812 -1.4
    endloop
  endfacet
  facet normal 0 -0 -1
    outer loop
      vertex -18.9647 -0.437744 -1.4
      vertex -18.1425 -0.478989 -1.4
      vertex -18.9851 -0.478989 -1.4
    endloop
  endfacet
  facet normal 0 0 -1
    outer loop
      vertex -14.7232 0.0634308 -1.4
      vertex -14.423 0.13945 -1.4
      vertex -14.423 0.0685883 -1.4
    endloop
  endfacet
  facet normal -0 0 -1
    outer loop
      vertex -14.423 0.13945 -1.4
      vertex -14.7232 0.0634308 -1.4
      vertex -14.426 0.203354 -1.4
    endloop
  endfacet
  facet normal -0 0 -1
    outer loop
      vertex -14.426 0.203354 -1.4
      vertex -14.7232 0.0634308 -1.4
      vertex -14.4349 0.258469 -1.4
    endloop
  endfacet
  facet normal 0 -0 -1
    outer loop
      vertex -14.6265 0.408737 -1.4
      vertex -14.4349 0.258469 -1.4
      vertex -14.7232 0.0634308 -1.4
    endloop
  endfacet
  facet normal 0 0 -1
    outer loop
      vertex -14.4349 0.258469 -1.4
      vertex -14.6265 0.408737 -1.4
      vertex -14.4498 0.30481 -1.4
    endloop
  endfacet
  facet normal 0 0 -1
    outer loop
      vertex -14.4498 0.30481 -1.4
      vertex -14.5762 0.404587 -1.4
      vertex -14.4706 0.342377 -1.4
    endloop
  endfacet
  facet normal -0 -0 -1
    outer loop
      vertex -14.5335 0.392151 -1.4
      vertex -14.4706 0.342377 -1.4
      vertex -14.5762 0.404587 -1.4
    endloop
  endfacet
  facet normal 0 0 -1
    outer loop
      vertex -14.4706 0.342377 -1.4
      vertex -14.5335 0.392151 -1.4
      vertex -14.4983 0.371414 -1.4
    endloop
  endfacet
  facet normal 0 0 -1
    outer loop
      vertex -14.4498 0.30481 -1.4
      vertex -14.6265 0.408737 -1.4
      vertex -14.5762 0.404587 -1.4
    endloop
  endfacet
  facet normal 0 0 -1
    outer loop
      vertex -14.6265 0.408737 -1.4
      vertex -14.7232 0.0634308 -1.4
      vertex -14.6734 0.405884 -1.4
    endloop
  endfacet
  facet normal 0 0 -1
    outer loop
      vertex -14.8247 0.260681 -1.4
      vertex -14.6734 0.405884 -1.4
      vertex -14.7232 0.0634308 -1.4
    endloop
  endfacet
  facet normal 0 0 -1
    outer loop
      vertex -14.6734 0.405884 -1.4
      vertex -14.8122 0.302277 -1.4
      vertex -14.7137 0.397308 -1.4
    endloop
  endfacet
  facet normal 0 -0 -1
    outer loop
      vertex -14.7954 0.33638 -1.4
      vertex -14.7137 0.397308 -1.4
      vertex -14.8122 0.302277 -1.4
    endloop
  endfacet
  facet normal 0 0 -1
    outer loop
      vertex -14.7137 0.397308 -1.4
      vertex -14.7954 0.33638 -1.4
      vertex -14.7472 0.383011 -1.4
    endloop
  endfacet
  facet normal 0 0 -1
    outer loop
      vertex -14.7472 0.383011 -1.4
      vertex -14.7954 0.33638 -1.4
      vertex -14.7741 0.362991 -1.4
    endloop
  endfacet
  facet normal 0 0 -1
    outer loop
      vertex -14.6734 0.405884 -1.4
      vertex -14.8247 0.260681 -1.4
      vertex -14.8122 0.302277 -1.4
    endloop
  endfacet
  facet normal 0 0 -1
    outer loop
      vertex -14.7232 0.0634308 -1.4
      vertex -14.8327 0.211594 -1.4
      vertex -14.8247 0.260681 -1.4
    endloop
  endfacet
  facet normal 0 0 -1
    outer loop
      vertex -14.8492 0.0552216 -1.4
      vertex -14.8327 0.211594 -1.4
      vertex -14.7232 0.0634308 -1.4
    endloop
  endfacet
  facet normal 0 0 -1
    outer loop
      vertex -14.9594 0.0331421 -1.4
      vertex -14.8327 0.211594 -1.4
      vertex -14.8492 0.0552216 -1.4
    endloop
  endfacet
  facet normal 0 0 -1
    outer loop
      vertex -15.2102 0.229645 -1.4
      vertex -14.9594 0.0331421 -1.4
      vertex -15.0538 -0.00276184 -1.4
    endloop
  endfacet
  facet normal 0 0 -1
    outer loop
      vertex -15.2102 0.229645 -1.4
      vertex -15.0538 -0.00276184 -1.4
      vertex -15.1323 -0.0525208 -1.4
    endloop
  endfacet
  facet normal 0 0 -1
    outer loop
      vertex -14.9594 0.0331421 -1.4
      vertex -15.2102 0.229645 -1.4
      vertex -14.8327 0.211594 -1.4
    endloop
  endfacet
  facet normal 0 0 -1
    outer loop
      vertex -15.194 -0.115662 -1.4
      vertex -15.2102 0.229645 -1.4
      vertex -15.1323 -0.0525208 -1.4
    endloop
  endfacet
  facet normal 0 -0 -1
    outer loop
      vertex -15.2102 0.229645 -1.4
      vertex -15.194 -0.115662 -1.4
      vertex -15.2381 -0.191666 -1.4
    endloop
  endfacet
  facet normal 0 0 -1
    outer loop
      vertex -10.0253 -0.296036 -1.4
      vertex -9.67232 0.178101 -1.4
      vertex -9.66201 -0.312775 -1.4
    endloop
  endfacet
  facet normal 0 0 -1
    outer loop
      vertex -10.0253 -0.296036 -1.4
      vertex -10.037 0.160065 -1.4
      vertex -9.67232 0.178101 -1.4
    endloop
  endfacet
  facet normal 0 0 -1
    outer loop
      vertex -10.5513 -0.283951 -1.4
      vertex -10.0253 -0.296036 -1.4
      vertex -10.037 -0.356461 -1.4
    endloop
  endfacet
  facet normal 0 0 -1
    outer loop
      vertex -10.0253 -0.296036 -1.4
      vertex -10.5691 -0.0731201 -1.4
      vertex -10.037 0.160065 -1.4
    endloop
  endfacet
  facet normal 0 0 -1
    outer loop
      vertex -10.4979 -0.434525 -1.4
      vertex -10.037 -0.356461 -1.4
      vertex -10.0553 -0.408936 -1.4
    endloop
  endfacet
  facet normal 0 -0 -1
    outer loop
      vertex -10.5516 0.131485 -1.4
      vertex -10.037 0.160065 -1.4
      vertex -10.5691 -0.0731201 -1.4
    endloop
  endfacet
  facet normal 0 0 -1
    outer loop
      vertex -10.2349 -0.550934 -1.4
      vertex -10.0553 -0.408936 -1.4
      vertex -10.0802 -0.45343 -1.4
    endloop
  endfacet
  facet normal 0 -0 -1
    outer loop
      vertex -10.4992 0.277634 -1.4
      vertex -10.037 0.160065 -1.4
      vertex -10.5516 0.131485 -1.4
    endloop
  endfacet
  facet normal 0 0 -1
    outer loop
      vertex -10.2349 -0.550934 -1.4
      vertex -10.0802 -0.45343 -1.4
      vertex -10.1117 -0.489944 -1.4
    endloop
  endfacet
  facet normal 0 0 -1
    outer loop
      vertex -10.037 0.160065 -1.4
      vertex -10.4992 0.277634 -1.4
      vertex -10.0476 0.210831 -1.4
    endloop
  endfacet
  facet normal 0 -0 -1
    outer loop
      vertex -10.2895 0.394562 -1.4
      vertex -10.0476 0.210831 -1.4
      vertex -10.4992 0.277634 -1.4
    endloop
  endfacet
  facet normal 0 0 -1
    outer loop
      vertex -10.2349 -0.550934 -1.4
      vertex -10.1117 -0.489944 -1.4
      vertex -10.1486 -0.518402 -1.4
    endloop
  endfacet
  facet normal 0 0 -1
    outer loop
      vertex -10.0476 0.210831 -1.4
      vertex -10.2895 0.394562 -1.4
      vertex -10.064 0.25621 -1.4
    endloop
  endfacet
  facet normal 0 0 -1
    outer loop
      vertex -10.2349 -0.550934 -1.4
      vertex -10.1486 -0.518402 -1.4
      vertex -10.1896 -0.538742 -1.4
    endloop
  endfacet
  facet normal 0 0 -1
    outer loop
      vertex -10.0553 -0.408936 -1.4
      vertex -10.2349 -0.550934 -1.4
      vertex -10.2843 -0.555008 -1.4
    endloop
  endfacet
  facet normal -0 -0 -1
    outer loop
      vertex -10.236 0.390579 -1.4
      vertex -10.064 0.25621 -1.4
      vertex -10.2895 0.394562 -1.4
    endloop
  endfacet
  facet normal 0 0 -1
    outer loop
      vertex -10.0553 -0.408936 -1.4
      vertex -10.2843 -0.555008 -1.4
      vertex -10.4979 -0.434525 -1.4
    endloop
  endfacet
  facet normal 0 0 -1
    outer loop
      vertex -10.064 0.25621 -1.4
      vertex -10.236 0.390579 -1.4
      vertex -10.0862 0.296188 -1.4
    endloop
  endfacet
  facet normal 0 0 -1
    outer loop
      vertex -10.4979 -0.434525 -1.4
      vertex -10.2843 -0.555008 -1.4
      vertex -10.4089 -0.524887 -1.4
    endloop
  endfacet
  facet normal -0 -0 -1
    outer loop
      vertex -10.189 0.378616 -1.4
      vertex -10.1142 0.33078 -1.4
      vertex -10.236 0.390579 -1.4
    endloop
  endfacet
  facet normal -0 0 -1
    outer loop
      vertex -10.037 -0.356461 -1.4
      vertex -10.4979 -0.434525 -1.4
      vertex -10.5513 -0.283951 -1.4
    endloop
  endfacet
  facet normal 0 0 -1
    outer loop
      vertex -10.1142 0.33078 -1.4
      vertex -10.189 0.378616 -1.4
      vertex -10.1484 0.358688 -1.4
    endloop
  endfacet
  facet normal 0 0 -1
    outer loop
      vertex -10.0253 -0.296036 -1.4
      vertex -10.5513 -0.283951 -1.4
      vertex -10.5691 -0.0731201 -1.4
    endloop
  endfacet
  facet normal 0 0 -1
    outer loop
      vertex -10.0862 0.296188 -1.4
      vertex -10.236 0.390579 -1.4
      vertex -10.1142 0.33078 -1.4
    endloop
  endfacet
  facet normal 0 0 -1
    outer loop
      vertex -10.2895 0.394562 -1.4
      vertex -10.4992 0.277634 -1.4
      vertex -10.4118 0.365341 -1.4
    endloop
  endfacet
  facet normal -0 0 -1
    outer loop
      vertex -1.41425 -0.776611 -1.4
      vertex -3.05748 -0.99823 -1.4
      vertex -3.04766 0.322403 -1.4
    endloop
  endfacet
  facet normal 0 0 -1
    outer loop
      vertex -3.48828 -0.0924683 -1.4
      vertex -3.04766 0.322403 -1.4
      vertex -3.05748 -0.99823 -1.4
    endloop
  endfacet
  facet normal 0 0 -1
    outer loop
      vertex -1.05219 1.13541 -1.4
      vertex 1.5 -1.5 -1.4
      vertex -1.05219 -0.776611 -1.4
    endloop
  endfacet
  facet normal 0 0 -1
    outer loop
      vertex -1.54099 -1.09872 -1.4
      vertex -1.05219 -0.776611 -1.4
      vertex 1.5 -1.5 -1.4
    endloop
  endfacet
  facet normal 0 0 -1
    outer loop
      vertex -3.04766 0.322403 -1.4
      vertex -1.41425 1.13541 -1.4
      vertex -1.41425 -0.776611 -1.4
    endloop
  endfacet
  facet normal -0 0 -1
    outer loop
      vertex -1.05219 -0.776611 -1.4
      vertex -1.54099 -0.99823 -1.4
      vertex -1.41425 -0.776611 -1.4
    endloop
  endfacet
  facet normal 0 0 -1
    outer loop
      vertex -1.54099 -0.99823 -1.4
      vertex -1.05219 -0.776611 -1.4
      vertex -1.54099 -1.09872 -1.4
    endloop
  endfacet
  facet normal 0 0 -1
    outer loop
      vertex 1.5 -1.5 -1.4
      vertex -3.05748 -1.09872 -1.4
      vertex -1.54099 -1.09872 -1.4
    endloop
  endfacet
  facet normal 0 0 -1
    outer loop
      vertex -3.48828 -0.776611 -1.4
      vertex -3.05748 -0.99823 -1.4
      vertex -3.05748 -1.09872 -1.4
    endloop
  endfacet
  facet normal 0 -0 -1
    outer loop
      vertex -3.48358 0.00849915 -1.4
      vertex -3.04766 0.322403 -1.4
      vertex -3.48828 -0.0924683 -1.4
    endloop
  endfacet
  facet normal -0 0 -1
    outer loop
      vertex -3.04766 0.322403 -1.4
      vertex -3.48358 0.00849915 -1.4
      vertex -3.09018 0.330856 -1.4
    endloop
  endfacet
  facet normal 0 -0 -1
    outer loop
      vertex -3.46944 0.096283 -1.4
      vertex -3.09018 0.330856 -1.4
      vertex -3.48358 0.00849915 -1.4
    endloop
  endfacet
  facet normal -0 0 -1
    outer loop
      vertex -3.09018 0.330856 -1.4
      vertex -3.46944 0.096283 -1.4
      vertex -3.13011 0.336899 -1.4
    endloop
  endfacet
  facet normal -0 0 -1
    outer loop
      vertex -3.13011 0.336899 -1.4
      vertex -3.46944 0.096283 -1.4
      vertex -3.16748 0.340515 -1.4
    endloop
  endfacet
  facet normal 0 -0 -1
    outer loop
      vertex -3.4459 0.170853 -1.4
      vertex -3.16748 0.340515 -1.4
      vertex -3.46944 0.096283 -1.4
    endloop
  endfacet
  facet normal -0 0 -1
    outer loop
      vertex -3.16748 0.340515 -1.4
      vertex -3.4459 0.170853 -1.4
      vertex -3.20226 0.341721 -1.4
    endloop
  endfacet
  facet normal 0 -0 -1
    outer loop
      vertex -3.41292 0.232208 -1.4
      vertex -3.20226 0.341721 -1.4
      vertex -3.4459 0.170853 -1.4
    endloop
  endfacet
  facet normal 0 0 -1
    outer loop
      vertex -3.20226 0.341721 -1.4
      vertex -3.41292 0.232208 -1.4
      vertex -3.26616 0.334885 -1.4
    endloop
  endfacet
  facet normal 0 -0 -1
    outer loop
      vertex -3.37149 0.280121 -1.4
      vertex -3.26616 0.334885 -1.4
      vertex -3.41292 0.232208 -1.4
    endloop
  endfacet
  facet normal 0 0 -1
    outer loop
      vertex -3.05748 -0.99823 -1.4
      vertex -3.48828 -0.776611 -1.4
      vertex -3.48828 -0.0924683 -1.4
    endloop
  endfacet
  facet normal 0 0 -1
    outer loop
      vertex -3.05748 -1.09872 -1.4
      vertex -3.85036 -0.776611 -1.4
      vertex -3.48828 -0.776611 -1.4
    endloop
  endfacet
  facet normal 0 0 -1
    outer loop
      vertex -4.09047 -0.149139 -1.4
      vertex -3.85036 0.290192 -1.4
      vertex -3.85036 -0.776611 -1.4
    endloop
  endfacet
  facet normal 0 0 -1
    outer loop
      vertex -4.09047 -0.13884 -1.4
      vertex -3.85036 0.290192 -1.4
      vertex -4.09047 -0.149139 -1.4
    endloop
  endfacet
  facet normal 0 0 -1
    outer loop
      vertex -4.10038 0.0415649 -1.4
      vertex -3.85036 0.290192 -1.4
      vertex -4.09047 -0.13884 -1.4
    endloop
  endfacet
  facet normal 0 0 -1
    outer loop
      vertex -4.13008 0.198868 -1.4
      vertex -3.85036 0.290192 -1.4
      vertex -4.10038 0.0415649 -1.4
    endloop
  endfacet
  facet normal 0 0 -1
    outer loop
      vertex -4.17961 0.333069 -1.4
      vertex -3.85056 0.345154 -1.4
      vertex -4.13008 0.198868 -1.4
    endloop
  endfacet
  facet normal -0 0 -1
    outer loop
      vertex -3.85056 0.345154 -1.4
      vertex -4.17961 0.333069 -1.4
      vertex -3.85117 0.39537 -1.4
    endloop
  endfacet
  facet normal -0 0 -1
    outer loop
      vertex -3.85117 0.39537 -1.4
      vertex -4.17961 0.333069 -1.4
      vertex -3.85218 0.440826 -1.4
    endloop
  endfacet
  facet normal -0 0 -1
    outer loop
      vertex -3.85218 0.440826 -1.4
      vertex -4.17961 0.333069 -1.4
      vertex -3.85358 0.481522 -1.4
    endloop
  endfacet
  facet normal -0 0 -1
    outer loop
      vertex -3.85036 0.290192 -1.4
      vertex -4.13008 0.198868 -1.4
      vertex -3.85056 0.345154 -1.4
    endloop
  endfacet
  facet normal 0 0 -1
    outer loop
      vertex -3.85036 -0.776611 -1.4
      vertex -4.11109 -0.423584 -1.4
      vertex -4.09047 -0.149139 -1.4
    endloop
  endfacet
  facet normal 0 0 -1
    outer loop
      vertex -3.85036 -0.776611 -1.4
      vertex -4.20426 -0.58931 -1.4
      vertex -4.11109 -0.423584 -1.4
    endloop
  endfacet
  facet normal 0 0 -1
    outer loop
      vertex -3.85036 -0.776611 -1.4
      vertex -4.3356 -0.707687 -1.4
      vertex -4.20426 -0.58931 -1.4
    endloop
  endfacet
  facet normal 0 0 -1
    outer loop
      vertex -4.50511 -0.778702 -1.4
      vertex -3.85036 -0.776611 -1.4
      vertex -3.05748 -1.09872 -1.4
    endloop
  endfacet
  facet normal -0 0 -1
    outer loop
      vertex -3.85036 -0.776611 -1.4
      vertex -4.50511 -0.778702 -1.4
      vertex -4.3356 -0.707687 -1.4
    endloop
  endfacet
  facet normal 0 0 -1
    outer loop
      vertex -3.05748 -1.09872 -1.4
      vertex -4.7128 -0.802383 -1.4
      vertex -4.50511 -0.778702 -1.4
    endloop
  endfacet
  facet normal 0 0 -1
    outer loop
      vertex -3.05748 -1.09872 -1.4
      vertex -4.86089 -0.790741 -1.4
      vertex -4.7128 -0.802383 -1.4
    endloop
  endfacet
  facet normal 0 0 -1
    outer loop
      vertex -5.59378 0.108521 -1.4
      vertex -5.35419 -0.240906 -1.4
      vertex -5.59378 -0.776611 -1.4
    endloop
  endfacet
  facet normal -0 0 -1
    outer loop
      vertex -5.32254 -0.387344 -1.4
      vertex -5.59378 -0.776611 -1.4
      vertex -5.35419 -0.240906 -1.4
    endloop
  endfacet
  facet normal -0 0 -1
    outer loop
      vertex -5.26981 -0.512436 -1.4
      vertex -5.59378 -0.776611 -1.4
      vertex -5.32254 -0.387344 -1.4
    endloop
  endfacet
  facet normal -0 0 -1
    outer loop
      vertex -5.19597 -0.616196 -1.4
      vertex -5.59378 -0.776611 -1.4
      vertex -5.26981 -0.512436 -1.4
    endloop
  endfacet
  facet normal -0 0 -1
    outer loop
      vertex -5.10247 -0.697647 -1.4
      vertex -5.59378 -0.776611 -1.4
      vertex -5.19597 -0.616196 -1.4
    endloop
  endfacet
  facet normal -0 0 -1
    outer loop
      vertex -4.99077 -0.755829 -1.4
      vertex -5.59378 -0.776611 -1.4
      vertex -5.10247 -0.697647 -1.4
    endloop
  endfacet
  facet normal 0 0 -1
    outer loop
      vertex -4.86089 -0.790741 -1.4
      vertex -5.59378 -0.776611 -1.4
      vertex -4.99077 -0.755829 -1.4
    endloop
  endfacet
  facet normal 0 0 -1
    outer loop
      vertex -3.05748 -1.09872 -1.4
      vertex -5.59378 -0.776611 -1.4
      vertex -4.86089 -0.790741 -1.4
    endloop
  endfacet
  facet normal 0 0 -1
    outer loop
      vertex -3.05748 -1.09872 -1.4
      vertex -5.95453 -0.776611 -1.4
      vertex -5.59378 -0.776611 -1.4
    endloop
  endfacet
  facet normal 0 0 -1
    outer loop
      vertex -6.49567 -0.0293274 -1.4
      vertex -5.95453 0.00544739 -1.4
      vertex -5.95453 -0.776611 -1.4
    endloop
  endfacet
  facet normal 0 -0 -1
    outer loop
      vertex -6.49063 0.0549316 -1.4
      vertex -5.95453 0.00544739 -1.4
      vertex -6.49567 -0.0293274 -1.4
    endloop
  endfacet
  facet normal 0 -0 -1
    outer loop
      vertex -6.47554 0.131241 -1.4
      vertex -5.95453 0.00544739 -1.4
      vertex -6.49063 0.0549316 -1.4
    endloop
  endfacet
  facet normal 0 0 -1
    outer loop
      vertex -5.95453 0.00544739 -1.4
      vertex -6.47554 0.131241 -1.4
      vertex -5.97008 0.166107 -1.4
    endloop
  endfacet
  facet normal 0 -0 -1
    outer loop
      vertex -6.45038 0.199554 -1.4
      vertex -5.97008 0.166107 -1.4
      vertex -6.47554 0.131241 -1.4
    endloop
  endfacet
  facet normal 0 -0 -1
    outer loop
      vertex -6.41515 0.259918 -1.4
      vertex -5.97008 0.166107 -1.4
      vertex -6.45038 0.199554 -1.4
    endloop
  endfacet
  facet normal 0 -0 -1
    outer loop
      vertex -6.37171 0.309235 -1.4
      vertex -5.97008 0.166107 -1.4
      vertex -6.41515 0.259918 -1.4
    endloop
  endfacet
  facet normal 0 -0 -1
    outer loop
      vertex -6.2032 0.372665 -1.4
      vertex -5.97008 0.166107 -1.4
      vertex -6.37171 0.309235 -1.4
    endloop
  endfacet
  facet normal 0 0 -1
    outer loop
      vertex -6.0167 0.280853 -1.4
      vertex -6.2032 0.372665 -1.4
      vertex -6.09441 0.349701 -1.4
    endloop
  endfacet
  facet normal 0 0 -1
    outer loop
      vertex -5.97008 0.166107 -1.4
      vertex -6.2032 0.372665 -1.4
      vertex -6.0167 0.280853 -1.4
    endloop
  endfacet
  facet normal 0 0 -1
    outer loop
      vertex -6.2032 0.372665 -1.4
      vertex -6.37171 0.309235 -1.4
      vertex -6.26573 0.365616 -1.4
    endloop
  endfacet
  facet normal 0 0 -1
    outer loop
      vertex -6.49567 -0.0293274 -1.4
      vertex -5.95453 -0.776611 -1.4
      vertex -6.49567 -0.776611 -1.4
    endloop
  endfacet
  facet normal 0 0 -1
    outer loop
      vertex -3.05748 -1.09872 -1.4
      vertex -6.49567 -0.776611 -1.4
      vertex -5.95453 -0.776611 -1.4
    endloop
  endfacet
  facet normal 0 0 -1
    outer loop
      vertex -3.05748 -1.09872 -1.4
      vertex -6.85773 -0.776611 -1.4
      vertex -6.49567 -0.776611 -1.4
    endloop
  endfacet
  facet normal 0 0 -1
    outer loop
      vertex -10.9947 -1.09872 -1.4
      vertex -3.05748 -1.09872 -1.4
      vertex 1.5 -1.5 -1.4
    endloop
  endfacet
  facet normal 0 0 -1
    outer loop
      vertex -7.49855 -0.0924683 -1.4
      vertex -6.85773 0.305664 -1.4
      vertex -6.85773 -0.776611 -1.4
    endloop
  endfacet
  facet normal 0 0 -1
    outer loop
      vertex -6.85773 0.305664 -1.4
      vertex -7.05793 0.322403 -1.4
      vertex -6.85794 0.359161 -1.4
    endloop
  endfacet
  facet normal -0 0 -1
    outer loop
      vertex -6.85794 0.359161 -1.4
      vertex -7.05793 0.322403 -1.4
      vertex -6.85854 0.407593 -1.4
    endloop
  endfacet
  facet normal -0 0 -1
    outer loop
      vertex -6.85854 0.407593 -1.4
      vertex -7.05793 0.322403 -1.4
      vertex -6.85955 0.450958 -1.4
    endloop
  endfacet
  facet normal -0 0 -1
    outer loop
      vertex -6.85955 0.450958 -1.4
      vertex -7.05793 0.322403 -1.4
      vertex -6.86096 0.489243 -1.4
    endloop
  endfacet
  facet normal 0 0 -1
    outer loop
      vertex -7.05793 0.625183 -1.4
      vertex -6.86096 0.489243 -1.4
      vertex -7.05793 0.322403 -1.4
    endloop
  endfacet
  facet normal 0 0 -1
    outer loop
      vertex -6.86096 0.489243 -1.4
      vertex -7.05793 0.625183 -1.4
      vertex -6.86261 0.524078 -1.4
    endloop
  endfacet
  facet normal 0 0 -1
    outer loop
      vertex -6.86261 0.524078 -1.4
      vertex -7.05793 0.625183 -1.4
      vertex -6.86434 0.557053 -1.4
    endloop
  endfacet
  facet normal 0 0 -1
    outer loop
      vertex -6.86434 0.557053 -1.4
      vertex -7.05793 0.625183 -1.4
      vertex -6.86614 0.588181 -1.4
    endloop
  endfacet
  facet normal -0 0 -1
    outer loop
      vertex -6.85773 0.305664 -1.4
      vertex -7.49855 -0.0924683 -1.4
      vertex -7.05793 0.322403 -1.4
    endloop
  endfacet
  facet normal 0 -0 -1
    outer loop
      vertex -7.49384 0.00849915 -1.4
      vertex -7.05793 0.322403 -1.4
      vertex -7.49855 -0.0924683 -1.4
    endloop
  endfacet
  facet normal -0 0 -1
    outer loop
      vertex -7.05793 0.322403 -1.4
      vertex -7.49384 0.00849915 -1.4
      vertex -7.10044 0.330856 -1.4
    endloop
  endfacet
  facet normal 0 -0 -1
    outer loop
      vertex -7.47971 0.096283 -1.4
      vertex -7.10044 0.330856 -1.4
      vertex -7.49384 0.00849915 -1.4
    endloop
  endfacet
  facet normal -0 0 -1
    outer loop
      vertex -7.10044 0.330856 -1.4
      vertex -7.47971 0.096283 -1.4
      vertex -7.14038 0.336899 -1.4
    endloop
  endfacet
  facet normal -0 0 -1
    outer loop
      vertex -7.14038 0.336899 -1.4
      vertex -7.47971 0.096283 -1.4
      vertex -7.17774 0.340515 -1.4
    endloop
  endfacet
  facet normal 0 -0 -1
    outer loop
      vertex -7.45615 0.170853 -1.4
      vertex -7.17774 0.340515 -1.4
      vertex -7.47971 0.096283 -1.4
    endloop
  endfacet
  facet normal -0 0 -1
    outer loop
      vertex -7.17774 0.340515 -1.4
      vertex -7.45615 0.170853 -1.4
      vertex -7.21253 0.341721 -1.4
    endloop
  endfacet
  facet normal 0 -0 -1
    outer loop
      vertex -7.42317 0.232208 -1.4
      vertex -7.21253 0.341721 -1.4
      vertex -7.45615 0.170853 -1.4
    endloop
  endfacet
  facet normal 0 -0 -1
    outer loop
      vertex -7.38175 0.280121 -1.4
      vertex -7.27642 0.334885 -1.4
      vertex -7.42317 0.232208 -1.4
    endloop
  endfacet
  facet normal 0 0 -1
    outer loop
      vertex -7.27642 0.334885 -1.4
      vertex -7.38175 0.280121 -1.4
      vertex -7.33283 0.314346 -1.4
    endloop
  endfacet
  facet normal 0 0 -1
    outer loop
      vertex -7.49855 -0.0924683 -1.4
      vertex -6.85773 -0.776611 -1.4
      vertex -7.49855 -0.776611 -1.4
    endloop
  endfacet
  facet normal 0 0 -1
    outer loop
      vertex -3.05748 -1.09872 -1.4
      vertex -10.9947 -1.09872 -1.4
      vertex -6.85773 -0.776611 -1.4
    endloop
  endfacet
  facet normal -0 0 -1
    outer loop
      vertex -6.85773 -0.776611 -1.4
      vertex -10.9947 -1.09872 -1.4
      vertex -7.49855 -0.776611 -1.4
    endloop
  endfacet
  facet normal 0 0 -1
    outer loop
      vertex -8.12203 -0.238571 -1.4
      vertex -7.86061 0.290192 -1.4
      vertex -7.86061 -0.776611 -1.4
    endloop
  endfacet
  facet normal 0 0 -1
    outer loop
      vertex -8.12151 0.0860901 -1.4
      vertex -7.86061 0.290192 -1.4
      vertex -8.11026 -0.0782928 -1.4
    endloop
  endfacet
  facet normal 0 0 -1
    outer loop
      vertex -8.1552 0.230118 -1.4
      vertex -7.86061 0.290192 -1.4
      vertex -8.12151 0.0860901 -1.4
    endloop
  endfacet
  facet normal -0 0 -1
    outer loop
      vertex -7.86061 0.290192 -1.4
      vertex -8.1552 0.230118 -1.4
      vertex -7.86081 0.345154 -1.4
    endloop
  endfacet
  facet normal 0 0 -1
    outer loop
      vertex -8.21137 0.353775 -1.4
      vertex -7.86081 0.345154 -1.4
      vertex -8.1552 0.230118 -1.4
    endloop
  endfacet
  facet normal 0 0 -1
    outer loop
      vertex -7.86081 0.345154 -1.4
      vertex -8.21137 0.353775 -1.4
      vertex -7.86142 0.39537 -1.4
    endloop
  endfacet
  facet normal -0 0 -1
    outer loop
      vertex -7.86142 0.39537 -1.4
      vertex -8.21137 0.353775 -1.4
      vertex -7.86243 0.440826 -1.4
    endloop
  endfacet
  facet normal -0 0 -1
    outer loop
      vertex -7.86243 0.440826 -1.4
      vertex -8.21137 0.353775 -1.4
      vertex -7.86385 0.481522 -1.4
    endloop
  endfacet
  facet normal -0 0 -1
    outer loop
      vertex -7.86385 0.481522 -1.4
      vertex -8.21137 0.353775 -1.4
      vertex -7.8655 0.518768 -1.4
    endloop
  endfacet
  facet normal 0 0 -1
    outer loop
      vertex -7.86061 0.290192 -1.4
      vertex -8.12203 -0.238571 -1.4
      vertex -8.11026 -0.0782928 -1.4
    endloop
  endfacet
  facet normal 0 0 -1
    outer loop
      vertex -7.86061 -0.776611 -1.4
      vertex -8.15729 -0.380585 -1.4
      vertex -8.12203 -0.238571 -1.4
    endloop
  endfacet
  facet normal 0 0 -1
    outer loop
      vertex -7.86061 -0.776611 -1.4
      vertex -8.21608 -0.504303 -1.4
      vertex -8.15729 -0.380585 -1.4
    endloop
  endfacet
  facet normal 0 0 -1
    outer loop
      vertex -7.86061 -0.776611 -1.4
      vertex -8.29839 -0.609756 -1.4
      vertex -8.21608 -0.504303 -1.4
    endloop
  endfacet
  facet normal 0 0 -1
    outer loop
      vertex -7.86061 -0.776611 -1.4
      vertex -8.40146 -0.694031 -1.4
      vertex -8.29839 -0.609756 -1.4
    endloop
  endfacet
  facet normal 0 0 -1
    outer loop
      vertex -7.86061 -0.776611 -1.4
      vertex -8.52257 -0.754227 -1.4
      vertex -8.40146 -0.694031 -1.4
    endloop
  endfacet
  facet normal -0 0 -1
    outer loop
      vertex -7.49855 -0.776611 -1.4
      vertex -10.9947 -1.09872 -1.4
      vertex -7.86061 -0.776611 -1.4
    endloop
  endfacet
  facet normal -0 0 -1
    outer loop
      vertex -7.86061 -0.776611 -1.4
      vertex -8.66172 -0.790344 -1.4
      vertex -8.52257 -0.754227 -1.4
    endloop
  endfacet
  facet normal 0 -0 -1
    outer loop
      vertex -8.8189 -0.802383 -1.4
      vertex -7.86061 -0.776611 -1.4
      vertex -10.9947 -1.09872 -1.4
    endloop
  endfacet
  facet normal -0 0 -1
    outer loop
      vertex -9.50435 -0.238052 -1.4
      vertex -9.66201 -0.312775 -1.4
      vertex -9.51595 -0.0782928 -1.4
    endloop
  endfacet
  facet normal 0 0 -1
    outer loop
      vertex -9.46956 -0.379776 -1.4
      vertex -9.66201 -0.312775 -1.4
      vertex -9.50435 -0.238052 -1.4
    endloop
  endfacet
  facet normal 0 0 -1
    outer loop
      vertex -9.69728 -0.448074 -1.4
      vertex -9.46956 -0.379776 -1.4
      vertex -9.41158 -0.503464 -1.4
    endloop
  endfacet
  facet normal 0 0 -1
    outer loop
      vertex -9.76444 -0.567902 -1.4
      vertex -9.41158 -0.503464 -1.4
      vertex -9.33042 -0.609116 -1.4
    endloop
  endfacet
  facet normal -0 0 -1
    outer loop
      vertex -9.46956 -0.379776 -1.4
      vertex -9.67566 -0.382355 -1.4
      vertex -9.66201 -0.312775 -1.4
    endloop
  endfacet
  facet normal 0 0 -1
    outer loop
      vertex -9.8606 -0.667267 -1.4
      vertex -9.33042 -0.609116 -1.4
      vertex -9.22887 -0.693665 -1.4
    endloop
  endfacet
  facet normal 0 0 -1
    outer loop
      vertex -9.46956 -0.379776 -1.4
      vertex -9.69728 -0.448074 -1.4
      vertex -9.67566 -0.382355 -1.4
    endloop
  endfacet
  facet normal -0 0 -1
    outer loop
      vertex -9.41158 -0.503464 -1.4
      vertex -9.72687 -0.509918 -1.4
      vertex -9.69728 -0.448074 -1.4
    endloop
  endfacet
  facet normal 0 0 -1
    outer loop
      vertex -9.91846 -0.707397 -1.4
      vertex -9.22887 -0.693665 -1.4
      vertex -9.10976 -0.754059 -1.4
    endloop
  endfacet
  facet normal 0 0 -1
    outer loop
      vertex -9.41158 -0.503464 -1.4
      vertex -9.76444 -0.567902 -1.4
      vertex -9.72687 -0.509918 -1.4
    endloop
  endfacet
  facet normal -0 0 -1
    outer loop
      vertex -9.33042 -0.609116 -1.4
      vertex -9.80925 -0.620758 -1.4
      vertex -9.76444 -0.567902 -1.4
    endloop
  endfacet
  facet normal 0 0 -1
    outer loop
      vertex -10.0526 -0.76796 -1.4
      vertex -9.10976 -0.754059 -1.4
      vertex -8.9731 -0.790298 -1.4
    endloop
  endfacet
  facet normal 0 0 -1
    outer loop
      vertex -9.33042 -0.609116 -1.4
      vertex -9.8606 -0.667267 -1.4
      vertex -9.80925 -0.620758 -1.4
    endloop
  endfacet
  facet normal -0 0 -1
    outer loop
      vertex -9.22887 -0.693665 -1.4
      vertex -9.91846 -0.707397 -1.4
      vertex -9.8606 -0.667267 -1.4
    endloop
  endfacet
  facet normal 0 0 -1
    outer loop
      vertex -9.10976 -0.754059 -1.4
      vertex -9.98284 -0.74118 -1.4
      vertex -9.91846 -0.707397 -1.4
    endloop
  endfacet
  facet normal 0 0 -1
    outer loop
      vertex -10.9947 -1.09872 -1.4
      vertex -8.9731 -0.790298 -1.4
      vertex -8.8189 -0.802383 -1.4
    endloop
  endfacet
  facet normal 0 0 -1
    outer loop
      vertex -7.86061 -0.776611 -1.4
      vertex -8.8189 -0.802383 -1.4
      vertex -8.66172 -0.790344 -1.4
    endloop
  endfacet
  facet normal -0 0 -1
    outer loop
      vertex -9.10976 -0.754059 -1.4
      vertex -10.0526 -0.76796 -1.4
      vertex -9.98284 -0.74118 -1.4
    endloop
  endfacet
  facet normal -0 0 -1
    outer loop
      vertex -8.9731 -0.790298 -1.4
      vertex -10.9947 -1.09872 -1.4
      vertex -10.1265 -0.787079 -1.4
    endloop
  endfacet
  facet normal 0 0 -1
    outer loop
      vertex -8.9731 -0.790298 -1.4
      vertex -10.1265 -0.787079 -1.4
      vertex -10.0526 -0.76796 -1.4
    endloop
  endfacet
  facet normal 0 0 -1
    outer loop
      vertex -10.1265 -0.787079 -1.4
      vertex -10.9947 -1.09872 -1.4
      vertex -10.2046 -0.798553 -1.4
    endloop
  endfacet
  facet normal 0 0 -1
    outer loop
      vertex -12.5112 -0.99823 -1.4
      vertex -10.906 -0.387665 -1.4
      vertex -10.9947 -0.99823 -1.4
    endloop
  endfacet
  facet normal -0 0 -1
    outer loop
      vertex -10.8521 -0.509949 -1.4
      vertex -10.9947 -0.99823 -1.4
      vertex -10.906 -0.387665 -1.4
    endloop
  endfacet
  facet normal -0 0 -1
    outer loop
      vertex -10.7765 -0.613632 -1.4
      vertex -10.9947 -0.99823 -1.4
      vertex -10.8521 -0.509949 -1.4
    endloop
  endfacet
  facet normal -0 0 -1
    outer loop
      vertex -10.6812 -0.696213 -1.4
      vertex -10.9947 -0.99823 -1.4
      vertex -10.7765 -0.613632 -1.4
    endloop
  endfacet
  facet normal -0 0 -1
    outer loop
      vertex -10.5678 -0.755188 -1.4
      vertex -10.9947 -0.99823 -1.4
      vertex -10.6812 -0.696213 -1.4
    endloop
  endfacet
  facet normal 0 0 -1
    outer loop
      vertex -10.9947 -0.99823 -1.4
      vertex -10.5678 -0.755188 -1.4
      vertex -10.9947 -1.09872 -1.4
    endloop
  endfacet
  facet normal -0 0 -1
    outer loop
      vertex -10.4364 -0.790588 -1.4
      vertex -10.9947 -1.09872 -1.4
      vertex -10.5678 -0.755188 -1.4
    endloop
  endfacet
  facet normal -0 0 -1
    outer loop
      vertex -10.2869 -0.802383 -1.4
      vertex -10.9947 -1.09872 -1.4
      vertex -10.4364 -0.790588 -1.4
    endloop
  endfacet
  facet normal 0 0 -1
    outer loop
      vertex -10.2046 -0.798553 -1.4
      vertex -10.9947 -1.09872 -1.4
      vertex -10.2869 -0.802383 -1.4
    endloop
  endfacet
  facet normal 0 0 -1
    outer loop
      vertex 1.5 -1.5 -1.4
      vertex -12.5112 -1.09872 -1.4
      vertex -10.9947 -1.09872 -1.4
    endloop
  endfacet
  facet normal 0 0 -1
    outer loop
      vertex -12.5112 -1.09872 -1.4
      vertex -12.6551 -0.776611 -1.4
      vertex -12.5112 -0.99823 -1.4
    endloop
  endfacet
  facet normal 0 0 -1
    outer loop
      vertex -12.5112 -1.09872 -1.4
      vertex -13.0172 -0.776611 -1.4
      vertex -12.6551 -0.776611 -1.4
    endloop
  endfacet
  facet normal 0 0 -1
    outer loop
      vertex -13.0172 -0.776611 -1.4
      vertex -13.3711 -0.776611 -1.4
      vertex -13.0172 1.13541 -1.4
    endloop
  endfacet
  facet normal 0 0 -1
    outer loop
      vertex -12.5112 -1.09872 -1.4
      vertex -13.3711 -0.776611 -1.4
      vertex -13.0172 -0.776611 -1.4
    endloop
  endfacet
  facet normal 0 0 -1
    outer loop
      vertex -12.5112 -1.09872 -1.4
      vertex -13.7332 -0.776611 -1.4
      vertex -13.3711 -0.776611 -1.4
    endloop
  endfacet
  facet normal 0 0 -1
    outer loop
      vertex -13.8664 -0.562729 -1.4
      vertex -13.7332 -0.776611 -1.4
      vertex -13.8664 -0.758591 -1.4
    endloop
  endfacet
  facet normal 0 0 -1
    outer loop
      vertex -14.0163 -0.788132 -1.4
      vertex -13.7332 -0.776611 -1.4
      vertex -12.5112 -1.09872 -1.4
    endloop
  endfacet
  facet normal 0 0 -1
    outer loop
      vertex -13.7332 -0.776611 -1.4
      vertex -13.8821 -0.76236 -1.4
      vertex -13.8664 -0.758591 -1.4
    endloop
  endfacet
  facet normal 0 0 -1
    outer loop
      vertex -13.7332 -0.776611 -1.4
      vertex -13.9111 -0.769455 -1.4
      vertex -13.8821 -0.76236 -1.4
    endloop
  endfacet
  facet normal 0 0 -1
    outer loop
      vertex -13.7332 -0.776611 -1.4
      vertex -13.9243 -0.772766 -1.4
      vertex -13.9111 -0.769455 -1.4
    endloop
  endfacet
  facet normal 0 0 -1
    outer loop
      vertex -13.7332 -0.776611 -1.4
      vertex -13.9372 -0.775818 -1.4
      vertex -13.9243 -0.772766 -1.4
    endloop
  endfacet
  facet normal -0 0 -1
    outer loop
      vertex -13.7332 -0.776611 -1.4
      vertex -13.9501 -0.778549 -1.4
      vertex -13.9372 -0.775818 -1.4
    endloop
  endfacet
  facet normal 0 0 -1
    outer loop
      vertex -13.7332 -0.776611 -1.4
      vertex -13.963 -0.780975 -1.4
      vertex -13.9501 -0.778549 -1.4
    endloop
  endfacet
  facet normal 0 0 -1
    outer loop
      vertex -13.7332 -0.776611 -1.4
      vertex -13.9759 -0.783066 -1.4
      vertex -13.963 -0.780975 -1.4
    endloop
  endfacet
  facet normal 0 0 -1
    outer loop
      vertex -13.7332 -0.776611 -1.4
      vertex -13.989 -0.784912 -1.4
      vertex -13.9759 -0.783066 -1.4
    endloop
  endfacet
  facet normal 0 0 -1
    outer loop
      vertex -13.7332 -0.776611 -1.4
      vertex -14.0024 -0.786606 -1.4
      vertex -13.989 -0.784912 -1.4
    endloop
  endfacet
  facet normal 0 0 -1
    outer loop
      vertex -13.7332 -0.776611 -1.4
      vertex -14.0163 -0.788132 -1.4
      vertex -14.0024 -0.786606 -1.4
    endloop
  endfacet
  facet normal 0 0 -1
    outer loop
      vertex -12.5112 -1.09872 -1.4
      vertex -14.0306 -0.789505 -1.4
      vertex -14.0163 -0.788132 -1.4
    endloop
  endfacet
  facet normal 0 0 -1
    outer loop
      vertex -12.5112 -1.09872 -1.4
      vertex -14.0457 -0.790634 -1.4
      vertex -14.0306 -0.789505 -1.4
    endloop
  endfacet
  facet normal 0 0 -1
    outer loop
      vertex -12.5112 -1.09872 -1.4
      vertex -14.062 -0.791443 -1.4
      vertex -14.0457 -0.790634 -1.4
    endloop
  endfacet
  facet normal 0 0 -1
    outer loop
      vertex -12.5112 -1.09872 -1.4
      vertex -14.0796 -0.791916 -1.4
      vertex -14.062 -0.791443 -1.4
    endloop
  endfacet
  facet normal 0 0 -1
    outer loop
      vertex -12.5112 -1.09872 -1.4
      vertex -14.0983 -0.792084 -1.4
      vertex -14.0796 -0.791916 -1.4
    endloop
  endfacet
  facet normal 0 0 -1
    outer loop
      vertex -14.8443 -0.802383 -1.4
      vertex -14.0983 -0.792084 -1.4
      vertex -12.5112 -1.09872 -1.4
    endloop
  endfacet
  facet normal 0 0 -1
    outer loop
      vertex -14.3682 -0.589066 -1.4
      vertex -14.3856 -0.527939 -1.4
      vertex -14.3779 -0.527939 -1.4
    endloop
  endfacet
  facet normal -0 0 -1
    outer loop
      vertex -14.3682 -0.589066 -1.4
      vertex -14.4713 -0.64801 -1.4
      vertex -14.3856 -0.527939 -1.4
    endloop
  endfacet
  facet normal -0 0 -1
    outer loop
      vertex -14.3519 -0.642303 -1.4
      vertex -14.4713 -0.64801 -1.4
      vertex -14.3682 -0.589066 -1.4
    endloop
  endfacet
  facet normal 0 0 -1
    outer loop
      vertex -14.3292 -0.687637 -1.4
      vertex -14.4713 -0.64801 -1.4
      vertex -14.3519 -0.642303 -1.4
    endloop
  endfacet
  facet normal 0 0 -1
    outer loop
      vertex -14.5763 -0.73378 -1.4
      vertex -14.3292 -0.687637 -1.4
      vertex -14.2999 -0.725082 -1.4
    endloop
  endfacet
  facet normal 0 0 -1
    outer loop
      vertex -14.5763 -0.73378 -1.4
      vertex -14.2999 -0.725082 -1.4
      vertex -14.2629 -0.754395 -1.4
    endloop
  endfacet
  facet normal -0 0 -1
    outer loop
      vertex -14.3292 -0.687637 -1.4
      vertex -14.5763 -0.73378 -1.4
      vertex -14.4713 -0.64801 -1.4
    endloop
  endfacet
  facet normal 0 0 -1
    outer loop
      vertex -14.7006 -0.785233 -1.4
      vertex -14.2629 -0.754395 -1.4
      vertex -14.217 -0.77533 -1.4
    endloop
  endfacet
  facet normal 0 0 -1
    outer loop
      vertex -14.7006 -0.785233 -1.4
      vertex -14.217 -0.77533 -1.4
      vertex -14.1621 -0.787903 -1.4
    endloop
  endfacet
  facet normal -0 0 -1
    outer loop
      vertex -14.0983 -0.792084 -1.4
      vertex -14.8443 -0.802383 -1.4
      vertex -14.1621 -0.787903 -1.4
    endloop
  endfacet
  facet normal -0 0 -1
    outer loop
      vertex -14.2629 -0.754395 -1.4
      vertex -14.7006 -0.785233 -1.4
      vertex -14.5763 -0.73378 -1.4
    endloop
  endfacet
  facet normal -0 0 -1
    outer loop
      vertex -14.1621 -0.787903 -1.4
      vertex -14.8443 -0.802383 -1.4
      vertex -14.7006 -0.785233 -1.4
    endloop
  endfacet
  facet normal 0 0 -1
    outer loop
      vertex -15.6634 -0.776611 -1.4
      vertex -14.8443 -0.802383 -1.4
      vertex -12.5112 -1.09872 -1.4
    endloop
  endfacet
  facet normal -0 0 -1
    outer loop
      vertex -15.2102 0.229645 -1.4
      vertex -15.6634 -0.776611 -1.4
      vertex -15.2975 0.617447 -1.4
    endloop
  endfacet
  facet normal -0 0 -1
    outer loop
      vertex -15.2662 -0.476608 -1.4
      vertex -15.6634 -0.776611 -1.4
      vertex -15.2733 -0.382355 -1.4
    endloop
  endfacet
  facet normal -0 0 -1
    outer loop
      vertex -15.245 -0.559677 -1.4
      vertex -15.6634 -0.776611 -1.4
      vertex -15.2662 -0.476608 -1.4
    endloop
  endfacet
  facet normal -0 0 -1
    outer loop
      vertex -15.2096 -0.631546 -1.4
      vertex -15.6634 -0.776611 -1.4
      vertex -15.245 -0.559677 -1.4
    endloop
  endfacet
  facet normal -0 0 -1
    outer loop
      vertex -15.16 -0.692215 -1.4
      vertex -15.6634 -0.776611 -1.4
      vertex -15.2096 -0.631546 -1.4
    endloop
  endfacet
  facet normal -0 0 -1
    outer loop
      vertex -15.0977 -0.740417 -1.4
      vertex -15.6634 -0.776611 -1.4
      vertex -15.16 -0.692215 -1.4
    endloop
  endfacet
  facet normal -0 0 -1
    outer loop
      vertex -15.0243 -0.774841 -1.4
      vertex -15.6634 -0.776611 -1.4
      vertex -15.0977 -0.740417 -1.4
    endloop
  endfacet
  facet normal 0 0 -1
    outer loop
      vertex -14.9399 -0.795502 -1.4
      vertex -15.6634 -0.776611 -1.4
      vertex -15.0243 -0.774841 -1.4
    endloop
  endfacet
  facet normal 0 0 -1
    outer loop
      vertex -14.8443 -0.802383 -1.4
      vertex -15.6634 -0.776611 -1.4
      vertex -14.9399 -0.795502 -1.4
    endloop
  endfacet
  facet normal 0 0 -1
    outer loop
      vertex -12.5112 -1.09872 -1.4
      vertex -16.0461 -0.776611 -1.4
      vertex -15.6634 -0.776611 -1.4
    endloop
  endfacet
  facet normal -0 0 -1
    outer loop
      vertex -16.3076 0.256378 -1.4
      vertex -16.3953 0.071167 -1.4
      vertex -16.3283 0.359772 -1.4
    endloop
  endfacet
  facet normal -0 0 -1
    outer loop
      vertex -16.2906 0.17424 -1.4
      vertex -16.3953 0.071167 -1.4
      vertex -16.3076 0.256378 -1.4
    endloop
  endfacet
  facet normal -0 0 -1
    outer loop
      vertex -16.2773 0.113358 -1.4
      vertex -16.3953 0.071167 -1.4
      vertex -16.2906 0.17424 -1.4
    endloop
  endfacet
  facet normal -0 0 -1
    outer loop
      vertex -16.2677 0.0737305 -1.4
      vertex -16.3953 0.071167 -1.4
      vertex -16.2773 0.113358 -1.4
    endloop
  endfacet
  facet normal 0 0 -1
    outer loop
      vertex -16.0461 -0.776611 -1.4
      vertex -16.3953 0.071167 -1.4
      vertex -16.2677 0.0737305 -1.4
    endloop
  endfacet
  facet normal 0 0 -1
    outer loop
      vertex -16.0461 -0.776611 -1.4
      vertex -16.6194 -0.776611 -1.4
      vertex -16.3953 0.071167 -1.4
    endloop
  endfacet
  facet normal 0 0 -1
    outer loop
      vertex -12.5112 -1.09872 -1.4
      vertex -16.6194 -0.776611 -1.4
      vertex -16.0461 -0.776611 -1.4
    endloop
  endfacet
  facet normal 0 0 -1
    outer loop
      vertex -12.5112 -1.09872 -1.4
      vertex -17.0021 -0.776611 -1.4
      vertex -16.6194 -0.776611 -1.4
    endloop
  endfacet
  facet normal 0 0 -1
    outer loop
      vertex -18.1425 -0.478989 -1.4
      vertex -17.0021 -0.776611 -1.4
      vertex -18.1425 -0.776611 -1.4
    endloop
  endfacet
  facet normal 0 0 -1
    outer loop
      vertex -12.5112 -1.09872 -1.4
      vertex -18.1425 -0.776611 -1.4
      vertex -17.0021 -0.776611 -1.4
    endloop
  endfacet
  facet normal 0 0 -1
    outer loop
      vertex -25.4 -1.5 -1.4
      vertex -18.1425 -0.776611 -1.4
      vertex -12.5112 -1.09872 -1.4
    endloop
  endfacet
  facet normal 0 0 -1
    outer loop
      vertex -19.7264 -0.776611 -1.4
      vertex -19.4129 -0.525375 -1.4
      vertex -19.4129 -0.776611 -1.4
    endloop
  endfacet
  facet normal 0 0 -1
    outer loop
      vertex -19.7264 -0.406845 -1.4
      vertex -19.4129 -0.525375 -1.4
      vertex -19.7264 -0.776611 -1.4
    endloop
  endfacet
  facet normal -0 0 -1
    outer loop
      vertex -18.1425 -0.776611 -1.4
      vertex -25.4 -1.5 -1.4
      vertex -19.4129 -0.776611 -1.4
    endloop
  endfacet
  facet normal -0 0 -1
    outer loop
      vertex -19.4129 -0.776611 -1.4
      vertex -25.4 -1.5 -1.4
      vertex -19.7264 -0.776611 -1.4
    endloop
  endfacet
  facet normal 0 0 -1
    outer loop
      vertex -20.0717 -0.776611 -1.4
      vertex -20.8976 -0.406845 -1.4
      vertex -20.0717 -0.406845 -1.4
    endloop
  endfacet
  facet normal 0 0 -1
    outer loop
      vertex -21.7563 0.270874 -1.4
      vertex -20.8976 -0.406845 -1.4
      vertex -20.9175 -0.776611 -1.4
    endloop
  endfacet
  facet normal 0 0 -1
    outer loop
      vertex -20.0717 -0.776611 -1.4
      vertex -20.9175 -0.776611 -1.4
      vertex -20.8976 -0.406845 -1.4
    endloop
  endfacet
  facet normal -0 0 -1
    outer loop
      vertex -19.7264 -0.776611 -1.4
      vertex -25.4 -1.5 -1.4
      vertex -20.0717 -0.776611 -1.4
    endloop
  endfacet
  facet normal -0 0 -1
    outer loop
      vertex -20.0717 -0.776611 -1.4
      vertex -25.4 -1.5 -1.4
      vertex -20.9175 -0.776611 -1.4
    endloop
  endfacet
  facet normal 0 0 -1
    outer loop
      vertex -21.3659 -0.776611 -1.4
      vertex -22.242 -0.776611 -1.4
      vertex -22.0178 0.0569916 -1.4
    endloop
  endfacet
  facet normal -0 0 -1
    outer loop
      vertex -20.9175 -0.776611 -1.4
      vertex -25.4 -1.5 -1.4
      vertex -21.3659 -0.776611 -1.4
    endloop
  endfacet
  facet normal -0 0 -1
    outer loop
      vertex -21.3659 -0.776611 -1.4
      vertex -25.4 -1.5 -1.4
      vertex -22.242 -0.776611 -1.4
    endloop
  endfacet
  facet normal 0 0 -1
    outer loop
      vertex -22.8627 -0.198471 -1.4
      vertex -22.6221 -0.776611 -1.4
      vertex -22.8606 -0.25351 -1.4
    endloop
  endfacet
  facet normal 0 0 -1
    outer loop
      vertex -22.6221 -0.776611 -1.4
      vertex -22.8729 -0.379013 -1.4
      vertex -22.8606 -0.25351 -1.4
    endloop
  endfacet
  facet normal 0 0 -1
    outer loop
      vertex -22.6221 -0.776611 -1.4
      vertex -22.91 -0.488815 -1.4
      vertex -22.8729 -0.379013 -1.4
    endloop
  endfacet
  facet normal 0 0 -1
    outer loop
      vertex -22.6221 -0.776611 -1.4
      vertex -22.9718 -0.582916 -1.4
      vertex -22.91 -0.488815 -1.4
    endloop
  endfacet
  facet normal 0 0 -1
    outer loop
      vertex -22.6221 -0.776611 -1.4
      vertex -23.0584 -0.661301 -1.4
      vertex -22.9718 -0.582916 -1.4
    endloop
  endfacet
  facet normal 0 0 -1
    outer loop
      vertex -22.6221 -0.776611 -1.4
      vertex -23.1688 -0.723022 -1.4
      vertex -23.0584 -0.661301 -1.4
    endloop
  endfacet
  facet normal 0 0 -1
    outer loop
      vertex -22.6221 -0.776611 -1.4
      vertex -23.3023 -0.767105 -1.4
      vertex -23.1688 -0.723022 -1.4
    endloop
  endfacet
  facet normal -0 0 -1
    outer loop
      vertex -22.242 -0.776611 -1.4
      vertex -25.4 -1.5 -1.4
      vertex -22.6221 -0.776611 -1.4
    endloop
  endfacet
  facet normal 0 -0 -1
    outer loop
      vertex -23.459 -0.793564 -1.4
      vertex -22.6221 -0.776611 -1.4
      vertex -25.4 -1.5 -1.4
    endloop
  endfacet
  facet normal 0 0 -1
    outer loop
      vertex -25.4 -1.5 -1.4
      vertex -12.5112 -1.09872 -1.4
      vertex 1.5 -1.5 -1.4
    endloop
  endfacet
  facet normal -0 0 -1
    outer loop
      vertex -22.6221 -0.776611 -1.4
      vertex -23.459 -0.793564 -1.4
      vertex -23.3023 -0.767105 -1.4
    endloop
  endfacet
  facet normal -0 0 -1
    outer loop
      vertex -24.4043 -0.421417 -1.4
      vertex -25.4 -1.5 -1.4
      vertex -24.4415 -0.303772 -1.4
    endloop
  endfacet
  facet normal -0 0 -1
    outer loop
      vertex -24.3494 -0.523117 -1.4
      vertex -25.4 -1.5 -1.4
      vertex -24.4043 -0.421417 -1.4
    endloop
  endfacet
  facet normal -0 0 -1
    outer loop
      vertex -24.2767 -0.608871 -1.4
      vertex -25.4 -1.5 -1.4
      vertex -24.3494 -0.523117 -1.4
    endloop
  endfacet
  facet normal -0 0 -1
    outer loop
      vertex -24.1864 -0.678696 -1.4
      vertex -25.4 -1.5 -1.4
      vertex -24.2767 -0.608871 -1.4
    endloop
  endfacet
  facet normal -0 0 -1
    outer loop
      vertex -24.0777 -0.732803 -1.4
      vertex -25.4 -1.5 -1.4
      vertex -24.1864 -0.678696 -1.4
    endloop
  endfacet
  facet normal -0 0 -1
    outer loop
      vertex -23.9503 -0.771454 -1.4
      vertex -25.4 -1.5 -1.4
      vertex -24.0777 -0.732803 -1.4
    endloop
  endfacet
  facet normal -0 0 -1
    outer loop
      vertex -23.8039 -0.794647 -1.4
      vertex -25.4 -1.5 -1.4
      vertex -23.9503 -0.771454 -1.4
    endloop
  endfacet
  facet normal -0 0 -1
    outer loop
      vertex -23.6388 -0.802383 -1.4
      vertex -25.4 -1.5 -1.4
      vertex -23.8039 -0.794647 -1.4
    endloop
  endfacet
  facet normal 0 0 -1
    outer loop
      vertex -23.459 -0.793564 -1.4
      vertex -25.4 -1.5 -1.4
      vertex -23.6388 -0.802383 -1.4
    endloop
  endfacet
  facet normal 0 0 -1
    outer loop
      vertex 1.5 -1.5 -1.4
      vertex -1.05219 1.13541 -1.4
      vertex 1.5 25.4 -1.4
    endloop
  endfacet
  facet normal 0 0 -1
    outer loop
      vertex -1.5 1.5 -1.4
      vertex -1.05219 1.13541 -1.4
      vertex -1.41425 1.13541 -1.4
    endloop
  endfacet
  facet normal 0 0 -1
    outer loop
      vertex -1.05219 1.13541 -1.4
      vertex -1.5 1.5 -1.4
      vertex 1.5 25.4 -1.4
    endloop
  endfacet
  facet normal -0 0 -1
    outer loop
      vertex 1.5 25.4 -1.4
      vertex -1.5 1.5 -1.4
      vertex -1.5 25.4 -1.4
    endloop
  endfacet
  facet normal 0 0 -1
    outer loop
      vertex -3.05748 -0.99823 -1.4
      vertex -1.41425 -0.776611 -1.4
      vertex -1.54099 -0.99823 -1.4
    endloop
  endfacet
  facet normal 0 0 -1
    outer loop
      vertex -3.04766 0.625183 -1.4
      vertex -1.41425 1.13541 -1.4
      vertex -3.04766 0.322403 -1.4
    endloop
  endfacet
  facet normal -0 0 -1
    outer loop
      vertex -1.41425 1.13541 -1.4
      vertex -3.04766 0.625183 -1.4
      vertex -1.5 1.5 -1.4
    endloop
  endfacet
  facet normal 0 0 -1
    outer loop
      vertex -3.07061 0.633636 -1.4
      vertex -1.5 1.5 -1.4
      vertex -3.04766 0.625183 -1.4
    endloop
  endfacet
  facet normal 0 0 -1
    outer loop
      vertex -3.09693 0.639679 -1.4
      vertex -1.5 1.5 -1.4
      vertex -3.07061 0.633636 -1.4
    endloop
  endfacet
  facet normal 0 0 -1
    outer loop
      vertex -3.12665 0.643295 -1.4
      vertex -1.5 1.5 -1.4
      vertex -3.09693 0.639679 -1.4
    endloop
  endfacet
  facet normal 0 0 -1
    outer loop
      vertex -3.15975 0.644516 -1.4
      vertex -1.5 1.5 -1.4
      vertex -3.12665 0.643295 -1.4
    endloop
  endfacet
  facet normal 0 0 -1
    outer loop
      vertex -3.20049 0.6427 -1.4
      vertex -1.5 1.5 -1.4
      vertex -3.15975 0.644516 -1.4
    endloop
  endfacet
  facet normal 0 0 -1
    outer loop
      vertex -3.51537 0.617447 -1.4
      vertex -3.20049 0.6427 -1.4
      vertex -3.2377 0.637268 -1.4
    endloop
  endfacet
  facet normal 0 0 -1
    outer loop
      vertex -3.51537 0.617447 -1.4
      vertex -3.2377 0.637268 -1.4
      vertex -3.27137 0.628204 -1.4
    endloop
  endfacet
  facet normal 0 0 -1
    outer loop
      vertex -3.51537 0.617447 -1.4
      vertex -3.27137 0.628204 -1.4
      vertex -3.30149 0.615509 -1.4
    endloop
  endfacet
  facet normal 0 0 -1
    outer loop
      vertex -3.49901 0.344101 -1.4
      vertex -3.49346 0.319824 -1.4
      vertex -3.49861 0.319824 -1.4
    endloop
  endfacet
  facet normal 0 0 -1
    outer loop
      vertex -3.49346 0.319824 -1.4
      vertex -3.49901 0.344101 -1.4
      vertex -3.46776 0.387833 -1.4
    endloop
  endfacet
  facet normal 0 0 -1
    outer loop
      vertex -3.50022 0.378296 -1.4
      vertex -3.46776 0.387833 -1.4
      vertex -3.49901 0.344101 -1.4
    endloop
  endfacet
  facet normal 0 0 -1
    outer loop
      vertex -3.50223 0.422379 -1.4
      vertex -3.46776 0.387833 -1.4
      vertex -3.50022 0.378296 -1.4
    endloop
  endfacet
  facet normal 0 0 -1
    outer loop
      vertex -3.46776 0.387833 -1.4
      vertex -3.50223 0.422379 -1.4
      vertex -3.44351 0.444962 -1.4
    endloop
  endfacet
  facet normal 0 0 -1
    outer loop
      vertex -3.50505 0.476379 -1.4
      vertex -3.44351 0.444962 -1.4
      vertex -3.50223 0.422379 -1.4
    endloop
  endfacet
  facet normal 0 0 -1
    outer loop
      vertex -3.44351 0.444962 -1.4
      vertex -3.50505 0.476379 -1.4
      vertex -3.42073 0.491226 -1.4
    endloop
  endfacet
  facet normal 0 0 -1
    outer loop
      vertex -3.50811 0.529404 -1.4
      vertex -3.42073 0.491226 -1.4
      vertex -3.50505 0.476379 -1.4
    endloop
  endfacet
  facet normal 0 0 -1
    outer loop
      vertex -3.42073 0.491226 -1.4
      vertex -3.50811 0.529404 -1.4
      vertex -3.39939 0.526611 -1.4
    endloop
  endfacet
  facet normal 0 0 -1
    outer loop
      vertex -3.51085 0.570602 -1.4
      vertex -3.39939 0.526611 -1.4
      vertex -3.50811 0.529404 -1.4
    endloop
  endfacet
  facet normal 0 0 -1
    outer loop
      vertex -3.39939 0.526611 -1.4
      vertex -3.51085 0.570602 -1.4
      vertex -3.37781 0.554642 -1.4
    endloop
  endfacet
  facet normal 0 0 -1
    outer loop
      vertex -3.51326 0.599945 -1.4
      vertex -3.37781 0.554642 -1.4
      vertex -3.51085 0.570602 -1.4
    endloop
  endfacet
  facet normal 0 0 -1
    outer loop
      vertex -3.51537 0.617447 -1.4
      vertex -3.37781 0.554642 -1.4
      vertex -3.51326 0.599945 -1.4
    endloop
  endfacet
  facet normal 0 0 -1
    outer loop
      vertex -3.37781 0.554642 -1.4
      vertex -3.51537 0.617447 -1.4
      vertex -3.3543 0.578796 -1.4
    endloop
  endfacet
  facet normal 0 0 -1
    outer loop
      vertex -3.3543 0.578796 -1.4
      vertex -3.51537 0.617447 -1.4
      vertex -3.32886 0.599091 -1.4
    endloop
  endfacet
  facet normal 0 0 -1
    outer loop
      vertex -3.32886 0.599091 -1.4
      vertex -3.51537 0.617447 -1.4
      vertex -3.30149 0.615509 -1.4
    endloop
  endfacet
  facet normal -0 0 -1
    outer loop
      vertex -3.20049 0.6427 -1.4
      vertex -3.51537 0.617447 -1.4
      vertex -1.5 1.5 -1.4
    endloop
  endfacet
  facet normal 0 0 -1
    outer loop
      vertex -3.86066 0.617447 -1.4
      vertex -1.5 1.5 -1.4
      vertex -3.51537 0.617447 -1.4
    endloop
  endfacet
  facet normal 0 0 -1
    outer loop
      vertex -4.24895 0.444153 -1.4
      vertex -3.85358 0.481522 -1.4
      vertex -4.17961 0.333069 -1.4
    endloop
  endfacet
  facet normal -0 0 -1
    outer loop
      vertex -3.85358 0.481522 -1.4
      vertex -4.24895 0.444153 -1.4
      vertex -3.85523 0.518768 -1.4
    endloop
  endfacet
  facet normal -0 0 -1
    outer loop
      vertex -3.85523 0.518768 -1.4
      vertex -4.24895 0.444153 -1.4
      vertex -3.85695 0.553848 -1.4
    endloop
  endfacet
  facet normal -0 0 -1
    outer loop
      vertex -3.85695 0.553848 -1.4
      vertex -4.24895 0.444153 -1.4
      vertex -3.85877 0.586731 -1.4
    endloop
  endfacet
  facet normal -0 0 -1
    outer loop
      vertex -3.85877 0.586731 -1.4
      vertex -4.24895 0.444153 -1.4
      vertex -3.86066 0.617447 -1.4
    endloop
  endfacet
  facet normal 0 0 -1
    outer loop
      vertex -4.33704 0.53125 -1.4
      vertex -3.86066 0.617447 -1.4
      vertex -4.24895 0.444153 -1.4
    endloop
  endfacet
  facet normal 0 0 -1
    outer loop
      vertex -4.44286 0.59346 -1.4
      vertex -3.86066 0.617447 -1.4
      vertex -4.33704 0.53125 -1.4
    endloop
  endfacet
  facet normal 0 0 -1
    outer loop
      vertex -4.56639 0.630783 -1.4
      vertex -3.86066 0.617447 -1.4
      vertex -4.44286 0.59346 -1.4
    endloop
  endfacet
  facet normal 0 0 -1
    outer loop
      vertex -3.86066 0.617447 -1.4
      vertex -4.56639 0.630783 -1.4
      vertex -1.5 1.5 -1.4
    endloop
  endfacet
  facet normal 0 0 -1
    outer loop
      vertex -4.70764 0.643219 -1.4
      vertex -1.5 1.5 -1.4
      vertex -4.56639 0.630783 -1.4
    endloop
  endfacet
  facet normal 0 0 -1
    outer loop
      vertex -6.05246 0.644516 -1.4
      vertex -4.70764 0.643219 -1.4
      vertex -4.8559 0.631622 -1.4
    endloop
  endfacet
  facet normal 0 0 -1
    outer loop
      vertex -5.35419 -0.240906 -1.4
      vertex -5.59378 0.108521 -1.4
      vertex -5.36475 -0.0731201 -1.4
    endloop
  endfacet
  facet normal 0 0 -1
    outer loop
      vertex -5.36475 -0.0731201 -1.4
      vertex -5.59378 0.108521 -1.4
      vertex -5.35404 0.0895233 -1.4
    endloop
  endfacet
  facet normal 0 0 -1
    outer loop
      vertex -5.60118 0.232056 -1.4
      vertex -5.35404 0.0895233 -1.4
      vertex -5.59378 0.108521 -1.4
    endloop
  endfacet
  facet normal 0 0 -1
    outer loop
      vertex -5.35404 0.0895233 -1.4
      vertex -5.60118 0.232056 -1.4
      vertex -5.3219 0.232208 -1.4
    endloop
  endfacet
  facet normal 0 0 -1
    outer loop
      vertex -5.62342 0.339798 -1.4
      vertex -5.3219 0.232208 -1.4
      vertex -5.60118 0.232056 -1.4
    endloop
  endfacet
  facet normal 0 0 -1
    outer loop
      vertex -5.3219 0.232208 -1.4
      vertex -5.62342 0.339798 -1.4
      vertex -5.26834 0.354935 -1.4
    endloop
  endfacet
  facet normal 0 0 -1
    outer loop
      vertex -5.66046 0.431763 -1.4
      vertex -5.26834 0.354935 -1.4
      vertex -5.62342 0.339798 -1.4
    endloop
  endfacet
  facet normal 0 0 -1
    outer loop
      vertex -5.26834 0.354935 -1.4
      vertex -5.66046 0.431763 -1.4
      vertex -5.19338 0.457687 -1.4
    endloop
  endfacet
  facet normal 0 0 -1
    outer loop
      vertex -5.71231 0.507935 -1.4
      vertex -5.19338 0.457687 -1.4
      vertex -5.66046 0.431763 -1.4
    endloop
  endfacet
  facet normal 0 0 -1
    outer loop
      vertex -5.19338 0.457687 -1.4
      vertex -5.71231 0.507935 -1.4
      vertex -5.09876 0.538849 -1.4
    endloop
  endfacet
  facet normal 0 0 -1
    outer loop
      vertex -5.77802 0.567688 -1.4
      vertex -5.09876 0.538849 -1.4
      vertex -5.71231 0.507935 -1.4
    endloop
  endfacet
  facet normal 0 0 -1
    outer loop
      vertex -5.09876 0.538849 -1.4
      vertex -5.77802 0.567688 -1.4
      vertex -4.98627 0.596832 -1.4
    endloop
  endfacet
  facet normal 0 0 -1
    outer loop
      vertex -5.85662 0.610367 -1.4
      vertex -4.98627 0.596832 -1.4
      vertex -5.77802 0.567688 -1.4
    endloop
  endfacet
  facet normal 0 0 -1
    outer loop
      vertex -4.98627 0.596832 -1.4
      vertex -5.85662 0.610367 -1.4
      vertex -4.8559 0.631622 -1.4
    endloop
  endfacet
  facet normal 0 0 -1
    outer loop
      vertex -5.94809 0.635971 -1.4
      vertex -4.8559 0.631622 -1.4
      vertex -5.85662 0.610367 -1.4
    endloop
  endfacet
  facet normal 0 0 -1
    outer loop
      vertex -6.05246 0.644516 -1.4
      vertex -4.8559 0.631622 -1.4
      vertex -5.94809 0.635971 -1.4
    endloop
  endfacet
  facet normal 0 0 -1
    outer loop
      vertex -4.70764 0.643219 -1.4
      vertex -6.05246 0.644516 -1.4
      vertex -1.5 1.5 -1.4
    endloop
  endfacet
  facet normal 0 0 -1
    outer loop
      vertex -7.1369 0.643295 -1.4
      vertex -6.05246 0.644516 -1.4
      vertex -6.12647 0.639999 -1.4
    endloop
  endfacet
  facet normal 0 0 -1
    outer loop
      vertex -6.5064 0.364563 -1.4
      vertex -6.50084 0.340439 -1.4
      vertex -6.50598 0.340439 -1.4
    endloop
  endfacet
  facet normal 0 0 -1
    outer loop
      vertex -6.50084 0.340439 -1.4
      vertex -6.5064 0.364563 -1.4
      vertex -6.46178 0.414841 -1.4
    endloop
  endfacet
  facet normal 0 0 -1
    outer loop
      vertex -6.5076 0.396973 -1.4
      vertex -6.46178 0.414841 -1.4
      vertex -6.5064 0.364563 -1.4
    endloop
  endfacet
  facet normal 0 0 -1
    outer loop
      vertex -6.50962 0.437683 -1.4
      vertex -6.46178 0.414841 -1.4
      vertex -6.5076 0.396973 -1.4
    endloop
  endfacet
  facet normal 0 0 -1
    outer loop
      vertex -6.51242 0.486679 -1.4
      vertex -6.46178 0.414841 -1.4
      vertex -6.50962 0.437683 -1.4
    endloop
  endfacet
  facet normal 0 0 -1
    outer loop
      vertex -6.46178 0.414841 -1.4
      vertex -6.51242 0.486679 -1.4
      vertex -6.41805 0.478302 -1.4
    endloop
  endfacet
  facet normal 0 0 -1
    outer loop
      vertex -6.51549 0.534714 -1.4
      vertex -6.41805 0.478302 -1.4
      vertex -6.51242 0.486679 -1.4
    endloop
  endfacet
  facet normal 0 0 -1
    outer loop
      vertex -6.41805 0.478302 -1.4
      vertex -6.51549 0.534714 -1.4
      vertex -6.36966 0.530807 -1.4
    endloop
  endfacet
  facet normal 0 0 -1
    outer loop
      vertex -6.51822 0.572525 -1.4
      vertex -6.36966 0.530807 -1.4
      vertex -6.51549 0.534714 -1.4
    endloop
  endfacet
  facet normal 0 0 -1
    outer loop
      vertex -6.52065 0.600098 -1.4
      vertex -6.36966 0.530807 -1.4
      vertex -6.51822 0.572525 -1.4
    endloop
  endfacet
  facet normal 0 0 -1
    outer loop
      vertex -6.52275 0.617447 -1.4
      vertex -6.36966 0.530807 -1.4
      vertex -6.52065 0.600098 -1.4
    endloop
  endfacet
  facet normal 0 0 -1
    outer loop
      vertex -6.36966 0.530807 -1.4
      vertex -6.52275 0.617447 -1.4
      vertex -6.31659 0.572342 -1.4
    endloop
  endfacet
  facet normal 0 0 -1
    outer loop
      vertex -6.31659 0.572342 -1.4
      vertex -6.52275 0.617447 -1.4
      vertex -6.25853 0.603912 -1.4
    endloop
  endfacet
  facet normal 0 0 -1
    outer loop
      vertex -6.25853 0.603912 -1.4
      vertex -6.52275 0.617447 -1.4
      vertex -6.19516 0.626465 -1.4
    endloop
  endfacet
  facet normal -0 0 -1
    outer loop
      vertex -6.19516 0.626465 -1.4
      vertex -6.52275 0.617447 -1.4
      vertex -6.12647 0.639999 -1.4
    endloop
  endfacet
  facet normal 0 0 -1
    outer loop
      vertex -7.1369 0.643295 -1.4
      vertex -6.12647 0.639999 -1.4
      vertex -6.52275 0.617447 -1.4
    endloop
  endfacet
  facet normal 0 0 -1
    outer loop
      vertex -7.1072 0.639679 -1.4
      vertex -6.52275 0.617447 -1.4
      vertex -6.86803 0.617447 -1.4
    endloop
  endfacet
  facet normal 0 0 -1
    outer loop
      vertex -6.86614 0.588181 -1.4
      vertex -7.05793 0.625183 -1.4
      vertex -6.86803 0.617447 -1.4
    endloop
  endfacet
  facet normal 0 0 -1
    outer loop
      vertex -7.08086 0.633636 -1.4
      vertex -6.86803 0.617447 -1.4
      vertex -7.05793 0.625183 -1.4
    endloop
  endfacet
  facet normal 0 0 -1
    outer loop
      vertex -7.1072 0.639679 -1.4
      vertex -6.86803 0.617447 -1.4
      vertex -7.08086 0.633636 -1.4
    endloop
  endfacet
  facet normal 0 0 -1
    outer loop
      vertex -6.52275 0.617447 -1.4
      vertex -7.1072 0.639679 -1.4
      vertex -7.1369 0.643295 -1.4
    endloop
  endfacet
  facet normal -0 0 -1
    outer loop
      vertex -6.05246 0.644516 -1.4
      vertex -7.1369 0.643295 -1.4
      vertex -1.5 1.5 -1.4
    endloop
  endfacet
  facet normal 0 0 -1
    outer loop
      vertex -7.17 0.644516 -1.4
      vertex -1.5 1.5 -1.4
      vertex -7.1369 0.643295 -1.4
    endloop
  endfacet
  facet normal 0 0 -1
    outer loop
      vertex -12.6551 1.13541 -1.4
      vertex -7.17 0.644516 -1.4
      vertex -7.21076 0.6427 -1.4
    endloop
  endfacet
  facet normal 0 0 -1
    outer loop
      vertex -7.52562 0.617447 -1.4
      vertex -7.21076 0.6427 -1.4
      vertex -7.24796 0.637268 -1.4
    endloop
  endfacet
  facet normal 0 0 -1
    outer loop
      vertex -7.50926 0.344101 -1.4
      vertex -7.50373 0.319824 -1.4
      vertex -7.50887 0.319824 -1.4
    endloop
  endfacet
  facet normal 0 0 -1
    outer loop
      vertex -7.50373 0.319824 -1.4
      vertex -7.50926 0.344101 -1.4
      vertex -7.47803 0.387833 -1.4
    endloop
  endfacet
  facet normal 0 0 -1
    outer loop
      vertex -7.51049 0.378296 -1.4
      vertex -7.47803 0.387833 -1.4
      vertex -7.50926 0.344101 -1.4
    endloop
  endfacet
  facet normal 0 0 -1
    outer loop
      vertex -7.51248 0.422379 -1.4
      vertex -7.47803 0.387833 -1.4
      vertex -7.51049 0.378296 -1.4
    endloop
  endfacet
  facet normal 0 0 -1
    outer loop
      vertex -7.47803 0.387833 -1.4
      vertex -7.51248 0.422379 -1.4
      vertex -7.45378 0.444962 -1.4
    endloop
  endfacet
  facet normal 0 0 -1
    outer loop
      vertex -7.51531 0.476379 -1.4
      vertex -7.45378 0.444962 -1.4
      vertex -7.51248 0.422379 -1.4
    endloop
  endfacet
  facet normal 0 0 -1
    outer loop
      vertex -7.45378 0.444962 -1.4
      vertex -7.51531 0.476379 -1.4
      vertex -7.43099 0.491226 -1.4
    endloop
  endfacet
  facet normal 0 0 -1
    outer loop
      vertex -7.51837 0.529404 -1.4
      vertex -7.43099 0.491226 -1.4
      vertex -7.51531 0.476379 -1.4
    endloop
  endfacet
  facet normal 0 0 -1
    outer loop
      vertex -7.43099 0.491226 -1.4
      vertex -7.51837 0.529404 -1.4
      vertex -7.40966 0.526611 -1.4
    endloop
  endfacet
  facet normal 0 0 -1
    outer loop
      vertex -7.52111 0.570602 -1.4
      vertex -7.40966 0.526611 -1.4
      vertex -7.51837 0.529404 -1.4
    endloop
  endfacet
  facet normal 0 0 -1
    outer loop
      vertex -7.40966 0.526611 -1.4
      vertex -7.52111 0.570602 -1.4
      vertex -7.38806 0.554642 -1.4
    endloop
  endfacet
  facet normal 0 0 -1
    outer loop
      vertex -7.52353 0.599945 -1.4
      vertex -7.38806 0.554642 -1.4
      vertex -7.52111 0.570602 -1.4
    endloop
  endfacet
  facet normal 0 0 -1
    outer loop
      vertex -7.52562 0.617447 -1.4
      vertex -7.38806 0.554642 -1.4
      vertex -7.52353 0.599945 -1.4
    endloop
  endfacet
  facet normal 0 0 -1
    outer loop
      vertex -7.38806 0.554642 -1.4
      vertex -7.52562 0.617447 -1.4
      vertex -7.36457 0.578796 -1.4
    endloop
  endfacet
  facet normal 0 0 -1
    outer loop
      vertex -7.36457 0.578796 -1.4
      vertex -7.52562 0.617447 -1.4
      vertex -7.33911 0.599091 -1.4
    endloop
  endfacet
  facet normal 0 0 -1
    outer loop
      vertex -7.33911 0.599091 -1.4
      vertex -7.52562 0.617447 -1.4
      vertex -7.31174 0.615509 -1.4
    endloop
  endfacet
  facet normal 0 0 -1
    outer loop
      vertex -7.31174 0.615509 -1.4
      vertex -7.52562 0.617447 -1.4
      vertex -7.28162 0.628204 -1.4
    endloop
  endfacet
  facet normal -0 0 -1
    outer loop
      vertex -7.28162 0.628204 -1.4
      vertex -7.52562 0.617447 -1.4
      vertex -7.24796 0.637268 -1.4
    endloop
  endfacet
  facet normal 0 0 -1
    outer loop
      vertex -7.21076 0.6427 -1.4
      vertex -7.52562 0.617447 -1.4
      vertex -7.87091 0.617447 -1.4
    endloop
  endfacet
  facet normal -0 0 -1
    outer loop
      vertex -7.21076 0.6427 -1.4
      vertex -7.87091 0.617447 -1.4
      vertex -8.81118 0.643219 -1.4
    endloop
  endfacet
  facet normal -0 0 -1
    outer loop
      vertex -7.8655 0.518768 -1.4
      vertex -8.21137 0.353775 -1.4
      vertex -7.86722 0.553848 -1.4
    endloop
  endfacet
  facet normal 0 0 -1
    outer loop
      vertex -8.29001 0.457031 -1.4
      vertex -7.86722 0.553848 -1.4
      vertex -8.21137 0.353775 -1.4
    endloop
  endfacet
  facet normal -0 0 -1
    outer loop
      vertex -7.86722 0.553848 -1.4
      vertex -8.29001 0.457031 -1.4
      vertex -7.86902 0.586731 -1.4
    endloop
  endfacet
  facet normal -0 0 -1
    outer loop
      vertex -7.86902 0.586731 -1.4
      vertex -8.29001 0.457031 -1.4
      vertex -7.87091 0.617447 -1.4
    endloop
  endfacet
  facet normal 0 0 -1
    outer loop
      vertex -8.38997 0.538498 -1.4
      vertex -7.87091 0.617447 -1.4
      vertex -8.29001 0.457031 -1.4
    endloop
  endfacet
  facet normal 0 0 -1
    outer loop
      vertex -8.51017 0.59668 -1.4
      vertex -7.87091 0.617447 -1.4
      vertex -8.38997 0.538498 -1.4
    endloop
  endfacet
  facet normal 0 0 -1
    outer loop
      vertex -8.65056 0.631577 -1.4
      vertex -7.87091 0.617447 -1.4
      vertex -8.51017 0.59668 -1.4
    endloop
  endfacet
  facet normal 0 0 -1
    outer loop
      vertex -8.81118 0.643219 -1.4
      vertex -7.87091 0.617447 -1.4
      vertex -8.65056 0.631577 -1.4
    endloop
  endfacet
  facet normal 0 0 -1
    outer loop
      vertex -12.6551 1.13541 -1.4
      vertex -7.21076 0.6427 -1.4
      vertex -8.81118 0.643219 -1.4
    endloop
  endfacet
  facet normal 0 0 -1
    outer loop
      vertex -12.6551 1.13541 -1.4
      vertex -8.81118 0.643219 -1.4
      vertex -8.96877 0.63118 -1.4
    endloop
  endfacet
  facet normal 0 0 -1
    outer loop
      vertex -9.67232 0.178101 -1.4
      vertex -9.51595 -0.0782928 -1.4
      vertex -9.66201 -0.312775 -1.4
    endloop
  endfacet
  facet normal 0 0 -1
    outer loop
      vertex -9.51595 -0.0782928 -1.4
      vertex -9.67232 0.178101 -1.4
      vertex -9.50435 0.0808563 -1.4
    endloop
  endfacet
  facet normal 0 0 -1
    outer loop
      vertex -9.50435 0.0808563 -1.4
      vertex -9.67232 0.178101 -1.4
      vertex -9.46956 0.222061 -1.4
    endloop
  endfacet
  facet normal 0 0 -1
    outer loop
      vertex -9.70043 0.281097 -1.4
      vertex -9.46956 0.222061 -1.4
      vertex -9.67232 0.178101 -1.4
    endloop
  endfacet
  facet normal 0 0 -1
    outer loop
      vertex -9.46956 0.222061 -1.4
      vertex -9.70043 0.281097 -1.4
      vertex -9.41158 0.345306 -1.4
    endloop
  endfacet
  facet normal 0 0 -1
    outer loop
      vertex -9.74352 0.37233 -1.4
      vertex -9.41158 0.345306 -1.4
      vertex -9.70043 0.281097 -1.4
    endloop
  endfacet
  facet normal 0 0 -1
    outer loop
      vertex -9.41158 0.345306 -1.4
      vertex -9.74352 0.37233 -1.4
      vertex -9.33042 0.450592 -1.4
    endloop
  endfacet
  facet normal 0 0 -1
    outer loop
      vertex -9.80158 0.451813 -1.4
      vertex -9.33042 0.450592 -1.4
      vertex -9.74352 0.37233 -1.4
    endloop
  endfacet
  facet normal 0 0 -1
    outer loop
      vertex -9.87462 0.519531 -1.4
      vertex -9.33042 0.450592 -1.4
      vertex -9.80158 0.451813 -1.4
    endloop
  endfacet
  facet normal 0 0 -1
    outer loop
      vertex -9.33042 0.450592 -1.4
      vertex -9.87462 0.519531 -1.4
      vertex -9.22838 0.534866 -1.4
    endloop
  endfacet
  facet normal 0 0 -1
    outer loop
      vertex -9.96045 0.573639 -1.4
      vertex -9.22838 0.534866 -1.4
      vertex -9.87462 0.519531 -1.4
    endloop
  endfacet
  facet normal 0 0 -1
    outer loop
      vertex -9.22838 0.534866 -1.4
      vertex -9.96045 0.573639 -1.4
      vertex -9.10784 0.595062 -1.4
    endloop
  endfacet
  facet normal 0 0 -1
    outer loop
      vertex -10.0569 0.612289 -1.4
      vertex -9.10784 0.595062 -1.4
      vertex -9.96045 0.573639 -1.4
    endloop
  endfacet
  facet normal 0 0 -1
    outer loop
      vertex -9.10784 0.595062 -1.4
      vertex -10.0569 0.612289 -1.4
      vertex -8.96877 0.63118 -1.4
    endloop
  endfacet
  facet normal 0 0 -1
    outer loop
      vertex -10.164 0.635483 -1.4
      vertex -8.96877 0.63118 -1.4
      vertex -10.0569 0.612289 -1.4
    endloop
  endfacet
  facet normal 0 0 -1
    outer loop
      vertex -12.6551 1.13541 -1.4
      vertex -8.96877 0.63118 -1.4
      vertex -10.164 0.635483 -1.4
    endloop
  endfacet
  facet normal 0 0 -1
    outer loop
      vertex -12.6551 1.13541 -1.4
      vertex -10.164 0.635483 -1.4
      vertex -10.2818 0.643219 -1.4
    endloop
  endfacet
  facet normal 0 0 -1
    outer loop
      vertex -12.6551 1.13541 -1.4
      vertex -10.2818 0.643219 -1.4
      vertex -10.4324 0.63118 -1.4
    endloop
  endfacet
  facet normal -0 0 -1
    outer loop
      vertex -10.906 -0.387665 -1.4
      vertex -12.5112 -0.99823 -1.4
      vertex -10.9384 -0.24678 -1.4
    endloop
  endfacet
  facet normal 0 0 -1
    outer loop
      vertex -12.6551 -0.776611 -1.4
      vertex -10.9384 -0.24678 -1.4
      vertex -12.5112 -0.99823 -1.4
    endloop
  endfacet
  facet normal -0 0 -1
    outer loop
      vertex -10.9384 -0.24678 -1.4
      vertex -12.6551 -0.776611 -1.4
      vertex -10.9492 -0.0872955 -1.4
    endloop
  endfacet
  facet normal -0 0 -1
    outer loop
      vertex -10.9492 -0.0872955 -1.4
      vertex -12.6551 -0.776611 -1.4
      vertex -10.9383 0.0757904 -1.4
    endloop
  endfacet
  facet normal 0 0 -1
    outer loop
      vertex -12.6551 1.13541 -1.4
      vertex -10.9383 0.0757904 -1.4
      vertex -12.6551 -0.776611 -1.4
    endloop
  endfacet
  facet normal 0 0 -1
    outer loop
      vertex -10.9383 0.0757904 -1.4
      vertex -12.6551 1.13541 -1.4
      vertex -10.9057 0.219803 -1.4
    endloop
  endfacet
  facet normal 0 0 -1
    outer loop
      vertex -10.9057 0.219803 -1.4
      vertex -12.6551 1.13541 -1.4
      vertex -10.8513 0.344742 -1.4
    endloop
  endfacet
  facet normal 0 0 -1
    outer loop
      vertex -10.8513 0.344742 -1.4
      vertex -12.6551 1.13541 -1.4
      vertex -10.7752 0.450592 -1.4
    endloop
  endfacet
  facet normal 0 0 -1
    outer loop
      vertex -10.7752 0.450592 -1.4
      vertex -12.6551 1.13541 -1.4
      vertex -10.6792 0.534866 -1.4
    endloop
  endfacet
  facet normal 0 0 -1
    outer loop
      vertex -12.6551 1.13541 -1.4
      vertex -10.5649 0.595062 -1.4
      vertex -10.6792 0.534866 -1.4
    endloop
  endfacet
  facet normal 0 0 -1
    outer loop
      vertex -12.6551 1.13541 -1.4
      vertex -10.4324 0.63118 -1.4
      vertex -10.5649 0.595062 -1.4
    endloop
  endfacet
  facet normal 0 0 -1
    outer loop
      vertex -7.17 0.644516 -1.4
      vertex -12.6551 1.13541 -1.4
      vertex -1.5 1.5 -1.4
    endloop
  endfacet
  facet normal 0 0 -1
    outer loop
      vertex -13.0172 1.13541 -1.4
      vertex -1.5 1.5 -1.4
      vertex -12.6551 1.13541 -1.4
    endloop
  endfacet
  facet normal 0 0 -1
    outer loop
      vertex -13.3711 1.13541 -1.4
      vertex -13.0172 1.13541 -1.4
      vertex -13.3711 -0.776611 -1.4
    endloop
  endfacet
  facet normal 0 0 -1
    outer loop
      vertex -13.3711 1.13541 -1.4
      vertex -1.5 1.5 -1.4
      vertex -13.0172 1.13541 -1.4
    endloop
  endfacet
  facet normal 0 0 -1
    outer loop
      vertex -13.7332 1.13541 -1.4
      vertex -1.5 1.5 -1.4
      vertex -13.3711 1.13541 -1.4
    endloop
  endfacet
  facet normal 0 0 -1
    outer loop
      vertex -13.7332 -0.776611 -1.4
      vertex -13.8664 -0.562729 -1.4
      vertex -13.7332 1.13541 -1.4
    endloop
  endfacet
  facet normal 0 0 -1
    outer loop
      vertex -14.0593 -0.418396 -1.4
      vertex -13.8664 -0.562729 -1.4
      vertex -13.8859 -0.566116 -1.4
    endloop
  endfacet
  facet normal 0 0 -1
    outer loop
      vertex -14.0593 -0.418396 -1.4
      vertex -13.8859 -0.566116 -1.4
      vertex -13.9057 -0.568527 -1.4
    endloop
  endfacet
  facet normal 0 0 -1
    outer loop
      vertex -14.0543 -0.463364 -1.4
      vertex -13.9057 -0.568527 -1.4
      vertex -13.9258 -0.569977 -1.4
    endloop
  endfacet
  facet normal 0 0 -1
    outer loop
      vertex -14.0543 -0.463364 -1.4
      vertex -13.9258 -0.569977 -1.4
      vertex -13.9462 -0.570465 -1.4
    endloop
  endfacet
  facet normal 0 0 -1
    outer loop
      vertex -14.0461 -0.499252 -1.4
      vertex -13.9462 -0.570465 -1.4
      vertex -13.9749 -0.567688 -1.4
    endloop
  endfacet
  facet normal 0 0 -1
    outer loop
      vertex -14.0345 -0.526031 -1.4
      vertex -13.9749 -0.567688 -1.4
      vertex -13.9992 -0.559357 -1.4
    endloop
  endfacet
  facet normal 0 0 -1
    outer loop
      vertex -14.0345 -0.526031 -1.4
      vertex -13.9992 -0.559357 -1.4
      vertex -14.0191 -0.545471 -1.4
    endloop
  endfacet
  facet normal 0 0 -1
    outer loop
      vertex -13.9749 -0.567688 -1.4
      vertex -14.0345 -0.526031 -1.4
      vertex -14.0461 -0.499252 -1.4
    endloop
  endfacet
  facet normal 0 0 -1
    outer loop
      vertex -13.9462 -0.570465 -1.4
      vertex -14.0461 -0.499252 -1.4
      vertex -14.0543 -0.463364 -1.4
    endloop
  endfacet
  facet normal 0 0 -1
    outer loop
      vertex -13.9057 -0.568527 -1.4
      vertex -14.0543 -0.463364 -1.4
      vertex -14.0593 -0.418396 -1.4
    endloop
  endfacet
  facet normal 0 0 -1
    outer loop
      vertex -13.8664 -0.562729 -1.4
      vertex -14.0593 -0.418396 -1.4
      vertex -14.0609 -0.364319 -1.4
    endloop
  endfacet
  facet normal 0 0 -1
    outer loop
      vertex -13.8664 -0.562729 -1.4
      vertex -14.0609 -0.364319 -1.4
      vertex -14.0609 0.143311 -1.4
    endloop
  endfacet
  facet normal 0 0 -1
    outer loop
      vertex -13.8664 -0.562729 -1.4
      vertex -14.0609 0.143311 -1.4
      vertex -13.7332 1.13541 -1.4
    endloop
  endfacet
  facet normal 0 0 -1
    outer loop
      vertex -14.0699 0.256287 -1.4
      vertex -13.7332 1.13541 -1.4
      vertex -14.0609 0.143311 -1.4
    endloop
  endfacet
  facet normal 0 0 -1
    outer loop
      vertex -14.0967 0.355576 -1.4
      vertex -13.7332 1.13541 -1.4
      vertex -14.0699 0.256287 -1.4
    endloop
  endfacet
  facet normal 0 0 -1
    outer loop
      vertex -14.1414 0.441177 -1.4
      vertex -13.7332 1.13541 -1.4
      vertex -14.0967 0.355576 -1.4
    endloop
  endfacet
  facet normal 0 0 -1
    outer loop
      vertex -14.2039 0.513092 -1.4
      vertex -13.7332 1.13541 -1.4
      vertex -14.1414 0.441177 -1.4
    endloop
  endfacet
  facet normal 0 0 -1
    outer loop
      vertex -14.283 0.570023 -1.4
      vertex -13.7332 1.13541 -1.4
      vertex -14.2039 0.513092 -1.4
    endloop
  endfacet
  facet normal 0 0 -1
    outer loop
      vertex -14.3772 0.610687 -1.4
      vertex -13.7332 1.13541 -1.4
      vertex -14.283 0.570023 -1.4
    endloop
  endfacet
  facet normal 0 0 -1
    outer loop
      vertex -14.4866 0.635086 -1.4
      vertex -13.7332 1.13541 -1.4
      vertex -14.3772 0.610687 -1.4
    endloop
  endfacet
  facet normal 0 0 -1
    outer loop
      vertex -14.6111 0.643219 -1.4
      vertex -13.7332 1.13541 -1.4
      vertex -14.4866 0.635086 -1.4
    endloop
  endfacet
  facet normal 0 0 -1
    outer loop
      vertex -14.735 0.636658 -1.4
      vertex -13.7332 1.13541 -1.4
      vertex -14.6111 0.643219 -1.4
    endloop
  endfacet
  facet normal 0 0 -1
    outer loop
      vertex -15.2975 0.617447 -1.4
      vertex -14.735 0.636658 -1.4
      vertex -14.8451 0.616959 -1.4
    endloop
  endfacet
  facet normal 0 0 -1
    outer loop
      vertex -15.2975 0.617447 -1.4
      vertex -14.8451 0.616959 -1.4
      vertex -14.9415 0.584152 -1.4
    endloop
  endfacet
  facet normal 0 0 -1
    outer loop
      vertex -15.6634 -0.776611 -1.4
      vertex -15.2381 -0.191666 -1.4
      vertex -15.2645 -0.280563 -1.4
    endloop
  endfacet
  facet normal 0 0 -1
    outer loop
      vertex -15.6634 -0.776611 -1.4
      vertex -15.2645 -0.280563 -1.4
      vertex -15.2733 -0.382355 -1.4
    endloop
  endfacet
  facet normal -0 0 -1
    outer loop
      vertex -15.2381 -0.191666 -1.4
      vertex -15.6634 -0.776611 -1.4
      vertex -15.2102 0.229645 -1.4
    endloop
  endfacet
  facet normal 0 0 -1
    outer loop
      vertex -15.2975 0.617447 -1.4
      vertex -15.1855 0.325272 -1.4
      vertex -15.2102 0.229645 -1.4
    endloop
  endfacet
  facet normal 0 0 -1
    outer loop
      vertex -15.2975 0.617447 -1.4
      vertex -15.1463 0.408569 -1.4
      vertex -15.1855 0.325272 -1.4
    endloop
  endfacet
  facet normal 0 0 -1
    outer loop
      vertex -15.2975 0.617447 -1.4
      vertex -15.0924 0.479553 -1.4
      vertex -15.1463 0.408569 -1.4
    endloop
  endfacet
  facet normal 0 0 -1
    outer loop
      vertex -15.2975 0.617447 -1.4
      vertex -15.024 0.538208 -1.4
      vertex -15.0924 0.479553 -1.4
    endloop
  endfacet
  facet normal 0 0 -1
    outer loop
      vertex -15.2975 0.617447 -1.4
      vertex -14.9415 0.584152 -1.4
      vertex -15.024 0.538208 -1.4
    endloop
  endfacet
  facet normal -0 0 -1
    outer loop
      vertex -14.735 0.636658 -1.4
      vertex -15.2975 0.617447 -1.4
      vertex -13.7332 1.13541 -1.4
    endloop
  endfacet
  facet normal 0 0 -1
    outer loop
      vertex -15.6325 0.617447 -1.4
      vertex -13.7332 1.13541 -1.4
      vertex -15.2975 0.617447 -1.4
    endloop
  endfacet
  facet normal 0 0 -1
    outer loop
      vertex -15.8859 -0.365524 -1.4
      vertex -15.8335 -0.278 -1.4
      vertex -15.8696 -0.448074 -1.4
    endloop
  endfacet
  facet normal 0 0 -1
    outer loop
      vertex -15.9002 -0.296997 -1.4
      vertex -15.8335 -0.278 -1.4
      vertex -15.8859 -0.365524 -1.4
    endloop
  endfacet
  facet normal 0 0 -1
    outer loop
      vertex -15.9123 -0.242477 -1.4
      vertex -15.8335 -0.278 -1.4
      vertex -15.9002 -0.296997 -1.4
    endloop
  endfacet
  facet normal 0 0 -1
    outer loop
      vertex -15.9224 -0.201981 -1.4
      vertex -15.8335 -0.278 -1.4
      vertex -15.9123 -0.242477 -1.4
    endloop
  endfacet
  facet normal 0 0 -1
    outer loop
      vertex -15.8335 -0.278 -1.4
      vertex -15.9224 -0.201981 -1.4
      vertex -15.6325 0.617447 -1.4
    endloop
  endfacet
  facet normal 0 0 -1
    outer loop
      vertex -16.1363 0.617447 -1.4
      vertex -15.6325 0.617447 -1.4
      vertex -15.9224 -0.201981 -1.4
    endloop
  endfacet
  facet normal 0 0 -1
    outer loop
      vertex -16.1363 0.617447 -1.4
      vertex -13.7332 1.13541 -1.4
      vertex -15.6325 0.617447 -1.4
    endloop
  endfacet
  facet normal 0 0 -1
    outer loop
      vertex -18.5193 1.03233 -1.4
      vertex -16.1363 0.617447 -1.4
      vertex -16.5241 0.617447 -1.4
    endloop
  endfacet
  facet normal 0 0 -1
    outer loop
      vertex -17.0227 0.617447 -1.4
      vertex -16.7753 -0.352722 -1.4
      vertex -16.7934 -0.448074 -1.4
    endloop
  endfacet
  facet normal 0 0 -1
    outer loop
      vertex -17.0227 0.617447 -1.4
      vertex -16.7431 -0.201981 -1.4
      vertex -16.7753 -0.352722 -1.4
    endloop
  endfacet
  facet normal 0 0 -1
    outer loop
      vertex -17.0227 0.617447 -1.4
      vertex -16.5241 0.617447 -1.4
      vertex -16.7431 -0.201981 -1.4
    endloop
  endfacet
  facet normal 0 0 -1
    outer loop
      vertex -18.4151 0.990463 -1.4
      vertex -16.5241 0.617447 -1.4
      vertex -17.0227 0.617447 -1.4
    endloop
  endfacet
  facet normal 0 0 -1
    outer loop
      vertex -18.4151 0.990463 -1.4
      vertex -17.0227 0.617447 -1.4
      vertex -17.3629 0.617447 -1.4
    endloop
  endfacet
  facet normal 0 0 -1
    outer loop
      vertex -17.0021 -0.776611 -1.4
      vertex -18.1425 -0.478989 -1.4
      vertex -17.3629 0.617447 -1.4
    endloop
  endfacet
  facet normal 0 0 -1
    outer loop
      vertex -18.2211 0.324982 -1.4
      vertex -17.3629 0.617447 -1.4
      vertex -18.1425 -0.478989 -1.4
    endloop
  endfacet
  facet normal 0 0 -1
    outer loop
      vertex -18.1806 0.669952 -1.4
      vertex -17.3629 0.617447 -1.4
      vertex -18.1708 0.555603 -1.4
    endloop
  endfacet
  facet normal 0 0 -1
    outer loop
      vertex -18.2101 0.770782 -1.4
      vertex -17.3629 0.617447 -1.4
      vertex -18.1806 0.669952 -1.4
    endloop
  endfacet
  facet normal 0 0 -1
    outer loop
      vertex -18.2592 0.858063 -1.4
      vertex -17.3629 0.617447 -1.4
      vertex -18.2101 0.770782 -1.4
    endloop
  endfacet
  facet normal 0 0 -1
    outer loop
      vertex -18.328 0.931824 -1.4
      vertex -17.3629 0.617447 -1.4
      vertex -18.2592 0.858063 -1.4
    endloop
  endfacet
  facet normal 0 0 -1
    outer loop
      vertex -18.4151 0.990463 -1.4
      vertex -17.3629 0.617447 -1.4
      vertex -18.328 0.931824 -1.4
    endloop
  endfacet
  facet normal 0 0 -1
    outer loop
      vertex -18.5193 1.03233 -1.4
      vertex -16.5241 0.617447 -1.4
      vertex -18.4151 0.990463 -1.4
    endloop
  endfacet
  facet normal 0 0 -1
    outer loop
      vertex -16.1363 0.617447 -1.4
      vertex -18.5193 1.03233 -1.4
      vertex -13.7332 1.13541 -1.4
    endloop
  endfacet
  facet normal 0 0 -1
    outer loop
      vertex -18.6406 1.05746 -1.4
      vertex -13.7332 1.13541 -1.4
      vertex -18.5193 1.03233 -1.4
    endloop
  endfacet
  facet normal 0 0 -1
    outer loop
      vertex -18.779 1.06584 -1.4
      vertex -13.7332 1.13541 -1.4
      vertex -18.6406 1.05746 -1.4
    endloop
  endfacet
  facet normal 0 0 -1
    outer loop
      vertex -25.4 1.5 -1.4
      vertex -13.7332 1.13541 -1.4
      vertex -18.779 1.06584 -1.4
    endloop
  endfacet
  facet normal -0 0 -1
    outer loop
      vertex -19.327 -0.371399 -1.4
      vertex -19.4842 -0.406845 -1.4
      vertex -19.4842 -0.137558 -1.4
    endloop
  endfacet
  facet normal 0 0 -1
    outer loop
      vertex -18.977 0.00819397 -1.4
      vertex -19.3974 0.547882 -1.4
      vertex -19.0328 0.527267 -1.4
    endloop
  endfacet
  facet normal 0 0 -1
    outer loop
      vertex -19.7264 -0.137558 -1.4
      vertex -19.3974 0.547882 -1.4
      vertex -19.4842 -0.137558 -1.4
    endloop
  endfacet
  facet normal 0 0 -1
    outer loop
      vertex -19.7264 1.03877 -1.4
      vertex -19.3974 0.547882 -1.4
      vertex -19.7264 -0.137558 -1.4
    endloop
  endfacet
  facet normal 0 0 -1
    outer loop
      vertex -19.3974 0.547882 -1.4
      vertex -19.7264 1.03877 -1.4
      vertex -19.374 0.666656 -1.4
    endloop
  endfacet
  facet normal 0 0 -1
    outer loop
      vertex -19.374 0.666656 -1.4
      vertex -19.7264 1.03877 -1.4
      vertex -19.3348 0.770462 -1.4
    endloop
  endfacet
  facet normal 0 0 -1
    outer loop
      vertex -19.7264 1.03877 -1.4
      vertex -19.2796 0.859283 -1.4
      vertex -19.3348 0.770462 -1.4
    endloop
  endfacet
  facet normal 0 0 -1
    outer loop
      vertex -19.7264 1.03877 -1.4
      vertex -19.2087 0.933121 -1.4
      vertex -19.2796 0.859283 -1.4
    endloop
  endfacet
  facet normal 0 0 -1
    outer loop
      vertex -19.7264 1.03877 -1.4
      vertex -19.1226 0.99118 -1.4
      vertex -19.2087 0.933121 -1.4
    endloop
  endfacet
  facet normal 0 0 -1
    outer loop
      vertex -19.7264 1.03877 -1.4
      vertex -19.0223 1.03265 -1.4
      vertex -19.1226 0.99118 -1.4
    endloop
  endfacet
  facet normal 0 0 -1
    outer loop
      vertex -19.7264 1.03877 -1.4
      vertex -18.9078 1.05754 -1.4
      vertex -19.0223 1.03265 -1.4
    endloop
  endfacet
  facet normal 0 0 -1
    outer loop
      vertex -19.7264 1.03877 -1.4
      vertex -18.779 1.06584 -1.4
      vertex -18.9078 1.05754 -1.4
    endloop
  endfacet
  facet normal 0 0 -1
    outer loop
      vertex -20.131 1.03877 -1.4
      vertex -18.779 1.06584 -1.4
      vertex -19.7264 1.03877 -1.4
    endloop
  endfacet
  facet normal 0 0 -1
    outer loop
      vertex -25.4 1.5 -1.4
      vertex -18.779 1.06584 -1.4
      vertex -20.131 1.03877 -1.4
    endloop
  endfacet
  facet normal 0 0 -1
    outer loop
      vertex -20.8976 -0.406845 -1.4
      vertex -21.7563 0.270874 -1.4
      vertex -20.8976 -0.134964 -1.4
    endloop
  endfacet
  facet normal 0 0 -1
    outer loop
      vertex -20.9806 1.03877 -1.4
      vertex -20.131 1.03877 -1.4
      vertex -20.8976 -0.134964 -1.4
    endloop
  endfacet
  facet normal 0 0 -1
    outer loop
      vertex -25.4 1.5 -1.4
      vertex -20.131 1.03877 -1.4
      vertex -20.9806 1.03877 -1.4
    endloop
  endfacet
  facet normal 0 0 -1
    outer loop
      vertex -25.4 1.5 -1.4
      vertex -20.9806 1.03877 -1.4
      vertex -21.4239 1.03877 -1.4
    endloop
  endfacet
  facet normal 0 0 -1
    outer loop
      vertex -22.242 1.03877 -1.4
      vertex -21.4239 1.03877 -1.4
      vertex -22.242 0.215469 -1.4
    endloop
  endfacet
  facet normal 0 0 -1
    outer loop
      vertex -25.4 1.5 -1.4
      vertex -21.4239 1.03877 -1.4
      vertex -22.242 1.03877 -1.4
    endloop
  endfacet
  facet normal 0 0 -1
    outer loop
      vertex -25.4 1.5 -1.4
      vertex -22.242 1.03877 -1.4
      vertex -22.6221 1.03877 -1.4
    endloop
  endfacet
  facet normal 0 0 -1
    outer loop
      vertex -22.8693 -0.146744 -1.4
      vertex -22.6221 -0.776611 -1.4
      vertex -22.8627 -0.198471 -1.4
    endloop
  endfacet
  facet normal 0 0 -1
    outer loop
      vertex -22.6221 -0.776611 -1.4
      vertex -22.8693 -0.146744 -1.4
      vertex -22.6221 1.03877 -1.4
    endloop
  endfacet
  facet normal 0 0 -1
    outer loop
      vertex -22.8801 -0.0983124 -1.4
      vertex -22.6221 1.03877 -1.4
      vertex -22.8693 -0.146744 -1.4
    endloop
  endfacet
  facet normal 0 0 -1
    outer loop
      vertex -22.8953 -0.0531769 -1.4
      vertex -22.6221 1.03877 -1.4
      vertex -22.8801 -0.0983124 -1.4
    endloop
  endfacet
  facet normal 0 0 -1
    outer loop
      vertex -22.9082 0.611008 -1.4
      vertex -22.6221 1.03877 -1.4
      vertex -22.8953 -0.0531769 -1.4
    endloop
  endfacet
  facet normal 0 0 -1
    outer loop
      vertex -22.9402 0.724152 -1.4
      vertex -22.6221 1.03877 -1.4
      vertex -22.9082 0.611008 -1.4
    endloop
  endfacet
  facet normal 0 0 -1
    outer loop
      vertex -22.9873 0.820068 -1.4
      vertex -22.6221 1.03877 -1.4
      vertex -22.9402 0.724152 -1.4
    endloop
  endfacet
  facet normal 0 0 -1
    outer loop
      vertex -23.0494 0.898743 -1.4
      vertex -22.6221 1.03877 -1.4
      vertex -22.9873 0.820068 -1.4
    endloop
  endfacet
  facet normal 0 0 -1
    outer loop
      vertex -23.1266 0.960175 -1.4
      vertex -22.6221 1.03877 -1.4
      vertex -23.0494 0.898743 -1.4
    endloop
  endfacet
  facet normal 0 0 -1
    outer loop
      vertex -23.2219 1.00641 -1.4
      vertex -22.6221 1.03877 -1.4
      vertex -23.1266 0.960175 -1.4
    endloop
  endfacet
  facet normal 0 0 -1
    outer loop
      vertex -23.3381 1.03941 -1.4
      vertex -22.6221 1.03877 -1.4
      vertex -23.2219 1.00641 -1.4
    endloop
  endfacet
  facet normal 0 0 -1
    outer loop
      vertex -23.4754 1.05923 -1.4
      vertex -22.6221 1.03877 -1.4
      vertex -23.3381 1.03941 -1.4
    endloop
  endfacet
  facet normal 0 0 -1
    outer loop
      vertex -22.6221 1.03877 -1.4
      vertex -23.4754 1.05923 -1.4
      vertex -25.4 1.5 -1.4
    endloop
  endfacet
  facet normal 0 0 -1
    outer loop
      vertex -25.4 1.5 -1.4
      vertex -23.4754 1.05923 -1.4
      vertex -23.6336 1.06584 -1.4
    endloop
  endfacet
  facet normal 0 0 -1
    outer loop
      vertex -24.3501 0.467041 -1.4
      vertex -25.4 1.5 -1.4
      vertex -24.3549 0.511246 -1.4
    endloop
  endfacet
  facet normal 0 0 -1
    outer loop
      vertex -24.3549 0.511246 -1.4
      vertex -25.4 1.5 -1.4
      vertex -24.3564 0.558197 -1.4
    endloop
  endfacet
  facet normal 0 0 -1
    outer loop
      vertex -24.3564 0.558197 -1.4
      vertex -25.4 1.5 -1.4
      vertex -24.3449 0.674026 -1.4
    endloop
  endfacet
  facet normal 0 0 -1
    outer loop
      vertex -13.7332 1.13541 -1.4
      vertex -25.4 1.5 -1.4
      vertex -1.5 1.5 -1.4
    endloop
  endfacet
  facet normal 0 0 -1
    outer loop
      vertex -23.7996 1.05766 -1.4
      vertex -25.4 1.5 -1.4
      vertex -23.6336 1.06584 -1.4
    endloop
  endfacet
  facet normal 0 0 -1
    outer loop
      vertex -23.9446 1.03314 -1.4
      vertex -25.4 1.5 -1.4
      vertex -23.7996 1.05766 -1.4
    endloop
  endfacet
  facet normal 0 0 -1
    outer loop
      vertex -24.0686 0.992279 -1.4
      vertex -25.4 1.5 -1.4
      vertex -23.9446 1.03314 -1.4
    endloop
  endfacet
  facet normal 0 0 -1
    outer loop
      vertex -24.1715 0.935059 -1.4
      vertex -25.4 1.5 -1.4
      vertex -24.0686 0.992279 -1.4
    endloop
  endfacet
  facet normal 0 0 -1
    outer loop
      vertex -24.2524 0.862457 -1.4
      vertex -25.4 1.5 -1.4
      vertex -24.1715 0.935059 -1.4
    endloop
  endfacet
  facet normal 0 0 -1
    outer loop
      vertex -24.3102 0.775452 -1.4
      vertex -25.4 1.5 -1.4
      vertex -24.2524 0.862457 -1.4
    endloop
  endfacet
  facet normal 0 0 -1
    outer loop
      vertex -24.3449 0.674026 -1.4
      vertex -25.4 1.5 -1.4
      vertex -24.3102 0.775452 -1.4
    endloop
  endfacet
  facet normal 0 0 -1
    outer loop
      vertex -3.26616 0.334885 -1.4
      vertex -3.37149 0.280121 -1.4
      vertex -3.32257 0.314346 -1.4
    endloop
  endfacet
  facet normal 0 0 -1
    outer loop
      vertex -4.45253 -0.393951 -1.4
      vertex -4.09047 -0.149139 -1.4
      vertex -4.11109 -0.423584 -1.4
    endloop
  endfacet
  facet normal 0 0 -1
    outer loop
      vertex -4.60762 -0.549759 -1.4
      vertex -4.48651 -0.46666 -1.4
      vertex -4.53821 -0.5186 -1.4
    endloop
  endfacet
  facet normal -0 0 -1
    outer loop
      vertex -4.48651 -0.46666 -1.4
      vertex -4.60762 -0.549759 -1.4
      vertex -4.45253 -0.393951 -1.4
    endloop
  endfacet
  facet normal 0 0 -1
    outer loop
      vertex -4.69475 -0.56015 -1.4
      vertex -4.45253 -0.393951 -1.4
      vertex -4.60762 -0.549759 -1.4
    endloop
  endfacet
  facet normal 0 0 -1
    outer loop
      vertex -4.94225 -0.398346 -1.4
      vertex -4.69475 -0.56015 -1.4
      vertex -4.76033 -0.553665 -1.4
    endloop
  endfacet
  facet normal 0 0 -1
    outer loop
      vertex -4.69475 -0.56015 -1.4
      vertex -4.94225 -0.398346 -1.4
      vertex -4.45253 -0.393951 -1.4
    endloop
  endfacet
  facet normal 0 0 -1
    outer loop
      vertex -4.90927 -0.456451 -1.4
      vertex -4.76033 -0.553665 -1.4
      vertex -4.81795 -0.534225 -1.4
    endloop
  endfacet
  facet normal 0 0 -1
    outer loop
      vertex -4.90927 -0.456451 -1.4
      vertex -4.81795 -0.534225 -1.4
      vertex -4.8676 -0.501816 -1.4
    endloop
  endfacet
  facet normal 0 0 -1
    outer loop
      vertex -4.76033 -0.553665 -1.4
      vertex -4.90927 -0.456451 -1.4
      vertex -4.94225 -0.398346 -1.4
    endloop
  endfacet
  facet normal -0 0 -1
    outer loop
      vertex -4.45253 -0.393951 -1.4
      vertex -4.94225 -0.398346 -1.4
      vertex -4.96581 -0.327759 -1.4
    endloop
  endfacet
  facet normal 0 0 -1
    outer loop
      vertex -4.45253 -0.393951 -1.4
      vertex -4.96581 -0.327759 -1.4
      vertex -4.97994 -0.24469 -1.4
    endloop
  endfacet
  facet normal 0 0 -1
    outer loop
      vertex -4.45253 -0.393951 -1.4
      vertex -4.97994 -0.24469 -1.4
      vertex -4.98465 -0.149139 -1.4
    endloop
  endfacet
  facet normal 0 0 -1
    outer loop
      vertex -4.45253 -0.393951 -1.4
      vertex -4.98465 -0.149139 -1.4
      vertex -4.09047 -0.149139 -1.4
    endloop
  endfacet
  facet normal 0 0 -1
    outer loop
      vertex -6.26573 0.365616 -1.4
      vertex -6.37171 0.309235 -1.4
      vertex -6.3219 0.344467 -1.4
    endloop
  endfacet
  facet normal 0 0 -1
    outer loop
      vertex -7.21253 0.341721 -1.4
      vertex -7.42317 0.232208 -1.4
      vertex -7.27642 0.334885 -1.4
    endloop
  endfacet
  facet normal 0 0 -1
    outer loop
      vertex -23.2761 -0.147873 -1.4
      vertex -23.2332 -0.238449 -1.4
      vertex -23.2303 -0.275421 -1.4
    endloop
  endfacet
  facet normal 0 0 -1
    outer loop
      vertex -23.3299 -0.457092 -1.4
      vertex -23.2303 -0.275421 -1.4
      vertex -23.2552 -0.381393 -1.4
    endloop
  endfacet
  facet normal -0 -0 -1
    outer loop
      vertex -23.2761 -0.147873 -1.4
      vertex -23.2303 -0.275421 -1.4
      vertex -23.3013 -0.123795 -1.4
    endloop
  endfacet
  facet normal 0 0 -1
    outer loop
      vertex -23.2418 -0.20488 -1.4
      vertex -23.2761 -0.147873 -1.4
      vertex -23.2561 -0.174683 -1.4
    endloop
  endfacet
  facet normal 0 0 -1
    outer loop
      vertex -23.2332 -0.238449 -1.4
      vertex -23.2761 -0.147873 -1.4
      vertex -23.2418 -0.20488 -1.4
    endloop
  endfacet
  facet normal -0 0 -1
    outer loop
      vertex -23.2303 -0.275421 -1.4
      vertex -23.3299 -0.457092 -1.4
      vertex -23.3013 -0.123795 -1.4
    endloop
  endfacet
  facet normal 0 0 -1
    outer loop
      vertex -23.3299 -0.457092 -1.4
      vertex -23.3312 -0.101807 -1.4
      vertex -23.3013 -0.123795 -1.4
    endloop
  endfacet
  facet normal 0 0 -1
    outer loop
      vertex -23.3299 -0.457092 -1.4
      vertex -23.3657 -0.0819092 -1.4
      vertex -23.3312 -0.101807 -1.4
    endloop
  endfacet
  facet normal 0 0 -1
    outer loop
      vertex -23.4543 -0.502502 -1.4
      vertex -23.3657 -0.0819092 -1.4
      vertex -23.3299 -0.457092 -1.4
    endloop
  endfacet
  facet normal -0 0 -1
    outer loop
      vertex -23.3657 -0.0819092 -1.4
      vertex -23.4543 -0.502502 -1.4
      vertex -23.4049 -0.0641174 -1.4
    endloop
  endfacet
  facet normal 0 0 -1
    outer loop
      vertex -23.4543 -0.502502 -1.4
      vertex -23.456 -0.0464783 -1.4
      vertex -23.4049 -0.0641174 -1.4
    endloop
  endfacet
  facet normal 0 0 -1
    outer loop
      vertex -23.4543 -0.502502 -1.4
      vertex -23.5262 -0.0270691 -1.4
      vertex -23.456 -0.0464783 -1.4
    endloop
  endfacet
  facet normal 0 0 -1
    outer loop
      vertex -23.6285 -0.517654 -1.4
      vertex -23.5262 -0.0270691 -1.4
      vertex -23.4543 -0.502502 -1.4
    endloop
  endfacet
  facet normal -0 0 -1
    outer loop
      vertex -23.5262 -0.0270691 -1.4
      vertex -23.6285 -0.517654 -1.4
      vertex -23.6155 -0.00588989 -1.4
    endloop
  endfacet
  facet normal 0 0 -1
    outer loop
      vertex -23.7192 -0.51358 -1.4
      vertex -23.6155 -0.00588989 -1.4
      vertex -23.6285 -0.517654 -1.4
    endloop
  endfacet
  facet normal 0 0 -1
    outer loop
      vertex -23.7995 -0.501389 -1.4
      vertex -23.6155 -0.00588989 -1.4
      vertex -23.7192 -0.51358 -1.4
    endloop
  endfacet
  facet normal -0 0 -1
    outer loop
      vertex -23.6155 -0.00588989 -1.4
      vertex -23.7995 -0.501389 -1.4
      vertex -23.7238 0.0170593 -1.4
    endloop
  endfacet
  facet normal 0 0 -1
    outer loop
      vertex -23.8693 -0.481049 -1.4
      vertex -23.7238 0.0170593 -1.4
      vertex -23.7995 -0.501389 -1.4
    endloop
  endfacet
  facet normal 0 0 -1
    outer loop
      vertex -23.9287 -0.452591 -1.4
      vertex -23.7238 0.0170593 -1.4
      vertex -23.8693 -0.481049 -1.4
    endloop
  endfacet
  facet normal 0 0 -1
    outer loop
      vertex -23.9784 -0.4151 -1.4
      vertex -23.7238 0.0170593 -1.4
      vertex -23.9287 -0.452591 -1.4
    endloop
  endfacet
  facet normal 0 0 -1
    outer loop
      vertex -24.0192 -0.367706 -1.4
      vertex -23.7238 0.0170593 -1.4
      vertex -23.9784 -0.4151 -1.4
    endloop
  endfacet
  facet normal -0 0 -1
    outer loop
      vertex -23.7238 0.0170593 -1.4
      vertex -24.0512 -0.31041 -1.4
      vertex -23.8179 0.0397186 -1.4
    endloop
  endfacet
  facet normal 0 0 -1
    outer loop
      vertex -24.0512 -0.31041 -1.4
      vertex -23.7238 0.0170593 -1.4
      vertex -24.0192 -0.367706 -1.4
    endloop
  endfacet
  facet normal -0 0 -1
    outer loop
      vertex -23.8179 0.0397186 -1.4
      vertex -24.0743 -0.24321 -1.4
      vertex -23.8965 0.0600586 -1.4
    endloop
  endfacet
  facet normal 0 0 -1
    outer loop
      vertex -24.0743 -0.24321 -1.4
      vertex -23.8179 0.0397186 -1.4
      vertex -24.0512 -0.31041 -1.4
    endloop
  endfacet
  facet normal -0 0 -1
    outer loop
      vertex -23.9596 0.0780487 -1.4
      vertex -24.0743 -0.24321 -1.4
      vertex -24.0073 0.0937042 -1.4
    endloop
  endfacet
  facet normal -0 0 -1
    outer loop
      vertex -23.8965 0.0600586 -1.4
      vertex -24.0743 -0.24321 -1.4
      vertex -23.9596 0.0780487 -1.4
    endloop
  endfacet
  facet normal -0 0 -1
    outer loop
      vertex -24.0073 0.0937042 -1.4
      vertex -24.0743 -0.24321 -1.4
      vertex -24.0463 0.108841 -1.4
    endloop
  endfacet
  facet normal 0 0 -1
    outer loop
      vertex -24.0743 -0.24321 -1.4
      vertex -24.0833 0.125275 -1.4
      vertex -24.0463 0.108841 -1.4
    endloop
  endfacet
  facet normal 0 0 -1
    outer loop
      vertex -24.0743 -0.24321 -1.4
      vertex -24.1184 0.14299 -1.4
      vertex -24.0833 0.125275 -1.4
    endloop
  endfacet
  facet normal 0 0 -1
    outer loop
      vertex -24.0743 -0.24321 -1.4
      vertex -24.1516 0.161987 -1.4
      vertex -24.1184 0.14299 -1.4
    endloop
  endfacet
  facet normal 0 0 -1
    outer loop
      vertex -24.4415 -0.303772 -1.4
      vertex -24.1516 0.161987 -1.4
      vertex -24.0743 -0.24321 -1.4
    endloop
  endfacet
  facet normal -0 0 -1
    outer loop
      vertex -24.1516 0.161987 -1.4
      vertex -24.4415 -0.303772 -1.4
      vertex -24.1826 0.182648 -1.4
    endloop
  endfacet
  facet normal -0 0 -1
    outer loop
      vertex -24.1826 0.182648 -1.4
      vertex -24.4415 -0.303772 -1.4
      vertex -24.2112 0.205322 -1.4
    endloop
  endfacet
  facet normal -0 0 -1
    outer loop
      vertex -24.2112 0.205322 -1.4
      vertex -24.4415 -0.303772 -1.4
      vertex -24.2374 0.230011 -1.4
    endloop
  endfacet
  facet normal -0 0 -1
    outer loop
      vertex -24.2374 0.230011 -1.4
      vertex -24.4415 -0.303772 -1.4
      vertex -24.2611 0.256699 -1.4
    endloop
  endfacet
  facet normal -0 0 -1
    outer loop
      vertex -24.2611 0.256699 -1.4
      vertex -24.4415 -0.303772 -1.4
      vertex -24.2824 0.285614 -1.4
    endloop
  endfacet
  facet normal -0 0 -1
    outer loop
      vertex -24.2824 0.285614 -1.4
      vertex -24.4415 -0.303772 -1.4
      vertex -24.3012 0.31694 -1.4
    endloop
  endfacet
  facet normal 0 0 -1
    outer loop
      vertex -25.4 1.5 -1.4
      vertex -24.4415 -0.303772 -1.4
      vertex -25.4 -1.5 -1.4
    endloop
  endfacet
  facet normal 0 0 -1
    outer loop
      vertex -25.4 1.5 -1.4
      vertex -24.3501 0.467041 -1.4
      vertex -24.4415 -0.303772 -1.4
    endloop
  endfacet
  facet normal -0 0 -1
    outer loop
      vertex -24.3423 0.425568 -1.4
      vertex -24.4415 -0.303772 -1.4
      vertex -24.3501 0.467041 -1.4
    endloop
  endfacet
  facet normal -0 0 -1
    outer loop
      vertex -24.3313 0.386826 -1.4
      vertex -24.4415 -0.303772 -1.4
      vertex -24.3423 0.425568 -1.4
    endloop
  endfacet
  facet normal -0 0 -1
    outer loop
      vertex -24.3175 0.350677 -1.4
      vertex -24.4415 -0.303772 -1.4
      vertex -24.3313 0.386826 -1.4
    endloop
  endfacet
  facet normal -0 0 -1
    outer loop
      vertex -24.3012 0.31694 -1.4
      vertex -24.4415 -0.303772 -1.4
      vertex -24.3175 0.350677 -1.4
    endloop
  endfacet
  facet normal 0 0 -1
    outer loop
      vertex -22.9147 -0.0112152 -1.4
      vertex -22.9082 0.611008 -1.4
      vertex -22.8953 -0.0531769 -1.4
    endloop
  endfacet
  facet normal 0 0 -1
    outer loop
      vertex -22.9379 0.0276642 -1.4
      vertex -22.9082 0.611008 -1.4
      vertex -22.9147 -0.0112152 -1.4
    endloop
  endfacet
  facet normal 0 0 -1
    outer loop
      vertex -22.9649 0.0635071 -1.4
      vertex -22.9082 0.611008 -1.4
      vertex -22.9379 0.0276642 -1.4
    endloop
  endfacet
  facet normal 0 0 -1
    outer loop
      vertex -22.9959 0.096283 -1.4
      vertex -22.9082 0.611008 -1.4
      vertex -22.9649 0.0635071 -1.4
    endloop
  endfacet
  facet normal 0 0 -1
    outer loop
      vertex -23.0317 0.126556 -1.4
      vertex -22.9082 0.611008 -1.4
      vertex -22.9959 0.096283 -1.4
    endloop
  endfacet
  facet normal 0 0 -1
    outer loop
      vertex -23.0733 0.154907 -1.4
      vertex -22.9082 0.611008 -1.4
      vertex -23.0317 0.126556 -1.4
    endloop
  endfacet
  facet normal 0 0 -1
    outer loop
      vertex -23.1209 0.18132 -1.4
      vertex -22.9082 0.611008 -1.4
      vertex -23.0733 0.154907 -1.4
    endloop
  endfacet
  facet normal 0 0 -1
    outer loop
      vertex -23.1743 0.205795 -1.4
      vertex -22.9082 0.611008 -1.4
      vertex -23.1209 0.18132 -1.4
    endloop
  endfacet
  facet normal 0 0 -1
    outer loop
      vertex -23.2767 0.56076 -1.4
      vertex -23.1743 0.205795 -1.4
      vertex -23.24 0.229843 -1.4
    endloop
  endfacet
  facet normal 0 0 -1
    outer loop
      vertex -23.1743 0.205795 -1.4
      vertex -23.2767 0.56076 -1.4
      vertex -22.9082 0.611008 -1.4
    endloop
  endfacet
  facet normal 0 0 -1
    outer loop
      vertex -23.3242 0.254913 -1.4
      vertex -23.2767 0.56076 -1.4
      vertex -23.24 0.229843 -1.4
    endloop
  endfacet
  facet normal 0 0 -1
    outer loop
      vertex -23.4271 0.281052 -1.4
      vertex -23.2767 0.56076 -1.4
      vertex -23.3242 0.254913 -1.4
    endloop
  endfacet
  facet normal 0 0 -1
    outer loop
      vertex -23.5486 0.308228 -1.4
      vertex -23.2767 0.56076 -1.4
      vertex -23.4271 0.281052 -1.4
    endloop
  endfacet
  facet normal -0 0 -1
    outer loop
      vertex -23.2767 0.56076 -1.4
      vertex -23.5486 0.308228 -1.4
      vertex -23.2946 0.615753 -1.4
    endloop
  endfacet
  facet normal -0 0 -1
    outer loop
      vertex -23.2946 0.615753 -1.4
      vertex -23.5486 0.308228 -1.4
      vertex -23.3197 0.663513 -1.4
    endloop
  endfacet
  facet normal -0 0 -1
    outer loop
      vertex -23.3197 0.663513 -1.4
      vertex -23.5486 0.308228 -1.4
      vertex -23.3522 0.70401 -1.4
    endloop
  endfacet
  facet normal -0 0 -1
    outer loop
      vertex -23.3522 0.70401 -1.4
      vertex -23.5486 0.308228 -1.4
      vertex -23.392 0.737274 -1.4
    endloop
  endfacet
  facet normal -0 0 -1
    outer loop
      vertex -23.392 0.737274 -1.4
      vertex -23.5486 0.308228 -1.4
      vertex -23.4402 0.763199 -1.4
    endloop
  endfacet
  facet normal -0 0 -1
    outer loop
      vertex -23.4402 0.763199 -1.4
      vertex -23.5486 0.308228 -1.4
      vertex -23.4979 0.781723 -1.4
    endloop
  endfacet
  facet normal 0 0 -1
    outer loop
      vertex -23.6495 0.331055 -1.4
      vertex -23.4979 0.781723 -1.4
      vertex -23.5486 0.308228 -1.4
    endloop
  endfacet
  facet normal -0 0 -1
    outer loop
      vertex -23.4979 0.781723 -1.4
      vertex -23.6495 0.331055 -1.4
      vertex -23.5649 0.792847 -1.4
    endloop
  endfacet
  facet normal -0 0 -1
    outer loop
      vertex -23.5649 0.792847 -1.4
      vertex -23.6495 0.331055 -1.4
      vertex -23.6413 0.796555 -1.4
    endloop
  endfacet
  facet normal 0 0 -1
    outer loop
      vertex -23.7319 0.351868 -1.4
      vertex -23.6413 0.796555 -1.4
      vertex -23.6495 0.331055 -1.4
    endloop
  endfacet
  facet normal 0 0 -1
    outer loop
      vertex -23.7319 0.351868 -1.4
      vertex -23.7924 0.78302 -1.4
      vertex -23.6413 0.796555 -1.4
    endloop
  endfacet
  facet normal 0 0 -1
    outer loop
      vertex -23.7957 0.370667 -1.4
      vertex -23.7924 0.78302 -1.4
      vertex -23.7319 0.351868 -1.4
    endloop
  endfacet
  facet normal 0 0 -1
    outer loop
      vertex -23.8411 0.387466 -1.4
      vertex -23.7924 0.78302 -1.4
      vertex -23.7957 0.370667 -1.4
    endloop
  endfacet
  facet normal 0 0 -1
    outer loop
      vertex -23.8749 0.404099 -1.4
      vertex -23.7924 0.78302 -1.4
      vertex -23.8411 0.387466 -1.4
    endloop
  endfacet
  facet normal 0 0 -1
    outer loop
      vertex -23.8749 0.404099 -1.4
      vertex -23.9003 0.742432 -1.4
      vertex -23.7924 0.78302 -1.4
    endloop
  endfacet
  facet normal 0 0 -1
    outer loop
      vertex -23.9044 0.422409 -1.4
      vertex -23.9003 0.742432 -1.4
      vertex -23.8749 0.404099 -1.4
    endloop
  endfacet
  facet normal 0 0 -1
    outer loop
      vertex -23.9867 0.580093 -1.4
      vertex -23.9044 0.422409 -1.4
      vertex -23.9294 0.442429 -1.4
    endloop
  endfacet
  facet normal 0 0 -1
    outer loop
      vertex -23.9844 0.54628 -1.4
      vertex -23.9294 0.442429 -1.4
      vertex -23.9499 0.464127 -1.4
    endloop
  endfacet
  facet normal 0 0 -1
    outer loop
      vertex -23.9044 0.422409 -1.4
      vertex -23.9867 0.580093 -1.4
      vertex -23.9003 0.742432 -1.4
    endloop
  endfacet
  facet normal 0 0 -1
    outer loop
      vertex -23.9775 0.515671 -1.4
      vertex -23.9499 0.464127 -1.4
      vertex -23.966 0.488281 -1.4
    endloop
  endfacet
  facet normal 0 0 -1
    outer loop
      vertex -23.9499 0.464127 -1.4
      vertex -23.9775 0.515671 -1.4
      vertex -23.9844 0.54628 -1.4
    endloop
  endfacet
  facet normal 0 0 -1
    outer loop
      vertex -23.9294 0.442429 -1.4
      vertex -23.9844 0.54628 -1.4
      vertex -23.9867 0.580093 -1.4
    endloop
  endfacet
  facet normal 0 0 -1
    outer loop
      vertex -23.9003 0.742432 -1.4
      vertex -23.9867 0.580093 -1.4
      vertex -23.9651 0.674789 -1.4
    endloop
  endfacet
  facet normal 0 0 -1
    outer loop
      vertex -20.8976 -0.134964 -1.4
      vertex -21.7563 0.270874 -1.4
      vertex -20.9806 1.03877 -1.4
    endloop
  endfacet
  facet normal 0 0 -1
    outer loop
      vertex -19.4129 -0.525375 -1.4
      vertex -19.7264 -0.406845 -1.4
      vertex -19.4842 -0.406845 -1.4
    endloop
  endfacet
  facet normal 0 0 -1
    outer loop
      vertex -22.0178 0.0569916 -1.4
      vertex -22.242 -0.776611 -1.4
      vertex -22.242 -0.114349 -1.4
    endloop
  endfacet
  facet normal 0 0 -1
    outer loop
      vertex -4.98209 0.0776062 -1.4
      vertex -4.44986 0.156723 -1.4
      vertex -4.44092 0.0776062 -1.4
    endloop
  endfacet
  facet normal -0 0 -1
    outer loop
      vertex -4.44986 0.156723 -1.4
      vertex -4.97608 0.153061 -1.4
      vertex -4.46637 0.225296 -1.4
    endloop
  endfacet
  facet normal 0 -0 -1
    outer loop
      vertex -4.96195 0.21965 -1.4
      vertex -4.46637 0.225296 -1.4
      vertex -4.97608 0.153061 -1.4
    endloop
  endfacet
  facet normal 0 -0 -1
    outer loop
      vertex -4.93967 0.277374 -1.4
      vertex -4.49047 0.28331 -1.4
      vertex -4.96195 0.21965 -1.4
    endloop
  endfacet
  facet normal 0 0 -1
    outer loop
      vertex -4.49047 0.28331 -1.4
      vertex -4.7128 0.415176 -1.4
      vertex -4.52211 0.33078 -1.4
    endloop
  endfacet
  facet normal -0 -0 -1
    outer loop
      vertex -4.65593 0.409912 -1.4
      vertex -4.52211 0.33078 -1.4
      vertex -4.7128 0.415176 -1.4
    endloop
  endfacet
  facet normal 0 0 -1
    outer loop
      vertex -4.5606 0.367706 -1.4
      vertex -4.65593 0.409912 -1.4
      vertex -4.60521 0.394073 -1.4
    endloop
  endfacet
  facet normal 0 0 -1
    outer loop
      vertex -4.52211 0.33078 -1.4
      vertex -4.65593 0.409912 -1.4
      vertex -4.5606 0.367706 -1.4
    endloop
  endfacet
  facet normal -0 0 -1
    outer loop
      vertex -4.49047 0.28331 -1.4
      vertex -4.93967 0.277374 -1.4
      vertex -4.7128 0.415176 -1.4
    endloop
  endfacet
  facet normal 0 -0 -1
    outer loop
      vertex -4.90927 0.326263 -1.4
      vertex -4.77291 0.409622 -1.4
      vertex -4.93967 0.277374 -1.4
    endloop
  endfacet
  facet normal 0 0 -1
    outer loop
      vertex -4.77291 0.409622 -1.4
      vertex -4.90927 0.326263 -1.4
      vertex -4.82569 0.392944 -1.4
    endloop
  endfacet
  facet normal 0 0 -1
    outer loop
      vertex -4.82569 0.392944 -1.4
      vertex -4.90927 0.326263 -1.4
      vertex -4.87114 0.365158 -1.4
    endloop
  endfacet
  facet normal 0 0 -1
    outer loop
      vertex -4.7128 0.415176 -1.4
      vertex -4.93967 0.277374 -1.4
      vertex -4.77291 0.409622 -1.4
    endloop
  endfacet
  facet normal -0 0 -1
    outer loop
      vertex -4.46637 0.225296 -1.4
      vertex -4.96195 0.21965 -1.4
      vertex -4.49047 0.28331 -1.4
    endloop
  endfacet
  facet normal 0 0 -1
    outer loop
      vertex -4.44986 0.156723 -1.4
      vertex -4.98209 0.0776062 -1.4
      vertex -4.97608 0.153061 -1.4
    endloop
  endfacet
  facet normal 0 0 -1
    outer loop
      vertex -9.13585 -0.0782928 -1.4
      vertex -8.49413 0.0374908 -1.4
      vertex -8.48905 -0.0782928 -1.4
    endloop
  endfacet
  facet normal 0 0 -1
    outer loop
      vertex -9.13082 -0.187927 -1.4
      vertex -8.48905 -0.0782928 -1.4
      vertex -8.50991 -0.28685 -1.4
    endloop
  endfacet
  facet normal -0 0 -1
    outer loop
      vertex -8.49413 0.0374908 -1.4
      vertex -9.13585 -0.0782928 -1.4
      vertex -9.11524 0.128571 -1.4
    endloop
  endfacet
  facet normal 0 0 -1
    outer loop
      vertex -8.49413 0.0374908 -1.4
      vertex -9.11524 0.128571 -1.4
      vertex -8.50936 0.136215 -1.4
    endloop
  endfacet
  facet normal 0 0 -1
    outer loop
      vertex -9.09056 -0.365402 -1.4
      vertex -8.50991 -0.28685 -1.4
      vertex -8.57248 -0.435822 -1.4
    endloop
  endfacet
  facet normal -0 0 -1
    outer loop
      vertex -8.50936 0.136215 -1.4
      vertex -9.11524 0.128571 -1.4
      vertex -8.53472 0.21788 -1.4
    endloop
  endfacet
  facet normal 0 -0 -1
    outer loop
      vertex -8.806 0.394562 -1.4
      vertex -8.53472 0.21788 -1.4
      vertex -9.11524 0.128571 -1.4
    endloop
  endfacet
  facet normal 0 0 -1
    outer loop
      vertex -8.82277 -0.555008 -1.4
      vertex -8.57248 -0.435822 -1.4
      vertex -8.67676 -0.525208 -1.4
    endloop
  endfacet
  facet normal -0 -0 -1
    outer loop
      vertex -8.73329 0.387558 -1.4
      vertex -8.53472 0.21788 -1.4
      vertex -8.806 0.394562 -1.4
    endloop
  endfacet
  facet normal 0 0 -1
    outer loop
      vertex -8.53472 0.21788 -1.4
      vertex -8.73329 0.387558 -1.4
      vertex -8.57024 0.282471 -1.4
    endloop
  endfacet
  facet normal -0 0 -1
    outer loop
      vertex -8.57248 -0.435822 -1.4
      vertex -8.82277 -0.555008 -1.4
      vertex -9.09056 -0.365402 -1.4
    endloop
  endfacet
  facet normal 0 0 -1
    outer loop
      vertex -9.05533 -0.433243 -1.4
      vertex -8.82277 -0.555008 -1.4
      vertex -8.89432 -0.547394 -1.4
    endloop
  endfacet
  facet normal 0 0 -1
    outer loop
      vertex -8.61542 0.331512 -1.4
      vertex -8.73329 0.387558 -1.4
      vertex -8.66977 0.366547 -1.4
    endloop
  endfacet
  facet normal 0 0 -1
    outer loop
      vertex -9.01059 -0.486511 -1.4
      vertex -8.89432 -0.547394 -1.4
      vertex -8.95693 -0.524567 -1.4
    endloop
  endfacet
  facet normal 0 0 -1
    outer loop
      vertex -8.89432 -0.547394 -1.4
      vertex -9.01059 -0.486511 -1.4
      vertex -9.05533 -0.433243 -1.4
    endloop
  endfacet
  facet normal 0 0 -1
    outer loop
      vertex -8.57024 0.282471 -1.4
      vertex -8.73329 0.387558 -1.4
      vertex -8.61542 0.331512 -1.4
    endloop
  endfacet
  facet normal 0 0 -1
    outer loop
      vertex -8.82277 -0.555008 -1.4
      vertex -9.05533 -0.433243 -1.4
      vertex -9.09056 -0.365402 -1.4
    endloop
  endfacet
  facet normal -0 0 -1
    outer loop
      vertex -8.50991 -0.28685 -1.4
      vertex -9.09056 -0.365402 -1.4
      vertex -9.11573 -0.28363 -1.4
    endloop
  endfacet
  facet normal 0 -0 -1
    outer loop
      vertex -9.05339 0.276352 -1.4
      vertex -8.806 0.394562 -1.4
      vertex -9.11524 0.128571 -1.4
    endloop
  endfacet
  facet normal 0 0 -1
    outer loop
      vertex -8.50991 -0.28685 -1.4
      vertex -9.11573 -0.28363 -1.4
      vertex -9.13082 -0.187927 -1.4
    endloop
  endfacet
  facet normal -0 0 -1
    outer loop
      vertex -8.48905 -0.0782928 -1.4
      vertex -9.13082 -0.187927 -1.4
      vertex -9.13585 -0.0782928 -1.4
    endloop
  endfacet
  facet normal 0 0 -1
    outer loop
      vertex -8.806 0.394562 -1.4
      vertex -9.05339 0.276352 -1.4
      vertex -8.95032 0.365005 -1.4
    endloop
  endfacet
  facet normal 0 0 -1
    outer loop
      vertex -14.6085 -0.133698 -1.4
      vertex -14.423 -0.201981 -1.4
      vertex -14.4255 -0.247116 -1.4
    endloop
  endfacet
  facet normal 0 0 -1
    outer loop
      vertex -14.6085 -0.133698 -1.4
      vertex -14.4255 -0.247116 -1.4
      vertex -14.433 -0.291031 -1.4
    endloop
  endfacet
  facet normal 0 0 -1
    outer loop
      vertex -14.6085 -0.133698 -1.4
      vertex -14.433 -0.291031 -1.4
      vertex -14.4454 -0.333755 -1.4
    endloop
  endfacet
  facet normal 0 0 -1
    outer loop
      vertex -14.6085 -0.133698 -1.4
      vertex -14.4454 -0.333755 -1.4
      vertex -14.4629 -0.375259 -1.4
    endloop
  endfacet
  facet normal 0 0 -1
    outer loop
      vertex -14.6085 -0.133698 -1.4
      vertex -14.4629 -0.375259 -1.4
      vertex -14.4848 -0.413956 -1.4
    endloop
  endfacet
  facet normal 0 0 -1
    outer loop
      vertex -14.667 -0.13736 -1.4
      vertex -14.4848 -0.413956 -1.4
      vertex -14.5104 -0.448227 -1.4
    endloop
  endfacet
  facet normal 0 0 -1
    outer loop
      vertex -14.667 -0.13736 -1.4
      vertex -14.5104 -0.448227 -1.4
      vertex -14.5398 -0.478058 -1.4
    endloop
  endfacet
  facet normal 0 0 -1
    outer loop
      vertex -14.7164 -0.143188 -1.4
      vertex -14.5398 -0.478058 -1.4
      vertex -14.5731 -0.503479 -1.4
    endloop
  endfacet
  facet normal 0 0 -1
    outer loop
      vertex -14.423 -0.201981 -1.4
      vertex -14.6085 -0.133698 -1.4
      vertex -14.423 -0.131119 -1.4
    endloop
  endfacet
  facet normal 0 0 -1
    outer loop
      vertex -14.7164 -0.143188 -1.4
      vertex -14.5731 -0.503479 -1.4
      vertex -14.6091 -0.523758 -1.4
    endloop
  endfacet
  facet normal 0 0 -1
    outer loop
      vertex -14.8958 -0.354004 -1.4
      vertex -14.6091 -0.523758 -1.4
      vertex -14.647 -0.538254 -1.4
    endloop
  endfacet
  facet normal 0 0 -1
    outer loop
      vertex -14.4848 -0.413956 -1.4
      vertex -14.667 -0.13736 -1.4
      vertex -14.6085 -0.133698 -1.4
    endloop
  endfacet
  facet normal 0 0 -1
    outer loop
      vertex -14.8958 -0.354004 -1.4
      vertex -14.647 -0.538254 -1.4
      vertex -14.6867 -0.546951 -1.4
    endloop
  endfacet
  facet normal 0 0 -1
    outer loop
      vertex -14.5398 -0.478058 -1.4
      vertex -14.7164 -0.143188 -1.4
      vertex -14.667 -0.13736 -1.4
    endloop
  endfacet
  facet normal 0 0 -1
    outer loop
      vertex -14.893 -0.400421 -1.4
      vertex -14.6867 -0.546951 -1.4
      vertex -14.7283 -0.54985 -1.4
    endloop
  endfacet
  facet normal 0 0 -1
    outer loop
      vertex -14.6091 -0.523758 -1.4
      vertex -14.8958 -0.354004 -1.4
      vertex -14.8941 -0.317291 -1.4
    endloop
  endfacet
  facet normal 0 0 -1
    outer loop
      vertex -14.8844 -0.440491 -1.4
      vertex -14.7283 -0.54985 -1.4
      vertex -14.7644 -0.546829 -1.4
    endloop
  endfacet
  facet normal 0 0 -1
    outer loop
      vertex -14.6091 -0.523758 -1.4
      vertex -14.8941 -0.317291 -1.4
      vertex -14.7164 -0.143188 -1.4
    endloop
  endfacet
  facet normal 0 0 -1
    outer loop
      vertex -14.8844 -0.440491 -1.4
      vertex -14.7644 -0.546829 -1.4
      vertex -14.7968 -0.537766 -1.4
    endloop
  endfacet
  facet normal 0 0 -1
    outer loop
      vertex -14.7164 -0.143188 -1.4
      vertex -14.8941 -0.317291 -1.4
      vertex -14.7566 -0.151215 -1.4
    endloop
  endfacet
  facet normal 0 0 -1
    outer loop
      vertex -14.8844 -0.440491 -1.4
      vertex -14.7968 -0.537766 -1.4
      vertex -14.8253 -0.522675 -1.4
    endloop
  endfacet
  facet normal 0 -0 -1
    outer loop
      vertex -14.8889 -0.284439 -1.4
      vertex -14.7566 -0.151215 -1.4
      vertex -14.8941 -0.317291 -1.4
    endloop
  endfacet
  facet normal 0 0 -1
    outer loop
      vertex -14.8701 -0.474197 -1.4
      vertex -14.8253 -0.522675 -1.4
      vertex -14.8501 -0.501541 -1.4
    endloop
  endfacet
  facet normal 0 0 -1
    outer loop
      vertex -14.7566 -0.151215 -1.4
      vertex -14.8889 -0.284439 -1.4
      vertex -14.7876 -0.161392 -1.4
    endloop
  endfacet
  facet normal 0 0 -1
    outer loop
      vertex -14.7876 -0.161392 -1.4
      vertex -14.8889 -0.284439 -1.4
      vertex -14.8124 -0.174149 -1.4
    endloop
  endfacet
  facet normal 0 0 -1
    outer loop
      vertex -14.8253 -0.522675 -1.4
      vertex -14.8701 -0.474197 -1.4
      vertex -14.8844 -0.440491 -1.4
    endloop
  endfacet
  facet normal 0 -0 -1
    outer loop
      vertex -14.8802 -0.255447 -1.4
      vertex -14.8124 -0.174149 -1.4
      vertex -14.8889 -0.284439 -1.4
    endloop
  endfacet
  facet normal 0 0 -1
    outer loop
      vertex -14.7283 -0.54985 -1.4
      vertex -14.8844 -0.440491 -1.4
      vertex -14.893 -0.400421 -1.4
    endloop
  endfacet
  facet normal 0 0 -1
    outer loop
      vertex -14.8124 -0.174149 -1.4
      vertex -14.8802 -0.255447 -1.4
      vertex -14.8341 -0.189896 -1.4
    endloop
  endfacet
  facet normal 0 0 -1
    outer loop
      vertex -14.6867 -0.546951 -1.4
      vertex -14.893 -0.400421 -1.4
      vertex -14.8958 -0.354004 -1.4
    endloop
  endfacet
  facet normal 0 0 -1
    outer loop
      vertex -14.8341 -0.189896 -1.4
      vertex -14.8802 -0.255447 -1.4
      vertex -14.8527 -0.208618 -1.4
    endloop
  endfacet
  facet normal 0 0 -1
    outer loop
      vertex -14.8527 -0.208618 -1.4
      vertex -14.8802 -0.255447 -1.4
      vertex -14.8681 -0.230331 -1.4
    endloop
  endfacet
  facet normal 0 0 -1
    outer loop
      vertex -20.1812 0.502792 -1.4
      vertex -20.0717 0.456406 -1.4
      vertex -20.0717 -0.137558 -1.4
    endloop
  endfacet
  facet normal 0 0 -1
    outer loop
      vertex -20.0717 0.456406 -1.4
      vertex -20.1072 0.62326 -1.4
      vertex -20.0803 0.671402 -1.4
    endloop
  endfacet
  facet normal 0 0 -1
    outer loop
      vertex -20.0717 0.456406 -1.4
      vertex -20.1408 0.567047 -1.4
      vertex -20.1072 0.62326 -1.4
    endloop
  endfacet
  facet normal 0 0 -1
    outer loop
      vertex -20.0717 0.456406 -1.4
      vertex -20.1812 0.502792 -1.4
      vertex -20.1408 0.567047 -1.4
    endloop
  endfacet
  facet normal 0 -0 -1
    outer loop
      vertex -20.1812 0.502792 -1.4
      vertex -20.0717 -0.137558 -1.4
      vertex -20.6026 -0.137558 -1.4
    endloop
  endfacet
  facet normal -0 0 -1
    outer loop
      vertex -20.0616 0.696289 -1.4
      vertex -20.0803 0.671402 -1.4
      vertex -20.0602 0.711502 -1.4
    endloop
  endfacet
  facet normal -0 0 -1
    outer loop
      vertex -20.0632 0.673828 -1.4
      vertex -20.0803 0.671402 -1.4
      vertex -20.0616 0.696289 -1.4
    endloop
  endfacet
  facet normal 0 0 -1
    outer loop
      vertex -20.0651 0.644104 -1.4
      vertex -20.0803 0.671402 -1.4
      vertex -20.0632 0.673828 -1.4
    endloop
  endfacet
  facet normal 0 0 -1
    outer loop
      vertex -20.0672 0.607132 -1.4
      vertex -20.0803 0.671402 -1.4
      vertex -20.0651 0.644104 -1.4
    endloop
  endfacet
  facet normal 0 0 -1
    outer loop
      vertex -20.0692 0.567276 -1.4
      vertex -20.0803 0.671402 -1.4
      vertex -20.0672 0.607132 -1.4
    endloop
  endfacet
  facet normal 0 0 -1
    outer loop
      vertex -20.0706 0.52887 -1.4
      vertex -20.0803 0.671402 -1.4
      vertex -20.0692 0.567276 -1.4
    endloop
  endfacet
  facet normal 0 0 -1
    outer loop
      vertex -20.0715 0.491913 -1.4
      vertex -20.0803 0.671402 -1.4
      vertex -20.0706 0.52887 -1.4
    endloop
  endfacet
  facet normal 0 0 -1
    outer loop
      vertex -20.0803 0.671402 -1.4
      vertex -20.0715 0.491913 -1.4
      vertex -20.0717 0.456406 -1.4
    endloop
  endfacet
  facet normal 1 0 0
    outer loop
      vertex 1.5 21.25 0
      vertex 1.5 -1.5 0
      vertex 1.5 21.25 -0.00999928
    endloop
  endfacet
  facet normal 1 -0 0
    outer loop
      vertex 1.5 21.25 -0.00999928
      vertex 1.5 25.4 -1.4
      vertex 1.5 25.4 -0.00999928
    endloop
  endfacet
  facet normal 1 0 0
    outer loop
      vertex 1.5 -1.5 -1.4
      vertex 1.5 21.25 -0.00999928
      vertex 1.5 -1.5 0
    endloop
  endfacet
  facet normal 1 0 0
    outer loop
      vertex 1.5 21.25 -0.00999928
      vertex 1.5 -1.5 -1.4
      vertex 1.5 25.4 -1.4
    endloop
  endfacet
  facet normal 0 1 -0
    outer loop
      vertex -1.5 1.5 -1.4
      vertex -25.4 1.5 0
      vertex -1.5 1.5 0
    endloop
  endfacet
  facet normal 0 1 0
    outer loop
      vertex -25.4 1.5 0
      vertex -1.5 1.5 -1.4
      vertex -25.4 1.5 -1.4
    endloop
  endfacet
  facet normal 0 -1 0
    outer loop
      vertex -25.4 -1.5 -1.4
      vertex 1.5 -1.5 0
      vertex -25.4 -1.5 0
    endloop
  endfacet
  facet normal 0 -1 -0
    outer loop
      vertex 1.5 -1.5 0
      vertex -25.4 -1.5 -1.4
      vertex 1.5 -1.5 -1.4
    endloop
  endfacet
  facet normal -1 0 0
    outer loop
      vertex -1.5 25.4 -1.4
      vertex -1.5 21.25 -0.00999928
      vertex -1.5 25.4 -0.00999928
    endloop
  endfacet
  facet normal -1 0 0
    outer loop
      vertex -1.5 1.5 -1.4
      vertex -1.5 21.25 -0.00999928
      vertex -1.5 25.4 -1.4
    endloop
  endfacet
  facet normal -1 0 0
    outer loop
      vertex -1.5 1.5 0
      vertex -1.5 21.25 -0.00999928
      vertex -1.5 1.5 -1.4
    endloop
  endfacet
  facet normal -1 0 0
    outer loop
      vertex -1.5 21.25 -0.00999928
      vertex -1.5 1.5 0
      vertex -1.5 21.25 0
    endloop
  endfacet
  facet normal 0 1 -0
    outer loop
      vertex 3 25.4 0
      vertex 1.65216 25.4 50.8
      vertex 3 25.4 50.8
    endloop
  endfacet
  facet normal 0 1 0
    outer loop
      vertex 1.65216 25.4 50.8
      vertex 3 25.4 0
      vertex 1.65216 25.4 0
    endloop
  endfacet
  facet normal 0 1 -0
    outer loop
      vertex -1.65216 25.4 0
      vertex -3 25.4 50.8
      vertex -1.65216 25.4 50.8
    endloop
  endfacet
  facet normal 0 1 0
    outer loop
      vertex -3 25.4 50.8
      vertex -1.65216 25.4 0
      vertex -3 25.4 0
    endloop
  endfacet
  facet normal 0 1 -0
    outer loop
      vertex 1.5 25.4 50.81
      vertex -1.5 25.4 52.2
      vertex 1.5 25.4 52.2
    endloop
  endfacet
  facet normal 0 1 0
    outer loop
      vertex -1.5 25.4 52.2
      vertex 1.5 25.4 50.81
      vertex -1.5 25.4 50.81
    endloop
  endfacet
  facet normal 0 1 -0
    outer loop
      vertex 1.5 25.4 -1.4
      vertex -1.5 25.4 -0.00999928
      vertex 1.5 25.4 -0.00999928
    endloop
  endfacet
  facet normal 0 1 0
    outer loop
      vertex -1.5 25.4 -0.00999928
      vertex 1.5 25.4 -1.4
      vertex -1.5 25.4 -1.4
    endloop
  endfacet
  facet normal -1 0 0
    outer loop
      vertex -25.4 -1.5 50.8
      vertex -25.4 1.5 52.2
      vertex -25.4 1.5 50.8
    endloop
  endfacet
  facet normal -1 -0 0
    outer loop
      vertex -25.4 1.5 52.2
      vertex -25.4 -1.5 50.8
      vertex -25.4 -1.5 52.2
    endloop
  endfacet
  facet normal 0 0 1
    outer loop
      vertex -1.5 1.5 52.2
      vertex 1.5 25.4 52.2
      vertex -1.5 25.4 52.2
    endloop
  endfacet
  facet normal 0 0 1
    outer loop
      vertex 1.5 25.4 52.2
      vertex -1.5 1.5 52.2
      vertex 1.5 -1.5 52.2
    endloop
  endfacet
  facet normal 0 0 1
    outer loop
      vertex -25.4 -1.5 52.2
      vertex -1.5 1.5 52.2
      vertex -25.4 1.5 52.2
    endloop
  endfacet
  facet normal 0 0 1
    outer loop
      vertex -1.5 1.5 52.2
      vertex -25.4 -1.5 52.2
      vertex 1.5 -1.5 52.2
    endloop
  endfacet
  facet normal 1 0 0
    outer loop
      vertex 1.5 25.4 52.2
      vertex 1.5 21.25 50.81
      vertex 1.5 25.4 50.81
    endloop
  endfacet
  facet normal 1 -0 0
    outer loop
      vertex 1.5 -1.5 52.2
      vertex 1.5 21.25 50.81
      vertex 1.5 25.4 52.2
    endloop
  endfacet
  facet normal 1 0 0
    outer loop
      vertex 1.5 -1.5 50.8
      vertex 1.5 21.25 50.81
      vertex 1.5 -1.5 52.2
    endloop
  endfacet
  facet normal 1 0 0
    outer loop
      vertex 1.5 21.25 50.81
      vertex 1.5 -1.5 50.8
      vertex 1.5 21.25 50.8
    endloop
  endfacet
  facet normal 0 1 -0
    outer loop
      vertex -1.5 1.5 50.8
      vertex -25.4 1.5 52.2
      vertex -1.5 1.5 52.2
    endloop
  endfacet
  facet normal 0 1 0
    outer loop
      vertex -25.4 1.5 52.2
      vertex -1.5 1.5 50.8
      vertex -25.4 1.5 50.8
    endloop
  endfacet
  facet normal 0 -1 0
    outer loop
      vertex -25.4 -1.5 50.8
      vertex 1.5 -1.5 52.2
      vertex -25.4 -1.5 52.2
    endloop
  endfacet
  facet normal 0 -1 -0
    outer loop
      vertex 1.5 -1.5 52.2
      vertex -25.4 -1.5 50.8
      vertex 1.5 -1.5 50.8
    endloop
  endfacet
  facet normal -1 0 0
    outer loop
      vertex -1.5 21.25 50.8
      vertex -1.5 1.5 50.8
      vertex -1.5 21.25 50.81
    endloop
  endfacet
  facet normal -1 0 0
    outer loop
      vertex -1.5 21.25 50.81
      vertex -1.5 25.4 52.2
      vertex -1.5 25.4 50.81
    endloop
  endfacet
  facet normal -1 0 0
    outer loop
      vertex -1.5 1.5 52.2
      vertex -1.5 21.25 50.81
      vertex -1.5 1.5 50.8
    endloop
  endfacet
  facet normal -1 0 0
    outer loop
      vertex -1.5 21.25 50.81
      vertex -1.5 1.5 52.2
      vertex -1.5 25.4 52.2
    endloop
  endfacet
  facet normal -1 0 0
    outer loop
      vertex -25.4 1.50224 0
      vertex -25.4 3 50.8
      vertex -25.4 3 0
    endloop
  endfacet
  facet normal -1 -0 0
    outer loop
      vertex -25.4 3 50.8
      vertex -25.4 1.50224 0
      vertex -25.4 1.50224 50.8
    endloop
  endfacet
  facet normal -1 0 0
    outer loop
      vertex -25.4 -3 0
      vertex -25.4 -1.50224 50.8
      vertex -25.4 -1.50224 0
    endloop
  endfacet
  facet normal -1 -0 0
    outer loop
      vertex -25.4 -1.50224 50.8
      vertex -25.4 -3 0
      vertex -25.4 -3 50.8
    endloop
  endfacet
  facet normal 0 0 1
    outer loop
      vertex -1.65216 25.4 50.8
      vertex -3 25.4 50.8
      vertex -2.54999 21.25 50.8
    endloop
  endfacet
  facet normal 0 0 1
    outer loop
      vertex -3 3 50.8
      vertex -1.5 21.25 50.8
      vertex -2.54999 21.25 50.8
    endloop
  endfacet
  facet normal 0 0 1
    outer loop
      vertex -3 3 50.8
      vertex -2.54999 21.25 50.8
      vertex -3 25.4 50.8
    endloop
  endfacet
  facet normal 0 0 1
    outer loop
      vertex -1.5 21.25 50.8
      vertex -3 3 50.8
      vertex -1.5 1.5 50.8
    endloop
  endfacet
  facet normal 0 0 1
    outer loop
      vertex -25.4 1.50224 50.8
      vertex -3 3 50.8
      vertex -25.4 3 50.8
    endloop
  endfacet
  facet normal 0 0 1
    outer loop
      vertex -25.4 1.5 50.8
      vertex -3 3 50.8
      vertex -25.4 1.50224 50.8
    endloop
  endfacet
  facet normal 0 0 1
    outer loop
      vertex -3 3 50.8
      vertex -25.4 1.5 50.8
      vertex -1.5 1.5 50.8
    endloop
  endfacet
  facet normal 0 0 1
    outer loop
      vertex -29.4 2.39999 50.8
      vertex -25.4 1.5 50.8
      vertex -25.4 1.50224 50.8
    endloop
  endfacet
  facet normal 0 0 1
    outer loop
      vertex -25.4 1.5 50.8
      vertex -29.4 2.39999 50.8
      vertex -25.4 -1.5 50.8
    endloop
  endfacet
  facet normal 0 0 1
    outer loop
      vertex -29.4 -2.39999 50.8
      vertex -25.4 -1.5 50.8
      vertex -29.4 2.39999 50.8
    endloop
  endfacet
  facet normal 0 0 1
    outer loop
      vertex -25.4 -1.5 50.8
      vertex -29.4 -2.39999 50.8
      vertex -25.4 -1.50224 50.8
    endloop
  endfacet
  facet normal 0 0 1
    outer loop
      vertex 3 25.4 50.8
      vertex 2.54999 21.25 50.8
      vertex 3 -3 50.8
    endloop
  endfacet
  facet normal 0 -0 1
    outer loop
      vertex 2.54999 21.25 50.8
      vertex 3 25.4 50.8
      vertex 1.65216 25.4 50.8
    endloop
  endfacet
  facet normal 0 0 1
    outer loop
      vertex 1.5 -1.5 50.8
      vertex 2.54999 21.25 50.8
      vertex 1.5 21.25 50.8
    endloop
  endfacet
  facet normal 0 0 1
    outer loop
      vertex 2.54999 21.25 50.8
      vertex 1.5 -1.5 50.8
      vertex 3 -3 50.8
    endloop
  endfacet
  facet normal 0 0 1
    outer loop
      vertex -25.4 -1.50224 50.8
      vertex 1.5 -1.5 50.8
      vertex -25.4 -1.5 50.8
    endloop
  endfacet
  facet normal 0 0 1
    outer loop
      vertex -25.4 -3 50.8
      vertex 1.5 -1.5 50.8
      vertex -25.4 -1.50224 50.8
    endloop
  endfacet
  facet normal 0 0 1
    outer loop
      vertex 1.5 -1.5 50.8
      vertex -25.4 -3 50.8
      vertex 3 -3 50.8
    endloop
  endfacet
  facet normal 0 0 -1
    outer loop
      vertex -20.4 -3 0
      vertex -25.4 -3 0
      vertex -20.4 -2.79404 0
    endloop
  endfacet
  facet normal 0 0 -1
    outer loop
      vertex -18.3552 -2.79404 0
      vertex -20.4 -2.79404 0
      vertex -18.3552 -2.3 0
    endloop
  endfacet
  facet normal 0 0 -1
    outer loop
      vertex -10.7562 -3 0
      vertex -17.5552 -3 0
      vertex -10.7562 -2.3 0
    endloop
  endfacet
  facet normal 0 0 -1
    outer loop
      vertex -2.76067 10.4964 0
      vertex -2.3 17.2089 0
      vertex -2.3 10.4964 0
    endloop
  endfacet
  facet normal -0 0 -1
    outer loop
      vertex -2.3 17.2089 0
      vertex -2.76067 10.4964 0
      vertex -2.76067 17.2089 0
    endloop
  endfacet
  facet normal 0 0 -1
    outer loop
      vertex -2.72804 3.01 0
      vertex -2.3 9.69643 0
      vertex -2 3.01 0
    endloop
  endfacet
  facet normal -0 0 -1
    outer loop
      vertex -2.3 9.69643 0
      vertex -2.72804 3.01 0
      vertex -2.72804 9.69643 0
    endloop
  endfacet
  facet normal 0 0 -1
    outer loop
      vertex -2 3.01 0
      vertex -1.5 1.5 0
      vertex -2 2.81809 0
    endloop
  endfacet
  facet normal 0 0 -1
    outer loop
      vertex -1.5 1.5 0
      vertex -2.72804 2 0
      vertex -2 2.81809 0
    endloop
  endfacet
  facet normal 0 0 -1
    outer loop
      vertex -1.5 1.5 0
      vertex -3.01 2 0
      vertex -2.72804 2 0
    endloop
  endfacet
  facet normal 0 0 -1
    outer loop
      vertex -3.01 2 0
      vertex -9.33696 2.3 0
      vertex -3.01 2.81809 0
    endloop
  endfacet
  facet normal 0 0 -1
    outer loop
      vertex -1.5 1.5 0
      vertex -9.33696 2.3 0
      vertex -3.01 2 0
    endloop
  endfacet
  facet normal 0 0 -1
    outer loop
      vertex -1.5 1.5 0
      vertex -10.137 2.3 0
      vertex -9.33696 2.3 0
    endloop
  endfacet
  facet normal 0 0 -1
    outer loop
      vertex -10.137 2.3 0
      vertex -17.9539 2.3 0
      vertex -10.137 3 0
    endloop
  endfacet
  facet normal 0 0 -1
    outer loop
      vertex -25.4 1.5 0
      vertex -10.137 2.3 0
      vertex -1.5 1.5 0
    endloop
  endfacet
  facet normal -0 0 -1
    outer loop
      vertex -10.137 2.3 0
      vertex -25.4 1.5 0
      vertex -17.9539 2.3 0
    endloop
  endfacet
  facet normal 0 0 -1
    outer loop
      vertex -18.7539 2.3 0
      vertex -20.4 2.77206 0
      vertex -18.7539 2.77206 0
    endloop
  endfacet
  facet normal -0 0 -1
    outer loop
      vertex -17.9539 2.3 0
      vertex -25.4 1.5 0
      vertex -18.7539 2.3 0
    endloop
  endfacet
  facet normal 0 0 -1
    outer loop
      vertex -25.4 1.5 0
      vertex -20.4 2.77206 0
      vertex -18.7539 2.3 0
    endloop
  endfacet
  facet normal 0 0 -1
    outer loop
      vertex -25.4 1.50224 0
      vertex -20.4 2.77206 0
      vertex -25.4 1.5 0
    endloop
  endfacet
  facet normal 0 0 -1
    outer loop
      vertex -25.4 3 0
      vertex -20.4 2.77206 0
      vertex -25.4 1.50224 0
    endloop
  endfacet
  facet normal 0 0 -1
    outer loop
      vertex -20.4 2.77206 0
      vertex -25.4 3 0
      vertex -20.4 3 0
    endloop
  endfacet
  facet normal 0 0 -1
    outer loop
      vertex -2.3 9.69643 0
      vertex -1.5 1.5 0
      vertex -2 3.01 0
    endloop
  endfacet
  facet normal 0 0 -1
    outer loop
      vertex -2.3 10.4964 0
      vertex -1.5 1.5 0
      vertex -2.3 9.69643 0
    endloop
  endfacet
  facet normal 0 0 -1
    outer loop
      vertex -1.5 1.5 0
      vertex -2.3 10.4964 0
      vertex -1.5 21.25 0
    endloop
  endfacet
  facet normal 0 0 -1
    outer loop
      vertex -2.3 17.2089 0
      vertex -1.5 21.25 0
      vertex -2.3 10.4964 0
    endloop
  endfacet
  facet normal 0 0 -1
    outer loop
      vertex -2.3 18.0089 0
      vertex -1.5 21.25 0
      vertex -2.3 17.2089 0
    endloop
  endfacet
  facet normal 0 0 -1
    outer loop
      vertex -2.70108 20.4 0
      vertex -1.5 21.25 0
      vertex -2.3 18.0089 0
    endloop
  endfacet
  facet normal 0 0 -1
    outer loop
      vertex -2.70108 20.4 0
      vertex -2.3 18.0089 0
      vertex -2.70108 18.0089 0
    endloop
  endfacet
  facet normal -0 0 -1
    outer loop
      vertex -1.5 21.25 0
      vertex -2.70108 20.4 0
      vertex -2.54999 21.25 0
    endloop
  endfacet
  facet normal 0 0 -1
    outer loop
      vertex -3 20.4 0
      vertex -2.54999 21.25 0
      vertex -2.70108 20.4 0
    endloop
  endfacet
  facet normal 0 0 -1
    outer loop
      vertex -3 25.4 0
      vertex -2.54999 21.25 0
      vertex -3 20.4 0
    endloop
  endfacet
  facet normal 0 0 -1
    outer loop
      vertex -2.54999 21.25 0
      vertex -3 25.4 0
      vertex -1.65216 25.4 0
    endloop
  endfacet
  facet normal 0 0 -1
    outer loop
      vertex 1.5 -1.5 0
      vertex 3 2 0
      vertex 3 -3 0
    endloop
  endfacet
  facet normal 0 0 -1
    outer loop
      vertex 2.78014 2 0
      vertex 2.3 9.72839 0
      vertex 2.78014 9.72839 0
    endloop
  endfacet
  facet normal -0 0 -1
    outer loop
      vertex 3 2 0
      vertex 1.5 -1.5 0
      vertex 2.78014 2 0
    endloop
  endfacet
  facet normal 0 0 -1
    outer loop
      vertex 1.5 21.25 0
      vertex 2.3 10.5284 0
      vertex 2.3 9.72839 0
    endloop
  endfacet
  facet normal 0 0 -1
    outer loop
      vertex 2.3 10.5284 0
      vertex 1.5 21.25 0
      vertex 2.3 17.2293 0
    endloop
  endfacet
  facet normal 0 0 -1
    outer loop
      vertex 1.5 21.25 0
      vertex 2.3 9.72839 0
      vertex 1.5 -1.5 0
    endloop
  endfacet
  facet normal -0 0 -1
    outer loop
      vertex 2.78014 2 0
      vertex 1.5 -1.5 0
      vertex 2.3 9.72839 0
    endloop
  endfacet
  facet normal 0 0 -1
    outer loop
      vertex -9.95618 -3 0
      vertex 1.5 -1.5 0
      vertex 3 -3 0
    endloop
  endfacet
  facet normal 0 0 -1
    outer loop
      vertex -9.95618 -2.3 0
      vertex 1.5 -1.5 0
      vertex -9.95618 -3 0
    endloop
  endfacet
  facet normal 0 0 -1
    outer loop
      vertex -10.7562 -2.3 0
      vertex 1.5 -1.5 0
      vertex -9.95618 -2.3 0
    endloop
  endfacet
  facet normal 0 0 -1
    outer loop
      vertex -17.5552 -2.3 0
      vertex -10.7562 -2.3 0
      vertex -17.5552 -3 0
    endloop
  endfacet
  facet normal 0 0 -1
    outer loop
      vertex -25.4 -1.5 0
      vertex -10.7562 -2.3 0
      vertex -17.5552 -2.3 0
    endloop
  endfacet
  facet normal 0 0 -1
    outer loop
      vertex -25.4 -1.5 0
      vertex -17.5552 -2.3 0
      vertex -18.3552 -2.3 0
    endloop
  endfacet
  facet normal 0 0 -1
    outer loop
      vertex -25.4 -1.50224 0
      vertex -20.4 -2.79404 0
      vertex -25.4 -3 0
    endloop
  endfacet
  facet normal 0 0 -1
    outer loop
      vertex -25.4 -1.5 0
      vertex -20.4 -2.79404 0
      vertex -25.4 -1.50224 0
    endloop
  endfacet
  facet normal 0 0 -1
    outer loop
      vertex -20.4 -2.79404 0
      vertex -25.4 -1.5 0
      vertex -18.3552 -2.3 0
    endloop
  endfacet
  facet normal 0 0 -1
    outer loop
      vertex -10.7562 -2.3 0
      vertex -25.4 -1.5 0
      vertex 1.5 -1.5 0
    endloop
  endfacet
  facet normal 0 0 -1
    outer loop
      vertex -29.4 -2.39999 0
      vertex -25.4 -1.5 0
      vertex -25.4 -1.50224 0
    endloop
  endfacet
  facet normal -0 0 -1
    outer loop
      vertex -25.4 -1.5 0
      vertex -29.4 -2.39999 0
      vertex -25.4 1.5 0
    endloop
  endfacet
  facet normal 0 0 -1
    outer loop
      vertex -29.4 2.39999 0
      vertex -25.4 1.5 0
      vertex -29.4 -2.39999 0
    endloop
  endfacet
  facet normal 0 0 -1
    outer loop
      vertex -25.4 1.5 0
      vertex -29.4 2.39999 0
      vertex -25.4 1.50224 0
    endloop
  endfacet
  facet normal 0 0 -1
    outer loop
      vertex 2.3 10.5284 0
      vertex 2.78854 17.2293 0
      vertex 2.78854 10.5284 0
    endloop
  endfacet
  facet normal -0 0 -1
    outer loop
      vertex 2.78854 17.2293 0
      vertex 2.3 10.5284 0
      vertex 2.3 17.2293 0
    endloop
  endfacet
  facet normal 0 0 -1
    outer loop
      vertex 3 18.0293 0
      vertex 2.54999 21.25 0
      vertex 3 25.4 0
    endloop
  endfacet
  facet normal 0 0 -1
    outer loop
      vertex 2.3 18.0293 0
      vertex 2.54999 21.25 0
      vertex 3 18.0293 0
    endloop
  endfacet
  facet normal 0 0 -1
    outer loop
      vertex 2.3 18.0293 0
      vertex 1.5 21.25 0
      vertex 2.54999 21.25 0
    endloop
  endfacet
  facet normal 0 0 -1
    outer loop
      vertex 2.3 17.2293 0
      vertex 1.5 21.25 0
      vertex 2.3 18.0293 0
    endloop
  endfacet
  facet normal -0 0 -1
    outer loop
      vertex 3 25.4 0
      vertex 2.54999 21.25 0
      vertex 1.65216 25.4 0
    endloop
  endfacet
  facet normal -0 0 -1
    outer loop
      vertex -2 2.81809 0
      vertex -2.72804 2 0
      vertex -2.72804 2.81809 0
    endloop
  endfacet
  facet normal -0 0 -1
    outer loop
      vertex -3.01 2.81809 0
      vertex -9.33696 2.3 0
      vertex -9.33696 2.81809 0
    endloop
  endfacet
  facet normal -0 0 -1
    outer loop
      vertex -10.137 3 0
      vertex -17.9539 2.3 0
      vertex -17.9539 3 0
    endloop
  endfacet
  facet normal 1 -0 0
    outer loop
      vertex 3 18.1473 19.6
      vertex 3 20.4 16.4
      vertex 3 20.4 19.6
    endloop
  endfacet
  facet normal 1 0 0
    outer loop
      vertex 3 20.4 16.4
      vertex 3 18.1473 19.6
      vertex 3 18.1473 16.4
    endloop
  endfacet
  facet normal 1 -0 0
    outer loop
      vertex 3 14.5355 23.6
      vertex 3 20.4 20.4
      vertex 3 20.4 23.6
    endloop
  endfacet
  facet normal 1 0 0
    outer loop
      vertex 3 20.4 20.4
      vertex 3 14.5355 23.6
      vertex 3 14.5355 20.4
    endloop
  endfacet
  facet normal 1 -0 0
    outer loop
      vertex 3 18.217 35.6
      vertex 3 20.4 32.4
      vertex 3 20.4 35.6
    endloop
  endfacet
  facet normal 1 0 0
    outer loop
      vertex 3 20.4 32.4
      vertex 3 18.217 35.6
      vertex 3 18.217 32.4
    endloop
  endfacet
  facet normal 1 -0 0
    outer loop
      vertex 3 14.7659 39.6
      vertex 3 20.4 36.4
      vertex 3 20.4 39.6
    endloop
  endfacet
  facet normal 1 0 0
    outer loop
      vertex 3 20.4 36.4
      vertex 3 14.7659 39.6
      vertex 3 14.7659 36.4
    endloop
  endfacet
  facet normal 1 0 0
    outer loop
      vertex 3 20.4 39.6
      vertex 3 25.4 50.8
      vertex 3 20.4 44.4
    endloop
  endfacet
  facet normal 1 0 0
    outer loop
      vertex 3 25.4 50.8
      vertex 3 14.0192 48
      vertex 3 20.4 44.4
    endloop
  endfacet
  facet normal 1 0 0
    outer loop
      vertex 3 25.4 50.8
      vertex 3 13.2192 48
      vertex 3 14.0192 48
    endloop
  endfacet
  facet normal 1 0 0
    outer loop
      vertex 3 13.2192 48
      vertex 3 6.62027 48
      vertex 3 13.2192 44.4
    endloop
  endfacet
  facet normal 1 -0 0
    outer loop
      vertex 3 -3 50.8
      vertex 3 13.2192 48
      vertex 3 25.4 50.8
    endloop
  endfacet
  facet normal 1 0 0
    outer loop
      vertex 3 13.2192 48
      vertex 3 -3 50.8
      vertex 3 6.62027 48
    endloop
  endfacet
  facet normal 1 0 0
    outer loop
      vertex 3 5.82027 48
      vertex 3 2 44.4
      vertex 3 5.82027 44.4
    endloop
  endfacet
  facet normal 1 0 0
    outer loop
      vertex 3 -3 50.8
      vertex 3 2 39.6
      vertex 3 2 44.4
    endloop
  endfacet
  facet normal 1 0 0
    outer loop
      vertex 3 2 39.6
      vertex 3 -3 50.8
      vertex 3 2 36.4
    endloop
  endfacet
  facet normal 1 0 0
    outer loop
      vertex 3 2 36.4
      vertex 3 -3 50.8
      vertex 3 2 31.6
    endloop
  endfacet
  facet normal 1 0 0
    outer loop
      vertex 3 2 31.6
      vertex 3 -3 50.8
      vertex 3 2 28.4
    endloop
  endfacet
  facet normal 1 0 0
    outer loop
      vertex 3 2 28.4
      vertex 3 -3 50.8
      vertex 3 2 27.6
    endloop
  endfacet
  facet normal 1 0 0
    outer loop
      vertex 3 2 27.6
      vertex 3 -3 50.8
      vertex 3 2 24.4
    endloop
  endfacet
  facet normal 1 0 0
    outer loop
      vertex 3 -3 0
      vertex 3 2 24.4
      vertex 3 -3 50.8
    endloop
  endfacet
  facet normal 1 0 0
    outer loop
      vertex 3 2 24.4
      vertex 3 -3 0
      vertex 3 2 23.6
    endloop
  endfacet
  facet normal 1 0 0
    outer loop
      vertex 3 2 23.6
      vertex 3 -3 0
      vertex 3 2 20.4
    endloop
  endfacet
  facet normal 1 0 0
    outer loop
      vertex 3 2 20.4
      vertex 3 -3 0
      vertex 3 2 15.6
    endloop
  endfacet
  facet normal 1 0 0
    outer loop
      vertex 3 2 15.6
      vertex 3 -3 0
      vertex 3 2 12.4
    endloop
  endfacet
  facet normal 1 0 0
    outer loop
      vertex 3 2 7.6
      vertex 3 -3 0
      vertex 3 2 4.4
    endloop
  endfacet
  facet normal 1 0 0
    outer loop
      vertex 3 6.62027 48
      vertex 3 -3 50.8
      vertex 3 5.82027 48
    endloop
  endfacet
  facet normal 1 0 0
    outer loop
      vertex 3 -3 50.8
      vertex 3 2 44.4
      vertex 3 5.82027 48
    endloop
  endfacet
  facet normal 1 0 0
    outer loop
      vertex 3 2 12.4
      vertex 3 -3 0
      vertex 3 2 7.6
    endloop
  endfacet
  facet normal 1 0 0
    outer loop
      vertex 3 2 4.4
      vertex 3 -3 0
      vertex 3 2 0
    endloop
  endfacet
  facet normal 1 0 0
    outer loop
      vertex 3 20.4 36.4
      vertex 3 25.4 50.8
      vertex 3 20.4 39.6
    endloop
  endfacet
  facet normal 1 0 0
    outer loop
      vertex 3 20.4 35.6
      vertex 3 25.4 50.8
      vertex 3 20.4 36.4
    endloop
  endfacet
  facet normal 1 0 0
    outer loop
      vertex 3 20.4 32.4
      vertex 3 25.4 50.8
      vertex 3 20.4 35.6
    endloop
  endfacet
  facet normal 1 0 0
    outer loop
      vertex 3 20.4 23.6
      vertex 3 25.4 50.8
      vertex 3 20.4 32.4
    endloop
  endfacet
  facet normal 1 0 0
    outer loop
      vertex 3 25.4 50.8
      vertex 3 20.4 23.6
      vertex 3 25.4 0
    endloop
  endfacet
  facet normal 1 -0 0
    outer loop
      vertex 3 20.4 20.4
      vertex 3 25.4 0
      vertex 3 20.4 23.6
    endloop
  endfacet
  facet normal 1 -0 0
    outer loop
      vertex 3 20.4 19.6
      vertex 3 25.4 0
      vertex 3 20.4 20.4
    endloop
  endfacet
  facet normal 1 -0 0
    outer loop
      vertex 3 20.4 16.4
      vertex 3 25.4 0
      vertex 3 20.4 19.6
    endloop
  endfacet
  facet normal 1 -0 0
    outer loop
      vertex 3 20.4 3.6
      vertex 3 25.4 0
      vertex 3 20.4 16.4
    endloop
  endfacet
  facet normal 1 0 0
    outer loop
      vertex 3 18.0293 0
      vertex 3 20.4 3.6
      vertex 3 18.0293 3.6
    endloop
  endfacet
  facet normal 1 0 0
    outer loop
      vertex 3 20.4 3.6
      vertex 3 18.0293 0
      vertex 3 25.4 0
    endloop
  endfacet
  facet normal 1 0 0
    outer loop
      vertex 3 20.4 44.4
      vertex 3 14.0192 48
      vertex 3 14.0192 44.4
    endloop
  endfacet
  facet normal 1 0 0
    outer loop
      vertex 3 13.2192 44.4
      vertex 3 6.62027 48
      vertex 3 6.62027 44.4
    endloop
  endfacet
  facet normal 1 -0 0
    outer loop
      vertex 3 2 39.6
      vertex 3 5.98076 36.4
      vertex 3 5.98076 39.6
    endloop
  endfacet
  facet normal 1 0 0
    outer loop
      vertex 3 5.98076 36.4
      vertex 3 2 39.6
      vertex 3 2 36.4
    endloop
  endfacet
  facet normal 1 -0 0
    outer loop
      vertex 3 2 31.6
      vertex 3 5.47753 28.4
      vertex 3 5.47753 31.6
    endloop
  endfacet
  facet normal 1 0 0
    outer loop
      vertex 3 5.47753 28.4
      vertex 3 2 31.6
      vertex 3 2 28.4
    endloop
  endfacet
  facet normal 1 -0 0
    outer loop
      vertex 3 2 27.6
      vertex 3 9.54863 24.4
      vertex 3 9.54863 27.6
    endloop
  endfacet
  facet normal 1 0 0
    outer loop
      vertex 3 9.54863 24.4
      vertex 3 2 27.6
      vertex 3 2 24.4
    endloop
  endfacet
  facet normal 1 -0 0
    outer loop
      vertex 3 2 23.6
      vertex 3 5.35975 20.4
      vertex 3 5.35975 23.6
    endloop
  endfacet
  facet normal 1 0 0
    outer loop
      vertex 3 5.35975 20.4
      vertex 3 2 23.6
      vertex 3 2 20.4
    endloop
  endfacet
  facet normal 1 -0 0
    outer loop
      vertex 3 2 15.6
      vertex 3 5.20472 12.4
      vertex 3 5.20472 15.6
    endloop
  endfacet
  facet normal 1 0 0
    outer loop
      vertex 3 5.20472 12.4
      vertex 3 2 15.6
      vertex 3 2 12.4
    endloop
  endfacet
  facet normal 1 -0 0
    outer loop
      vertex 3 2 7.6
      vertex 3 5.63584 4.4
      vertex 3 5.63584 7.6
    endloop
  endfacet
  facet normal 1 0 0
    outer loop
      vertex 3 5.63584 4.4
      vertex 3 2 7.6
      vertex 3 2 4.4
    endloop
  endfacet
  facet normal 1 -0 0
    outer loop
      vertex 3 6.43584 7.6
      vertex 3 13.495 4.4
      vertex 3 13.495 7.6
    endloop
  endfacet
  facet normal 1 0 0
    outer loop
      vertex 3 13.495 4.4
      vertex 3 6.43584 7.6
      vertex 3 6.43584 4.4
    endloop
  endfacet
  facet normal 1 -0 0
    outer loop
      vertex 3 6.00472 15.6
      vertex 3 13.5459 12.4
      vertex 3 13.5459 15.6
    endloop
  endfacet
  facet normal 1 0 0
    outer loop
      vertex 3 13.5459 12.4
      vertex 3 6.00472 15.6
      vertex 3 6.00472 12.4
    endloop
  endfacet
  facet normal 1 -0 0
    outer loop
      vertex 3 10.3645 11.6
      vertex 3 17.8623 8.4
      vertex 3 17.8623 11.6
    endloop
  endfacet
  facet normal 1 0 0
    outer loop
      vertex 3 17.8623 8.4
      vertex 3 10.3645 11.6
      vertex 3 10.3645 8.4
    endloop
  endfacet
  facet normal 1 -0 0
    outer loop
      vertex 3 10.6501 19.6
      vertex 3 17.3473 16.4
      vertex 3 17.3473 19.6
    endloop
  endfacet
  facet normal 1 0 0
    outer loop
      vertex 3 17.3473 16.4
      vertex 3 10.6501 19.6
      vertex 3 10.6501 16.4
    endloop
  endfacet
  facet normal 1 -0 0
    outer loop
      vertex 3 10.3486 27.6
      vertex 3 17.4702 24.4
      vertex 3 17.4702 27.6
    endloop
  endfacet
  facet normal 1 0 0
    outer loop
      vertex 3 17.4702 24.4
      vertex 3 10.3486 27.6
      vertex 3 10.3486 24.4
    endloop
  endfacet
  facet normal 1 -0 0
    outer loop
      vertex 3 6.27753 31.6
      vertex 3 13.2626 28.4
      vertex 3 13.2626 31.6
    endloop
  endfacet
  facet normal 1 0 0
    outer loop
      vertex 3 13.2626 28.4
      vertex 3 6.27753 31.6
      vertex 3 6.27753 28.4
    endloop
  endfacet
  facet normal 1 -0 0
    outer loop
      vertex 3 10.7721 35.6
      vertex 3 17.417 32.4
      vertex 3 17.417 35.6
    endloop
  endfacet
  facet normal 1 0 0
    outer loop
      vertex 3 17.417 32.4
      vertex 3 10.7721 35.6
      vertex 3 10.7721 32.4
    endloop
  endfacet
  facet normal 1 -0 0
    outer loop
      vertex 3 6.78076 39.6
      vertex 3 13.9659 36.4
      vertex 3 13.9659 39.6
    endloop
  endfacet
  facet normal 1 0 0
    outer loop
      vertex 3 13.9659 36.4
      vertex 3 6.78076 39.6
      vertex 3 6.78076 36.4
    endloop
  endfacet
  facet normal 1 -0 0
    outer loop
      vertex 3 10.153 43.6
      vertex 3 17.4827 40.4
      vertex 3 17.4827 43.6
    endloop
  endfacet
  facet normal 1 0 0
    outer loop
      vertex 3 17.4827 40.4
      vertex 3 10.153 43.6
      vertex 3 10.153 40.4
    endloop
  endfacet
  facet normal 0 1 0
    outer loop
      vertex -14.5256 3 7.6
      vertex -14.5256 3 4.4
      vertex -20.4 3 7.6
    endloop
  endfacet
  facet normal 0 1 0
    outer loop
      vertex -14.7581 3 15.6
      vertex -14.7581 3 12.4
      vertex -20.4 3 15.6
    endloop
  endfacet
  facet normal 0 1 0
    outer loop
      vertex -14.2787 3 23.6
      vertex -14.2787 3 20.4
      vertex -20.4 3 23.6
    endloop
  endfacet
  facet normal 0 1 0
    outer loop
      vertex -18.7749 3 35.6
      vertex -18.7749 3 32.4
      vertex -20.4 3 35.6
    endloop
  endfacet
  facet normal 0 1 0
    outer loop
      vertex -14.6641 3 48
      vertex -3 3 50.8
      vertex -5.22447 3 48
    endloop
  endfacet
  facet normal 0 1 -0
    outer loop
      vertex -3 3 44.4
      vertex -5.22447 3 48
      vertex -3 3 50.8
    endloop
  endfacet
  facet normal 0 1 0
    outer loop
      vertex -5.22447 3 48
      vertex -3 3 44.4
      vertex -5.22447 3 44.4
    endloop
  endfacet
  facet normal 0 1 0
    outer loop
      vertex -3 3 50.8
      vertex -14.6641 3 48
      vertex -25.4 3 50.8
    endloop
  endfacet
  facet normal 0 1 0
    outer loop
      vertex -20.4 3 44.4
      vertex -14.6641 3 48
      vertex -14.6641 3 44.4
    endloop
  endfacet
  facet normal 0 1 0
    outer loop
      vertex -14.6641 3 48
      vertex -20.4 3 44.4
      vertex -25.4 3 50.8
    endloop
  endfacet
  facet normal 0 1 -0
    outer loop
      vertex -20.4 3 35.6
      vertex -25.4 3 50.8
      vertex -20.4 3 44.4
    endloop
  endfacet
  facet normal 0 1 0
    outer loop
      vertex -20.4 3 32.4
      vertex -20.4 3 35.6
      vertex -18.7749 3 32.4
    endloop
  endfacet
  facet normal 0 1 -0
    outer loop
      vertex -20.4 3 32.4
      vertex -25.4 3 50.8
      vertex -20.4 3 35.6
    endloop
  endfacet
  facet normal 0 1 -0
    outer loop
      vertex -20.4 3 23.6
      vertex -25.4 3 50.8
      vertex -20.4 3 32.4
    endloop
  endfacet
  facet normal 0 1 0
    outer loop
      vertex -20.4 3 20.4
      vertex -20.4 3 23.6
      vertex -14.2787 3 20.4
    endloop
  endfacet
  facet normal 0 1 0
    outer loop
      vertex -25.4 3 0
      vertex -20.4 3 23.6
      vertex -20.4 3 20.4
    endloop
  endfacet
  facet normal 0 1 0
    outer loop
      vertex -25.4 3 0
      vertex -20.4 3 20.4
      vertex -20.4 3 15.6
    endloop
  endfacet
  facet normal 0 1 0
    outer loop
      vertex -20.4 3 12.4
      vertex -20.4 3 15.6
      vertex -14.7581 3 12.4
    endloop
  endfacet
  facet normal 0 1 0
    outer loop
      vertex -25.4 3 0
      vertex -20.4 3 15.6
      vertex -20.4 3 12.4
    endloop
  endfacet
  facet normal 0 1 0
    outer loop
      vertex -25.4 3 0
      vertex -20.4 3 12.4
      vertex -20.4 3 7.6
    endloop
  endfacet
  facet normal 0 1 0
    outer loop
      vertex -20.4 3 4.4
      vertex -20.4 3 7.6
      vertex -14.5256 3 4.4
    endloop
  endfacet
  facet normal 0 1 0
    outer loop
      vertex -25.4 3 0
      vertex -20.4 3 7.6
      vertex -20.4 3 4.4
    endloop
  endfacet
  facet normal 0 1 0
    outer loop
      vertex -25.4 3 0
      vertex -20.4 3 4.4
      vertex -20.4 3 0
    endloop
  endfacet
  facet normal 0 1 0
    outer loop
      vertex -20.4 3 23.6
      vertex -25.4 3 0
      vertex -25.4 3 50.8
    endloop
  endfacet
  facet normal 0 1 -0
    outer loop
      vertex -10.137 3 0
      vertex -17.9539 3 3.6
      vertex -10.137 3 3.6
    endloop
  endfacet
  facet normal 0 1 0
    outer loop
      vertex -17.9539 3 3.6
      vertex -10.137 3 0
      vertex -17.9539 3 0
    endloop
  endfacet
  facet normal 0 1 -0
    outer loop
      vertex -3 3 4.4
      vertex -5.21165 3 7.6
      vertex -3 3 7.6
    endloop
  endfacet
  facet normal 0 1 0
    outer loop
      vertex -5.21165 3 7.6
      vertex -3 3 4.4
      vertex -5.21165 3 4.4
    endloop
  endfacet
  facet normal 0 1 -0
    outer loop
      vertex -3 3 12.4
      vertex -5.36188 3 15.6
      vertex -3 3 15.6
    endloop
  endfacet
  facet normal 0 1 0
    outer loop
      vertex -5.36188 3 15.6
      vertex -3 3 12.4
      vertex -5.36188 3 12.4
    endloop
  endfacet
  facet normal 0 1 -0
    outer loop
      vertex -3 3 20.4
      vertex -5.4175 3 23.6
      vertex -3 3 23.6
    endloop
  endfacet
  facet normal 0 1 0
    outer loop
      vertex -5.4175 3 23.6
      vertex -3 3 20.4
      vertex -5.4175 3 20.4
    endloop
  endfacet
  facet normal 0 1 -0
    outer loop
      vertex -3 3 28.4
      vertex -5.40343 3 31.6
      vertex -3 3 31.6
    endloop
  endfacet
  facet normal 0 1 0
    outer loop
      vertex -5.40343 3 31.6
      vertex -3 3 28.4
      vertex -5.40343 3 28.4
    endloop
  endfacet
  facet normal 0 1 -0
    outer loop
      vertex -3 3 36.4
      vertex -5.32603 3 39.6
      vertex -3 3 39.6
    endloop
  endfacet
  facet normal 0 1 0
    outer loop
      vertex -5.32603 3 39.6
      vertex -3 3 36.4
      vertex -5.32603 3 36.4
    endloop
  endfacet
  facet normal 0 1 -0
    outer loop
      vertex -6.16188 3 12.4
      vertex -13.9581 3 15.6
      vertex -6.16188 3 15.6
    endloop
  endfacet
  facet normal 0 1 0
    outer loop
      vertex -13.9581 3 15.6
      vertex -6.16188 3 12.4
      vertex -13.9581 3 12.4
    endloop
  endfacet
  facet normal 0 1 -0
    outer loop
      vertex -10.1635 3 16.4
      vertex -17.5749 3 19.6
      vertex -10.1635 3 19.6
    endloop
  endfacet
  facet normal 0 1 0
    outer loop
      vertex -17.5749 3 19.6
      vertex -10.1635 3 16.4
      vertex -17.5749 3 16.4
    endloop
  endfacet
  facet normal 0 1 -0
    outer loop
      vertex -3.01 3 24.4
      vertex -9.71944 3 27.6
      vertex -3.01 3 27.6
    endloop
  endfacet
  facet normal 0 1 0
    outer loop
      vertex -9.71944 3 27.6
      vertex -3.01 3 24.4
      vertex -9.71944 3 24.4
    endloop
  endfacet
  facet normal 0 1 -0
    outer loop
      vertex -10.5194 3 24.4
      vertex -17.4737 3 27.6
      vertex -10.5194 3 27.6
    endloop
  endfacet
  facet normal 0 1 0
    outer loop
      vertex -17.4737 3 27.6
      vertex -10.5194 3 24.4
      vertex -17.4737 3 24.4
    endloop
  endfacet
  facet normal 0 1 -0
    outer loop
      vertex -3.01 3 32.4
      vertex -9.93152 3 35.6
      vertex -3.01 3 35.6
    endloop
  endfacet
  facet normal 0 1 0
    outer loop
      vertex -9.93152 3 35.6
      vertex -3.01 3 32.4
      vertex -9.93152 3 32.4
    endloop
  endfacet
  facet normal 0 1 -0
    outer loop
      vertex -10.7315 3 32.4
      vertex -17.9749 3 35.6
      vertex -10.7315 3 35.6
    endloop
  endfacet
  facet normal 0 1 0
    outer loop
      vertex -17.9749 3 35.6
      vertex -10.7315 3 32.4
      vertex -17.9749 3 32.4
    endloop
  endfacet
  facet normal 0 1 -0
    outer loop
      vertex -3.01 3 40.4
      vertex -9.51505 3 43.6
      vertex -3.01 3 43.6
    endloop
  endfacet
  facet normal 0 1 0
    outer loop
      vertex -9.51505 3 43.6
      vertex -3.01 3 40.4
      vertex -9.51505 3 40.4
    endloop
  endfacet
  facet normal 0 1 -0
    outer loop
      vertex -10.315 3 40.4
      vertex -17.4841 3 43.6
      vertex -10.315 3 43.6
    endloop
  endfacet
  facet normal 0 1 0
    outer loop
      vertex -17.4841 3 43.6
      vertex -10.315 3 40.4
      vertex -17.4841 3 40.4
    endloop
  endfacet
  facet normal 0 -1 0
    outer loop
      vertex -9.95618 -3 3.6
      vertex -9.95618 -3 0
      vertex -2 -3 3.6
    endloop
  endfacet
  facet normal 0 -1 0
    outer loop
      vertex -5.63112 -3 7.6
      vertex -5.63112 -3 4.4
      vertex -2 -3 7.6
    endloop
  endfacet
  facet normal 0 -1 0
    outer loop
      vertex -5.54029 -3 15.6
      vertex -5.54029 -3 12.4
      vertex -2 -3 15.6
    endloop
  endfacet
  facet normal 0 -1 0
    outer loop
      vertex -5.25137 -3 23.6
      vertex -5.25137 -3 20.4
      vertex -2 -3 23.6
    endloop
  endfacet
  facet normal 0 -1 0
    outer loop
      vertex -9.27093 -3 27.6
      vertex -9.27093 -3 24.4
      vertex -2 -3 27.6
    endloop
  endfacet
  facet normal 0 -1 0
    outer loop
      vertex -5.61725 -3 31.6
      vertex -5.61725 -3 28.4
      vertex -2 -3 31.6
    endloop
  endfacet
  facet normal 0 -1 0
    outer loop
      vertex -5.86524 -3 39.6
      vertex -5.86524 -3 36.4
      vertex -2 -3 39.6
    endloop
  endfacet
  facet normal 0 -1 0
    outer loop
      vertex -9.20396 -3 43.6
      vertex -9.20396 -3 40.4
      vertex -2 -3 43.6
    endloop
  endfacet
  facet normal 0 -1 0
    outer loop
      vertex -5.70256 -3 48
      vertex -25.4 -3 50.8
      vertex -20.4 -3 48
    endloop
  endfacet
  facet normal 0 -1 0
    outer loop
      vertex -25.4 -3 50.8
      vertex -20.4 -3 35.6
      vertex -20.4 -3 48
    endloop
  endfacet
  facet normal 0 -1 0
    outer loop
      vertex -20.4 -3 35.6
      vertex -20.4 -3 32.4
      vertex -18.0553 -3 35.6
    endloop
  endfacet
  facet normal 0 -1 0
    outer loop
      vertex -25.4 -3 50.8
      vertex -20.4 -3 32.4
      vertex -20.4 -3 35.6
    endloop
  endfacet
  facet normal 0 -1 0
    outer loop
      vertex -25.4 -3 50.8
      vertex -20.4 -3 31.6
      vertex -20.4 -3 32.4
    endloop
  endfacet
  facet normal 0 -1 0
    outer loop
      vertex -20.4 -3 31.6
      vertex -20.4 -3 28.4
      vertex -14.5997 -3 31.6
    endloop
  endfacet
  facet normal 0 -1 0
    outer loop
      vertex -25.4 -3 50.8
      vertex -20.4 -3 28.4
      vertex -20.4 -3 31.6
    endloop
  endfacet
  facet normal 0 -1 0
    outer loop
      vertex -25.4 -3 50.8
      vertex -20.4 -3 23.6
      vertex -20.4 -3 28.4
    endloop
  endfacet
  facet normal 0 -1 0
    outer loop
      vertex -20.4 -3 23.6
      vertex -20.4 -3 20.4
      vertex -14.2912 -3 23.6
    endloop
  endfacet
  facet normal 0 -1 0
    outer loop
      vertex -25.4 -3 0
      vertex -20.4 -3 23.6
      vertex -25.4 -3 50.8
    endloop
  endfacet
  facet normal 0 -1 -0
    outer loop
      vertex -20.4 -3 23.6
      vertex -25.4 -3 0
      vertex -20.4 -3 20.4
    endloop
  endfacet
  facet normal 0 -1 0
    outer loop
      vertex -20.4 -3 19.6
      vertex -20.4 -3 16.4
      vertex -18.1882 -3 19.6
    endloop
  endfacet
  facet normal 0 -1 -0
    outer loop
      vertex -20.4 -3 20.4
      vertex -25.4 -3 0
      vertex -20.4 -3 19.6
    endloop
  endfacet
  facet normal 0 -1 -0
    outer loop
      vertex -20.4 -3 19.6
      vertex -25.4 -3 0
      vertex -20.4 -3 16.4
    endloop
  endfacet
  facet normal 0 -1 0
    outer loop
      vertex -20.4 -3 15.6
      vertex -20.4 -3 12.4
      vertex -14.1762 -3 15.6
    endloop
  endfacet
  facet normal 0 -1 -0
    outer loop
      vertex -20.4 -3 16.4
      vertex -25.4 -3 0
      vertex -20.4 -3 15.6
    endloop
  endfacet
  facet normal 0 -1 -0
    outer loop
      vertex -20.4 -3 15.6
      vertex -25.4 -3 0
      vertex -20.4 -3 12.4
    endloop
  endfacet
  facet normal 0 -1 0
    outer loop
      vertex -20.4 -3 11.6
      vertex -20.4 -3 8.4
      vertex -18.4977 -3 11.6
    endloop
  endfacet
  facet normal 0 -1 -0
    outer loop
      vertex -20.4 -3 12.4
      vertex -25.4 -3 0
      vertex -20.4 -3 11.6
    endloop
  endfacet
  facet normal 0 -1 -0
    outer loop
      vertex -20.4 -3 11.6
      vertex -25.4 -3 0
      vertex -20.4 -3 8.4
    endloop
  endfacet
  facet normal 0 -1 0
    outer loop
      vertex -20.4 -3 7.6
      vertex -20.4 -3 4.4
      vertex -14.4803 -3 7.6
    endloop
  endfacet
  facet normal 0 -1 -0
    outer loop
      vertex -20.4 -3 8.4
      vertex -25.4 -3 0
      vertex -20.4 -3 7.6
    endloop
  endfacet
  facet normal 0 -1 -0
    outer loop
      vertex -20.4 -3 7.6
      vertex -25.4 -3 0
      vertex -20.4 -3 4.4
    endloop
  endfacet
  facet normal 0 -1 -0
    outer loop
      vertex -20.4 -3 4.4
      vertex -25.4 -3 0
      vertex -20.4 -3 0
    endloop
  endfacet
  facet normal 0 -1 0
    outer loop
      vertex -25.4 -3 50.8
      vertex -5.70256 -3 48
      vertex 3 -3 50.8
    endloop
  endfacet
  facet normal 0 -1 0
    outer loop
      vertex -2 -3 44.4
      vertex -5.70256 -3 48
      vertex -5.70256 -3 44.4
    endloop
  endfacet
  facet normal 0 -1 0
    outer loop
      vertex -5.70256 -3 48
      vertex -2 -3 44.4
      vertex 3 -3 50.8
    endloop
  endfacet
  facet normal 0 -1 0
    outer loop
      vertex -2 -3 43.6
      vertex 3 -3 50.8
      vertex -2 -3 44.4
    endloop
  endfacet
  facet normal 0 -1 0
    outer loop
      vertex -2 -3 40.4
      vertex -2 -3 43.6
      vertex -9.20396 -3 40.4
    endloop
  endfacet
  facet normal 0 -1 0
    outer loop
      vertex -2 -3 40.4
      vertex 3 -3 50.8
      vertex -2 -3 43.6
    endloop
  endfacet
  facet normal 0 -1 0
    outer loop
      vertex -2 -3 39.6
      vertex 3 -3 50.8
      vertex -2 -3 40.4
    endloop
  endfacet
  facet normal 0 -1 0
    outer loop
      vertex -2 -3 36.4
      vertex -2 -3 39.6
      vertex -5.86524 -3 36.4
    endloop
  endfacet
  facet normal 0 -1 0
    outer loop
      vertex -2 -3 36.4
      vertex 3 -3 50.8
      vertex -2 -3 39.6
    endloop
  endfacet
  facet normal 0 -1 0
    outer loop
      vertex -2 -3 31.6
      vertex 3 -3 50.8
      vertex -2 -3 36.4
    endloop
  endfacet
  facet normal 0 -1 0
    outer loop
      vertex -2 -3 28.4
      vertex -2 -3 31.6
      vertex -5.61725 -3 28.4
    endloop
  endfacet
  facet normal 0 -1 0
    outer loop
      vertex -2 -3 28.4
      vertex 3 -3 50.8
      vertex -2 -3 31.6
    endloop
  endfacet
  facet normal 0 -1 0
    outer loop
      vertex -2 -3 27.6
      vertex 3 -3 50.8
      vertex -2 -3 28.4
    endloop
  endfacet
  facet normal 0 -1 0
    outer loop
      vertex -2 -3 24.4
      vertex -2 -3 27.6
      vertex -9.27093 -3 24.4
    endloop
  endfacet
  facet normal 0 -1 0
    outer loop
      vertex -2 -3 24.4
      vertex 3 -3 50.8
      vertex -2 -3 27.6
    endloop
  endfacet
  facet normal 0 -1 0
    outer loop
      vertex 3 -3 0
      vertex -2 -3 24.4
      vertex -2 -3 23.6
    endloop
  endfacet
  facet normal 0 -1 0
    outer loop
      vertex -2 -3 20.4
      vertex -2 -3 23.6
      vertex -5.25137 -3 20.4
    endloop
  endfacet
  facet normal 0 -1 0
    outer loop
      vertex 3 -3 0
      vertex -2 -3 23.6
      vertex -2 -3 20.4
    endloop
  endfacet
  facet normal 0 -1 0
    outer loop
      vertex 3 -3 0
      vertex -2 -3 20.4
      vertex -2 -3 15.6
    endloop
  endfacet
  facet normal 0 -1 0
    outer loop
      vertex -2 -3 12.4
      vertex -2 -3 15.6
      vertex -5.54029 -3 12.4
    endloop
  endfacet
  facet normal 0 -1 0
    outer loop
      vertex 3 -3 0
      vertex -2 -3 15.6
      vertex -2 -3 12.4
    endloop
  endfacet
  facet normal 0 -1 0
    outer loop
      vertex 3 -3 0
      vertex -2 -3 12.4
      vertex -2 -3 7.6
    endloop
  endfacet
  facet normal 0 -1 0
    outer loop
      vertex -2 -3 4.4
      vertex -2 -3 7.6
      vertex -5.63112 -3 4.4
    endloop
  endfacet
  facet normal 0 -1 0
    outer loop
      vertex 3 -3 0
      vertex -2 -3 7.6
      vertex -2 -3 4.4
    endloop
  endfacet
  facet normal 0 -1 0
    outer loop
      vertex 3 -3 0
      vertex -2 -3 4.4
      vertex -2 -3 3.6
    endloop
  endfacet
  facet normal 0 -1 0
    outer loop
      vertex -2 -3 24.4
      vertex 3 -3 0
      vertex 3 -3 50.8
    endloop
  endfacet
  facet normal 0 -1 0
    outer loop
      vertex 3 -3 0
      vertex -2 -3 3.6
      vertex -9.95618 -3 0
    endloop
  endfacet
  facet normal 0 -1 -0
    outer loop
      vertex -18.0553 -3 35.6
      vertex -20.4 -3 32.4
      vertex -18.0553 -3 32.4
    endloop
  endfacet
  facet normal 0 -1 -0
    outer loop
      vertex -14.5997 -3 31.6
      vertex -20.4 -3 28.4
      vertex -14.5997 -3 28.4
    endloop
  endfacet
  facet normal 0 -1 -0
    outer loop
      vertex -14.2912 -3 23.6
      vertex -20.4 -3 20.4
      vertex -14.2912 -3 20.4
    endloop
  endfacet
  facet normal 0 -1 -0
    outer loop
      vertex -18.1882 -3 19.6
      vertex -20.4 -3 16.4
      vertex -18.1882 -3 16.4
    endloop
  endfacet
  facet normal 0 -1 -0
    outer loop
      vertex -14.1762 -3 15.6
      vertex -20.4 -3 12.4
      vertex -14.1762 -3 12.4
    endloop
  endfacet
  facet normal 0 -1 -0
    outer loop
      vertex -18.4977 -3 11.6
      vertex -20.4 -3 8.4
      vertex -18.4977 -3 8.4
    endloop
  endfacet
  facet normal 0 -1 -0
    outer loop
      vertex -14.4803 -3 7.6
      vertex -20.4 -3 4.4
      vertex -14.4803 -3 4.4
    endloop
  endfacet
  facet normal 0 -1 0
    outer loop
      vertex -17.5552 -3 0
      vertex -10.7562 -3 3.6
      vertex -17.5552 -3 3.6
    endloop
  endfacet
  facet normal 0 -1 -0
    outer loop
      vertex -10.7562 -3 3.6
      vertex -17.5552 -3 0
      vertex -10.7562 -3 0
    endloop
  endfacet
  facet normal 0 -1 0
    outer loop
      vertex -13.6803 -3 4.4
      vertex -6.43112 -3 7.6
      vertex -13.6803 -3 7.6
    endloop
  endfacet
  facet normal 0 -1 -0
    outer loop
      vertex -6.43112 -3 7.6
      vertex -13.6803 -3 4.4
      vertex -6.43112 -3 4.4
    endloop
  endfacet
  facet normal 0 -1 0
    outer loop
      vertex -17.3882 -3 16.4
      vertex -10.3373 -3 19.6
      vertex -17.3882 -3 19.6
    endloop
  endfacet
  facet normal 0 -1 -0
    outer loop
      vertex -10.3373 -3 19.6
      vertex -17.3882 -3 16.4
      vertex -10.3373 -3 16.4
    endloop
  endfacet
  facet normal 0 -1 0
    outer loop
      vertex -13.4912 -3 20.4
      vertex -6.05137 -3 23.6
      vertex -13.4912 -3 23.6
    endloop
  endfacet
  facet normal 0 -1 -0
    outer loop
      vertex -6.05137 -3 23.6
      vertex -13.4912 -3 20.4
      vertex -6.05137 -3 20.4
    endloop
  endfacet
  facet normal 0 -1 0
    outer loop
      vertex -13.7997 -3 28.4
      vertex -6.41725 -3 31.6
      vertex -13.7997 -3 31.6
    endloop
  endfacet
  facet normal 0 -1 -0
    outer loop
      vertex -6.41725 -3 31.6
      vertex -13.7997 -3 28.4
      vertex -6.41725 -3 28.4
    endloop
  endfacet
  facet normal 0 -1 0
    outer loop
      vertex -17.5996 -3 40.4
      vertex -10.004 -3 43.6
      vertex -17.5996 -3 43.6
    endloop
  endfacet
  facet normal 0 -1 -0
    outer loop
      vertex -10.004 -3 43.6
      vertex -17.5996 -3 40.4
      vertex -10.004 -3 40.4
    endloop
  endfacet
  facet normal -1 0 0
    outer loop
      vertex -3 5.72835 44.4
      vertex -3 3 44.4
      vertex -3 5.72835 48
    endloop
  endfacet
  facet normal -1 0 0
    outer loop
      vertex -3 13.9629 44.4
      vertex -3 6.52835 44.4
      vertex -3 13.9629 48
    endloop
  endfacet
  facet normal -1 0 0
    outer loop
      vertex -3 18.6784 32.4
      vertex -3 20.4 35.6
      vertex -3 20.4 32.4
    endloop
  endfacet
  facet normal -1 -0 0
    outer loop
      vertex -3 20.4 35.6
      vertex -3 18.6784 32.4
      vertex -3 18.6784 35.6
    endloop
  endfacet
  facet normal -1 0 0
    outer loop
      vertex -3 14.5608 20.4
      vertex -3 20.4 23.6
      vertex -3 20.4 20.4
    endloop
  endfacet
  facet normal -1 -0 0
    outer loop
      vertex -3 20.4 23.6
      vertex -3 14.5608 20.4
      vertex -3 14.5608 23.6
    endloop
  endfacet
  facet normal -1 0 0
    outer loop
      vertex -3 18.7218 16.4
      vertex -3 20.4 19.6
      vertex -3 20.4 16.4
    endloop
  endfacet
  facet normal -1 -0 0
    outer loop
      vertex -3 20.4 19.6
      vertex -3 18.7218 16.4
      vertex -3 18.7218 19.6
    endloop
  endfacet
  facet normal -1 0 0
    outer loop
      vertex -3 20.4 16.4
      vertex -3 25.4 0
      vertex -3 20.4 0
    endloop
  endfacet
  facet normal -1 0 0
    outer loop
      vertex -3 20.4 19.6
      vertex -3 25.4 0
      vertex -3 20.4 16.4
    endloop
  endfacet
  facet normal -1 0 0
    outer loop
      vertex -3 20.4 20.4
      vertex -3 25.4 0
      vertex -3 20.4 19.6
    endloop
  endfacet
  facet normal -1 0 0
    outer loop
      vertex -3 20.4 23.6
      vertex -3 25.4 0
      vertex -3 20.4 20.4
    endloop
  endfacet
  facet normal -1 0 0
    outer loop
      vertex -3 25.4 0
      vertex -3 20.4 23.6
      vertex -3 25.4 50.8
    endloop
  endfacet
  facet normal -1 0 0
    outer loop
      vertex -3 20.4 32.4
      vertex -3 25.4 50.8
      vertex -3 20.4 23.6
    endloop
  endfacet
  facet normal -1 0 0
    outer loop
      vertex -3 20.4 35.6
      vertex -3 25.4 50.8
      vertex -3 20.4 32.4
    endloop
  endfacet
  facet normal -1 0 0
    outer loop
      vertex -3 20.4 48
      vertex -3 25.4 50.8
      vertex -3 20.4 35.6
    endloop
  endfacet
  facet normal -1 0 0
    outer loop
      vertex -3 13.9629 48
      vertex -3 25.4 50.8
      vertex -3 20.4 48
    endloop
  endfacet
  facet normal -1 0 0
    outer loop
      vertex -3 6.52835 48
      vertex -3 13.9629 48
      vertex -3 6.52835 44.4
    endloop
  endfacet
  facet normal -1 0 0
    outer loop
      vertex -3 3 50.8
      vertex -3 13.9629 48
      vertex -3 6.52835 48
    endloop
  endfacet
  facet normal -1 0 0
    outer loop
      vertex -3 3 50.8
      vertex -3 6.52835 48
      vertex -3 5.72835 48
    endloop
  endfacet
  facet normal -1 0 0
    outer loop
      vertex -3 13.9629 48
      vertex -3 3 50.8
      vertex -3 25.4 50.8
    endloop
  endfacet
  facet normal -1 0 0
    outer loop
      vertex -3 3 50.8
      vertex -3 5.72835 48
      vertex -3 3 44.4
    endloop
  endfacet
  facet normal -1 0 0
    outer loop
      vertex -3 3 4.4
      vertex -3 5.96051 7.6
      vertex -3 5.96051 4.4
    endloop
  endfacet
  facet normal -1 -0 0
    outer loop
      vertex -3 5.96051 7.6
      vertex -3 3 4.4
      vertex -3 3 7.6
    endloop
  endfacet
  facet normal -1 0 0
    outer loop
      vertex -3 3 12.4
      vertex -3 5.46439 15.6
      vertex -3 5.46439 12.4
    endloop
  endfacet
  facet normal -1 -0 0
    outer loop
      vertex -3 5.46439 15.6
      vertex -3 3 12.4
      vertex -3 3 15.6
    endloop
  endfacet
  facet normal -1 0 0
    outer loop
      vertex -3 3 20.4
      vertex -3 5.27956 23.6
      vertex -3 5.27956 20.4
    endloop
  endfacet
  facet normal -1 -0 0
    outer loop
      vertex -3 5.27956 23.6
      vertex -3 3 20.4
      vertex -3 3 23.6
    endloop
  endfacet
  facet normal -1 0 0
    outer loop
      vertex -3 3 28.4
      vertex -3 5.70235 31.6
      vertex -3 5.70235 28.4
    endloop
  endfacet
  facet normal -1 -0 0
    outer loop
      vertex -3 5.70235 31.6
      vertex -3 3 28.4
      vertex -3 3 31.6
    endloop
  endfacet
  facet normal -1 0 0
    outer loop
      vertex -3 3 36.4
      vertex -3 5.43141 39.6
      vertex -3 5.43141 36.4
    endloop
  endfacet
  facet normal -1 -0 0
    outer loop
      vertex -3 5.43141 39.6
      vertex -3 3 36.4
      vertex -3 3 39.6
    endloop
  endfacet
  facet normal -1 0 0
    outer loop
      vertex -3 3.01 16.4
      vertex -3 9.36223 19.6
      vertex -3 9.36223 16.4
    endloop
  endfacet
  facet normal -1 -0 0
    outer loop
      vertex -3 9.36223 19.6
      vertex -3 3.01 16.4
      vertex -3 3.01 19.6
    endloop
  endfacet
  facet normal -1 0 0
    outer loop
      vertex -3 6.26439 12.4
      vertex -3 13.8206 15.6
      vertex -3 13.8206 12.4
    endloop
  endfacet
  facet normal -1 -0 0
    outer loop
      vertex -3 13.8206 15.6
      vertex -3 6.26439 12.4
      vertex -3 6.26439 15.6
    endloop
  endfacet
  facet normal -1 0 0
    outer loop
      vertex -3 6.07956 20.4
      vertex -3 13.7608 23.6
      vertex -3 13.7608 20.4
    endloop
  endfacet
  facet normal -1 -0 0
    outer loop
      vertex -3 13.7608 23.6
      vertex -3 6.07956 20.4
      vertex -3 6.07956 23.6
    endloop
  endfacet
  facet normal -1 0 0
    outer loop
      vertex -3 10.0099 24.4
      vertex -3 17.5146 27.6
      vertex -3 17.5146 24.4
    endloop
  endfacet
  facet normal -1 -0 0
    outer loop
      vertex -3 17.5146 27.6
      vertex -3 10.0099 24.4
      vertex -3 10.0099 27.6
    endloop
  endfacet
  facet normal -1 0 0
    outer loop
      vertex -3 10.4886 32.4
      vertex -3 17.8784 35.6
      vertex -3 17.8784 32.4
    endloop
  endfacet
  facet normal -1 -0 0
    outer loop
      vertex -3 17.8784 35.6
      vertex -3 10.4886 32.4
      vertex -3 10.4886 35.6
    endloop
  endfacet
  facet normal -1 0 0
    outer loop
      vertex -3 6.23141 36.4
      vertex -3 13.7628 39.6
      vertex -3 13.7628 36.4
    endloop
  endfacet
  facet normal -1 -0 0
    outer loop
      vertex -3 13.7628 39.6
      vertex -3 6.23141 36.4
      vertex -3 6.23141 39.6
    endloop
  endfacet
  facet normal -1 0 0
    outer loop
      vertex -3 10.7298 40.4
      vertex -3 17.2213 43.6
      vertex -3 17.2213 40.4
    endloop
  endfacet
  facet normal -1 -0 0
    outer loop
      vertex -3 17.2213 43.6
      vertex -3 10.7298 40.4
      vertex -3 10.7298 43.6
    endloop
  endfacet
  facet normal -1 0 0
    outer loop
      vertex -29.4 -2.39999 0
      vertex -29.4 2.39999 50.8
      vertex -29.4 2.39999 0
    endloop
  endfacet
  facet normal -1 -0 0
    outer loop
      vertex -29.4 2.39999 50.8
      vertex -29.4 -2.39999 0
      vertex -29.4 -2.39999 50.8
    endloop
  endfacet
  facet normal 0.21899 -0.975727 0
    outer loop
      vertex -29.4 -2.39999 0
      vertex -25.4 -1.50224 50.8
      vertex -29.4 -2.39999 50.8
    endloop
  endfacet
  facet normal 0.21899 -0.975727 0
    outer loop
      vertex -25.4 -1.50224 50.8
      vertex -29.4 -2.39999 0
      vertex -25.4 -1.50224 0
    endloop
  endfacet
  facet normal 0.21899 0.975727 -0
    outer loop
      vertex -25.4 1.50224 0
      vertex -29.4 2.39999 50.8
      vertex -25.4 1.50224 50.8
    endloop
  endfacet
  facet normal 0.21899 0.975727 0
    outer loop
      vertex -29.4 2.39999 50.8
      vertex -25.4 1.50224 0
      vertex -29.4 2.39999 0
    endloop
  endfacet
  facet normal 1 0 0
    outer loop
      vertex -20.4 3 4.4
      vertex -20.4 2.77206 3.6
      vertex -20.4 3 0
    endloop
  endfacet
  facet normal 1 -0 0
    outer loop
      vertex -20.4 2.3 4.4
      vertex -20.4 2.77206 3.6
      vertex -20.4 3 4.4
    endloop
  endfacet
  facet normal 1 0 0
    outer loop
      vertex -20.4 2.77206 3.6
      vertex -20.4 2.3 4.4
      vertex -20.4 2.3 3.6
    endloop
  endfacet
  facet normal 1 0 0
    outer loop
      vertex -20.4 3 0
      vertex -20.4 2.77206 3.6
      vertex -20.4 2.77206 0
    endloop
  endfacet
  facet normal 0 0 -1
    outer loop
      vertex -3.01 2.3 4.4
      vertex -2.3 2.3 4.4
      vertex -2.3 2 4.4
    endloop
  endfacet
  facet normal 0 -0 -1
    outer loop
      vertex -3 3 4.4
      vertex -2.3 2.3 4.4
      vertex -3.01 2.3 4.4
    endloop
  endfacet
  facet normal 0 0 -1
    outer loop
      vertex -3 5.96051 4.4
      vertex -2.3 3.01 4.4
      vertex -3 3 4.4
    endloop
  endfacet
  facet normal 0 0 -1
    outer loop
      vertex -3.01 2.3 4.4
      vertex -2.3 2 4.4
      vertex -3.01 2 4.4
    endloop
  endfacet
  facet normal 0 0 -1
    outer loop
      vertex -2.3 2.3 4.4
      vertex -3 3 4.4
      vertex -2.3 3.01 4.4
    endloop
  endfacet
  facet normal 0 0 -1
    outer loop
      vertex -5.21165 3 4.4
      vertex -3.01 2.3 4.4
      vertex -5.21165 2.3 4.4
    endloop
  endfacet
  facet normal 0 0 -1
    outer loop
      vertex -3.01 2.3 4.4
      vertex -5.21165 3 4.4
      vertex -3 3 4.4
    endloop
  endfacet
  facet normal 0 0 -1
    outer loop
      vertex -2.3 2.3 4.4
      vertex -2 3.01 4.4
      vertex -2 2.3 4.4
    endloop
  endfacet
  facet normal -0 0 -1
    outer loop
      vertex -2 3.01 4.4
      vertex -2.3 2.3 4.4
      vertex -2.3 3.01 4.4
    endloop
  endfacet
  facet normal 0 0 -1
    outer loop
      vertex -2.3 3.01 4.4
      vertex -3 5.96051 4.4
      vertex -2.3 5.96051 4.4
    endloop
  endfacet
  facet normal 0 0 -1
    outer loop
      vertex -20.4 2.3 4.4
      vertex -14.5256 3 4.4
      vertex -14.5256 2.3 4.4
    endloop
  endfacet
  facet normal -0 0 -1
    outer loop
      vertex -14.5256 3 4.4
      vertex -20.4 2.3 4.4
      vertex -20.4 3 4.4
    endloop
  endfacet
  facet normal 0 0 -1
    outer loop
      vertex -13.7256 2.3 4.4
      vertex -6.01165 2.76006 4.4
      vertex -6.01165 2.3 4.4
    endloop
  endfacet
  facet normal -0 0 -1
    outer loop
      vertex -6.01165 2.76006 4.4
      vertex -13.7256 2.3 4.4
      vertex -13.7256 2.76006 4.4
    endloop
  endfacet
  facet normal -0 0 1
    outer loop
      vertex -20.4 2.77206 3.6
      vertex -18.7539 2.3 3.6
      vertex -18.7539 2.77206 3.6
    endloop
  endfacet
  facet normal 0 0 1
    outer loop
      vertex -18.7539 2.3 3.6
      vertex -20.4 2.77206 3.6
      vertex -20.4 2.3 3.6
    endloop
  endfacet
  facet normal 0 0 1
    outer loop
      vertex -2 2.81809 3.6
      vertex -2.3 2.3 3.6
      vertex -2 2.3 3.6
    endloop
  endfacet
  facet normal -0 0 1
    outer loop
      vertex -2.72804 2.81809 3.6
      vertex -2.3 2.3 3.6
      vertex -2 2.81809 3.6
    endloop
  endfacet
  facet normal 0 0 1
    outer loop
      vertex -2.72804 2 3.6
      vertex -2.3 2.3 3.6
      vertex -2.72804 2.81809 3.6
    endloop
  endfacet
  facet normal 0 0 1
    outer loop
      vertex -2.3 2.3 3.6
      vertex -2.72804 2 3.6
      vertex -2.3 2 3.6
    endloop
  endfacet
  facet normal -0 0 1
    outer loop
      vertex -9.33696 2.81809 3.6
      vertex -3.01 2.3 3.6
      vertex -3.01 2.81809 3.6
    endloop
  endfacet
  facet normal 0 0 1
    outer loop
      vertex -3.01 2.3 3.6
      vertex -9.33696 2.81809 3.6
      vertex -9.33696 2.3 3.6
    endloop
  endfacet
  facet normal -0 0 1
    outer loop
      vertex -2.72804 9.69643 3.6
      vertex -2.3 3.01 3.6
      vertex -2.3 9.69643 3.6
    endloop
  endfacet
  facet normal 0 0 1
    outer loop
      vertex -2.3 3.01 3.6
      vertex -2.72804 9.69643 3.6
      vertex -2.72804 3.01 3.6
    endloop
  endfacet
  facet normal -0 0 1
    outer loop
      vertex -17.9539 3 3.6
      vertex -10.137 2.3 3.6
      vertex -10.137 3 3.6
    endloop
  endfacet
  facet normal 0 0 1
    outer loop
      vertex -10.137 2.3 3.6
      vertex -17.9539 3 3.6
      vertex -17.9539 2.3 3.6
    endloop
  endfacet
  facet normal -1 0 0
    outer loop
      vertex -2 2.81809 3.6
      vertex -2 3.01 0
      vertex -2 2.81809 0
    endloop
  endfacet
  facet normal -1 0 0
    outer loop
      vertex -2 3.01 0
      vertex -2 2.81809 3.6
      vertex -2 3.01 4.4
    endloop
  endfacet
  facet normal -1 0 0
    outer loop
      vertex -2 2.3 4.4
      vertex -2 2.81809 3.6
      vertex -2 2.3 3.6
    endloop
  endfacet
  facet normal -1 0 0
    outer loop
      vertex -2 2.81809 3.6
      vertex -2 2.3 4.4
      vertex -2 3.01 4.4
    endloop
  endfacet
  facet normal 0 -1 0
    outer loop
      vertex -2.3 3.01 39.6
      vertex -2 3.01 40.4
      vertex -2.3 3.01 40.4
    endloop
  endfacet
  facet normal 0 -1 -0
    outer loop
      vertex -2 3.01 40.4
      vertex -2.3 3.01 39.6
      vertex -2 3.01 39.6
    endloop
  endfacet
  facet normal 0 -1 0
    outer loop
      vertex -2.3 3.01 23.6
      vertex -2 3.01 24.4
      vertex -2.3 3.01 24.4
    endloop
  endfacet
  facet normal 0 -1 -0
    outer loop
      vertex -2 3.01 24.4
      vertex -2.3 3.01 23.6
      vertex -2 3.01 23.6
    endloop
  endfacet
  facet normal 0 -1 0
    outer loop
      vertex -2.3 3.01 35.6
      vertex -2 3.01 36.4
      vertex -2.3 3.01 36.4
    endloop
  endfacet
  facet normal 0 -1 -0
    outer loop
      vertex -2 3.01 36.4
      vertex -2.3 3.01 35.6
      vertex -2 3.01 35.6
    endloop
  endfacet
  facet normal 0 -1 0
    outer loop
      vertex -2.3 3.01 31.6
      vertex -2 3.01 32.4
      vertex -2.3 3.01 32.4
    endloop
  endfacet
  facet normal 0 -1 -0
    outer loop
      vertex -2 3.01 32.4
      vertex -2.3 3.01 31.6
      vertex -2 3.01 31.6
    endloop
  endfacet
  facet normal 0 -1 0
    outer loop
      vertex -3 3.01 19.6
      vertex -3 3.01 16.4
      vertex -2.3 3.01 19.6
    endloop
  endfacet
  facet normal 0 -1 0
    outer loop
      vertex -2.3 3.01 19.6
      vertex -2 3.01 20.4
      vertex -2.3 3.01 20.4
    endloop
  endfacet
  facet normal 0 -1 0
    outer loop
      vertex -2.3 3.01 16.4
      vertex -2.3 3.01 19.6
      vertex -3 3.01 16.4
    endloop
  endfacet
  facet normal 0 -1 0
    outer loop
      vertex -2.3 3.01 19.6
      vertex -2.3 3.01 16.4
      vertex -2 3.01 20.4
    endloop
  endfacet
  facet normal 0 -1 0
    outer loop
      vertex -2 3.01 15.6
      vertex -2.3 3.01 16.4
      vertex -2.3 3.01 15.6
    endloop
  endfacet
  facet normal 0 -1 0
    outer loop
      vertex -2.3 3.01 16.4
      vertex -2 3.01 15.6
      vertex -2 3.01 20.4
    endloop
  endfacet
  facet normal 0 -1 0
    outer loop
      vertex -2.72804 3.01 3.6
      vertex -2.72804 3.01 0
      vertex -2.3 3.01 3.6
    endloop
  endfacet
  facet normal 0 -1 0
    outer loop
      vertex -2.3 3.01 3.6
      vertex -2 3.01 4.4
      vertex -2.3 3.01 4.4
    endloop
  endfacet
  facet normal 0 -1 0
    outer loop
      vertex -2 3.01 0
      vertex -2.3 3.01 3.6
      vertex -2.72804 3.01 0
    endloop
  endfacet
  facet normal 0 -1 0
    outer loop
      vertex -2.3 3.01 3.6
      vertex -2 3.01 0
      vertex -2 3.01 4.4
    endloop
  endfacet
  facet normal 0 -1 0
    outer loop
      vertex -2.7714 3.01 11.6
      vertex -2.7714 3.01 8.4
      vertex -2.3 3.01 11.6
    endloop
  endfacet
  facet normal 0 -1 0
    outer loop
      vertex -2.3 3.01 11.6
      vertex -2 3.01 12.4
      vertex -2.3 3.01 12.4
    endloop
  endfacet
  facet normal 0 -1 0
    outer loop
      vertex -2.3 3.01 8.4
      vertex -2.3 3.01 11.6
      vertex -2.7714 3.01 8.4
    endloop
  endfacet
  facet normal 0 -1 0
    outer loop
      vertex -2.3 3.01 11.6
      vertex -2.3 3.01 8.4
      vertex -2 3.01 12.4
    endloop
  endfacet
  facet normal 0 -1 0
    outer loop
      vertex -2 3.01 7.6
      vertex -2.3 3.01 8.4
      vertex -2.3 3.01 7.6
    endloop
  endfacet
  facet normal 0 -1 0
    outer loop
      vertex -2.3 3.01 8.4
      vertex -2 3.01 7.6
      vertex -2 3.01 12.4
    endloop
  endfacet
  facet normal 0 -1 0
    outer loop
      vertex -2.3 3.01 27.6
      vertex -2 3.01 28.4
      vertex -2.3 3.01 28.4
    endloop
  endfacet
  facet normal 0 -1 -0
    outer loop
      vertex -2 3.01 28.4
      vertex -2.3 3.01 27.6
      vertex -2 3.01 27.6
    endloop
  endfacet
  facet normal 0 -1 0
    outer loop
      vertex -2.3 3.01 43.6
      vertex -2 3.01 44.4
      vertex -2.3 3.01 44.4
    endloop
  endfacet
  facet normal 0 -1 -0
    outer loop
      vertex -2 3.01 44.4
      vertex -2.3 3.01 43.6
      vertex -2 3.01 43.6
    endloop
  endfacet
  facet normal 0 1 -0
    outer loop
      vertex -2 2.3 39.6
      vertex -2.3 2.3 40.4
      vertex -2 2.3 40.4
    endloop
  endfacet
  facet normal 0 1 0
    outer loop
      vertex -2.3 2.3 40.4
      vertex -2 2.3 39.6
      vertex -2.3 2.3 39.6
    endloop
  endfacet
  facet normal 0 1 -0
    outer loop
      vertex -17.9539 2.3 0
      vertex -18.7539 2.3 3.6
      vertex -17.9539 2.3 3.6
    endloop
  endfacet
  facet normal 0 1 0
    outer loop
      vertex -18.7539 2.3 3.6
      vertex -17.9539 2.3 0
      vertex -18.7539 2.3 0
    endloop
  endfacet
  facet normal 0 1 -0
    outer loop
      vertex -9.33696 2.3 0
      vertex -10.137 2.3 3.6
      vertex -9.33696 2.3 3.6
    endloop
  endfacet
  facet normal 0 1 0
    outer loop
      vertex -10.137 2.3 3.6
      vertex -9.33696 2.3 0
      vertex -10.137 2.3 0
    endloop
  endfacet
  facet normal 0 1 -0
    outer loop
      vertex -3.01 2.3 3.6
      vertex -5.21165 2.3 4.4
      vertex -3.01 2.3 4.4
    endloop
  endfacet
  facet normal 0 1 0
    outer loop
      vertex -5.21165 2.3 4.4
      vertex -3.01 2.3 3.6
      vertex -6.01165 2.3 4.4
    endloop
  endfacet
  facet normal 0 1 0
    outer loop
      vertex -10.137 2.3 3.6
      vertex -6.01165 2.3 4.4
      vertex -9.33696 2.3 3.6
    endloop
  endfacet
  facet normal 0 1 0
    outer loop
      vertex -6.01165 2.3 4.4
      vertex -10.137 2.3 3.6
      vertex -13.7256 2.3 4.4
    endloop
  endfacet
  facet normal 0 1 0
    outer loop
      vertex -6.01165 2.3 4.4
      vertex -3.01 2.3 3.6
      vertex -9.33696 2.3 3.6
    endloop
  endfacet
  facet normal 0 1 0
    outer loop
      vertex -13.7256 2.3 4.4
      vertex -10.137 2.3 3.6
      vertex -14.5256 2.3 4.4
    endloop
  endfacet
  facet normal 0 1 0
    outer loop
      vertex -17.9539 2.3 3.6
      vertex -14.5256 2.3 4.4
      vertex -10.137 2.3 3.6
    endloop
  endfacet
  facet normal 0 1 0
    outer loop
      vertex -14.5256 2.3 4.4
      vertex -17.9539 2.3 3.6
      vertex -20.4 2.3 4.4
    endloop
  endfacet
  facet normal 0 1 -0
    outer loop
      vertex -18.7539 2.3 3.6
      vertex -20.4 2.3 4.4
      vertex -17.9539 2.3 3.6
    endloop
  endfacet
  facet normal 0 1 0
    outer loop
      vertex -20.4 2.3 4.4
      vertex -18.7539 2.3 3.6
      vertex -20.4 2.3 3.6
    endloop
  endfacet
  facet normal 0 1 -0
    outer loop
      vertex -13.7256 2.3 4.4
      vertex -14.5256 2.3 7.6
      vertex -13.7256 2.3 7.6
    endloop
  endfacet
  facet normal 0 1 0
    outer loop
      vertex -14.5256 2.3 7.6
      vertex -13.7256 2.3 4.4
      vertex -14.5256 2.3 4.4
    endloop
  endfacet
  facet normal 0 1 -0
    outer loop
      vertex -5.21165 2.3 4.4
      vertex -6.01165 2.3 7.6
      vertex -5.21165 2.3 7.6
    endloop
  endfacet
  facet normal 0 1 0
    outer loop
      vertex -6.01165 2.3 7.6
      vertex -5.21165 2.3 4.4
      vertex -6.01165 2.3 4.4
    endloop
  endfacet
  facet normal 0 1 -0
    outer loop
      vertex -6.01165 2.3 7.6
      vertex -9.64515 2.3 8.4
      vertex -3.01 2.3 8.4
    endloop
  endfacet
  facet normal 0 1 0
    outer loop
      vertex -13.7256 2.3 7.6
      vertex -9.64515 2.3 8.4
      vertex -6.01165 2.3 7.6
    endloop
  endfacet
  facet normal 0 1 0
    outer loop
      vertex -10.4451 2.3 8.4
      vertex -13.7256 2.3 7.6
      vertex -17.2082 2.3 8.4
    endloop
  endfacet
  facet normal 0 1 -0
    outer loop
      vertex -14.5256 2.3 7.6
      vertex -17.2082 2.3 8.4
      vertex -13.7256 2.3 7.6
    endloop
  endfacet
  facet normal 0 1 0
    outer loop
      vertex -5.21165 2.3 7.6
      vertex -3.01 2.3 8.4
      vertex -3.01 2.3 7.6
    endloop
  endfacet
  facet normal 0 1 0
    outer loop
      vertex -6.01165 2.3 7.6
      vertex -3.01 2.3 8.4
      vertex -5.21165 2.3 7.6
    endloop
  endfacet
  facet normal 0 1 0
    outer loop
      vertex -9.64515 2.3 8.4
      vertex -13.7256 2.3 7.6
      vertex -10.4451 2.3 8.4
    endloop
  endfacet
  facet normal 0 1 0
    outer loop
      vertex -20.4 2.3 7.6
      vertex -17.2082 2.3 8.4
      vertex -14.5256 2.3 7.6
    endloop
  endfacet
  facet normal 0 1 0
    outer loop
      vertex -17.2082 2.3 8.4
      vertex -20.4 2.3 7.6
      vertex -18.0082 2.3 8.4
    endloop
  endfacet
  facet normal 0 1 0
    outer loop
      vertex -18.0082 2.3 8.4
      vertex -20.4 2.3 7.6
      vertex -20.4 2.3 8.4
    endloop
  endfacet
  facet normal 0 1 -0
    outer loop
      vertex -17.2082 2.3 8.4
      vertex -18.0082 2.3 11.6
      vertex -17.2082 2.3 11.6
    endloop
  endfacet
  facet normal 0 1 0
    outer loop
      vertex -18.0082 2.3 11.6
      vertex -17.2082 2.3 8.4
      vertex -18.0082 2.3 8.4
    endloop
  endfacet
  facet normal 0 1 -0
    outer loop
      vertex -9.64515 2.3 8.4
      vertex -10.4451 2.3 11.6
      vertex -9.64515 2.3 11.6
    endloop
  endfacet
  facet normal 0 1 0
    outer loop
      vertex -10.4451 2.3 11.6
      vertex -9.64515 2.3 8.4
      vertex -10.4451 2.3 8.4
    endloop
  endfacet
  facet normal 0 1 -0
    outer loop
      vertex -3.01 2.3 11.6
      vertex -5.36188 2.3 12.4
      vertex -3.01 2.3 12.4
    endloop
  endfacet
  facet normal 0 1 0
    outer loop
      vertex -5.36188 2.3 12.4
      vertex -3.01 2.3 11.6
      vertex -6.16188 2.3 12.4
    endloop
  endfacet
  facet normal 0 1 0
    outer loop
      vertex -6.16188 2.3 12.4
      vertex -9.64515 2.3 11.6
      vertex -13.9581 2.3 12.4
    endloop
  endfacet
  facet normal 0 1 -0
    outer loop
      vertex -10.4451 2.3 11.6
      vertex -13.9581 2.3 12.4
      vertex -9.64515 2.3 11.6
    endloop
  endfacet
  facet normal 0 1 0
    outer loop
      vertex -6.16188 2.3 12.4
      vertex -3.01 2.3 11.6
      vertex -9.64515 2.3 11.6
    endloop
  endfacet
  facet normal 0 1 0
    outer loop
      vertex -17.2082 2.3 11.6
      vertex -13.9581 2.3 12.4
      vertex -10.4451 2.3 11.6
    endloop
  endfacet
  facet normal 0 1 0
    outer loop
      vertex -13.9581 2.3 12.4
      vertex -17.2082 2.3 11.6
      vertex -14.7581 2.3 12.4
    endloop
  endfacet
  facet normal 0 1 0
    outer loop
      vertex -14.7581 2.3 12.4
      vertex -17.2082 2.3 11.6
      vertex -20.4 2.3 12.4
    endloop
  endfacet
  facet normal 0 1 -0
    outer loop
      vertex -18.0082 2.3 11.6
      vertex -20.4 2.3 12.4
      vertex -17.2082 2.3 11.6
    endloop
  endfacet
  facet normal 0 1 0
    outer loop
      vertex -20.4 2.3 12.4
      vertex -18.0082 2.3 11.6
      vertex -20.4 2.3 11.6
    endloop
  endfacet
  facet normal 0 1 -0
    outer loop
      vertex -13.9581 2.3 12.4
      vertex -14.7581 2.3 15.6
      vertex -13.9581 2.3 15.6
    endloop
  endfacet
  facet normal 0 1 0
    outer loop
      vertex -14.7581 2.3 15.6
      vertex -13.9581 2.3 12.4
      vertex -14.7581 2.3 12.4
    endloop
  endfacet
  facet normal 0 1 -0
    outer loop
      vertex -5.36188 2.3 12.4
      vertex -6.16188 2.3 15.6
      vertex -5.36188 2.3 15.6
    endloop
  endfacet
  facet normal 0 1 0
    outer loop
      vertex -6.16188 2.3 15.6
      vertex -5.36188 2.3 12.4
      vertex -6.16188 2.3 12.4
    endloop
  endfacet
  facet normal 0 1 -0
    outer loop
      vertex -6.16188 2.3 15.6
      vertex -9.3635 2.3 16.4
      vertex -3.01 2.3 16.4
    endloop
  endfacet
  facet normal 0 1 0
    outer loop
      vertex -9.3635 2.3 16.4
      vertex -6.16188 2.3 15.6
      vertex -10.1635 2.3 16.4
    endloop
  endfacet
  facet normal 0 1 0
    outer loop
      vertex -10.1635 2.3 16.4
      vertex -13.9581 2.3 15.6
      vertex -17.5749 2.3 16.4
    endloop
  endfacet
  facet normal 0 1 -0
    outer loop
      vertex -14.7581 2.3 15.6
      vertex -17.5749 2.3 16.4
      vertex -13.9581 2.3 15.6
    endloop
  endfacet
  facet normal 0 1 0
    outer loop
      vertex -5.36188 2.3 15.6
      vertex -3.01 2.3 16.4
      vertex -3.01 2.3 15.6
    endloop
  endfacet
  facet normal 0 1 0
    outer loop
      vertex -6.16188 2.3 15.6
      vertex -3.01 2.3 16.4
      vertex -5.36188 2.3 15.6
    endloop
  endfacet
  facet normal 0 1 0
    outer loop
      vertex -10.1635 2.3 16.4
      vertex -6.16188 2.3 15.6
      vertex -13.9581 2.3 15.6
    endloop
  endfacet
  facet normal 0 1 0
    outer loop
      vertex -20.4 2.3 15.6
      vertex -17.5749 2.3 16.4
      vertex -14.7581 2.3 15.6
    endloop
  endfacet
  facet normal 0 1 0
    outer loop
      vertex -17.5749 2.3 16.4
      vertex -20.4 2.3 15.6
      vertex -18.3749 2.3 16.4
    endloop
  endfacet
  facet normal 0 1 0
    outer loop
      vertex -18.3749 2.3 16.4
      vertex -20.4 2.3 15.6
      vertex -20.4 2.3 16.4
    endloop
  endfacet
  facet normal 0 1 -0
    outer loop
      vertex -17.5749 2.3 16.4
      vertex -18.3749 2.3 19.6
      vertex -17.5749 2.3 19.6
    endloop
  endfacet
  facet normal 0 1 0
    outer loop
      vertex -18.3749 2.3 19.6
      vertex -17.5749 2.3 16.4
      vertex -18.3749 2.3 16.4
    endloop
  endfacet
  facet normal 0 1 -0
    outer loop
      vertex -9.3635 2.3 16.4
      vertex -10.1635 2.3 19.6
      vertex -9.3635 2.3 19.6
    endloop
  endfacet
  facet normal 0 1 0
    outer loop
      vertex -10.1635 2.3 19.6
      vertex -9.3635 2.3 16.4
      vertex -10.1635 2.3 16.4
    endloop
  endfacet
  facet normal 0 1 -0
    outer loop
      vertex -3.01 2.3 19.6
      vertex -5.4175 2.3 20.4
      vertex -3.01 2.3 20.4
    endloop
  endfacet
  facet normal 0 1 0
    outer loop
      vertex -5.4175 2.3 20.4
      vertex -3.01 2.3 19.6
      vertex -6.2175 2.3 20.4
    endloop
  endfacet
  facet normal 0 1 0
    outer loop
      vertex -10.1635 2.3 19.6
      vertex -6.2175 2.3 20.4
      vertex -9.3635 2.3 19.6
    endloop
  endfacet
  facet normal 0 1 0
    outer loop
      vertex -6.2175 2.3 20.4
      vertex -10.1635 2.3 19.6
      vertex -13.4787 2.3 20.4
    endloop
  endfacet
  facet normal 0 1 0
    outer loop
      vertex -6.2175 2.3 20.4
      vertex -3.01 2.3 19.6
      vertex -9.3635 2.3 19.6
    endloop
  endfacet
  facet normal 0 1 0
    outer loop
      vertex -13.4787 2.3 20.4
      vertex -10.1635 2.3 19.6
      vertex -14.2787 2.3 20.4
    endloop
  endfacet
  facet normal 0 1 0
    outer loop
      vertex -17.5749 2.3 19.6
      vertex -14.2787 2.3 20.4
      vertex -10.1635 2.3 19.6
    endloop
  endfacet
  facet normal 0 1 0
    outer loop
      vertex -14.2787 2.3 20.4
      vertex -17.5749 2.3 19.6
      vertex -20.4 2.3 20.4
    endloop
  endfacet
  facet normal 0 1 -0
    outer loop
      vertex -18.3749 2.3 19.6
      vertex -20.4 2.3 20.4
      vertex -17.5749 2.3 19.6
    endloop
  endfacet
  facet normal 0 1 0
    outer loop
      vertex -20.4 2.3 20.4
      vertex -18.3749 2.3 19.6
      vertex -20.4 2.3 19.6
    endloop
  endfacet
  facet normal 0 1 -0
    outer loop
      vertex -13.4787 2.3 20.4
      vertex -14.2787 2.3 23.6
      vertex -13.4787 2.3 23.6
    endloop
  endfacet
  facet normal 0 1 0
    outer loop
      vertex -14.2787 2.3 23.6
      vertex -13.4787 2.3 20.4
      vertex -14.2787 2.3 20.4
    endloop
  endfacet
  facet normal 0 1 -0
    outer loop
      vertex -5.4175 2.3 20.4
      vertex -6.2175 2.3 23.6
      vertex -5.4175 2.3 23.6
    endloop
  endfacet
  facet normal 0 1 0
    outer loop
      vertex -6.2175 2.3 23.6
      vertex -5.4175 2.3 20.4
      vertex -6.2175 2.3 20.4
    endloop
  endfacet
  facet normal 0 1 -0
    outer loop
      vertex -6.2175 2.3 23.6
      vertex -9.71944 2.3 24.4
      vertex -3.01 2.3 24.4
    endloop
  endfacet
  facet normal 0 1 0
    outer loop
      vertex -13.4787 2.3 23.6
      vertex -9.71944 2.3 24.4
      vertex -6.2175 2.3 23.6
    endloop
  endfacet
  facet normal 0 1 0
    outer loop
      vertex -14.2787 2.3 23.6
      vertex -10.5194 2.3 24.4
      vertex -13.4787 2.3 23.6
    endloop
  endfacet
  facet normal 0 1 0
    outer loop
      vertex -10.5194 2.3 24.4
      vertex -14.2787 2.3 23.6
      vertex -17.4737 2.3 24.4
    endloop
  endfacet
  facet normal 0 1 0
    outer loop
      vertex -5.4175 2.3 23.6
      vertex -3.01 2.3 24.4
      vertex -3.01 2.3 23.6
    endloop
  endfacet
  facet normal 0 1 0
    outer loop
      vertex -6.2175 2.3 23.6
      vertex -3.01 2.3 24.4
      vertex -5.4175 2.3 23.6
    endloop
  endfacet
  facet normal 0 1 0
    outer loop
      vertex -9.71944 2.3 24.4
      vertex -13.4787 2.3 23.6
      vertex -10.5194 2.3 24.4
    endloop
  endfacet
  facet normal 0 1 0
    outer loop
      vertex -20.4 2.3 23.6
      vertex -17.4737 2.3 24.4
      vertex -14.2787 2.3 23.6
    endloop
  endfacet
  facet normal 0 1 0
    outer loop
      vertex -17.4737 2.3 24.4
      vertex -20.4 2.3 23.6
      vertex -18.2737 2.3 24.4
    endloop
  endfacet
  facet normal 0 1 0
    outer loop
      vertex -18.2737 2.3 24.4
      vertex -20.4 2.3 23.6
      vertex -20.4 2.3 24.4
    endloop
  endfacet
  facet normal 0 1 -0
    outer loop
      vertex -17.4737 2.3 24.4
      vertex -18.2737 2.3 27.6
      vertex -17.4737 2.3 27.6
    endloop
  endfacet
  facet normal 0 1 0
    outer loop
      vertex -18.2737 2.3 27.6
      vertex -17.4737 2.3 24.4
      vertex -18.2737 2.3 24.4
    endloop
  endfacet
  facet normal 0 1 -0
    outer loop
      vertex -9.71944 2.3 24.4
      vertex -10.5194 2.3 27.6
      vertex -9.71944 2.3 27.6
    endloop
  endfacet
  facet normal 0 1 0
    outer loop
      vertex -10.5194 2.3 27.6
      vertex -9.71944 2.3 24.4
      vertex -10.5194 2.3 24.4
    endloop
  endfacet
  facet normal 0 1 -0
    outer loop
      vertex -3.01 2.3 27.6
      vertex -5.40343 2.3 28.4
      vertex -3.01 2.3 28.4
    endloop
  endfacet
  facet normal 0 1 0
    outer loop
      vertex -5.40343 2.3 28.4
      vertex -3.01 2.3 27.6
      vertex -6.20343 2.3 28.4
    endloop
  endfacet
  facet normal 0 1 0
    outer loop
      vertex -6.20343 2.3 28.4
      vertex -9.71944 2.3 27.6
      vertex -13.8363 2.3 28.4
    endloop
  endfacet
  facet normal 0 1 -0
    outer loop
      vertex -10.5194 2.3 27.6
      vertex -13.8363 2.3 28.4
      vertex -9.71944 2.3 27.6
    endloop
  endfacet
  facet normal 0 1 0
    outer loop
      vertex -6.20343 2.3 28.4
      vertex -3.01 2.3 27.6
      vertex -9.71944 2.3 27.6
    endloop
  endfacet
  facet normal 0 1 0
    outer loop
      vertex -17.4737 2.3 27.6
      vertex -13.8363 2.3 28.4
      vertex -10.5194 2.3 27.6
    endloop
  endfacet
  facet normal 0 1 0
    outer loop
      vertex -13.8363 2.3 28.4
      vertex -17.4737 2.3 27.6
      vertex -14.6363 2.3 28.4
    endloop
  endfacet
  facet normal 0 1 0
    outer loop
      vertex -14.6363 2.3 28.4
      vertex -17.4737 2.3 27.6
      vertex -20.4 2.3 28.4
    endloop
  endfacet
  facet normal 0 1 -0
    outer loop
      vertex -18.2737 2.3 27.6
      vertex -20.4 2.3 28.4
      vertex -17.4737 2.3 27.6
    endloop
  endfacet
  facet normal 0 1 0
    outer loop
      vertex -20.4 2.3 28.4
      vertex -18.2737 2.3 27.6
      vertex -20.4 2.3 27.6
    endloop
  endfacet
  facet normal 0 1 -0
    outer loop
      vertex -13.8363 2.3 28.4
      vertex -14.6363 2.3 31.6
      vertex -13.8363 2.3 31.6
    endloop
  endfacet
  facet normal 0 1 0
    outer loop
      vertex -14.6363 2.3 31.6
      vertex -13.8363 2.3 28.4
      vertex -14.6363 2.3 28.4
    endloop
  endfacet
  facet normal 0 1 -0
    outer loop
      vertex -5.40343 2.3 28.4
      vertex -6.20343 2.3 31.6
      vertex -5.40343 2.3 31.6
    endloop
  endfacet
  facet normal 0 1 0
    outer loop
      vertex -6.20343 2.3 31.6
      vertex -5.40343 2.3 28.4
      vertex -6.20343 2.3 28.4
    endloop
  endfacet
  facet normal 0 1 -0
    outer loop
      vertex -6.20343 2.3 31.6
      vertex -9.93152 2.3 32.4
      vertex -3.01 2.3 32.4
    endloop
  endfacet
  facet normal 0 1 0
    outer loop
      vertex -13.8363 2.3 31.6
      vertex -9.93152 2.3 32.4
      vertex -6.20343 2.3 31.6
    endloop
  endfacet
  facet normal 0 1 0
    outer loop
      vertex -14.6363 2.3 31.6
      vertex -10.7315 2.3 32.4
      vertex -13.8363 2.3 31.6
    endloop
  endfacet
  facet normal 0 1 0
    outer loop
      vertex -10.7315 2.3 32.4
      vertex -14.6363 2.3 31.6
      vertex -17.9749 2.3 32.4
    endloop
  endfacet
  facet normal 0 1 0
    outer loop
      vertex -5.40343 2.3 31.6
      vertex -3.01 2.3 32.4
      vertex -3.01 2.3 31.6
    endloop
  endfacet
  facet normal 0 1 0
    outer loop
      vertex -6.20343 2.3 31.6
      vertex -3.01 2.3 32.4
      vertex -5.40343 2.3 31.6
    endloop
  endfacet
  facet normal 0 1 0
    outer loop
      vertex -9.93152 2.3 32.4
      vertex -13.8363 2.3 31.6
      vertex -10.7315 2.3 32.4
    endloop
  endfacet
  facet normal 0 1 0
    outer loop
      vertex -20.4 2.3 31.6
      vertex -17.9749 2.3 32.4
      vertex -14.6363 2.3 31.6
    endloop
  endfacet
  facet normal 0 1 0
    outer loop
      vertex -17.9749 2.3 32.4
      vertex -20.4 2.3 31.6
      vertex -18.7749 2.3 32.4
    endloop
  endfacet
  facet normal 0 1 0
    outer loop
      vertex -18.7749 2.3 32.4
      vertex -20.4 2.3 31.6
      vertex -20.4 2.3 32.4
    endloop
  endfacet
  facet normal 0 1 -0
    outer loop
      vertex -17.9749 2.3 32.4
      vertex -18.7749 2.3 35.6
      vertex -17.9749 2.3 35.6
    endloop
  endfacet
  facet normal 0 1 0
    outer loop
      vertex -18.7749 2.3 35.6
      vertex -17.9749 2.3 32.4
      vertex -18.7749 2.3 32.4
    endloop
  endfacet
  facet normal 0 1 -0
    outer loop
      vertex -9.93152 2.3 32.4
      vertex -10.7315 2.3 35.6
      vertex -9.93152 2.3 35.6
    endloop
  endfacet
  facet normal 0 1 0
    outer loop
      vertex -10.7315 2.3 35.6
      vertex -9.93152 2.3 32.4
      vertex -10.7315 2.3 32.4
    endloop
  endfacet
  facet normal 0 1 -0
    outer loop
      vertex -3.01 2.3 35.6
      vertex -5.32603 2.3 36.4
      vertex -3.01 2.3 36.4
    endloop
  endfacet
  facet normal 0 1 0
    outer loop
      vertex -5.32603 2.3 36.4
      vertex -3.01 2.3 35.6
      vertex -6.12603 2.3 36.4
    endloop
  endfacet
  facet normal 0 1 0
    outer loop
      vertex -6.12603 2.3 36.4
      vertex -9.93152 2.3 35.6
      vertex -13.2279 2.3 36.4
    endloop
  endfacet
  facet normal 0 1 -0
    outer loop
      vertex -10.7315 2.3 35.6
      vertex -13.2279 2.3 36.4
      vertex -9.93152 2.3 35.6
    endloop
  endfacet
  facet normal 0 1 0
    outer loop
      vertex -6.12603 2.3 36.4
      vertex -3.01 2.3 35.6
      vertex -9.93152 2.3 35.6
    endloop
  endfacet
  facet normal 0 1 0
    outer loop
      vertex -13.2279 2.3 36.4
      vertex -10.7315 2.3 35.6
      vertex -14.0279 2.3 36.4
    endloop
  endfacet
  facet normal 0 1 0
    outer loop
      vertex -17.9749 2.3 35.6
      vertex -14.0279 2.3 36.4
      vertex -10.7315 2.3 35.6
    endloop
  endfacet
  facet normal 0 1 0
    outer loop
      vertex -14.0279 2.3 36.4
      vertex -17.9749 2.3 35.6
      vertex -20.4 2.3 36.4
    endloop
  endfacet
  facet normal 0 1 -0
    outer loop
      vertex -18.7749 2.3 35.6
      vertex -20.4 2.3 36.4
      vertex -17.9749 2.3 35.6
    endloop
  endfacet
  facet normal 0 1 0
    outer loop
      vertex -20.4 2.3 36.4
      vertex -18.7749 2.3 35.6
      vertex -20.4 2.3 35.6
    endloop
  endfacet
  facet normal 0 1 -0
    outer loop
      vertex -13.2279 2.3 36.4
      vertex -14.0279 2.3 39.6
      vertex -13.2279 2.3 39.6
    endloop
  endfacet
  facet normal 0 1 0
    outer loop
      vertex -14.0279 2.3 39.6
      vertex -13.2279 2.3 36.4
      vertex -14.0279 2.3 36.4
    endloop
  endfacet
  facet normal 0 1 -0
    outer loop
      vertex -5.32603 2.3 36.4
      vertex -6.12603 2.3 39.6
      vertex -5.32603 2.3 39.6
    endloop
  endfacet
  facet normal 0 1 0
    outer loop
      vertex -6.12603 2.3 39.6
      vertex -5.32603 2.3 36.4
      vertex -6.12603 2.3 36.4
    endloop
  endfacet
  facet normal 0 1 -0
    outer loop
      vertex -6.12603 2.3 39.6
      vertex -9.51505 2.3 40.4
      vertex -3.01 2.3 40.4
    endloop
  endfacet
  facet normal 0 1 0
    outer loop
      vertex -13.2279 2.3 39.6
      vertex -9.51505 2.3 40.4
      vertex -6.12603 2.3 39.6
    endloop
  endfacet
  facet normal 0 1 0
    outer loop
      vertex -14.0279 2.3 39.6
      vertex -10.315 2.3 40.4
      vertex -13.2279 2.3 39.6
    endloop
  endfacet
  facet normal 0 1 0
    outer loop
      vertex -10.315 2.3 40.4
      vertex -14.0279 2.3 39.6
      vertex -17.4841 2.3 40.4
    endloop
  endfacet
  facet normal 0 1 0
    outer loop
      vertex -5.32603 2.3 39.6
      vertex -3.01 2.3 40.4
      vertex -3.01 2.3 39.6
    endloop
  endfacet
  facet normal 0 1 0
    outer loop
      vertex -6.12603 2.3 39.6
      vertex -3.01 2.3 40.4
      vertex -5.32603 2.3 39.6
    endloop
  endfacet
  facet normal 0 1 0
    outer loop
      vertex -9.51505 2.3 40.4
      vertex -13.2279 2.3 39.6
      vertex -10.315 2.3 40.4
    endloop
  endfacet
  facet normal 0 1 0
    outer loop
      vertex -20.4 2.3 39.6
      vertex -17.4841 2.3 40.4
      vertex -14.0279 2.3 39.6
    endloop
  endfacet
  facet normal 0 1 0
    outer loop
      vertex -17.4841 2.3 40.4
      vertex -20.4 2.3 39.6
      vertex -18.284 2.3 40.4
    endloop
  endfacet
  facet normal 0 1 0
    outer loop
      vertex -18.284 2.3 40.4
      vertex -20.4 2.3 39.6
      vertex -20.4 2.3 40.4
    endloop
  endfacet
  facet normal 0 1 -0
    outer loop
      vertex -17.4841 2.3 40.4
      vertex -18.284 2.3 43.6
      vertex -17.4841 2.3 43.6
    endloop
  endfacet
  facet normal 0 1 0
    outer loop
      vertex -18.284 2.3 43.6
      vertex -17.4841 2.3 40.4
      vertex -18.284 2.3 40.4
    endloop
  endfacet
  facet normal 0 1 -0
    outer loop
      vertex -9.51505 2.3 40.4
      vertex -10.315 2.3 43.6
      vertex -9.51505 2.3 43.6
    endloop
  endfacet
  facet normal 0 1 0
    outer loop
      vertex -10.315 2.3 43.6
      vertex -9.51505 2.3 40.4
      vertex -10.315 2.3 40.4
    endloop
  endfacet
  facet normal 0 1 -0
    outer loop
      vertex -3.01 2.3 43.6
      vertex -5.22447 2.3 44.4
      vertex -3.01 2.3 44.4
    endloop
  endfacet
  facet normal 0 1 0
    outer loop
      vertex -5.22447 2.3 44.4
      vertex -3.01 2.3 43.6
      vertex -6.02447 2.3 44.4
    endloop
  endfacet
  facet normal 0 1 0
    outer loop
      vertex -6.02447 2.3 44.4
      vertex -9.51505 2.3 43.6
      vertex -13.8641 2.3 44.4
    endloop
  endfacet
  facet normal 0 1 -0
    outer loop
      vertex -10.315 2.3 43.6
      vertex -13.8641 2.3 44.4
      vertex -9.51505 2.3 43.6
    endloop
  endfacet
  facet normal 0 1 0
    outer loop
      vertex -6.02447 2.3 44.4
      vertex -3.01 2.3 43.6
      vertex -9.51505 2.3 43.6
    endloop
  endfacet
  facet normal 0 1 0
    outer loop
      vertex -17.4841 2.3 43.6
      vertex -13.8641 2.3 44.4
      vertex -10.315 2.3 43.6
    endloop
  endfacet
  facet normal 0 1 0
    outer loop
      vertex -13.8641 2.3 44.4
      vertex -17.4841 2.3 43.6
      vertex -14.6641 2.3 44.4
    endloop
  endfacet
  facet normal 0 1 0
    outer loop
      vertex -14.6641 2.3 44.4
      vertex -17.4841 2.3 43.6
      vertex -20.4 2.3 44.4
    endloop
  endfacet
  facet normal 0 1 -0
    outer loop
      vertex -18.284 2.3 43.6
      vertex -20.4 2.3 44.4
      vertex -17.4841 2.3 43.6
    endloop
  endfacet
  facet normal 0 1 0
    outer loop
      vertex -20.4 2.3 44.4
      vertex -18.284 2.3 43.6
      vertex -20.4 2.3 43.6
    endloop
  endfacet
  facet normal 0 1 -0
    outer loop
      vertex -5.22447 2.3 44.4
      vertex -6.02447 2.3 48
      vertex -5.22447 2.3 48
    endloop
  endfacet
  facet normal 0 1 0
    outer loop
      vertex -6.02447 2.3 48
      vertex -5.22447 2.3 44.4
      vertex -6.02447 2.3 44.4
    endloop
  endfacet
  facet normal 0 1 -0
    outer loop
      vertex -13.8641 2.3 44.4
      vertex -14.6641 2.3 48
      vertex -13.8641 2.3 48
    endloop
  endfacet
  facet normal 0 1 0
    outer loop
      vertex -14.6641 2.3 48
      vertex -13.8641 2.3 44.4
      vertex -14.6641 2.3 44.4
    endloop
  endfacet
  facet normal 0 1 -0
    outer loop
      vertex -2 2.3 23.6
      vertex -2.3 2.3 24.4
      vertex -2 2.3 24.4
    endloop
  endfacet
  facet normal 0 1 0
    outer loop
      vertex -2.3 2.3 24.4
      vertex -2 2.3 23.6
      vertex -2.3 2.3 23.6
    endloop
  endfacet
  facet normal 0 1 -0
    outer loop
      vertex -2 2.3 35.6
      vertex -2.3 2.3 36.4
      vertex -2 2.3 36.4
    endloop
  endfacet
  facet normal 0 1 0
    outer loop
      vertex -2.3 2.3 36.4
      vertex -2 2.3 35.6
      vertex -2.3 2.3 35.6
    endloop
  endfacet
  facet normal 0 1 -0
    outer loop
      vertex -2 2.3 31.6
      vertex -2.3 2.3 32.4
      vertex -2 2.3 32.4
    endloop
  endfacet
  facet normal 0 1 0
    outer loop
      vertex -2.3 2.3 32.4
      vertex -2 2.3 31.6
      vertex -2.3 2.3 31.6
    endloop
  endfacet
  facet normal 0 1 -0
    outer loop
      vertex -2 2.3 15.6
      vertex -2.3 2.3 16.4
      vertex -2 2.3 16.4
    endloop
  endfacet
  facet normal 0 1 0
    outer loop
      vertex -2.3 2.3 16.4
      vertex -2 2.3 15.6
      vertex -2.3 2.3 15.6
    endloop
  endfacet
  facet normal 0 1 -0
    outer loop
      vertex -2 2.3 3.6
      vertex -2.3 2.3 4.4
      vertex -2 2.3 4.4
    endloop
  endfacet
  facet normal 0 1 0
    outer loop
      vertex -2.3 2.3 4.4
      vertex -2 2.3 3.6
      vertex -2.3 2.3 3.6
    endloop
  endfacet
  facet normal 0 1 -0
    outer loop
      vertex -2 2.3 11.6
      vertex -2.3 2.3 12.4
      vertex -2 2.3 12.4
    endloop
  endfacet
  facet normal 0 1 0
    outer loop
      vertex -2.3 2.3 12.4
      vertex -2 2.3 11.6
      vertex -2.3 2.3 11.6
    endloop
  endfacet
  facet normal 0 1 -0
    outer loop
      vertex -2 2.3 7.6
      vertex -2.3 2.3 8.4
      vertex -2 2.3 8.4
    endloop
  endfacet
  facet normal 0 1 0
    outer loop
      vertex -2.3 2.3 8.4
      vertex -2 2.3 7.6
      vertex -2.3 2.3 7.6
    endloop
  endfacet
  facet normal 0 1 -0
    outer loop
      vertex -2 2.3 19.6
      vertex -2.3 2.3 20.4
      vertex -2 2.3 20.4
    endloop
  endfacet
  facet normal 0 1 0
    outer loop
      vertex -2.3 2.3 20.4
      vertex -2 2.3 19.6
      vertex -2.3 2.3 19.6
    endloop
  endfacet
  facet normal 0 1 -0
    outer loop
      vertex -2 2.3 27.6
      vertex -2.3 2.3 28.4
      vertex -2 2.3 28.4
    endloop
  endfacet
  facet normal 0 1 0
    outer loop
      vertex -2.3 2.3 28.4
      vertex -2 2.3 27.6
      vertex -2.3 2.3 27.6
    endloop
  endfacet
  facet normal 0 1 -0
    outer loop
      vertex -2 2.3 43.6
      vertex -2.3 2.3 44.4
      vertex -2 2.3 44.4
    endloop
  endfacet
  facet normal 0 1 0
    outer loop
      vertex -2.3 2.3 44.4
      vertex -2 2.3 43.6
      vertex -2.3 2.3 43.6
    endloop
  endfacet
  facet normal 1 0 0
    outer loop
      vertex -20.4 3 12.4
      vertex -20.4 2.72376 11.6
      vertex -20.4 3 7.6
    endloop
  endfacet
  facet normal 1 -0 0
    outer loop
      vertex -20.4 2.3 12.4
      vertex -20.4 2.72376 11.6
      vertex -20.4 3 12.4
    endloop
  endfacet
  facet normal 1 0 0
    outer loop
      vertex -20.4 2.72376 11.6
      vertex -20.4 2.3 12.4
      vertex -20.4 2.3 11.6
    endloop
  endfacet
  facet normal 1 -0 0
    outer loop
      vertex -20.4 2.72376 8.4
      vertex -20.4 3 7.6
      vertex -20.4 2.72376 11.6
    endloop
  endfacet
  facet normal 1 0 0
    outer loop
      vertex -20.4 2.3 7.6
      vertex -20.4 2.72376 8.4
      vertex -20.4 2.3 8.4
    endloop
  endfacet
  facet normal 1 0 0
    outer loop
      vertex -20.4 2.72376 8.4
      vertex -20.4 2.3 7.6
      vertex -20.4 3 7.6
    endloop
  endfacet
  facet normal 0 0 -1
    outer loop
      vertex -2.3 2 8.4
      vertex -2.7714 2 8.4
      vertex -2.3 2.3 8.4
    endloop
  endfacet
  facet normal 0 0 -1
    outer loop
      vertex -2.3 2.3 8.4
      vertex -2 2.79296 8.4
      vertex -2 2.3 8.4
    endloop
  endfacet
  facet normal 0 0 -1
    outer loop
      vertex -2.7714 2.79296 8.4
      vertex -2.3 2.3 8.4
      vertex -2.7714 2 8.4
    endloop
  endfacet
  facet normal 0 0 -1
    outer loop
      vertex -2.3 2.3 8.4
      vertex -2.7714 2.79296 8.4
      vertex -2 2.79296 8.4
    endloop
  endfacet
  facet normal 0 0 -1
    outer loop
      vertex -9.64515 2.3 8.4
      vertex -3.01 2.79296 8.4
      vertex -3.01 2.3 8.4
    endloop
  endfacet
  facet normal -0 0 -1
    outer loop
      vertex -3.01 2.79296 8.4
      vertex -9.64515 2.3 8.4
      vertex -9.64515 2.79296 8.4
    endloop
  endfacet
  facet normal 0 0 -1
    outer loop
      vertex -2.7714 3.01 8.4
      vertex -2.3 9.86181 8.4
      vertex -2.3 3.01 8.4
    endloop
  endfacet
  facet normal -0 0 -1
    outer loop
      vertex -2.3 9.86181 8.4
      vertex -2.7714 3.01 8.4
      vertex -2.7714 9.86181 8.4
    endloop
  endfacet
  facet normal 0 0 -1
    outer loop
      vertex -20.4 2.3 8.4
      vertex -18.0082 2.72376 8.4
      vertex -18.0082 2.3 8.4
    endloop
  endfacet
  facet normal -0 0 -1
    outer loop
      vertex -18.0082 2.72376 8.4
      vertex -20.4 2.3 8.4
      vertex -20.4 2.72376 8.4
    endloop
  endfacet
  facet normal 0 0 -1
    outer loop
      vertex -17.2082 2.3 8.4
      vertex -10.4451 2.80054 8.4
      vertex -10.4451 2.3 8.4
    endloop
  endfacet
  facet normal -0 0 -1
    outer loop
      vertex -10.4451 2.80054 8.4
      vertex -17.2082 2.3 8.4
      vertex -17.2082 2.80054 8.4
    endloop
  endfacet
  facet normal -0 0 1
    outer loop
      vertex -20.4 3 7.6
      vertex -14.5256 2.3 7.6
      vertex -14.5256 3 7.6
    endloop
  endfacet
  facet normal 0 0 1
    outer loop
      vertex -14.5256 2.3 7.6
      vertex -20.4 3 7.6
      vertex -20.4 2.3 7.6
    endloop
  endfacet
  facet normal -0 0 1
    outer loop
      vertex -5.21165 3 7.6
      vertex -3.01 2.3 7.6
      vertex -3 3 7.6
    endloop
  endfacet
  facet normal 0 0 1
    outer loop
      vertex -3.01 2.3 7.6
      vertex -5.21165 3 7.6
      vertex -5.21165 2.3 7.6
    endloop
  endfacet
  facet normal -0 0 1
    outer loop
      vertex -3 5.96051 7.6
      vertex -2.3 3.01 7.6
      vertex -2.3 5.96051 7.6
    endloop
  endfacet
  facet normal 0 0 1
    outer loop
      vertex -2.3 3.01 7.6
      vertex -3 3 7.6
      vertex -2.3 2.3 7.6
    endloop
  endfacet
  facet normal 0 0 1
    outer loop
      vertex -2.3 3.01 7.6
      vertex -3 5.96051 7.6
      vertex -3 3 7.6
    endloop
  endfacet
  facet normal 0 0 1
    outer loop
      vertex -3.01 2.3 7.6
      vertex -2.3 2.3 7.6
      vertex -3 3 7.6
    endloop
  endfacet
  facet normal 0 0 1
    outer loop
      vertex -2.3 2.3 7.6
      vertex -3.01 2.3 7.6
      vertex -2.3 2 7.6
    endloop
  endfacet
  facet normal 0 0 1
    outer loop
      vertex -2.3 2 7.6
      vertex -3.01 2.3 7.6
      vertex -3.01 2 7.6
    endloop
  endfacet
  facet normal -0 0 1
    outer loop
      vertex -2.3 3.01 7.6
      vertex -2 2.3 7.6
      vertex -2 3.01 7.6
    endloop
  endfacet
  facet normal 0 0 1
    outer loop
      vertex -2 2.3 7.6
      vertex -2.3 3.01 7.6
      vertex -2.3 2.3 7.6
    endloop
  endfacet
  facet normal -0 0 1
    outer loop
      vertex -13.7256 2.76006 7.6
      vertex -6.01165 2.3 7.6
      vertex -6.01165 2.76006 7.6
    endloop
  endfacet
  facet normal 0 0 1
    outer loop
      vertex -6.01165 2.3 7.6
      vertex -13.7256 2.76006 7.6
      vertex -13.7256 2.3 7.6
    endloop
  endfacet
  facet normal -1 0 0
    outer loop
      vertex -2 3.01 7.6
      vertex -2 2.79296 8.4
      vertex -2 3.01 12.4
    endloop
  endfacet
  facet normal -1 0 0
    outer loop
      vertex -2 2.3 7.6
      vertex -2 2.79296 8.4
      vertex -2 3.01 7.6
    endloop
  endfacet
  facet normal -1 -0 0
    outer loop
      vertex -2 2.79296 8.4
      vertex -2 2.3 7.6
      vertex -2 2.3 8.4
    endloop
  endfacet
  facet normal -1 0 0
    outer loop
      vertex -2 2.79296 11.6
      vertex -2 3.01 12.4
      vertex -2 2.79296 8.4
    endloop
  endfacet
  facet normal -1 0 0
    outer loop
      vertex -2 2.3 12.4
      vertex -2 2.79296 11.6
      vertex -2 2.3 11.6
    endloop
  endfacet
  facet normal -1 0 0
    outer loop
      vertex -2 2.79296 11.6
      vertex -2 2.3 12.4
      vertex -2 3.01 12.4
    endloop
  endfacet
  facet normal 0 0 -1
    outer loop
      vertex -3.01 2.3 12.4
      vertex -2.3 2.3 12.4
      vertex -2.3 2 12.4
    endloop
  endfacet
  facet normal 0 -0 -1
    outer loop
      vertex -3 3 12.4
      vertex -2.3 2.3 12.4
      vertex -3.01 2.3 12.4
    endloop
  endfacet
  facet normal 0 0 -1
    outer loop
      vertex -3 5.46439 12.4
      vertex -2.3 3.01 12.4
      vertex -3 3 12.4
    endloop
  endfacet
  facet normal 0 0 -1
    outer loop
      vertex -3.01 2.3 12.4
      vertex -2.3 2 12.4
      vertex -3.01 2 12.4
    endloop
  endfacet
  facet normal 0 0 -1
    outer loop
      vertex -2.3 2.3 12.4
      vertex -3 3 12.4
      vertex -2.3 3.01 12.4
    endloop
  endfacet
  facet normal 0 0 -1
    outer loop
      vertex -5.36188 3 12.4
      vertex -3.01 2.3 12.4
      vertex -5.36188 2.3 12.4
    endloop
  endfacet
  facet normal 0 0 -1
    outer loop
      vertex -3.01 2.3 12.4
      vertex -5.36188 3 12.4
      vertex -3 3 12.4
    endloop
  endfacet
  facet normal 0 0 -1
    outer loop
      vertex -2.3 2.3 12.4
      vertex -2 3.01 12.4
      vertex -2 2.3 12.4
    endloop
  endfacet
  facet normal -0 0 -1
    outer loop
      vertex -2 3.01 12.4
      vertex -2.3 2.3 12.4
      vertex -2.3 3.01 12.4
    endloop
  endfacet
  facet normal 0 0 -1
    outer loop
      vertex -2.3 3.01 12.4
      vertex -3 5.46439 12.4
      vertex -2.3 5.46439 12.4
    endloop
  endfacet
  facet normal 0 0 -1
    outer loop
      vertex -20.4 2.3 12.4
      vertex -14.7581 3 12.4
      vertex -14.7581 2.3 12.4
    endloop
  endfacet
  facet normal -0 0 -1
    outer loop
      vertex -14.7581 3 12.4
      vertex -20.4 2.3 12.4
      vertex -20.4 3 12.4
    endloop
  endfacet
  facet normal 0 0 -1
    outer loop
      vertex -13.9581 2.3 12.4
      vertex -6.16188 3 12.4
      vertex -6.16188 2.3 12.4
    endloop
  endfacet
  facet normal -0 0 -1
    outer loop
      vertex -6.16188 3 12.4
      vertex -13.9581 2.3 12.4
      vertex -13.9581 3 12.4
    endloop
  endfacet
  facet normal -0 0 1
    outer loop
      vertex -20.4 2.72376 11.6
      vertex -18.0082 2.3 11.6
      vertex -18.0082 2.72376 11.6
    endloop
  endfacet
  facet normal 0 0 1
    outer loop
      vertex -18.0082 2.3 11.6
      vertex -20.4 2.72376 11.6
      vertex -20.4 2.3 11.6
    endloop
  endfacet
  facet normal 0 0 1
    outer loop
      vertex -2 2.79296 11.6
      vertex -2.3 2.3 11.6
      vertex -2 2.3 11.6
    endloop
  endfacet
  facet normal -0 0 1
    outer loop
      vertex -2.7714 2.79296 11.6
      vertex -2.3 2.3 11.6
      vertex -2 2.79296 11.6
    endloop
  endfacet
  facet normal 0 0 1
    outer loop
      vertex -2.7714 2 11.6
      vertex -2.3 2.3 11.6
      vertex -2.7714 2.79296 11.6
    endloop
  endfacet
  facet normal 0 0 1
    outer loop
      vertex -2.3 2.3 11.6
      vertex -2.7714 2 11.6
      vertex -2.3 2 11.6
    endloop
  endfacet
  facet normal -0 0 1
    outer loop
      vertex -9.64515 2.79296 11.6
      vertex -3.01 2.3 11.6
      vertex -3.01 2.79296 11.6
    endloop
  endfacet
  facet normal 0 0 1
    outer loop
      vertex -3.01 2.3 11.6
      vertex -9.64515 2.79296 11.6
      vertex -9.64515 2.3 11.6
    endloop
  endfacet
  facet normal -0 0 1
    outer loop
      vertex -2.7714 9.86181 11.6
      vertex -2.3 3.01 11.6
      vertex -2.3 9.86181 11.6
    endloop
  endfacet
  facet normal 0 0 1
    outer loop
      vertex -2.3 3.01 11.6
      vertex -2.7714 9.86181 11.6
      vertex -2.7714 3.01 11.6
    endloop
  endfacet
  facet normal -0 0 1
    outer loop
      vertex -17.2082 2.80054 11.6
      vertex -10.4451 2.3 11.6
      vertex -10.4451 2.80054 11.6
    endloop
  endfacet
  facet normal 0 0 1
    outer loop
      vertex -10.4451 2.3 11.6
      vertex -17.2082 2.80054 11.6
      vertex -17.2082 2.3 11.6
    endloop
  endfacet
  facet normal 1 0 0
    outer loop
      vertex -20.4 3 20.4
      vertex -20.4 2.79939 19.6
      vertex -20.4 3 15.6
    endloop
  endfacet
  facet normal 1 -0 0
    outer loop
      vertex -20.4 2.3 20.4
      vertex -20.4 2.79939 19.6
      vertex -20.4 3 20.4
    endloop
  endfacet
  facet normal 1 0 0
    outer loop
      vertex -20.4 2.79939 19.6
      vertex -20.4 2.3 20.4
      vertex -20.4 2.3 19.6
    endloop
  endfacet
  facet normal 1 -0 0
    outer loop
      vertex -20.4 2.79939 16.4
      vertex -20.4 3 15.6
      vertex -20.4 2.79939 19.6
    endloop
  endfacet
  facet normal 1 0 0
    outer loop
      vertex -20.4 2.3 15.6
      vertex -20.4 2.79939 16.4
      vertex -20.4 2.3 16.4
    endloop
  endfacet
  facet normal 1 0 0
    outer loop
      vertex -20.4 2.79939 16.4
      vertex -20.4 2.3 15.6
      vertex -20.4 3 15.6
    endloop
  endfacet
  facet normal 0 0 -1
    outer loop
      vertex -2.3 2 16.4
      vertex -3.01 2 16.4
      vertex -2.3 2.3 16.4
    endloop
  endfacet
  facet normal 0 0 -1
    outer loop
      vertex -2.3 2.3 16.4
      vertex -2 2.82462 16.4
      vertex -2 2.3 16.4
    endloop
  endfacet
  facet normal 0 0 -1
    outer loop
      vertex -3.01 2.3 16.4
      vertex -2.3 2.3 16.4
      vertex -3.01 2 16.4
    endloop
  endfacet
  facet normal 0 0 -1
    outer loop
      vertex -2.3 2.3 16.4
      vertex -3.01 2.3 16.4
      vertex -2 2.82462 16.4
    endloop
  endfacet
  facet normal 0 0 -1
    outer loop
      vertex -9.3635 2.82462 16.4
      vertex -3.01 2.3 16.4
      vertex -9.3635 2.3 16.4
    endloop
  endfacet
  facet normal 0 0 -1
    outer loop
      vertex -3.01 2.3 16.4
      vertex -9.3635 2.82462 16.4
      vertex -2 2.82462 16.4
    endloop
  endfacet
  facet normal 0 0 -1
    outer loop
      vertex -3 3.01 16.4
      vertex -2.3 9.36223 16.4
      vertex -2.3 3.01 16.4
    endloop
  endfacet
  facet normal -0 0 -1
    outer loop
      vertex -2.3 9.36223 16.4
      vertex -3 3.01 16.4
      vertex -3 9.36223 16.4
    endloop
  endfacet
  facet normal 0 0 -1
    outer loop
      vertex -20.4 2.3 16.4
      vertex -18.3749 2.79939 16.4
      vertex -18.3749 2.3 16.4
    endloop
  endfacet
  facet normal -0 0 -1
    outer loop
      vertex -18.3749 2.79939 16.4
      vertex -20.4 2.3 16.4
      vertex -20.4 2.79939 16.4
    endloop
  endfacet
  facet normal 0 0 -1
    outer loop
      vertex -17.5749 2.3 16.4
      vertex -10.1635 3 16.4
      vertex -10.1635 2.3 16.4
    endloop
  endfacet
  facet normal -0 0 -1
    outer loop
      vertex -10.1635 3 16.4
      vertex -17.5749 2.3 16.4
      vertex -17.5749 3 16.4
    endloop
  endfacet
  facet normal -0 0 1
    outer loop
      vertex -20.4 3 15.6
      vertex -14.7581 2.3 15.6
      vertex -14.7581 3 15.6
    endloop
  endfacet
  facet normal 0 0 1
    outer loop
      vertex -14.7581 2.3 15.6
      vertex -20.4 3 15.6
      vertex -20.4 2.3 15.6
    endloop
  endfacet
  facet normal -0 0 1
    outer loop
      vertex -5.36188 3 15.6
      vertex -3.01 2.3 15.6
      vertex -3 3 15.6
    endloop
  endfacet
  facet normal 0 0 1
    outer loop
      vertex -3.01 2.3 15.6
      vertex -5.36188 3 15.6
      vertex -5.36188 2.3 15.6
    endloop
  endfacet
  facet normal -0 0 1
    outer loop
      vertex -3 5.46439 15.6
      vertex -2.3 3.01 15.6
      vertex -2.3 5.46439 15.6
    endloop
  endfacet
  facet normal 0 0 1
    outer loop
      vertex -2.3 3.01 15.6
      vertex -3 3 15.6
      vertex -2.3 2.3 15.6
    endloop
  endfacet
  facet normal 0 0 1
    outer loop
      vertex -2.3 3.01 15.6
      vertex -3 5.46439 15.6
      vertex -3 3 15.6
    endloop
  endfacet
  facet normal 0 0 1
    outer loop
      vertex -3.01 2.3 15.6
      vertex -2.3 2.3 15.6
      vertex -3 3 15.6
    endloop
  endfacet
  facet normal 0 0 1
    outer loop
      vertex -2.3 2.3 15.6
      vertex -3.01 2.3 15.6
      vertex -2.3 2 15.6
    endloop
  endfacet
  facet normal 0 0 1
    outer loop
      vertex -2.3 2 15.6
      vertex -3.01 2.3 15.6
      vertex -3.01 2 15.6
    endloop
  endfacet
  facet normal -0 0 1
    outer loop
      vertex -2.3 3.01 15.6
      vertex -2 2.3 15.6
      vertex -2 3.01 15.6
    endloop
  endfacet
  facet normal 0 0 1
    outer loop
      vertex -2 2.3 15.6
      vertex -2.3 3.01 15.6
      vertex -2.3 2.3 15.6
    endloop
  endfacet
  facet normal -0 0 1
    outer loop
      vertex -13.9581 3 15.6
      vertex -6.16188 2.3 15.6
      vertex -6.16188 3 15.6
    endloop
  endfacet
  facet normal 0 0 1
    outer loop
      vertex -6.16188 2.3 15.6
      vertex -13.9581 3 15.6
      vertex -13.9581 2.3 15.6
    endloop
  endfacet
  facet normal -1 0 0
    outer loop
      vertex -2 3.01 15.6
      vertex -2 2.82462 16.4
      vertex -2 3.01 20.4
    endloop
  endfacet
  facet normal -1 0 0
    outer loop
      vertex -2 2.3 15.6
      vertex -2 2.82462 16.4
      vertex -2 3.01 15.6
    endloop
  endfacet
  facet normal -1 -0 0
    outer loop
      vertex -2 2.82462 16.4
      vertex -2 2.3 15.6
      vertex -2 2.3 16.4
    endloop
  endfacet
  facet normal -1 0 0
    outer loop
      vertex -2 2.82462 19.6
      vertex -2 3.01 20.4
      vertex -2 2.82462 16.4
    endloop
  endfacet
  facet normal -1 0 0
    outer loop
      vertex -2 2.3 20.4
      vertex -2 2.82462 19.6
      vertex -2 2.3 19.6
    endloop
  endfacet
  facet normal -1 0 0
    outer loop
      vertex -2 2.82462 19.6
      vertex -2 2.3 20.4
      vertex -2 3.01 20.4
    endloop
  endfacet
  facet normal 0 0 -1
    outer loop
      vertex -3.01 2.3 20.4
      vertex -2.3 2.3 20.4
      vertex -2.3 2 20.4
    endloop
  endfacet
  facet normal 0 -0 -1
    outer loop
      vertex -3 3 20.4
      vertex -2.3 2.3 20.4
      vertex -3.01 2.3 20.4
    endloop
  endfacet
  facet normal 0 0 -1
    outer loop
      vertex -3 5.27956 20.4
      vertex -2.3 3.01 20.4
      vertex -3 3 20.4
    endloop
  endfacet
  facet normal 0 0 -1
    outer loop
      vertex -3.01 2.3 20.4
      vertex -2.3 2 20.4
      vertex -3.01 2 20.4
    endloop
  endfacet
  facet normal 0 0 -1
    outer loop
      vertex -2.3 2.3 20.4
      vertex -3 3 20.4
      vertex -2.3 3.01 20.4
    endloop
  endfacet
  facet normal 0 0 -1
    outer loop
      vertex -5.4175 3 20.4
      vertex -3.01 2.3 20.4
      vertex -5.4175 2.3 20.4
    endloop
  endfacet
  facet normal 0 0 -1
    outer loop
      vertex -3.01 2.3 20.4
      vertex -5.4175 3 20.4
      vertex -3 3 20.4
    endloop
  endfacet
  facet normal 0 0 -1
    outer loop
      vertex -2.3 2.3 20.4
      vertex -2 3.01 20.4
      vertex -2 2.3 20.4
    endloop
  endfacet
  facet normal -0 0 -1
    outer loop
      vertex -2 3.01 20.4
      vertex -2.3 2.3 20.4
      vertex -2.3 3.01 20.4
    endloop
  endfacet
  facet normal 0 0 -1
    outer loop
      vertex -2.3 3.01 20.4
      vertex -3 5.27956 20.4
      vertex -2.3 5.27956 20.4
    endloop
  endfacet
  facet normal 0 0 -1
    outer loop
      vertex -20.4 2.3 20.4
      vertex -14.2787 3 20.4
      vertex -14.2787 2.3 20.4
    endloop
  endfacet
  facet normal -0 0 -1
    outer loop
      vertex -14.2787 3 20.4
      vertex -20.4 2.3 20.4
      vertex -20.4 3 20.4
    endloop
  endfacet
  facet normal 0 0 -1
    outer loop
      vertex -13.4787 2.3 20.4
      vertex -6.2175 2.8192 20.4
      vertex -6.2175 2.3 20.4
    endloop
  endfacet
  facet normal -0 0 -1
    outer loop
      vertex -6.2175 2.8192 20.4
      vertex -13.4787 2.3 20.4
      vertex -13.4787 2.8192 20.4
    endloop
  endfacet
  facet normal -0 0 1
    outer loop
      vertex -20.4 2.79939 19.6
      vertex -18.3749 2.3 19.6
      vertex -18.3749 2.79939 19.6
    endloop
  endfacet
  facet normal 0 0 1
    outer loop
      vertex -18.3749 2.3 19.6
      vertex -20.4 2.79939 19.6
      vertex -20.4 2.3 19.6
    endloop
  endfacet
  facet normal 0 0 1
    outer loop
      vertex -2 2.82462 19.6
      vertex -2.3 2.3 19.6
      vertex -2 2.3 19.6
    endloop
  endfacet
  facet normal 0 0 1
    outer loop
      vertex -2.3 2.3 19.6
      vertex -3.01 2.3 19.6
      vertex -2.3 2 19.6
    endloop
  endfacet
  facet normal 0 0 1
    outer loop
      vertex -2 2.82462 19.6
      vertex -3.01 2.3 19.6
      vertex -2.3 2.3 19.6
    endloop
  endfacet
  facet normal -0 0 1
    outer loop
      vertex -9.3635 2.82462 19.6
      vertex -3.01 2.3 19.6
      vertex -2 2.82462 19.6
    endloop
  endfacet
  facet normal 0 0 1
    outer loop
      vertex -3.01 2.3 19.6
      vertex -9.3635 2.82462 19.6
      vertex -9.3635 2.3 19.6
    endloop
  endfacet
  facet normal 0 0 1
    outer loop
      vertex -2.3 2 19.6
      vertex -3.01 2.3 19.6
      vertex -3.01 2 19.6
    endloop
  endfacet
  facet normal -0 0 1
    outer loop
      vertex -3 9.36223 19.6
      vertex -2.3 3.01 19.6
      vertex -2.3 9.36223 19.6
    endloop
  endfacet
  facet normal 0 0 1
    outer loop
      vertex -2.3 3.01 19.6
      vertex -3 9.36223 19.6
      vertex -3 3.01 19.6
    endloop
  endfacet
  facet normal -0 0 1
    outer loop
      vertex -17.5749 3 19.6
      vertex -10.1635 2.3 19.6
      vertex -10.1635 3 19.6
    endloop
  endfacet
  facet normal 0 0 1
    outer loop
      vertex -10.1635 2.3 19.6
      vertex -17.5749 3 19.6
      vertex -17.5749 2.3 19.6
    endloop
  endfacet
  facet normal 1 0 0
    outer loop
      vertex -20.4 3 32.4
      vertex -20.4 2.81234 27.6
      vertex -20.4 3 23.6
    endloop
  endfacet
  facet normal 1 0 0
    outer loop
      vertex -20.4 2.71096 28.4
      vertex -20.4 3 32.4
      vertex -20.4 2.71096 31.6
    endloop
  endfacet
  facet normal 1 -0 0
    outer loop
      vertex -20.4 2.3 32.4
      vertex -20.4 2.71096 31.6
      vertex -20.4 3 32.4
    endloop
  endfacet
  facet normal 1 0 0
    outer loop
      vertex -20.4 2.71096 31.6
      vertex -20.4 2.3 32.4
      vertex -20.4 2.3 31.6
    endloop
  endfacet
  facet normal 1 -0 0
    outer loop
      vertex -20.4 2.81234 24.4
      vertex -20.4 3 23.6
      vertex -20.4 2.81234 27.6
    endloop
  endfacet
  facet normal 1 0 0
    outer loop
      vertex -20.4 2.3 23.6
      vertex -20.4 2.81234 24.4
      vertex -20.4 2.3 24.4
    endloop
  endfacet
  facet normal 1 0 0
    outer loop
      vertex -20.4 2.81234 24.4
      vertex -20.4 2.3 23.6
      vertex -20.4 3 23.6
    endloop
  endfacet
  facet normal 1 0 0
    outer loop
      vertex -20.4 3 32.4
      vertex -20.4 2.71096 28.4
      vertex -20.4 2.81234 27.6
    endloop
  endfacet
  facet normal 1 0 0
    outer loop
      vertex -20.4 2.3 27.6
      vertex -20.4 2.71096 28.4
      vertex -20.4 2.3 28.4
    endloop
  endfacet
  facet normal 1 0 0
    outer loop
      vertex -20.4 2.71096 28.4
      vertex -20.4 2.3 27.6
      vertex -20.4 2.81234 27.6
    endloop
  endfacet
  facet normal 0 0 -1
    outer loop
      vertex -2.7052 2 24.4
      vertex -2.3 2.3 24.4
      vertex -2.3 2 24.4
    endloop
  endfacet
  facet normal -0 0 -1
    outer loop
      vertex -2.3 2.3 24.4
      vertex -2.7052 2 24.4
      vertex -2.3 3.01 24.4
    endloop
  endfacet
  facet normal 0 0 -1
    outer loop
      vertex -2.7052 9.20986 24.4
      vertex -2.3 3.01 24.4
      vertex -2.7052 2 24.4
    endloop
  endfacet
  facet normal 0 0 -1
    outer loop
      vertex -2.3 3.01 24.4
      vertex -2.7052 9.20986 24.4
      vertex -2.3 9.20986 24.4
    endloop
  endfacet
  facet normal 0 0 -1
    outer loop
      vertex -2.3 2.3 24.4
      vertex -2 3.01 24.4
      vertex -2 2.3 24.4
    endloop
  endfacet
  facet normal -0 0 -1
    outer loop
      vertex -2 3.01 24.4
      vertex -2.3 2.3 24.4
      vertex -2.3 3.01 24.4
    endloop
  endfacet
  facet normal 0 0 -1
    outer loop
      vertex -9.71944 2.3 24.4
      vertex -3.01 3 24.4
      vertex -3.01 2.3 24.4
    endloop
  endfacet
  facet normal -0 0 -1
    outer loop
      vertex -3.01 3 24.4
      vertex -9.71944 2.3 24.4
      vertex -9.71944 3 24.4
    endloop
  endfacet
  facet normal 0 0 -1
    outer loop
      vertex -20.4 2.3 24.4
      vertex -18.2737 2.81234 24.4
      vertex -18.2737 2.3 24.4
    endloop
  endfacet
  facet normal -0 0 -1
    outer loop
      vertex -18.2737 2.81234 24.4
      vertex -20.4 2.3 24.4
      vertex -20.4 2.81234 24.4
    endloop
  endfacet
  facet normal 0 0 -1
    outer loop
      vertex -17.4737 2.3 24.4
      vertex -10.5194 3 24.4
      vertex -10.5194 2.3 24.4
    endloop
  endfacet
  facet normal -0 0 -1
    outer loop
      vertex -10.5194 3 24.4
      vertex -17.4737 2.3 24.4
      vertex -17.4737 3 24.4
    endloop
  endfacet
  facet normal -0 0 1
    outer loop
      vertex -20.4 3 23.6
      vertex -14.2787 2.3 23.6
      vertex -14.2787 3 23.6
    endloop
  endfacet
  facet normal 0 0 1
    outer loop
      vertex -14.2787 2.3 23.6
      vertex -20.4 3 23.6
      vertex -20.4 2.3 23.6
    endloop
  endfacet
  facet normal -0 0 1
    outer loop
      vertex -5.4175 3 23.6
      vertex -3.01 2.3 23.6
      vertex -3 3 23.6
    endloop
  endfacet
  facet normal 0 0 1
    outer loop
      vertex -3.01 2.3 23.6
      vertex -5.4175 3 23.6
      vertex -5.4175 2.3 23.6
    endloop
  endfacet
  facet normal -0 0 1
    outer loop
      vertex -3 5.27956 23.6
      vertex -2.3 3.01 23.6
      vertex -2.3 5.27956 23.6
    endloop
  endfacet
  facet normal 0 0 1
    outer loop
      vertex -2.3 3.01 23.6
      vertex -3 3 23.6
      vertex -2.3 2.3 23.6
    endloop
  endfacet
  facet normal 0 0 1
    outer loop
      vertex -2.3 3.01 23.6
      vertex -3 5.27956 23.6
      vertex -3 3 23.6
    endloop
  endfacet
  facet normal 0 0 1
    outer loop
      vertex -3.01 2.3 23.6
      vertex -2.3 2.3 23.6
      vertex -3 3 23.6
    endloop
  endfacet
  facet normal 0 0 1
    outer loop
      vertex -2.3 2.3 23.6
      vertex -3.01 2.3 23.6
      vertex -2.3 2 23.6
    endloop
  endfacet
  facet normal 0 0 1
    outer loop
      vertex -2.3 2 23.6
      vertex -3.01 2.3 23.6
      vertex -3.01 2 23.6
    endloop
  endfacet
  facet normal -0 0 1
    outer loop
      vertex -2.3 3.01 23.6
      vertex -2 2.3 23.6
      vertex -2 3.01 23.6
    endloop
  endfacet
  facet normal 0 0 1
    outer loop
      vertex -2 2.3 23.6
      vertex -2.3 3.01 23.6
      vertex -2.3 2.3 23.6
    endloop
  endfacet
  facet normal -0 0 1
    outer loop
      vertex -13.4787 2.8192 23.6
      vertex -6.2175 2.3 23.6
      vertex -6.2175 2.8192 23.6
    endloop
  endfacet
  facet normal 0 0 1
    outer loop
      vertex -6.2175 2.3 23.6
      vertex -13.4787 2.8192 23.6
      vertex -13.4787 2.3 23.6
    endloop
  endfacet
  facet normal -1 0 0
    outer loop
      vertex -2 2.3 23.6
      vertex -2 3.01 24.4
      vertex -2 3.01 23.6
    endloop
  endfacet
  facet normal -1 -0 0
    outer loop
      vertex -2 3.01 24.4
      vertex -2 2.3 23.6
      vertex -2 2.3 24.4
    endloop
  endfacet
  facet normal 0 0 -1
    outer loop
      vertex -3.01 2.3 28.4
      vertex -2.3 2.3 28.4
      vertex -2.3 2 28.4
    endloop
  endfacet
  facet normal 0 -0 -1
    outer loop
      vertex -3 3 28.4
      vertex -2.3 2.3 28.4
      vertex -3.01 2.3 28.4
    endloop
  endfacet
  facet normal 0 0 -1
    outer loop
      vertex -3 5.70235 28.4
      vertex -2.3 3.01 28.4
      vertex -3 3 28.4
    endloop
  endfacet
  facet normal 0 0 -1
    outer loop
      vertex -3.01 2.3 28.4
      vertex -2.3 2 28.4
      vertex -3.01 2 28.4
    endloop
  endfacet
  facet normal 0 0 -1
    outer loop
      vertex -2.3 2.3 28.4
      vertex -3 3 28.4
      vertex -2.3 3.01 28.4
    endloop
  endfacet
  facet normal 0 0 -1
    outer loop
      vertex -5.40343 3 28.4
      vertex -3.01 2.3 28.4
      vertex -5.40343 2.3 28.4
    endloop
  endfacet
  facet normal 0 0 -1
    outer loop
      vertex -3.01 2.3 28.4
      vertex -5.40343 3 28.4
      vertex -3 3 28.4
    endloop
  endfacet
  facet normal 0 0 -1
    outer loop
      vertex -2.3 2.3 28.4
      vertex -2 3.01 28.4
      vertex -2 2.3 28.4
    endloop
  endfacet
  facet normal -0 0 -1
    outer loop
      vertex -2 3.01 28.4
      vertex -2.3 2.3 28.4
      vertex -2.3 3.01 28.4
    endloop
  endfacet
  facet normal 0 0 -1
    outer loop
      vertex -2.3 3.01 28.4
      vertex -3 5.70235 28.4
      vertex -2.3 5.70235 28.4
    endloop
  endfacet
  facet normal 0 0 -1
    outer loop
      vertex -20.4 2.3 28.4
      vertex -14.6363 2.71096 28.4
      vertex -14.6363 2.3 28.4
    endloop
  endfacet
  facet normal -0 0 -1
    outer loop
      vertex -14.6363 2.71096 28.4
      vertex -20.4 2.3 28.4
      vertex -20.4 2.71096 28.4
    endloop
  endfacet
  facet normal 0 0 -1
    outer loop
      vertex -13.8363 2.3 28.4
      vertex -6.20343 2.80227 28.4
      vertex -6.20343 2.3 28.4
    endloop
  endfacet
  facet normal -0 0 -1
    outer loop
      vertex -6.20343 2.80227 28.4
      vertex -13.8363 2.3 28.4
      vertex -13.8363 2.80227 28.4
    endloop
  endfacet
  facet normal -0 0 1
    outer loop
      vertex -20.4 2.81234 27.6
      vertex -18.2737 2.3 27.6
      vertex -18.2737 2.81234 27.6
    endloop
  endfacet
  facet normal 0 0 1
    outer loop
      vertex -18.2737 2.3 27.6
      vertex -20.4 2.81234 27.6
      vertex -20.4 2.3 27.6
    endloop
  endfacet
  facet normal -0 0 1
    outer loop
      vertex -2.7052 9.20986 27.6
      vertex -2.3 3.01 27.6
      vertex -2.3 9.20986 27.6
    endloop
  endfacet
  facet normal 0 0 1
    outer loop
      vertex -2.7052 2 27.6
      vertex -2.3 3.01 27.6
      vertex -2.7052 9.20986 27.6
    endloop
  endfacet
  facet normal 0 0 1
    outer loop
      vertex -2.3 3.01 27.6
      vertex -2.7052 2 27.6
      vertex -2.3 2.3 27.6
    endloop
  endfacet
  facet normal 0 0 1
    outer loop
      vertex -2.3 2.3 27.6
      vertex -2.7052 2 27.6
      vertex -2.3 2 27.6
    endloop
  endfacet
  facet normal -0 0 1
    outer loop
      vertex -2.3 3.01 27.6
      vertex -2 2.3 27.6
      vertex -2 3.01 27.6
    endloop
  endfacet
  facet normal 0 0 1
    outer loop
      vertex -2 2.3 27.6
      vertex -2.3 3.01 27.6
      vertex -2.3 2.3 27.6
    endloop
  endfacet
  facet normal -0 0 1
    outer loop
      vertex -9.71944 3 27.6
      vertex -3.01 2.3 27.6
      vertex -3.01 3 27.6
    endloop
  endfacet
  facet normal 0 0 1
    outer loop
      vertex -3.01 2.3 27.6
      vertex -9.71944 3 27.6
      vertex -9.71944 2.3 27.6
    endloop
  endfacet
  facet normal -0 0 1
    outer loop
      vertex -17.4737 3 27.6
      vertex -10.5194 2.3 27.6
      vertex -10.5194 3 27.6
    endloop
  endfacet
  facet normal 0 0 1
    outer loop
      vertex -10.5194 2.3 27.6
      vertex -17.4737 3 27.6
      vertex -17.4737 2.3 27.6
    endloop
  endfacet
  facet normal -1 0 0
    outer loop
      vertex -2 2.3 27.6
      vertex -2 3.01 28.4
      vertex -2 3.01 27.6
    endloop
  endfacet
  facet normal -1 -0 0
    outer loop
      vertex -2 3.01 28.4
      vertex -2 2.3 27.6
      vertex -2 2.3 28.4
    endloop
  endfacet
  facet normal 0 0 -1
    outer loop
      vertex -2.83194 2 32.4
      vertex -2.3 2.3 32.4
      vertex -2.3 2 32.4
    endloop
  endfacet
  facet normal -0 0 -1
    outer loop
      vertex -2.3 2.3 32.4
      vertex -2.83194 2 32.4
      vertex -2.3 3.01 32.4
    endloop
  endfacet
  facet normal 0 0 -1
    outer loop
      vertex -2.83194 9.68859 32.4
      vertex -2.3 3.01 32.4
      vertex -2.83194 2 32.4
    endloop
  endfacet
  facet normal 0 0 -1
    outer loop
      vertex -2.3 3.01 32.4
      vertex -2.83194 9.68859 32.4
      vertex -2.3 9.68859 32.4
    endloop
  endfacet
  facet normal 0 0 -1
    outer loop
      vertex -2.3 2.3 32.4
      vertex -2 3.01 32.4
      vertex -2 2.3 32.4
    endloop
  endfacet
  facet normal -0 0 -1
    outer loop
      vertex -2 3.01 32.4
      vertex -2.3 2.3 32.4
      vertex -2.3 3.01 32.4
    endloop
  endfacet
  facet normal 0 0 -1
    outer loop
      vertex -9.93152 2.3 32.4
      vertex -3.01 3 32.4
      vertex -3.01 2.3 32.4
    endloop
  endfacet
  facet normal -0 0 -1
    outer loop
      vertex -3.01 3 32.4
      vertex -9.93152 2.3 32.4
      vertex -9.93152 3 32.4
    endloop
  endfacet
  facet normal 0 0 -1
    outer loop
      vertex -20.4 2.3 32.4
      vertex -18.7749 3 32.4
      vertex -18.7749 2.3 32.4
    endloop
  endfacet
  facet normal -0 0 -1
    outer loop
      vertex -18.7749 3 32.4
      vertex -20.4 2.3 32.4
      vertex -20.4 3 32.4
    endloop
  endfacet
  facet normal 0 0 -1
    outer loop
      vertex -17.9749 2.3 32.4
      vertex -10.7315 3 32.4
      vertex -10.7315 2.3 32.4
    endloop
  endfacet
  facet normal -0 0 -1
    outer loop
      vertex -10.7315 3 32.4
      vertex -17.9749 2.3 32.4
      vertex -17.9749 3 32.4
    endloop
  endfacet
  facet normal -0 0 1
    outer loop
      vertex -20.4 2.71096 31.6
      vertex -14.6363 2.3 31.6
      vertex -14.6363 2.71096 31.6
    endloop
  endfacet
  facet normal 0 0 1
    outer loop
      vertex -14.6363 2.3 31.6
      vertex -20.4 2.71096 31.6
      vertex -20.4 2.3 31.6
    endloop
  endfacet
  facet normal -0 0 1
    outer loop
      vertex -5.40343 3 31.6
      vertex -3.01 2.3 31.6
      vertex -3 3 31.6
    endloop
  endfacet
  facet normal 0 0 1
    outer loop
      vertex -3.01 2.3 31.6
      vertex -5.40343 3 31.6
      vertex -5.40343 2.3 31.6
    endloop
  endfacet
  facet normal -0 0 1
    outer loop
      vertex -3 5.70235 31.6
      vertex -2.3 3.01 31.6
      vertex -2.3 5.70235 31.6
    endloop
  endfacet
  facet normal 0 0 1
    outer loop
      vertex -2.3 3.01 31.6
      vertex -3 3 31.6
      vertex -2.3 2.3 31.6
    endloop
  endfacet
  facet normal 0 0 1
    outer loop
      vertex -2.3 3.01 31.6
      vertex -3 5.70235 31.6
      vertex -3 3 31.6
    endloop
  endfacet
  facet normal 0 0 1
    outer loop
      vertex -3.01 2.3 31.6
      vertex -2.3 2.3 31.6
      vertex -3 3 31.6
    endloop
  endfacet
  facet normal 0 0 1
    outer loop
      vertex -2.3 2.3 31.6
      vertex -3.01 2.3 31.6
      vertex -2.3 2 31.6
    endloop
  endfacet
  facet normal 0 0 1
    outer loop
      vertex -2.3 2 31.6
      vertex -3.01 2.3 31.6
      vertex -3.01 2 31.6
    endloop
  endfacet
  facet normal -0 0 1
    outer loop
      vertex -2.3 3.01 31.6
      vertex -2 2.3 31.6
      vertex -2 3.01 31.6
    endloop
  endfacet
  facet normal 0 0 1
    outer loop
      vertex -2 2.3 31.6
      vertex -2.3 3.01 31.6
      vertex -2.3 2.3 31.6
    endloop
  endfacet
  facet normal -0 0 1
    outer loop
      vertex -13.8363 2.80227 31.6
      vertex -6.20343 2.3 31.6
      vertex -6.20343 2.80227 31.6
    endloop
  endfacet
  facet normal 0 0 1
    outer loop
      vertex -6.20343 2.3 31.6
      vertex -13.8363 2.80227 31.6
      vertex -13.8363 2.3 31.6
    endloop
  endfacet
  facet normal -1 0 0
    outer loop
      vertex -2 2.3 31.6
      vertex -2 3.01 32.4
      vertex -2 3.01 31.6
    endloop
  endfacet
  facet normal -1 -0 0
    outer loop
      vertex -2 3.01 32.4
      vertex -2 2.3 31.6
      vertex -2 2.3 32.4
    endloop
  endfacet
  facet normal 1 -0 0
    outer loop
      vertex -20.4 2.3 40.4
      vertex -20.4 2.8093 39.6
      vertex -20.4 2.83086 40.4
    endloop
  endfacet
  facet normal 1 0 0
    outer loop
      vertex -20.4 2.8093 39.6
      vertex -20.4 2.3 40.4
      vertex -20.4 2.3 39.6
    endloop
  endfacet
  facet normal 1 0 0
    outer loop
      vertex -20.4 2.83086 40.4
      vertex -20.4 3 44.4
      vertex -20.4 2.83086 43.6
    endloop
  endfacet
  facet normal 1 -0 0
    outer loop
      vertex -20.4 2.3 44.4
      vertex -20.4 2.83086 43.6
      vertex -20.4 3 44.4
    endloop
  endfacet
  facet normal 1 0 0
    outer loop
      vertex -20.4 2.83086 43.6
      vertex -20.4 2.3 44.4
      vertex -20.4 2.3 43.6
    endloop
  endfacet
  facet normal 1 0 0
    outer loop
      vertex -20.4 3 44.4
      vertex -20.4 2.83086 40.4
      vertex -20.4 3 35.6
    endloop
  endfacet
  facet normal 1 -0 0
    outer loop
      vertex -20.4 2.8093 39.6
      vertex -20.4 3 35.6
      vertex -20.4 2.83086 40.4
    endloop
  endfacet
  facet normal 1 -0 0
    outer loop
      vertex -20.4 2.8093 36.4
      vertex -20.4 3 35.6
      vertex -20.4 2.8093 39.6
    endloop
  endfacet
  facet normal 1 0 0
    outer loop
      vertex -20.4 2.3 35.6
      vertex -20.4 2.8093 36.4
      vertex -20.4 2.3 36.4
    endloop
  endfacet
  facet normal 1 0 0
    outer loop
      vertex -20.4 2.8093 36.4
      vertex -20.4 2.3 35.6
      vertex -20.4 3 35.6
    endloop
  endfacet
  facet normal 0 0 -1
    outer loop
      vertex -3.01 2.3 36.4
      vertex -2.3 2.3 36.4
      vertex -2.3 2 36.4
    endloop
  endfacet
  facet normal 0 -0 -1
    outer loop
      vertex -3 3 36.4
      vertex -2.3 2.3 36.4
      vertex -3.01 2.3 36.4
    endloop
  endfacet
  facet normal 0 0 -1
    outer loop
      vertex -3 5.43141 36.4
      vertex -2.3 3.01 36.4
      vertex -3 3 36.4
    endloop
  endfacet
  facet normal 0 0 -1
    outer loop
      vertex -3.01 2.3 36.4
      vertex -2.3 2 36.4
      vertex -3.01 2 36.4
    endloop
  endfacet
  facet normal 0 0 -1
    outer loop
      vertex -2.3 2.3 36.4
      vertex -3 3 36.4
      vertex -2.3 3.01 36.4
    endloop
  endfacet
  facet normal 0 0 -1
    outer loop
      vertex -5.32603 3 36.4
      vertex -3.01 2.3 36.4
      vertex -5.32603 2.3 36.4
    endloop
  endfacet
  facet normal 0 0 -1
    outer loop
      vertex -3.01 2.3 36.4
      vertex -5.32603 3 36.4
      vertex -3 3 36.4
    endloop
  endfacet
  facet normal 0 0 -1
    outer loop
      vertex -2.3 2.3 36.4
      vertex -2 3.01 36.4
      vertex -2 2.3 36.4
    endloop
  endfacet
  facet normal -0 0 -1
    outer loop
      vertex -2 3.01 36.4
      vertex -2.3 2.3 36.4
      vertex -2.3 3.01 36.4
    endloop
  endfacet
  facet normal 0 0 -1
    outer loop
      vertex -2.3 3.01 36.4
      vertex -3 5.43141 36.4
      vertex -2.3 5.43141 36.4
    endloop
  endfacet
  facet normal 0 0 -1
    outer loop
      vertex -20.4 2.3 36.4
      vertex -14.0279 2.8093 36.4
      vertex -14.0279 2.3 36.4
    endloop
  endfacet
  facet normal -0 0 -1
    outer loop
      vertex -14.0279 2.8093 36.4
      vertex -20.4 2.3 36.4
      vertex -20.4 2.8093 36.4
    endloop
  endfacet
  facet normal 0 0 -1
    outer loop
      vertex -13.2279 2.3 36.4
      vertex -6.12603 2.82404 36.4
      vertex -6.12603 2.3 36.4
    endloop
  endfacet
  facet normal -0 0 -1
    outer loop
      vertex -6.12603 2.82404 36.4
      vertex -13.2279 2.3 36.4
      vertex -13.2279 2.82404 36.4
    endloop
  endfacet
  facet normal -0 0 1
    outer loop
      vertex -20.4 3 35.6
      vertex -18.7749 2.3 35.6
      vertex -18.7749 3 35.6
    endloop
  endfacet
  facet normal 0 0 1
    outer loop
      vertex -18.7749 2.3 35.6
      vertex -20.4 3 35.6
      vertex -20.4 2.3 35.6
    endloop
  endfacet
  facet normal -0 0 1
    outer loop
      vertex -2.83194 9.68859 35.6
      vertex -2.3 3.01 35.6
      vertex -2.3 9.68859 35.6
    endloop
  endfacet
  facet normal 0 0 1
    outer loop
      vertex -2.83194 2 35.6
      vertex -2.3 3.01 35.6
      vertex -2.83194 9.68859 35.6
    endloop
  endfacet
  facet normal 0 0 1
    outer loop
      vertex -2.3 3.01 35.6
      vertex -2.83194 2 35.6
      vertex -2.3 2.3 35.6
    endloop
  endfacet
  facet normal 0 0 1
    outer loop
      vertex -2.3 2.3 35.6
      vertex -2.83194 2 35.6
      vertex -2.3 2 35.6
    endloop
  endfacet
  facet normal -0 0 1
    outer loop
      vertex -2.3 3.01 35.6
      vertex -2 2.3 35.6
      vertex -2 3.01 35.6
    endloop
  endfacet
  facet normal 0 0 1
    outer loop
      vertex -2 2.3 35.6
      vertex -2.3 3.01 35.6
      vertex -2.3 2.3 35.6
    endloop
  endfacet
  facet normal -0 0 1
    outer loop
      vertex -9.93152 3 35.6
      vertex -3.01 2.3 35.6
      vertex -3.01 3 35.6
    endloop
  endfacet
  facet normal 0 0 1
    outer loop
      vertex -3.01 2.3 35.6
      vertex -9.93152 3 35.6
      vertex -9.93152 2.3 35.6
    endloop
  endfacet
  facet normal -0 0 1
    outer loop
      vertex -17.9749 3 35.6
      vertex -10.7315 2.3 35.6
      vertex -10.7315 3 35.6
    endloop
  endfacet
  facet normal 0 0 1
    outer loop
      vertex -10.7315 2.3 35.6
      vertex -17.9749 3 35.6
      vertex -17.9749 2.3 35.6
    endloop
  endfacet
  facet normal -1 0 0
    outer loop
      vertex -2 2.3 35.6
      vertex -2 3.01 36.4
      vertex -2 3.01 35.6
    endloop
  endfacet
  facet normal -1 -0 0
    outer loop
      vertex -2 3.01 36.4
      vertex -2 2.3 35.6
      vertex -2 2.3 36.4
    endloop
  endfacet
  facet normal 0 0 -1
    outer loop
      vertex -2.7315 2 40.4
      vertex -2.3 2.3 40.4
      vertex -2.3 2 40.4
    endloop
  endfacet
  facet normal -0 0 -1
    outer loop
      vertex -2.3 2.3 40.4
      vertex -2.7315 2 40.4
      vertex -2.3 3.01 40.4
    endloop
  endfacet
  facet normal 0 0 -1
    outer loop
      vertex -2.7315 9.92976 40.4
      vertex -2.3 3.01 40.4
      vertex -2.7315 2 40.4
    endloop
  endfacet
  facet normal 0 0 -1
    outer loop
      vertex -2.3 3.01 40.4
      vertex -2.7315 9.92976 40.4
      vertex -2.3 9.92976 40.4
    endloop
  endfacet
  facet normal 0 0 -1
    outer loop
      vertex -2.3 2.3 40.4
      vertex -2 3.01 40.4
      vertex -2 2.3 40.4
    endloop
  endfacet
  facet normal -0 0 -1
    outer loop
      vertex -2 3.01 40.4
      vertex -2.3 2.3 40.4
      vertex -2.3 3.01 40.4
    endloop
  endfacet
  facet normal 0 0 -1
    outer loop
      vertex -9.51505 2.3 40.4
      vertex -3.01 3 40.4
      vertex -3.01 2.3 40.4
    endloop
  endfacet
  facet normal -0 0 -1
    outer loop
      vertex -3.01 3 40.4
      vertex -9.51505 2.3 40.4
      vertex -9.51505 3 40.4
    endloop
  endfacet
  facet normal 0 0 -1
    outer loop
      vertex -20.4 2.3 40.4
      vertex -18.284 2.83086 40.4
      vertex -18.284 2.3 40.4
    endloop
  endfacet
  facet normal -0 0 -1
    outer loop
      vertex -18.284 2.83086 40.4
      vertex -20.4 2.3 40.4
      vertex -20.4 2.83086 40.4
    endloop
  endfacet
  facet normal 0 0 -1
    outer loop
      vertex -17.4841 2.3 40.4
      vertex -10.315 3 40.4
      vertex -10.315 2.3 40.4
    endloop
  endfacet
  facet normal -0 0 -1
    outer loop
      vertex -10.315 3 40.4
      vertex -17.4841 2.3 40.4
      vertex -17.4841 3 40.4
    endloop
  endfacet
  facet normal -0 0 1
    outer loop
      vertex -20.4 2.8093 39.6
      vertex -14.0279 2.3 39.6
      vertex -14.0279 2.8093 39.6
    endloop
  endfacet
  facet normal 0 0 1
    outer loop
      vertex -14.0279 2.3 39.6
      vertex -20.4 2.8093 39.6
      vertex -20.4 2.3 39.6
    endloop
  endfacet
  facet normal -0 0 1
    outer loop
      vertex -5.32603 3 39.6
      vertex -3.01 2.3 39.6
      vertex -3 3 39.6
    endloop
  endfacet
  facet normal 0 0 1
    outer loop
      vertex -3.01 2.3 39.6
      vertex -5.32603 3 39.6
      vertex -5.32603 2.3 39.6
    endloop
  endfacet
  facet normal -0 0 1
    outer loop
      vertex -3 5.43141 39.6
      vertex -2.3 3.01 39.6
      vertex -2.3 5.43141 39.6
    endloop
  endfacet
  facet normal 0 0 1
    outer loop
      vertex -2.3 3.01 39.6
      vertex -3 3 39.6
      vertex -2.3 2.3 39.6
    endloop
  endfacet
  facet normal 0 0 1
    outer loop
      vertex -2.3 3.01 39.6
      vertex -3 5.43141 39.6
      vertex -3 3 39.6
    endloop
  endfacet
  facet normal 0 0 1
    outer loop
      vertex -3.01 2.3 39.6
      vertex -2.3 2.3 39.6
      vertex -3 3 39.6
    endloop
  endfacet
  facet normal 0 0 1
    outer loop
      vertex -2.3 2.3 39.6
      vertex -3.01 2.3 39.6
      vertex -2.3 2 39.6
    endloop
  endfacet
  facet normal 0 0 1
    outer loop
      vertex -2.3 2 39.6
      vertex -3.01 2.3 39.6
      vertex -3.01 2 39.6
    endloop
  endfacet
  facet normal -0 0 1
    outer loop
      vertex -2.3 3.01 39.6
      vertex -2 2.3 39.6
      vertex -2 3.01 39.6
    endloop
  endfacet
  facet normal 0 0 1
    outer loop
      vertex -2 2.3 39.6
      vertex -2.3 3.01 39.6
      vertex -2.3 2.3 39.6
    endloop
  endfacet
  facet normal -0 0 1
    outer loop
      vertex -13.2279 2.82404 39.6
      vertex -6.12603 2.3 39.6
      vertex -6.12603 2.82404 39.6
    endloop
  endfacet
  facet normal 0 0 1
    outer loop
      vertex -6.12603 2.3 39.6
      vertex -13.2279 2.82404 39.6
      vertex -13.2279 2.3 39.6
    endloop
  endfacet
  facet normal -1 0 0
    outer loop
      vertex -2 2.3 39.6
      vertex -2 3.01 40.4
      vertex -2 3.01 39.6
    endloop
  endfacet
  facet normal -1 -0 0
    outer loop
      vertex -2 3.01 40.4
      vertex -2 2.3 39.6
      vertex -2 2.3 40.4
    endloop
  endfacet
  facet normal 0 0 -1
    outer loop
      vertex -3.01 2.3 44.4
      vertex -2.3 2.3 44.4
      vertex -2.3 2 44.4
    endloop
  endfacet
  facet normal 0 -0 -1
    outer loop
      vertex -3 3 44.4
      vertex -2.3 2.3 44.4
      vertex -3.01 2.3 44.4
    endloop
  endfacet
  facet normal 0 0 -1
    outer loop
      vertex -3 5.72835 44.4
      vertex -2.3 3.01 44.4
      vertex -3 3 44.4
    endloop
  endfacet
  facet normal 0 0 -1
    outer loop
      vertex -3.01 2.3 44.4
      vertex -2.3 2 44.4
      vertex -3.01 2 44.4
    endloop
  endfacet
  facet normal 0 0 -1
    outer loop
      vertex -2.3 2.3 44.4
      vertex -3 3 44.4
      vertex -2.3 3.01 44.4
    endloop
  endfacet
  facet normal 0 0 -1
    outer loop
      vertex -5.22447 3 44.4
      vertex -3.01 2.3 44.4
      vertex -5.22447 2.3 44.4
    endloop
  endfacet
  facet normal 0 0 -1
    outer loop
      vertex -3.01 2.3 44.4
      vertex -5.22447 3 44.4
      vertex -3 3 44.4
    endloop
  endfacet
  facet normal 0 0 -1
    outer loop
      vertex -2.3 2.3 44.4
      vertex -2 3.01 44.4
      vertex -2 2.3 44.4
    endloop
  endfacet
  facet normal -0 0 -1
    outer loop
      vertex -2 3.01 44.4
      vertex -2.3 2.3 44.4
      vertex -2.3 3.01 44.4
    endloop
  endfacet
  facet normal 0 0 -1
    outer loop
      vertex -2.3 3.01 44.4
      vertex -3 5.72835 44.4
      vertex -2.3 5.72835 44.4
    endloop
  endfacet
  facet normal 0 0 -1
    outer loop
      vertex -20.4 2.3 44.4
      vertex -14.6641 3 44.4
      vertex -14.6641 2.3 44.4
    endloop
  endfacet
  facet normal -0 0 -1
    outer loop
      vertex -14.6641 3 44.4
      vertex -20.4 2.3 44.4
      vertex -20.4 3 44.4
    endloop
  endfacet
  facet normal 0 0 -1
    outer loop
      vertex -13.8641 2.3 44.4
      vertex -6.02447 2.70795 44.4
      vertex -6.02447 2.3 44.4
    endloop
  endfacet
  facet normal -0 0 -1
    outer loop
      vertex -6.02447 2.70795 44.4
      vertex -13.8641 2.3 44.4
      vertex -13.8641 2.70795 44.4
    endloop
  endfacet
  facet normal -0 0 1
    outer loop
      vertex -20.4 2.83086 43.6
      vertex -18.284 2.3 43.6
      vertex -18.284 2.83086 43.6
    endloop
  endfacet
  facet normal 0 0 1
    outer loop
      vertex -18.284 2.3 43.6
      vertex -20.4 2.83086 43.6
      vertex -20.4 2.3 43.6
    endloop
  endfacet
  facet normal -0 0 1
    outer loop
      vertex -2.7315 9.92976 43.6
      vertex -2.3 3.01 43.6
      vertex -2.3 9.92976 43.6
    endloop
  endfacet
  facet normal 0 0 1
    outer loop
      vertex -2.7315 2 43.6
      vertex -2.3 3.01 43.6
      vertex -2.7315 9.92976 43.6
    endloop
  endfacet
  facet normal 0 0 1
    outer loop
      vertex -2.3 3.01 43.6
      vertex -2.7315 2 43.6
      vertex -2.3 2.3 43.6
    endloop
  endfacet
  facet normal 0 0 1
    outer loop
      vertex -2.3 2.3 43.6
      vertex -2.7315 2 43.6
      vertex -2.3 2 43.6
    endloop
  endfacet
  facet normal -0 0 1
    outer loop
      vertex -2.3 3.01 43.6
      vertex -2 2.3 43.6
      vertex -2 3.01 43.6
    endloop
  endfacet
  facet normal 0 0 1
    outer loop
      vertex -2 2.3 43.6
      vertex -2.3 3.01 43.6
      vertex -2.3 2.3 43.6
    endloop
  endfacet
  facet normal -0 0 1
    outer loop
      vertex -9.51505 3 43.6
      vertex -3.01 2.3 43.6
      vertex -3.01 3 43.6
    endloop
  endfacet
  facet normal 0 0 1
    outer loop
      vertex -3.01 2.3 43.6
      vertex -9.51505 3 43.6
      vertex -9.51505 2.3 43.6
    endloop
  endfacet
  facet normal -0 0 1
    outer loop
      vertex -17.4841 3 43.6
      vertex -10.315 2.3 43.6
      vertex -10.315 3 43.6
    endloop
  endfacet
  facet normal 0 0 1
    outer loop
      vertex -10.315 2.3 43.6
      vertex -17.4841 3 43.6
      vertex -17.4841 2.3 43.6
    endloop
  endfacet
  facet normal -1 0 0
    outer loop
      vertex -2 2.3 43.6
      vertex -2 3.01 44.4
      vertex -2 3.01 43.6
    endloop
  endfacet
  facet normal -1 -0 0
    outer loop
      vertex -2 3.01 44.4
      vertex -2 2.3 43.6
      vertex -2 2.3 44.4
    endloop
  endfacet
  facet normal 1 -0 0
    outer loop
      vertex -10.137 2.3 3.6
      vertex -10.137 3 0
      vertex -10.137 3 3.6
    endloop
  endfacet
  facet normal 1 0 0
    outer loop
      vertex -10.137 3 0
      vertex -10.137 2.3 3.6
      vertex -10.137 2.3 0
    endloop
  endfacet
  facet normal -1 0 0
    outer loop
      vertex -9.33696 2.3 0
      vertex -9.33696 2.81809 3.6
      vertex -9.33696 2.81809 0
    endloop
  endfacet
  facet normal -1 -0 0
    outer loop
      vertex -9.33696 2.81809 3.6
      vertex -9.33696 2.3 0
      vertex -9.33696 2.3 3.6
    endloop
  endfacet
  facet normal 1 -0 0
    outer loop
      vertex -18.7539 2.3 3.6
      vertex -18.7539 2.77206 0
      vertex -18.7539 2.77206 3.6
    endloop
  endfacet
  facet normal 1 0 0
    outer loop
      vertex -18.7539 2.77206 0
      vertex -18.7539 2.3 3.6
      vertex -18.7539 2.3 0
    endloop
  endfacet
  facet normal -1 0 0
    outer loop
      vertex -17.9539 2.3 0
      vertex -17.9539 3 3.6
      vertex -17.9539 3 0
    endloop
  endfacet
  facet normal -1 -0 0
    outer loop
      vertex -17.9539 3 3.6
      vertex -17.9539 2.3 0
      vertex -17.9539 2.3 3.6
    endloop
  endfacet
  facet normal 1 -0 0
    outer loop
      vertex -6.01165 2.3 7.6
      vertex -6.01165 2.76006 4.4
      vertex -6.01165 2.76006 7.6
    endloop
  endfacet
  facet normal 1 0 0
    outer loop
      vertex -6.01165 2.76006 4.4
      vertex -6.01165 2.3 7.6
      vertex -6.01165 2.3 4.4
    endloop
  endfacet
  facet normal -1 0 0
    outer loop
      vertex -5.21165 2.3 4.4
      vertex -5.21165 3 7.6
      vertex -5.21165 3 4.4
    endloop
  endfacet
  facet normal -1 -0 0
    outer loop
      vertex -5.21165 3 7.6
      vertex -5.21165 2.3 4.4
      vertex -5.21165 2.3 7.6
    endloop
  endfacet
  facet normal 1 -0 0
    outer loop
      vertex -14.5256 2.3 7.6
      vertex -14.5256 3 4.4
      vertex -14.5256 3 7.6
    endloop
  endfacet
  facet normal 1 0 0
    outer loop
      vertex -14.5256 3 4.4
      vertex -14.5256 2.3 7.6
      vertex -14.5256 2.3 4.4
    endloop
  endfacet
  facet normal -1 0 0
    outer loop
      vertex -13.7256 2.3 4.4
      vertex -13.7256 2.76006 7.6
      vertex -13.7256 2.76006 4.4
    endloop
  endfacet
  facet normal -1 -0 0
    outer loop
      vertex -13.7256 2.76006 7.6
      vertex -13.7256 2.3 4.4
      vertex -13.7256 2.3 7.6
    endloop
  endfacet
  facet normal 1 -0 0
    outer loop
      vertex -10.4451 2.3 11.6
      vertex -10.4451 2.80054 8.4
      vertex -10.4451 2.80054 11.6
    endloop
  endfacet
  facet normal 1 0 0
    outer loop
      vertex -10.4451 2.80054 8.4
      vertex -10.4451 2.3 11.6
      vertex -10.4451 2.3 8.4
    endloop
  endfacet
  facet normal -1 0 0
    outer loop
      vertex -9.64515 2.3 8.4
      vertex -9.64515 2.79296 11.6
      vertex -9.64515 2.79296 8.4
    endloop
  endfacet
  facet normal -1 -0 0
    outer loop
      vertex -9.64515 2.79296 11.6
      vertex -9.64515 2.3 8.4
      vertex -9.64515 2.3 11.6
    endloop
  endfacet
  facet normal 1 -0 0
    outer loop
      vertex -18.0082 2.3 11.6
      vertex -18.0082 2.72376 8.4
      vertex -18.0082 2.72376 11.6
    endloop
  endfacet
  facet normal 1 0 0
    outer loop
      vertex -18.0082 2.72376 8.4
      vertex -18.0082 2.3 11.6
      vertex -18.0082 2.3 8.4
    endloop
  endfacet
  facet normal -1 0 0
    outer loop
      vertex -17.2082 2.3 8.4
      vertex -17.2082 2.80054 11.6
      vertex -17.2082 2.80054 8.4
    endloop
  endfacet
  facet normal -1 -0 0
    outer loop
      vertex -17.2082 2.80054 11.6
      vertex -17.2082 2.3 8.4
      vertex -17.2082 2.3 11.6
    endloop
  endfacet
  facet normal 1 -0 0
    outer loop
      vertex -6.16188 2.3 15.6
      vertex -6.16188 3 12.4
      vertex -6.16188 3 15.6
    endloop
  endfacet
  facet normal 1 0 0
    outer loop
      vertex -6.16188 3 12.4
      vertex -6.16188 2.3 15.6
      vertex -6.16188 2.3 12.4
    endloop
  endfacet
  facet normal -1 0 0
    outer loop
      vertex -5.36188 2.3 12.4
      vertex -5.36188 3 15.6
      vertex -5.36188 3 12.4
    endloop
  endfacet
  facet normal -1 -0 0
    outer loop
      vertex -5.36188 3 15.6
      vertex -5.36188 2.3 12.4
      vertex -5.36188 2.3 15.6
    endloop
  endfacet
  facet normal 1 -0 0
    outer loop
      vertex -14.7581 2.3 15.6
      vertex -14.7581 3 12.4
      vertex -14.7581 3 15.6
    endloop
  endfacet
  facet normal 1 0 0
    outer loop
      vertex -14.7581 3 12.4
      vertex -14.7581 2.3 15.6
      vertex -14.7581 2.3 12.4
    endloop
  endfacet
  facet normal -1 0 0
    outer loop
      vertex -13.9581 2.3 12.4
      vertex -13.9581 3 15.6
      vertex -13.9581 3 12.4
    endloop
  endfacet
  facet normal -1 -0 0
    outer loop
      vertex -13.9581 3 15.6
      vertex -13.9581 2.3 12.4
      vertex -13.9581 2.3 15.6
    endloop
  endfacet
  facet normal 1 -0 0
    outer loop
      vertex -10.1635 2.3 19.6
      vertex -10.1635 3 16.4
      vertex -10.1635 3 19.6
    endloop
  endfacet
  facet normal 1 0 0
    outer loop
      vertex -10.1635 3 16.4
      vertex -10.1635 2.3 19.6
      vertex -10.1635 2.3 16.4
    endloop
  endfacet
  facet normal -1 0 0
    outer loop
      vertex -9.3635 2.3 16.4
      vertex -9.3635 2.82462 19.6
      vertex -9.3635 2.82462 16.4
    endloop
  endfacet
  facet normal -1 -0 0
    outer loop
      vertex -9.3635 2.82462 19.6
      vertex -9.3635 2.3 16.4
      vertex -9.3635 2.3 19.6
    endloop
  endfacet
  facet normal 1 -0 0
    outer loop
      vertex -18.3749 2.3 19.6
      vertex -18.3749 2.79939 16.4
      vertex -18.3749 2.79939 19.6
    endloop
  endfacet
  facet normal 1 0 0
    outer loop
      vertex -18.3749 2.79939 16.4
      vertex -18.3749 2.3 19.6
      vertex -18.3749 2.3 16.4
    endloop
  endfacet
  facet normal -1 0 0
    outer loop
      vertex -17.5749 2.3 16.4
      vertex -17.5749 3 19.6
      vertex -17.5749 3 16.4
    endloop
  endfacet
  facet normal -1 -0 0
    outer loop
      vertex -17.5749 3 19.6
      vertex -17.5749 2.3 16.4
      vertex -17.5749 2.3 19.6
    endloop
  endfacet
  facet normal 1 -0 0
    outer loop
      vertex -6.2175 2.3 23.6
      vertex -6.2175 2.8192 20.4
      vertex -6.2175 2.8192 23.6
    endloop
  endfacet
  facet normal 1 0 0
    outer loop
      vertex -6.2175 2.8192 20.4
      vertex -6.2175 2.3 23.6
      vertex -6.2175 2.3 20.4
    endloop
  endfacet
  facet normal -1 0 0
    outer loop
      vertex -5.4175 2.3 20.4
      vertex -5.4175 3 23.6
      vertex -5.4175 3 20.4
    endloop
  endfacet
  facet normal -1 -0 0
    outer loop
      vertex -5.4175 3 23.6
      vertex -5.4175 2.3 20.4
      vertex -5.4175 2.3 23.6
    endloop
  endfacet
  facet normal 1 -0 0
    outer loop
      vertex -14.2787 2.3 23.6
      vertex -14.2787 3 20.4
      vertex -14.2787 3 23.6
    endloop
  endfacet
  facet normal 1 0 0
    outer loop
      vertex -14.2787 3 20.4
      vertex -14.2787 2.3 23.6
      vertex -14.2787 2.3 20.4
    endloop
  endfacet
  facet normal -1 0 0
    outer loop
      vertex -13.4787 2.3 20.4
      vertex -13.4787 2.8192 23.6
      vertex -13.4787 2.8192 20.4
    endloop
  endfacet
  facet normal -1 -0 0
    outer loop
      vertex -13.4787 2.8192 23.6
      vertex -13.4787 2.3 20.4
      vertex -13.4787 2.3 23.6
    endloop
  endfacet
  facet normal 1 -0 0
    outer loop
      vertex -10.5194 2.3 27.6
      vertex -10.5194 3 24.4
      vertex -10.5194 3 27.6
    endloop
  endfacet
  facet normal 1 0 0
    outer loop
      vertex -10.5194 3 24.4
      vertex -10.5194 2.3 27.6
      vertex -10.5194 2.3 24.4
    endloop
  endfacet
  facet normal -1 0 0
    outer loop
      vertex -9.71944 2.3 24.4
      vertex -9.71944 3 27.6
      vertex -9.71944 3 24.4
    endloop
  endfacet
  facet normal -1 -0 0
    outer loop
      vertex -9.71944 3 27.6
      vertex -9.71944 2.3 24.4
      vertex -9.71944 2.3 27.6
    endloop
  endfacet
  facet normal 1 -0 0
    outer loop
      vertex -18.2737 2.3 27.6
      vertex -18.2737 2.81234 24.4
      vertex -18.2737 2.81234 27.6
    endloop
  endfacet
  facet normal 1 0 0
    outer loop
      vertex -18.2737 2.81234 24.4
      vertex -18.2737 2.3 27.6
      vertex -18.2737 2.3 24.4
    endloop
  endfacet
  facet normal -1 0 0
    outer loop
      vertex -17.4737 2.3 24.4
      vertex -17.4737 3 27.6
      vertex -17.4737 3 24.4
    endloop
  endfacet
  facet normal -1 -0 0
    outer loop
      vertex -17.4737 3 27.6
      vertex -17.4737 2.3 24.4
      vertex -17.4737 2.3 27.6
    endloop
  endfacet
  facet normal 1 -0 0
    outer loop
      vertex -6.20343 2.3 31.6
      vertex -6.20343 2.80227 28.4
      vertex -6.20343 2.80227 31.6
    endloop
  endfacet
  facet normal 1 0 0
    outer loop
      vertex -6.20343 2.80227 28.4
      vertex -6.20343 2.3 31.6
      vertex -6.20343 2.3 28.4
    endloop
  endfacet
  facet normal -1 0 0
    outer loop
      vertex -5.40343 2.3 28.4
      vertex -5.40343 3 31.6
      vertex -5.40343 3 28.4
    endloop
  endfacet
  facet normal -1 -0 0
    outer loop
      vertex -5.40343 3 31.6
      vertex -5.40343 2.3 28.4
      vertex -5.40343 2.3 31.6
    endloop
  endfacet
  facet normal 1 -0 0
    outer loop
      vertex -14.6363 2.3 31.6
      vertex -14.6363 2.71096 28.4
      vertex -14.6363 2.71096 31.6
    endloop
  endfacet
  facet normal 1 0 0
    outer loop
      vertex -14.6363 2.71096 28.4
      vertex -14.6363 2.3 31.6
      vertex -14.6363 2.3 28.4
    endloop
  endfacet
  facet normal -1 0 0
    outer loop
      vertex -13.8363 2.3 28.4
      vertex -13.8363 2.80227 31.6
      vertex -13.8363 2.80227 28.4
    endloop
  endfacet
  facet normal -1 -0 0
    outer loop
      vertex -13.8363 2.80227 31.6
      vertex -13.8363 2.3 28.4
      vertex -13.8363 2.3 31.6
    endloop
  endfacet
  facet normal 1 -0 0
    outer loop
      vertex -10.7315 2.3 35.6
      vertex -10.7315 3 32.4
      vertex -10.7315 3 35.6
    endloop
  endfacet
  facet normal 1 0 0
    outer loop
      vertex -10.7315 3 32.4
      vertex -10.7315 2.3 35.6
      vertex -10.7315 2.3 32.4
    endloop
  endfacet
  facet normal -1 0 0
    outer loop
      vertex -9.93152 2.3 32.4
      vertex -9.93152 3 35.6
      vertex -9.93152 3 32.4
    endloop
  endfacet
  facet normal -1 -0 0
    outer loop
      vertex -9.93152 3 35.6
      vertex -9.93152 2.3 32.4
      vertex -9.93152 2.3 35.6
    endloop
  endfacet
  facet normal 1 -0 0
    outer loop
      vertex -18.7749 2.3 35.6
      vertex -18.7749 3 32.4
      vertex -18.7749 3 35.6
    endloop
  endfacet
  facet normal 1 0 0
    outer loop
      vertex -18.7749 3 32.4
      vertex -18.7749 2.3 35.6
      vertex -18.7749 2.3 32.4
    endloop
  endfacet
  facet normal -1 0 0
    outer loop
      vertex -17.9749 2.3 32.4
      vertex -17.9749 3 35.6
      vertex -17.9749 3 32.4
    endloop
  endfacet
  facet normal -1 -0 0
    outer loop
      vertex -17.9749 3 35.6
      vertex -17.9749 2.3 32.4
      vertex -17.9749 2.3 35.6
    endloop
  endfacet
  facet normal 1 -0 0
    outer loop
      vertex -6.12603 2.3 39.6
      vertex -6.12603 2.82404 36.4
      vertex -6.12603 2.82404 39.6
    endloop
  endfacet
  facet normal 1 0 0
    outer loop
      vertex -6.12603 2.82404 36.4
      vertex -6.12603 2.3 39.6
      vertex -6.12603 2.3 36.4
    endloop
  endfacet
  facet normal -1 0 0
    outer loop
      vertex -5.32603 2.3 36.4
      vertex -5.32603 3 39.6
      vertex -5.32603 3 36.4
    endloop
  endfacet
  facet normal -1 -0 0
    outer loop
      vertex -5.32603 3 39.6
      vertex -5.32603 2.3 36.4
      vertex -5.32603 2.3 39.6
    endloop
  endfacet
  facet normal 1 -0 0
    outer loop
      vertex -14.0279 2.3 39.6
      vertex -14.0279 2.8093 36.4
      vertex -14.0279 2.8093 39.6
    endloop
  endfacet
  facet normal 1 0 0
    outer loop
      vertex -14.0279 2.8093 36.4
      vertex -14.0279 2.3 39.6
      vertex -14.0279 2.3 36.4
    endloop
  endfacet
  facet normal -1 0 0
    outer loop
      vertex -13.2279 2.3 36.4
      vertex -13.2279 2.82404 39.6
      vertex -13.2279 2.82404 36.4
    endloop
  endfacet
  facet normal -1 -0 0
    outer loop
      vertex -13.2279 2.82404 39.6
      vertex -13.2279 2.3 36.4
      vertex -13.2279 2.3 39.6
    endloop
  endfacet
  facet normal 1 -0 0
    outer loop
      vertex -10.315 2.3 43.6
      vertex -10.315 3 40.4
      vertex -10.315 3 43.6
    endloop
  endfacet
  facet normal 1 0 0
    outer loop
      vertex -10.315 3 40.4
      vertex -10.315 2.3 43.6
      vertex -10.315 2.3 40.4
    endloop
  endfacet
  facet normal -1 0 0
    outer loop
      vertex -9.51505 2.3 40.4
      vertex -9.51505 3 43.6
      vertex -9.51505 3 40.4
    endloop
  endfacet
  facet normal -1 -0 0
    outer loop
      vertex -9.51505 3 43.6
      vertex -9.51505 2.3 40.4
      vertex -9.51505 2.3 43.6
    endloop
  endfacet
  facet normal 1 -0 0
    outer loop
      vertex -18.284 2.3 43.6
      vertex -18.284 2.83086 40.4
      vertex -18.284 2.83086 43.6
    endloop
  endfacet
  facet normal 1 0 0
    outer loop
      vertex -18.284 2.83086 40.4
      vertex -18.284 2.3 43.6
      vertex -18.284 2.3 40.4
    endloop
  endfacet
  facet normal -1 0 0
    outer loop
      vertex -17.4841 2.3 40.4
      vertex -17.4841 3 43.6
      vertex -17.4841 3 40.4
    endloop
  endfacet
  facet normal -1 -0 0
    outer loop
      vertex -17.4841 3 43.6
      vertex -17.4841 2.3 40.4
      vertex -17.4841 2.3 43.6
    endloop
  endfacet
  facet normal 1 -0 0
    outer loop
      vertex -6.02447 2.3 48
      vertex -6.02447 2.70795 44.4
      vertex -6.02447 2.70795 48
    endloop
  endfacet
  facet normal 1 0 0
    outer loop
      vertex -6.02447 2.70795 44.4
      vertex -6.02447 2.3 48
      vertex -6.02447 2.3 44.4
    endloop
  endfacet
  facet normal 0 0 -1
    outer loop
      vertex -13.8641 2.3 48
      vertex -14.6641 2.3 48
      vertex -13.8641 2.70795 48
    endloop
  endfacet
  facet normal 0 0 -1
    outer loop
      vertex -6.02447 2.70795 48
      vertex -5.22447 2.3 48
      vertex -6.02447 2.3 48
    endloop
  endfacet
  facet normal 0 0 -1
    outer loop
      vertex -5.22447 2.3 48
      vertex -6.02447 2.70795 48
      vertex -5.22447 3 48
    endloop
  endfacet
  facet normal 0 0 -1
    outer loop
      vertex -13.8641 2.70795 48
      vertex -5.22447 3 48
      vertex -6.02447 2.70795 48
    endloop
  endfacet
  facet normal 0 0 -1
    outer loop
      vertex -13.8641 2.70795 48
      vertex -14.6641 3 48
      vertex -5.22447 3 48
    endloop
  endfacet
  facet normal 0 0 -1
    outer loop
      vertex -14.6641 3 48
      vertex -13.8641 2.70795 48
      vertex -14.6641 2.3 48
    endloop
  endfacet
  facet normal -1 0 0
    outer loop
      vertex -5.22447 2.3 44.4
      vertex -5.22447 3 48
      vertex -5.22447 3 44.4
    endloop
  endfacet
  facet normal -1 -0 0
    outer loop
      vertex -5.22447 3 48
      vertex -5.22447 2.3 44.4
      vertex -5.22447 2.3 48
    endloop
  endfacet
  facet normal 1 -0 0
    outer loop
      vertex -14.6641 2.3 48
      vertex -14.6641 3 44.4
      vertex -14.6641 3 48
    endloop
  endfacet
  facet normal 1 0 0
    outer loop
      vertex -14.6641 3 44.4
      vertex -14.6641 2.3 48
      vertex -14.6641 2.3 44.4
    endloop
  endfacet
  facet normal -1 0 0
    outer loop
      vertex -13.8641 2.3 44.4
      vertex -13.8641 2.70795 48
      vertex -13.8641 2.70795 44.4
    endloop
  endfacet
  facet normal -1 -0 0
    outer loop
      vertex -13.8641 2.70795 48
      vertex -13.8641 2.3 44.4
      vertex -13.8641 2.3 48
    endloop
  endfacet
  facet normal 0 1 -0
    outer loop
      vertex -2 2.81809 0
      vertex -2.72804 2.81809 3.6
      vertex -2 2.81809 3.6
    endloop
  endfacet
  facet normal 0 1 0
    outer loop
      vertex -2.72804 2.81809 3.6
      vertex -2 2.81809 0
      vertex -2.72804 2.81809 0
    endloop
  endfacet
  facet normal 0 1 -0
    outer loop
      vertex -3.01 2.81809 0
      vertex -9.33696 2.81809 3.6
      vertex -3.01 2.81809 3.6
    endloop
  endfacet
  facet normal 0 1 0
    outer loop
      vertex -9.33696 2.81809 3.6
      vertex -3.01 2.81809 0
      vertex -9.33696 2.81809 0
    endloop
  endfacet
  facet normal 0 1 -0
    outer loop
      vertex -18.7539 2.77206 0
      vertex -20.4 2.77206 3.6
      vertex -18.7539 2.77206 3.6
    endloop
  endfacet
  facet normal 0 1 0
    outer loop
      vertex -20.4 2.77206 3.6
      vertex -18.7539 2.77206 0
      vertex -20.4 2.77206 0
    endloop
  endfacet
  facet normal 0 1 -0
    outer loop
      vertex -2 2.79296 8.4
      vertex -2.7714 2.79296 11.6
      vertex -2 2.79296 11.6
    endloop
  endfacet
  facet normal 0 1 0
    outer loop
      vertex -2.7714 2.79296 11.6
      vertex -2 2.79296 8.4
      vertex -2.7714 2.79296 8.4
    endloop
  endfacet
  facet normal 0 1 -0
    outer loop
      vertex -3.01 2.79296 8.4
      vertex -9.64515 2.79296 11.6
      vertex -3.01 2.79296 11.6
    endloop
  endfacet
  facet normal 0 1 0
    outer loop
      vertex -9.64515 2.79296 11.6
      vertex -3.01 2.79296 8.4
      vertex -9.64515 2.79296 8.4
    endloop
  endfacet
  facet normal 0 1 -0
    outer loop
      vertex -10.4451 2.80054 8.4
      vertex -17.2082 2.80054 11.6
      vertex -10.4451 2.80054 11.6
    endloop
  endfacet
  facet normal 0 1 0
    outer loop
      vertex -17.2082 2.80054 11.6
      vertex -10.4451 2.80054 8.4
      vertex -17.2082 2.80054 8.4
    endloop
  endfacet
  facet normal 0 1 -0
    outer loop
      vertex -18.0082 2.72376 8.4
      vertex -20.4 2.72376 11.6
      vertex -18.0082 2.72376 11.6
    endloop
  endfacet
  facet normal 0 1 0
    outer loop
      vertex -20.4 2.72376 11.6
      vertex -18.0082 2.72376 8.4
      vertex -20.4 2.72376 8.4
    endloop
  endfacet
  facet normal 0 1 -0
    outer loop
      vertex -2 2.82462 16.4
      vertex -9.3635 2.82462 19.6
      vertex -2 2.82462 19.6
    endloop
  endfacet
  facet normal 0 1 0
    outer loop
      vertex -9.3635 2.82462 19.6
      vertex -2 2.82462 16.4
      vertex -9.3635 2.82462 16.4
    endloop
  endfacet
  facet normal 0 1 -0
    outer loop
      vertex -18.3749 2.79939 16.4
      vertex -20.4 2.79939 19.6
      vertex -18.3749 2.79939 19.6
    endloop
  endfacet
  facet normal 0 1 0
    outer loop
      vertex -20.4 2.79939 19.6
      vertex -18.3749 2.79939 16.4
      vertex -20.4 2.79939 16.4
    endloop
  endfacet
  facet normal 0 1 -0
    outer loop
      vertex -6.20343 2.80227 28.4
      vertex -13.8363 2.80227 31.6
      vertex -6.20343 2.80227 31.6
    endloop
  endfacet
  facet normal 0 1 0
    outer loop
      vertex -13.8363 2.80227 31.6
      vertex -6.20343 2.80227 28.4
      vertex -13.8363 2.80227 28.4
    endloop
  endfacet
  facet normal 0 1 -0
    outer loop
      vertex -14.6363 2.71096 28.4
      vertex -20.4 2.71096 31.6
      vertex -14.6363 2.71096 31.6
    endloop
  endfacet
  facet normal 0 1 0
    outer loop
      vertex -20.4 2.71096 31.6
      vertex -14.6363 2.71096 28.4
      vertex -20.4 2.71096 28.4
    endloop
  endfacet
  facet normal 0 1 -0
    outer loop
      vertex -6.12603 2.82404 36.4
      vertex -13.2279 2.82404 39.6
      vertex -6.12603 2.82404 39.6
    endloop
  endfacet
  facet normal 0 1 0
    outer loop
      vertex -13.2279 2.82404 39.6
      vertex -6.12603 2.82404 36.4
      vertex -13.2279 2.82404 36.4
    endloop
  endfacet
  facet normal 0 1 -0
    outer loop
      vertex -14.0279 2.8093 36.4
      vertex -20.4 2.8093 39.6
      vertex -14.0279 2.8093 39.6
    endloop
  endfacet
  facet normal 0 1 0
    outer loop
      vertex -20.4 2.8093 39.6
      vertex -14.0279 2.8093 36.4
      vertex -20.4 2.8093 36.4
    endloop
  endfacet
  facet normal 0 1 -0
    outer loop
      vertex -6.01165 2.76006 4.4
      vertex -13.7256 2.76006 7.6
      vertex -6.01165 2.76006 7.6
    endloop
  endfacet
  facet normal 0 1 0
    outer loop
      vertex -13.7256 2.76006 7.6
      vertex -6.01165 2.76006 4.4
      vertex -13.7256 2.76006 4.4
    endloop
  endfacet
  facet normal 0 1 -0
    outer loop
      vertex -6.2175 2.8192 20.4
      vertex -13.4787 2.8192 23.6
      vertex -6.2175 2.8192 23.6
    endloop
  endfacet
  facet normal 0 1 0
    outer loop
      vertex -13.4787 2.8192 23.6
      vertex -6.2175 2.8192 20.4
      vertex -13.4787 2.8192 20.4
    endloop
  endfacet
  facet normal 0 1 -0
    outer loop
      vertex -18.2737 2.81234 24.4
      vertex -20.4 2.81234 27.6
      vertex -18.2737 2.81234 27.6
    endloop
  endfacet
  facet normal 0 1 0
    outer loop
      vertex -20.4 2.81234 27.6
      vertex -18.2737 2.81234 24.4
      vertex -20.4 2.81234 24.4
    endloop
  endfacet
  facet normal 0 1 -0
    outer loop
      vertex -18.284 2.83086 40.4
      vertex -20.4 2.83086 43.6
      vertex -18.284 2.83086 43.6
    endloop
  endfacet
  facet normal 0 1 0
    outer loop
      vertex -20.4 2.83086 43.6
      vertex -18.284 2.83086 40.4
      vertex -20.4 2.83086 40.4
    endloop
  endfacet
  facet normal 0 1 -0
    outer loop
      vertex -6.02447 2.70795 44.4
      vertex -13.8641 2.70795 48
      vertex -6.02447 2.70795 48
    endloop
  endfacet
  facet normal 0 1 0
    outer loop
      vertex -13.8641 2.70795 48
      vertex -6.02447 2.70795 44.4
      vertex -13.8641 2.70795 44.4
    endloop
  endfacet
  facet normal 1 0 0
    outer loop
      vertex -20.4 -2.3 4.4
      vertex -20.4 -2.79404 3.6
      vertex -20.4 -2.3 3.6
    endloop
  endfacet
  facet normal 1 -0 0
    outer loop
      vertex -20.4 -3 4.4
      vertex -20.4 -2.79404 3.6
      vertex -20.4 -2.3 4.4
    endloop
  endfacet
  facet normal 1 0 0
    outer loop
      vertex -20.4 -3 0
      vertex -20.4 -2.79404 3.6
      vertex -20.4 -3 4.4
    endloop
  endfacet
  facet normal 1 0 0
    outer loop
      vertex -20.4 -2.79404 3.6
      vertex -20.4 -3 0
      vertex -20.4 -2.79404 0
    endloop
  endfacet
  facet normal 0 0 -1
    outer loop
      vertex -5.63112 -3 4.4
      vertex -2 -2.3 4.4
      vertex -2 -3 4.4
    endloop
  endfacet
  facet normal -0 0 -1
    outer loop
      vertex -2 -2.3 4.4
      vertex -5.63112 -3 4.4
      vertex -5.63112 -2.3 4.4
    endloop
  endfacet
  facet normal 0 0 -1
    outer loop
      vertex -20.4 -3 4.4
      vertex -14.4803 -2.3 4.4
      vertex -14.4803 -3 4.4
    endloop
  endfacet
  facet normal -0 0 -1
    outer loop
      vertex -14.4803 -2.3 4.4
      vertex -20.4 -3 4.4
      vertex -20.4 -2.3 4.4
    endloop
  endfacet
  facet normal 0 0 -1
    outer loop
      vertex -13.6803 -3 4.4
      vertex -6.43112 -2.3 4.4
      vertex -6.43112 -3 4.4
    endloop
  endfacet
  facet normal -0 0 -1
    outer loop
      vertex -6.43112 -2.3 4.4
      vertex -13.6803 -3 4.4
      vertex -13.6803 -2.3 4.4
    endloop
  endfacet
  facet normal -0 0 1
    outer loop
      vertex -20.4 -2.3 3.6
      vertex -18.3552 -2.79404 3.6
      vertex -18.3552 -2.3 3.6
    endloop
  endfacet
  facet normal 0 0 1
    outer loop
      vertex -18.3552 -2.79404 3.6
      vertex -20.4 -2.3 3.6
      vertex -20.4 -2.79404 3.6
    endloop
  endfacet
  facet normal -0 0 1
    outer loop
      vertex -9.95618 -2.3 3.6
      vertex -2 -3 3.6
      vertex -2 -2.3 3.6
    endloop
  endfacet
  facet normal 0 0 1
    outer loop
      vertex -2 -3 3.6
      vertex -9.95618 -2.3 3.6
      vertex -9.95618 -3 3.6
    endloop
  endfacet
  facet normal -0 0 1
    outer loop
      vertex -17.5552 -2.3 3.6
      vertex -10.7562 -3 3.6
      vertex -10.7562 -2.3 3.6
    endloop
  endfacet
  facet normal 0 0 1
    outer loop
      vertex -10.7562 -3 3.6
      vertex -17.5552 -2.3 3.6
      vertex -17.5552 -3 3.6
    endloop
  endfacet
  facet normal -1 0 0
    outer loop
      vertex -2 -3 3.6
      vertex -2 -2.3 4.4
      vertex -2 -2.3 3.6
    endloop
  endfacet
  facet normal -1 -0 0
    outer loop
      vertex -2 -2.3 4.4
      vertex -2 -3 3.6
      vertex -2 -3 4.4
    endloop
  endfacet
  facet normal 0 -1 0
    outer loop
      vertex -10.7562 -2.3 0
      vertex -9.95618 -2.3 3.6
      vertex -10.7562 -2.3 3.6
    endloop
  endfacet
  facet normal 0 -1 -0
    outer loop
      vertex -9.95618 -2.3 3.6
      vertex -10.7562 -2.3 0
      vertex -9.95618 -2.3 0
    endloop
  endfacet
  facet normal 0 -1 0
    outer loop
      vertex -18.3552 -2.3 0
      vertex -17.5552 -2.3 3.6
      vertex -18.3552 -2.3 3.6
    endloop
  endfacet
  facet normal 0 -1 -0
    outer loop
      vertex -17.5552 -2.3 3.6
      vertex -18.3552 -2.3 0
      vertex -17.5552 -2.3 0
    endloop
  endfacet
  facet normal 0 -1 0
    outer loop
      vertex -17.5552 -2.3 3.6
      vertex -14.4803 -2.3 4.4
      vertex -20.4 -2.3 4.4
    endloop
  endfacet
  facet normal 0 -1 0
    outer loop
      vertex -10.7562 -2.3 3.6
      vertex -14.4803 -2.3 4.4
      vertex -17.5552 -2.3 3.6
    endloop
  endfacet
  facet normal 0 -1 0
    outer loop
      vertex -9.95618 -2.3 3.6
      vertex -13.6803 -2.3 4.4
      vertex -10.7562 -2.3 3.6
    endloop
  endfacet
  facet normal 0 -1 0
    outer loop
      vertex -13.6803 -2.3 4.4
      vertex -9.95618 -2.3 3.6
      vertex -6.43112 -2.3 4.4
    endloop
  endfacet
  facet normal 0 -1 0
    outer loop
      vertex -18.3552 -2.3 3.6
      vertex -20.4 -2.3 4.4
      vertex -20.4 -2.3 3.6
    endloop
  endfacet
  facet normal 0 -1 0
    outer loop
      vertex -17.5552 -2.3 3.6
      vertex -20.4 -2.3 4.4
      vertex -18.3552 -2.3 3.6
    endloop
  endfacet
  facet normal 0 -1 0
    outer loop
      vertex -14.4803 -2.3 4.4
      vertex -10.7562 -2.3 3.6
      vertex -13.6803 -2.3 4.4
    endloop
  endfacet
  facet normal 0 -1 -0
    outer loop
      vertex -6.43112 -2.3 4.4
      vertex -9.95618 -2.3 3.6
      vertex -5.63112 -2.3 4.4
    endloop
  endfacet
  facet normal 0 -1 0
    outer loop
      vertex -2 -2.3 3.6
      vertex -5.63112 -2.3 4.4
      vertex -9.95618 -2.3 3.6
    endloop
  endfacet
  facet normal 0 -1 0
    outer loop
      vertex -5.63112 -2.3 4.4
      vertex -2 -2.3 3.6
      vertex -2 -2.3 4.4
    endloop
  endfacet
  facet normal 0 -1 0
    outer loop
      vertex -6.43112 -2.3 4.4
      vertex -5.63112 -2.3 7.6
      vertex -6.43112 -2.3 7.6
    endloop
  endfacet
  facet normal 0 -1 -0
    outer loop
      vertex -5.63112 -2.3 7.6
      vertex -6.43112 -2.3 4.4
      vertex -5.63112 -2.3 4.4
    endloop
  endfacet
  facet normal 0 -1 0
    outer loop
      vertex -14.4803 -2.3 4.4
      vertex -13.6803 -2.3 7.6
      vertex -14.4803 -2.3 7.6
    endloop
  endfacet
  facet normal 0 -1 -0
    outer loop
      vertex -13.6803 -2.3 7.6
      vertex -14.4803 -2.3 4.4
      vertex -13.6803 -2.3 4.4
    endloop
  endfacet
  facet normal 0 -1 0
    outer loop
      vertex -20.4 -2.3 7.6
      vertex -18.4977 -2.3 8.4
      vertex -20.4 -2.3 8.4
    endloop
  endfacet
  facet normal 0 -1 -0
    outer loop
      vertex -18.4977 -2.3 8.4
      vertex -20.4 -2.3 7.6
      vertex -17.6977 -2.3 8.4
    endloop
  endfacet
  facet normal 0 -1 0
    outer loop
      vertex -17.6977 -2.3 8.4
      vertex -14.4803 -2.3 7.6
      vertex -10.4443 -2.3 8.4
    endloop
  endfacet
  facet normal 0 -1 0
    outer loop
      vertex -13.6803 -2.3 7.6
      vertex -10.4443 -2.3 8.4
      vertex -14.4803 -2.3 7.6
    endloop
  endfacet
  facet normal 0 -1 -0
    outer loop
      vertex -17.6977 -2.3 8.4
      vertex -20.4 -2.3 7.6
      vertex -14.4803 -2.3 7.6
    endloop
  endfacet
  facet normal 0 -1 -0
    outer loop
      vertex -10.4443 -2.3 8.4
      vertex -13.6803 -2.3 7.6
      vertex -9.64432 -2.3 8.4
    endloop
  endfacet
  facet normal 0 -1 0
    outer loop
      vertex -6.43112 -2.3 7.6
      vertex -9.64432 -2.3 8.4
      vertex -13.6803 -2.3 7.6
    endloop
  endfacet
  facet normal 0 -1 0
    outer loop
      vertex -5.63112 -2.3 7.6
      vertex -9.64432 -2.3 8.4
      vertex -6.43112 -2.3 7.6
    endloop
  endfacet
  facet normal 0 -1 0
    outer loop
      vertex -9.64432 -2.3 8.4
      vertex -5.63112 -2.3 7.6
      vertex -2 -2.3 8.4
    endloop
  endfacet
  facet normal 0 -1 -0
    outer loop
      vertex -2 -2.3 8.4
      vertex -5.63112 -2.3 7.6
      vertex -2 -2.3 7.6
    endloop
  endfacet
  facet normal 0 -1 0
    outer loop
      vertex -10.4443 -2.3 8.4
      vertex -9.64432 -2.3 11.6
      vertex -10.4443 -2.3 11.6
    endloop
  endfacet
  facet normal 0 -1 -0
    outer loop
      vertex -9.64432 -2.3 11.6
      vertex -10.4443 -2.3 8.4
      vertex -9.64432 -2.3 8.4
    endloop
  endfacet
  facet normal 0 -1 0
    outer loop
      vertex -18.4977 -2.3 8.4
      vertex -17.6977 -2.3 11.6
      vertex -18.4977 -2.3 11.6
    endloop
  endfacet
  facet normal 0 -1 -0
    outer loop
      vertex -17.6977 -2.3 11.6
      vertex -18.4977 -2.3 8.4
      vertex -17.6977 -2.3 8.4
    endloop
  endfacet
  facet normal 0 -1 0
    outer loop
      vertex -17.6977 -2.3 11.6
      vertex -14.1762 -2.3 12.4
      vertex -20.4 -2.3 12.4
    endloop
  endfacet
  facet normal 0 -1 0
    outer loop
      vertex -10.4443 -2.3 11.6
      vertex -14.1762 -2.3 12.4
      vertex -17.6977 -2.3 11.6
    endloop
  endfacet
  facet normal 0 -1 0
    outer loop
      vertex -9.64432 -2.3 11.6
      vertex -13.3762 -2.3 12.4
      vertex -10.4443 -2.3 11.6
    endloop
  endfacet
  facet normal 0 -1 0
    outer loop
      vertex -13.3762 -2.3 12.4
      vertex -9.64432 -2.3 11.6
      vertex -6.34029 -2.3 12.4
    endloop
  endfacet
  facet normal 0 -1 0
    outer loop
      vertex -18.4977 -2.3 11.6
      vertex -20.4 -2.3 12.4
      vertex -20.4 -2.3 11.6
    endloop
  endfacet
  facet normal 0 -1 0
    outer loop
      vertex -17.6977 -2.3 11.6
      vertex -20.4 -2.3 12.4
      vertex -18.4977 -2.3 11.6
    endloop
  endfacet
  facet normal 0 -1 0
    outer loop
      vertex -14.1762 -2.3 12.4
      vertex -10.4443 -2.3 11.6
      vertex -13.3762 -2.3 12.4
    endloop
  endfacet
  facet normal 0 -1 -0
    outer loop
      vertex -6.34029 -2.3 12.4
      vertex -9.64432 -2.3 11.6
      vertex -5.54029 -2.3 12.4
    endloop
  endfacet
  facet normal 0 -1 0
    outer loop
      vertex -2 -2.3 11.6
      vertex -5.54029 -2.3 12.4
      vertex -9.64432 -2.3 11.6
    endloop
  endfacet
  facet normal 0 -1 0
    outer loop
      vertex -5.54029 -2.3 12.4
      vertex -2 -2.3 11.6
      vertex -2 -2.3 12.4
    endloop
  endfacet
  facet normal 0 -1 0
    outer loop
      vertex -6.34029 -2.3 12.4
      vertex -5.54029 -2.3 15.6
      vertex -6.34029 -2.3 15.6
    endloop
  endfacet
  facet normal 0 -1 -0
    outer loop
      vertex -5.54029 -2.3 15.6
      vertex -6.34029 -2.3 12.4
      vertex -5.54029 -2.3 12.4
    endloop
  endfacet
  facet normal 0 -1 0
    outer loop
      vertex -14.1762 -2.3 12.4
      vertex -13.3762 -2.3 15.6
      vertex -14.1762 -2.3 15.6
    endloop
  endfacet
  facet normal 0 -1 -0
    outer loop
      vertex -13.3762 -2.3 15.6
      vertex -14.1762 -2.3 12.4
      vertex -13.3762 -2.3 12.4
    endloop
  endfacet
  facet normal 0 -1 0
    outer loop
      vertex -20.4 -2.3 15.6
      vertex -18.1882 -2.3 16.4
      vertex -20.4 -2.3 16.4
    endloop
  endfacet
  facet normal 0 -1 -0
    outer loop
      vertex -18.1882 -2.3 16.4
      vertex -20.4 -2.3 15.6
      vertex -17.3882 -2.3 16.4
    endloop
  endfacet
  facet normal 0 -1 0
    outer loop
      vertex -17.3882 -2.3 16.4
      vertex -14.1762 -2.3 15.6
      vertex -10.3373 -2.3 16.4
    endloop
  endfacet
  facet normal 0 -1 0
    outer loop
      vertex -13.3762 -2.3 15.6
      vertex -10.3373 -2.3 16.4
      vertex -14.1762 -2.3 15.6
    endloop
  endfacet
  facet normal 0 -1 -0
    outer loop
      vertex -17.3882 -2.3 16.4
      vertex -20.4 -2.3 15.6
      vertex -14.1762 -2.3 15.6
    endloop
  endfacet
  facet normal 0 -1 -0
    outer loop
      vertex -10.3373 -2.3 16.4
      vertex -13.3762 -2.3 15.6
      vertex -9.53727 -2.3 16.4
    endloop
  endfacet
  facet normal 0 -1 0
    outer loop
      vertex -6.34029 -2.3 15.6
      vertex -9.53727 -2.3 16.4
      vertex -13.3762 -2.3 15.6
    endloop
  endfacet
  facet normal 0 -1 0
    outer loop
      vertex -5.54029 -2.3 15.6
      vertex -9.53727 -2.3 16.4
      vertex -6.34029 -2.3 15.6
    endloop
  endfacet
  facet normal 0 -1 0
    outer loop
      vertex -9.53727 -2.3 16.4
      vertex -5.54029 -2.3 15.6
      vertex -2 -2.3 16.4
    endloop
  endfacet
  facet normal 0 -1 -0
    outer loop
      vertex -2 -2.3 16.4
      vertex -5.54029 -2.3 15.6
      vertex -2 -2.3 15.6
    endloop
  endfacet
  facet normal 0 -1 0
    outer loop
      vertex -10.3373 -2.3 16.4
      vertex -9.53727 -2.3 19.6
      vertex -10.3373 -2.3 19.6
    endloop
  endfacet
  facet normal 0 -1 -0
    outer loop
      vertex -9.53727 -2.3 19.6
      vertex -10.3373 -2.3 16.4
      vertex -9.53727 -2.3 16.4
    endloop
  endfacet
  facet normal 0 -1 0
    outer loop
      vertex -18.1882 -2.3 16.4
      vertex -17.3882 -2.3 19.6
      vertex -18.1882 -2.3 19.6
    endloop
  endfacet
  facet normal 0 -1 -0
    outer loop
      vertex -17.3882 -2.3 19.6
      vertex -18.1882 -2.3 16.4
      vertex -17.3882 -2.3 16.4
    endloop
  endfacet
  facet normal 0 -1 0
    outer loop
      vertex -17.3882 -2.3 19.6
      vertex -14.2912 -2.3 20.4
      vertex -20.4 -2.3 20.4
    endloop
  endfacet
  facet normal 0 -1 -0
    outer loop
      vertex -14.2912 -2.3 20.4
      vertex -17.3882 -2.3 19.6
      vertex -13.4912 -2.3 20.4
    endloop
  endfacet
  facet normal 0 -1 0
    outer loop
      vertex -9.53727 -2.3 19.6
      vertex -13.4912 -2.3 20.4
      vertex -10.3373 -2.3 19.6
    endloop
  endfacet
  facet normal 0 -1 0
    outer loop
      vertex -13.4912 -2.3 20.4
      vertex -9.53727 -2.3 19.6
      vertex -6.05137 -2.3 20.4
    endloop
  endfacet
  facet normal 0 -1 0
    outer loop
      vertex -18.1882 -2.3 19.6
      vertex -20.4 -2.3 20.4
      vertex -20.4 -2.3 19.6
    endloop
  endfacet
  facet normal 0 -1 0
    outer loop
      vertex -17.3882 -2.3 19.6
      vertex -20.4 -2.3 20.4
      vertex -18.1882 -2.3 19.6
    endloop
  endfacet
  facet normal 0 -1 -0
    outer loop
      vertex -13.4912 -2.3 20.4
      vertex -17.3882 -2.3 19.6
      vertex -10.3373 -2.3 19.6
    endloop
  endfacet
  facet normal 0 -1 0
    outer loop
      vertex -2 -2.3 19.6
      vertex -6.05137 -2.3 20.4
      vertex -9.53727 -2.3 19.6
    endloop
  endfacet
  facet normal 0 -1 0
    outer loop
      vertex -6.05137 -2.3 20.4
      vertex -2 -2.3 19.6
      vertex -5.25137 -2.3 20.4
    endloop
  endfacet
  facet normal 0 -1 0
    outer loop
      vertex -5.25137 -2.3 20.4
      vertex -2 -2.3 19.6
      vertex -2 -2.3 20.4
    endloop
  endfacet
  facet normal 0 -1 0
    outer loop
      vertex -6.05137 -2.3 20.4
      vertex -5.25137 -2.3 23.6
      vertex -6.05137 -2.3 23.6
    endloop
  endfacet
  facet normal 0 -1 -0
    outer loop
      vertex -5.25137 -2.3 23.6
      vertex -6.05137 -2.3 20.4
      vertex -5.25137 -2.3 20.4
    endloop
  endfacet
  facet normal 0 -1 0
    outer loop
      vertex -14.2912 -2.3 20.4
      vertex -13.4912 -2.3 23.6
      vertex -14.2912 -2.3 23.6
    endloop
  endfacet
  facet normal 0 -1 -0
    outer loop
      vertex -13.4912 -2.3 23.6
      vertex -14.2912 -2.3 20.4
      vertex -13.4912 -2.3 20.4
    endloop
  endfacet
  facet normal 0 -1 0
    outer loop
      vertex -20.4 -2.3 23.6
      vertex -18.2332 -2.3 24.4
      vertex -20.4 -2.3 24.4
    endloop
  endfacet
  facet normal 0 -1 -0
    outer loop
      vertex -18.2332 -2.3 24.4
      vertex -20.4 -2.3 23.6
      vertex -17.4332 -2.3 24.4
    endloop
  endfacet
  facet normal 0 -1 0
    outer loop
      vertex -13.4912 -2.3 23.6
      vertex -17.4332 -2.3 24.4
      vertex -14.2912 -2.3 23.6
    endloop
  endfacet
  facet normal 0 -1 0
    outer loop
      vertex -17.4332 -2.3 24.4
      vertex -13.4912 -2.3 23.6
      vertex -10.0709 -2.3 24.4
    endloop
  endfacet
  facet normal 0 -1 -0
    outer loop
      vertex -17.4332 -2.3 24.4
      vertex -20.4 -2.3 23.6
      vertex -14.2912 -2.3 23.6
    endloop
  endfacet
  facet normal 0 -1 0
    outer loop
      vertex -6.05137 -2.3 23.6
      vertex -10.0709 -2.3 24.4
      vertex -13.4912 -2.3 23.6
    endloop
  endfacet
  facet normal 0 -1 0
    outer loop
      vertex -10.0709 -2.3 24.4
      vertex -6.05137 -2.3 23.6
      vertex -9.27093 -2.3 24.4
    endloop
  endfacet
  facet normal 0 -1 0
    outer loop
      vertex -9.27093 -2.3 24.4
      vertex -6.05137 -2.3 23.6
      vertex -2 -2.3 24.4
    endloop
  endfacet
  facet normal 0 -1 0
    outer loop
      vertex -5.25137 -2.3 23.6
      vertex -2 -2.3 24.4
      vertex -6.05137 -2.3 23.6
    endloop
  endfacet
  facet normal 0 -1 -0
    outer loop
      vertex -2 -2.3 24.4
      vertex -5.25137 -2.3 23.6
      vertex -2 -2.3 23.6
    endloop
  endfacet
  facet normal 0 -1 0
    outer loop
      vertex -10.0709 -2.3 24.4
      vertex -9.27093 -2.3 27.6
      vertex -10.0709 -2.3 27.6
    endloop
  endfacet
  facet normal 0 -1 -0
    outer loop
      vertex -9.27093 -2.3 27.6
      vertex -10.0709 -2.3 24.4
      vertex -9.27093 -2.3 24.4
    endloop
  endfacet
  facet normal 0 -1 0
    outer loop
      vertex -18.2332 -2.3 24.4
      vertex -17.4332 -2.3 27.6
      vertex -18.2332 -2.3 27.6
    endloop
  endfacet
  facet normal 0 -1 -0
    outer loop
      vertex -17.4332 -2.3 27.6
      vertex -18.2332 -2.3 24.4
      vertex -17.4332 -2.3 24.4
    endloop
  endfacet
  facet normal 0 -1 0
    outer loop
      vertex -17.4332 -2.3 27.6
      vertex -14.5997 -2.3 28.4
      vertex -20.4 -2.3 28.4
    endloop
  endfacet
  facet normal 0 -1 -0
    outer loop
      vertex -14.5997 -2.3 28.4
      vertex -17.4332 -2.3 27.6
      vertex -13.7997 -2.3 28.4
    endloop
  endfacet
  facet normal 0 -1 0
    outer loop
      vertex -13.7997 -2.3 28.4
      vertex -10.0709 -2.3 27.6
      vertex -6.41725 -2.3 28.4
    endloop
  endfacet
  facet normal 0 -1 0
    outer loop
      vertex -9.27093 -2.3 27.6
      vertex -6.41725 -2.3 28.4
      vertex -10.0709 -2.3 27.6
    endloop
  endfacet
  facet normal 0 -1 0
    outer loop
      vertex -18.2332 -2.3 27.6
      vertex -20.4 -2.3 28.4
      vertex -20.4 -2.3 27.6
    endloop
  endfacet
  facet normal 0 -1 0
    outer loop
      vertex -17.4332 -2.3 27.6
      vertex -20.4 -2.3 28.4
      vertex -18.2332 -2.3 27.6
    endloop
  endfacet
  facet normal 0 -1 -0
    outer loop
      vertex -13.7997 -2.3 28.4
      vertex -17.4332 -2.3 27.6
      vertex -10.0709 -2.3 27.6
    endloop
  endfacet
  facet normal 0 -1 -0
    outer loop
      vertex -6.41725 -2.3 28.4
      vertex -9.27093 -2.3 27.6
      vertex -5.61725 -2.3 28.4
    endloop
  endfacet
  facet normal 0 -1 0
    outer loop
      vertex -2 -2.3 27.6
      vertex -5.61725 -2.3 28.4
      vertex -9.27093 -2.3 27.6
    endloop
  endfacet
  facet normal 0 -1 0
    outer loop
      vertex -5.61725 -2.3 28.4
      vertex -2 -2.3 27.6
      vertex -2 -2.3 28.4
    endloop
  endfacet
  facet normal 0 -1 0
    outer loop
      vertex -6.41725 -2.3 28.4
      vertex -5.61725 -2.3 31.6
      vertex -6.41725 -2.3 31.6
    endloop
  endfacet
  facet normal 0 -1 -0
    outer loop
      vertex -5.61725 -2.3 31.6
      vertex -6.41725 -2.3 28.4
      vertex -5.61725 -2.3 28.4
    endloop
  endfacet
  facet normal 0 -1 0
    outer loop
      vertex -14.5997 -2.3 28.4
      vertex -13.7997 -2.3 31.6
      vertex -14.5997 -2.3 31.6
    endloop
  endfacet
  facet normal 0 -1 -0
    outer loop
      vertex -13.7997 -2.3 31.6
      vertex -14.5997 -2.3 28.4
      vertex -13.7997 -2.3 28.4
    endloop
  endfacet
  facet normal 0 -1 0
    outer loop
      vertex -20.4 -2.3 31.6
      vertex -18.0553 -2.3 32.4
      vertex -20.4 -2.3 32.4
    endloop
  endfacet
  facet normal 0 -1 -0
    outer loop
      vertex -18.0553 -2.3 32.4
      vertex -20.4 -2.3 31.6
      vertex -17.2553 -2.3 32.4
    endloop
  endfacet
  facet normal 0 -1 0
    outer loop
      vertex -13.7997 -2.3 31.6
      vertex -17.2553 -2.3 32.4
      vertex -14.5997 -2.3 31.6
    endloop
  endfacet
  facet normal 0 -1 0
    outer loop
      vertex -17.2553 -2.3 32.4
      vertex -13.7997 -2.3 31.6
      vertex -10.1894 -2.3 32.4
    endloop
  endfacet
  facet normal 0 -1 -0
    outer loop
      vertex -17.2553 -2.3 32.4
      vertex -20.4 -2.3 31.6
      vertex -14.5997 -2.3 31.6
    endloop
  endfacet
  facet normal 0 -1 0
    outer loop
      vertex -6.41725 -2.3 31.6
      vertex -10.1894 -2.3 32.4
      vertex -13.7997 -2.3 31.6
    endloop
  endfacet
  facet normal 0 -1 0
    outer loop
      vertex -10.1894 -2.3 32.4
      vertex -6.41725 -2.3 31.6
      vertex -9.38944 -2.3 32.4
    endloop
  endfacet
  facet normal 0 -1 0
    outer loop
      vertex -5.61725 -2.3 31.6
      vertex -9.38944 -2.3 32.4
      vertex -6.41725 -2.3 31.6
    endloop
  endfacet
  facet normal 0 -1 0
    outer loop
      vertex -9.38944 -2.3 32.4
      vertex -5.61725 -2.3 31.6
      vertex -2 -2.3 32.4
    endloop
  endfacet
  facet normal 0 -1 -0
    outer loop
      vertex -2 -2.3 32.4
      vertex -5.61725 -2.3 31.6
      vertex -2 -2.3 31.6
    endloop
  endfacet
  facet normal 0 -1 0
    outer loop
      vertex -10.1894 -2.3 32.4
      vertex -9.38944 -2.3 35.6
      vertex -10.1894 -2.3 35.6
    endloop
  endfacet
  facet normal 0 -1 -0
    outer loop
      vertex -9.38944 -2.3 35.6
      vertex -10.1894 -2.3 32.4
      vertex -9.38944 -2.3 32.4
    endloop
  endfacet
  facet normal 0 -1 0
    outer loop
      vertex -18.0553 -2.3 32.4
      vertex -17.2553 -2.3 35.6
      vertex -18.0553 -2.3 35.6
    endloop
  endfacet
  facet normal 0 -1 -0
    outer loop
      vertex -17.2553 -2.3 35.6
      vertex -18.0553 -2.3 32.4
      vertex -17.2553 -2.3 32.4
    endloop
  endfacet
  facet normal 0 -1 0
    outer loop
      vertex -17.2553 -2.3 35.6
      vertex -14.0295 -2.3 36.4
      vertex -20.4 -2.3 36.4
    endloop
  endfacet
  facet normal 0 -1 0
    outer loop
      vertex -10.1894 -2.3 35.6
      vertex -14.0295 -2.3 36.4
      vertex -17.2553 -2.3 35.6
    endloop
  endfacet
  facet normal 0 -1 0
    outer loop
      vertex -13.2295 -2.3 36.4
      vertex -10.1894 -2.3 35.6
      vertex -6.66524 -2.3 36.4
    endloop
  endfacet
  facet normal 0 -1 0
    outer loop
      vertex -9.38944 -2.3 35.6
      vertex -6.66524 -2.3 36.4
      vertex -10.1894 -2.3 35.6
    endloop
  endfacet
  facet normal 0 -1 0
    outer loop
      vertex -18.0553 -2.3 35.6
      vertex -20.4 -2.3 36.4
      vertex -20.4 -2.3 35.6
    endloop
  endfacet
  facet normal 0 -1 0
    outer loop
      vertex -17.2553 -2.3 35.6
      vertex -20.4 -2.3 36.4
      vertex -18.0553 -2.3 35.6
    endloop
  endfacet
  facet normal 0 -1 0
    outer loop
      vertex -14.0295 -2.3 36.4
      vertex -10.1894 -2.3 35.6
      vertex -13.2295 -2.3 36.4
    endloop
  endfacet
  facet normal 0 -1 -0
    outer loop
      vertex -6.66524 -2.3 36.4
      vertex -9.38944 -2.3 35.6
      vertex -5.86524 -2.3 36.4
    endloop
  endfacet
  facet normal 0 -1 0
    outer loop
      vertex -2 -2.3 35.6
      vertex -5.86524 -2.3 36.4
      vertex -9.38944 -2.3 35.6
    endloop
  endfacet
  facet normal 0 -1 0
    outer loop
      vertex -5.86524 -2.3 36.4
      vertex -2 -2.3 35.6
      vertex -2 -2.3 36.4
    endloop
  endfacet
  facet normal 0 -1 0
    outer loop
      vertex -6.66524 -2.3 36.4
      vertex -5.86524 -2.3 39.6
      vertex -6.66524 -2.3 39.6
    endloop
  endfacet
  facet normal 0 -1 -0
    outer loop
      vertex -5.86524 -2.3 39.6
      vertex -6.66524 -2.3 36.4
      vertex -5.86524 -2.3 36.4
    endloop
  endfacet
  facet normal 0 -1 0
    outer loop
      vertex -14.0295 -2.3 36.4
      vertex -13.2295 -2.3 39.6
      vertex -14.0295 -2.3 39.6
    endloop
  endfacet
  facet normal 0 -1 -0
    outer loop
      vertex -13.2295 -2.3 39.6
      vertex -14.0295 -2.3 36.4
      vertex -13.2295 -2.3 36.4
    endloop
  endfacet
  facet normal 0 -1 0
    outer loop
      vertex -20.4 -2.3 39.6
      vertex -18.3996 -2.3 40.4
      vertex -20.4 -2.3 40.4
    endloop
  endfacet
  facet normal 0 -1 -0
    outer loop
      vertex -18.3996 -2.3 40.4
      vertex -20.4 -2.3 39.6
      vertex -17.5996 -2.3 40.4
    endloop
  endfacet
  facet normal 0 -1 0
    outer loop
      vertex -17.5996 -2.3 40.4
      vertex -14.0295 -2.3 39.6
      vertex -10.004 -2.3 40.4
    endloop
  endfacet
  facet normal 0 -1 0
    outer loop
      vertex -13.2295 -2.3 39.6
      vertex -10.004 -2.3 40.4
      vertex -14.0295 -2.3 39.6
    endloop
  endfacet
  facet normal 0 -1 -0
    outer loop
      vertex -17.5996 -2.3 40.4
      vertex -20.4 -2.3 39.6
      vertex -14.0295 -2.3 39.6
    endloop
  endfacet
  facet normal 0 -1 0
    outer loop
      vertex -6.66524 -2.3 39.6
      vertex -10.004 -2.3 40.4
      vertex -13.2295 -2.3 39.6
    endloop
  endfacet
  facet normal 0 -1 0
    outer loop
      vertex -10.004 -2.3 40.4
      vertex -6.66524 -2.3 39.6
      vertex -9.20396 -2.3 40.4
    endloop
  endfacet
  facet normal 0 -1 0
    outer loop
      vertex -5.86524 -2.3 39.6
      vertex -9.20396 -2.3 40.4
      vertex -6.66524 -2.3 39.6
    endloop
  endfacet
  facet normal 0 -1 0
    outer loop
      vertex -9.20396 -2.3 40.4
      vertex -5.86524 -2.3 39.6
      vertex -2 -2.3 40.4
    endloop
  endfacet
  facet normal 0 -1 -0
    outer loop
      vertex -2 -2.3 40.4
      vertex -5.86524 -2.3 39.6
      vertex -2 -2.3 39.6
    endloop
  endfacet
  facet normal 0 -1 0
    outer loop
      vertex -10.004 -2.3 40.4
      vertex -9.20396 -2.3 43.6
      vertex -10.004 -2.3 43.6
    endloop
  endfacet
  facet normal 0 -1 -0
    outer loop
      vertex -9.20396 -2.3 43.6
      vertex -10.004 -2.3 40.4
      vertex -9.20396 -2.3 40.4
    endloop
  endfacet
  facet normal 0 -1 0
    outer loop
      vertex -18.3996 -2.3 40.4
      vertex -17.5996 -2.3 43.6
      vertex -18.3996 -2.3 43.6
    endloop
  endfacet
  facet normal 0 -1 -0
    outer loop
      vertex -17.5996 -2.3 43.6
      vertex -18.3996 -2.3 40.4
      vertex -17.5996 -2.3 40.4
    endloop
  endfacet
  facet normal 0 -1 0
    outer loop
      vertex -17.5996 -2.3 43.6
      vertex -14.7907 -2.3 44.4
      vertex -20.4 -2.3 44.4
    endloop
  endfacet
  facet normal 0 -1 -0
    outer loop
      vertex -14.7907 -2.3 44.4
      vertex -17.5996 -2.3 43.6
      vertex -13.9907 -2.3 44.4
    endloop
  endfacet
  facet normal 0 -1 0
    outer loop
      vertex -13.9907 -2.3 44.4
      vertex -10.004 -2.3 43.6
      vertex -6.50256 -2.3 44.4
    endloop
  endfacet
  facet normal 0 -1 0
    outer loop
      vertex -9.20396 -2.3 43.6
      vertex -6.50256 -2.3 44.4
      vertex -10.004 -2.3 43.6
    endloop
  endfacet
  facet normal 0 -1 0
    outer loop
      vertex -18.3996 -2.3 43.6
      vertex -20.4 -2.3 44.4
      vertex -20.4 -2.3 43.6
    endloop
  endfacet
  facet normal 0 -1 0
    outer loop
      vertex -17.5996 -2.3 43.6
      vertex -20.4 -2.3 44.4
      vertex -18.3996 -2.3 43.6
    endloop
  endfacet
  facet normal 0 -1 -0
    outer loop
      vertex -13.9907 -2.3 44.4
      vertex -17.5996 -2.3 43.6
      vertex -10.004 -2.3 43.6
    endloop
  endfacet
  facet normal 0 -1 -0
    outer loop
      vertex -6.50256 -2.3 44.4
      vertex -9.20396 -2.3 43.6
      vertex -5.70256 -2.3 44.4
    endloop
  endfacet
  facet normal 0 -1 0
    outer loop
      vertex -2 -2.3 43.6
      vertex -5.70256 -2.3 44.4
      vertex -9.20396 -2.3 43.6
    endloop
  endfacet
  facet normal 0 -1 0
    outer loop
      vertex -5.70256 -2.3 44.4
      vertex -2 -2.3 43.6
      vertex -2 -2.3 44.4
    endloop
  endfacet
  facet normal 0 -1 0
    outer loop
      vertex -14.7907 -2.3 44.4
      vertex -13.9907 -2.3 48
      vertex -14.7907 -2.3 48
    endloop
  endfacet
  facet normal 0 -1 -0
    outer loop
      vertex -13.9907 -2.3 48
      vertex -14.7907 -2.3 44.4
      vertex -13.9907 -2.3 44.4
    endloop
  endfacet
  facet normal 0 -1 0
    outer loop
      vertex -6.50256 -2.3 44.4
      vertex -5.70256 -2.3 48
      vertex -6.50256 -2.3 48
    endloop
  endfacet
  facet normal 0 -1 -0
    outer loop
      vertex -5.70256 -2.3 48
      vertex -6.50256 -2.3 44.4
      vertex -5.70256 -2.3 44.4
    endloop
  endfacet
  facet normal 1 -0 0
    outer loop
      vertex -20.4 -3 8.4
      vertex -20.4 -2.3 7.6
      vertex -20.4 -2.3 8.4
    endloop
  endfacet
  facet normal 1 0 0
    outer loop
      vertex -20.4 -2.3 7.6
      vertex -20.4 -3 8.4
      vertex -20.4 -3 7.6
    endloop
  endfacet
  facet normal 0 0 -1
    outer loop
      vertex -20.4 -3 8.4
      vertex -18.4977 -2.3 8.4
      vertex -18.4977 -3 8.4
    endloop
  endfacet
  facet normal -0 0 -1
    outer loop
      vertex -18.4977 -2.3 8.4
      vertex -20.4 -3 8.4
      vertex -20.4 -2.3 8.4
    endloop
  endfacet
  facet normal 0 0 -1
    outer loop
      vertex -9.64432 -2.7138 8.4
      vertex -2 -2.3 8.4
      vertex -2 -2.7138 8.4
    endloop
  endfacet
  facet normal -0 0 -1
    outer loop
      vertex -2 -2.3 8.4
      vertex -9.64432 -2.7138 8.4
      vertex -9.64432 -2.3 8.4
    endloop
  endfacet
  facet normal 0 0 -1
    outer loop
      vertex -17.6977 -2.82192 8.4
      vertex -10.4443 -2.3 8.4
      vertex -10.4443 -2.82192 8.4
    endloop
  endfacet
  facet normal -0 0 -1
    outer loop
      vertex -10.4443 -2.3 8.4
      vertex -17.6977 -2.82192 8.4
      vertex -17.6977 -2.3 8.4
    endloop
  endfacet
  facet normal -0 0 1
    outer loop
      vertex -20.4 -2.3 7.6
      vertex -14.4803 -3 7.6
      vertex -14.4803 -2.3 7.6
    endloop
  endfacet
  facet normal 0 0 1
    outer loop
      vertex -14.4803 -3 7.6
      vertex -20.4 -2.3 7.6
      vertex -20.4 -3 7.6
    endloop
  endfacet
  facet normal -0 0 1
    outer loop
      vertex -5.63112 -2.3 7.6
      vertex -2 -3 7.6
      vertex -2 -2.3 7.6
    endloop
  endfacet
  facet normal 0 0 1
    outer loop
      vertex -2 -3 7.6
      vertex -5.63112 -2.3 7.6
      vertex -5.63112 -3 7.6
    endloop
  endfacet
  facet normal -0 0 1
    outer loop
      vertex -13.6803 -2.3 7.6
      vertex -6.43112 -3 7.6
      vertex -6.43112 -2.3 7.6
    endloop
  endfacet
  facet normal 0 0 1
    outer loop
      vertex -6.43112 -3 7.6
      vertex -13.6803 -2.3 7.6
      vertex -13.6803 -3 7.6
    endloop
  endfacet
  facet normal -1 0 0
    outer loop
      vertex -2 -2.3 7.6
      vertex -2 -2.7138 8.4
      vertex -2 -2.3 8.4
    endloop
  endfacet
  facet normal -1 -0 0
    outer loop
      vertex -2 -2.7138 8.4
      vertex -2 -3 7.6
      vertex -2 -2.7138 11.6
    endloop
  endfacet
  facet normal -1 0 0
    outer loop
      vertex -2 -3 7.6
      vertex -2 -2.7138 8.4
      vertex -2 -2.3 7.6
    endloop
  endfacet
  facet normal -1 0 0
    outer loop
      vertex -2 -2.7138 11.6
      vertex -2 -2.3 12.4
      vertex -2 -2.3 11.6
    endloop
  endfacet
  facet normal -1 0 0
    outer loop
      vertex -2 -2.7138 11.6
      vertex -2 -3 12.4
      vertex -2 -2.3 12.4
    endloop
  endfacet
  facet normal -1 0 0
    outer loop
      vertex -2 -3 12.4
      vertex -2 -2.7138 11.6
      vertex -2 -3 7.6
    endloop
  endfacet
  facet normal 1 -0 0
    outer loop
      vertex -20.4 -3 12.4
      vertex -20.4 -2.3 11.6
      vertex -20.4 -2.3 12.4
    endloop
  endfacet
  facet normal 1 0 0
    outer loop
      vertex -20.4 -2.3 11.6
      vertex -20.4 -3 12.4
      vertex -20.4 -3 11.6
    endloop
  endfacet
  facet normal 0 0 -1
    outer loop
      vertex -5.54029 -3 12.4
      vertex -2 -2.3 12.4
      vertex -2 -3 12.4
    endloop
  endfacet
  facet normal -0 0 -1
    outer loop
      vertex -2 -2.3 12.4
      vertex -5.54029 -3 12.4
      vertex -5.54029 -2.3 12.4
    endloop
  endfacet
  facet normal 0 0 -1
    outer loop
      vertex -20.4 -3 12.4
      vertex -14.1762 -2.3 12.4
      vertex -14.1762 -3 12.4
    endloop
  endfacet
  facet normal -0 0 -1
    outer loop
      vertex -14.1762 -2.3 12.4
      vertex -20.4 -3 12.4
      vertex -20.4 -2.3 12.4
    endloop
  endfacet
  facet normal 0 0 -1
    outer loop
      vertex -13.3762 -2.74922 12.4
      vertex -6.34029 -2.3 12.4
      vertex -6.34029 -2.74922 12.4
    endloop
  endfacet
  facet normal -0 0 -1
    outer loop
      vertex -6.34029 -2.3 12.4
      vertex -13.3762 -2.74922 12.4
      vertex -13.3762 -2.3 12.4
    endloop
  endfacet
  facet normal -0 0 1
    outer loop
      vertex -20.4 -2.3 11.6
      vertex -18.4977 -3 11.6
      vertex -18.4977 -2.3 11.6
    endloop
  endfacet
  facet normal 0 0 1
    outer loop
      vertex -18.4977 -3 11.6
      vertex -20.4 -2.3 11.6
      vertex -20.4 -3 11.6
    endloop
  endfacet
  facet normal -0 0 1
    outer loop
      vertex -9.64432 -2.3 11.6
      vertex -2 -2.7138 11.6
      vertex -2 -2.3 11.6
    endloop
  endfacet
  facet normal 0 0 1
    outer loop
      vertex -2 -2.7138 11.6
      vertex -9.64432 -2.3 11.6
      vertex -9.64432 -2.7138 11.6
    endloop
  endfacet
  facet normal -0 0 1
    outer loop
      vertex -17.6977 -2.3 11.6
      vertex -10.4443 -2.82192 11.6
      vertex -10.4443 -2.3 11.6
    endloop
  endfacet
  facet normal 0 0 1
    outer loop
      vertex -10.4443 -2.82192 11.6
      vertex -17.6977 -2.3 11.6
      vertex -17.6977 -2.82192 11.6
    endloop
  endfacet
  facet normal 1 -0 0
    outer loop
      vertex -20.4 -3 16.4
      vertex -20.4 -2.3 15.6
      vertex -20.4 -2.3 16.4
    endloop
  endfacet
  facet normal 1 0 0
    outer loop
      vertex -20.4 -2.3 15.6
      vertex -20.4 -3 16.4
      vertex -20.4 -3 15.6
    endloop
  endfacet
  facet normal 0 0 -1
    outer loop
      vertex -20.4 -3 16.4
      vertex -18.1882 -2.3 16.4
      vertex -18.1882 -3 16.4
    endloop
  endfacet
  facet normal -0 0 -1
    outer loop
      vertex -18.1882 -2.3 16.4
      vertex -20.4 -3 16.4
      vertex -20.4 -2.3 16.4
    endloop
  endfacet
  facet normal 0 0 -1
    outer loop
      vertex -9.53727 -2.74132 16.4
      vertex -2 -2.3 16.4
      vertex -2 -2.74132 16.4
    endloop
  endfacet
  facet normal -0 0 -1
    outer loop
      vertex -2 -2.3 16.4
      vertex -9.53727 -2.74132 16.4
      vertex -9.53727 -2.3 16.4
    endloop
  endfacet
  facet normal 0 0 -1
    outer loop
      vertex -17.3882 -3 16.4
      vertex -10.3373 -2.3 16.4
      vertex -10.3373 -3 16.4
    endloop
  endfacet
  facet normal -0 0 -1
    outer loop
      vertex -10.3373 -2.3 16.4
      vertex -17.3882 -3 16.4
      vertex -17.3882 -2.3 16.4
    endloop
  endfacet
  facet normal -0 0 1
    outer loop
      vertex -20.4 -2.3 15.6
      vertex -14.1762 -3 15.6
      vertex -14.1762 -2.3 15.6
    endloop
  endfacet
  facet normal 0 0 1
    outer loop
      vertex -14.1762 -3 15.6
      vertex -20.4 -2.3 15.6
      vertex -20.4 -3 15.6
    endloop
  endfacet
  facet normal -0 0 1
    outer loop
      vertex -5.54029 -2.3 15.6
      vertex -2 -3 15.6
      vertex -2 -2.3 15.6
    endloop
  endfacet
  facet normal 0 0 1
    outer loop
      vertex -2 -3 15.6
      vertex -5.54029 -2.3 15.6
      vertex -5.54029 -3 15.6
    endloop
  endfacet
  facet normal -0 0 1
    outer loop
      vertex -13.3762 -2.3 15.6
      vertex -6.34029 -2.74922 15.6
      vertex -6.34029 -2.3 15.6
    endloop
  endfacet
  facet normal 0 0 1
    outer loop
      vertex -6.34029 -2.74922 15.6
      vertex -13.3762 -2.3 15.6
      vertex -13.3762 -2.74922 15.6
    endloop
  endfacet
  facet normal -1 0 0
    outer loop
      vertex -2 -2.3 15.6
      vertex -2 -2.74132 16.4
      vertex -2 -2.3 16.4
    endloop
  endfacet
  facet normal -1 -0 0
    outer loop
      vertex -2 -2.74132 16.4
      vertex -2 -3 15.6
      vertex -2 -2.74132 19.6
    endloop
  endfacet
  facet normal -1 0 0
    outer loop
      vertex -2 -3 15.6
      vertex -2 -2.74132 16.4
      vertex -2 -2.3 15.6
    endloop
  endfacet
  facet normal -1 0 0
    outer loop
      vertex -2 -2.74132 19.6
      vertex -2 -2.3 20.4
      vertex -2 -2.3 19.6
    endloop
  endfacet
  facet normal -1 0 0
    outer loop
      vertex -2 -2.74132 19.6
      vertex -2 -3 20.4
      vertex -2 -2.3 20.4
    endloop
  endfacet
  facet normal -1 0 0
    outer loop
      vertex -2 -3 20.4
      vertex -2 -2.74132 19.6
      vertex -2 -3 15.6
    endloop
  endfacet
  facet normal 1 -0 0
    outer loop
      vertex -20.4 -3 20.4
      vertex -20.4 -2.3 19.6
      vertex -20.4 -2.3 20.4
    endloop
  endfacet
  facet normal 1 0 0
    outer loop
      vertex -20.4 -2.3 19.6
      vertex -20.4 -3 20.4
      vertex -20.4 -3 19.6
    endloop
  endfacet
  facet normal 0 0 -1
    outer loop
      vertex -5.25137 -3 20.4
      vertex -2 -2.3 20.4
      vertex -2 -3 20.4
    endloop
  endfacet
  facet normal -0 0 -1
    outer loop
      vertex -2 -2.3 20.4
      vertex -5.25137 -3 20.4
      vertex -5.25137 -2.3 20.4
    endloop
  endfacet
  facet normal 0 0 -1
    outer loop
      vertex -20.4 -3 20.4
      vertex -14.2912 -2.3 20.4
      vertex -14.2912 -3 20.4
    endloop
  endfacet
  facet normal -0 0 -1
    outer loop
      vertex -14.2912 -2.3 20.4
      vertex -20.4 -3 20.4
      vertex -20.4 -2.3 20.4
    endloop
  endfacet
  facet normal 0 0 -1
    outer loop
      vertex -13.4912 -3 20.4
      vertex -6.05137 -2.3 20.4
      vertex -6.05137 -3 20.4
    endloop
  endfacet
  facet normal -0 0 -1
    outer loop
      vertex -6.05137 -2.3 20.4
      vertex -13.4912 -3 20.4
      vertex -13.4912 -2.3 20.4
    endloop
  endfacet
  facet normal -0 0 1
    outer loop
      vertex -20.4 -2.3 19.6
      vertex -18.1882 -3 19.6
      vertex -18.1882 -2.3 19.6
    endloop
  endfacet
  facet normal 0 0 1
    outer loop
      vertex -18.1882 -3 19.6
      vertex -20.4 -2.3 19.6
      vertex -20.4 -3 19.6
    endloop
  endfacet
  facet normal -0 0 1
    outer loop
      vertex -9.53727 -2.3 19.6
      vertex -2 -2.74132 19.6
      vertex -2 -2.3 19.6
    endloop
  endfacet
  facet normal 0 0 1
    outer loop
      vertex -2 -2.74132 19.6
      vertex -9.53727 -2.3 19.6
      vertex -9.53727 -2.74132 19.6
    endloop
  endfacet
  facet normal -0 0 1
    outer loop
      vertex -17.3882 -2.3 19.6
      vertex -10.3373 -3 19.6
      vertex -10.3373 -2.3 19.6
    endloop
  endfacet
  facet normal 0 0 1
    outer loop
      vertex -10.3373 -3 19.6
      vertex -17.3882 -2.3 19.6
      vertex -17.3882 -3 19.6
    endloop
  endfacet
  facet normal 1 0 0
    outer loop
      vertex -20.4 -2.3 28.4
      vertex -20.4 -2.84934 27.6
      vertex -20.4 -2.3 27.6
    endloop
  endfacet
  facet normal 1 0 0
    outer loop
      vertex -20.4 -2.84934 27.6
      vertex -20.4 -3 28.4
      vertex -20.4 -2.84934 24.4
    endloop
  endfacet
  facet normal 1 -0 0
    outer loop
      vertex -20.4 -3 28.4
      vertex -20.4 -2.84934 27.6
      vertex -20.4 -2.3 28.4
    endloop
  endfacet
  facet normal 1 -0 0
    outer loop
      vertex -20.4 -2.84934 24.4
      vertex -20.4 -2.3 23.6
      vertex -20.4 -2.3 24.4
    endloop
  endfacet
  facet normal 1 0 0
    outer loop
      vertex -20.4 -2.84934 24.4
      vertex -20.4 -3 23.6
      vertex -20.4 -2.3 23.6
    endloop
  endfacet
  facet normal 1 0 0
    outer loop
      vertex -20.4 -3 23.6
      vertex -20.4 -2.84934 24.4
      vertex -20.4 -3 28.4
    endloop
  endfacet
  facet normal 0 0 -1
    outer loop
      vertex -9.27093 -3 24.4
      vertex -2 -2.3 24.4
      vertex -2 -3 24.4
    endloop
  endfacet
  facet normal -0 0 -1
    outer loop
      vertex -2 -2.3 24.4
      vertex -9.27093 -3 24.4
      vertex -9.27093 -2.3 24.4
    endloop
  endfacet
  facet normal 0 0 -1
    outer loop
      vertex -20.4 -2.84934 24.4
      vertex -18.2332 -2.3 24.4
      vertex -18.2332 -2.84934 24.4
    endloop
  endfacet
  facet normal -0 0 -1
    outer loop
      vertex -18.2332 -2.3 24.4
      vertex -20.4 -2.84934 24.4
      vertex -20.4 -2.3 24.4
    endloop
  endfacet
  facet normal 0 0 -1
    outer loop
      vertex -17.4332 -2.72262 24.4
      vertex -10.0709 -2.3 24.4
      vertex -10.0709 -2.72262 24.4
    endloop
  endfacet
  facet normal -0 0 -1
    outer loop
      vertex -10.0709 -2.3 24.4
      vertex -17.4332 -2.72262 24.4
      vertex -17.4332 -2.3 24.4
    endloop
  endfacet
  facet normal -0 0 1
    outer loop
      vertex -20.4 -2.3 23.6
      vertex -14.2912 -3 23.6
      vertex -14.2912 -2.3 23.6
    endloop
  endfacet
  facet normal 0 0 1
    outer loop
      vertex -14.2912 -3 23.6
      vertex -20.4 -2.3 23.6
      vertex -20.4 -3 23.6
    endloop
  endfacet
  facet normal -0 0 1
    outer loop
      vertex -5.25137 -2.3 23.6
      vertex -2 -3 23.6
      vertex -2 -2.3 23.6
    endloop
  endfacet
  facet normal 0 0 1
    outer loop
      vertex -2 -3 23.6
      vertex -5.25137 -2.3 23.6
      vertex -5.25137 -3 23.6
    endloop
  endfacet
  facet normal -0 0 1
    outer loop
      vertex -13.4912 -2.3 23.6
      vertex -6.05137 -3 23.6
      vertex -6.05137 -2.3 23.6
    endloop
  endfacet
  facet normal 0 0 1
    outer loop
      vertex -6.05137 -3 23.6
      vertex -13.4912 -2.3 23.6
      vertex -13.4912 -3 23.6
    endloop
  endfacet
  facet normal -1 0 0
    outer loop
      vertex -2 -3 23.6
      vertex -2 -2.3 24.4
      vertex -2 -2.3 23.6
    endloop
  endfacet
  facet normal -1 -0 0
    outer loop
      vertex -2 -2.3 24.4
      vertex -2 -3 23.6
      vertex -2 -3 24.4
    endloop
  endfacet
  facet normal 0 0 -1
    outer loop
      vertex -5.61725 -3 28.4
      vertex -2 -2.3 28.4
      vertex -2 -3 28.4
    endloop
  endfacet
  facet normal -0 0 -1
    outer loop
      vertex -2 -2.3 28.4
      vertex -5.61725 -3 28.4
      vertex -5.61725 -2.3 28.4
    endloop
  endfacet
  facet normal 0 0 -1
    outer loop
      vertex -20.4 -3 28.4
      vertex -14.5997 -2.3 28.4
      vertex -14.5997 -3 28.4
    endloop
  endfacet
  facet normal -0 0 -1
    outer loop
      vertex -14.5997 -2.3 28.4
      vertex -20.4 -3 28.4
      vertex -20.4 -2.3 28.4
    endloop
  endfacet
  facet normal 0 0 -1
    outer loop
      vertex -13.7997 -3 28.4
      vertex -6.41725 -2.3 28.4
      vertex -6.41725 -3 28.4
    endloop
  endfacet
  facet normal -0 0 -1
    outer loop
      vertex -6.41725 -2.3 28.4
      vertex -13.7997 -3 28.4
      vertex -13.7997 -2.3 28.4
    endloop
  endfacet
  facet normal -0 0 1
    outer loop
      vertex -20.4 -2.3 27.6
      vertex -18.2332 -2.84934 27.6
      vertex -18.2332 -2.3 27.6
    endloop
  endfacet
  facet normal 0 0 1
    outer loop
      vertex -18.2332 -2.84934 27.6
      vertex -20.4 -2.3 27.6
      vertex -20.4 -2.84934 27.6
    endloop
  endfacet
  facet normal -0 0 1
    outer loop
      vertex -9.27093 -2.3 27.6
      vertex -2 -3 27.6
      vertex -2 -2.3 27.6
    endloop
  endfacet
  facet normal 0 0 1
    outer loop
      vertex -2 -3 27.6
      vertex -9.27093 -2.3 27.6
      vertex -9.27093 -3 27.6
    endloop
  endfacet
  facet normal -0 0 1
    outer loop
      vertex -17.4332 -2.3 27.6
      vertex -10.0709 -2.72262 27.6
      vertex -10.0709 -2.3 27.6
    endloop
  endfacet
  facet normal 0 0 1
    outer loop
      vertex -10.0709 -2.72262 27.6
      vertex -17.4332 -2.3 27.6
      vertex -17.4332 -2.72262 27.6
    endloop
  endfacet
  facet normal -1 0 0
    outer loop
      vertex -2 -3 27.6
      vertex -2 -2.3 28.4
      vertex -2 -2.3 27.6
    endloop
  endfacet
  facet normal -1 -0 0
    outer loop
      vertex -2 -2.3 28.4
      vertex -2 -3 27.6
      vertex -2 -3 28.4
    endloop
  endfacet
  facet normal 1 -0 0
    outer loop
      vertex -20.4 -3 32.4
      vertex -20.4 -2.3 31.6
      vertex -20.4 -2.3 32.4
    endloop
  endfacet
  facet normal 1 0 0
    outer loop
      vertex -20.4 -2.3 31.6
      vertex -20.4 -3 32.4
      vertex -20.4 -3 31.6
    endloop
  endfacet
  facet normal 0 0 -1
    outer loop
      vertex -20.4 -3 32.4
      vertex -18.0553 -2.3 32.4
      vertex -18.0553 -3 32.4
    endloop
  endfacet
  facet normal -0 0 -1
    outer loop
      vertex -18.0553 -2.3 32.4
      vertex -20.4 -3 32.4
      vertex -20.4 -2.3 32.4
    endloop
  endfacet
  facet normal 0 0 -1
    outer loop
      vertex -9.38944 -2.73831 32.4
      vertex -2 -2.3 32.4
      vertex -2 -2.73831 32.4
    endloop
  endfacet
  facet normal -0 0 -1
    outer loop
      vertex -2 -2.3 32.4
      vertex -9.38944 -2.73831 32.4
      vertex -9.38944 -2.3 32.4
    endloop
  endfacet
  facet normal 0 0 -1
    outer loop
      vertex -17.2553 -2.79954 32.4
      vertex -10.1894 -2.3 32.4
      vertex -10.1894 -2.79954 32.4
    endloop
  endfacet
  facet normal -0 0 -1
    outer loop
      vertex -10.1894 -2.3 32.4
      vertex -17.2553 -2.79954 32.4
      vertex -17.2553 -2.3 32.4
    endloop
  endfacet
  facet normal -0 0 1
    outer loop
      vertex -20.4 -2.3 31.6
      vertex -14.5997 -3 31.6
      vertex -14.5997 -2.3 31.6
    endloop
  endfacet
  facet normal 0 0 1
    outer loop
      vertex -14.5997 -3 31.6
      vertex -20.4 -2.3 31.6
      vertex -20.4 -3 31.6
    endloop
  endfacet
  facet normal -0 0 1
    outer loop
      vertex -5.61725 -2.3 31.6
      vertex -2 -3 31.6
      vertex -2 -2.3 31.6
    endloop
  endfacet
  facet normal 0 0 1
    outer loop
      vertex -2 -3 31.6
      vertex -5.61725 -2.3 31.6
      vertex -5.61725 -3 31.6
    endloop
  endfacet
  facet normal -0 0 1
    outer loop
      vertex -13.7997 -2.3 31.6
      vertex -6.41725 -3 31.6
      vertex -6.41725 -2.3 31.6
    endloop
  endfacet
  facet normal 0 0 1
    outer loop
      vertex -6.41725 -3 31.6
      vertex -13.7997 -2.3 31.6
      vertex -13.7997 -3 31.6
    endloop
  endfacet
  facet normal -1 0 0
    outer loop
      vertex -2 -2.3 31.6
      vertex -2 -2.73831 32.4
      vertex -2 -2.3 32.4
    endloop
  endfacet
  facet normal -1 -0 0
    outer loop
      vertex -2 -2.73831 32.4
      vertex -2 -3 31.6
      vertex -2 -2.73831 35.6
    endloop
  endfacet
  facet normal -1 0 0
    outer loop
      vertex -2 -3 31.6
      vertex -2 -2.73831 32.4
      vertex -2 -2.3 31.6
    endloop
  endfacet
  facet normal -1 0 0
    outer loop
      vertex -2 -2.73831 35.6
      vertex -2 -2.3 36.4
      vertex -2 -2.3 35.6
    endloop
  endfacet
  facet normal -1 0 0
    outer loop
      vertex -2 -2.73831 35.6
      vertex -2 -3 36.4
      vertex -2 -2.3 36.4
    endloop
  endfacet
  facet normal -1 0 0
    outer loop
      vertex -2 -3 36.4
      vertex -2 -2.73831 35.6
      vertex -2 -3 31.6
    endloop
  endfacet
  facet normal 1 -0 0
    outer loop
      vertex -20.4 -3 48
      vertex -20.4 -2.74368 44.4
      vertex -20.4 -2.74368 48
    endloop
  endfacet
  facet normal 1 0 0
    outer loop
      vertex -20.4 -2.79664 43.6
      vertex -20.4 -3 48
      vertex -20.4 -2.79664 40.4
    endloop
  endfacet
  facet normal 1 0 0
    outer loop
      vertex -20.4 -2.74368 44.4
      vertex -20.4 -3 48
      vertex -20.4 -2.79664 43.6
    endloop
  endfacet
  facet normal 1 -0 0
    outer loop
      vertex -20.4 -2.74368 44.4
      vertex -20.4 -2.3 43.6
      vertex -20.4 -2.3 44.4
    endloop
  endfacet
  facet normal 1 0 0
    outer loop
      vertex -20.4 -2.3 43.6
      vertex -20.4 -2.74368 44.4
      vertex -20.4 -2.79664 43.6
    endloop
  endfacet
  facet normal 1 0 0
    outer loop
      vertex -20.4 -2.3 40.4
      vertex -20.4 -2.75167 39.6
      vertex -20.4 -2.3 39.6
    endloop
  endfacet
  facet normal 1 0 0
    outer loop
      vertex -20.4 -3 35.6
      vertex -20.4 -2.75167 39.6
      vertex -20.4 -2.79664 40.4
    endloop
  endfacet
  facet normal 1 -0 0
    outer loop
      vertex -20.4 -2.79664 40.4
      vertex -20.4 -2.75167 39.6
      vertex -20.4 -2.3 40.4
    endloop
  endfacet
  facet normal 1 -0 0
    outer loop
      vertex -20.4 -2.75167 36.4
      vertex -20.4 -2.3 35.6
      vertex -20.4 -2.3 36.4
    endloop
  endfacet
  facet normal 1 0 0
    outer loop
      vertex -20.4 -3 35.6
      vertex -20.4 -2.79664 40.4
      vertex -20.4 -3 48
    endloop
  endfacet
  facet normal 1 0 0
    outer loop
      vertex -20.4 -2.75167 36.4
      vertex -20.4 -3 35.6
      vertex -20.4 -2.3 35.6
    endloop
  endfacet
  facet normal 1 0 0
    outer loop
      vertex -20.4 -2.75167 39.6
      vertex -20.4 -3 35.6
      vertex -20.4 -2.75167 36.4
    endloop
  endfacet
  facet normal 0 0 -1
    outer loop
      vertex -5.86524 -3 36.4
      vertex -2 -2.3 36.4
      vertex -2 -3 36.4
    endloop
  endfacet
  facet normal -0 0 -1
    outer loop
      vertex -2 -2.3 36.4
      vertex -5.86524 -3 36.4
      vertex -5.86524 -2.3 36.4
    endloop
  endfacet
  facet normal 0 0 -1
    outer loop
      vertex -20.4 -2.75167 36.4
      vertex -14.0295 -2.3 36.4
      vertex -14.0295 -2.75167 36.4
    endloop
  endfacet
  facet normal -0 0 -1
    outer loop
      vertex -14.0295 -2.3 36.4
      vertex -20.4 -2.75167 36.4
      vertex -20.4 -2.3 36.4
    endloop
  endfacet
  facet normal 0 0 -1
    outer loop
      vertex -13.2295 -2.7366 36.4
      vertex -6.66524 -2.3 36.4
      vertex -6.66524 -2.7366 36.4
    endloop
  endfacet
  facet normal -0 0 -1
    outer loop
      vertex -6.66524 -2.3 36.4
      vertex -13.2295 -2.7366 36.4
      vertex -13.2295 -2.3 36.4
    endloop
  endfacet
  facet normal -0 0 1
    outer loop
      vertex -20.4 -2.3 35.6
      vertex -18.0553 -3 35.6
      vertex -18.0553 -2.3 35.6
    endloop
  endfacet
  facet normal 0 0 1
    outer loop
      vertex -18.0553 -3 35.6
      vertex -20.4 -2.3 35.6
      vertex -20.4 -3 35.6
    endloop
  endfacet
  facet normal -0 0 1
    outer loop
      vertex -9.38944 -2.3 35.6
      vertex -2 -2.73831 35.6
      vertex -2 -2.3 35.6
    endloop
  endfacet
  facet normal 0 0 1
    outer loop
      vertex -2 -2.73831 35.6
      vertex -9.38944 -2.3 35.6
      vertex -9.38944 -2.73831 35.6
    endloop
  endfacet
  facet normal -0 0 1
    outer loop
      vertex -17.2553 -2.3 35.6
      vertex -10.1894 -2.79954 35.6
      vertex -10.1894 -2.3 35.6
    endloop
  endfacet
  facet normal 0 0 1
    outer loop
      vertex -10.1894 -2.79954 35.6
      vertex -17.2553 -2.3 35.6
      vertex -17.2553 -2.79954 35.6
    endloop
  endfacet
  facet normal 0 0 -1
    outer loop
      vertex -9.20396 -3 40.4
      vertex -2 -2.3 40.4
      vertex -2 -3 40.4
    endloop
  endfacet
  facet normal -0 0 -1
    outer loop
      vertex -2 -2.3 40.4
      vertex -9.20396 -3 40.4
      vertex -9.20396 -2.3 40.4
    endloop
  endfacet
  facet normal 0 0 -1
    outer loop
      vertex -20.4 -2.79664 40.4
      vertex -18.3996 -2.3 40.4
      vertex -18.3996 -2.79664 40.4
    endloop
  endfacet
  facet normal -0 0 -1
    outer loop
      vertex -18.3996 -2.3 40.4
      vertex -20.4 -2.79664 40.4
      vertex -20.4 -2.3 40.4
    endloop
  endfacet
  facet normal 0 0 -1
    outer loop
      vertex -17.5996 -3 40.4
      vertex -10.004 -2.3 40.4
      vertex -10.004 -3 40.4
    endloop
  endfacet
  facet normal -0 0 -1
    outer loop
      vertex -10.004 -2.3 40.4
      vertex -17.5996 -3 40.4
      vertex -17.5996 -2.3 40.4
    endloop
  endfacet
  facet normal -0 0 1
    outer loop
      vertex -20.4 -2.3 39.6
      vertex -14.0295 -2.75167 39.6
      vertex -14.0295 -2.3 39.6
    endloop
  endfacet
  facet normal 0 0 1
    outer loop
      vertex -14.0295 -2.75167 39.6
      vertex -20.4 -2.3 39.6
      vertex -20.4 -2.75167 39.6
    endloop
  endfacet
  facet normal -0 0 1
    outer loop
      vertex -5.86524 -2.3 39.6
      vertex -2 -3 39.6
      vertex -2 -2.3 39.6
    endloop
  endfacet
  facet normal 0 0 1
    outer loop
      vertex -2 -3 39.6
      vertex -5.86524 -2.3 39.6
      vertex -5.86524 -3 39.6
    endloop
  endfacet
  facet normal -0 0 1
    outer loop
      vertex -13.2295 -2.3 39.6
      vertex -6.66524 -2.7366 39.6
      vertex -6.66524 -2.3 39.6
    endloop
  endfacet
  facet normal 0 0 1
    outer loop
      vertex -6.66524 -2.7366 39.6
      vertex -13.2295 -2.3 39.6
      vertex -13.2295 -2.7366 39.6
    endloop
  endfacet
  facet normal -1 0 0
    outer loop
      vertex -2 -3 39.6
      vertex -2 -2.3 40.4
      vertex -2 -2.3 39.6
    endloop
  endfacet
  facet normal -1 -0 0
    outer loop
      vertex -2 -2.3 40.4
      vertex -2 -3 39.6
      vertex -2 -3 40.4
    endloop
  endfacet
  facet normal 0 0 -1
    outer loop
      vertex -5.70256 -3 44.4
      vertex -2 -2.3 44.4
      vertex -2 -3 44.4
    endloop
  endfacet
  facet normal -0 0 -1
    outer loop
      vertex -2 -2.3 44.4
      vertex -5.70256 -3 44.4
      vertex -5.70256 -2.3 44.4
    endloop
  endfacet
  facet normal 0 0 -1
    outer loop
      vertex -20.4 -2.74368 44.4
      vertex -14.7907 -2.3 44.4
      vertex -14.7907 -2.74368 44.4
    endloop
  endfacet
  facet normal -0 0 -1
    outer loop
      vertex -14.7907 -2.3 44.4
      vertex -20.4 -2.74368 44.4
      vertex -20.4 -2.3 44.4
    endloop
  endfacet
  facet normal 0 0 -1
    outer loop
      vertex -13.9907 -2.75282 44.4
      vertex -6.50256 -2.3 44.4
      vertex -6.50256 -2.75282 44.4
    endloop
  endfacet
  facet normal -0 0 -1
    outer loop
      vertex -6.50256 -2.3 44.4
      vertex -13.9907 -2.75282 44.4
      vertex -13.9907 -2.3 44.4
    endloop
  endfacet
  facet normal -0 0 1
    outer loop
      vertex -20.4 -2.3 43.6
      vertex -18.3996 -2.79664 43.6
      vertex -18.3996 -2.3 43.6
    endloop
  endfacet
  facet normal 0 0 1
    outer loop
      vertex -18.3996 -2.79664 43.6
      vertex -20.4 -2.3 43.6
      vertex -20.4 -2.79664 43.6
    endloop
  endfacet
  facet normal -0 0 1
    outer loop
      vertex -9.20396 -2.3 43.6
      vertex -2 -3 43.6
      vertex -2 -2.3 43.6
    endloop
  endfacet
  facet normal 0 0 1
    outer loop
      vertex -2 -3 43.6
      vertex -9.20396 -2.3 43.6
      vertex -9.20396 -3 43.6
    endloop
  endfacet
  facet normal -0 0 1
    outer loop
      vertex -17.5996 -2.3 43.6
      vertex -10.004 -3 43.6
      vertex -10.004 -2.3 43.6
    endloop
  endfacet
  facet normal 0 0 1
    outer loop
      vertex -10.004 -3 43.6
      vertex -17.5996 -2.3 43.6
      vertex -17.5996 -3 43.6
    endloop
  endfacet
  facet normal -1 0 0
    outer loop
      vertex -2 -3 43.6
      vertex -2 -2.3 44.4
      vertex -2 -2.3 43.6
    endloop
  endfacet
  facet normal -1 -0 0
    outer loop
      vertex -2 -2.3 44.4
      vertex -2 -3 43.6
      vertex -2 -3 44.4
    endloop
  endfacet
  facet normal 1 -0 0
    outer loop
      vertex -10.7562 -3 3.6
      vertex -10.7562 -2.3 0
      vertex -10.7562 -2.3 3.6
    endloop
  endfacet
  facet normal 1 0 0
    outer loop
      vertex -10.7562 -2.3 0
      vertex -10.7562 -3 3.6
      vertex -10.7562 -3 0
    endloop
  endfacet
  facet normal -1 0 0
    outer loop
      vertex -9.95618 -3 0
      vertex -9.95618 -2.3 3.6
      vertex -9.95618 -2.3 0
    endloop
  endfacet
  facet normal -1 -0 0
    outer loop
      vertex -9.95618 -2.3 3.6
      vertex -9.95618 -3 0
      vertex -9.95618 -3 3.6
    endloop
  endfacet
  facet normal 1 -0 0
    outer loop
      vertex -18.3552 -2.79404 3.6
      vertex -18.3552 -2.3 0
      vertex -18.3552 -2.3 3.6
    endloop
  endfacet
  facet normal 1 0 0
    outer loop
      vertex -18.3552 -2.3 0
      vertex -18.3552 -2.79404 3.6
      vertex -18.3552 -2.79404 0
    endloop
  endfacet
  facet normal -1 0 0
    outer loop
      vertex -17.5552 -3 0
      vertex -17.5552 -2.3 3.6
      vertex -17.5552 -2.3 0
    endloop
  endfacet
  facet normal -1 -0 0
    outer loop
      vertex -17.5552 -2.3 3.6
      vertex -17.5552 -3 0
      vertex -17.5552 -3 3.6
    endloop
  endfacet
  facet normal 1 -0 0
    outer loop
      vertex -6.43112 -3 7.6
      vertex -6.43112 -2.3 4.4
      vertex -6.43112 -2.3 7.6
    endloop
  endfacet
  facet normal 1 0 0
    outer loop
      vertex -6.43112 -2.3 4.4
      vertex -6.43112 -3 7.6
      vertex -6.43112 -3 4.4
    endloop
  endfacet
  facet normal -1 0 0
    outer loop
      vertex -5.63112 -3 4.4
      vertex -5.63112 -2.3 7.6
      vertex -5.63112 -2.3 4.4
    endloop
  endfacet
  facet normal -1 -0 0
    outer loop
      vertex -5.63112 -2.3 7.6
      vertex -5.63112 -3 4.4
      vertex -5.63112 -3 7.6
    endloop
  endfacet
  facet normal 1 -0 0
    outer loop
      vertex -14.4803 -3 7.6
      vertex -14.4803 -2.3 4.4
      vertex -14.4803 -2.3 7.6
    endloop
  endfacet
  facet normal 1 0 0
    outer loop
      vertex -14.4803 -2.3 4.4
      vertex -14.4803 -3 7.6
      vertex -14.4803 -3 4.4
    endloop
  endfacet
  facet normal -1 0 0
    outer loop
      vertex -13.6803 -3 4.4
      vertex -13.6803 -2.3 7.6
      vertex -13.6803 -2.3 4.4
    endloop
  endfacet
  facet normal -1 -0 0
    outer loop
      vertex -13.6803 -2.3 7.6
      vertex -13.6803 -3 4.4
      vertex -13.6803 -3 7.6
    endloop
  endfacet
  facet normal 1 -0 0
    outer loop
      vertex -10.4443 -2.82192 11.6
      vertex -10.4443 -2.3 8.4
      vertex -10.4443 -2.3 11.6
    endloop
  endfacet
  facet normal 1 0 0
    outer loop
      vertex -10.4443 -2.3 8.4
      vertex -10.4443 -2.82192 11.6
      vertex -10.4443 -2.82192 8.4
    endloop
  endfacet
  facet normal -1 0 0
    outer loop
      vertex -9.64432 -2.7138 8.4
      vertex -9.64432 -2.3 11.6
      vertex -9.64432 -2.3 8.4
    endloop
  endfacet
  facet normal -1 -0 0
    outer loop
      vertex -9.64432 -2.3 11.6
      vertex -9.64432 -2.7138 8.4
      vertex -9.64432 -2.7138 11.6
    endloop
  endfacet
  facet normal 1 -0 0
    outer loop
      vertex -18.4977 -3 11.6
      vertex -18.4977 -2.3 8.4
      vertex -18.4977 -2.3 11.6
    endloop
  endfacet
  facet normal 1 0 0
    outer loop
      vertex -18.4977 -2.3 8.4
      vertex -18.4977 -3 11.6
      vertex -18.4977 -3 8.4
    endloop
  endfacet
  facet normal -1 0 0
    outer loop
      vertex -17.6977 -2.82192 8.4
      vertex -17.6977 -2.3 11.6
      vertex -17.6977 -2.3 8.4
    endloop
  endfacet
  facet normal -1 -0 0
    outer loop
      vertex -17.6977 -2.3 11.6
      vertex -17.6977 -2.82192 8.4
      vertex -17.6977 -2.82192 11.6
    endloop
  endfacet
  facet normal 1 -0 0
    outer loop
      vertex -6.34029 -2.74922 15.6
      vertex -6.34029 -2.3 12.4
      vertex -6.34029 -2.3 15.6
    endloop
  endfacet
  facet normal 1 0 0
    outer loop
      vertex -6.34029 -2.3 12.4
      vertex -6.34029 -2.74922 15.6
      vertex -6.34029 -2.74922 12.4
    endloop
  endfacet
  facet normal -1 0 0
    outer loop
      vertex -5.54029 -3 12.4
      vertex -5.54029 -2.3 15.6
      vertex -5.54029 -2.3 12.4
    endloop
  endfacet
  facet normal -1 -0 0
    outer loop
      vertex -5.54029 -2.3 15.6
      vertex -5.54029 -3 12.4
      vertex -5.54029 -3 15.6
    endloop
  endfacet
  facet normal 1 -0 0
    outer loop
      vertex -14.1762 -3 15.6
      vertex -14.1762 -2.3 12.4
      vertex -14.1762 -2.3 15.6
    endloop
  endfacet
  facet normal 1 0 0
    outer loop
      vertex -14.1762 -2.3 12.4
      vertex -14.1762 -3 15.6
      vertex -14.1762 -3 12.4
    endloop
  endfacet
  facet normal -1 0 0
    outer loop
      vertex -13.3762 -2.74922 12.4
      vertex -13.3762 -2.3 15.6
      vertex -13.3762 -2.3 12.4
    endloop
  endfacet
  facet normal -1 -0 0
    outer loop
      vertex -13.3762 -2.3 15.6
      vertex -13.3762 -2.74922 12.4
      vertex -13.3762 -2.74922 15.6
    endloop
  endfacet
  facet normal 1 -0 0
    outer loop
      vertex -10.3373 -3 19.6
      vertex -10.3373 -2.3 16.4
      vertex -10.3373 -2.3 19.6
    endloop
  endfacet
  facet normal 1 0 0
    outer loop
      vertex -10.3373 -2.3 16.4
      vertex -10.3373 -3 19.6
      vertex -10.3373 -3 16.4
    endloop
  endfacet
  facet normal -1 0 0
    outer loop
      vertex -9.53727 -2.74132 16.4
      vertex -9.53727 -2.3 19.6
      vertex -9.53727 -2.3 16.4
    endloop
  endfacet
  facet normal -1 -0 0
    outer loop
      vertex -9.53727 -2.3 19.6
      vertex -9.53727 -2.74132 16.4
      vertex -9.53727 -2.74132 19.6
    endloop
  endfacet
  facet normal 1 -0 0
    outer loop
      vertex -18.1882 -3 19.6
      vertex -18.1882 -2.3 16.4
      vertex -18.1882 -2.3 19.6
    endloop
  endfacet
  facet normal 1 0 0
    outer loop
      vertex -18.1882 -2.3 16.4
      vertex -18.1882 -3 19.6
      vertex -18.1882 -3 16.4
    endloop
  endfacet
  facet normal -1 0 0
    outer loop
      vertex -17.3882 -3 16.4
      vertex -17.3882 -2.3 19.6
      vertex -17.3882 -2.3 16.4
    endloop
  endfacet
  facet normal -1 -0 0
    outer loop
      vertex -17.3882 -2.3 19.6
      vertex -17.3882 -3 16.4
      vertex -17.3882 -3 19.6
    endloop
  endfacet
  facet normal 1 -0 0
    outer loop
      vertex -6.05137 -3 23.6
      vertex -6.05137 -2.3 20.4
      vertex -6.05137 -2.3 23.6
    endloop
  endfacet
  facet normal 1 0 0
    outer loop
      vertex -6.05137 -2.3 20.4
      vertex -6.05137 -3 23.6
      vertex -6.05137 -3 20.4
    endloop
  endfacet
  facet normal -1 0 0
    outer loop
      vertex -5.25137 -3 20.4
      vertex -5.25137 -2.3 23.6
      vertex -5.25137 -2.3 20.4
    endloop
  endfacet
  facet normal -1 -0 0
    outer loop
      vertex -5.25137 -2.3 23.6
      vertex -5.25137 -3 20.4
      vertex -5.25137 -3 23.6
    endloop
  endfacet
  facet normal 1 -0 0
    outer loop
      vertex -14.2912 -3 23.6
      vertex -14.2912 -2.3 20.4
      vertex -14.2912 -2.3 23.6
    endloop
  endfacet
  facet normal 1 0 0
    outer loop
      vertex -14.2912 -2.3 20.4
      vertex -14.2912 -3 23.6
      vertex -14.2912 -3 20.4
    endloop
  endfacet
  facet normal -1 0 0
    outer loop
      vertex -13.4912 -3 20.4
      vertex -13.4912 -2.3 23.6
      vertex -13.4912 -2.3 20.4
    endloop
  endfacet
  facet normal -1 -0 0
    outer loop
      vertex -13.4912 -2.3 23.6
      vertex -13.4912 -3 20.4
      vertex -13.4912 -3 23.6
    endloop
  endfacet
  facet normal 1 -0 0
    outer loop
      vertex -10.0709 -2.72262 27.6
      vertex -10.0709 -2.3 24.4
      vertex -10.0709 -2.3 27.6
    endloop
  endfacet
  facet normal 1 0 0
    outer loop
      vertex -10.0709 -2.3 24.4
      vertex -10.0709 -2.72262 27.6
      vertex -10.0709 -2.72262 24.4
    endloop
  endfacet
  facet normal -1 0 0
    outer loop
      vertex -9.27093 -3 24.4
      vertex -9.27093 -2.3 27.6
      vertex -9.27093 -2.3 24.4
    endloop
  endfacet
  facet normal -1 -0 0
    outer loop
      vertex -9.27093 -2.3 27.6
      vertex -9.27093 -3 24.4
      vertex -9.27093 -3 27.6
    endloop
  endfacet
  facet normal 1 -0 0
    outer loop
      vertex -18.2332 -2.84934 27.6
      vertex -18.2332 -2.3 24.4
      vertex -18.2332 -2.3 27.6
    endloop
  endfacet
  facet normal 1 0 0
    outer loop
      vertex -18.2332 -2.3 24.4
      vertex -18.2332 -2.84934 27.6
      vertex -18.2332 -2.84934 24.4
    endloop
  endfacet
  facet normal -1 0 0
    outer loop
      vertex -17.4332 -2.72262 24.4
      vertex -17.4332 -2.3 27.6
      vertex -17.4332 -2.3 24.4
    endloop
  endfacet
  facet normal -1 -0 0
    outer loop
      vertex -17.4332 -2.3 27.6
      vertex -17.4332 -2.72262 24.4
      vertex -17.4332 -2.72262 27.6
    endloop
  endfacet
  facet normal 1 -0 0
    outer loop
      vertex -6.41725 -3 31.6
      vertex -6.41725 -2.3 28.4
      vertex -6.41725 -2.3 31.6
    endloop
  endfacet
  facet normal 1 0 0
    outer loop
      vertex -6.41725 -2.3 28.4
      vertex -6.41725 -3 31.6
      vertex -6.41725 -3 28.4
    endloop
  endfacet
  facet normal -1 0 0
    outer loop
      vertex -5.61725 -3 28.4
      vertex -5.61725 -2.3 31.6
      vertex -5.61725 -2.3 28.4
    endloop
  endfacet
  facet normal -1 -0 0
    outer loop
      vertex -5.61725 -2.3 31.6
      vertex -5.61725 -3 28.4
      vertex -5.61725 -3 31.6
    endloop
  endfacet
  facet normal 1 -0 0
    outer loop
      vertex -14.5997 -3 31.6
      vertex -14.5997 -2.3 28.4
      vertex -14.5997 -2.3 31.6
    endloop
  endfacet
  facet normal 1 0 0
    outer loop
      vertex -14.5997 -2.3 28.4
      vertex -14.5997 -3 31.6
      vertex -14.5997 -3 28.4
    endloop
  endfacet
  facet normal -1 0 0
    outer loop
      vertex -13.7997 -3 28.4
      vertex -13.7997 -2.3 31.6
      vertex -13.7997 -2.3 28.4
    endloop
  endfacet
  facet normal -1 -0 0
    outer loop
      vertex -13.7997 -2.3 31.6
      vertex -13.7997 -3 28.4
      vertex -13.7997 -3 31.6
    endloop
  endfacet
  facet normal 1 -0 0
    outer loop
      vertex -10.1894 -2.79954 35.6
      vertex -10.1894 -2.3 32.4
      vertex -10.1894 -2.3 35.6
    endloop
  endfacet
  facet normal 1 0 0
    outer loop
      vertex -10.1894 -2.3 32.4
      vertex -10.1894 -2.79954 35.6
      vertex -10.1894 -2.79954 32.4
    endloop
  endfacet
  facet normal -1 0 0
    outer loop
      vertex -9.38944 -2.73831 32.4
      vertex -9.38944 -2.3 35.6
      vertex -9.38944 -2.3 32.4
    endloop
  endfacet
  facet normal -1 -0 0
    outer loop
      vertex -9.38944 -2.3 35.6
      vertex -9.38944 -2.73831 32.4
      vertex -9.38944 -2.73831 35.6
    endloop
  endfacet
  facet normal 1 -0 0
    outer loop
      vertex -18.0553 -3 35.6
      vertex -18.0553 -2.3 32.4
      vertex -18.0553 -2.3 35.6
    endloop
  endfacet
  facet normal 1 0 0
    outer loop
      vertex -18.0553 -2.3 32.4
      vertex -18.0553 -3 35.6
      vertex -18.0553 -3 32.4
    endloop
  endfacet
  facet normal -1 0 0
    outer loop
      vertex -17.2553 -2.79954 32.4
      vertex -17.2553 -2.3 35.6
      vertex -17.2553 -2.3 32.4
    endloop
  endfacet
  facet normal -1 -0 0
    outer loop
      vertex -17.2553 -2.3 35.6
      vertex -17.2553 -2.79954 32.4
      vertex -17.2553 -2.79954 35.6
    endloop
  endfacet
  facet normal 1 -0 0
    outer loop
      vertex -6.66524 -2.7366 39.6
      vertex -6.66524 -2.3 36.4
      vertex -6.66524 -2.3 39.6
    endloop
  endfacet
  facet normal 1 0 0
    outer loop
      vertex -6.66524 -2.3 36.4
      vertex -6.66524 -2.7366 39.6
      vertex -6.66524 -2.7366 36.4
    endloop
  endfacet
  facet normal -1 0 0
    outer loop
      vertex -5.86524 -3 36.4
      vertex -5.86524 -2.3 39.6
      vertex -5.86524 -2.3 36.4
    endloop
  endfacet
  facet normal -1 -0 0
    outer loop
      vertex -5.86524 -2.3 39.6
      vertex -5.86524 -3 36.4
      vertex -5.86524 -3 39.6
    endloop
  endfacet
  facet normal 1 -0 0
    outer loop
      vertex -14.0295 -2.75167 39.6
      vertex -14.0295 -2.3 36.4
      vertex -14.0295 -2.3 39.6
    endloop
  endfacet
  facet normal 1 0 0
    outer loop
      vertex -14.0295 -2.3 36.4
      vertex -14.0295 -2.75167 39.6
      vertex -14.0295 -2.75167 36.4
    endloop
  endfacet
  facet normal -1 0 0
    outer loop
      vertex -13.2295 -2.7366 36.4
      vertex -13.2295 -2.3 39.6
      vertex -13.2295 -2.3 36.4
    endloop
  endfacet
  facet normal -1 -0 0
    outer loop
      vertex -13.2295 -2.3 39.6
      vertex -13.2295 -2.7366 36.4
      vertex -13.2295 -2.7366 39.6
    endloop
  endfacet
  facet normal 1 -0 0
    outer loop
      vertex -10.004 -3 43.6
      vertex -10.004 -2.3 40.4
      vertex -10.004 -2.3 43.6
    endloop
  endfacet
  facet normal 1 0 0
    outer loop
      vertex -10.004 -2.3 40.4
      vertex -10.004 -3 43.6
      vertex -10.004 -3 40.4
    endloop
  endfacet
  facet normal -1 0 0
    outer loop
      vertex -9.20396 -3 40.4
      vertex -9.20396 -2.3 43.6
      vertex -9.20396 -2.3 40.4
    endloop
  endfacet
  facet normal -1 -0 0
    outer loop
      vertex -9.20396 -2.3 43.6
      vertex -9.20396 -3 40.4
      vertex -9.20396 -3 43.6
    endloop
  endfacet
  facet normal 1 -0 0
    outer loop
      vertex -18.3996 -2.79664 43.6
      vertex -18.3996 -2.3 40.4
      vertex -18.3996 -2.3 43.6
    endloop
  endfacet
  facet normal 1 0 0
    outer loop
      vertex -18.3996 -2.3 40.4
      vertex -18.3996 -2.79664 43.6
      vertex -18.3996 -2.79664 40.4
    endloop
  endfacet
  facet normal -1 0 0
    outer loop
      vertex -17.5996 -3 40.4
      vertex -17.5996 -2.3 43.6
      vertex -17.5996 -2.3 40.4
    endloop
  endfacet
  facet normal -1 -0 0
    outer loop
      vertex -17.5996 -2.3 43.6
      vertex -17.5996 -3 40.4
      vertex -17.5996 -3 43.6
    endloop
  endfacet
  facet normal 1 -0 0
    outer loop
      vertex -6.50256 -2.75282 48
      vertex -6.50256 -2.3 44.4
      vertex -6.50256 -2.3 48
    endloop
  endfacet
  facet normal 1 0 0
    outer loop
      vertex -6.50256 -2.3 44.4
      vertex -6.50256 -2.75282 48
      vertex -6.50256 -2.75282 44.4
    endloop
  endfacet
  facet normal 0 0 -1
    outer loop
      vertex -5.70256 -3 48
      vertex -6.50256 -2.75282 48
      vertex -5.70256 -2.3 48
    endloop
  endfacet
  facet normal 0 0 -1
    outer loop
      vertex -5.70256 -3 48
      vertex -13.9907 -2.75282 48
      vertex -6.50256 -2.75282 48
    endloop
  endfacet
  facet normal 0 0 -1
    outer loop
      vertex -13.9907 -2.75282 48
      vertex -14.7907 -2.74368 48
      vertex -13.9907 -2.3 48
    endloop
  endfacet
  facet normal 0 0 -1
    outer loop
      vertex -20.4 -3 48
      vertex -13.9907 -2.75282 48
      vertex -5.70256 -3 48
    endloop
  endfacet
  facet normal -0 0 -1
    outer loop
      vertex -13.9907 -2.75282 48
      vertex -20.4 -3 48
      vertex -14.7907 -2.74368 48
    endloop
  endfacet
  facet normal -0 0 -1
    outer loop
      vertex -14.7907 -2.74368 48
      vertex -20.4 -3 48
      vertex -20.4 -2.74368 48
    endloop
  endfacet
  facet normal -0 0 -1
    outer loop
      vertex -5.70256 -2.3 48
      vertex -6.50256 -2.75282 48
      vertex -6.50256 -2.3 48
    endloop
  endfacet
  facet normal -0 0 -1
    outer loop
      vertex -13.9907 -2.3 48
      vertex -14.7907 -2.74368 48
      vertex -14.7907 -2.3 48
    endloop
  endfacet
  facet normal -1 0 0
    outer loop
      vertex -5.70256 -3 44.4
      vertex -5.70256 -2.3 48
      vertex -5.70256 -2.3 44.4
    endloop
  endfacet
  facet normal -1 -0 0
    outer loop
      vertex -5.70256 -2.3 48
      vertex -5.70256 -3 44.4
      vertex -5.70256 -3 48
    endloop
  endfacet
  facet normal 1 -0 0
    outer loop
      vertex -14.7907 -2.74368 48
      vertex -14.7907 -2.3 44.4
      vertex -14.7907 -2.3 48
    endloop
  endfacet
  facet normal 1 0 0
    outer loop
      vertex -14.7907 -2.3 44.4
      vertex -14.7907 -2.74368 48
      vertex -14.7907 -2.74368 44.4
    endloop
  endfacet
  facet normal -1 0 0
    outer loop
      vertex -13.9907 -2.75282 44.4
      vertex -13.9907 -2.3 48
      vertex -13.9907 -2.3 44.4
    endloop
  endfacet
  facet normal -1 -0 0
    outer loop
      vertex -13.9907 -2.3 48
      vertex -13.9907 -2.75282 44.4
      vertex -13.9907 -2.75282 48
    endloop
  endfacet
  facet normal 0 -1 0
    outer loop
      vertex -9.64432 -2.7138 8.4
      vertex -2 -2.7138 11.6
      vertex -9.64432 -2.7138 11.6
    endloop
  endfacet
  facet normal 0 -1 -0
    outer loop
      vertex -2 -2.7138 11.6
      vertex -9.64432 -2.7138 8.4
      vertex -2 -2.7138 8.4
    endloop
  endfacet
  facet normal 0 -1 0
    outer loop
      vertex -17.6977 -2.82192 8.4
      vertex -10.4443 -2.82192 11.6
      vertex -17.6977 -2.82192 11.6
    endloop
  endfacet
  facet normal 0 -1 -0
    outer loop
      vertex -10.4443 -2.82192 11.6
      vertex -17.6977 -2.82192 8.4
      vertex -10.4443 -2.82192 8.4
    endloop
  endfacet
  facet normal 0 -1 0
    outer loop
      vertex -17.4332 -2.72262 24.4
      vertex -10.0709 -2.72262 27.6
      vertex -17.4332 -2.72262 27.6
    endloop
  endfacet
  facet normal 0 -1 -0
    outer loop
      vertex -10.0709 -2.72262 27.6
      vertex -17.4332 -2.72262 24.4
      vertex -10.0709 -2.72262 24.4
    endloop
  endfacet
  facet normal 0 -1 0
    outer loop
      vertex -20.4 -2.84934 24.4
      vertex -18.2332 -2.84934 27.6
      vertex -20.4 -2.84934 27.6
    endloop
  endfacet
  facet normal 0 -1 -0
    outer loop
      vertex -18.2332 -2.84934 27.6
      vertex -20.4 -2.84934 24.4
      vertex -18.2332 -2.84934 24.4
    endloop
  endfacet
  facet normal 0 -1 0
    outer loop
      vertex -9.38944 -2.73831 32.4
      vertex -2 -2.73831 35.6
      vertex -9.38944 -2.73831 35.6
    endloop
  endfacet
  facet normal 0 -1 -0
    outer loop
      vertex -2 -2.73831 35.6
      vertex -9.38944 -2.73831 32.4
      vertex -2 -2.73831 32.4
    endloop
  endfacet
  facet normal 0 -1 0
    outer loop
      vertex -17.2553 -2.79954 32.4
      vertex -10.1894 -2.79954 35.6
      vertex -17.2553 -2.79954 35.6
    endloop
  endfacet
  facet normal 0 -1 -0
    outer loop
      vertex -10.1894 -2.79954 35.6
      vertex -17.2553 -2.79954 32.4
      vertex -10.1894 -2.79954 32.4
    endloop
  endfacet
  facet normal 0 -1 0
    outer loop
      vertex -13.2295 -2.7366 36.4
      vertex -6.66524 -2.7366 39.6
      vertex -13.2295 -2.7366 39.6
    endloop
  endfacet
  facet normal 0 -1 -0
    outer loop
      vertex -6.66524 -2.7366 39.6
      vertex -13.2295 -2.7366 36.4
      vertex -6.66524 -2.7366 36.4
    endloop
  endfacet
  facet normal 0 -1 0
    outer loop
      vertex -20.4 -2.75167 36.4
      vertex -14.0295 -2.75167 39.6
      vertex -20.4 -2.75167 39.6
    endloop
  endfacet
  facet normal 0 -1 -0
    outer loop
      vertex -14.0295 -2.75167 39.6
      vertex -20.4 -2.75167 36.4
      vertex -14.0295 -2.75167 36.4
    endloop
  endfacet
  facet normal 0 -1 0
    outer loop
      vertex -13.9907 -2.75282 44.4
      vertex -6.50256 -2.75282 48
      vertex -13.9907 -2.75282 48
    endloop
  endfacet
  facet normal 0 -1 -0
    outer loop
      vertex -6.50256 -2.75282 48
      vertex -13.9907 -2.75282 44.4
      vertex -6.50256 -2.75282 44.4
    endloop
  endfacet
  facet normal 0 -1 0
    outer loop
      vertex -20.4 -2.74368 44.4
      vertex -14.7907 -2.74368 48
      vertex -20.4 -2.74368 48
    endloop
  endfacet
  facet normal 0 -1 -0
    outer loop
      vertex -14.7907 -2.74368 48
      vertex -20.4 -2.74368 44.4
      vertex -14.7907 -2.74368 44.4
    endloop
  endfacet
  facet normal 0 -1 0
    outer loop
      vertex -20.4 -2.79404 0
      vertex -18.3552 -2.79404 3.6
      vertex -20.4 -2.79404 3.6
    endloop
  endfacet
  facet normal 0 -1 -0
    outer loop
      vertex -18.3552 -2.79404 3.6
      vertex -20.4 -2.79404 0
      vertex -18.3552 -2.79404 0
    endloop
  endfacet
  facet normal 0 -1 0
    outer loop
      vertex -13.3762 -2.74922 12.4
      vertex -6.34029 -2.74922 15.6
      vertex -13.3762 -2.74922 15.6
    endloop
  endfacet
  facet normal 0 -1 -0
    outer loop
      vertex -6.34029 -2.74922 15.6
      vertex -13.3762 -2.74922 12.4
      vertex -6.34029 -2.74922 12.4
    endloop
  endfacet
  facet normal 0 -1 0
    outer loop
      vertex -9.53727 -2.74132 16.4
      vertex -2 -2.74132 19.6
      vertex -9.53727 -2.74132 19.6
    endloop
  endfacet
  facet normal 0 -1 -0
    outer loop
      vertex -2 -2.74132 19.6
      vertex -9.53727 -2.74132 16.4
      vertex -2 -2.74132 16.4
    endloop
  endfacet
  facet normal 0 -1 0
    outer loop
      vertex -20.4 -2.79664 40.4
      vertex -18.3996 -2.79664 43.6
      vertex -20.4 -2.79664 43.6
    endloop
  endfacet
  facet normal 0 -1 -0
    outer loop
      vertex -18.3996 -2.79664 43.6
      vertex -20.4 -2.79664 40.4
      vertex -18.3996 -2.79664 40.4
    endloop
  endfacet
  facet normal 0 -1 0
    outer loop
      vertex 2.3 20.4 4.4
      vertex 2.3 20.4 3.6
      vertex 2.80822 20.4 4.4
    endloop
  endfacet
  facet normal 0 -1 0
    outer loop
      vertex 2.3 20.4 8.4
      vertex 2.3 20.4 7.6
      vertex 2.77524 20.4 8.4
    endloop
  endfacet
  facet normal 0 -1 0
    outer loop
      vertex 2.3 20.4 12.4
      vertex 2.3 20.4 11.6
      vertex 2.73776 20.4 12.4
    endloop
  endfacet
  facet normal 0 -1 0
    outer loop
      vertex 2.73776 20.4 15.6
      vertex 2.3 20.4 16.4
      vertex 2.3 20.4 15.6
    endloop
  endfacet
  facet normal 0 -1 0
    outer loop
      vertex 2.3 20.4 16.4
      vertex 2.73776 20.4 15.6
      vertex 3 20.4 16.4
    endloop
  endfacet
  facet normal 0 -1 0
    outer loop
      vertex 2.73776 20.4 12.4
      vertex 3 20.4 16.4
      vertex 2.73776 20.4 15.6
    endloop
  endfacet
  facet normal 0 -1 0
    outer loop
      vertex 2.77524 20.4 11.6
      vertex 2.73776 20.4 12.4
      vertex 2.3 20.4 11.6
    endloop
  endfacet
  facet normal 0 -1 0
    outer loop
      vertex 2.77524 20.4 11.6
      vertex 3 20.4 16.4
      vertex 2.73776 20.4 12.4
    endloop
  endfacet
  facet normal 0 -1 0
    outer loop
      vertex 2.80822 20.4 7.6
      vertex 2.77524 20.4 11.6
      vertex 2.77524 20.4 8.4
    endloop
  endfacet
  facet normal 0 -1 0
    outer loop
      vertex 2.80822 20.4 7.6
      vertex 2.77524 20.4 8.4
      vertex 2.3 20.4 7.6
    endloop
  endfacet
  facet normal 0 -1 0
    outer loop
      vertex 2.77524 20.4 11.6
      vertex 2.80822 20.4 7.6
      vertex 3 20.4 16.4
    endloop
  endfacet
  facet normal 0 -1 0
    outer loop
      vertex 3 20.4 3.6
      vertex 2.80822 20.4 7.6
      vertex 2.80822 20.4 4.4
    endloop
  endfacet
  facet normal 0 -1 0
    outer loop
      vertex 2.80822 20.4 7.6
      vertex 3 20.4 3.6
      vertex 3 20.4 16.4
    endloop
  endfacet
  facet normal 0 -1 0
    outer loop
      vertex 3 20.4 3.6
      vertex 2.80822 20.4 4.4
      vertex 2.3 20.4 3.6
    endloop
  endfacet
  facet normal 0 0 -1
    outer loop
      vertex 2.3 2 4.4
      vertex 3 5.63584 4.4
      vertex 3 2 4.4
    endloop
  endfacet
  facet normal -0 0 -1
    outer loop
      vertex 3 5.63584 4.4
      vertex 2.3 2 4.4
      vertex 2.3 5.63584 4.4
    endloop
  endfacet
  facet normal 0 0 -1
    outer loop
      vertex 2.3 14.295 4.4
      vertex 2.80822 20.4 4.4
      vertex 2.80822 14.295 4.4
    endloop
  endfacet
  facet normal -0 0 -1
    outer loop
      vertex 2.80822 20.4 4.4
      vertex 2.3 14.295 4.4
      vertex 2.3 20.4 4.4
    endloop
  endfacet
  facet normal 0 0 -1
    outer loop
      vertex 2.3 6.43584 4.4
      vertex 3 13.495 4.4
      vertex 3 6.43584 4.4
    endloop
  endfacet
  facet normal -0 0 -1
    outer loop
      vertex 3 13.495 4.4
      vertex 2.3 6.43584 4.4
      vertex 2.3 13.495 4.4
    endloop
  endfacet
  facet normal -0 0 1
    outer loop
      vertex 2.3 20.4 3.6
      vertex 3 18.0293 3.6
      vertex 3 20.4 3.6
    endloop
  endfacet
  facet normal 0 0 1
    outer loop
      vertex 3 18.0293 3.6
      vertex 2.3 20.4 3.6
      vertex 2.3 18.0293 3.6
    endloop
  endfacet
  facet normal -0 0 1
    outer loop
      vertex 2.3 9.72839 3.6
      vertex 2.78014 2 3.6
      vertex 2.78014 9.72839 3.6
    endloop
  endfacet
  facet normal 0 0 1
    outer loop
      vertex 2.78014 2 3.6
      vertex 2.3 9.72839 3.6
      vertex 2.3 2 3.6
    endloop
  endfacet
  facet normal -0 0 1
    outer loop
      vertex 2.3 17.2293 3.6
      vertex 2.78854 10.5284 3.6
      vertex 2.78854 17.2293 3.6
    endloop
  endfacet
  facet normal 0 0 1
    outer loop
      vertex 2.78854 10.5284 3.6
      vertex 2.3 17.2293 3.6
      vertex 2.3 10.5284 3.6
    endloop
  endfacet
  facet normal 0 1 0
    outer loop
      vertex 3 2 4.4
      vertex 2.78014 2 3.6
      vertex 2.3 2 4.4
    endloop
  endfacet
  facet normal 0 1 -0
    outer loop
      vertex 3 2 0
      vertex 2.78014 2 3.6
      vertex 3 2 4.4
    endloop
  endfacet
  facet normal 0 1 0
    outer loop
      vertex 2.78014 2 3.6
      vertex 3 2 0
      vertex 2.78014 2 0
    endloop
  endfacet
  facet normal 0 1 0
    outer loop
      vertex 2.3 2 4.4
      vertex 2.78014 2 3.6
      vertex 2.3 2 3.6
    endloop
  endfacet
  facet normal 1 0 0
    outer loop
      vertex 2.3 6.62027 48
      vertex 2.3 5.82027 48
      vertex 2.3 6.62027 44.4
    endloop
  endfacet
  facet normal 1 0 0
    outer loop
      vertex 2.3 14.0192 48
      vertex 2.3 13.2192 48
      vertex 2.3 14.0192 44.4
    endloop
  endfacet
  facet normal 1 0 0
    outer loop
      vertex 2.3 20.4 44.4
      vertex 2.3 18.2827 43.6
      vertex 2.3 20.4 43.6
    endloop
  endfacet
  facet normal 1 0 0
    outer loop
      vertex 2.3 18.2827 43.6
      vertex 2.3 17.4827 43.6
      vertex 2.3 18.2827 40.4
    endloop
  endfacet
  facet normal 1 0 0
    outer loop
      vertex 2.3 20.4 44.4
      vertex 2.3 17.4827 43.6
      vertex 2.3 18.2827 43.6
    endloop
  endfacet
  facet normal 1 -0 0
    outer loop
      vertex 2.3 14.0192 44.4
      vertex 2.3 17.4827 43.6
      vertex 2.3 20.4 44.4
    endloop
  endfacet
  facet normal 1 0 0
    outer loop
      vertex 2.3 13.2192 44.4
      vertex 2.3 14.0192 44.4
      vertex 2.3 13.2192 48
    endloop
  endfacet
  facet normal 1 0 0
    outer loop
      vertex 2.3 10.153 43.6
      vertex 2.3 14.0192 44.4
      vertex 2.3 13.2192 44.4
    endloop
  endfacet
  facet normal 1 0 0
    outer loop
      vertex 2.3 14.0192 44.4
      vertex 2.3 10.153 43.6
      vertex 2.3 17.4827 43.6
    endloop
  endfacet
  facet normal 1 0 0
    outer loop
      vertex 2.3 10.153 43.6
      vertex 2.3 9.35305 43.6
      vertex 2.3 10.153 40.4
    endloop
  endfacet
  facet normal 1 -0 0
    outer loop
      vertex 2.3 6.62027 44.4
      vertex 2.3 10.153 43.6
      vertex 2.3 13.2192 44.4
    endloop
  endfacet
  facet normal 1 0 0
    outer loop
      vertex 2.3 10.153 43.6
      vertex 2.3 6.62027 44.4
      vertex 2.3 9.35305 43.6
    endloop
  endfacet
  facet normal 1 0 0
    outer loop
      vertex 2.3 5.82027 44.4
      vertex 2.3 6.62027 44.4
      vertex 2.3 5.82027 48
    endloop
  endfacet
  facet normal 1 -0 0
    outer loop
      vertex 2.3 5.82027 44.4
      vertex 2.3 9.35305 43.6
      vertex 2.3 6.62027 44.4
    endloop
  endfacet
  facet normal 1 0 0
    outer loop
      vertex 2.3 2 43.6
      vertex 2.3 5.82027 44.4
      vertex 2.3 2 44.4
    endloop
  endfacet
  facet normal 1 0 0
    outer loop
      vertex 2.3 5.82027 44.4
      vertex 2.3 2 43.6
      vertex 2.3 9.35305 43.6
    endloop
  endfacet
  facet normal 1 -0 0
    outer loop
      vertex 2.3 18.2827 40.4
      vertex 2.3 20.4 39.6
      vertex 2.3 20.4 40.4
    endloop
  endfacet
  facet normal 1 0 0
    outer loop
      vertex 2.3 17.4827 40.4
      vertex 2.3 18.2827 40.4
      vertex 2.3 17.4827 43.6
    endloop
  endfacet
  facet normal 1 -0 0
    outer loop
      vertex 2.3 17.4827 40.4
      vertex 2.3 20.4 39.6
      vertex 2.3 18.2827 40.4
    endloop
  endfacet
  facet normal 1 0 0
    outer loop
      vertex 2.3 17.4827 40.4
      vertex 2.3 14.7659 39.6
      vertex 2.3 20.4 39.6
    endloop
  endfacet
  facet normal 1 0 0
    outer loop
      vertex 2.3 14.7659 39.6
      vertex 2.3 13.9659 39.6
      vertex 2.3 14.7659 36.4
    endloop
  endfacet
  facet normal 1 0 0
    outer loop
      vertex 2.3 17.4827 40.4
      vertex 2.3 13.9659 39.6
      vertex 2.3 14.7659 39.6
    endloop
  endfacet
  facet normal 1 -0 0
    outer loop
      vertex 2.3 10.153 40.4
      vertex 2.3 13.9659 39.6
      vertex 2.3 17.4827 40.4
    endloop
  endfacet
  facet normal 1 0 0
    outer loop
      vertex 2.3 9.35305 40.4
      vertex 2.3 10.153 40.4
      vertex 2.3 9.35305 43.6
    endloop
  endfacet
  facet normal 1 0 0
    outer loop
      vertex 2.3 6.78076 39.6
      vertex 2.3 10.153 40.4
      vertex 2.3 9.35305 40.4
    endloop
  endfacet
  facet normal 1 0 0
    outer loop
      vertex 2.3 10.153 40.4
      vertex 2.3 6.78076 39.6
      vertex 2.3 13.9659 39.6
    endloop
  endfacet
  facet normal 1 0 0
    outer loop
      vertex 2.3 6.78076 39.6
      vertex 2.3 5.98076 39.6
      vertex 2.3 6.78076 36.4
    endloop
  endfacet
  facet normal 1 0 0
    outer loop
      vertex 2.3 9.35305 40.4
      vertex 2.3 5.98076 39.6
      vertex 2.3 6.78076 39.6
    endloop
  endfacet
  facet normal 1 -0 0
    outer loop
      vertex 2.3 2 40.4
      vertex 2.3 5.98076 39.6
      vertex 2.3 9.35305 40.4
    endloop
  endfacet
  facet normal 1 0 0
    outer loop
      vertex 2.3 5.98076 39.6
      vertex 2.3 2 40.4
      vertex 2.3 2 39.6
    endloop
  endfacet
  facet normal 1 0 0
    outer loop
      vertex 2.3 20.4 36.4
      vertex 2.3 18.217 35.6
      vertex 2.3 20.4 35.6
    endloop
  endfacet
  facet normal 1 0 0
    outer loop
      vertex 2.3 18.217 35.6
      vertex 2.3 17.417 35.6
      vertex 2.3 18.217 32.4
    endloop
  endfacet
  facet normal 1 0 0
    outer loop
      vertex 2.3 20.4 36.4
      vertex 2.3 17.417 35.6
      vertex 2.3 18.217 35.6
    endloop
  endfacet
  facet normal 1 -0 0
    outer loop
      vertex 2.3 14.7659 36.4
      vertex 2.3 17.417 35.6
      vertex 2.3 20.4 36.4
    endloop
  endfacet
  facet normal 1 0 0
    outer loop
      vertex 2.3 13.9659 36.4
      vertex 2.3 14.7659 36.4
      vertex 2.3 13.9659 39.6
    endloop
  endfacet
  facet normal 1 -0 0
    outer loop
      vertex 2.3 13.9659 36.4
      vertex 2.3 17.417 35.6
      vertex 2.3 14.7659 36.4
    endloop
  endfacet
  facet normal 1 0 0
    outer loop
      vertex 2.3 13.9659 36.4
      vertex 2.3 10.7721 35.6
      vertex 2.3 17.417 35.6
    endloop
  endfacet
  facet normal 1 0 0
    outer loop
      vertex 2.3 10.7721 35.6
      vertex 2.3 9.97212 35.6
      vertex 2.3 10.7721 32.4
    endloop
  endfacet
  facet normal 1 0 0
    outer loop
      vertex 2.3 13.9659 36.4
      vertex 2.3 9.97212 35.6
      vertex 2.3 10.7721 35.6
    endloop
  endfacet
  facet normal 1 -0 0
    outer loop
      vertex 2.3 6.78076 36.4
      vertex 2.3 9.97212 35.6
      vertex 2.3 13.9659 36.4
    endloop
  endfacet
  facet normal 1 0 0
    outer loop
      vertex 2.3 5.98076 36.4
      vertex 2.3 6.78076 36.4
      vertex 2.3 5.98076 39.6
    endloop
  endfacet
  facet normal 1 -0 0
    outer loop
      vertex 2.3 5.98076 36.4
      vertex 2.3 9.97212 35.6
      vertex 2.3 6.78076 36.4
    endloop
  endfacet
  facet normal 1 0 0
    outer loop
      vertex 2.3 2 35.6
      vertex 2.3 5.98076 36.4
      vertex 2.3 2 36.4
    endloop
  endfacet
  facet normal 1 0 0
    outer loop
      vertex 2.3 5.98076 36.4
      vertex 2.3 2 35.6
      vertex 2.3 9.97212 35.6
    endloop
  endfacet
  facet normal 1 -0 0
    outer loop
      vertex 2.3 18.217 32.4
      vertex 2.3 20.4 31.6
      vertex 2.3 20.4 32.4
    endloop
  endfacet
  facet normal 1 0 0
    outer loop
      vertex 2.3 17.417 32.4
      vertex 2.3 18.217 32.4
      vertex 2.3 17.417 35.6
    endloop
  endfacet
  facet normal 1 -0 0
    outer loop
      vertex 2.3 17.417 32.4
      vertex 2.3 20.4 31.6
      vertex 2.3 18.217 32.4
    endloop
  endfacet
  facet normal 1 0 0
    outer loop
      vertex 2.3 17.417 32.4
      vertex 2.3 14.0626 31.6
      vertex 2.3 20.4 31.6
    endloop
  endfacet
  facet normal 1 0 0
    outer loop
      vertex 2.3 14.0626 31.6
      vertex 2.3 13.2626 31.6
      vertex 2.3 14.0626 28.4
    endloop
  endfacet
  facet normal 1 -0 0
    outer loop
      vertex 2.3 10.7721 32.4
      vertex 2.3 14.0626 31.6
      vertex 2.3 17.417 32.4
    endloop
  endfacet
  facet normal 1 0 0
    outer loop
      vertex 2.3 14.0626 31.6
      vertex 2.3 10.7721 32.4
      vertex 2.3 13.2626 31.6
    endloop
  endfacet
  facet normal 1 0 0
    outer loop
      vertex 2.3 9.97212 32.4
      vertex 2.3 10.7721 32.4
      vertex 2.3 9.97212 35.6
    endloop
  endfacet
  facet normal 1 -0 0
    outer loop
      vertex 2.3 9.97212 32.4
      vertex 2.3 13.2626 31.6
      vertex 2.3 10.7721 32.4
    endloop
  endfacet
  facet normal 1 0 0
    outer loop
      vertex 2.3 9.97212 32.4
      vertex 2.3 6.27753 31.6
      vertex 2.3 13.2626 31.6
    endloop
  endfacet
  facet normal 1 0 0
    outer loop
      vertex 2.3 6.27753 31.6
      vertex 2.3 5.47753 31.6
      vertex 2.3 6.27753 28.4
    endloop
  endfacet
  facet normal 1 -0 0
    outer loop
      vertex 2.3 2 32.4
      vertex 2.3 6.27753 31.6
      vertex 2.3 9.97212 32.4
    endloop
  endfacet
  facet normal 1 0 0
    outer loop
      vertex 2.3 6.27753 31.6
      vertex 2.3 2 32.4
      vertex 2.3 5.47753 31.6
    endloop
  endfacet
  facet normal 1 0 0
    outer loop
      vertex 2.3 5.47753 31.6
      vertex 2.3 2 32.4
      vertex 2.3 2 31.6
    endloop
  endfacet
  facet normal 1 0 0
    outer loop
      vertex 2.3 20.4 4.4
      vertex 2.3 18.0293 3.6
      vertex 2.3 20.4 3.6
    endloop
  endfacet
  facet normal 1 0 0
    outer loop
      vertex 2.3 18.0293 3.6
      vertex 2.3 17.2293 3.6
      vertex 2.3 18.0293 0
    endloop
  endfacet
  facet normal 1 0 0
    outer loop
      vertex 2.3 20.4 4.4
      vertex 2.3 17.2293 3.6
      vertex 2.3 18.0293 3.6
    endloop
  endfacet
  facet normal 1 -0 0
    outer loop
      vertex 2.3 14.295 4.4
      vertex 2.3 17.2293 3.6
      vertex 2.3 20.4 4.4
    endloop
  endfacet
  facet normal 1 0 0
    outer loop
      vertex 2.3 13.495 4.4
      vertex 2.3 14.295 4.4
      vertex 2.3 13.495 7.6
    endloop
  endfacet
  facet normal 1 -0 0
    outer loop
      vertex 2.3 13.495 4.4
      vertex 2.3 17.2293 3.6
      vertex 2.3 14.295 4.4
    endloop
  endfacet
  facet normal 1 0 0
    outer loop
      vertex 2.3 13.495 4.4
      vertex 2.3 10.5284 3.6
      vertex 2.3 17.2293 3.6
    endloop
  endfacet
  facet normal 1 0 0
    outer loop
      vertex 2.3 10.5284 3.6
      vertex 2.3 9.72839 3.6
      vertex 2.3 10.5284 0
    endloop
  endfacet
  facet normal 1 0 0
    outer loop
      vertex 2.3 13.495 4.4
      vertex 2.3 9.72839 3.6
      vertex 2.3 10.5284 3.6
    endloop
  endfacet
  facet normal 1 -0 0
    outer loop
      vertex 2.3 6.43584 4.4
      vertex 2.3 9.72839 3.6
      vertex 2.3 13.495 4.4
    endloop
  endfacet
  facet normal 1 0 0
    outer loop
      vertex 2.3 5.63584 4.4
      vertex 2.3 6.43584 4.4
      vertex 2.3 5.63584 7.6
    endloop
  endfacet
  facet normal 1 -0 0
    outer loop
      vertex 2.3 5.63584 4.4
      vertex 2.3 9.72839 3.6
      vertex 2.3 6.43584 4.4
    endloop
  endfacet
  facet normal 1 0 0
    outer loop
      vertex 2.3 2 3.6
      vertex 2.3 5.63584 4.4
      vertex 2.3 2 4.4
    endloop
  endfacet
  facet normal 1 0 0
    outer loop
      vertex 2.3 5.63584 4.4
      vertex 2.3 2 3.6
      vertex 2.3 9.72839 3.6
    endloop
  endfacet
  facet normal 1 0 0
    outer loop
      vertex 2.3 18.0293 0
      vertex 2.3 17.2293 3.6
      vertex 2.3 17.2293 0
    endloop
  endfacet
  facet normal 1 0 0
    outer loop
      vertex 2.3 20.4 28.4
      vertex 2.3 18.2702 27.6
      vertex 2.3 20.4 27.6
    endloop
  endfacet
  facet normal 1 0 0
    outer loop
      vertex 2.3 18.2702 27.6
      vertex 2.3 17.4702 27.6
      vertex 2.3 18.2702 24.4
    endloop
  endfacet
  facet normal 1 0 0
    outer loop
      vertex 2.3 20.4 28.4
      vertex 2.3 17.4702 27.6
      vertex 2.3 18.2702 27.6
    endloop
  endfacet
  facet normal 1 -0 0
    outer loop
      vertex 2.3 14.0626 28.4
      vertex 2.3 17.4702 27.6
      vertex 2.3 20.4 28.4
    endloop
  endfacet
  facet normal 1 0 0
    outer loop
      vertex 2.3 13.2626 28.4
      vertex 2.3 14.0626 28.4
      vertex 2.3 13.2626 31.6
    endloop
  endfacet
  facet normal 1 0 0
    outer loop
      vertex 2.3 10.3486 27.6
      vertex 2.3 14.0626 28.4
      vertex 2.3 13.2626 28.4
    endloop
  endfacet
  facet normal 1 0 0
    outer loop
      vertex 2.3 14.0626 28.4
      vertex 2.3 10.3486 27.6
      vertex 2.3 17.4702 27.6
    endloop
  endfacet
  facet normal 1 0 0
    outer loop
      vertex 2.3 10.3486 27.6
      vertex 2.3 9.54863 27.6
      vertex 2.3 10.3486 24.4
    endloop
  endfacet
  facet normal 1 0 0
    outer loop
      vertex 2.3 13.2626 28.4
      vertex 2.3 9.54863 27.6
      vertex 2.3 10.3486 27.6
    endloop
  endfacet
  facet normal 1 -0 0
    outer loop
      vertex 2.3 6.27753 28.4
      vertex 2.3 9.54863 27.6
      vertex 2.3 13.2626 28.4
    endloop
  endfacet
  facet normal 1 0 0
    outer loop
      vertex 2.3 5.47753 28.4
      vertex 2.3 6.27753 28.4
      vertex 2.3 5.47753 31.6
    endloop
  endfacet
  facet normal 1 -0 0
    outer loop
      vertex 2.3 5.47753 28.4
      vertex 2.3 9.54863 27.6
      vertex 2.3 6.27753 28.4
    endloop
  endfacet
  facet normal 1 0 0
    outer loop
      vertex 2.3 2 27.6
      vertex 2.3 5.47753 28.4
      vertex 2.3 2 28.4
    endloop
  endfacet
  facet normal 1 0 0
    outer loop
      vertex 2.3 5.47753 28.4
      vertex 2.3 2 27.6
      vertex 2.3 9.54863 27.6
    endloop
  endfacet
  facet normal 1 -0 0
    outer loop
      vertex 2.3 18.2702 24.4
      vertex 2.3 20.4 23.6
      vertex 2.3 20.4 24.4
    endloop
  endfacet
  facet normal 1 0 0
    outer loop
      vertex 2.3 17.4702 24.4
      vertex 2.3 18.2702 24.4
      vertex 2.3 17.4702 27.6
    endloop
  endfacet
  facet normal 1 -0 0
    outer loop
      vertex 2.3 17.4702 24.4
      vertex 2.3 20.4 23.6
      vertex 2.3 18.2702 24.4
    endloop
  endfacet
  facet normal 1 0 0
    outer loop
      vertex 2.3 17.4702 24.4
      vertex 2.3 14.5355 23.6
      vertex 2.3 20.4 23.6
    endloop
  endfacet
  facet normal 1 0 0
    outer loop
      vertex 2.3 14.5355 23.6
      vertex 2.3 13.7355 23.6
      vertex 2.3 14.5355 20.4
    endloop
  endfacet
  facet normal 1 0 0
    outer loop
      vertex 2.3 17.4702 24.4
      vertex 2.3 13.7355 23.6
      vertex 2.3 14.5355 23.6
    endloop
  endfacet
  facet normal 1 -0 0
    outer loop
      vertex 2.3 10.3486 24.4
      vertex 2.3 13.7355 23.6
      vertex 2.3 17.4702 24.4
    endloop
  endfacet
  facet normal 1 0 0
    outer loop
      vertex 2.3 9.54863 24.4
      vertex 2.3 10.3486 24.4
      vertex 2.3 9.54863 27.6
    endloop
  endfacet
  facet normal 1 -0 0
    outer loop
      vertex 2.3 9.54863 24.4
      vertex 2.3 13.7355 23.6
      vertex 2.3 10.3486 24.4
    endloop
  endfacet
  facet normal 1 0 0
    outer loop
      vertex 2.3 9.54863 24.4
      vertex 2.3 6.15975 23.6
      vertex 2.3 13.7355 23.6
    endloop
  endfacet
  facet normal 1 0 0
    outer loop
      vertex 2.3 6.15975 23.6
      vertex 2.3 5.35975 23.6
      vertex 2.3 6.15975 20.4
    endloop
  endfacet
  facet normal 1 0 0
    outer loop
      vertex 2.3 9.54863 24.4
      vertex 2.3 5.35975 23.6
      vertex 2.3 6.15975 23.6
    endloop
  endfacet
  facet normal 1 -0 0
    outer loop
      vertex 2.3 2 24.4
      vertex 2.3 5.35975 23.6
      vertex 2.3 9.54863 24.4
    endloop
  endfacet
  facet normal 1 0 0
    outer loop
      vertex 2.3 5.35975 23.6
      vertex 2.3 2 24.4
      vertex 2.3 2 23.6
    endloop
  endfacet
  facet normal 1 0 0
    outer loop
      vertex 2.3 20.4 20.4
      vertex 2.3 18.1473 19.6
      vertex 2.3 20.4 19.6
    endloop
  endfacet
  facet normal 1 0 0
    outer loop
      vertex 2.3 18.1473 19.6
      vertex 2.3 17.3473 19.6
      vertex 2.3 18.1473 16.4
    endloop
  endfacet
  facet normal 1 0 0
    outer loop
      vertex 2.3 20.4 20.4
      vertex 2.3 17.3473 19.6
      vertex 2.3 18.1473 19.6
    endloop
  endfacet
  facet normal 1 -0 0
    outer loop
      vertex 2.3 14.5355 20.4
      vertex 2.3 17.3473 19.6
      vertex 2.3 20.4 20.4
    endloop
  endfacet
  facet normal 1 0 0
    outer loop
      vertex 2.3 13.7355 20.4
      vertex 2.3 14.5355 20.4
      vertex 2.3 13.7355 23.6
    endloop
  endfacet
  facet normal 1 -0 0
    outer loop
      vertex 2.3 13.7355 20.4
      vertex 2.3 17.3473 19.6
      vertex 2.3 14.5355 20.4
    endloop
  endfacet
  facet normal 1 0 0
    outer loop
      vertex 2.3 13.7355 20.4
      vertex 2.3 10.6501 19.6
      vertex 2.3 17.3473 19.6
    endloop
  endfacet
  facet normal 1 0 0
    outer loop
      vertex 2.3 10.6501 19.6
      vertex 2.3 9.85013 19.6
      vertex 2.3 10.6501 16.4
    endloop
  endfacet
  facet normal 1 0 0
    outer loop
      vertex 2.3 13.7355 20.4
      vertex 2.3 9.85013 19.6
      vertex 2.3 10.6501 19.6
    endloop
  endfacet
  facet normal 1 -0 0
    outer loop
      vertex 2.3 6.15975 20.4
      vertex 2.3 9.85013 19.6
      vertex 2.3 13.7355 20.4
    endloop
  endfacet
  facet normal 1 0 0
    outer loop
      vertex 2.3 5.35975 20.4
      vertex 2.3 6.15975 20.4
      vertex 2.3 5.35975 23.6
    endloop
  endfacet
  facet normal 1 0 0
    outer loop
      vertex 2.3 2 19.6
      vertex 2.3 6.15975 20.4
      vertex 2.3 5.35975 20.4
    endloop
  endfacet
  facet normal 1 0 0
    outer loop
      vertex 2.3 2 19.6
      vertex 2.3 5.35975 20.4
      vertex 2.3 2 20.4
    endloop
  endfacet
  facet normal 1 0 0
    outer loop
      vertex 2.3 6.15975 20.4
      vertex 2.3 2 19.6
      vertex 2.3 9.85013 19.6
    endloop
  endfacet
  facet normal 1 -0 0
    outer loop
      vertex 2.3 18.1473 16.4
      vertex 2.3 20.4 15.6
      vertex 2.3 20.4 16.4
    endloop
  endfacet
  facet normal 1 0 0
    outer loop
      vertex 2.3 17.3473 16.4
      vertex 2.3 18.1473 16.4
      vertex 2.3 17.3473 19.6
    endloop
  endfacet
  facet normal 1 -0 0
    outer loop
      vertex 2.3 17.3473 16.4
      vertex 2.3 20.4 15.6
      vertex 2.3 18.1473 16.4
    endloop
  endfacet
  facet normal 1 0 0
    outer loop
      vertex 2.3 17.3473 16.4
      vertex 2.3 14.3459 15.6
      vertex 2.3 20.4 15.6
    endloop
  endfacet
  facet normal 1 0 0
    outer loop
      vertex 2.3 14.3459 15.6
      vertex 2.3 13.5459 15.6
      vertex 2.3 14.3459 12.4
    endloop
  endfacet
  facet normal 1 0 0
    outer loop
      vertex 2.3 17.3473 16.4
      vertex 2.3 13.5459 15.6
      vertex 2.3 14.3459 15.6
    endloop
  endfacet
  facet normal 1 -0 0
    outer loop
      vertex 2.3 10.6501 16.4
      vertex 2.3 13.5459 15.6
      vertex 2.3 17.3473 16.4
    endloop
  endfacet
  facet normal 1 0 0
    outer loop
      vertex 2.3 9.85013 16.4
      vertex 2.3 10.6501 16.4
      vertex 2.3 9.85013 19.6
    endloop
  endfacet
  facet normal 1 -0 0
    outer loop
      vertex 2.3 9.85013 16.4
      vertex 2.3 13.5459 15.6
      vertex 2.3 10.6501 16.4
    endloop
  endfacet
  facet normal 1 0 0
    outer loop
      vertex 2.3 9.85013 16.4
      vertex 2.3 6.00472 15.6
      vertex 2.3 13.5459 15.6
    endloop
  endfacet
  facet normal 1 0 0
    outer loop
      vertex 2.3 6.00472 15.6
      vertex 2.3 5.20472 15.6
      vertex 2.3 6.00472 12.4
    endloop
  endfacet
  facet normal 1 -0 0
    outer loop
      vertex 2.3 2 16.4
      vertex 2.3 6.00472 15.6
      vertex 2.3 9.85013 16.4
    endloop
  endfacet
  facet normal 1 0 0
    outer loop
      vertex 2.3 6.00472 15.6
      vertex 2.3 2 16.4
      vertex 2.3 5.20472 15.6
    endloop
  endfacet
  facet normal 1 0 0
    outer loop
      vertex 2.3 5.20472 15.6
      vertex 2.3 2 16.4
      vertex 2.3 2 15.6
    endloop
  endfacet
  facet normal 1 0 0
    outer loop
      vertex 2.3 20.4 12.4
      vertex 2.3 18.6623 11.6
      vertex 2.3 20.4 11.6
    endloop
  endfacet
  facet normal 1 0 0
    outer loop
      vertex 2.3 18.6623 11.6
      vertex 2.3 17.8623 11.6
      vertex 2.3 18.6623 8.4
    endloop
  endfacet
  facet normal 1 0 0
    outer loop
      vertex 2.3 20.4 12.4
      vertex 2.3 17.8623 11.6
      vertex 2.3 18.6623 11.6
    endloop
  endfacet
  facet normal 1 -0 0
    outer loop
      vertex 2.3 14.3459 12.4
      vertex 2.3 17.8623 11.6
      vertex 2.3 20.4 12.4
    endloop
  endfacet
  facet normal 1 0 0
    outer loop
      vertex 2.3 13.5459 12.4
      vertex 2.3 14.3459 12.4
      vertex 2.3 13.5459 15.6
    endloop
  endfacet
  facet normal 1 0 0
    outer loop
      vertex 2.3 10.3645 11.6
      vertex 2.3 14.3459 12.4
      vertex 2.3 13.5459 12.4
    endloop
  endfacet
  facet normal 1 0 0
    outer loop
      vertex 2.3 14.3459 12.4
      vertex 2.3 10.3645 11.6
      vertex 2.3 17.8623 11.6
    endloop
  endfacet
  facet normal 1 0 0
    outer loop
      vertex 2.3 10.3645 11.6
      vertex 2.3 9.56445 11.6
      vertex 2.3 10.3645 8.4
    endloop
  endfacet
  facet normal 1 0 0
    outer loop
      vertex 2.3 13.5459 12.4
      vertex 2.3 9.56445 11.6
      vertex 2.3 10.3645 11.6
    endloop
  endfacet
  facet normal 1 -0 0
    outer loop
      vertex 2.3 6.00472 12.4
      vertex 2.3 9.56445 11.6
      vertex 2.3 13.5459 12.4
    endloop
  endfacet
  facet normal 1 0 0
    outer loop
      vertex 2.3 5.20472 12.4
      vertex 2.3 6.00472 12.4
      vertex 2.3 5.20472 15.6
    endloop
  endfacet
  facet normal 1 0 0
    outer loop
      vertex 2.3 2 11.6
      vertex 2.3 6.00472 12.4
      vertex 2.3 5.20472 12.4
    endloop
  endfacet
  facet normal 1 0 0
    outer loop
      vertex 2.3 2 11.6
      vertex 2.3 5.20472 12.4
      vertex 2.3 2 12.4
    endloop
  endfacet
  facet normal 1 0 0
    outer loop
      vertex 2.3 6.00472 12.4
      vertex 2.3 2 11.6
      vertex 2.3 9.56445 11.6
    endloop
  endfacet
  facet normal 1 -0 0
    outer loop
      vertex 2.3 18.6623 8.4
      vertex 2.3 20.4 7.6
      vertex 2.3 20.4 8.4
    endloop
  endfacet
  facet normal 1 0 0
    outer loop
      vertex 2.3 17.8623 8.4
      vertex 2.3 18.6623 8.4
      vertex 2.3 17.8623 11.6
    endloop
  endfacet
  facet normal 1 -0 0
    outer loop
      vertex 2.3 17.8623 8.4
      vertex 2.3 20.4 7.6
      vertex 2.3 18.6623 8.4
    endloop
  endfacet
  facet normal 1 0 0
    outer loop
      vertex 2.3 17.8623 8.4
      vertex 2.3 14.295 7.6
      vertex 2.3 20.4 7.6
    endloop
  endfacet
  facet normal 1 0 0
    outer loop
      vertex 2.3 14.295 7.6
      vertex 2.3 13.495 7.6
      vertex 2.3 14.295 4.4
    endloop
  endfacet
  facet normal 1 -0 0
    outer loop
      vertex 2.3 10.3645 8.4
      vertex 2.3 14.295 7.6
      vertex 2.3 17.8623 8.4
    endloop
  endfacet
  facet normal 1 0 0
    outer loop
      vertex 2.3 14.295 7.6
      vertex 2.3 10.3645 8.4
      vertex 2.3 13.495 7.6
    endloop
  endfacet
  facet normal 1 0 0
    outer loop
      vertex 2.3 9.56445 8.4
      vertex 2.3 10.3645 8.4
      vertex 2.3 9.56445 11.6
    endloop
  endfacet
  facet normal 1 -0 0
    outer loop
      vertex 2.3 9.56445 8.4
      vertex 2.3 13.495 7.6
      vertex 2.3 10.3645 8.4
    endloop
  endfacet
  facet normal 1 0 0
    outer loop
      vertex 2.3 9.56445 8.4
      vertex 2.3 6.43584 7.6
      vertex 2.3 13.495 7.6
    endloop
  endfacet
  facet normal 1 0 0
    outer loop
      vertex 2.3 6.43584 7.6
      vertex 2.3 5.63584 7.6
      vertex 2.3 6.43584 4.4
    endloop
  endfacet
  facet normal 1 0 0
    outer loop
      vertex 2.3 9.56445 8.4
      vertex 2.3 5.63584 7.6
      vertex 2.3 6.43584 7.6
    endloop
  endfacet
  facet normal 1 -0 0
    outer loop
      vertex 2.3 2 8.4
      vertex 2.3 5.63584 7.6
      vertex 2.3 9.56445 8.4
    endloop
  endfacet
  facet normal 1 0 0
    outer loop
      vertex 2.3 5.63584 7.6
      vertex 2.3 2 8.4
      vertex 2.3 2 7.6
    endloop
  endfacet
  facet normal 1 0 0
    outer loop
      vertex 2.3 10.5284 0
      vertex 2.3 9.72839 3.6
      vertex 2.3 9.72839 0
    endloop
  endfacet
  facet normal 0 0 -1
    outer loop
      vertex 2.3 2 8.4
      vertex 2.80801 9.56445 8.4
      vertex 2.80801 2 8.4
    endloop
  endfacet
  facet normal -0 0 -1
    outer loop
      vertex 2.80801 9.56445 8.4
      vertex 2.3 2 8.4
      vertex 2.3 9.56445 8.4
    endloop
  endfacet
  facet normal 0 0 -1
    outer loop
      vertex 2.3 18.6623 8.4
      vertex 2.77524 20.4 8.4
      vertex 2.77524 18.6623 8.4
    endloop
  endfacet
  facet normal -0 0 -1
    outer loop
      vertex 2.77524 20.4 8.4
      vertex 2.3 18.6623 8.4
      vertex 2.3 20.4 8.4
    endloop
  endfacet
  facet normal 0 0 -1
    outer loop
      vertex 2.3 10.3645 8.4
      vertex 3 17.8623 8.4
      vertex 3 10.3645 8.4
    endloop
  endfacet
  facet normal -0 0 -1
    outer loop
      vertex 3 17.8623 8.4
      vertex 2.3 10.3645 8.4
      vertex 2.3 17.8623 8.4
    endloop
  endfacet
  facet normal -0 0 1
    outer loop
      vertex 2.3 20.4 7.6
      vertex 2.80822 14.295 7.6
      vertex 2.80822 20.4 7.6
    endloop
  endfacet
  facet normal 0 0 1
    outer loop
      vertex 2.80822 14.295 7.6
      vertex 2.3 20.4 7.6
      vertex 2.3 14.295 7.6
    endloop
  endfacet
  facet normal -0 0 1
    outer loop
      vertex 2.3 5.63584 7.6
      vertex 3 2 7.6
      vertex 3 5.63584 7.6
    endloop
  endfacet
  facet normal 0 0 1
    outer loop
      vertex 3 2 7.6
      vertex 2.3 5.63584 7.6
      vertex 2.3 2 7.6
    endloop
  endfacet
  facet normal -0 0 1
    outer loop
      vertex 2.3 13.495 7.6
      vertex 3 6.43584 7.6
      vertex 3 13.495 7.6
    endloop
  endfacet
  facet normal 0 0 1
    outer loop
      vertex 3 6.43584 7.6
      vertex 2.3 13.495 7.6
      vertex 2.3 6.43584 7.6
    endloop
  endfacet
  facet normal 0 1 0
    outer loop
      vertex 3 2 12.4
      vertex 2.80801 2 11.6
      vertex 2.3 2 12.4
    endloop
  endfacet
  facet normal 0 1 0
    outer loop
      vertex 3 2 12.4
      vertex 2.80801 2 8.4
      vertex 2.80801 2 11.6
    endloop
  endfacet
  facet normal 0 1 -0
    outer loop
      vertex 3 2 7.6
      vertex 2.80801 2 8.4
      vertex 3 2 12.4
    endloop
  endfacet
  facet normal 0 1 0
    outer loop
      vertex 2.3 2 7.6
      vertex 2.80801 2 8.4
      vertex 3 2 7.6
    endloop
  endfacet
  facet normal 0 1 0
    outer loop
      vertex 2.80801 2 8.4
      vertex 2.3 2 7.6
      vertex 2.3 2 8.4
    endloop
  endfacet
  facet normal 0 1 0
    outer loop
      vertex 2.3 2 12.4
      vertex 2.80801 2 11.6
      vertex 2.3 2 11.6
    endloop
  endfacet
  facet normal 0 0 -1
    outer loop
      vertex 2.3 2 12.4
      vertex 3 5.20472 12.4
      vertex 3 2 12.4
    endloop
  endfacet
  facet normal -0 0 -1
    outer loop
      vertex 3 5.20472 12.4
      vertex 2.3 2 12.4
      vertex 2.3 5.20472 12.4
    endloop
  endfacet
  facet normal 0 0 -1
    outer loop
      vertex 2.3 14.3459 12.4
      vertex 2.73776 20.4 12.4
      vertex 2.73776 14.3459 12.4
    endloop
  endfacet
  facet normal -0 0 -1
    outer loop
      vertex 2.73776 20.4 12.4
      vertex 2.3 14.3459 12.4
      vertex 2.3 20.4 12.4
    endloop
  endfacet
  facet normal 0 0 -1
    outer loop
      vertex 2.3 6.00472 12.4
      vertex 3 13.5459 12.4
      vertex 3 6.00472 12.4
    endloop
  endfacet
  facet normal -0 0 -1
    outer loop
      vertex 3 13.5459 12.4
      vertex 2.3 6.00472 12.4
      vertex 2.3 13.5459 12.4
    endloop
  endfacet
  facet normal -0 0 1
    outer loop
      vertex 2.3 20.4 11.6
      vertex 2.77524 18.6623 11.6
      vertex 2.77524 20.4 11.6
    endloop
  endfacet
  facet normal 0 0 1
    outer loop
      vertex 2.77524 18.6623 11.6
      vertex 2.3 20.4 11.6
      vertex 2.3 18.6623 11.6
    endloop
  endfacet
  facet normal -0 0 1
    outer loop
      vertex 2.3 9.56445 11.6
      vertex 2.80801 2 11.6
      vertex 2.80801 9.56445 11.6
    endloop
  endfacet
  facet normal 0 0 1
    outer loop
      vertex 2.80801 2 11.6
      vertex 2.3 9.56445 11.6
      vertex 2.3 2 11.6
    endloop
  endfacet
  facet normal -0 0 1
    outer loop
      vertex 2.3 17.8623 11.6
      vertex 3 10.3645 11.6
      vertex 3 17.8623 11.6
    endloop
  endfacet
  facet normal 0 0 1
    outer loop
      vertex 3 10.3645 11.6
      vertex 2.3 17.8623 11.6
      vertex 2.3 10.3645 11.6
    endloop
  endfacet
  facet normal 0 0 -1
    outer loop
      vertex 2.3 18.1473 16.4
      vertex 3 20.4 16.4
      vertex 3 18.1473 16.4
    endloop
  endfacet
  facet normal -0 0 -1
    outer loop
      vertex 3 20.4 16.4
      vertex 2.3 18.1473 16.4
      vertex 2.3 20.4 16.4
    endloop
  endfacet
  facet normal 0 0 -1
    outer loop
      vertex 2.3 2 16.4
      vertex 2.75582 9.85013 16.4
      vertex 2.75582 2 16.4
    endloop
  endfacet
  facet normal -0 0 -1
    outer loop
      vertex 2.75582 9.85013 16.4
      vertex 2.3 2 16.4
      vertex 2.3 9.85013 16.4
    endloop
  endfacet
  facet normal 0 0 -1
    outer loop
      vertex 2.3 10.6501 16.4
      vertex 3 17.3473 16.4
      vertex 3 10.6501 16.4
    endloop
  endfacet
  facet normal -0 0 -1
    outer loop
      vertex 3 17.3473 16.4
      vertex 2.3 10.6501 16.4
      vertex 2.3 17.3473 16.4
    endloop
  endfacet
  facet normal -0 0 1
    outer loop
      vertex 2.3 20.4 15.6
      vertex 2.73776 14.3459 15.6
      vertex 2.73776 20.4 15.6
    endloop
  endfacet
  facet normal 0 0 1
    outer loop
      vertex 2.73776 14.3459 15.6
      vertex 2.3 20.4 15.6
      vertex 2.3 14.3459 15.6
    endloop
  endfacet
  facet normal -0 0 1
    outer loop
      vertex 2.3 5.20472 15.6
      vertex 3 2 15.6
      vertex 3 5.20472 15.6
    endloop
  endfacet
  facet normal 0 0 1
    outer loop
      vertex 3 2 15.6
      vertex 2.3 5.20472 15.6
      vertex 2.3 2 15.6
    endloop
  endfacet
  facet normal -0 0 1
    outer loop
      vertex 2.3 13.5459 15.6
      vertex 3 6.00472 15.6
      vertex 3 13.5459 15.6
    endloop
  endfacet
  facet normal 0 0 1
    outer loop
      vertex 3 6.00472 15.6
      vertex 2.3 13.5459 15.6
      vertex 2.3 6.00472 15.6
    endloop
  endfacet
  facet normal 0 1 0
    outer loop
      vertex 3 2 20.4
      vertex 2.75582 2 19.6
      vertex 2.3 2 20.4
    endloop
  endfacet
  facet normal 0 1 0
    outer loop
      vertex 3 2 20.4
      vertex 2.75582 2 16.4
      vertex 2.75582 2 19.6
    endloop
  endfacet
  facet normal 0 1 -0
    outer loop
      vertex 3 2 15.6
      vertex 2.75582 2 16.4
      vertex 3 2 20.4
    endloop
  endfacet
  facet normal 0 1 0
    outer loop
      vertex 2.3 2 15.6
      vertex 2.75582 2 16.4
      vertex 3 2 15.6
    endloop
  endfacet
  facet normal 0 1 0
    outer loop
      vertex 2.75582 2 16.4
      vertex 2.3 2 15.6
      vertex 2.3 2 16.4
    endloop
  endfacet
  facet normal 0 1 0
    outer loop
      vertex 2.3 2 20.4
      vertex 2.75582 2 19.6
      vertex 2.3 2 19.6
    endloop
  endfacet
  facet normal 0 -1 0
    outer loop
      vertex 2.3 20.4 19.6
      vertex 3 20.4 20.4
      vertex 2.3 20.4 20.4
    endloop
  endfacet
  facet normal 0 -1 -0
    outer loop
      vertex 3 20.4 20.4
      vertex 2.3 20.4 19.6
      vertex 3 20.4 19.6
    endloop
  endfacet
  facet normal 0 0 -1
    outer loop
      vertex 2.3 2 20.4
      vertex 3 5.35975 20.4
      vertex 3 2 20.4
    endloop
  endfacet
  facet normal -0 0 -1
    outer loop
      vertex 3 5.35975 20.4
      vertex 2.3 2 20.4
      vertex 2.3 5.35975 20.4
    endloop
  endfacet
  facet normal 0 0 -1
    outer loop
      vertex 2.3 14.5355 20.4
      vertex 3 20.4 20.4
      vertex 3 14.5355 20.4
    endloop
  endfacet
  facet normal -0 0 -1
    outer loop
      vertex 3 20.4 20.4
      vertex 2.3 14.5355 20.4
      vertex 2.3 20.4 20.4
    endloop
  endfacet
  facet normal 0 0 -1
    outer loop
      vertex 2.3 6.15975 20.4
      vertex 2.71865 13.7355 20.4
      vertex 2.71865 6.15975 20.4
    endloop
  endfacet
  facet normal -0 0 -1
    outer loop
      vertex 2.71865 13.7355 20.4
      vertex 2.3 6.15975 20.4
      vertex 2.3 13.7355 20.4
    endloop
  endfacet
  facet normal -0 0 1
    outer loop
      vertex 2.3 20.4 19.6
      vertex 3 18.1473 19.6
      vertex 3 20.4 19.6
    endloop
  endfacet
  facet normal 0 0 1
    outer loop
      vertex 3 18.1473 19.6
      vertex 2.3 20.4 19.6
      vertex 2.3 18.1473 19.6
    endloop
  endfacet
  facet normal -0 0 1
    outer loop
      vertex 2.3 9.85013 19.6
      vertex 2.75582 2 19.6
      vertex 2.75582 9.85013 19.6
    endloop
  endfacet
  facet normal 0 0 1
    outer loop
      vertex 2.75582 2 19.6
      vertex 2.3 9.85013 19.6
      vertex 2.3 2 19.6
    endloop
  endfacet
  facet normal -0 0 1
    outer loop
      vertex 2.3 17.3473 19.6
      vertex 3 10.6501 19.6
      vertex 3 17.3473 19.6
    endloop
  endfacet
  facet normal 0 0 1
    outer loop
      vertex 3 10.6501 19.6
      vertex 2.3 17.3473 19.6
      vertex 2.3 10.6501 19.6
    endloop
  endfacet
  facet normal 0 -1 0
    outer loop
      vertex 2.3 20.4 24.4
      vertex 2.3 20.4 23.6
      vertex 2.76524 20.4 24.4
    endloop
  endfacet
  facet normal 0 -1 0
    outer loop
      vertex 2.3 20.4 28.4
      vertex 2.3 20.4 27.6
      vertex 2.72172 20.4 28.4
    endloop
  endfacet
  facet normal 0 -1 0
    outer loop
      vertex 2.72172 20.4 31.6
      vertex 2.3 20.4 32.4
      vertex 2.3 20.4 31.6
    endloop
  endfacet
  facet normal 0 -1 0
    outer loop
      vertex 2.3 20.4 32.4
      vertex 2.72172 20.4 31.6
      vertex 3 20.4 32.4
    endloop
  endfacet
  facet normal 0 -1 0
    outer loop
      vertex 2.72172 20.4 28.4
      vertex 3 20.4 32.4
      vertex 2.72172 20.4 31.6
    endloop
  endfacet
  facet normal 0 -1 0
    outer loop
      vertex 2.76524 20.4 27.6
      vertex 2.72172 20.4 28.4
      vertex 2.3 20.4 27.6
    endloop
  endfacet
  facet normal 0 -1 0
    outer loop
      vertex 2.76524 20.4 27.6
      vertex 3 20.4 32.4
      vertex 2.72172 20.4 28.4
    endloop
  endfacet
  facet normal 0 -1 0
    outer loop
      vertex 3 20.4 23.6
      vertex 2.76524 20.4 27.6
      vertex 2.76524 20.4 24.4
    endloop
  endfacet
  facet normal 0 -1 0
    outer loop
      vertex 2.76524 20.4 27.6
      vertex 3 20.4 23.6
      vertex 3 20.4 32.4
    endloop
  endfacet
  facet normal 0 -1 0
    outer loop
      vertex 3 20.4 23.6
      vertex 2.76524 20.4 24.4
      vertex 2.3 20.4 23.6
    endloop
  endfacet
  facet normal 0 0 -1
    outer loop
      vertex 2.3 2 24.4
      vertex 3 9.54863 24.4
      vertex 3 2 24.4
    endloop
  endfacet
  facet normal -0 0 -1
    outer loop
      vertex 3 9.54863 24.4
      vertex 2.3 2 24.4
      vertex 2.3 9.54863 24.4
    endloop
  endfacet
  facet normal 0 0 -1
    outer loop
      vertex 2.3 18.2702 24.4
      vertex 2.76524 20.4 24.4
      vertex 2.76524 18.2702 24.4
    endloop
  endfacet
  facet normal -0 0 -1
    outer loop
      vertex 2.76524 20.4 24.4
      vertex 2.3 18.2702 24.4
      vertex 2.3 20.4 24.4
    endloop
  endfacet
  facet normal 0 0 -1
    outer loop
      vertex 2.3 10.3486 24.4
      vertex 3 17.4702 24.4
      vertex 3 10.3486 24.4
    endloop
  endfacet
  facet normal -0 0 -1
    outer loop
      vertex 3 17.4702 24.4
      vertex 2.3 10.3486 24.4
      vertex 2.3 17.4702 24.4
    endloop
  endfacet
  facet normal -0 0 1
    outer loop
      vertex 2.3 20.4 23.6
      vertex 3 14.5355 23.6
      vertex 3 20.4 23.6
    endloop
  endfacet
  facet normal 0 0 1
    outer loop
      vertex 3 14.5355 23.6
      vertex 2.3 20.4 23.6
      vertex 2.3 14.5355 23.6
    endloop
  endfacet
  facet normal -0 0 1
    outer loop
      vertex 2.3 5.35975 23.6
      vertex 3 2 23.6
      vertex 3 5.35975 23.6
    endloop
  endfacet
  facet normal 0 0 1
    outer loop
      vertex 3 2 23.6
      vertex 2.3 5.35975 23.6
      vertex 2.3 2 23.6
    endloop
  endfacet
  facet normal -0 0 1
    outer loop
      vertex 2.3 13.7355 23.6
      vertex 2.71865 6.15975 23.6
      vertex 2.71865 13.7355 23.6
    endloop
  endfacet
  facet normal 0 0 1
    outer loop
      vertex 2.71865 6.15975 23.6
      vertex 2.3 13.7355 23.6
      vertex 2.3 6.15975 23.6
    endloop
  endfacet
  facet normal 0 1 -0
    outer loop
      vertex 3 2 23.6
      vertex 2.3 2 24.4
      vertex 3 2 24.4
    endloop
  endfacet
  facet normal 0 1 0
    outer loop
      vertex 2.3 2 24.4
      vertex 3 2 23.6
      vertex 2.3 2 23.6
    endloop
  endfacet
  facet normal 0 0 -1
    outer loop
      vertex 2.3 2 28.4
      vertex 3 5.47753 28.4
      vertex 3 2 28.4
    endloop
  endfacet
  facet normal -0 0 -1
    outer loop
      vertex 3 5.47753 28.4
      vertex 2.3 2 28.4
      vertex 2.3 5.47753 28.4
    endloop
  endfacet
  facet normal 0 0 -1
    outer loop
      vertex 2.3 14.0626 28.4
      vertex 2.72172 20.4 28.4
      vertex 2.72172 14.0626 28.4
    endloop
  endfacet
  facet normal -0 0 -1
    outer loop
      vertex 2.72172 20.4 28.4
      vertex 2.3 14.0626 28.4
      vertex 2.3 20.4 28.4
    endloop
  endfacet
  facet normal 0 0 -1
    outer loop
      vertex 2.3 6.27753 28.4
      vertex 3 13.2626 28.4
      vertex 3 6.27753 28.4
    endloop
  endfacet
  facet normal -0 0 -1
    outer loop
      vertex 3 13.2626 28.4
      vertex 2.3 6.27753 28.4
      vertex 2.3 13.2626 28.4
    endloop
  endfacet
  facet normal -0 0 1
    outer loop
      vertex 2.3 20.4 27.6
      vertex 2.76524 18.2702 27.6
      vertex 2.76524 20.4 27.6
    endloop
  endfacet
  facet normal 0 0 1
    outer loop
      vertex 2.76524 18.2702 27.6
      vertex 2.3 20.4 27.6
      vertex 2.3 18.2702 27.6
    endloop
  endfacet
  facet normal -0 0 1
    outer loop
      vertex 2.3 9.54863 27.6
      vertex 3 2 27.6
      vertex 3 9.54863 27.6
    endloop
  endfacet
  facet normal 0 0 1
    outer loop
      vertex 3 2 27.6
      vertex 2.3 9.54863 27.6
      vertex 2.3 2 27.6
    endloop
  endfacet
  facet normal -0 0 1
    outer loop
      vertex 2.3 17.4702 27.6
      vertex 3 10.3486 27.6
      vertex 3 17.4702 27.6
    endloop
  endfacet
  facet normal 0 0 1
    outer loop
      vertex 3 10.3486 27.6
      vertex 2.3 17.4702 27.6
      vertex 2.3 10.3486 27.6
    endloop
  endfacet
  facet normal 0 1 -0
    outer loop
      vertex 3 2 27.6
      vertex 2.3 2 28.4
      vertex 3 2 28.4
    endloop
  endfacet
  facet normal 0 1 0
    outer loop
      vertex 2.3 2 28.4
      vertex 3 2 27.6
      vertex 2.3 2 27.6
    endloop
  endfacet
  facet normal 0 0 -1
    outer loop
      vertex 2.3 18.217 32.4
      vertex 3 20.4 32.4
      vertex 3 18.217 32.4
    endloop
  endfacet
  facet normal -0 0 -1
    outer loop
      vertex 3 20.4 32.4
      vertex 2.3 18.217 32.4
      vertex 2.3 20.4 32.4
    endloop
  endfacet
  facet normal 0 0 -1
    outer loop
      vertex 2.3 2 32.4
      vertex 2.70565 9.97212 32.4
      vertex 2.70565 2 32.4
    endloop
  endfacet
  facet normal -0 0 -1
    outer loop
      vertex 2.70565 9.97212 32.4
      vertex 2.3 2 32.4
      vertex 2.3 9.97212 32.4
    endloop
  endfacet
  facet normal 0 0 -1
    outer loop
      vertex 2.3 10.7721 32.4
      vertex 3 17.417 32.4
      vertex 3 10.7721 32.4
    endloop
  endfacet
  facet normal -0 0 -1
    outer loop
      vertex 3 17.417 32.4
      vertex 2.3 10.7721 32.4
      vertex 2.3 17.417 32.4
    endloop
  endfacet
  facet normal -0 0 1
    outer loop
      vertex 2.3 20.4 31.6
      vertex 2.72172 14.0626 31.6
      vertex 2.72172 20.4 31.6
    endloop
  endfacet
  facet normal 0 0 1
    outer loop
      vertex 2.72172 14.0626 31.6
      vertex 2.3 20.4 31.6
      vertex 2.3 14.0626 31.6
    endloop
  endfacet
  facet normal -0 0 1
    outer loop
      vertex 2.3 5.47753 31.6
      vertex 3 2 31.6
      vertex 3 5.47753 31.6
    endloop
  endfacet
  facet normal 0 0 1
    outer loop
      vertex 3 2 31.6
      vertex 2.3 5.47753 31.6
      vertex 2.3 2 31.6
    endloop
  endfacet
  facet normal -0 0 1
    outer loop
      vertex 2.3 13.2626 31.6
      vertex 3 6.27753 31.6
      vertex 3 13.2626 31.6
    endloop
  endfacet
  facet normal 0 0 1
    outer loop
      vertex 3 6.27753 31.6
      vertex 2.3 13.2626 31.6
      vertex 2.3 6.27753 31.6
    endloop
  endfacet
  facet normal 0 1 0
    outer loop
      vertex 3 2 36.4
      vertex 2.70565 2 35.6
      vertex 2.3 2 36.4
    endloop
  endfacet
  facet normal 0 1 0
    outer loop
      vertex 3 2 36.4
      vertex 2.70565 2 32.4
      vertex 2.70565 2 35.6
    endloop
  endfacet
  facet normal 0 1 -0
    outer loop
      vertex 3 2 31.6
      vertex 2.70565 2 32.4
      vertex 3 2 36.4
    endloop
  endfacet
  facet normal 0 1 0
    outer loop
      vertex 2.3 2 31.6
      vertex 2.70565 2 32.4
      vertex 3 2 31.6
    endloop
  endfacet
  facet normal 0 1 0
    outer loop
      vertex 2.70565 2 32.4
      vertex 2.3 2 31.6
      vertex 2.3 2 32.4
    endloop
  endfacet
  facet normal 0 1 0
    outer loop
      vertex 2.3 2 36.4
      vertex 2.70565 2 35.6
      vertex 2.3 2 35.6
    endloop
  endfacet
  facet normal 0 -1 0
    outer loop
      vertex 2.3 20.4 35.6
      vertex 3 20.4 36.4
      vertex 2.3 20.4 36.4
    endloop
  endfacet
  facet normal 0 -1 -0
    outer loop
      vertex 3 20.4 36.4
      vertex 2.3 20.4 35.6
      vertex 3 20.4 35.6
    endloop
  endfacet
  facet normal 0 0 -1
    outer loop
      vertex 2.3 2 36.4
      vertex 3 5.98076 36.4
      vertex 3 2 36.4
    endloop
  endfacet
  facet normal -0 0 -1
    outer loop
      vertex 3 5.98076 36.4
      vertex 2.3 2 36.4
      vertex 2.3 5.98076 36.4
    endloop
  endfacet
  facet normal 0 0 -1
    outer loop
      vertex 2.3 14.7659 36.4
      vertex 3 20.4 36.4
      vertex 3 14.7659 36.4
    endloop
  endfacet
  facet normal -0 0 -1
    outer loop
      vertex 3 20.4 36.4
      vertex 2.3 14.7659 36.4
      vertex 2.3 20.4 36.4
    endloop
  endfacet
  facet normal 0 0 -1
    outer loop
      vertex 2.3 6.78076 36.4
      vertex 3 13.9659 36.4
      vertex 3 6.78076 36.4
    endloop
  endfacet
  facet normal -0 0 -1
    outer loop
      vertex 3 13.9659 36.4
      vertex 2.3 6.78076 36.4
      vertex 2.3 13.9659 36.4
    endloop
  endfacet
  facet normal -0 0 1
    outer loop
      vertex 2.3 20.4 35.6
      vertex 3 18.217 35.6
      vertex 3 20.4 35.6
    endloop
  endfacet
  facet normal 0 0 1
    outer loop
      vertex 3 18.217 35.6
      vertex 2.3 20.4 35.6
      vertex 2.3 18.217 35.6
    endloop
  endfacet
  facet normal -0 0 1
    outer loop
      vertex 2.3 9.97212 35.6
      vertex 2.70565 2 35.6
      vertex 2.70565 9.97212 35.6
    endloop
  endfacet
  facet normal 0 0 1
    outer loop
      vertex 2.70565 2 35.6
      vertex 2.3 9.97212 35.6
      vertex 2.3 2 35.6
    endloop
  endfacet
  facet normal -0 0 1
    outer loop
      vertex 2.3 17.417 35.6
      vertex 3 10.7721 35.6
      vertex 3 17.417 35.6
    endloop
  endfacet
  facet normal 0 0 1
    outer loop
      vertex 3 10.7721 35.6
      vertex 2.3 17.417 35.6
      vertex 2.3 10.7721 35.6
    endloop
  endfacet
  facet normal 0 -1 0
    outer loop
      vertex 2.3 20.4 40.4
      vertex 2.3 20.4 39.6
      vertex 2.76718 20.4 40.4
    endloop
  endfacet
  facet normal 0 -1 0
    outer loop
      vertex 2.76718 20.4 43.6
      vertex 2.3 20.4 44.4
      vertex 2.3 20.4 43.6
    endloop
  endfacet
  facet normal 0 -1 0
    outer loop
      vertex 2.3 20.4 44.4
      vertex 2.76718 20.4 43.6
      vertex 3 20.4 44.4
    endloop
  endfacet
  facet normal 0 -1 0
    outer loop
      vertex 2.76718 20.4 40.4
      vertex 3 20.4 44.4
      vertex 2.76718 20.4 43.6
    endloop
  endfacet
  facet normal 0 -1 0
    outer loop
      vertex 2.76718 20.4 40.4
      vertex 3 20.4 39.6
      vertex 3 20.4 44.4
    endloop
  endfacet
  facet normal 0 -1 0
    outer loop
      vertex 3 20.4 39.6
      vertex 2.76718 20.4 40.4
      vertex 2.3 20.4 39.6
    endloop
  endfacet
  facet normal 0 0 -1
    outer loop
      vertex 2.3 2 40.4
      vertex 2.7115 9.35305 40.4
      vertex 2.7115 2 40.4
    endloop
  endfacet
  facet normal -0 0 -1
    outer loop
      vertex 2.7115 9.35305 40.4
      vertex 2.3 2 40.4
      vertex 2.3 9.35305 40.4
    endloop
  endfacet
  facet normal 0 0 -1
    outer loop
      vertex 2.3 18.2827 40.4
      vertex 2.76718 20.4 40.4
      vertex 2.76718 18.2827 40.4
    endloop
  endfacet
  facet normal -0 0 -1
    outer loop
      vertex 2.76718 20.4 40.4
      vertex 2.3 18.2827 40.4
      vertex 2.3 20.4 40.4
    endloop
  endfacet
  facet normal 0 0 -1
    outer loop
      vertex 2.3 10.153 40.4
      vertex 3 17.4827 40.4
      vertex 3 10.153 40.4
    endloop
  endfacet
  facet normal -0 0 -1
    outer loop
      vertex 3 17.4827 40.4
      vertex 2.3 10.153 40.4
      vertex 2.3 17.4827 40.4
    endloop
  endfacet
  facet normal -0 0 1
    outer loop
      vertex 2.3 20.4 39.6
      vertex 3 14.7659 39.6
      vertex 3 20.4 39.6
    endloop
  endfacet
  facet normal 0 0 1
    outer loop
      vertex 3 14.7659 39.6
      vertex 2.3 20.4 39.6
      vertex 2.3 14.7659 39.6
    endloop
  endfacet
  facet normal -0 0 1
    outer loop
      vertex 2.3 5.98076 39.6
      vertex 3 2 39.6
      vertex 3 5.98076 39.6
    endloop
  endfacet
  facet normal 0 0 1
    outer loop
      vertex 3 2 39.6
      vertex 2.3 5.98076 39.6
      vertex 2.3 2 39.6
    endloop
  endfacet
  facet normal -0 0 1
    outer loop
      vertex 2.3 13.9659 39.6
      vertex 3 6.78076 39.6
      vertex 3 13.9659 39.6
    endloop
  endfacet
  facet normal 0 0 1
    outer loop
      vertex 3 6.78076 39.6
      vertex 2.3 13.9659 39.6
      vertex 2.3 6.78076 39.6
    endloop
  endfacet
  facet normal 0 1 0
    outer loop
      vertex 3 2 44.4
      vertex 2.7115 2 43.6
      vertex 2.3 2 44.4
    endloop
  endfacet
  facet normal 0 1 0
    outer loop
      vertex 3 2 44.4
      vertex 2.7115 2 40.4
      vertex 2.7115 2 43.6
    endloop
  endfacet
  facet normal 0 1 -0
    outer loop
      vertex 3 2 39.6
      vertex 2.7115 2 40.4
      vertex 3 2 44.4
    endloop
  endfacet
  facet normal 0 1 0
    outer loop
      vertex 2.3 2 39.6
      vertex 2.7115 2 40.4
      vertex 3 2 39.6
    endloop
  endfacet
  facet normal 0 1 0
    outer loop
      vertex 2.7115 2 40.4
      vertex 2.3 2 39.6
      vertex 2.3 2 40.4
    endloop
  endfacet
  facet normal 0 1 0
    outer loop
      vertex 2.3 2 44.4
      vertex 2.7115 2 43.6
      vertex 2.3 2 43.6
    endloop
  endfacet
  facet normal 0 0 -1
    outer loop
      vertex 2.3 2 44.4
      vertex 3 5.82027 44.4
      vertex 3 2 44.4
    endloop
  endfacet
  facet normal -0 0 -1
    outer loop
      vertex 3 5.82027 44.4
      vertex 2.3 2 44.4
      vertex 2.3 5.82027 44.4
    endloop
  endfacet
  facet normal 0 0 -1
    outer loop
      vertex 2.3 14.0192 44.4
      vertex 3 20.4 44.4
      vertex 3 14.0192 44.4
    endloop
  endfacet
  facet normal -0 0 -1
    outer loop
      vertex 3 20.4 44.4
      vertex 2.3 14.0192 44.4
      vertex 2.3 20.4 44.4
    endloop
  endfacet
  facet normal 0 0 -1
    outer loop
      vertex 2.3 6.62027 44.4
      vertex 3 13.2192 44.4
      vertex 3 6.62027 44.4
    endloop
  endfacet
  facet normal -0 0 -1
    outer loop
      vertex 3 13.2192 44.4
      vertex 2.3 6.62027 44.4
      vertex 2.3 13.2192 44.4
    endloop
  endfacet
  facet normal -0 0 1
    outer loop
      vertex 2.3 20.4 43.6
      vertex 2.76718 18.2827 43.6
      vertex 2.76718 20.4 43.6
    endloop
  endfacet
  facet normal 0 0 1
    outer loop
      vertex 2.76718 18.2827 43.6
      vertex 2.3 20.4 43.6
      vertex 2.3 18.2827 43.6
    endloop
  endfacet
  facet normal -0 0 1
    outer loop
      vertex 2.3 9.35305 43.6
      vertex 2.7115 2 43.6
      vertex 2.7115 9.35305 43.6
    endloop
  endfacet
  facet normal 0 0 1
    outer loop
      vertex 2.7115 2 43.6
      vertex 2.3 9.35305 43.6
      vertex 2.3 2 43.6
    endloop
  endfacet
  facet normal -0 0 1
    outer loop
      vertex 2.3 17.4827 43.6
      vertex 3 10.153 43.6
      vertex 3 17.4827 43.6
    endloop
  endfacet
  facet normal 0 0 1
    outer loop
      vertex 3 10.153 43.6
      vertex 2.3 17.4827 43.6
      vertex 2.3 10.153 43.6
    endloop
  endfacet
  facet normal 0 -1 0
    outer loop
      vertex 2.3 10.5284 0
      vertex 2.78854 10.5284 3.6
      vertex 2.3 10.5284 3.6
    endloop
  endfacet
  facet normal 0 -1 -0
    outer loop
      vertex 2.78854 10.5284 3.6
      vertex 2.3 10.5284 0
      vertex 2.78854 10.5284 0
    endloop
  endfacet
  facet normal 0 1 -0
    outer loop
      vertex 2.78014 9.72839 0
      vertex 2.3 9.72839 3.6
      vertex 2.78014 9.72839 3.6
    endloop
  endfacet
  facet normal 0 1 0
    outer loop
      vertex 2.3 9.72839 3.6
      vertex 2.78014 9.72839 0
      vertex 2.3 9.72839 0
    endloop
  endfacet
  facet normal 0 -1 0
    outer loop
      vertex 2.3 18.0293 0
      vertex 3 18.0293 3.6
      vertex 2.3 18.0293 3.6
    endloop
  endfacet
  facet normal 0 -1 -0
    outer loop
      vertex 3 18.0293 3.6
      vertex 2.3 18.0293 0
      vertex 3 18.0293 0
    endloop
  endfacet
  facet normal 0 1 -0
    outer loop
      vertex 2.78854 17.2293 0
      vertex 2.3 17.2293 3.6
      vertex 2.78854 17.2293 3.6
    endloop
  endfacet
  facet normal 0 1 0
    outer loop
      vertex 2.3 17.2293 3.6
      vertex 2.78854 17.2293 0
      vertex 2.3 17.2293 0
    endloop
  endfacet
  facet normal 0 -1 0
    outer loop
      vertex 2.3 6.43584 4.4
      vertex 3 6.43584 7.6
      vertex 2.3 6.43584 7.6
    endloop
  endfacet
  facet normal 0 -1 -0
    outer loop
      vertex 3 6.43584 7.6
      vertex 2.3 6.43584 4.4
      vertex 3 6.43584 4.4
    endloop
  endfacet
  facet normal 0 1 -0
    outer loop
      vertex 3 5.63584 4.4
      vertex 2.3 5.63584 7.6
      vertex 3 5.63584 7.6
    endloop
  endfacet
  facet normal 0 1 0
    outer loop
      vertex 2.3 5.63584 7.6
      vertex 3 5.63584 4.4
      vertex 2.3 5.63584 4.4
    endloop
  endfacet
  facet normal 0 -1 0
    outer loop
      vertex 2.3 14.295 4.4
      vertex 2.80822 14.295 7.6
      vertex 2.3 14.295 7.6
    endloop
  endfacet
  facet normal 0 -1 -0
    outer loop
      vertex 2.80822 14.295 7.6
      vertex 2.3 14.295 4.4
      vertex 2.80822 14.295 4.4
    endloop
  endfacet
  facet normal 0 1 -0
    outer loop
      vertex 3 13.495 4.4
      vertex 2.3 13.495 7.6
      vertex 3 13.495 7.6
    endloop
  endfacet
  facet normal 0 1 0
    outer loop
      vertex 2.3 13.495 7.6
      vertex 3 13.495 4.4
      vertex 2.3 13.495 4.4
    endloop
  endfacet
  facet normal 0 -1 0
    outer loop
      vertex 2.3 10.3645 8.4
      vertex 3 10.3645 11.6
      vertex 2.3 10.3645 11.6
    endloop
  endfacet
  facet normal 0 -1 -0
    outer loop
      vertex 3 10.3645 11.6
      vertex 2.3 10.3645 8.4
      vertex 3 10.3645 8.4
    endloop
  endfacet
  facet normal 0 1 -0
    outer loop
      vertex 2.80801 9.56445 8.4
      vertex 2.3 9.56445 11.6
      vertex 2.80801 9.56445 11.6
    endloop
  endfacet
  facet normal 0 1 0
    outer loop
      vertex 2.3 9.56445 11.6
      vertex 2.80801 9.56445 8.4
      vertex 2.3 9.56445 8.4
    endloop
  endfacet
  facet normal 0 -1 0
    outer loop
      vertex 2.3 18.6623 8.4
      vertex 2.77524 18.6623 11.6
      vertex 2.3 18.6623 11.6
    endloop
  endfacet
  facet normal 0 -1 -0
    outer loop
      vertex 2.77524 18.6623 11.6
      vertex 2.3 18.6623 8.4
      vertex 2.77524 18.6623 8.4
    endloop
  endfacet
  facet normal 0 1 -0
    outer loop
      vertex 3 17.8623 8.4
      vertex 2.3 17.8623 11.6
      vertex 3 17.8623 11.6
    endloop
  endfacet
  facet normal 0 1 0
    outer loop
      vertex 2.3 17.8623 11.6
      vertex 3 17.8623 8.4
      vertex 2.3 17.8623 8.4
    endloop
  endfacet
  facet normal 0 -1 0
    outer loop
      vertex 2.3 6.00472 12.4
      vertex 3 6.00472 15.6
      vertex 2.3 6.00472 15.6
    endloop
  endfacet
  facet normal 0 -1 -0
    outer loop
      vertex 3 6.00472 15.6
      vertex 2.3 6.00472 12.4
      vertex 3 6.00472 12.4
    endloop
  endfacet
  facet normal 0 1 -0
    outer loop
      vertex 3 5.20472 12.4
      vertex 2.3 5.20472 15.6
      vertex 3 5.20472 15.6
    endloop
  endfacet
  facet normal 0 1 0
    outer loop
      vertex 2.3 5.20472 15.6
      vertex 3 5.20472 12.4
      vertex 2.3 5.20472 12.4
    endloop
  endfacet
  facet normal 0 -1 0
    outer loop
      vertex 2.3 14.3459 12.4
      vertex 2.73776 14.3459 15.6
      vertex 2.3 14.3459 15.6
    endloop
  endfacet
  facet normal 0 -1 -0
    outer loop
      vertex 2.73776 14.3459 15.6
      vertex 2.3 14.3459 12.4
      vertex 2.73776 14.3459 12.4
    endloop
  endfacet
  facet normal 0 1 -0
    outer loop
      vertex 3 13.5459 12.4
      vertex 2.3 13.5459 15.6
      vertex 3 13.5459 15.6
    endloop
  endfacet
  facet normal 0 1 0
    outer loop
      vertex 2.3 13.5459 15.6
      vertex 3 13.5459 12.4
      vertex 2.3 13.5459 12.4
    endloop
  endfacet
  facet normal 0 -1 0
    outer loop
      vertex 2.3 10.6501 16.4
      vertex 3 10.6501 19.6
      vertex 2.3 10.6501 19.6
    endloop
  endfacet
  facet normal 0 -1 -0
    outer loop
      vertex 3 10.6501 19.6
      vertex 2.3 10.6501 16.4
      vertex 3 10.6501 16.4
    endloop
  endfacet
  facet normal 0 1 -0
    outer loop
      vertex 2.75582 9.85013 16.4
      vertex 2.3 9.85013 19.6
      vertex 2.75582 9.85013 19.6
    endloop
  endfacet
  facet normal 0 1 0
    outer loop
      vertex 2.3 9.85013 19.6
      vertex 2.75582 9.85013 16.4
      vertex 2.3 9.85013 16.4
    endloop
  endfacet
  facet normal 0 -1 0
    outer loop
      vertex 2.3 18.1473 16.4
      vertex 3 18.1473 19.6
      vertex 2.3 18.1473 19.6
    endloop
  endfacet
  facet normal 0 -1 -0
    outer loop
      vertex 3 18.1473 19.6
      vertex 2.3 18.1473 16.4
      vertex 3 18.1473 16.4
    endloop
  endfacet
  facet normal 0 1 -0
    outer loop
      vertex 3 17.3473 16.4
      vertex 2.3 17.3473 19.6
      vertex 3 17.3473 19.6
    endloop
  endfacet
  facet normal 0 1 0
    outer loop
      vertex 2.3 17.3473 19.6
      vertex 3 17.3473 16.4
      vertex 2.3 17.3473 16.4
    endloop
  endfacet
  facet normal 0 -1 0
    outer loop
      vertex 2.3 6.15975 20.4
      vertex 2.71865 6.15975 23.6
      vertex 2.3 6.15975 23.6
    endloop
  endfacet
  facet normal 0 -1 -0
    outer loop
      vertex 2.71865 6.15975 23.6
      vertex 2.3 6.15975 20.4
      vertex 2.71865 6.15975 20.4
    endloop
  endfacet
  facet normal 0 1 -0
    outer loop
      vertex 3 5.35975 20.4
      vertex 2.3 5.35975 23.6
      vertex 3 5.35975 23.6
    endloop
  endfacet
  facet normal 0 1 0
    outer loop
      vertex 2.3 5.35975 23.6
      vertex 3 5.35975 20.4
      vertex 2.3 5.35975 20.4
    endloop
  endfacet
  facet normal 0 -1 0
    outer loop
      vertex 2.3 14.5355 20.4
      vertex 3 14.5355 23.6
      vertex 2.3 14.5355 23.6
    endloop
  endfacet
  facet normal 0 -1 -0
    outer loop
      vertex 3 14.5355 23.6
      vertex 2.3 14.5355 20.4
      vertex 3 14.5355 20.4
    endloop
  endfacet
  facet normal 0 1 -0
    outer loop
      vertex 2.71865 13.7355 20.4
      vertex 2.3 13.7355 23.6
      vertex 2.71865 13.7355 23.6
    endloop
  endfacet
  facet normal 0 1 0
    outer loop
      vertex 2.3 13.7355 23.6
      vertex 2.71865 13.7355 20.4
      vertex 2.3 13.7355 20.4
    endloop
  endfacet
  facet normal 0 -1 0
    outer loop
      vertex 2.3 10.3486 24.4
      vertex 3 10.3486 27.6
      vertex 2.3 10.3486 27.6
    endloop
  endfacet
  facet normal 0 -1 -0
    outer loop
      vertex 3 10.3486 27.6
      vertex 2.3 10.3486 24.4
      vertex 3 10.3486 24.4
    endloop
  endfacet
  facet normal 0 1 -0
    outer loop
      vertex 3 9.54863 24.4
      vertex 2.3 9.54863 27.6
      vertex 3 9.54863 27.6
    endloop
  endfacet
  facet normal 0 1 0
    outer loop
      vertex 2.3 9.54863 27.6
      vertex 3 9.54863 24.4
      vertex 2.3 9.54863 24.4
    endloop
  endfacet
  facet normal 0 -1 0
    outer loop
      vertex 2.3 18.2702 24.4
      vertex 2.76524 18.2702 27.6
      vertex 2.3 18.2702 27.6
    endloop
  endfacet
  facet normal 0 -1 -0
    outer loop
      vertex 2.76524 18.2702 27.6
      vertex 2.3 18.2702 24.4
      vertex 2.76524 18.2702 24.4
    endloop
  endfacet
  facet normal 0 1 -0
    outer loop
      vertex 3 17.4702 24.4
      vertex 2.3 17.4702 27.6
      vertex 3 17.4702 27.6
    endloop
  endfacet
  facet normal 0 1 0
    outer loop
      vertex 2.3 17.4702 27.6
      vertex 3 17.4702 24.4
      vertex 2.3 17.4702 24.4
    endloop
  endfacet
  facet normal 0 -1 0
    outer loop
      vertex 2.3 6.27753 28.4
      vertex 3 6.27753 31.6
      vertex 2.3 6.27753 31.6
    endloop
  endfacet
  facet normal 0 -1 -0
    outer loop
      vertex 3 6.27753 31.6
      vertex 2.3 6.27753 28.4
      vertex 3 6.27753 28.4
    endloop
  endfacet
  facet normal 0 1 -0
    outer loop
      vertex 3 5.47753 28.4
      vertex 2.3 5.47753 31.6
      vertex 3 5.47753 31.6
    endloop
  endfacet
  facet normal 0 1 0
    outer loop
      vertex 2.3 5.47753 31.6
      vertex 3 5.47753 28.4
      vertex 2.3 5.47753 28.4
    endloop
  endfacet
  facet normal 0 -1 0
    outer loop
      vertex 2.3 14.0626 28.4
      vertex 2.72172 14.0626 31.6
      vertex 2.3 14.0626 31.6
    endloop
  endfacet
  facet normal 0 -1 -0
    outer loop
      vertex 2.72172 14.0626 31.6
      vertex 2.3 14.0626 28.4
      vertex 2.72172 14.0626 28.4
    endloop
  endfacet
  facet normal 0 1 -0
    outer loop
      vertex 3 13.2626 28.4
      vertex 2.3 13.2626 31.6
      vertex 3 13.2626 31.6
    endloop
  endfacet
  facet normal 0 1 0
    outer loop
      vertex 2.3 13.2626 31.6
      vertex 3 13.2626 28.4
      vertex 2.3 13.2626 28.4
    endloop
  endfacet
  facet normal 0 -1 0
    outer loop
      vertex 2.3 10.7721 32.4
      vertex 3 10.7721 35.6
      vertex 2.3 10.7721 35.6
    endloop
  endfacet
  facet normal 0 -1 -0
    outer loop
      vertex 3 10.7721 35.6
      vertex 2.3 10.7721 32.4
      vertex 3 10.7721 32.4
    endloop
  endfacet
  facet normal 0 1 -0
    outer loop
      vertex 2.70565 9.97212 32.4
      vertex 2.3 9.97212 35.6
      vertex 2.70565 9.97212 35.6
    endloop
  endfacet
  facet normal 0 1 0
    outer loop
      vertex 2.3 9.97212 35.6
      vertex 2.70565 9.97212 32.4
      vertex 2.3 9.97212 32.4
    endloop
  endfacet
  facet normal 0 -1 0
    outer loop
      vertex 2.3 18.217 32.4
      vertex 3 18.217 35.6
      vertex 2.3 18.217 35.6
    endloop
  endfacet
  facet normal 0 -1 -0
    outer loop
      vertex 3 18.217 35.6
      vertex 2.3 18.217 32.4
      vertex 3 18.217 32.4
    endloop
  endfacet
  facet normal 0 1 -0
    outer loop
      vertex 3 17.417 32.4
      vertex 2.3 17.417 35.6
      vertex 3 17.417 35.6
    endloop
  endfacet
  facet normal 0 1 0
    outer loop
      vertex 2.3 17.417 35.6
      vertex 3 17.417 32.4
      vertex 2.3 17.417 32.4
    endloop
  endfacet
  facet normal 0 -1 0
    outer loop
      vertex 2.3 6.78076 36.4
      vertex 3 6.78076 39.6
      vertex 2.3 6.78076 39.6
    endloop
  endfacet
  facet normal 0 -1 -0
    outer loop
      vertex 3 6.78076 39.6
      vertex 2.3 6.78076 36.4
      vertex 3 6.78076 36.4
    endloop
  endfacet
  facet normal 0 1 -0
    outer loop
      vertex 3 5.98076 36.4
      vertex 2.3 5.98076 39.6
      vertex 3 5.98076 39.6
    endloop
  endfacet
  facet normal 0 1 0
    outer loop
      vertex 2.3 5.98076 39.6
      vertex 3 5.98076 36.4
      vertex 2.3 5.98076 36.4
    endloop
  endfacet
  facet normal 0 -1 0
    outer loop
      vertex 2.3 14.7659 36.4
      vertex 3 14.7659 39.6
      vertex 2.3 14.7659 39.6
    endloop
  endfacet
  facet normal 0 -1 -0
    outer loop
      vertex 3 14.7659 39.6
      vertex 2.3 14.7659 36.4
      vertex 3 14.7659 36.4
    endloop
  endfacet
  facet normal 0 1 -0
    outer loop
      vertex 3 13.9659 36.4
      vertex 2.3 13.9659 39.6
      vertex 3 13.9659 39.6
    endloop
  endfacet
  facet normal 0 1 0
    outer loop
      vertex 2.3 13.9659 39.6
      vertex 3 13.9659 36.4
      vertex 2.3 13.9659 36.4
    endloop
  endfacet
  facet normal 0 -1 0
    outer loop
      vertex 2.3 10.153 40.4
      vertex 3 10.153 43.6
      vertex 2.3 10.153 43.6
    endloop
  endfacet
  facet normal 0 -1 -0
    outer loop
      vertex 3 10.153 43.6
      vertex 2.3 10.153 40.4
      vertex 3 10.153 40.4
    endloop
  endfacet
  facet normal 0 1 -0
    outer loop
      vertex 2.7115 9.35305 40.4
      vertex 2.3 9.35305 43.6
      vertex 2.7115 9.35305 43.6
    endloop
  endfacet
  facet normal 0 1 0
    outer loop
      vertex 2.3 9.35305 43.6
      vertex 2.7115 9.35305 40.4
      vertex 2.3 9.35305 40.4
    endloop
  endfacet
  facet normal 0 -1 0
    outer loop
      vertex 2.3 18.2827 40.4
      vertex 2.76718 18.2827 43.6
      vertex 2.3 18.2827 43.6
    endloop
  endfacet
  facet normal 0 -1 -0
    outer loop
      vertex 2.76718 18.2827 43.6
      vertex 2.3 18.2827 40.4
      vertex 2.76718 18.2827 40.4
    endloop
  endfacet
  facet normal 0 1 -0
    outer loop
      vertex 3 17.4827 40.4
      vertex 2.3 17.4827 43.6
      vertex 3 17.4827 43.6
    endloop
  endfacet
  facet normal 0 1 0
    outer loop
      vertex 2.3 17.4827 43.6
      vertex 3 17.4827 40.4
      vertex 2.3 17.4827 40.4
    endloop
  endfacet
  facet normal 0 -1 0
    outer loop
      vertex 2.3 6.62027 44.4
      vertex 3 6.62027 48
      vertex 2.3 6.62027 48
    endloop
  endfacet
  facet normal 0 -1 -0
    outer loop
      vertex 3 6.62027 48
      vertex 2.3 6.62027 44.4
      vertex 3 6.62027 44.4
    endloop
  endfacet
  facet normal 0 0 -1
    outer loop
      vertex 2.3 5.82027 48
      vertex 3 6.62027 48
      vertex 3 5.82027 48
    endloop
  endfacet
  facet normal -0 0 -1
    outer loop
      vertex 3 6.62027 48
      vertex 2.3 5.82027 48
      vertex 2.3 6.62027 48
    endloop
  endfacet
  facet normal 0 1 -0
    outer loop
      vertex 3 5.82027 44.4
      vertex 2.3 5.82027 48
      vertex 3 5.82027 48
    endloop
  endfacet
  facet normal 0 1 0
    outer loop
      vertex 2.3 5.82027 48
      vertex 3 5.82027 44.4
      vertex 2.3 5.82027 44.4
    endloop
  endfacet
  facet normal 0 -1 0
    outer loop
      vertex 2.3 14.0192 44.4
      vertex 3 14.0192 48
      vertex 2.3 14.0192 48
    endloop
  endfacet
  facet normal 0 -1 -0
    outer loop
      vertex 3 14.0192 48
      vertex 2.3 14.0192 44.4
      vertex 3 14.0192 44.4
    endloop
  endfacet
  facet normal 0 0 -1
    outer loop
      vertex 2.3 13.2192 48
      vertex 3 14.0192 48
      vertex 3 13.2192 48
    endloop
  endfacet
  facet normal -0 0 -1
    outer loop
      vertex 3 14.0192 48
      vertex 2.3 13.2192 48
      vertex 2.3 14.0192 48
    endloop
  endfacet
  facet normal 0 1 -0
    outer loop
      vertex 3 13.2192 44.4
      vertex 2.3 13.2192 48
      vertex 3 13.2192 48
    endloop
  endfacet
  facet normal 0 1 0
    outer loop
      vertex 2.3 13.2192 48
      vertex 3 13.2192 44.4
      vertex 2.3 13.2192 44.4
    endloop
  endfacet
  facet normal 1 -0 0
    outer loop
      vertex 2.78014 2 3.6
      vertex 2.78014 9.72839 0
      vertex 2.78014 9.72839 3.6
    endloop
  endfacet
  facet normal 1 0 0
    outer loop
      vertex 2.78014 9.72839 0
      vertex 2.78014 2 3.6
      vertex 2.78014 2 0
    endloop
  endfacet
  facet normal 1 -0 0
    outer loop
      vertex 2.78854 10.5284 3.6
      vertex 2.78854 17.2293 0
      vertex 2.78854 17.2293 3.6
    endloop
  endfacet
  facet normal 1 0 0
    outer loop
      vertex 2.78854 17.2293 0
      vertex 2.78854 10.5284 3.6
      vertex 2.78854 10.5284 0
    endloop
  endfacet
  facet normal 1 -0 0
    outer loop
      vertex 2.80801 2 11.6
      vertex 2.80801 9.56445 8.4
      vertex 2.80801 9.56445 11.6
    endloop
  endfacet
  facet normal 1 0 0
    outer loop
      vertex 2.80801 9.56445 8.4
      vertex 2.80801 2 11.6
      vertex 2.80801 2 8.4
    endloop
  endfacet
  facet normal 1 -0 0
    outer loop
      vertex 2.77524 18.6623 11.6
      vertex 2.77524 20.4 8.4
      vertex 2.77524 20.4 11.6
    endloop
  endfacet
  facet normal 1 0 0
    outer loop
      vertex 2.77524 20.4 8.4
      vertex 2.77524 18.6623 11.6
      vertex 2.77524 18.6623 8.4
    endloop
  endfacet
  facet normal 1 -0 0
    outer loop
      vertex 2.7115 2 43.6
      vertex 2.7115 9.35305 40.4
      vertex 2.7115 9.35305 43.6
    endloop
  endfacet
  facet normal 1 0 0
    outer loop
      vertex 2.7115 9.35305 40.4
      vertex 2.7115 2 43.6
      vertex 2.7115 2 40.4
    endloop
  endfacet
  facet normal 1 -0 0
    outer loop
      vertex 2.76718 18.2827 43.6
      vertex 2.76718 20.4 40.4
      vertex 2.76718 20.4 43.6
    endloop
  endfacet
  facet normal 1 0 0
    outer loop
      vertex 2.76718 20.4 40.4
      vertex 2.76718 18.2827 43.6
      vertex 2.76718 18.2827 40.4
    endloop
  endfacet
  facet normal 1 -0 0
    outer loop
      vertex 2.80822 14.295 7.6
      vertex 2.80822 20.4 4.4
      vertex 2.80822 20.4 7.6
    endloop
  endfacet
  facet normal 1 0 0
    outer loop
      vertex 2.80822 20.4 4.4
      vertex 2.80822 14.295 7.6
      vertex 2.80822 14.295 4.4
    endloop
  endfacet
  facet normal 1 -0 0
    outer loop
      vertex 2.73776 14.3459 15.6
      vertex 2.73776 20.4 12.4
      vertex 2.73776 20.4 15.6
    endloop
  endfacet
  facet normal 1 0 0
    outer loop
      vertex 2.73776 20.4 12.4
      vertex 2.73776 14.3459 15.6
      vertex 2.73776 14.3459 12.4
    endloop
  endfacet
  facet normal 1 -0 0
    outer loop
      vertex 2.75582 2 19.6
      vertex 2.75582 9.85013 16.4
      vertex 2.75582 9.85013 19.6
    endloop
  endfacet
  facet normal 1 0 0
    outer loop
      vertex 2.75582 9.85013 16.4
      vertex 2.75582 2 19.6
      vertex 2.75582 2 16.4
    endloop
  endfacet
  facet normal 1 -0 0
    outer loop
      vertex 2.71865 6.15975 23.6
      vertex 2.71865 13.7355 20.4
      vertex 2.71865 13.7355 23.6
    endloop
  endfacet
  facet normal 1 0 0
    outer loop
      vertex 2.71865 13.7355 20.4
      vertex 2.71865 6.15975 23.6
      vertex 2.71865 6.15975 20.4
    endloop
  endfacet
  facet normal 1 -0 0
    outer loop
      vertex 2.76524 18.2702 27.6
      vertex 2.76524 20.4 24.4
      vertex 2.76524 20.4 27.6
    endloop
  endfacet
  facet normal 1 0 0
    outer loop
      vertex 2.76524 20.4 24.4
      vertex 2.76524 18.2702 27.6
      vertex 2.76524 18.2702 24.4
    endloop
  endfacet
  facet normal 1 -0 0
    outer loop
      vertex 2.72172 14.0626 31.6
      vertex 2.72172 20.4 28.4
      vertex 2.72172 20.4 31.6
    endloop
  endfacet
  facet normal 1 0 0
    outer loop
      vertex 2.72172 20.4 28.4
      vertex 2.72172 14.0626 31.6
      vertex 2.72172 14.0626 28.4
    endloop
  endfacet
  facet normal 1 -0 0
    outer loop
      vertex 2.70565 2 35.6
      vertex 2.70565 9.97212 32.4
      vertex 2.70565 9.97212 35.6
    endloop
  endfacet
  facet normal 1 0 0
    outer loop
      vertex 2.70565 9.97212 32.4
      vertex 2.70565 2 35.6
      vertex 2.70565 2 32.4
    endloop
  endfacet
  facet normal 0 -1 0
    outer loop
      vertex -3 20.4 16.4
      vertex -2.83756 20.4 15.6
      vertex -2.3 20.4 16.4
    endloop
  endfacet
  facet normal 0 -1 0
    outer loop
      vertex -3 20.4 16.4
      vertex -2.83756 20.4 12.4
      vertex -2.83756 20.4 15.6
    endloop
  endfacet
  facet normal 0 -1 0
    outer loop
      vertex -2.83756 20.4 12.4
      vertex -2.73177 20.4 11.6
      vertex -2.3 20.4 12.4
    endloop
  endfacet
  facet normal 0 -1 0
    outer loop
      vertex -2.83756 20.4 12.4
      vertex -2.73177 20.4 8.4
      vertex -2.73177 20.4 11.6
    endloop
  endfacet
  facet normal 0 -1 0
    outer loop
      vertex -2.76698 20.4 7.6
      vertex -2.83756 20.4 12.4
      vertex -3 20.4 16.4
    endloop
  endfacet
  facet normal 0 -1 0
    outer loop
      vertex -2.3 20.4 7.6
      vertex -2.73177 20.4 8.4
      vertex -2.76698 20.4 7.6
    endloop
  endfacet
  facet normal 0 -1 0
    outer loop
      vertex -2.83756 20.4 12.4
      vertex -2.76698 20.4 7.6
      vertex -2.73177 20.4 8.4
    endloop
  endfacet
  facet normal 0 -1 0
    outer loop
      vertex -3 20.4 0
      vertex -2.76698 20.4 7.6
      vertex -3 20.4 16.4
    endloop
  endfacet
  facet normal 0 -1 0
    outer loop
      vertex -2.76698 20.4 4.4
      vertex -2.70108 20.4 3.6
      vertex -2.3 20.4 4.4
    endloop
  endfacet
  facet normal 0 -1 -0
    outer loop
      vertex -2.76698 20.4 7.6
      vertex -3 20.4 0
      vertex -2.76698 20.4 4.4
    endloop
  endfacet
  facet normal 0 -1 0
    outer loop
      vertex -3 20.4 0
      vertex -2.70108 20.4 3.6
      vertex -2.76698 20.4 4.4
    endloop
  endfacet
  facet normal 0 -1 -0
    outer loop
      vertex -2.70108 20.4 3.6
      vertex -3 20.4 0
      vertex -2.70108 20.4 0
    endloop
  endfacet
  facet normal 0 -1 -0
    outer loop
      vertex -2.3 20.4 16.4
      vertex -2.83756 20.4 15.6
      vertex -2.3 20.4 15.6
    endloop
  endfacet
  facet normal 0 -1 -0
    outer loop
      vertex -2.3 20.4 12.4
      vertex -2.73177 20.4 11.6
      vertex -2.3 20.4 11.6
    endloop
  endfacet
  facet normal 0 -1 0
    outer loop
      vertex -2.73177 20.4 8.4
      vertex -2.3 20.4 7.6
      vertex -2.3 20.4 8.4
    endloop
  endfacet
  facet normal 0 -1 -0
    outer loop
      vertex -2.3 20.4 4.4
      vertex -2.70108 20.4 3.6
      vertex -2.3 20.4 3.6
    endloop
  endfacet
  facet normal 0 0 -1
    outer loop
      vertex -2.76698 14.415 4.4
      vertex -2.3 20.4 4.4
      vertex -2.3 14.415 4.4
    endloop
  endfacet
  facet normal -0 0 -1
    outer loop
      vertex -2.3 20.4 4.4
      vertex -2.76698 14.415 4.4
      vertex -2.76698 20.4 4.4
    endloop
  endfacet
  facet normal 0 0 -1
    outer loop
      vertex -2.7532 6.76051 4.4
      vertex -2.3 13.615 4.4
      vertex -2.3 6.76051 4.4
    endloop
  endfacet
  facet normal -0 0 -1
    outer loop
      vertex -2.3 13.615 4.4
      vertex -2.7532 6.76051 4.4
      vertex -2.7532 13.615 4.4
    endloop
  endfacet
  facet normal -0 0 1
    outer loop
      vertex -2.70108 20.4 3.6
      vertex -2.3 18.0089 3.6
      vertex -2.3 20.4 3.6
    endloop
  endfacet
  facet normal 0 0 1
    outer loop
      vertex -2.3 18.0089 3.6
      vertex -2.70108 20.4 3.6
      vertex -2.70108 18.0089 3.6
    endloop
  endfacet
  facet normal -0 0 1
    outer loop
      vertex -2.76067 17.2089 3.6
      vertex -2.3 10.4964 3.6
      vertex -2.3 17.2089 3.6
    endloop
  endfacet
  facet normal 0 0 1
    outer loop
      vertex -2.3 10.4964 3.6
      vertex -2.76067 17.2089 3.6
      vertex -2.76067 10.4964 3.6
    endloop
  endfacet
  facet normal 0 1 0
    outer loop
      vertex -2.72804 2 3.6
      vertex -2.3 2 4.4
      vertex -2.3 2 3.6
    endloop
  endfacet
  facet normal 0 1 0
    outer loop
      vertex -2.3 2 4.4
      vertex -2.72804 2 3.6
      vertex -3.01 2 4.4
    endloop
  endfacet
  facet normal 0 1 0
    outer loop
      vertex -3.01 2 0
      vertex -2.72804 2 3.6
      vertex -2.72804 2 0
    endloop
  endfacet
  facet normal 0 1 0
    outer loop
      vertex -2.72804 2 3.6
      vertex -3.01 2 0
      vertex -3.01 2 4.4
    endloop
  endfacet
  facet normal 1 -0 0
    outer loop
      vertex -3.01 2 44.4
      vertex -3.01 2.3 43.6
      vertex -3.01 2.3 44.4
    endloop
  endfacet
  facet normal 1 0 0
    outer loop
      vertex -3.01 2.3 43.6
      vertex -3.01 2 44.4
      vertex -3.01 2.3 40.4
    endloop
  endfacet
  facet normal 1 0 0
    outer loop
      vertex -3.01 2 39.6
      vertex -3.01 2.3 40.4
      vertex -3.01 2 44.4
    endloop
  endfacet
  facet normal 1 0 0
    outer loop
      vertex -3.01 2.3 40.4
      vertex -3.01 2 39.6
      vertex -3.01 2.3 39.6
    endloop
  endfacet
  facet normal 1 -0 0
    outer loop
      vertex -3.01 2.3 43.6
      vertex -3.01 3 40.4
      vertex -3.01 3 43.6
    endloop
  endfacet
  facet normal 1 0 0
    outer loop
      vertex -3.01 3 40.4
      vertex -3.01 2.3 43.6
      vertex -3.01 2.3 40.4
    endloop
  endfacet
  facet normal 1 -0 0
    outer loop
      vertex -3.01 2 28.4
      vertex -3.01 2.3 27.6
      vertex -3.01 2.3 28.4
    endloop
  endfacet
  facet normal 1 0 0
    outer loop
      vertex -3.01 2.3 27.6
      vertex -3.01 2 28.4
      vertex -3.01 2.3 24.4
    endloop
  endfacet
  facet normal 1 0 0
    outer loop
      vertex -3.01 2 23.6
      vertex -3.01 2.3 24.4
      vertex -3.01 2 28.4
    endloop
  endfacet
  facet normal 1 0 0
    outer loop
      vertex -3.01 2.3 24.4
      vertex -3.01 2 23.6
      vertex -3.01 2.3 23.6
    endloop
  endfacet
  facet normal 1 -0 0
    outer loop
      vertex -3.01 2.3 27.6
      vertex -3.01 3 24.4
      vertex -3.01 3 27.6
    endloop
  endfacet
  facet normal 1 0 0
    outer loop
      vertex -3.01 3 24.4
      vertex -3.01 2.3 27.6
      vertex -3.01 2.3 24.4
    endloop
  endfacet
  facet normal 1 -0 0
    outer loop
      vertex -3.01 2 36.4
      vertex -3.01 2.3 35.6
      vertex -3.01 2.3 36.4
    endloop
  endfacet
  facet normal 1 0 0
    outer loop
      vertex -3.01 2.3 35.6
      vertex -3.01 2 36.4
      vertex -3.01 2.3 32.4
    endloop
  endfacet
  facet normal 1 0 0
    outer loop
      vertex -3.01 2 31.6
      vertex -3.01 2.3 32.4
      vertex -3.01 2 36.4
    endloop
  endfacet
  facet normal 1 0 0
    outer loop
      vertex -3.01 2.3 32.4
      vertex -3.01 2 31.6
      vertex -3.01 2.3 31.6
    endloop
  endfacet
  facet normal 1 -0 0
    outer loop
      vertex -3.01 2.3 35.6
      vertex -3.01 3 32.4
      vertex -3.01 3 35.6
    endloop
  endfacet
  facet normal 1 0 0
    outer loop
      vertex -3.01 3 32.4
      vertex -3.01 2.3 35.6
      vertex -3.01 2.3 32.4
    endloop
  endfacet
  facet normal 1 -0 0
    outer loop
      vertex -3.01 2 16.4
      vertex -3.01 2.3 15.6
      vertex -3.01 2.3 16.4
    endloop
  endfacet
  facet normal 1 0 0
    outer loop
      vertex -3.01 2.3 15.6
      vertex -3.01 2 16.4
      vertex -3.01 2 15.6
    endloop
  endfacet
  facet normal 1 0 0
    outer loop
      vertex -3.01 2.3 4.4
      vertex -3.01 2 4.4
      vertex -3.01 2.3 3.6
    endloop
  endfacet
  facet normal 1 -0 0
    outer loop
      vertex -3.01 2.3 3.6
      vertex -3.01 2.81809 0
      vertex -3.01 2.81809 3.6
    endloop
  endfacet
  facet normal 1 0 0
    outer loop
      vertex -3.01 2 0
      vertex -3.01 2.3 3.6
      vertex -3.01 2 4.4
    endloop
  endfacet
  facet normal 1 0 0
    outer loop
      vertex -3.01 2.3 3.6
      vertex -3.01 2 0
      vertex -3.01 2.81809 0
    endloop
  endfacet
  facet normal 1 -0 0
    outer loop
      vertex -3.01 2 12.4
      vertex -3.01 2.3 11.6
      vertex -3.01 2.3 12.4
    endloop
  endfacet
  facet normal 1 0 0
    outer loop
      vertex -3.01 2.3 11.6
      vertex -3.01 2 12.4
      vertex -3.01 2.3 8.4
    endloop
  endfacet
  facet normal 1 0 0
    outer loop
      vertex -3.01 2 7.6
      vertex -3.01 2.3 8.4
      vertex -3.01 2 12.4
    endloop
  endfacet
  facet normal 1 0 0
    outer loop
      vertex -3.01 2.3 8.4
      vertex -3.01 2 7.6
      vertex -3.01 2.3 7.6
    endloop
  endfacet
  facet normal 1 -0 0
    outer loop
      vertex -3.01 2.3 11.6
      vertex -3.01 2.79296 8.4
      vertex -3.01 2.79296 11.6
    endloop
  endfacet
  facet normal 1 0 0
    outer loop
      vertex -3.01 2.79296 8.4
      vertex -3.01 2.3 11.6
      vertex -3.01 2.3 8.4
    endloop
  endfacet
  facet normal 1 -0 0
    outer loop
      vertex -3.01 2 20.4
      vertex -3.01 2.3 19.6
      vertex -3.01 2.3 20.4
    endloop
  endfacet
  facet normal 1 0 0
    outer loop
      vertex -3.01 2.3 19.6
      vertex -3.01 2 20.4
      vertex -3.01 2 19.6
    endloop
  endfacet
  facet normal -1 0 0
    outer loop
      vertex -2.3 2 39.6
      vertex -2.3 2.3 40.4
      vertex -2.3 2.3 39.6
    endloop
  endfacet
  facet normal -1 -0 0
    outer loop
      vertex -2.3 2.3 40.4
      vertex -2.3 2 39.6
      vertex -2.3 2 40.4
    endloop
  endfacet
  facet normal -1 0 0
    outer loop
      vertex -2.3 10.4964 0
      vertex -2.3 9.69643 0
      vertex -2.3 10.4964 3.6
    endloop
  endfacet
  facet normal -1 0 0
    outer loop
      vertex -2.3 20.4 39.6
      vertex -2.3 18.0213 40.4
      vertex -2.3 20.4 40.4
    endloop
  endfacet
  facet normal -1 0 0
    outer loop
      vertex -2.3 18.0213 40.4
      vertex -2.3 17.2213 40.4
      vertex -2.3 18.0213 43.6
    endloop
  endfacet
  facet normal -1 0 0
    outer loop
      vertex -2.3 20.4 39.6
      vertex -2.3 17.2213 40.4
      vertex -2.3 18.0213 40.4
    endloop
  endfacet
  facet normal -1 0 0
    outer loop
      vertex -2.3 14.5628 39.6
      vertex -2.3 17.2213 40.4
      vertex -2.3 20.4 39.6
    endloop
  endfacet
  facet normal -1 0 0
    outer loop
      vertex -2.3 13.7628 39.6
      vertex -2.3 14.5628 39.6
      vertex -2.3 13.7628 36.4
    endloop
  endfacet
  facet normal -1 0 0
    outer loop
      vertex -2.3 13.7628 39.6
      vertex -2.3 17.2213 40.4
      vertex -2.3 14.5628 39.6
    endloop
  endfacet
  facet normal -1 0 0
    outer loop
      vertex -2.3 13.7628 39.6
      vertex -2.3 10.7298 40.4
      vertex -2.3 17.2213 40.4
    endloop
  endfacet
  facet normal -1 0 0
    outer loop
      vertex -2.3 10.7298 40.4
      vertex -2.3 9.92976 40.4
      vertex -2.3 10.7298 43.6
    endloop
  endfacet
  facet normal -1 0 0
    outer loop
      vertex -2.3 13.7628 39.6
      vertex -2.3 9.92976 40.4
      vertex -2.3 10.7298 40.4
    endloop
  endfacet
  facet normal -1 0 0
    outer loop
      vertex -2.3 6.23141 39.6
      vertex -2.3 9.92976 40.4
      vertex -2.3 13.7628 39.6
    endloop
  endfacet
  facet normal -1 0 0
    outer loop
      vertex -2.3 5.43141 39.6
      vertex -2.3 6.23141 39.6
      vertex -2.3 5.43141 36.4
    endloop
  endfacet
  facet normal -1 0 0
    outer loop
      vertex -2.3 3.01 40.4
      vertex -2.3 6.23141 39.6
      vertex -2.3 5.43141 39.6
    endloop
  endfacet
  facet normal -1 0 0
    outer loop
      vertex -2.3 3.01 40.4
      vertex -2.3 5.43141 39.6
      vertex -2.3 3.01 39.6
    endloop
  endfacet
  facet normal -1 0 0
    outer loop
      vertex -2.3 6.23141 39.6
      vertex -2.3 3.01 40.4
      vertex -2.3 9.92976 40.4
    endloop
  endfacet
  facet normal -1 0 0
    outer loop
      vertex -2.3 18.0213 43.6
      vertex -2.3 20.4 44.4
      vertex -2.3 20.4 43.6
    endloop
  endfacet
  facet normal -1 0 0
    outer loop
      vertex -2.3 17.2213 43.6
      vertex -2.3 18.0213 43.6
      vertex -2.3 17.2213 40.4
    endloop
  endfacet
  facet normal -1 0 0
    outer loop
      vertex -2.3 17.2213 43.6
      vertex -2.3 20.4 44.4
      vertex -2.3 18.0213 43.6
    endloop
  endfacet
  facet normal -1 0 0
    outer loop
      vertex -2.3 17.2213 43.6
      vertex -2.3 14.7629 44.4
      vertex -2.3 20.4 44.4
    endloop
  endfacet
  facet normal -1 0 0
    outer loop
      vertex -2.3 14.7629 44.4
      vertex -2.3 13.9629 44.4
      vertex -2.3 14.7629 48
    endloop
  endfacet
  facet normal -1 0 0
    outer loop
      vertex -2.3 17.2213 43.6
      vertex -2.3 13.9629 44.4
      vertex -2.3 14.7629 44.4
    endloop
  endfacet
  facet normal -1 0 0
    outer loop
      vertex -2.3 10.7298 43.6
      vertex -2.3 13.9629 44.4
      vertex -2.3 17.2213 43.6
    endloop
  endfacet
  facet normal -1 0 0
    outer loop
      vertex -2.3 9.92976 43.6
      vertex -2.3 10.7298 43.6
      vertex -2.3 9.92976 40.4
    endloop
  endfacet
  facet normal -1 0 0
    outer loop
      vertex -2.3 9.92976 43.6
      vertex -2.3 13.9629 44.4
      vertex -2.3 10.7298 43.6
    endloop
  endfacet
  facet normal -1 0 0
    outer loop
      vertex -2.3 9.92976 43.6
      vertex -2.3 6.52835 44.4
      vertex -2.3 13.9629 44.4
    endloop
  endfacet
  facet normal -1 0 0
    outer loop
      vertex -2.3 6.52835 44.4
      vertex -2.3 5.72835 44.4
      vertex -2.3 6.52835 48
    endloop
  endfacet
  facet normal -1 0 0
    outer loop
      vertex -2.3 3.01 43.6
      vertex -2.3 6.52835 44.4
      vertex -2.3 9.92976 43.6
    endloop
  endfacet
  facet normal -1 -0 0
    outer loop
      vertex -2.3 6.52835 44.4
      vertex -2.3 3.01 43.6
      vertex -2.3 5.72835 44.4
    endloop
  endfacet
  facet normal -1 -0 0
    outer loop
      vertex -2.3 5.72835 44.4
      vertex -2.3 3.01 43.6
      vertex -2.3 3.01 44.4
    endloop
  endfacet
  facet normal -1 0 0
    outer loop
      vertex -2.3 20.4 7.6
      vertex -2.3 18.3077 8.4
      vertex -2.3 20.4 8.4
    endloop
  endfacet
  facet normal -1 0 0
    outer loop
      vertex -2.3 18.3077 8.4
      vertex -2.3 17.5077 8.4
      vertex -2.3 18.3077 11.6
    endloop
  endfacet
  facet normal -1 0 0
    outer loop
      vertex -2.3 20.4 7.6
      vertex -2.3 17.5077 8.4
      vertex -2.3 18.3077 8.4
    endloop
  endfacet
  facet normal -1 0 0
    outer loop
      vertex -2.3 14.415 7.6
      vertex -2.3 17.5077 8.4
      vertex -2.3 20.4 7.6
    endloop
  endfacet
  facet normal -1 0 0
    outer loop
      vertex -2.3 13.615 7.6
      vertex -2.3 14.415 7.6
      vertex -2.3 13.615 4.4
    endloop
  endfacet
  facet normal -1 0 0
    outer loop
      vertex -2.3 10.6618 8.4
      vertex -2.3 14.415 7.6
      vertex -2.3 13.615 7.6
    endloop
  endfacet
  facet normal -1 0 0
    outer loop
      vertex -2.3 14.415 7.6
      vertex -2.3 10.6618 8.4
      vertex -2.3 17.5077 8.4
    endloop
  endfacet
  facet normal -1 0 0
    outer loop
      vertex -2.3 10.6618 8.4
      vertex -2.3 9.86181 8.4
      vertex -2.3 10.6618 11.6
    endloop
  endfacet
  facet normal -1 0 0
    outer loop
      vertex -2.3 13.615 7.6
      vertex -2.3 9.86181 8.4
      vertex -2.3 10.6618 8.4
    endloop
  endfacet
  facet normal -1 0 0
    outer loop
      vertex -2.3 6.76051 7.6
      vertex -2.3 9.86181 8.4
      vertex -2.3 13.615 7.6
    endloop
  endfacet
  facet normal -1 0 0
    outer loop
      vertex -2.3 5.96051 7.6
      vertex -2.3 6.76051 7.6
      vertex -2.3 5.96051 4.4
    endloop
  endfacet
  facet normal -1 0 0
    outer loop
      vertex -2.3 3.01 8.4
      vertex -2.3 6.76051 7.6
      vertex -2.3 5.96051 7.6
    endloop
  endfacet
  facet normal -1 0 0
    outer loop
      vertex -2.3 3.01 8.4
      vertex -2.3 5.96051 7.6
      vertex -2.3 3.01 7.6
    endloop
  endfacet
  facet normal -1 0 0
    outer loop
      vertex -2.3 6.76051 7.6
      vertex -2.3 3.01 8.4
      vertex -2.3 9.86181 8.4
    endloop
  endfacet
  facet normal -1 0 0
    outer loop
      vertex -2.3 18.3077 11.6
      vertex -2.3 20.4 12.4
      vertex -2.3 20.4 11.6
    endloop
  endfacet
  facet normal -1 0 0
    outer loop
      vertex -2.3 17.5077 11.6
      vertex -2.3 18.3077 11.6
      vertex -2.3 17.5077 8.4
    endloop
  endfacet
  facet normal -1 0 0
    outer loop
      vertex -2.3 17.5077 11.6
      vertex -2.3 20.4 12.4
      vertex -2.3 18.3077 11.6
    endloop
  endfacet
  facet normal -1 0 0
    outer loop
      vertex -2.3 17.5077 11.6
      vertex -2.3 14.6206 12.4
      vertex -2.3 20.4 12.4
    endloop
  endfacet
  facet normal -1 0 0
    outer loop
      vertex -2.3 14.6206 12.4
      vertex -2.3 13.8206 12.4
      vertex -2.3 14.6206 15.6
    endloop
  endfacet
  facet normal -1 0 0
    outer loop
      vertex -2.3 17.5077 11.6
      vertex -2.3 13.8206 12.4
      vertex -2.3 14.6206 12.4
    endloop
  endfacet
  facet normal -1 0 0
    outer loop
      vertex -2.3 10.6618 11.6
      vertex -2.3 13.8206 12.4
      vertex -2.3 17.5077 11.6
    endloop
  endfacet
  facet normal -1 0 0
    outer loop
      vertex -2.3 9.86181 11.6
      vertex -2.3 10.6618 11.6
      vertex -2.3 9.86181 8.4
    endloop
  endfacet
  facet normal -1 0 0
    outer loop
      vertex -2.3 9.86181 11.6
      vertex -2.3 13.8206 12.4
      vertex -2.3 10.6618 11.6
    endloop
  endfacet
  facet normal -1 0 0
    outer loop
      vertex -2.3 9.86181 11.6
      vertex -2.3 6.26439 12.4
      vertex -2.3 13.8206 12.4
    endloop
  endfacet
  facet normal -1 0 0
    outer loop
      vertex -2.3 6.26439 12.4
      vertex -2.3 5.46439 12.4
      vertex -2.3 6.26439 15.6
    endloop
  endfacet
  facet normal -1 0 0
    outer loop
      vertex -2.3 3.01 11.6
      vertex -2.3 6.26439 12.4
      vertex -2.3 9.86181 11.6
    endloop
  endfacet
  facet normal -1 -0 0
    outer loop
      vertex -2.3 6.26439 12.4
      vertex -2.3 3.01 11.6
      vertex -2.3 5.46439 12.4
    endloop
  endfacet
  facet normal -1 -0 0
    outer loop
      vertex -2.3 5.46439 12.4
      vertex -2.3 3.01 11.6
      vertex -2.3 3.01 12.4
    endloop
  endfacet
  facet normal -1 0 0
    outer loop
      vertex -2.3 20.4 15.6
      vertex -2.3 18.7218 16.4
      vertex -2.3 20.4 16.4
    endloop
  endfacet
  facet normal -1 0 0
    outer loop
      vertex -2.3 18.7218 16.4
      vertex -2.3 17.9218 16.4
      vertex -2.3 18.7218 19.6
    endloop
  endfacet
  facet normal -1 0 0
    outer loop
      vertex -2.3 20.4 15.6
      vertex -2.3 17.9218 16.4
      vertex -2.3 18.7218 16.4
    endloop
  endfacet
  facet normal -1 0 0
    outer loop
      vertex -2.3 14.6206 15.6
      vertex -2.3 17.9218 16.4
      vertex -2.3 20.4 15.6
    endloop
  endfacet
  facet normal -1 0 0
    outer loop
      vertex -2.3 13.8206 15.6
      vertex -2.3 14.6206 15.6
      vertex -2.3 13.8206 12.4
    endloop
  endfacet
  facet normal -1 0 0
    outer loop
      vertex -2.3 13.8206 15.6
      vertex -2.3 17.9218 16.4
      vertex -2.3 14.6206 15.6
    endloop
  endfacet
  facet normal -1 0 0
    outer loop
      vertex -2.3 13.8206 15.6
      vertex -2.3 10.1622 16.4
      vertex -2.3 17.9218 16.4
    endloop
  endfacet
  facet normal -1 0 0
    outer loop
      vertex -2.3 10.1622 16.4
      vertex -2.3 9.36223 16.4
      vertex -2.3 10.1622 19.6
    endloop
  endfacet
  facet normal -1 0 0
    outer loop
      vertex -2.3 6.26439 15.6
      vertex -2.3 10.1622 16.4
      vertex -2.3 13.8206 15.6
    endloop
  endfacet
  facet normal -1 -0 0
    outer loop
      vertex -2.3 10.1622 16.4
      vertex -2.3 6.26439 15.6
      vertex -2.3 9.36223 16.4
    endloop
  endfacet
  facet normal -1 0 0
    outer loop
      vertex -2.3 5.46439 15.6
      vertex -2.3 6.26439 15.6
      vertex -2.3 5.46439 12.4
    endloop
  endfacet
  facet normal -1 0 0
    outer loop
      vertex -2.3 3.01 16.4
      vertex -2.3 6.26439 15.6
      vertex -2.3 5.46439 15.6
    endloop
  endfacet
  facet normal -1 0 0
    outer loop
      vertex -2.3 3.01 16.4
      vertex -2.3 5.46439 15.6
      vertex -2.3 3.01 15.6
    endloop
  endfacet
  facet normal -1 0 0
    outer loop
      vertex -2.3 6.26439 15.6
      vertex -2.3 3.01 16.4
      vertex -2.3 9.36223 16.4
    endloop
  endfacet
  facet normal -1 0 0
    outer loop
      vertex -2.3 18.7218 19.6
      vertex -2.3 20.4 20.4
      vertex -2.3 20.4 19.6
    endloop
  endfacet
  facet normal -1 0 0
    outer loop
      vertex -2.3 17.9218 19.6
      vertex -2.3 18.7218 19.6
      vertex -2.3 17.9218 16.4
    endloop
  endfacet
  facet normal -1 0 0
    outer loop
      vertex -2.3 17.9218 19.6
      vertex -2.3 20.4 20.4
      vertex -2.3 18.7218 19.6
    endloop
  endfacet
  facet normal -1 0 0
    outer loop
      vertex -2.3 17.9218 19.6
      vertex -2.3 14.5608 20.4
      vertex -2.3 20.4 20.4
    endloop
  endfacet
  facet normal -1 0 0
    outer loop
      vertex -2.3 14.5608 20.4
      vertex -2.3 13.7608 20.4
      vertex -2.3 14.5608 23.6
    endloop
  endfacet
  facet normal -1 0 0
    outer loop
      vertex -2.3 17.9218 19.6
      vertex -2.3 13.7608 20.4
      vertex -2.3 14.5608 20.4
    endloop
  endfacet
  facet normal -1 0 0
    outer loop
      vertex -2.3 10.1622 19.6
      vertex -2.3 13.7608 20.4
      vertex -2.3 17.9218 19.6
    endloop
  endfacet
  facet normal -1 0 0
    outer loop
      vertex -2.3 9.36223 19.6
      vertex -2.3 10.1622 19.6
      vertex -2.3 9.36223 16.4
    endloop
  endfacet
  facet normal -1 0 0
    outer loop
      vertex -2.3 6.07956 20.4
      vertex -2.3 10.1622 19.6
      vertex -2.3 9.36223 19.6
    endloop
  endfacet
  facet normal -1 0 0
    outer loop
      vertex -2.3 10.1622 19.6
      vertex -2.3 6.07956 20.4
      vertex -2.3 13.7608 20.4
    endloop
  endfacet
  facet normal -1 0 0
    outer loop
      vertex -2.3 6.07956 20.4
      vertex -2.3 5.27956 20.4
      vertex -2.3 6.07956 23.6
    endloop
  endfacet
  facet normal -1 0 0
    outer loop
      vertex -2.3 3.01 19.6
      vertex -2.3 6.07956 20.4
      vertex -2.3 9.36223 19.6
    endloop
  endfacet
  facet normal -1 -0 0
    outer loop
      vertex -2.3 6.07956 20.4
      vertex -2.3 3.01 19.6
      vertex -2.3 5.27956 20.4
    endloop
  endfacet
  facet normal -1 -0 0
    outer loop
      vertex -2.3 5.27956 20.4
      vertex -2.3 3.01 19.6
      vertex -2.3 3.01 20.4
    endloop
  endfacet
  facet normal -1 0 0
    outer loop
      vertex -2.3 20.4 23.6
      vertex -2.3 18.3146 24.4
      vertex -2.3 20.4 24.4
    endloop
  endfacet
  facet normal -1 0 0
    outer loop
      vertex -2.3 18.3146 24.4
      vertex -2.3 17.5146 24.4
      vertex -2.3 18.3146 27.6
    endloop
  endfacet
  facet normal -1 0 0
    outer loop
      vertex -2.3 20.4 23.6
      vertex -2.3 17.5146 24.4
      vertex -2.3 18.3146 24.4
    endloop
  endfacet
  facet normal -1 0 0
    outer loop
      vertex -2.3 14.5608 23.6
      vertex -2.3 17.5146 24.4
      vertex -2.3 20.4 23.6
    endloop
  endfacet
  facet normal -1 0 0
    outer loop
      vertex -2.3 13.7608 23.6
      vertex -2.3 14.5608 23.6
      vertex -2.3 13.7608 20.4
    endloop
  endfacet
  facet normal -1 0 0
    outer loop
      vertex -2.3 13.7608 23.6
      vertex -2.3 17.5146 24.4
      vertex -2.3 14.5608 23.6
    endloop
  endfacet
  facet normal -1 0 0
    outer loop
      vertex -2.3 13.7608 23.6
      vertex -2.3 10.0099 24.4
      vertex -2.3 17.5146 24.4
    endloop
  endfacet
  facet normal -1 0 0
    outer loop
      vertex -2.3 10.0099 24.4
      vertex -2.3 9.20986 24.4
      vertex -2.3 10.0099 27.6
    endloop
  endfacet
  facet normal -1 0 0
    outer loop
      vertex -2.3 6.07956 23.6
      vertex -2.3 10.0099 24.4
      vertex -2.3 13.7608 23.6
    endloop
  endfacet
  facet normal -1 -0 0
    outer loop
      vertex -2.3 10.0099 24.4
      vertex -2.3 6.07956 23.6
      vertex -2.3 9.20986 24.4
    endloop
  endfacet
  facet normal -1 0 0
    outer loop
      vertex -2.3 5.27956 23.6
      vertex -2.3 6.07956 23.6
      vertex -2.3 5.27956 20.4
    endloop
  endfacet
  facet normal -1 0 0
    outer loop
      vertex -2.3 3.01 24.4
      vertex -2.3 6.07956 23.6
      vertex -2.3 5.27956 23.6
    endloop
  endfacet
  facet normal -1 0 0
    outer loop
      vertex -2.3 3.01 24.4
      vertex -2.3 5.27956 23.6
      vertex -2.3 3.01 23.6
    endloop
  endfacet
  facet normal -1 0 0
    outer loop
      vertex -2.3 6.07956 23.6
      vertex -2.3 3.01 24.4
      vertex -2.3 9.20986 24.4
    endloop
  endfacet
  facet normal -1 0 0
    outer loop
      vertex -2.3 18.3146 27.6
      vertex -2.3 20.4 28.4
      vertex -2.3 20.4 27.6
    endloop
  endfacet
  facet normal -1 0 0
    outer loop
      vertex -2.3 17.5146 27.6
      vertex -2.3 18.3146 27.6
      vertex -2.3 17.5146 24.4
    endloop
  endfacet
  facet normal -1 0 0
    outer loop
      vertex -2.3 17.5146 27.6
      vertex -2.3 20.4 28.4
      vertex -2.3 18.3146 27.6
    endloop
  endfacet
  facet normal -1 0 0
    outer loop
      vertex -2.3 17.5146 27.6
      vertex -2.3 14.6269 28.4
      vertex -2.3 20.4 28.4
    endloop
  endfacet
  facet normal -1 0 0
    outer loop
      vertex -2.3 14.6269 28.4
      vertex -2.3 13.8269 28.4
      vertex -2.3 14.6269 31.6
    endloop
  endfacet
  facet normal -1 0 0
    outer loop
      vertex -2.3 17.5146 27.6
      vertex -2.3 13.8269 28.4
      vertex -2.3 14.6269 28.4
    endloop
  endfacet
  facet normal -1 0 0
    outer loop
      vertex -2.3 10.0099 27.6
      vertex -2.3 13.8269 28.4
      vertex -2.3 17.5146 27.6
    endloop
  endfacet
  facet normal -1 0 0
    outer loop
      vertex -2.3 9.20986 27.6
      vertex -2.3 10.0099 27.6
      vertex -2.3 9.20986 24.4
    endloop
  endfacet
  facet normal -1 0 0
    outer loop
      vertex -2.3 6.50235 28.4
      vertex -2.3 10.0099 27.6
      vertex -2.3 9.20986 27.6
    endloop
  endfacet
  facet normal -1 0 0
    outer loop
      vertex -2.3 10.0099 27.6
      vertex -2.3 6.50235 28.4
      vertex -2.3 13.8269 28.4
    endloop
  endfacet
  facet normal -1 0 0
    outer loop
      vertex -2.3 6.50235 28.4
      vertex -2.3 5.70235 28.4
      vertex -2.3 6.50235 31.6
    endloop
  endfacet
  facet normal -1 0 0
    outer loop
      vertex -2.3 9.20986 27.6
      vertex -2.3 5.70235 28.4
      vertex -2.3 6.50235 28.4
    endloop
  endfacet
  facet normal -1 0 0
    outer loop
      vertex -2.3 3.01 27.6
      vertex -2.3 5.70235 28.4
      vertex -2.3 9.20986 27.6
    endloop
  endfacet
  facet normal -1 -0 0
    outer loop
      vertex -2.3 5.70235 28.4
      vertex -2.3 3.01 27.6
      vertex -2.3 3.01 28.4
    endloop
  endfacet
  facet normal -1 0 0
    outer loop
      vertex -2.3 18.0089 0
      vertex -2.3 17.2089 0
      vertex -2.3 18.0089 3.6
    endloop
  endfacet
  facet normal -1 0 0
    outer loop
      vertex -2.3 18.0089 3.6
      vertex -2.3 20.4 4.4
      vertex -2.3 20.4 3.6
    endloop
  endfacet
  facet normal -1 0 0
    outer loop
      vertex -2.3 17.2089 3.6
      vertex -2.3 18.0089 3.6
      vertex -2.3 17.2089 0
    endloop
  endfacet
  facet normal -1 0 0
    outer loop
      vertex -2.3 17.2089 3.6
      vertex -2.3 20.4 4.4
      vertex -2.3 18.0089 3.6
    endloop
  endfacet
  facet normal -1 0 0
    outer loop
      vertex -2.3 17.2089 3.6
      vertex -2.3 14.415 4.4
      vertex -2.3 20.4 4.4
    endloop
  endfacet
  facet normal -1 0 0
    outer loop
      vertex -2.3 14.415 4.4
      vertex -2.3 13.615 4.4
      vertex -2.3 14.415 7.6
    endloop
  endfacet
  facet normal -1 0 0
    outer loop
      vertex -2.3 17.2089 3.6
      vertex -2.3 13.615 4.4
      vertex -2.3 14.415 4.4
    endloop
  endfacet
  facet normal -1 0 0
    outer loop
      vertex -2.3 10.4964 3.6
      vertex -2.3 13.615 4.4
      vertex -2.3 17.2089 3.6
    endloop
  endfacet
  facet normal -1 0 0
    outer loop
      vertex -2.3 9.69643 3.6
      vertex -2.3 10.4964 3.6
      vertex -2.3 9.69643 0
    endloop
  endfacet
  facet normal -1 0 0
    outer loop
      vertex -2.3 6.76051 4.4
      vertex -2.3 10.4964 3.6
      vertex -2.3 9.69643 3.6
    endloop
  endfacet
  facet normal -1 0 0
    outer loop
      vertex -2.3 10.4964 3.6
      vertex -2.3 6.76051 4.4
      vertex -2.3 13.615 4.4
    endloop
  endfacet
  facet normal -1 0 0
    outer loop
      vertex -2.3 6.76051 4.4
      vertex -2.3 5.96051 4.4
      vertex -2.3 6.76051 7.6
    endloop
  endfacet
  facet normal -1 0 0
    outer loop
      vertex -2.3 9.69643 3.6
      vertex -2.3 5.96051 4.4
      vertex -2.3 6.76051 4.4
    endloop
  endfacet
  facet normal -1 0 0
    outer loop
      vertex -2.3 3.01 3.6
      vertex -2.3 5.96051 4.4
      vertex -2.3 9.69643 3.6
    endloop
  endfacet
  facet normal -1 -0 0
    outer loop
      vertex -2.3 5.96051 4.4
      vertex -2.3 3.01 3.6
      vertex -2.3 3.01 4.4
    endloop
  endfacet
  facet normal -1 0 0
    outer loop
      vertex -2.3 20.4 31.6
      vertex -2.3 18.6784 32.4
      vertex -2.3 20.4 32.4
    endloop
  endfacet
  facet normal -1 0 0
    outer loop
      vertex -2.3 18.6784 32.4
      vertex -2.3 17.8784 32.4
      vertex -2.3 18.6784 35.6
    endloop
  endfacet
  facet normal -1 0 0
    outer loop
      vertex -2.3 20.4 31.6
      vertex -2.3 17.8784 32.4
      vertex -2.3 18.6784 32.4
    endloop
  endfacet
  facet normal -1 0 0
    outer loop
      vertex -2.3 14.6269 31.6
      vertex -2.3 17.8784 32.4
      vertex -2.3 20.4 31.6
    endloop
  endfacet
  facet normal -1 0 0
    outer loop
      vertex -2.3 13.8269 31.6
      vertex -2.3 14.6269 31.6
      vertex -2.3 13.8269 28.4
    endloop
  endfacet
  facet normal -1 0 0
    outer loop
      vertex -2.3 13.8269 31.6
      vertex -2.3 17.8784 32.4
      vertex -2.3 14.6269 31.6
    endloop
  endfacet
  facet normal -1 0 0
    outer loop
      vertex -2.3 13.8269 31.6
      vertex -2.3 10.4886 32.4
      vertex -2.3 17.8784 32.4
    endloop
  endfacet
  facet normal -1 0 0
    outer loop
      vertex -2.3 10.4886 32.4
      vertex -2.3 9.68859 32.4
      vertex -2.3 10.4886 35.6
    endloop
  endfacet
  facet normal -1 0 0
    outer loop
      vertex -2.3 6.50235 31.6
      vertex -2.3 10.4886 32.4
      vertex -2.3 13.8269 31.6
    endloop
  endfacet
  facet normal -1 -0 0
    outer loop
      vertex -2.3 10.4886 32.4
      vertex -2.3 6.50235 31.6
      vertex -2.3 9.68859 32.4
    endloop
  endfacet
  facet normal -1 0 0
    outer loop
      vertex -2.3 5.70235 31.6
      vertex -2.3 6.50235 31.6
      vertex -2.3 5.70235 28.4
    endloop
  endfacet
  facet normal -1 0 0
    outer loop
      vertex -2.3 3.01 32.4
      vertex -2.3 6.50235 31.6
      vertex -2.3 5.70235 31.6
    endloop
  endfacet
  facet normal -1 0 0
    outer loop
      vertex -2.3 3.01 32.4
      vertex -2.3 5.70235 31.6
      vertex -2.3 3.01 31.6
    endloop
  endfacet
  facet normal -1 0 0
    outer loop
      vertex -2.3 6.50235 31.6
      vertex -2.3 3.01 32.4
      vertex -2.3 9.68859 32.4
    endloop
  endfacet
  facet normal -1 0 0
    outer loop
      vertex -2.3 18.6784 35.6
      vertex -2.3 20.4 36.4
      vertex -2.3 20.4 35.6
    endloop
  endfacet
  facet normal -1 0 0
    outer loop
      vertex -2.3 17.8784 35.6
      vertex -2.3 18.6784 35.6
      vertex -2.3 17.8784 32.4
    endloop
  endfacet
  facet normal -1 0 0
    outer loop
      vertex -2.3 17.8784 35.6
      vertex -2.3 20.4 36.4
      vertex -2.3 18.6784 35.6
    endloop
  endfacet
  facet normal -1 0 0
    outer loop
      vertex -2.3 17.8784 35.6
      vertex -2.3 14.5628 36.4
      vertex -2.3 20.4 36.4
    endloop
  endfacet
  facet normal -1 0 0
    outer loop
      vertex -2.3 14.5628 36.4
      vertex -2.3 13.7628 36.4
      vertex -2.3 14.5628 39.6
    endloop
  endfacet
  facet normal -1 0 0
    outer loop
      vertex -2.3 17.8784 35.6
      vertex -2.3 13.7628 36.4
      vertex -2.3 14.5628 36.4
    endloop
  endfacet
  facet normal -1 0 0
    outer loop
      vertex -2.3 10.4886 35.6
      vertex -2.3 13.7628 36.4
      vertex -2.3 17.8784 35.6
    endloop
  endfacet
  facet normal -1 0 0
    outer loop
      vertex -2.3 9.68859 35.6
      vertex -2.3 10.4886 35.6
      vertex -2.3 9.68859 32.4
    endloop
  endfacet
  facet normal -1 0 0
    outer loop
      vertex -2.3 9.68859 35.6
      vertex -2.3 13.7628 36.4
      vertex -2.3 10.4886 35.6
    endloop
  endfacet
  facet normal -1 0 0
    outer loop
      vertex -2.3 9.68859 35.6
      vertex -2.3 6.23141 36.4
      vertex -2.3 13.7628 36.4
    endloop
  endfacet
  facet normal -1 0 0
    outer loop
      vertex -2.3 6.23141 36.4
      vertex -2.3 5.43141 36.4
      vertex -2.3 6.23141 39.6
    endloop
  endfacet
  facet normal -1 0 0
    outer loop
      vertex -2.3 3.01 35.6
      vertex -2.3 6.23141 36.4
      vertex -2.3 9.68859 35.6
    endloop
  endfacet
  facet normal -1 -0 0
    outer loop
      vertex -2.3 6.23141 36.4
      vertex -2.3 3.01 35.6
      vertex -2.3 5.43141 36.4
    endloop
  endfacet
  facet normal -1 -0 0
    outer loop
      vertex -2.3 5.43141 36.4
      vertex -2.3 3.01 35.6
      vertex -2.3 3.01 36.4
    endloop
  endfacet
  facet normal -1 -0 0
    outer loop
      vertex -2.3 14.7629 48
      vertex -2.3 13.9629 44.4
      vertex -2.3 13.9629 48
    endloop
  endfacet
  facet normal -1 -0 0
    outer loop
      vertex -2.3 6.52835 48
      vertex -2.3 5.72835 44.4
      vertex -2.3 5.72835 48
    endloop
  endfacet
  facet normal -1 0 0
    outer loop
      vertex -2.3 2 23.6
      vertex -2.3 2.3 24.4
      vertex -2.3 2.3 23.6
    endloop
  endfacet
  facet normal -1 -0 0
    outer loop
      vertex -2.3 2.3 24.4
      vertex -2.3 2 23.6
      vertex -2.3 2 24.4
    endloop
  endfacet
  facet normal -1 0 0
    outer loop
      vertex -2.3 2 35.6
      vertex -2.3 2.3 36.4
      vertex -2.3 2.3 35.6
    endloop
  endfacet
  facet normal -1 -0 0
    outer loop
      vertex -2.3 2.3 36.4
      vertex -2.3 2 35.6
      vertex -2.3 2 36.4
    endloop
  endfacet
  facet normal -1 0 0
    outer loop
      vertex -2.3 2 31.6
      vertex -2.3 2.3 32.4
      vertex -2.3 2.3 31.6
    endloop
  endfacet
  facet normal -1 -0 0
    outer loop
      vertex -2.3 2.3 32.4
      vertex -2.3 2 31.6
      vertex -2.3 2 32.4
    endloop
  endfacet
  facet normal -1 0 0
    outer loop
      vertex -2.3 2 15.6
      vertex -2.3 2.3 16.4
      vertex -2.3 2.3 15.6
    endloop
  endfacet
  facet normal -1 -0 0
    outer loop
      vertex -2.3 2.3 16.4
      vertex -2.3 2 15.6
      vertex -2.3 2 16.4
    endloop
  endfacet
  facet normal -1 0 0
    outer loop
      vertex -2.3 2 3.6
      vertex -2.3 2.3 4.4
      vertex -2.3 2.3 3.6
    endloop
  endfacet
  facet normal -1 -0 0
    outer loop
      vertex -2.3 2.3 4.4
      vertex -2.3 2 3.6
      vertex -2.3 2 4.4
    endloop
  endfacet
  facet normal -1 0 0
    outer loop
      vertex -2.3 2 11.6
      vertex -2.3 2.3 12.4
      vertex -2.3 2.3 11.6
    endloop
  endfacet
  facet normal -1 -0 0
    outer loop
      vertex -2.3 2.3 12.4
      vertex -2.3 2 11.6
      vertex -2.3 2 12.4
    endloop
  endfacet
  facet normal -1 0 0
    outer loop
      vertex -2.3 2 7.6
      vertex -2.3 2.3 8.4
      vertex -2.3 2.3 7.6
    endloop
  endfacet
  facet normal -1 -0 0
    outer loop
      vertex -2.3 2.3 8.4
      vertex -2.3 2 7.6
      vertex -2.3 2 8.4
    endloop
  endfacet
  facet normal -1 0 0
    outer loop
      vertex -2.3 2 19.6
      vertex -2.3 2.3 20.4
      vertex -2.3 2.3 19.6
    endloop
  endfacet
  facet normal -1 -0 0
    outer loop
      vertex -2.3 2.3 20.4
      vertex -2.3 2 19.6
      vertex -2.3 2 20.4
    endloop
  endfacet
  facet normal -1 0 0
    outer loop
      vertex -2.3 2 27.6
      vertex -2.3 2.3 28.4
      vertex -2.3 2.3 27.6
    endloop
  endfacet
  facet normal -1 -0 0
    outer loop
      vertex -2.3 2.3 28.4
      vertex -2.3 2 27.6
      vertex -2.3 2 28.4
    endloop
  endfacet
  facet normal -1 0 0
    outer loop
      vertex -2.3 2 43.6
      vertex -2.3 2.3 44.4
      vertex -2.3 2.3 43.6
    endloop
  endfacet
  facet normal -1 -0 0
    outer loop
      vertex -2.3 2.3 44.4
      vertex -2.3 2 43.6
      vertex -2.3 2 44.4
    endloop
  endfacet
  facet normal 0 0 -1
    outer loop
      vertex -2.73177 18.3077 8.4
      vertex -2.3 20.4 8.4
      vertex -2.3 18.3077 8.4
    endloop
  endfacet
  facet normal -0 0 -1
    outer loop
      vertex -2.3 20.4 8.4
      vertex -2.73177 18.3077 8.4
      vertex -2.73177 20.4 8.4
    endloop
  endfacet
  facet normal 0 0 -1
    outer loop
      vertex -2.78435 10.6618 8.4
      vertex -2.3 17.5077 8.4
      vertex -2.3 10.6618 8.4
    endloop
  endfacet
  facet normal -0 0 -1
    outer loop
      vertex -2.3 17.5077 8.4
      vertex -2.78435 10.6618 8.4
      vertex -2.78435 17.5077 8.4
    endloop
  endfacet
  facet normal -0 0 1
    outer loop
      vertex -2.76698 20.4 7.6
      vertex -2.3 14.415 7.6
      vertex -2.3 20.4 7.6
    endloop
  endfacet
  facet normal 0 0 1
    outer loop
      vertex -2.3 14.415 7.6
      vertex -2.76698 20.4 7.6
      vertex -2.76698 14.415 7.6
    endloop
  endfacet
  facet normal -0 0 1
    outer loop
      vertex -2.7532 13.615 7.6
      vertex -2.3 6.76051 7.6
      vertex -2.3 13.615 7.6
    endloop
  endfacet
  facet normal 0 0 1
    outer loop
      vertex -2.3 6.76051 7.6
      vertex -2.7532 13.615 7.6
      vertex -2.7532 6.76051 7.6
    endloop
  endfacet
  facet normal 0 1 0
    outer loop
      vertex -2.3 2 8.4
      vertex -2.3 2 7.6
      vertex -2.7714 2 8.4
    endloop
  endfacet
  facet normal 0 1 0
    outer loop
      vertex -2.7714 2 11.6
      vertex -2.3 2 12.4
      vertex -2.3 2 11.6
    endloop
  endfacet
  facet normal 0 1 0
    outer loop
      vertex -2.3 2 12.4
      vertex -2.7714 2 11.6
      vertex -3.01 2 12.4
    endloop
  endfacet
  facet normal 0 1 -0
    outer loop
      vertex -2.7714 2 8.4
      vertex -3.01 2 12.4
      vertex -2.7714 2 11.6
    endloop
  endfacet
  facet normal 0 1 0
    outer loop
      vertex -2.7714 2 8.4
      vertex -3.01 2 7.6
      vertex -3.01 2 12.4
    endloop
  endfacet
  facet normal 0 1 0
    outer loop
      vertex -3.01 2 7.6
      vertex -2.7714 2 8.4
      vertex -2.3 2 7.6
    endloop
  endfacet
  facet normal 0 0 -1
    outer loop
      vertex -2.83756 14.6206 12.4
      vertex -2.3 20.4 12.4
      vertex -2.3 14.6206 12.4
    endloop
  endfacet
  facet normal -0 0 -1
    outer loop
      vertex -2.3 20.4 12.4
      vertex -2.83756 14.6206 12.4
      vertex -2.83756 20.4 12.4
    endloop
  endfacet
  facet normal 0 0 -1
    outer loop
      vertex -3 6.26439 12.4
      vertex -2.3 13.8206 12.4
      vertex -2.3 6.26439 12.4
    endloop
  endfacet
  facet normal -0 0 -1
    outer loop
      vertex -2.3 13.8206 12.4
      vertex -3 6.26439 12.4
      vertex -3 13.8206 12.4
    endloop
  endfacet
  facet normal -0 0 1
    outer loop
      vertex -2.73177 20.4 11.6
      vertex -2.3 18.3077 11.6
      vertex -2.3 20.4 11.6
    endloop
  endfacet
  facet normal 0 0 1
    outer loop
      vertex -2.3 18.3077 11.6
      vertex -2.73177 20.4 11.6
      vertex -2.73177 18.3077 11.6
    endloop
  endfacet
  facet normal -0 0 1
    outer loop
      vertex -2.78435 17.5077 11.6
      vertex -2.3 10.6618 11.6
      vertex -2.3 17.5077 11.6
    endloop
  endfacet
  facet normal 0 0 1
    outer loop
      vertex -2.3 10.6618 11.6
      vertex -2.78435 17.5077 11.6
      vertex -2.78435 10.6618 11.6
    endloop
  endfacet
  facet normal 0 0 -1
    outer loop
      vertex -3 18.7218 16.4
      vertex -2.3 20.4 16.4
      vertex -2.3 18.7218 16.4
    endloop
  endfacet
  facet normal -0 0 -1
    outer loop
      vertex -2.3 20.4 16.4
      vertex -3 18.7218 16.4
      vertex -3 20.4 16.4
    endloop
  endfacet
  facet normal 0 0 -1
    outer loop
      vertex -2.76204 10.1622 16.4
      vertex -2.3 17.9218 16.4
      vertex -2.3 10.1622 16.4
    endloop
  endfacet
  facet normal -0 0 -1
    outer loop
      vertex -2.3 17.9218 16.4
      vertex -2.76204 10.1622 16.4
      vertex -2.76204 17.9218 16.4
    endloop
  endfacet
  facet normal -0 0 1
    outer loop
      vertex -2.83756 20.4 15.6
      vertex -2.3 14.6206 15.6
      vertex -2.3 20.4 15.6
    endloop
  endfacet
  facet normal 0 0 1
    outer loop
      vertex -2.3 14.6206 15.6
      vertex -2.83756 20.4 15.6
      vertex -2.83756 14.6206 15.6
    endloop
  endfacet
  facet normal -0 0 1
    outer loop
      vertex -3 13.8206 15.6
      vertex -2.3 6.26439 15.6
      vertex -2.3 13.8206 15.6
    endloop
  endfacet
  facet normal 0 0 1
    outer loop
      vertex -2.3 6.26439 15.6
      vertex -3 13.8206 15.6
      vertex -3 6.26439 15.6
    endloop
  endfacet
  facet normal 0 1 -0
    outer loop
      vertex -2.3 2 15.6
      vertex -3.01 2 16.4
      vertex -2.3 2 16.4
    endloop
  endfacet
  facet normal 0 1 0
    outer loop
      vertex -3.01 2 16.4
      vertex -2.3 2 15.6
      vertex -3.01 2 15.6
    endloop
  endfacet
  facet normal 0 -1 0
    outer loop
      vertex -3 20.4 19.6
      vertex -2.3 20.4 20.4
      vertex -3 20.4 20.4
    endloop
  endfacet
  facet normal 0 -1 -0
    outer loop
      vertex -2.3 20.4 20.4
      vertex -3 20.4 19.6
      vertex -2.3 20.4 19.6
    endloop
  endfacet
  facet normal 0 0 -1
    outer loop
      vertex -3 14.5608 20.4
      vertex -2.3 20.4 20.4
      vertex -2.3 14.5608 20.4
    endloop
  endfacet
  facet normal -0 0 -1
    outer loop
      vertex -2.3 20.4 20.4
      vertex -3 14.5608 20.4
      vertex -3 20.4 20.4
    endloop
  endfacet
  facet normal 0 0 -1
    outer loop
      vertex -3 6.07956 20.4
      vertex -2.3 13.7608 20.4
      vertex -2.3 6.07956 20.4
    endloop
  endfacet
  facet normal -0 0 -1
    outer loop
      vertex -2.3 13.7608 20.4
      vertex -3 6.07956 20.4
      vertex -3 13.7608 20.4
    endloop
  endfacet
  facet normal -0 0 1
    outer loop
      vertex -3 20.4 19.6
      vertex -2.3 18.7218 19.6
      vertex -2.3 20.4 19.6
    endloop
  endfacet
  facet normal 0 0 1
    outer loop
      vertex -2.3 18.7218 19.6
      vertex -3 20.4 19.6
      vertex -3 18.7218 19.6
    endloop
  endfacet
  facet normal -0 0 1
    outer loop
      vertex -2.76204 17.9218 19.6
      vertex -2.3 10.1622 19.6
      vertex -2.3 17.9218 19.6
    endloop
  endfacet
  facet normal 0 0 1
    outer loop
      vertex -2.3 10.1622 19.6
      vertex -2.76204 17.9218 19.6
      vertex -2.76204 10.1622 19.6
    endloop
  endfacet
  facet normal 0 1 -0
    outer loop
      vertex -2.3 2 19.6
      vertex -3.01 2 20.4
      vertex -2.3 2 20.4
    endloop
  endfacet
  facet normal 0 1 0
    outer loop
      vertex -3.01 2 20.4
      vertex -2.3 2 19.6
      vertex -3.01 2 19.6
    endloop
  endfacet
  facet normal 0 -1 0
    outer loop
      vertex -3 20.4 32.4
      vertex -2.80715 20.4 31.6
      vertex -2.3 20.4 32.4
    endloop
  endfacet
  facet normal 0 -1 0
    outer loop
      vertex -3 20.4 32.4
      vertex -2.80715 20.4 28.4
      vertex -2.80715 20.4 31.6
    endloop
  endfacet
  facet normal 0 -1 0
    outer loop
      vertex -2.3 20.4 27.6
      vertex -2.80715 20.4 28.4
      vertex -2.83889 20.4 27.6
    endloop
  endfacet
  facet normal 0 -1 0
    outer loop
      vertex -3 20.4 32.4
      vertex -2.83889 20.4 27.6
      vertex -2.80715 20.4 28.4
    endloop
  endfacet
  facet normal 0 -1 0
    outer loop
      vertex -3 20.4 23.6
      vertex -2.83889 20.4 27.6
      vertex -3 20.4 32.4
    endloop
  endfacet
  facet normal 0 -1 -0
    outer loop
      vertex -2.83889 20.4 27.6
      vertex -3 20.4 23.6
      vertex -2.83889 20.4 24.4
    endloop
  endfacet
  facet normal 0 -1 0
    outer loop
      vertex -2.3 20.4 23.6
      vertex -2.83889 20.4 24.4
      vertex -3 20.4 23.6
    endloop
  endfacet
  facet normal 0 -1 0
    outer loop
      vertex -2.83889 20.4 24.4
      vertex -2.3 20.4 23.6
      vertex -2.3 20.4 24.4
    endloop
  endfacet
  facet normal 0 -1 -0
    outer loop
      vertex -2.3 20.4 32.4
      vertex -2.80715 20.4 31.6
      vertex -2.3 20.4 31.6
    endloop
  endfacet
  facet normal 0 -1 0
    outer loop
      vertex -2.80715 20.4 28.4
      vertex -2.3 20.4 27.6
      vertex -2.3 20.4 28.4
    endloop
  endfacet
  facet normal 0 0 -1
    outer loop
      vertex -2.83889 18.3146 24.4
      vertex -2.3 20.4 24.4
      vertex -2.3 18.3146 24.4
    endloop
  endfacet
  facet normal -0 0 -1
    outer loop
      vertex -2.3 20.4 24.4
      vertex -2.83889 18.3146 24.4
      vertex -2.83889 20.4 24.4
    endloop
  endfacet
  facet normal 0 0 -1
    outer loop
      vertex -3 10.0099 24.4
      vertex -2.3 17.5146 24.4
      vertex -2.3 10.0099 24.4
    endloop
  endfacet
  facet normal -0 0 -1
    outer loop
      vertex -2.3 17.5146 24.4
      vertex -3 10.0099 24.4
      vertex -3 17.5146 24.4
    endloop
  endfacet
  facet normal -0 0 1
    outer loop
      vertex -3 20.4 23.6
      vertex -2.3 14.5608 23.6
      vertex -2.3 20.4 23.6
    endloop
  endfacet
  facet normal 0 0 1
    outer loop
      vertex -2.3 14.5608 23.6
      vertex -3 20.4 23.6
      vertex -3 14.5608 23.6
    endloop
  endfacet
  facet normal -0 0 1
    outer loop
      vertex -3 13.7608 23.6
      vertex -2.3 6.07956 23.6
      vertex -2.3 13.7608 23.6
    endloop
  endfacet
  facet normal 0 0 1
    outer loop
      vertex -2.3 6.07956 23.6
      vertex -3 13.7608 23.6
      vertex -3 6.07956 23.6
    endloop
  endfacet
  facet normal 0 1 0
    outer loop
      vertex -2.3 2 24.4
      vertex -2.3 2 23.6
      vertex -2.7052 2 24.4
    endloop
  endfacet
  facet normal 0 1 0
    outer loop
      vertex -2.7052 2 27.6
      vertex -2.3 2 28.4
      vertex -2.3 2 27.6
    endloop
  endfacet
  facet normal 0 1 0
    outer loop
      vertex -2.3 2 28.4
      vertex -2.7052 2 27.6
      vertex -3.01 2 28.4
    endloop
  endfacet
  facet normal 0 1 -0
    outer loop
      vertex -2.7052 2 24.4
      vertex -3.01 2 28.4
      vertex -2.7052 2 27.6
    endloop
  endfacet
  facet normal 0 1 0
    outer loop
      vertex -2.7052 2 24.4
      vertex -3.01 2 23.6
      vertex -3.01 2 28.4
    endloop
  endfacet
  facet normal 0 1 0
    outer loop
      vertex -3.01 2 23.6
      vertex -2.7052 2 24.4
      vertex -2.3 2 23.6
    endloop
  endfacet
  facet normal 0 0 -1
    outer loop
      vertex -2.80715 14.6269 28.4
      vertex -2.3 20.4 28.4
      vertex -2.3 14.6269 28.4
    endloop
  endfacet
  facet normal -0 0 -1
    outer loop
      vertex -2.3 20.4 28.4
      vertex -2.80715 14.6269 28.4
      vertex -2.80715 20.4 28.4
    endloop
  endfacet
  facet normal 0 0 -1
    outer loop
      vertex -2.79356 6.50235 28.4
      vertex -2.3 13.8269 28.4
      vertex -2.3 6.50235 28.4
    endloop
  endfacet
  facet normal -0 0 -1
    outer loop
      vertex -2.3 13.8269 28.4
      vertex -2.79356 6.50235 28.4
      vertex -2.79356 13.8269 28.4
    endloop
  endfacet
  facet normal -0 0 1
    outer loop
      vertex -2.83889 20.4 27.6
      vertex -2.3 18.3146 27.6
      vertex -2.3 20.4 27.6
    endloop
  endfacet
  facet normal 0 0 1
    outer loop
      vertex -2.3 18.3146 27.6
      vertex -2.83889 20.4 27.6
      vertex -2.83889 18.3146 27.6
    endloop
  endfacet
  facet normal -0 0 1
    outer loop
      vertex -3 17.5146 27.6
      vertex -2.3 10.0099 27.6
      vertex -2.3 17.5146 27.6
    endloop
  endfacet
  facet normal 0 0 1
    outer loop
      vertex -2.3 10.0099 27.6
      vertex -3 17.5146 27.6
      vertex -3 10.0099 27.6
    endloop
  endfacet
  facet normal 0 0 -1
    outer loop
      vertex -3 18.6784 32.4
      vertex -2.3 20.4 32.4
      vertex -2.3 18.6784 32.4
    endloop
  endfacet
  facet normal -0 0 -1
    outer loop
      vertex -2.3 20.4 32.4
      vertex -3 18.6784 32.4
      vertex -3 20.4 32.4
    endloop
  endfacet
  facet normal 0 0 -1
    outer loop
      vertex -3 10.4886 32.4
      vertex -2.3 17.8784 32.4
      vertex -2.3 10.4886 32.4
    endloop
  endfacet
  facet normal -0 0 -1
    outer loop
      vertex -2.3 17.8784 32.4
      vertex -3 10.4886 32.4
      vertex -3 17.8784 32.4
    endloop
  endfacet
  facet normal -0 0 1
    outer loop
      vertex -2.80715 20.4 31.6
      vertex -2.3 14.6269 31.6
      vertex -2.3 20.4 31.6
    endloop
  endfacet
  facet normal 0 0 1
    outer loop
      vertex -2.3 14.6269 31.6
      vertex -2.80715 20.4 31.6
      vertex -2.80715 14.6269 31.6
    endloop
  endfacet
  facet normal -0 0 1
    outer loop
      vertex -2.79356 13.8269 31.6
      vertex -2.3 6.50235 31.6
      vertex -2.3 13.8269 31.6
    endloop
  endfacet
  facet normal 0 0 1
    outer loop
      vertex -2.3 6.50235 31.6
      vertex -2.79356 13.8269 31.6
      vertex -2.79356 6.50235 31.6
    endloop
  endfacet
  facet normal 0 1 0
    outer loop
      vertex -2.3 2 32.4
      vertex -2.3 2 31.6
      vertex -2.83194 2 32.4
    endloop
  endfacet
  facet normal 0 1 0
    outer loop
      vertex -2.83194 2 35.6
      vertex -2.3 2 36.4
      vertex -2.3 2 35.6
    endloop
  endfacet
  facet normal 0 1 0
    outer loop
      vertex -2.3 2 36.4
      vertex -2.83194 2 35.6
      vertex -3.01 2 36.4
    endloop
  endfacet
  facet normal 0 1 -0
    outer loop
      vertex -2.83194 2 32.4
      vertex -3.01 2 36.4
      vertex -2.83194 2 35.6
    endloop
  endfacet
  facet normal 0 1 0
    outer loop
      vertex -2.83194 2 32.4
      vertex -3.01 2 31.6
      vertex -3.01 2 36.4
    endloop
  endfacet
  facet normal 0 1 0
    outer loop
      vertex -3.01 2 31.6
      vertex -2.83194 2 32.4
      vertex -2.3 2 31.6
    endloop
  endfacet
  facet normal 0 -1 0
    outer loop
      vertex -3 20.4 48
      vertex -2.84017 20.4 44.4
      vertex -2.84017 20.4 48
    endloop
  endfacet
  facet normal 0 -1 0
    outer loop
      vertex -2.84017 20.4 44.4
      vertex -2.78228 20.4 43.6
      vertex -2.3 20.4 44.4
    endloop
  endfacet
  facet normal 0 -1 0
    outer loop
      vertex -2.84017 20.4 44.4
      vertex -2.78228 20.4 40.4
      vertex -2.78228 20.4 43.6
    endloop
  endfacet
  facet normal 0 -1 0
    outer loop
      vertex -2.83404 20.4 39.6
      vertex -2.84017 20.4 44.4
      vertex -3 20.4 48
    endloop
  endfacet
  facet normal 0 -1 0
    outer loop
      vertex -2.3 20.4 39.6
      vertex -2.78228 20.4 40.4
      vertex -2.83404 20.4 39.6
    endloop
  endfacet
  facet normal 0 -1 0
    outer loop
      vertex -2.84017 20.4 44.4
      vertex -2.83404 20.4 39.6
      vertex -2.78228 20.4 40.4
    endloop
  endfacet
  facet normal 0 -1 0
    outer loop
      vertex -3 20.4 35.6
      vertex -2.83404 20.4 39.6
      vertex -3 20.4 48
    endloop
  endfacet
  facet normal 0 -1 -0
    outer loop
      vertex -2.83404 20.4 39.6
      vertex -3 20.4 35.6
      vertex -2.83404 20.4 36.4
    endloop
  endfacet
  facet normal 0 -1 0
    outer loop
      vertex -2.3 20.4 35.6
      vertex -2.83404 20.4 36.4
      vertex -3 20.4 35.6
    endloop
  endfacet
  facet normal 0 -1 0
    outer loop
      vertex -2.83404 20.4 36.4
      vertex -2.3 20.4 35.6
      vertex -2.3 20.4 36.4
    endloop
  endfacet
  facet normal 0 -1 -0
    outer loop
      vertex -2.3 20.4 44.4
      vertex -2.78228 20.4 43.6
      vertex -2.3 20.4 43.6
    endloop
  endfacet
  facet normal 0 -1 0
    outer loop
      vertex -2.78228 20.4 40.4
      vertex -2.3 20.4 39.6
      vertex -2.3 20.4 40.4
    endloop
  endfacet
  facet normal 0 0 -1
    outer loop
      vertex -2.83404 14.5628 36.4
      vertex -2.3 20.4 36.4
      vertex -2.3 14.5628 36.4
    endloop
  endfacet
  facet normal -0 0 -1
    outer loop
      vertex -2.3 20.4 36.4
      vertex -2.83404 14.5628 36.4
      vertex -2.83404 20.4 36.4
    endloop
  endfacet
  facet normal 0 0 -1
    outer loop
      vertex -3 6.23141 36.4
      vertex -2.3 13.7628 36.4
      vertex -2.3 6.23141 36.4
    endloop
  endfacet
  facet normal -0 0 -1
    outer loop
      vertex -2.3 13.7628 36.4
      vertex -3 6.23141 36.4
      vertex -3 13.7628 36.4
    endloop
  endfacet
  facet normal -0 0 1
    outer loop
      vertex -3 20.4 35.6
      vertex -2.3 18.6784 35.6
      vertex -2.3 20.4 35.6
    endloop
  endfacet
  facet normal 0 0 1
    outer loop
      vertex -2.3 18.6784 35.6
      vertex -3 20.4 35.6
      vertex -3 18.6784 35.6
    endloop
  endfacet
  facet normal -0 0 1
    outer loop
      vertex -3 17.8784 35.6
      vertex -2.3 10.4886 35.6
      vertex -2.3 17.8784 35.6
    endloop
  endfacet
  facet normal 0 0 1
    outer loop
      vertex -2.3 10.4886 35.6
      vertex -3 17.8784 35.6
      vertex -3 10.4886 35.6
    endloop
  endfacet
  facet normal 0 0 -1
    outer loop
      vertex -2.78228 18.0213 40.4
      vertex -2.3 20.4 40.4
      vertex -2.3 18.0213 40.4
    endloop
  endfacet
  facet normal -0 0 -1
    outer loop
      vertex -2.3 20.4 40.4
      vertex -2.78228 18.0213 40.4
      vertex -2.78228 20.4 40.4
    endloop
  endfacet
  facet normal 0 0 -1
    outer loop
      vertex -3 10.7298 40.4
      vertex -2.3 17.2213 40.4
      vertex -2.3 10.7298 40.4
    endloop
  endfacet
  facet normal -0 0 -1
    outer loop
      vertex -2.3 17.2213 40.4
      vertex -3 10.7298 40.4
      vertex -3 17.2213 40.4
    endloop
  endfacet
  facet normal -0 0 1
    outer loop
      vertex -2.83404 20.4 39.6
      vertex -2.3 14.5628 39.6
      vertex -2.3 20.4 39.6
    endloop
  endfacet
  facet normal 0 0 1
    outer loop
      vertex -2.3 14.5628 39.6
      vertex -2.83404 20.4 39.6
      vertex -2.83404 14.5628 39.6
    endloop
  endfacet
  facet normal -0 0 1
    outer loop
      vertex -3 13.7628 39.6
      vertex -2.3 6.23141 39.6
      vertex -2.3 13.7628 39.6
    endloop
  endfacet
  facet normal 0 0 1
    outer loop
      vertex -2.3 6.23141 39.6
      vertex -3 13.7628 39.6
      vertex -3 6.23141 39.6
    endloop
  endfacet
  facet normal 0 1 0
    outer loop
      vertex -2.3 2 40.4
      vertex -2.3 2 39.6
      vertex -2.7315 2 40.4
    endloop
  endfacet
  facet normal 0 1 0
    outer loop
      vertex -2.7315 2 43.6
      vertex -2.3 2 44.4
      vertex -2.3 2 43.6
    endloop
  endfacet
  facet normal 0 1 0
    outer loop
      vertex -2.3 2 44.4
      vertex -2.7315 2 43.6
      vertex -3.01 2 44.4
    endloop
  endfacet
  facet normal 0 1 -0
    outer loop
      vertex -2.7315 2 40.4
      vertex -3.01 2 44.4
      vertex -2.7315 2 43.6
    endloop
  endfacet
  facet normal 0 1 0
    outer loop
      vertex -2.7315 2 40.4
      vertex -3.01 2 39.6
      vertex -3.01 2 44.4
    endloop
  endfacet
  facet normal 0 1 0
    outer loop
      vertex -3.01 2 39.6
      vertex -2.7315 2 40.4
      vertex -2.3 2 39.6
    endloop
  endfacet
  facet normal 0 0 -1
    outer loop
      vertex -2.84017 14.7629 44.4
      vertex -2.3 20.4 44.4
      vertex -2.3 14.7629 44.4
    endloop
  endfacet
  facet normal -0 0 -1
    outer loop
      vertex -2.3 20.4 44.4
      vertex -2.84017 14.7629 44.4
      vertex -2.84017 20.4 44.4
    endloop
  endfacet
  facet normal 0 0 -1
    outer loop
      vertex -3 6.52835 44.4
      vertex -2.3 13.9629 44.4
      vertex -2.3 6.52835 44.4
    endloop
  endfacet
  facet normal -0 0 -1
    outer loop
      vertex -2.3 13.9629 44.4
      vertex -3 6.52835 44.4
      vertex -3 13.9629 44.4
    endloop
  endfacet
  facet normal -0 0 1
    outer loop
      vertex -2.78228 20.4 43.6
      vertex -2.3 18.0213 43.6
      vertex -2.3 20.4 43.6
    endloop
  endfacet
  facet normal 0 0 1
    outer loop
      vertex -2.3 18.0213 43.6
      vertex -2.78228 20.4 43.6
      vertex -2.78228 18.0213 43.6
    endloop
  endfacet
  facet normal -0 0 1
    outer loop
      vertex -3 17.2213 43.6
      vertex -2.3 10.7298 43.6
      vertex -2.3 17.2213 43.6
    endloop
  endfacet
  facet normal 0 0 1
    outer loop
      vertex -2.3 10.7298 43.6
      vertex -3 17.2213 43.6
      vertex -3 10.7298 43.6
    endloop
  endfacet
  facet normal 0 -1 0
    outer loop
      vertex -2.76067 10.4964 0
      vertex -2.3 10.4964 3.6
      vertex -2.76067 10.4964 3.6
    endloop
  endfacet
  facet normal 0 -1 -0
    outer loop
      vertex -2.3 10.4964 3.6
      vertex -2.76067 10.4964 0
      vertex -2.3 10.4964 0
    endloop
  endfacet
  facet normal 0 1 -0
    outer loop
      vertex -2.3 9.69643 0
      vertex -2.72804 9.69643 3.6
      vertex -2.3 9.69643 3.6
    endloop
  endfacet
  facet normal 0 1 0
    outer loop
      vertex -2.72804 9.69643 3.6
      vertex -2.3 9.69643 0
      vertex -2.72804 9.69643 0
    endloop
  endfacet
  facet normal 0 -1 0
    outer loop
      vertex -2.70108 18.0089 0
      vertex -2.3 18.0089 3.6
      vertex -2.70108 18.0089 3.6
    endloop
  endfacet
  facet normal 0 -1 -0
    outer loop
      vertex -2.3 18.0089 3.6
      vertex -2.70108 18.0089 0
      vertex -2.3 18.0089 0
    endloop
  endfacet
  facet normal 0 1 -0
    outer loop
      vertex -2.3 17.2089 0
      vertex -2.76067 17.2089 3.6
      vertex -2.3 17.2089 3.6
    endloop
  endfacet
  facet normal 0 1 0
    outer loop
      vertex -2.76067 17.2089 3.6
      vertex -2.3 17.2089 0
      vertex -2.76067 17.2089 0
    endloop
  endfacet
  facet normal 0 -1 0
    outer loop
      vertex -2.7532 6.76051 4.4
      vertex -2.3 6.76051 7.6
      vertex -2.7532 6.76051 7.6
    endloop
  endfacet
  facet normal 0 -1 -0
    outer loop
      vertex -2.3 6.76051 7.6
      vertex -2.7532 6.76051 4.4
      vertex -2.3 6.76051 4.4
    endloop
  endfacet
  facet normal 0 1 -0
    outer loop
      vertex -2.3 5.96051 4.4
      vertex -3 5.96051 7.6
      vertex -2.3 5.96051 7.6
    endloop
  endfacet
  facet normal 0 1 0
    outer loop
      vertex -3 5.96051 7.6
      vertex -2.3 5.96051 4.4
      vertex -3 5.96051 4.4
    endloop
  endfacet
  facet normal 0 -1 0
    outer loop
      vertex -2.76698 14.415 4.4
      vertex -2.3 14.415 7.6
      vertex -2.76698 14.415 7.6
    endloop
  endfacet
  facet normal 0 -1 -0
    outer loop
      vertex -2.3 14.415 7.6
      vertex -2.76698 14.415 4.4
      vertex -2.3 14.415 4.4
    endloop
  endfacet
  facet normal 0 1 -0
    outer loop
      vertex -2.3 13.615 4.4
      vertex -2.7532 13.615 7.6
      vertex -2.3 13.615 7.6
    endloop
  endfacet
  facet normal 0 1 0
    outer loop
      vertex -2.7532 13.615 7.6
      vertex -2.3 13.615 4.4
      vertex -2.7532 13.615 4.4
    endloop
  endfacet
  facet normal 0 -1 0
    outer loop
      vertex -2.78435 10.6618 8.4
      vertex -2.3 10.6618 11.6
      vertex -2.78435 10.6618 11.6
    endloop
  endfacet
  facet normal 0 -1 -0
    outer loop
      vertex -2.3 10.6618 11.6
      vertex -2.78435 10.6618 8.4
      vertex -2.3 10.6618 8.4
    endloop
  endfacet
  facet normal 0 1 -0
    outer loop
      vertex -2.3 9.86181 8.4
      vertex -2.7714 9.86181 11.6
      vertex -2.3 9.86181 11.6
    endloop
  endfacet
  facet normal 0 1 0
    outer loop
      vertex -2.7714 9.86181 11.6
      vertex -2.3 9.86181 8.4
      vertex -2.7714 9.86181 8.4
    endloop
  endfacet
  facet normal 0 -1 0
    outer loop
      vertex -2.73177 18.3077 8.4
      vertex -2.3 18.3077 11.6
      vertex -2.73177 18.3077 11.6
    endloop
  endfacet
  facet normal 0 -1 -0
    outer loop
      vertex -2.3 18.3077 11.6
      vertex -2.73177 18.3077 8.4
      vertex -2.3 18.3077 8.4
    endloop
  endfacet
  facet normal 0 1 -0
    outer loop
      vertex -2.3 17.5077 8.4
      vertex -2.78435 17.5077 11.6
      vertex -2.3 17.5077 11.6
    endloop
  endfacet
  facet normal 0 1 0
    outer loop
      vertex -2.78435 17.5077 11.6
      vertex -2.3 17.5077 8.4
      vertex -2.78435 17.5077 8.4
    endloop
  endfacet
  facet normal 0 -1 0
    outer loop
      vertex -3 6.26439 12.4
      vertex -2.3 6.26439 15.6
      vertex -3 6.26439 15.6
    endloop
  endfacet
  facet normal 0 -1 -0
    outer loop
      vertex -2.3 6.26439 15.6
      vertex -3 6.26439 12.4
      vertex -2.3 6.26439 12.4
    endloop
  endfacet
  facet normal 0 1 -0
    outer loop
      vertex -2.3 5.46439 12.4
      vertex -3 5.46439 15.6
      vertex -2.3 5.46439 15.6
    endloop
  endfacet
  facet normal 0 1 0
    outer loop
      vertex -3 5.46439 15.6
      vertex -2.3 5.46439 12.4
      vertex -3 5.46439 12.4
    endloop
  endfacet
  facet normal 0 -1 0
    outer loop
      vertex -2.83756 14.6206 12.4
      vertex -2.3 14.6206 15.6
      vertex -2.83756 14.6206 15.6
    endloop
  endfacet
  facet normal 0 -1 -0
    outer loop
      vertex -2.3 14.6206 15.6
      vertex -2.83756 14.6206 12.4
      vertex -2.3 14.6206 12.4
    endloop
  endfacet
  facet normal 0 1 -0
    outer loop
      vertex -2.3 13.8206 12.4
      vertex -3 13.8206 15.6
      vertex -2.3 13.8206 15.6
    endloop
  endfacet
  facet normal 0 1 0
    outer loop
      vertex -3 13.8206 15.6
      vertex -2.3 13.8206 12.4
      vertex -3 13.8206 12.4
    endloop
  endfacet
  facet normal 0 -1 0
    outer loop
      vertex -2.76204 10.1622 16.4
      vertex -2.3 10.1622 19.6
      vertex -2.76204 10.1622 19.6
    endloop
  endfacet
  facet normal 0 -1 -0
    outer loop
      vertex -2.3 10.1622 19.6
      vertex -2.76204 10.1622 16.4
      vertex -2.3 10.1622 16.4
    endloop
  endfacet
  facet normal 0 1 -0
    outer loop
      vertex -2.3 9.36223 16.4
      vertex -3 9.36223 19.6
      vertex -2.3 9.36223 19.6
    endloop
  endfacet
  facet normal 0 1 0
    outer loop
      vertex -3 9.36223 19.6
      vertex -2.3 9.36223 16.4
      vertex -3 9.36223 16.4
    endloop
  endfacet
  facet normal 0 -1 0
    outer loop
      vertex -3 18.7218 16.4
      vertex -2.3 18.7218 19.6
      vertex -3 18.7218 19.6
    endloop
  endfacet
  facet normal 0 -1 -0
    outer loop
      vertex -2.3 18.7218 19.6
      vertex -3 18.7218 16.4
      vertex -2.3 18.7218 16.4
    endloop
  endfacet
  facet normal 0 1 -0
    outer loop
      vertex -2.3 17.9218 16.4
      vertex -2.76204 17.9218 19.6
      vertex -2.3 17.9218 19.6
    endloop
  endfacet
  facet normal 0 1 0
    outer loop
      vertex -2.76204 17.9218 19.6
      vertex -2.3 17.9218 16.4
      vertex -2.76204 17.9218 16.4
    endloop
  endfacet
  facet normal 0 -1 0
    outer loop
      vertex -3 6.07956 20.4
      vertex -2.3 6.07956 23.6
      vertex -3 6.07956 23.6
    endloop
  endfacet
  facet normal 0 -1 -0
    outer loop
      vertex -2.3 6.07956 23.6
      vertex -3 6.07956 20.4
      vertex -2.3 6.07956 20.4
    endloop
  endfacet
  facet normal 0 1 -0
    outer loop
      vertex -2.3 5.27956 20.4
      vertex -3 5.27956 23.6
      vertex -2.3 5.27956 23.6
    endloop
  endfacet
  facet normal 0 1 0
    outer loop
      vertex -3 5.27956 23.6
      vertex -2.3 5.27956 20.4
      vertex -3 5.27956 20.4
    endloop
  endfacet
  facet normal 0 -1 0
    outer loop
      vertex -3 14.5608 20.4
      vertex -2.3 14.5608 23.6
      vertex -3 14.5608 23.6
    endloop
  endfacet
  facet normal 0 -1 -0
    outer loop
      vertex -2.3 14.5608 23.6
      vertex -3 14.5608 20.4
      vertex -2.3 14.5608 20.4
    endloop
  endfacet
  facet normal 0 1 -0
    outer loop
      vertex -2.3 13.7608 20.4
      vertex -3 13.7608 23.6
      vertex -2.3 13.7608 23.6
    endloop
  endfacet
  facet normal 0 1 0
    outer loop
      vertex -3 13.7608 23.6
      vertex -2.3 13.7608 20.4
      vertex -3 13.7608 20.4
    endloop
  endfacet
  facet normal 0 -1 0
    outer loop
      vertex -3 10.0099 24.4
      vertex -2.3 10.0099 27.6
      vertex -3 10.0099 27.6
    endloop
  endfacet
  facet normal 0 -1 -0
    outer loop
      vertex -2.3 10.0099 27.6
      vertex -3 10.0099 24.4
      vertex -2.3 10.0099 24.4
    endloop
  endfacet
  facet normal 0 1 -0
    outer loop
      vertex -2.3 9.20986 24.4
      vertex -2.7052 9.20986 27.6
      vertex -2.3 9.20986 27.6
    endloop
  endfacet
  facet normal 0 1 0
    outer loop
      vertex -2.7052 9.20986 27.6
      vertex -2.3 9.20986 24.4
      vertex -2.7052 9.20986 24.4
    endloop
  endfacet
  facet normal 0 -1 0
    outer loop
      vertex -2.83889 18.3146 24.4
      vertex -2.3 18.3146 27.6
      vertex -2.83889 18.3146 27.6
    endloop
  endfacet
  facet normal 0 -1 -0
    outer loop
      vertex -2.3 18.3146 27.6
      vertex -2.83889 18.3146 24.4
      vertex -2.3 18.3146 24.4
    endloop
  endfacet
  facet normal 0 1 -0
    outer loop
      vertex -2.3 17.5146 24.4
      vertex -3 17.5146 27.6
      vertex -2.3 17.5146 27.6
    endloop
  endfacet
  facet normal 0 1 0
    outer loop
      vertex -3 17.5146 27.6
      vertex -2.3 17.5146 24.4
      vertex -3 17.5146 24.4
    endloop
  endfacet
  facet normal 0 -1 0
    outer loop
      vertex -2.79356 6.50235 28.4
      vertex -2.3 6.50235 31.6
      vertex -2.79356 6.50235 31.6
    endloop
  endfacet
  facet normal 0 -1 -0
    outer loop
      vertex -2.3 6.50235 31.6
      vertex -2.79356 6.50235 28.4
      vertex -2.3 6.50235 28.4
    endloop
  endfacet
  facet normal 0 1 -0
    outer loop
      vertex -2.3 5.70235 28.4
      vertex -3 5.70235 31.6
      vertex -2.3 5.70235 31.6
    endloop
  endfacet
  facet normal 0 1 0
    outer loop
      vertex -3 5.70235 31.6
      vertex -2.3 5.70235 28.4
      vertex -3 5.70235 28.4
    endloop
  endfacet
  facet normal 0 -1 0
    outer loop
      vertex -2.80715 14.6269 28.4
      vertex -2.3 14.6269 31.6
      vertex -2.80715 14.6269 31.6
    endloop
  endfacet
  facet normal 0 -1 -0
    outer loop
      vertex -2.3 14.6269 31.6
      vertex -2.80715 14.6269 28.4
      vertex -2.3 14.6269 28.4
    endloop
  endfacet
  facet normal 0 1 -0
    outer loop
      vertex -2.3 13.8269 28.4
      vertex -2.79356 13.8269 31.6
      vertex -2.3 13.8269 31.6
    endloop
  endfacet
  facet normal 0 1 0
    outer loop
      vertex -2.79356 13.8269 31.6
      vertex -2.3 13.8269 28.4
      vertex -2.79356 13.8269 28.4
    endloop
  endfacet
  facet normal 0 -1 0
    outer loop
      vertex -3 10.4886 32.4
      vertex -2.3 10.4886 35.6
      vertex -3 10.4886 35.6
    endloop
  endfacet
  facet normal 0 -1 -0
    outer loop
      vertex -2.3 10.4886 35.6
      vertex -3 10.4886 32.4
      vertex -2.3 10.4886 32.4
    endloop
  endfacet
  facet normal 0 1 -0
    outer loop
      vertex -2.3 9.68859 32.4
      vertex -2.83194 9.68859 35.6
      vertex -2.3 9.68859 35.6
    endloop
  endfacet
  facet normal 0 1 0
    outer loop
      vertex -2.83194 9.68859 35.6
      vertex -2.3 9.68859 32.4
      vertex -2.83194 9.68859 32.4
    endloop
  endfacet
  facet normal 0 -1 0
    outer loop
      vertex -3 18.6784 32.4
      vertex -2.3 18.6784 35.6
      vertex -3 18.6784 35.6
    endloop
  endfacet
  facet normal 0 -1 -0
    outer loop
      vertex -2.3 18.6784 35.6
      vertex -3 18.6784 32.4
      vertex -2.3 18.6784 32.4
    endloop
  endfacet
  facet normal 0 1 -0
    outer loop
      vertex -2.3 17.8784 32.4
      vertex -3 17.8784 35.6
      vertex -2.3 17.8784 35.6
    endloop
  endfacet
  facet normal 0 1 0
    outer loop
      vertex -3 17.8784 35.6
      vertex -2.3 17.8784 32.4
      vertex -3 17.8784 32.4
    endloop
  endfacet
  facet normal 0 -1 0
    outer loop
      vertex -3 6.23141 36.4
      vertex -2.3 6.23141 39.6
      vertex -3 6.23141 39.6
    endloop
  endfacet
  facet normal 0 -1 -0
    outer loop
      vertex -2.3 6.23141 39.6
      vertex -3 6.23141 36.4
      vertex -2.3 6.23141 36.4
    endloop
  endfacet
  facet normal 0 1 -0
    outer loop
      vertex -2.3 5.43141 36.4
      vertex -3 5.43141 39.6
      vertex -2.3 5.43141 39.6
    endloop
  endfacet
  facet normal 0 1 0
    outer loop
      vertex -3 5.43141 39.6
      vertex -2.3 5.43141 36.4
      vertex -3 5.43141 36.4
    endloop
  endfacet
  facet normal 0 -1 0
    outer loop
      vertex -2.83404 14.5628 36.4
      vertex -2.3 14.5628 39.6
      vertex -2.83404 14.5628 39.6
    endloop
  endfacet
  facet normal 0 -1 -0
    outer loop
      vertex -2.3 14.5628 39.6
      vertex -2.83404 14.5628 36.4
      vertex -2.3 14.5628 36.4
    endloop
  endfacet
  facet normal 0 1 -0
    outer loop
      vertex -2.3 13.7628 36.4
      vertex -3 13.7628 39.6
      vertex -2.3 13.7628 39.6
    endloop
  endfacet
  facet normal 0 1 0
    outer loop
      vertex -3 13.7628 39.6
      vertex -2.3 13.7628 36.4
      vertex -3 13.7628 36.4
    endloop
  endfacet
  facet normal 0 -1 0
    outer loop
      vertex -3 10.7298 40.4
      vertex -2.3 10.7298 43.6
      vertex -3 10.7298 43.6
    endloop
  endfacet
  facet normal 0 -1 -0
    outer loop
      vertex -2.3 10.7298 43.6
      vertex -3 10.7298 40.4
      vertex -2.3 10.7298 40.4
    endloop
  endfacet
  facet normal 0 1 -0
    outer loop
      vertex -2.3 9.92976 40.4
      vertex -2.7315 9.92976 43.6
      vertex -2.3 9.92976 43.6
    endloop
  endfacet
  facet normal 0 1 0
    outer loop
      vertex -2.7315 9.92976 43.6
      vertex -2.3 9.92976 40.4
      vertex -2.7315 9.92976 40.4
    endloop
  endfacet
  facet normal 0 -1 0
    outer loop
      vertex -2.78228 18.0213 40.4
      vertex -2.3 18.0213 43.6
      vertex -2.78228 18.0213 43.6
    endloop
  endfacet
  facet normal 0 -1 -0
    outer loop
      vertex -2.3 18.0213 43.6
      vertex -2.78228 18.0213 40.4
      vertex -2.3 18.0213 40.4
    endloop
  endfacet
  facet normal 0 1 -0
    outer loop
      vertex -2.3 17.2213 40.4
      vertex -3 17.2213 43.6
      vertex -2.3 17.2213 43.6
    endloop
  endfacet
  facet normal 0 1 0
    outer loop
      vertex -3 17.2213 43.6
      vertex -2.3 17.2213 40.4
      vertex -3 17.2213 40.4
    endloop
  endfacet
  facet normal 0 -1 0
    outer loop
      vertex -3 6.52835 44.4
      vertex -2.3 6.52835 48
      vertex -3 6.52835 48
    endloop
  endfacet
  facet normal 0 -1 -0
    outer loop
      vertex -2.3 6.52835 48
      vertex -3 6.52835 44.4
      vertex -2.3 6.52835 44.4
    endloop
  endfacet
  facet normal 0 0 -1
    outer loop
      vertex -3 5.72835 48
      vertex -2.3 6.52835 48
      vertex -2.3 5.72835 48
    endloop
  endfacet
  facet normal -0 0 -1
    outer loop
      vertex -2.3 6.52835 48
      vertex -3 5.72835 48
      vertex -3 6.52835 48
    endloop
  endfacet
  facet normal 0 1 -0
    outer loop
      vertex -2.3 5.72835 44.4
      vertex -3 5.72835 48
      vertex -2.3 5.72835 48
    endloop
  endfacet
  facet normal 0 1 0
    outer loop
      vertex -3 5.72835 48
      vertex -2.3 5.72835 44.4
      vertex -3 5.72835 44.4
    endloop
  endfacet
  facet normal 0 -1 0
    outer loop
      vertex -2.84017 14.7629 44.4
      vertex -2.3 14.7629 48
      vertex -2.84017 14.7629 48
    endloop
  endfacet
  facet normal 0 -1 -0
    outer loop
      vertex -2.3 14.7629 48
      vertex -2.84017 14.7629 44.4
      vertex -2.3 14.7629 44.4
    endloop
  endfacet
  facet normal 0 0 -1
    outer loop
      vertex -2.3 13.9629 48
      vertex -2.84017 14.7629 48
      vertex -2.3 14.7629 48
    endloop
  endfacet
  facet normal 0 0 -1
    outer loop
      vertex -3 13.9629 48
      vertex -2.84017 14.7629 48
      vertex -2.3 13.9629 48
    endloop
  endfacet
  facet normal 0 0 -1
    outer loop
      vertex -3 20.4 48
      vertex -2.84017 14.7629 48
      vertex -3 13.9629 48
    endloop
  endfacet
  facet normal 0 0 -1
    outer loop
      vertex -2.84017 14.7629 48
      vertex -3 20.4 48
      vertex -2.84017 20.4 48
    endloop
  endfacet
  facet normal 0 1 -0
    outer loop
      vertex -2.3 13.9629 44.4
      vertex -3 13.9629 48
      vertex -2.3 13.9629 48
    endloop
  endfacet
  facet normal 0 1 0
    outer loop
      vertex -3 13.9629 48
      vertex -2.3 13.9629 44.4
      vertex -3 13.9629 44.4
    endloop
  endfacet
  facet normal -1 0 0
    outer loop
      vertex -2.72804 2 0
      vertex -2.72804 2.81809 3.6
      vertex -2.72804 2.81809 0
    endloop
  endfacet
  facet normal -1 -0 0
    outer loop
      vertex -2.72804 2.81809 3.6
      vertex -2.72804 2 0
      vertex -2.72804 2 3.6
    endloop
  endfacet
  facet normal -1 0 0
    outer loop
      vertex -2.72804 3.01 0
      vertex -2.72804 9.69643 3.6
      vertex -2.72804 9.69643 0
    endloop
  endfacet
  facet normal -1 -0 0
    outer loop
      vertex -2.72804 9.69643 3.6
      vertex -2.72804 3.01 0
      vertex -2.72804 3.01 3.6
    endloop
  endfacet
  facet normal -1 0 0
    outer loop
      vertex -2.76067 10.4964 0
      vertex -2.76067 17.2089 3.6
      vertex -2.76067 17.2089 0
    endloop
  endfacet
  facet normal -1 -0 0
    outer loop
      vertex -2.76067 17.2089 3.6
      vertex -2.76067 10.4964 0
      vertex -2.76067 10.4964 3.6
    endloop
  endfacet
  facet normal -1 0 0
    outer loop
      vertex -2.70108 18.0089 0
      vertex -2.70108 20.4 3.6
      vertex -2.70108 20.4 0
    endloop
  endfacet
  facet normal -1 -0 0
    outer loop
      vertex -2.70108 20.4 3.6
      vertex -2.70108 18.0089 0
      vertex -2.70108 18.0089 3.6
    endloop
  endfacet
  facet normal -1 0 0
    outer loop
      vertex -2.7532 6.76051 4.4
      vertex -2.7532 13.615 7.6
      vertex -2.7532 13.615 4.4
    endloop
  endfacet
  facet normal -1 -0 0
    outer loop
      vertex -2.7532 13.615 7.6
      vertex -2.7532 6.76051 4.4
      vertex -2.7532 6.76051 7.6
    endloop
  endfacet
  facet normal -1 0 0
    outer loop
      vertex -2.76698 14.415 4.4
      vertex -2.76698 20.4 7.6
      vertex -2.76698 20.4 4.4
    endloop
  endfacet
  facet normal -1 -0 0
    outer loop
      vertex -2.76698 20.4 7.6
      vertex -2.76698 14.415 4.4
      vertex -2.76698 14.415 7.6
    endloop
  endfacet
  facet normal -1 0 0
    outer loop
      vertex -2.7714 2 8.4
      vertex -2.7714 2.79296 11.6
      vertex -2.7714 2.79296 8.4
    endloop
  endfacet
  facet normal -1 -0 0
    outer loop
      vertex -2.7714 2.79296 11.6
      vertex -2.7714 2 8.4
      vertex -2.7714 2 11.6
    endloop
  endfacet
  facet normal -1 0 0
    outer loop
      vertex -2.7714 3.01 8.4
      vertex -2.7714 9.86181 11.6
      vertex -2.7714 9.86181 8.4
    endloop
  endfacet
  facet normal -1 -0 0
    outer loop
      vertex -2.7714 9.86181 11.6
      vertex -2.7714 3.01 8.4
      vertex -2.7714 3.01 11.6
    endloop
  endfacet
  facet normal -1 0 0
    outer loop
      vertex -2.78435 10.6618 8.4
      vertex -2.78435 17.5077 11.6
      vertex -2.78435 17.5077 8.4
    endloop
  endfacet
  facet normal -1 -0 0
    outer loop
      vertex -2.78435 17.5077 11.6
      vertex -2.78435 10.6618 8.4
      vertex -2.78435 10.6618 11.6
    endloop
  endfacet
  facet normal -1 0 0
    outer loop
      vertex -2.73177 18.3077 8.4
      vertex -2.73177 20.4 11.6
      vertex -2.73177 20.4 8.4
    endloop
  endfacet
  facet normal -1 -0 0
    outer loop
      vertex -2.73177 20.4 11.6
      vertex -2.73177 18.3077 8.4
      vertex -2.73177 18.3077 11.6
    endloop
  endfacet
  facet normal -1 0 0
    outer loop
      vertex -2.7052 2 24.4
      vertex -2.7052 9.20986 27.6
      vertex -2.7052 9.20986 24.4
    endloop
  endfacet
  facet normal -1 -0 0
    outer loop
      vertex -2.7052 9.20986 27.6
      vertex -2.7052 2 24.4
      vertex -2.7052 2 27.6
    endloop
  endfacet
  facet normal -1 0 0
    outer loop
      vertex -2.83889 18.3146 24.4
      vertex -2.83889 20.4 27.6
      vertex -2.83889 20.4 24.4
    endloop
  endfacet
  facet normal -1 -0 0
    outer loop
      vertex -2.83889 20.4 27.6
      vertex -2.83889 18.3146 24.4
      vertex -2.83889 18.3146 27.6
    endloop
  endfacet
  facet normal -1 0 0
    outer loop
      vertex -2.79356 6.50235 28.4
      vertex -2.79356 13.8269 31.6
      vertex -2.79356 13.8269 28.4
    endloop
  endfacet
  facet normal -1 -0 0
    outer loop
      vertex -2.79356 13.8269 31.6
      vertex -2.79356 6.50235 28.4
      vertex -2.79356 6.50235 31.6
    endloop
  endfacet
  facet normal -1 0 0
    outer loop
      vertex -2.80715 14.6269 28.4
      vertex -2.80715 20.4 31.6
      vertex -2.80715 20.4 28.4
    endloop
  endfacet
  facet normal -1 -0 0
    outer loop
      vertex -2.80715 20.4 31.6
      vertex -2.80715 14.6269 28.4
      vertex -2.80715 14.6269 31.6
    endloop
  endfacet
  facet normal -1 0 0
    outer loop
      vertex -2.7315 2 40.4
      vertex -2.7315 9.92976 43.6
      vertex -2.7315 9.92976 40.4
    endloop
  endfacet
  facet normal -1 -0 0
    outer loop
      vertex -2.7315 9.92976 43.6
      vertex -2.7315 2 40.4
      vertex -2.7315 2 43.6
    endloop
  endfacet
  facet normal -1 0 0
    outer loop
      vertex -2.78228 18.0213 40.4
      vertex -2.78228 20.4 43.6
      vertex -2.78228 20.4 40.4
    endloop
  endfacet
  facet normal -1 -0 0
    outer loop
      vertex -2.78228 20.4 43.6
      vertex -2.78228 18.0213 40.4
      vertex -2.78228 18.0213 43.6
    endloop
  endfacet
  facet normal -1 0 0
    outer loop
      vertex -2.83756 14.6206 12.4
      vertex -2.83756 20.4 15.6
      vertex -2.83756 20.4 12.4
    endloop
  endfacet
  facet normal -1 -0 0
    outer loop
      vertex -2.83756 20.4 15.6
      vertex -2.83756 14.6206 12.4
      vertex -2.83756 14.6206 15.6
    endloop
  endfacet
  facet normal -1 0 0
    outer loop
      vertex -2.76204 10.1622 16.4
      vertex -2.76204 17.9218 19.6
      vertex -2.76204 17.9218 16.4
    endloop
  endfacet
  facet normal -1 -0 0
    outer loop
      vertex -2.76204 17.9218 19.6
      vertex -2.76204 10.1622 16.4
      vertex -2.76204 10.1622 19.6
    endloop
  endfacet
  facet normal -1 0 0
    outer loop
      vertex -2.83194 2 32.4
      vertex -2.83194 9.68859 35.6
      vertex -2.83194 9.68859 32.4
    endloop
  endfacet
  facet normal -1 -0 0
    outer loop
      vertex -2.83194 9.68859 35.6
      vertex -2.83194 2 32.4
      vertex -2.83194 2 35.6
    endloop
  endfacet
  facet normal -1 0 0
    outer loop
      vertex -2.83404 14.5628 36.4
      vertex -2.83404 20.4 39.6
      vertex -2.83404 20.4 36.4
    endloop
  endfacet
  facet normal -1 -0 0
    outer loop
      vertex -2.83404 20.4 39.6
      vertex -2.83404 14.5628 36.4
      vertex -2.83404 14.5628 39.6
    endloop
  endfacet
  facet normal -1 0 0
    outer loop
      vertex -2.84017 14.7629 44.4
      vertex -2.84017 20.4 48
      vertex -2.84017 20.4 44.4
    endloop
  endfacet
  facet normal -1 -0 0
    outer loop
      vertex -2.84017 20.4 48
      vertex -2.84017 14.7629 44.4
      vertex -2.84017 14.7629 48
    endloop
  endfacet
  facet normal -0 0 1
    outer loop
      vertex -1.5 25.4 -0.00999928
      vertex 1.5 21.25 -0.00999928
      vertex 1.5 25.4 -0.00999928
    endloop
  endfacet
  facet normal 0 0 1
    outer loop
      vertex 1.5 21.25 -0.00999928
      vertex -1.5 25.4 -0.00999928
      vertex -1.5 21.25 -0.00999928
    endloop
  endfacet
  facet normal 0 0 -1
    outer loop
      vertex -1.5 21.25 50.81
      vertex 1.5 25.4 50.81
      vertex 1.5 21.25 50.81
    endloop
  endfacet
  facet normal -0 0 -1
    outer loop
      vertex 1.5 25.4 50.81
      vertex -1.5 21.25 50.81
      vertex -1.5 25.4 50.81
    endloop
  endfacet
  facet normal 0 1 -0
    outer loop
      vertex 1.5 21.25 -0.00999928
      vertex -1.5 21.25 0
      vertex 1.5 21.25 0
    endloop
  endfacet
  facet normal 0 1 0
    outer loop
      vertex -1.5 21.25 0
      vertex 1.5 21.25 -0.00999928
      vertex -1.5 21.25 -0.00999928
    endloop
  endfacet
  facet normal 0 1 0
    outer loop
      vertex 1.5 21.25 0
      vertex 1.5 21.25 50.8
      vertex 2.54999 21.25 50.8
    endloop
  endfacet
  facet normal 0 1 0
    outer loop
      vertex 1.5 21.25 50.8
      vertex 1.5 21.25 0
      vertex -1.5 21.25 50.8
    endloop
  endfacet
  facet normal 0 1 0
    outer loop
      vertex 1.5 21.25 0
      vertex 2.54999 21.25 50.8
      vertex 2.54999 21.25 0
    endloop
  endfacet
  facet normal 0 1 0
    outer loop
      vertex -1.5 21.25 0
      vertex -1.5 21.25 50.8
      vertex 1.5 21.25 0
    endloop
  endfacet
  facet normal 0 1 0
    outer loop
      vertex -1.5 21.25 50.8
      vertex -1.5 21.25 0
      vertex -2.54999 21.25 50.8
    endloop
  endfacet
  facet normal 0 1 0
    outer loop
      vertex -2.54999 21.25 50.8
      vertex -1.5 21.25 0
      vertex -2.54999 21.25 0
    endloop
  endfacet
  facet normal 0 1 -0
    outer loop
      vertex 1.5 21.25 50.8
      vertex -1.5 21.25 50.81
      vertex 1.5 21.25 50.81
    endloop
  endfacet
  facet normal 0 1 0
    outer loop
      vertex -1.5 21.25 50.81
      vertex 1.5 21.25 50.8
      vertex -1.5 21.25 50.8
    endloop
  endfacet
  facet normal -0.977388 -0.211453 0
    outer loop
      vertex 2.54999 21.25 0
      vertex 1.65216 25.4 50.8
      vertex 1.65216 25.4 0
    endloop
  endfacet
  facet normal -0.977388 -0.211453 0
    outer loop
      vertex 1.65216 25.4 50.8
      vertex 2.54999 21.25 0
      vertex 2.54999 21.25 50.8
    endloop
  endfacet
  facet normal 0.977388 -0.211453 0
    outer loop
      vertex -2.54999 21.25 50.8
      vertex -1.65216 25.4 0
      vertex -1.65216 25.4 50.8
    endloop
  endfacet
  facet normal 0.977388 -0.211453 0
    outer loop
      vertex -1.65216 25.4 0
      vertex -2.54999 21.25 50.8
      vertex -2.54999 21.25 0
    endloop
  endfacet
  facet normal 0 0 -1
    outer loop
      vertex -1.41425 -0.776611 -1.05
      vertex -1.05219 1.13541 -1.05
      vertex -1.05219 -0.776611 -1.05
    endloop
  endfacet
  facet normal -0 0 -1
    outer loop
      vertex -1.05219 1.13541 -1.05
      vertex -1.41425 -0.776611 -1.05
      vertex -1.41425 1.13541 -1.05
    endloop
  endfacet
  facet normal 0 0 -1
    outer loop
      vertex -13.7332 -0.776611 -1.05
      vertex -13.3711 1.13541 -1.05
      vertex -13.3711 -0.776611 -1.05
    endloop
  endfacet
  facet normal -0 0 -1
    outer loop
      vertex -13.3711 1.13541 -1.05
      vertex -13.7332 -0.776611 -1.05
      vertex -13.7332 1.13541 -1.05
    endloop
  endfacet
  facet normal 0 0 -1
    outer loop
      vertex -13.0172 -0.776611 -1.05
      vertex -12.6551 1.13541 -1.05
      vertex -12.6551 -0.776611 -1.05
    endloop
  endfacet
  facet normal -0 0 -1
    outer loop
      vertex -12.6551 1.13541 -1.05
      vertex -13.0172 -0.776611 -1.05
      vertex -13.0172 1.13541 -1.05
    endloop
  endfacet
  facet normal 0 0 -1
    outer loop
      vertex -23.2332 -0.238449 -1.05
      vertex -22.8627 -0.198471 -1.05
      vertex -22.8606 -0.25351 -1.05
    endloop
  endfacet
  facet normal 0 0 -1
    outer loop
      vertex -23.2303 -0.275421 -1.05
      vertex -22.8606 -0.25351 -1.05
      vertex -22.8729 -0.379013 -1.05
    endloop
  endfacet
  facet normal 0 0 -1
    outer loop
      vertex -23.2332 -0.238449 -1.05
      vertex -22.8606 -0.25351 -1.05
      vertex -23.2303 -0.275421 -1.05
    endloop
  endfacet
  facet normal 0 0 -1
    outer loop
      vertex -23.2418 -0.20488 -1.05
      vertex -22.8693 -0.146744 -1.05
      vertex -23.2332 -0.238449 -1.05
    endloop
  endfacet
  facet normal 0 0 -1
    outer loop
      vertex -23.2552 -0.381393 -1.05
      vertex -22.8729 -0.379013 -1.05
      vertex -22.91 -0.488815 -1.05
    endloop
  endfacet
  facet normal -0 0 -1
    outer loop
      vertex -22.8627 -0.198471 -1.05
      vertex -23.2332 -0.238449 -1.05
      vertex -22.8693 -0.146744 -1.05
    endloop
  endfacet
  facet normal -0 0 -1
    outer loop
      vertex -22.8693 -0.146744 -1.05
      vertex -23.2418 -0.20488 -1.05
      vertex -22.8801 -0.0983124 -1.05
    endloop
  endfacet
  facet normal -0 0 -1
    outer loop
      vertex -22.8953 -0.0531769 -1.05
      vertex -23.2418 -0.20488 -1.05
      vertex -22.9147 -0.0112152 -1.05
    endloop
  endfacet
  facet normal 0 0 -1
    outer loop
      vertex -23.2552 -0.381393 -1.05
      vertex -22.91 -0.488815 -1.05
      vertex -22.9718 -0.582916 -1.05
    endloop
  endfacet
  facet normal -0 0 -1
    outer loop
      vertex -22.8801 -0.0983124 -1.05
      vertex -23.2418 -0.20488 -1.05
      vertex -22.8953 -0.0531769 -1.05
    endloop
  endfacet
  facet normal 0 0 -1
    outer loop
      vertex -23.2561 -0.174683 -1.05
      vertex -22.9147 -0.0112152 -1.05
      vertex -23.2418 -0.20488 -1.05
    endloop
  endfacet
  facet normal 0 0 -1
    outer loop
      vertex -23.2552 -0.381393 -1.05
      vertex -22.9718 -0.582916 -1.05
      vertex -23.0584 -0.661301 -1.05
    endloop
  endfacet
  facet normal -0 0 -1
    outer loop
      vertex -22.9147 -0.0112152 -1.05
      vertex -23.2561 -0.174683 -1.05
      vertex -22.9379 0.0276642 -1.05
    endloop
  endfacet
  facet normal -0 0 -1
    outer loop
      vertex -22.9379 0.0276642 -1.05
      vertex -23.2561 -0.174683 -1.05
      vertex -22.9649 0.0635071 -1.05
    endloop
  endfacet
  facet normal 0 0 -1
    outer loop
      vertex -23.3299 -0.457092 -1.05
      vertex -23.0584 -0.661301 -1.05
      vertex -23.1688 -0.723022 -1.05
    endloop
  endfacet
  facet normal -0 0 -1
    outer loop
      vertex -22.9649 0.0635071 -1.05
      vertex -23.2561 -0.174683 -1.05
      vertex -22.9959 0.096283 -1.05
    endloop
  endfacet
  facet normal 0 0 -1
    outer loop
      vertex -23.2761 -0.147873 -1.05
      vertex -22.9959 0.096283 -1.05
      vertex -23.2561 -0.174683 -1.05
    endloop
  endfacet
  facet normal -0 0 -1
    outer loop
      vertex -22.8729 -0.379013 -1.05
      vertex -23.2552 -0.381393 -1.05
      vertex -23.2303 -0.275421 -1.05
    endloop
  endfacet
  facet normal 0 0 -1
    outer loop
      vertex -23.3299 -0.457092 -1.05
      vertex -23.1688 -0.723022 -1.05
      vertex -23.3023 -0.767105 -1.05
    endloop
  endfacet
  facet normal 0 0 -1
    outer loop
      vertex -23.0584 -0.661301 -1.05
      vertex -23.3299 -0.457092 -1.05
      vertex -23.2552 -0.381393 -1.05
    endloop
  endfacet
  facet normal 0 0 -1
    outer loop
      vertex -23.3023 -0.767105 -1.05
      vertex -23.4543 -0.502502 -1.05
      vertex -23.3299 -0.457092 -1.05
    endloop
  endfacet
  facet normal 0 0 -1
    outer loop
      vertex -23.459 -0.793564 -1.05
      vertex -23.4543 -0.502502 -1.05
      vertex -23.3023 -0.767105 -1.05
    endloop
  endfacet
  facet normal 0 0 -1
    outer loop
      vertex -23.459 -0.793564 -1.05
      vertex -23.6285 -0.517654 -1.05
      vertex -23.4543 -0.502502 -1.05
    endloop
  endfacet
  facet normal 0 0 -1
    outer loop
      vertex -23.6388 -0.802383 -1.05
      vertex -23.6285 -0.517654 -1.05
      vertex -23.459 -0.793564 -1.05
    endloop
  endfacet
  facet normal 0 0 -1
    outer loop
      vertex -23.6388 -0.802383 -1.05
      vertex -23.7192 -0.51358 -1.05
      vertex -23.6285 -0.517654 -1.05
    endloop
  endfacet
  facet normal 0 0 -1
    outer loop
      vertex -23.8039 -0.794647 -1.05
      vertex -23.7192 -0.51358 -1.05
      vertex -23.6388 -0.802383 -1.05
    endloop
  endfacet
  facet normal -0 0 -1
    outer loop
      vertex -23.7192 -0.51358 -1.05
      vertex -23.8039 -0.794647 -1.05
      vertex -23.7995 -0.501389 -1.05
    endloop
  endfacet
  facet normal 0 0 -1
    outer loop
      vertex -23.9503 -0.771454 -1.05
      vertex -23.7995 -0.501389 -1.05
      vertex -23.8039 -0.794647 -1.05
    endloop
  endfacet
  facet normal -0 0 -1
    outer loop
      vertex -23.7995 -0.501389 -1.05
      vertex -23.9503 -0.771454 -1.05
      vertex -23.8693 -0.481049 -1.05
    endloop
  endfacet
  facet normal -0 0 -1
    outer loop
      vertex -23.8693 -0.481049 -1.05
      vertex -23.9503 -0.771454 -1.05
      vertex -23.9287 -0.452591 -1.05
    endloop
  endfacet
  facet normal 0 0 -1
    outer loop
      vertex -24.0777 -0.732803 -1.05
      vertex -23.9287 -0.452591 -1.05
      vertex -23.9503 -0.771454 -1.05
    endloop
  endfacet
  facet normal -0 0 -1
    outer loop
      vertex -23.9287 -0.452591 -1.05
      vertex -24.0777 -0.732803 -1.05
      vertex -23.9784 -0.4151 -1.05
    endloop
  endfacet
  facet normal 0 0 -1
    outer loop
      vertex -24.1864 -0.678696 -1.05
      vertex -23.9784 -0.4151 -1.05
      vertex -24.0777 -0.732803 -1.05
    endloop
  endfacet
  facet normal 0 0 -1
    outer loop
      vertex -24.2767 -0.608871 -1.05
      vertex -23.9784 -0.4151 -1.05
      vertex -24.1864 -0.678696 -1.05
    endloop
  endfacet
  facet normal -0 0 -1
    outer loop
      vertex -23.9784 -0.4151 -1.05
      vertex -24.2767 -0.608871 -1.05
      vertex -24.0192 -0.367706 -1.05
    endloop
  endfacet
  facet normal 0 0 -1
    outer loop
      vertex -24.3494 -0.523117 -1.05
      vertex -24.0192 -0.367706 -1.05
      vertex -24.2767 -0.608871 -1.05
    endloop
  endfacet
  facet normal -0 0 -1
    outer loop
      vertex -24.0192 -0.367706 -1.05
      vertex -24.3494 -0.523117 -1.05
      vertex -24.0512 -0.31041 -1.05
    endloop
  endfacet
  facet normal 0 0 -1
    outer loop
      vertex -24.4043 -0.421417 -1.05
      vertex -24.0512 -0.31041 -1.05
      vertex -24.3494 -0.523117 -1.05
    endloop
  endfacet
  facet normal -0 0 -1
    outer loop
      vertex -24.0512 -0.31041 -1.05
      vertex -24.4043 -0.421417 -1.05
      vertex -24.0743 -0.24321 -1.05
    endloop
  endfacet
  facet normal 0 0 -1
    outer loop
      vertex -24.0743 -0.24321 -1.05
      vertex -24.4043 -0.421417 -1.05
      vertex -24.4415 -0.303772 -1.05
    endloop
  endfacet
  facet normal -0 0 -1
    outer loop
      vertex -22.9959 0.096283 -1.05
      vertex -23.2761 -0.147873 -1.05
      vertex -23.0317 0.126556 -1.05
    endloop
  endfacet
  facet normal -0 0 -1
    outer loop
      vertex -23.0317 0.126556 -1.05
      vertex -23.2761 -0.147873 -1.05
      vertex -23.0733 0.154907 -1.05
    endloop
  endfacet
  facet normal 0 0 -1
    outer loop
      vertex -23.3013 -0.123795 -1.05
      vertex -23.0733 0.154907 -1.05
      vertex -23.2761 -0.147873 -1.05
    endloop
  endfacet
  facet normal -0 0 -1
    outer loop
      vertex -23.0733 0.154907 -1.05
      vertex -23.3013 -0.123795 -1.05
      vertex -23.1209 0.18132 -1.05
    endloop
  endfacet
  facet normal 0 0 -1
    outer loop
      vertex -23.3312 -0.101807 -1.05
      vertex -23.1209 0.18132 -1.05
      vertex -23.3013 -0.123795 -1.05
    endloop
  endfacet
  facet normal -0 0 -1
    outer loop
      vertex -23.1209 0.18132 -1.05
      vertex -23.3312 -0.101807 -1.05
      vertex -23.1743 0.205795 -1.05
    endloop
  endfacet
  facet normal 0 0 -1
    outer loop
      vertex -23.3657 -0.0819092 -1.05
      vertex -23.1743 0.205795 -1.05
      vertex -23.3312 -0.101807 -1.05
    endloop
  endfacet
  facet normal -0 0 -1
    outer loop
      vertex -23.1743 0.205795 -1.05
      vertex -23.3657 -0.0819092 -1.05
      vertex -23.24 0.229843 -1.05
    endloop
  endfacet
  facet normal 0 0 -1
    outer loop
      vertex -23.4049 -0.0641174 -1.05
      vertex -23.24 0.229843 -1.05
      vertex -23.3657 -0.0819092 -1.05
    endloop
  endfacet
  facet normal -0 0 -1
    outer loop
      vertex -23.24 0.229843 -1.05
      vertex -23.4049 -0.0641174 -1.05
      vertex -23.3242 0.254913 -1.05
    endloop
  endfacet
  facet normal 0 0 -1
    outer loop
      vertex -23.456 -0.0464783 -1.05
      vertex -23.3242 0.254913 -1.05
      vertex -23.4049 -0.0641174 -1.05
    endloop
  endfacet
  facet normal -0 0 -1
    outer loop
      vertex -23.3242 0.254913 -1.05
      vertex -23.456 -0.0464783 -1.05
      vertex -23.4271 0.281052 -1.05
    endloop
  endfacet
  facet normal 0 0 -1
    outer loop
      vertex -23.5262 -0.0270691 -1.05
      vertex -23.4271 0.281052 -1.05
      vertex -23.456 -0.0464783 -1.05
    endloop
  endfacet
  facet normal 0 0 -1
    outer loop
      vertex -23.5262 -0.0270691 -1.05
      vertex -23.5486 0.308228 -1.05
      vertex -23.4271 0.281052 -1.05
    endloop
  endfacet
  facet normal 0 0 -1
    outer loop
      vertex -23.6155 -0.00588989 -1.05
      vertex -23.5486 0.308228 -1.05
      vertex -23.5262 -0.0270691 -1.05
    endloop
  endfacet
  facet normal 0 0 -1
    outer loop
      vertex -23.6155 -0.00588989 -1.05
      vertex -23.6495 0.331055 -1.05
      vertex -23.5486 0.308228 -1.05
    endloop
  endfacet
  facet normal 0 0 -1
    outer loop
      vertex -23.7238 0.0170593 -1.05
      vertex -23.6495 0.331055 -1.05
      vertex -23.6155 -0.00588989 -1.05
    endloop
  endfacet
  facet normal 0 0 -1
    outer loop
      vertex -23.7238 0.0170593 -1.05
      vertex -23.7319 0.351868 -1.05
      vertex -23.6495 0.331055 -1.05
    endloop
  endfacet
  facet normal 0 0 -1
    outer loop
      vertex -23.8179 0.0397186 -1.05
      vertex -23.7319 0.351868 -1.05
      vertex -23.7238 0.0170593 -1.05
    endloop
  endfacet
  facet normal -0 0 -1
    outer loop
      vertex -23.7319 0.351868 -1.05
      vertex -23.8179 0.0397186 -1.05
      vertex -23.7957 0.370667 -1.05
    endloop
  endfacet
  facet normal 0 0 -1
    outer loop
      vertex -23.8965 0.0600586 -1.05
      vertex -23.7957 0.370667 -1.05
      vertex -23.8179 0.0397186 -1.05
    endloop
  endfacet
  facet normal -0 0 -1
    outer loop
      vertex -23.7957 0.370667 -1.05
      vertex -23.8965 0.0600586 -1.05
      vertex -23.8411 0.387466 -1.05
    endloop
  endfacet
  facet normal 0 0 -1
    outer loop
      vertex -23.9596 0.0780487 -1.05
      vertex -23.8411 0.387466 -1.05
      vertex -23.8965 0.0600586 -1.05
    endloop
  endfacet
  facet normal -0 0 -1
    outer loop
      vertex -23.8411 0.387466 -1.05
      vertex -23.9596 0.0780487 -1.05
      vertex -23.8749 0.404099 -1.05
    endloop
  endfacet
  facet normal 0 0 -1
    outer loop
      vertex -24.0073 0.0937042 -1.05
      vertex -23.8749 0.404099 -1.05
      vertex -23.9596 0.0780487 -1.05
    endloop
  endfacet
  facet normal 0 0 -1
    outer loop
      vertex -24.0463 0.108841 -1.05
      vertex -23.8749 0.404099 -1.05
      vertex -24.0073 0.0937042 -1.05
    endloop
  endfacet
  facet normal -0 0 -1
    outer loop
      vertex -23.8749 0.404099 -1.05
      vertex -24.0463 0.108841 -1.05
      vertex -23.9044 0.422409 -1.05
    endloop
  endfacet
  facet normal 0 0 -1
    outer loop
      vertex -24.0833 0.125275 -1.05
      vertex -23.9044 0.422409 -1.05
      vertex -24.0463 0.108841 -1.05
    endloop
  endfacet
  facet normal 0 0 -1
    outer loop
      vertex -24.1184 0.14299 -1.05
      vertex -23.9044 0.422409 -1.05
      vertex -24.0833 0.125275 -1.05
    endloop
  endfacet
  facet normal -0 0 -1
    outer loop
      vertex -23.9044 0.422409 -1.05
      vertex -24.1184 0.14299 -1.05
      vertex -23.9294 0.442429 -1.05
    endloop
  endfacet
  facet normal 0 0 -1
    outer loop
      vertex -24.1516 0.161987 -1.05
      vertex -23.9294 0.442429 -1.05
      vertex -24.1184 0.14299 -1.05
    endloop
  endfacet
  facet normal 0 0 -1
    outer loop
      vertex -24.1826 0.182648 -1.05
      vertex -23.9294 0.442429 -1.05
      vertex -24.1516 0.161987 -1.05
    endloop
  endfacet
  facet normal 0 0 -1
    outer loop
      vertex -23.2767 0.56076 -1.05
      vertex -22.9402 0.724152 -1.05
      vertex -22.9082 0.611008 -1.05
    endloop
  endfacet
  facet normal -0 0 -1
    outer loop
      vertex -22.9402 0.724152 -1.05
      vertex -23.2946 0.615753 -1.05
      vertex -22.9873 0.820068 -1.05
    endloop
  endfacet
  facet normal 0 0 -1
    outer loop
      vertex -23.3197 0.663513 -1.05
      vertex -22.9873 0.820068 -1.05
      vertex -23.2946 0.615753 -1.05
    endloop
  endfacet
  facet normal -0 0 -1
    outer loop
      vertex -22.9873 0.820068 -1.05
      vertex -23.3197 0.663513 -1.05
      vertex -23.0494 0.898743 -1.05
    endloop
  endfacet
  facet normal 0 0 -1
    outer loop
      vertex -22.9402 0.724152 -1.05
      vertex -23.2767 0.56076 -1.05
      vertex -23.2946 0.615753 -1.05
    endloop
  endfacet
  facet normal -0 0 -1
    outer loop
      vertex -23.0494 0.898743 -1.05
      vertex -23.3197 0.663513 -1.05
      vertex -23.1266 0.960175 -1.05
    endloop
  endfacet
  facet normal 0 0 -1
    outer loop
      vertex -23.3522 0.70401 -1.05
      vertex -23.1266 0.960175 -1.05
      vertex -23.3197 0.663513 -1.05
    endloop
  endfacet
  facet normal -0 0 -1
    outer loop
      vertex -23.1266 0.960175 -1.05
      vertex -23.3522 0.70401 -1.05
      vertex -23.2219 1.00641 -1.05
    endloop
  endfacet
  facet normal 0 0 -1
    outer loop
      vertex -23.392 0.737274 -1.05
      vertex -23.2219 1.00641 -1.05
      vertex -23.3522 0.70401 -1.05
    endloop
  endfacet
  facet normal -0 0 -1
    outer loop
      vertex -23.2219 1.00641 -1.05
      vertex -23.392 0.737274 -1.05
      vertex -23.3381 1.03941 -1.05
    endloop
  endfacet
  facet normal 0 0 -1
    outer loop
      vertex -23.4402 0.763199 -1.05
      vertex -23.3381 1.03941 -1.05
      vertex -23.392 0.737274 -1.05
    endloop
  endfacet
  facet normal 0 0 -1
    outer loop
      vertex -23.4979 0.781723 -1.05
      vertex -23.3381 1.03941 -1.05
      vertex -23.4402 0.763199 -1.05
    endloop
  endfacet
  facet normal -0 0 -1
    outer loop
      vertex -23.3381 1.03941 -1.05
      vertex -23.4979 0.781723 -1.05
      vertex -23.4754 1.05923 -1.05
    endloop
  endfacet
  facet normal 0 0 -1
    outer loop
      vertex -23.5649 0.792847 -1.05
      vertex -23.4754 1.05923 -1.05
      vertex -23.4979 0.781723 -1.05
    endloop
  endfacet
  facet normal 0 0 -1
    outer loop
      vertex -23.5649 0.792847 -1.05
      vertex -23.6336 1.06584 -1.05
      vertex -23.4754 1.05923 -1.05
    endloop
  endfacet
  facet normal 0 0 -1
    outer loop
      vertex -23.6413 0.796555 -1.05
      vertex -23.6336 1.06584 -1.05
      vertex -23.5649 0.792847 -1.05
    endloop
  endfacet
  facet normal 0 0 -1
    outer loop
      vertex -23.7996 1.05766 -1.05
      vertex -23.6413 0.796555 -1.05
      vertex -23.7924 0.78302 -1.05
    endloop
  endfacet
  facet normal 0 0 -1
    outer loop
      vertex -23.6413 0.796555 -1.05
      vertex -23.7996 1.05766 -1.05
      vertex -23.6336 1.06584 -1.05
    endloop
  endfacet
  facet normal 0 0 -1
    outer loop
      vertex -23.9446 1.03314 -1.05
      vertex -23.7924 0.78302 -1.05
      vertex -23.9003 0.742432 -1.05
    endloop
  endfacet
  facet normal 0 0 -1
    outer loop
      vertex -23.7924 0.78302 -1.05
      vertex -23.9446 1.03314 -1.05
      vertex -23.7996 1.05766 -1.05
    endloop
  endfacet
  facet normal 0 0 -1
    outer loop
      vertex -24.1715 0.935059 -1.05
      vertex -23.9003 0.742432 -1.05
      vertex -23.9651 0.674789 -1.05
    endloop
  endfacet
  facet normal 0 0 -1
    outer loop
      vertex -24.3102 0.775452 -1.05
      vertex -23.9651 0.674789 -1.05
      vertex -23.9867 0.580093 -1.05
    endloop
  endfacet
  facet normal -0 0 -1
    outer loop
      vertex -23.9294 0.442429 -1.05
      vertex -24.1826 0.182648 -1.05
      vertex -23.9499 0.464127 -1.05
    endloop
  endfacet
  facet normal 0 0 -1
    outer loop
      vertex -24.2112 0.205322 -1.05
      vertex -23.9499 0.464127 -1.05
      vertex -24.1826 0.182648 -1.05
    endloop
  endfacet
  facet normal 0 0 -1
    outer loop
      vertex -23.9003 0.742432 -1.05
      vertex -24.0686 0.992279 -1.05
      vertex -23.9446 1.03314 -1.05
    endloop
  endfacet
  facet normal 0 0 -1
    outer loop
      vertex -24.2374 0.230011 -1.05
      vertex -23.9499 0.464127 -1.05
      vertex -24.2112 0.205322 -1.05
    endloop
  endfacet
  facet normal 0 0 -1
    outer loop
      vertex -24.2611 0.256699 -1.05
      vertex -23.9499 0.464127 -1.05
      vertex -24.2374 0.230011 -1.05
    endloop
  endfacet
  facet normal -0 0 -1
    outer loop
      vertex -23.9499 0.464127 -1.05
      vertex -24.2611 0.256699 -1.05
      vertex -23.966 0.488281 -1.05
    endloop
  endfacet
  facet normal 0 -0 -1
    outer loop
      vertex -24.3449 0.674026 -1.05
      vertex -23.9867 0.580093 -1.05
      vertex -24.3564 0.558197 -1.05
    endloop
  endfacet
  facet normal 0 0 -1
    outer loop
      vertex -24.2824 0.285614 -1.05
      vertex -23.966 0.488281 -1.05
      vertex -24.2611 0.256699 -1.05
    endloop
  endfacet
  facet normal 0 0 -1
    outer loop
      vertex -24.3012 0.31694 -1.05
      vertex -23.966 0.488281 -1.05
      vertex -24.2824 0.285614 -1.05
    endloop
  endfacet
  facet normal 0 0 -1
    outer loop
      vertex -24.3175 0.350677 -1.05
      vertex -23.966 0.488281 -1.05
      vertex -24.3012 0.31694 -1.05
    endloop
  endfacet
  facet normal 0 0 -1
    outer loop
      vertex -23.9844 0.54628 -1.05
      vertex -24.3564 0.558197 -1.05
      vertex -23.9867 0.580093 -1.05
    endloop
  endfacet
  facet normal -0 0 -1
    outer loop
      vertex -23.966 0.488281 -1.05
      vertex -24.3175 0.350677 -1.05
      vertex -23.9775 0.515671 -1.05
    endloop
  endfacet
  facet normal 0 0 -1
    outer loop
      vertex -24.3313 0.386826 -1.05
      vertex -23.9775 0.515671 -1.05
      vertex -24.3175 0.350677 -1.05
    endloop
  endfacet
  facet normal 0 0 -1
    outer loop
      vertex -24.3423 0.425568 -1.05
      vertex -23.9775 0.515671 -1.05
      vertex -24.3313 0.386826 -1.05
    endloop
  endfacet
  facet normal 0 0 -1
    outer loop
      vertex -23.9003 0.742432 -1.05
      vertex -24.1715 0.935059 -1.05
      vertex -24.0686 0.992279 -1.05
    endloop
  endfacet
  facet normal 0 0 -1
    outer loop
      vertex -24.3501 0.467041 -1.05
      vertex -23.9775 0.515671 -1.05
      vertex -24.3423 0.425568 -1.05
    endloop
  endfacet
  facet normal -0 0 -1
    outer loop
      vertex -23.9775 0.515671 -1.05
      vertex -24.3501 0.467041 -1.05
      vertex -23.9844 0.54628 -1.05
    endloop
  endfacet
  facet normal 0 0 -1
    outer loop
      vertex -24.3549 0.511246 -1.05
      vertex -23.9844 0.54628 -1.05
      vertex -24.3501 0.467041 -1.05
    endloop
  endfacet
  facet normal 0 0 -1
    outer loop
      vertex -24.3564 0.558197 -1.05
      vertex -23.9844 0.54628 -1.05
      vertex -24.3549 0.511246 -1.05
    endloop
  endfacet
  facet normal 0 -0 -1
    outer loop
      vertex -24.3102 0.775452 -1.05
      vertex -23.9867 0.580093 -1.05
      vertex -24.3449 0.674026 -1.05
    endloop
  endfacet
  facet normal 0 0 -1
    outer loop
      vertex -23.9651 0.674789 -1.05
      vertex -24.2524 0.862457 -1.05
      vertex -24.1715 0.935059 -1.05
    endloop
  endfacet
  facet normal 0 0 -1
    outer loop
      vertex -23.9651 0.674789 -1.05
      vertex -24.3102 0.775452 -1.05
      vertex -24.2524 0.862457 -1.05
    endloop
  endfacet
  facet normal 0 0 -1
    outer loop
      vertex -18.1425 -0.776611 -1.05
      vertex -18.9851 -0.478989 -1.05
      vertex -18.1425 -0.478989 -1.05
    endloop
  endfacet
  facet normal 0 0 -1
    outer loop
      vertex -18.875 -0.321793 -1.05
      vertex -19.1416 -0.146408 -1.05
      vertex -19.0636 -0.0699005 -1.05
    endloop
  endfacet
  facet normal 0 0 -1
    outer loop
      vertex -18.9647 -0.437744 -1.05
      vertex -19.2112 -0.221298 -1.05
      vertex -19.1416 -0.146408 -1.05
    endloop
  endfacet
  facet normal 0 0 -1
    outer loop
      vertex -18.9647 -0.437744 -1.05
      vertex -19.2729 -0.295868 -1.05
      vertex -19.2112 -0.221298 -1.05
    endloop
  endfacet
  facet normal 0 0 -1
    outer loop
      vertex -18.9851 -0.478989 -1.05
      vertex -19.327 -0.371399 -1.05
      vertex -19.2729 -0.295868 -1.05
    endloop
  endfacet
  facet normal 0 0 -1
    outer loop
      vertex -19.4129 -0.776611 -1.05
      vertex -18.9851 -0.478989 -1.05
      vertex -18.1425 -0.776611 -1.05
    endloop
  endfacet
  facet normal 0 0 -1
    outer loop
      vertex -19.4129 -0.525375 -1.05
      vertex -18.9851 -0.478989 -1.05
      vertex -19.4129 -0.776611 -1.05
    endloop
  endfacet
  facet normal 0 0 -1
    outer loop
      vertex -18.9851 -0.478989 -1.05
      vertex -19.3737 -0.447906 -1.05
      vertex -19.327 -0.371399 -1.05
    endloop
  endfacet
  facet normal -0 0 -1
    outer loop
      vertex -18.9851 -0.478989 -1.05
      vertex -19.4129 -0.525375 -1.05
      vertex -19.3737 -0.447906 -1.05
    endloop
  endfacet
  facet normal -0 0 -1
    outer loop
      vertex -18.174 0.493362 -1.05
      vertex -18.5428 0.491592 -1.05
      vertex -18.538 0.540146 -1.05
    endloop
  endfacet
  facet normal 0 0 -1
    outer loop
      vertex -18.4776 0.0106354 -1.05
      vertex -18.5572 0.442551 -1.05
      vertex -18.5428 0.491592 -1.05
    endloop
  endfacet
  facet normal 0 0 -1
    outer loop
      vertex -18.7199 0.228989 -1.05
      vertex -18.5245 -0.0280304 -1.05
      vertex -18.5721 -0.0658112 -1.05
    endloop
  endfacet
  facet normal 0 0 -1
    outer loop
      vertex -18.4776 0.0106354 -1.05
      vertex -18.5812 0.393021 -1.05
      vertex -18.5572 0.442551 -1.05
    endloop
  endfacet
  facet normal 0 0 -1
    outer loop
      vertex -18.4776 0.0106354 -1.05
      vertex -18.6147 0.343018 -1.05
      vertex -18.5812 0.393021 -1.05
    endloop
  endfacet
  facet normal 0 0 -1
    outer loop
      vertex -18.7938 0.161835 -1.05
      vertex -18.5721 -0.0658112 -1.05
      vertex -18.619 -0.103088 -1.05
    endloop
  endfacet
  facet normal 0 0 -1
    outer loop
      vertex -18.4776 0.0106354 -1.05
      vertex -18.6601 0.289383 -1.05
      vertex -18.6147 0.343018 -1.05
    endloop
  endfacet
  facet normal 0 0 -1
    outer loop
      vertex -18.882 0.0879059 -1.05
      vertex -18.619 -0.103088 -1.05
      vertex -18.6652 -0.139893 -1.05
    endloop
  endfacet
  facet normal 0 0 -1
    outer loop
      vertex -18.882 0.0879059 -1.05
      vertex -18.6652 -0.139893 -1.05
      vertex -18.7107 -0.176224 -1.05
    endloop
  endfacet
  facet normal 0 0 -1
    outer loop
      vertex -18.4776 0.0106354 -1.05
      vertex -18.7199 0.228989 -1.05
      vertex -18.6601 0.289383 -1.05
    endloop
  endfacet
  facet normal 0 0 -1
    outer loop
      vertex -18.977 0.00819397 -1.05
      vertex -18.7107 -0.176224 -1.05
      vertex -18.7548 -0.212372 -1.05
    endloop
  endfacet
  facet normal 0 0 -1
    outer loop
      vertex -18.5721 -0.0658112 -1.05
      vertex -18.7938 0.161835 -1.05
      vertex -18.7199 0.228989 -1.05
    endloop
  endfacet
  facet normal 0 0 -1
    outer loop
      vertex -18.977 0.00819397 -1.05
      vertex -18.7548 -0.212372 -1.05
      vertex -18.7968 -0.248688 -1.05
    endloop
  endfacet
  facet normal 0 0 -1
    outer loop
      vertex -19.0636 -0.0699005 -1.05
      vertex -18.7968 -0.248688 -1.05
      vertex -18.8369 -0.285156 -1.05
    endloop
  endfacet
  facet normal 0 0 -1
    outer loop
      vertex -19.0636 -0.0699005 -1.05
      vertex -18.8369 -0.285156 -1.05
      vertex -18.875 -0.321793 -1.05
    endloop
  endfacet
  facet normal 0 0 -1
    outer loop
      vertex -18.619 -0.103088 -1.05
      vertex -18.882 0.0879059 -1.05
      vertex -18.7938 0.161835 -1.05
    endloop
  endfacet
  facet normal 0 0 -1
    outer loop
      vertex -19.1416 -0.146408 -1.05
      vertex -18.875 -0.321793 -1.05
      vertex -18.9096 -0.359161 -1.05
    endloop
  endfacet
  facet normal 0 0 -1
    outer loop
      vertex -19.1416 -0.146408 -1.05
      vertex -18.9096 -0.359161 -1.05
      vertex -18.9395 -0.397812 -1.05
    endloop
  endfacet
  facet normal 0 0 -1
    outer loop
      vertex -19.1416 -0.146408 -1.05
      vertex -18.9395 -0.397812 -1.05
      vertex -18.9647 -0.437744 -1.05
    endloop
  endfacet
  facet normal 0 0 -1
    outer loop
      vertex -18.7107 -0.176224 -1.05
      vertex -18.977 0.00819397 -1.05
      vertex -18.882 0.0879059 -1.05
    endloop
  endfacet
  facet normal 0 0 -1
    outer loop
      vertex -19.2729 -0.295868 -1.05
      vertex -18.9647 -0.437744 -1.05
      vertex -18.9851 -0.478989 -1.05
    endloop
  endfacet
  facet normal 0 0 -1
    outer loop
      vertex -18.7968 -0.248688 -1.05
      vertex -19.0636 -0.0699005 -1.05
      vertex -18.977 0.00819397 -1.05
    endloop
  endfacet
  facet normal 0 0 -1
    outer loop
      vertex -18.538 0.540146 -1.05
      vertex -18.1708 0.555603 -1.05
      vertex -18.174 0.493362 -1.05
    endloop
  endfacet
  facet normal 0 0 -1
    outer loop
      vertex -18.5428 0.491592 -1.05
      vertex -18.174 0.493362 -1.05
      vertex -18.1834 0.434174 -1.05
    endloop
  endfacet
  facet normal 0 0 -1
    outer loop
      vertex -18.5428 0.491592 -1.05
      vertex -18.1834 0.434174 -1.05
      vertex -18.1991 0.378052 -1.05
    endloop
  endfacet
  facet normal -0 0 -1
    outer loop
      vertex -18.1708 0.555603 -1.05
      vertex -18.538 0.540146 -1.05
      vertex -18.1806 0.669952 -1.05
    endloop
  endfacet
  facet normal 0 0 -1
    outer loop
      vertex -18.5428 0.491592 -1.05
      vertex -18.1991 0.378052 -1.05
      vertex -18.2211 0.324982 -1.05
    endloop
  endfacet
  facet normal 0 0 -1
    outer loop
      vertex -18.5428 0.491592 -1.05
      vertex -18.2211 0.324982 -1.05
      vertex -18.248 0.27446 -1.05
    endloop
  endfacet
  facet normal 0 0 -1
    outer loop
      vertex -18.5529 0.64386 -1.05
      vertex -18.1806 0.669952 -1.05
      vertex -18.538 0.540146 -1.05
    endloop
  endfacet
  facet normal 0 0 -1
    outer loop
      vertex -18.5428 0.491592 -1.05
      vertex -18.248 0.27446 -1.05
      vertex -18.2784 0.225937 -1.05
    endloop
  endfacet
  facet normal 0 0 -1
    outer loop
      vertex -18.5428 0.491592 -1.05
      vertex -18.2784 0.225937 -1.05
      vertex -18.3124 0.179428 -1.05
    endloop
  endfacet
  facet normal -0 0 -1
    outer loop
      vertex -18.1806 0.669952 -1.05
      vertex -18.5529 0.64386 -1.05
      vertex -18.2101 0.770782 -1.05
    endloop
  endfacet
  facet normal 0 0 -1
    outer loop
      vertex -18.5428 0.491592 -1.05
      vertex -18.3124 0.179428 -1.05
      vertex -18.3499 0.134933 -1.05
    endloop
  endfacet
  facet normal 0 0 -1
    outer loop
      vertex -18.5428 0.491592 -1.05
      vertex -18.3499 0.134933 -1.05
      vertex -18.3903 0.0921326 -1.05
    endloop
  endfacet
  facet normal -0 0 -1
    outer loop
      vertex -18.2101 0.770782 -1.05
      vertex -18.5529 0.64386 -1.05
      vertex -18.2592 0.858063 -1.05
    endloop
  endfacet
  facet normal 0 0 -1
    outer loop
      vertex -18.5428 0.491592 -1.05
      vertex -18.3903 0.0921326 -1.05
      vertex -18.4329 0.050705 -1.05
    endloop
  endfacet
  facet normal 0 0 -1
    outer loop
      vertex -18.5428 0.491592 -1.05
      vertex -18.4329 0.050705 -1.05
      vertex -18.4776 0.0106354 -1.05
    endloop
  endfacet
  facet normal -0 0 -1
    outer loop
      vertex -18.2592 0.858063 -1.05
      vertex -18.5529 0.64386 -1.05
      vertex -18.328 0.931824 -1.05
    endloop
  endfacet
  facet normal 0 0 -1
    outer loop
      vertex -18.7199 0.228989 -1.05
      vertex -18.4776 0.0106354 -1.05
      vertex -18.5245 -0.0280304 -1.05
    endloop
  endfacet
  facet normal 0 0 -1
    outer loop
      vertex -18.5976 0.717957 -1.05
      vertex -18.328 0.931824 -1.05
      vertex -18.5529 0.64386 -1.05
    endloop
  endfacet
  facet normal -0 0 -1
    outer loop
      vertex -18.328 0.931824 -1.05
      vertex -18.5976 0.717957 -1.05
      vertex -18.4151 0.990463 -1.05
    endloop
  endfacet
  facet normal -0 0 -1
    outer loop
      vertex -18.4151 0.990463 -1.05
      vertex -18.5976 0.717957 -1.05
      vertex -18.5193 1.03233 -1.05
    endloop
  endfacet
  facet normal 0 0 -1
    outer loop
      vertex -18.6721 0.762405 -1.05
      vertex -18.5193 1.03233 -1.05
      vertex -18.5976 0.717957 -1.05
    endloop
  endfacet
  facet normal -0 0 -1
    outer loop
      vertex -18.5193 1.03233 -1.05
      vertex -18.6721 0.762405 -1.05
      vertex -18.6406 1.05746 -1.05
    endloop
  endfacet
  facet normal 0 0 -1
    outer loop
      vertex -18.7764 0.777222 -1.05
      vertex -18.6406 1.05746 -1.05
      vertex -18.6721 0.762405 -1.05
    endloop
  endfacet
  facet normal 0 0 -1
    outer loop
      vertex -18.7764 0.777222 -1.05
      vertex -18.779 1.06584 -1.05
      vertex -18.6406 1.05746 -1.05
    endloop
  endfacet
  facet normal 0 0 -1
    outer loop
      vertex -18.8309 0.773315 -1.05
      vertex -18.779 1.06584 -1.05
      vertex -18.7764 0.777222 -1.05
    endloop
  endfacet
  facet normal 0 0 -1
    outer loop
      vertex -18.9078 1.05754 -1.05
      vertex -18.8309 0.773315 -1.05
      vertex -18.8787 0.761597 -1.05
    endloop
  endfacet
  facet normal 0 0 -1
    outer loop
      vertex -18.8309 0.773315 -1.05
      vertex -18.9078 1.05754 -1.05
      vertex -18.779 1.06584 -1.05
    endloop
  endfacet
  facet normal 0 0 -1
    outer loop
      vertex -19.0223 1.03265 -1.05
      vertex -18.8787 0.761597 -1.05
      vertex -18.9195 0.742081 -1.05
    endloop
  endfacet
  facet normal 0 0 -1
    outer loop
      vertex -19.1226 0.99118 -1.05
      vertex -18.9195 0.742081 -1.05
      vertex -18.9535 0.714737 -1.05
    endloop
  endfacet
  facet normal 0 0 -1
    outer loop
      vertex -19.2087 0.933121 -1.05
      vertex -18.9535 0.714737 -1.05
      vertex -18.9814 0.679581 -1.05
    endloop
  endfacet
  facet normal 0 0 -1
    outer loop
      vertex -19.2796 0.859283 -1.05
      vertex -18.9814 0.679581 -1.05
      vertex -19.004 0.636627 -1.05
    endloop
  endfacet
  facet normal 0 0 -1
    outer loop
      vertex -19.3348 0.770462 -1.05
      vertex -19.004 0.636627 -1.05
      vertex -19.0211 0.585846 -1.05
    endloop
  endfacet
  facet normal 0 0 -1
    outer loop
      vertex -18.8787 0.761597 -1.05
      vertex -19.0223 1.03265 -1.05
      vertex -18.9078 1.05754 -1.05
    endloop
  endfacet
  facet normal 0 0 -1
    outer loop
      vertex -19.374 0.666656 -1.05
      vertex -19.0211 0.585846 -1.05
      vertex -19.0328 0.527267 -1.05
    endloop
  endfacet
  facet normal 0 0 -1
    outer loop
      vertex -18.9195 0.742081 -1.05
      vertex -19.1226 0.99118 -1.05
      vertex -19.0223 1.03265 -1.05
    endloop
  endfacet
  facet normal 0 0 -1
    outer loop
      vertex -18.9535 0.714737 -1.05
      vertex -19.2087 0.933121 -1.05
      vertex -19.1226 0.99118 -1.05
    endloop
  endfacet
  facet normal 0 0 -1
    outer loop
      vertex -18.9814 0.679581 -1.05
      vertex -19.2796 0.859283 -1.05
      vertex -19.2087 0.933121 -1.05
    endloop
  endfacet
  facet normal 0 0 -1
    outer loop
      vertex -19.004 0.636627 -1.05
      vertex -19.3348 0.770462 -1.05
      vertex -19.2796 0.859283 -1.05
    endloop
  endfacet
  facet normal 0 0 -1
    outer loop
      vertex -19.0211 0.585846 -1.05
      vertex -19.374 0.666656 -1.05
      vertex -19.3348 0.770462 -1.05
    endloop
  endfacet
  facet normal 0 -0 -1
    outer loop
      vertex -19.374 0.666656 -1.05
      vertex -19.0328 0.527267 -1.05
      vertex -19.3974 0.547882 -1.05
    endloop
  endfacet
  facet normal 0 0 -1
    outer loop
      vertex -21.3659 -0.776611 -1.05
      vertex -21.7563 0.270874 -1.05
      vertex -20.9175 -0.776611 -1.05
    endloop
  endfacet
  facet normal 0 -0 -1
    outer loop
      vertex -21.7563 0.270874 -1.05
      vertex -21.3659 -0.776611 -1.05
      vertex -22.0178 0.0569916 -1.05
    endloop
  endfacet
  facet normal 0 0 -1
    outer loop
      vertex -21.7563 0.270874 -1.05
      vertex -21.4239 1.03877 -1.05
      vertex -20.9806 1.03877 -1.05
    endloop
  endfacet
  facet normal 0 0 -1
    outer loop
      vertex -22.242 0.215469 -1.05
      vertex -21.7563 0.270874 -1.05
      vertex -22.0178 0.0569916 -1.05
    endloop
  endfacet
  facet normal 0 0 -1
    outer loop
      vertex -22.242 0.215469 -1.05
      vertex -22.0178 0.0569916 -1.05
      vertex -22.242 -0.114349 -1.05
    endloop
  endfacet
  facet normal -0 0 -1
    outer loop
      vertex -21.7563 0.270874 -1.05
      vertex -22.242 0.215469 -1.05
      vertex -21.4239 1.03877 -1.05
    endloop
  endfacet
  facet normal 0 0 -1
    outer loop
      vertex -22.6221 -0.776611 -1.05
      vertex -22.242 -0.114349 -1.05
      vertex -22.242 -0.776611 -1.05
    endloop
  endfacet
  facet normal -0 0 -1
    outer loop
      vertex -22.242 -0.114349 -1.05
      vertex -22.6221 -0.776611 -1.05
      vertex -22.242 0.215469 -1.05
    endloop
  endfacet
  facet normal 0 0 -1
    outer loop
      vertex -22.6221 1.03877 -1.05
      vertex -22.242 0.215469 -1.05
      vertex -22.6221 -0.776611 -1.05
    endloop
  endfacet
  facet normal 0 0 -1
    outer loop
      vertex -22.242 0.215469 -1.05
      vertex -22.6221 1.03877 -1.05
      vertex -22.242 1.03877 -1.05
    endloop
  endfacet
  facet normal 0 0 -1
    outer loop
      vertex -20.0717 -0.406845 -1.05
      vertex -20.6026 -0.137558 -1.05
      vertex -20.0717 -0.137558 -1.05
    endloop
  endfacet
  facet normal 0 -0 -1
    outer loop
      vertex -20.6026 -0.137558 -1.05
      vertex -20.0717 -0.406845 -1.05
      vertex -20.8976 -0.406845 -1.05
    endloop
  endfacet
  facet normal 0 0 -1
    outer loop
      vertex -20.0717 -0.406845 -1.05
      vertex -19.7264 -0.406845 -1.05
      vertex -19.7264 -0.776611 -1.05
    endloop
  endfacet
  facet normal 0 0 -1
    outer loop
      vertex -19.7264 -0.406845 -1.05
      vertex -20.0717 -0.406845 -1.05
      vertex -19.7264 -0.137558 -1.05
    endloop
  endfacet
  facet normal 0 0 -1
    outer loop
      vertex -20.0717 0.456406 -1.05
      vertex -19.7264 -0.137558 -1.05
      vertex -20.0717 -0.137558 -1.05
    endloop
  endfacet
  facet normal 0 -0 -1
    outer loop
      vertex -20.0616 0.696289 -1.05
      vertex -19.7264 1.03877 -1.05
      vertex -20.0632 0.673828 -1.05
    endloop
  endfacet
  facet normal 0 0 -1
    outer loop
      vertex -19.7264 1.03877 -1.05
      vertex -20.0616 0.696289 -1.05
      vertex -20.0602 0.711502 -1.05
    endloop
  endfacet
  facet normal 0 0 -1
    outer loop
      vertex -19.7264 1.03877 -1.05
      vertex -20.0651 0.644104 -1.05
      vertex -20.0632 0.673828 -1.05
    endloop
  endfacet
  facet normal 0 0 -1
    outer loop
      vertex -19.7264 1.03877 -1.05
      vertex -20.0672 0.607132 -1.05
      vertex -20.0651 0.644104 -1.05
    endloop
  endfacet
  facet normal 0 0 -1
    outer loop
      vertex -19.7264 1.03877 -1.05
      vertex -20.0692 0.567276 -1.05
      vertex -20.0672 0.607132 -1.05
    endloop
  endfacet
  facet normal 0 0 -1
    outer loop
      vertex -19.7264 1.03877 -1.05
      vertex -20.0706 0.52887 -1.05
      vertex -20.0692 0.567276 -1.05
    endloop
  endfacet
  facet normal 0 0 -1
    outer loop
      vertex -19.7264 1.03877 -1.05
      vertex -20.0715 0.491913 -1.05
      vertex -20.0706 0.52887 -1.05
    endloop
  endfacet
  facet normal 0 0 -1
    outer loop
      vertex -20.0717 -0.406845 -1.05
      vertex -19.7264 -0.776611 -1.05
      vertex -20.0717 -0.776611 -1.05
    endloop
  endfacet
  facet normal -0 0 -1
    outer loop
      vertex -19.7264 -0.137558 -1.05
      vertex -20.0717 -0.406845 -1.05
      vertex -20.0717 -0.137558 -1.05
    endloop
  endfacet
  facet normal 0 0 -1
    outer loop
      vertex -19.7264 -0.137558 -1.05
      vertex -20.0717 0.456406 -1.05
      vertex -19.7264 1.03877 -1.05
    endloop
  endfacet
  facet normal 0 0 -1
    outer loop
      vertex -19.7264 1.03877 -1.05
      vertex -20.0717 0.456406 -1.05
      vertex -20.0715 0.491913 -1.05
    endloop
  endfacet
  facet normal 0 0 -1
    outer loop
      vertex -19.7264 -0.406845 -1.05
      vertex -19.4842 -0.137558 -1.05
      vertex -19.4842 -0.406845 -1.05
    endloop
  endfacet
  facet normal -0 0 -1
    outer loop
      vertex -19.4842 -0.137558 -1.05
      vertex -19.7264 -0.406845 -1.05
      vertex -19.7264 -0.137558 -1.05
    endloop
  endfacet
  facet normal 0 0 -1
    outer loop
      vertex -20.131 1.03877 -1.05
      vertex -20.0803 0.671402 -1.05
      vertex -20.1072 0.62326 -1.05
    endloop
  endfacet
  facet normal 0 0 -1
    outer loop
      vertex -20.0602 0.711502 -1.05
      vertex -20.131 1.03877 -1.05
      vertex -19.7264 1.03877 -1.05
    endloop
  endfacet
  facet normal 0 0 -1
    outer loop
      vertex -20.0803 0.671402 -1.05
      vertex -20.131 1.03877 -1.05
      vertex -20.0602 0.711502 -1.05
    endloop
  endfacet
  facet normal 0 0 -1
    outer loop
      vertex -20.1408 0.567047 -1.05
      vertex -20.131 1.03877 -1.05
      vertex -20.1072 0.62326 -1.05
    endloop
  endfacet
  facet normal 0 0 -1
    outer loop
      vertex -20.1812 0.502792 -1.05
      vertex -20.131 1.03877 -1.05
      vertex -20.1408 0.567047 -1.05
    endloop
  endfacet
  facet normal 0 0 -1
    outer loop
      vertex -20.8976 -0.134964 -1.05
      vertex -20.1812 0.502792 -1.05
      vertex -20.6026 -0.137558 -1.05
    endloop
  endfacet
  facet normal 0 0 -1
    outer loop
      vertex -20.8976 -0.134964 -1.05
      vertex -20.6026 -0.137558 -1.05
      vertex -20.8976 -0.406845 -1.05
    endloop
  endfacet
  facet normal -0 0 -1
    outer loop
      vertex -20.1812 0.502792 -1.05
      vertex -20.8976 -0.134964 -1.05
      vertex -20.131 1.03877 -1.05
    endloop
  endfacet
  facet normal 0 0 -1
    outer loop
      vertex -6.85773 -0.776611 -1.05
      vertex -6.49567 -0.0293274 -1.05
      vertex -6.49567 -0.776611 -1.05
    endloop
  endfacet
  facet normal 0 0 -1
    outer loop
      vertex -6.49567 -0.0293274 -1.05
      vertex -6.50598 0.340439 -1.05
      vertex -6.50084 0.340439 -1.05
    endloop
  endfacet
  facet normal 0 0 -1
    outer loop
      vertex -6.49567 -0.0293274 -1.05
      vertex -6.85773 0.305664 -1.05
      vertex -6.50598 0.340439 -1.05
    endloop
  endfacet
  facet normal 0 0 -1
    outer loop
      vertex -6.85794 0.359161 -1.05
      vertex -6.50598 0.340439 -1.05
      vertex -6.85773 0.305664 -1.05
    endloop
  endfacet
  facet normal 0 0 -1
    outer loop
      vertex -6.50598 0.340439 -1.05
      vertex -6.85794 0.359161 -1.05
      vertex -6.5064 0.364563 -1.05
    endloop
  endfacet
  facet normal -0 0 -1
    outer loop
      vertex -6.5064 0.364563 -1.05
      vertex -6.85794 0.359161 -1.05
      vertex -6.5076 0.396973 -1.05
    endloop
  endfacet
  facet normal 0 0 -1
    outer loop
      vertex -6.85854 0.407593 -1.05
      vertex -6.5076 0.396973 -1.05
      vertex -6.85794 0.359161 -1.05
    endloop
  endfacet
  facet normal 0 0 -1
    outer loop
      vertex -6.5076 0.396973 -1.05
      vertex -6.85854 0.407593 -1.05
      vertex -6.50962 0.437683 -1.05
    endloop
  endfacet
  facet normal 0 0 -1
    outer loop
      vertex -6.85955 0.450958 -1.05
      vertex -6.50962 0.437683 -1.05
      vertex -6.85854 0.407593 -1.05
    endloop
  endfacet
  facet normal 0 0 -1
    outer loop
      vertex -6.50962 0.437683 -1.05
      vertex -6.85955 0.450958 -1.05
      vertex -6.51242 0.486679 -1.05
    endloop
  endfacet
  facet normal -0 0 -1
    outer loop
      vertex -6.49567 -0.0293274 -1.05
      vertex -6.85773 -0.776611 -1.05
      vertex -6.85773 0.305664 -1.05
    endloop
  endfacet
  facet normal 0 0 -1
    outer loop
      vertex -6.86096 0.489243 -1.05
      vertex -6.51242 0.486679 -1.05
      vertex -6.85955 0.450958 -1.05
    endloop
  endfacet
  facet normal 0 0 -1
    outer loop
      vertex -6.51242 0.486679 -1.05
      vertex -6.86096 0.489243 -1.05
      vertex -6.51549 0.534714 -1.05
    endloop
  endfacet
  facet normal 0 0 -1
    outer loop
      vertex -6.86261 0.524078 -1.05
      vertex -6.51549 0.534714 -1.05
      vertex -6.86096 0.489243 -1.05
    endloop
  endfacet
  facet normal -0 0 -1
    outer loop
      vertex -6.51549 0.534714 -1.05
      vertex -6.86261 0.524078 -1.05
      vertex -6.51822 0.572525 -1.05
    endloop
  endfacet
  facet normal 0 0 -1
    outer loop
      vertex -6.86434 0.557053 -1.05
      vertex -6.51822 0.572525 -1.05
      vertex -6.86261 0.524078 -1.05
    endloop
  endfacet
  facet normal -0 0 -1
    outer loop
      vertex -6.51822 0.572525 -1.05
      vertex -6.86434 0.557053 -1.05
      vertex -6.52065 0.600098 -1.05
    endloop
  endfacet
  facet normal 0 0 -1
    outer loop
      vertex -6.86614 0.588181 -1.05
      vertex -6.52065 0.600098 -1.05
      vertex -6.86434 0.557053 -1.05
    endloop
  endfacet
  facet normal -0 0 -1
    outer loop
      vertex -6.52065 0.600098 -1.05
      vertex -6.86614 0.588181 -1.05
      vertex -6.52275 0.617447 -1.05
    endloop
  endfacet
  facet normal -0 0 -1
    outer loop
      vertex -6.52275 0.617447 -1.05
      vertex -6.86614 0.588181 -1.05
      vertex -6.86803 0.617447 -1.05
    endloop
  endfacet
  facet normal 0 0 -1
    outer loop
      vertex -5.95453 0.00544739 -1.05
      vertex -5.59378 0.108521 -1.05
      vertex -5.59378 -0.776611 -1.05
    endloop
  endfacet
  facet normal 0 0 -1
    outer loop
      vertex -5.97008 0.166107 -1.05
      vertex -5.59378 0.108521 -1.05
      vertex -5.95453 0.00544739 -1.05
    endloop
  endfacet
  facet normal 0 0 -1
    outer loop
      vertex -5.59378 0.108521 -1.05
      vertex -5.97008 0.166107 -1.05
      vertex -5.60118 0.232056 -1.05
    endloop
  endfacet
  facet normal -0 0 -1
    outer loop
      vertex -5.60118 0.232056 -1.05
      vertex -5.97008 0.166107 -1.05
      vertex -5.62342 0.339798 -1.05
    endloop
  endfacet
  facet normal 0 0 -1
    outer loop
      vertex -6.0167 0.280853 -1.05
      vertex -5.62342 0.339798 -1.05
      vertex -5.97008 0.166107 -1.05
    endloop
  endfacet
  facet normal -0 0 -1
    outer loop
      vertex -5.62342 0.339798 -1.05
      vertex -6.0167 0.280853 -1.05
      vertex -5.66046 0.431763 -1.05
    endloop
  endfacet
  facet normal -0 0 -1
    outer loop
      vertex -5.66046 0.431763 -1.05
      vertex -6.0167 0.280853 -1.05
      vertex -5.71231 0.507935 -1.05
    endloop
  endfacet
  facet normal 0 0 -1
    outer loop
      vertex -5.95453 0.00544739 -1.05
      vertex -5.59378 -0.776611 -1.05
      vertex -5.95453 -0.776611 -1.05
    endloop
  endfacet
  facet normal -0 0 -1
    outer loop
      vertex -5.71231 0.507935 -1.05
      vertex -6.0167 0.280853 -1.05
      vertex -5.77802 0.567688 -1.05
    endloop
  endfacet
  facet normal -0 0 -1
    outer loop
      vertex -5.77802 0.567688 -1.05
      vertex -6.0167 0.280853 -1.05
      vertex -5.85662 0.610367 -1.05
    endloop
  endfacet
  facet normal 0 0 -1
    outer loop
      vertex -6.09441 0.349701 -1.05
      vertex -5.85662 0.610367 -1.05
      vertex -6.0167 0.280853 -1.05
    endloop
  endfacet
  facet normal -0 0 -1
    outer loop
      vertex -5.85662 0.610367 -1.05
      vertex -6.09441 0.349701 -1.05
      vertex -5.94809 0.635971 -1.05
    endloop
  endfacet
  facet normal -0 0 -1
    outer loop
      vertex -5.94809 0.635971 -1.05
      vertex -6.09441 0.349701 -1.05
      vertex -6.05246 0.644516 -1.05
    endloop
  endfacet
  facet normal 0 0 -1
    outer loop
      vertex -6.09441 0.349701 -1.05
      vertex -6.12647 0.639999 -1.05
      vertex -6.05246 0.644516 -1.05
    endloop
  endfacet
  facet normal 0 0 -1
    outer loop
      vertex -6.2032 0.372665 -1.05
      vertex -6.12647 0.639999 -1.05
      vertex -6.09441 0.349701 -1.05
    endloop
  endfacet
  facet normal 0 0 -1
    outer loop
      vertex -6.12647 0.639999 -1.05
      vertex -6.2032 0.372665 -1.05
      vertex -6.19516 0.626465 -1.05
    endloop
  endfacet
  facet normal 0 0 -1
    outer loop
      vertex -6.2032 0.372665 -1.05
      vertex -6.25853 0.603912 -1.05
      vertex -6.19516 0.626465 -1.05
    endloop
  endfacet
  facet normal 0 0 -1
    outer loop
      vertex -6.31659 0.572342 -1.05
      vertex -6.2032 0.372665 -1.05
      vertex -6.26573 0.365616 -1.05
    endloop
  endfacet
  facet normal 0 0 -1
    outer loop
      vertex -6.2032 0.372665 -1.05
      vertex -6.31659 0.572342 -1.05
      vertex -6.25853 0.603912 -1.05
    endloop
  endfacet
  facet normal 0 0 -1
    outer loop
      vertex -6.36966 0.530807 -1.05
      vertex -6.26573 0.365616 -1.05
      vertex -6.3219 0.344467 -1.05
    endloop
  endfacet
  facet normal 0 0 -1
    outer loop
      vertex -6.26573 0.365616 -1.05
      vertex -6.36966 0.530807 -1.05
      vertex -6.31659 0.572342 -1.05
    endloop
  endfacet
  facet normal 0 0 -1
    outer loop
      vertex -6.46178 0.414841 -1.05
      vertex -6.3219 0.344467 -1.05
      vertex -6.37171 0.309235 -1.05
    endloop
  endfacet
  facet normal 0 0 -1
    outer loop
      vertex -6.50084 0.340439 -1.05
      vertex -6.37171 0.309235 -1.05
      vertex -6.41515 0.259918 -1.05
    endloop
  endfacet
  facet normal 0 0 -1
    outer loop
      vertex -6.3219 0.344467 -1.05
      vertex -6.41805 0.478302 -1.05
      vertex -6.36966 0.530807 -1.05
    endloop
  endfacet
  facet normal 0 0 -1
    outer loop
      vertex -6.50084 0.340439 -1.05
      vertex -6.41515 0.259918 -1.05
      vertex -6.45038 0.199554 -1.05
    endloop
  endfacet
  facet normal 0 0 -1
    outer loop
      vertex -6.3219 0.344467 -1.05
      vertex -6.46178 0.414841 -1.05
      vertex -6.41805 0.478302 -1.05
    endloop
  endfacet
  facet normal 0 0 -1
    outer loop
      vertex -6.50084 0.340439 -1.05
      vertex -6.45038 0.199554 -1.05
      vertex -6.47554 0.131241 -1.05
    endloop
  endfacet
  facet normal 0 0 -1
    outer loop
      vertex -6.50084 0.340439 -1.05
      vertex -6.47554 0.131241 -1.05
      vertex -6.49063 0.0549316 -1.05
    endloop
  endfacet
  facet normal 0 0 -1
    outer loop
      vertex -6.37171 0.309235 -1.05
      vertex -6.50084 0.340439 -1.05
      vertex -6.46178 0.414841 -1.05
    endloop
  endfacet
  facet normal 0 0 -1
    outer loop
      vertex -6.50084 0.340439 -1.05
      vertex -6.49063 0.0549316 -1.05
      vertex -6.49567 -0.0293274 -1.05
    endloop
  endfacet
  facet normal -0 0 -1
    outer loop
      vertex -8.12203 -0.238571 -1.05
      vertex -8.50991 -0.28685 -1.05
      vertex -8.48905 -0.0782928 -1.05
    endloop
  endfacet
  facet normal 0 0 -1
    outer loop
      vertex -8.57248 -0.435822 -1.05
      vertex -8.40146 -0.694031 -1.05
      vertex -8.52257 -0.754227 -1.05
    endloop
  endfacet
  facet normal 0 0 -1
    outer loop
      vertex -8.29839 -0.609756 -1.05
      vertex -8.57248 -0.435822 -1.05
      vertex -8.50991 -0.28685 -1.05
    endloop
  endfacet
  facet normal 0 0 -1
    outer loop
      vertex -8.67676 -0.525208 -1.05
      vertex -8.52257 -0.754227 -1.05
      vertex -8.66172 -0.790344 -1.05
    endloop
  endfacet
  facet normal 0 0 -1
    outer loop
      vertex -8.52257 -0.754227 -1.05
      vertex -8.67676 -0.525208 -1.05
      vertex -8.57248 -0.435822 -1.05
    endloop
  endfacet
  facet normal 0 0 -1
    outer loop
      vertex -8.82277 -0.555008 -1.05
      vertex -8.66172 -0.790344 -1.05
      vertex -8.8189 -0.802383 -1.05
    endloop
  endfacet
  facet normal 0 0 -1
    outer loop
      vertex -8.66172 -0.790344 -1.05
      vertex -8.82277 -0.555008 -1.05
      vertex -8.67676 -0.525208 -1.05
    endloop
  endfacet
  facet normal 0 0 -1
    outer loop
      vertex -8.8189 -0.802383 -1.05
      vertex -8.89432 -0.547394 -1.05
      vertex -8.82277 -0.555008 -1.05
    endloop
  endfacet
  facet normal 0 0 -1
    outer loop
      vertex -8.9731 -0.790298 -1.05
      vertex -8.89432 -0.547394 -1.05
      vertex -8.8189 -0.802383 -1.05
    endloop
  endfacet
  facet normal -0 0 -1
    outer loop
      vertex -8.89432 -0.547394 -1.05
      vertex -8.9731 -0.790298 -1.05
      vertex -8.95693 -0.524567 -1.05
    endloop
  endfacet
  facet normal 0 0 -1
    outer loop
      vertex -9.10976 -0.754059 -1.05
      vertex -8.95693 -0.524567 -1.05
      vertex -8.9731 -0.790298 -1.05
    endloop
  endfacet
  facet normal -0 0 -1
    outer loop
      vertex -8.95693 -0.524567 -1.05
      vertex -9.10976 -0.754059 -1.05
      vertex -9.01059 -0.486511 -1.05
    endloop
  endfacet
  facet normal 0 0 -1
    outer loop
      vertex -9.22887 -0.693665 -1.05
      vertex -9.01059 -0.486511 -1.05
      vertex -9.10976 -0.754059 -1.05
    endloop
  endfacet
  facet normal -0 0 -1
    outer loop
      vertex -9.01059 -0.486511 -1.05
      vertex -9.22887 -0.693665 -1.05
      vertex -9.05533 -0.433243 -1.05
    endloop
  endfacet
  facet normal 0 0 -1
    outer loop
      vertex -9.33042 -0.609116 -1.05
      vertex -9.05533 -0.433243 -1.05
      vertex -9.22887 -0.693665 -1.05
    endloop
  endfacet
  facet normal -0 0 -1
    outer loop
      vertex -9.05533 -0.433243 -1.05
      vertex -9.33042 -0.609116 -1.05
      vertex -9.09056 -0.365402 -1.05
    endloop
  endfacet
  facet normal 0 0 -1
    outer loop
      vertex -9.41158 -0.503464 -1.05
      vertex -9.09056 -0.365402 -1.05
      vertex -9.33042 -0.609116 -1.05
    endloop
  endfacet
  facet normal -0 0 -1
    outer loop
      vertex -9.09056 -0.365402 -1.05
      vertex -9.41158 -0.503464 -1.05
      vertex -9.11573 -0.28363 -1.05
    endloop
  endfacet
  facet normal 0 0 -1
    outer loop
      vertex -9.46956 -0.379776 -1.05
      vertex -9.11573 -0.28363 -1.05
      vertex -9.41158 -0.503464 -1.05
    endloop
  endfacet
  facet normal -0 0 -1
    outer loop
      vertex -9.11573 -0.28363 -1.05
      vertex -9.46956 -0.379776 -1.05
      vertex -9.13082 -0.187927 -1.05
    endloop
  endfacet
  facet normal 0 -0 -1
    outer loop
      vertex -9.50435 0.0808563 -1.05
      vertex -9.13585 -0.0782928 -1.05
      vertex -9.51595 -0.0782928 -1.05
    endloop
  endfacet
  facet normal 0 0 -1
    outer loop
      vertex -9.50435 -0.238052 -1.05
      vertex -9.13082 -0.187927 -1.05
      vertex -9.46956 -0.379776 -1.05
    endloop
  endfacet
  facet normal 0 -0 -1
    outer loop
      vertex -9.46956 0.222061 -1.05
      vertex -9.13585 -0.0782928 -1.05
      vertex -9.50435 0.0808563 -1.05
    endloop
  endfacet
  facet normal 0 0 -1
    outer loop
      vertex -9.51595 -0.0782928 -1.05
      vertex -9.13082 -0.187927 -1.05
      vertex -9.50435 -0.238052 -1.05
    endloop
  endfacet
  facet normal 0 -0 -1
    outer loop
      vertex -9.41158 0.345306 -1.05
      vertex -9.13585 -0.0782928 -1.05
      vertex -9.46956 0.222061 -1.05
    endloop
  endfacet
  facet normal 0 0 -1
    outer loop
      vertex -9.13082 -0.187927 -1.05
      vertex -9.51595 -0.0782928 -1.05
      vertex -9.13585 -0.0782928 -1.05
    endloop
  endfacet
  facet normal 0 0 -1
    outer loop
      vertex -9.13585 -0.0782928 -1.05
      vertex -9.33042 0.450592 -1.05
      vertex -9.22838 0.534866 -1.05
    endloop
  endfacet
  facet normal 0 0 -1
    outer loop
      vertex -9.13585 -0.0782928 -1.05
      vertex -9.41158 0.345306 -1.05
      vertex -9.33042 0.450592 -1.05
    endloop
  endfacet
  facet normal 0 0 -1
    outer loop
      vertex -8.48905 -0.0782928 -1.05
      vertex -8.11026 -0.0782928 -1.05
      vertex -8.12203 -0.238571 -1.05
    endloop
  endfacet
  facet normal 0 0 -1
    outer loop
      vertex -8.49413 0.0374908 -1.05
      vertex -8.11026 -0.0782928 -1.05
      vertex -8.48905 -0.0782928 -1.05
    endloop
  endfacet
  facet normal 0 0 -1
    outer loop
      vertex -8.50991 -0.28685 -1.05
      vertex -8.12203 -0.238571 -1.05
      vertex -8.15729 -0.380585 -1.05
    endloop
  endfacet
  facet normal 0 0 -1
    outer loop
      vertex -8.11026 -0.0782928 -1.05
      vertex -8.49413 0.0374908 -1.05
      vertex -8.12151 0.0860901 -1.05
    endloop
  endfacet
  facet normal 0 0 -1
    outer loop
      vertex -8.50991 -0.28685 -1.05
      vertex -8.15729 -0.380585 -1.05
      vertex -8.21608 -0.504303 -1.05
    endloop
  endfacet
  facet normal -0 0 -1
    outer loop
      vertex -8.12151 0.0860901 -1.05
      vertex -8.49413 0.0374908 -1.05
      vertex -8.1552 0.230118 -1.05
    endloop
  endfacet
  facet normal 0 0 -1
    outer loop
      vertex -8.50991 -0.28685 -1.05
      vertex -8.21608 -0.504303 -1.05
      vertex -8.29839 -0.609756 -1.05
    endloop
  endfacet
  facet normal 0 0 -1
    outer loop
      vertex -8.50936 0.136215 -1.05
      vertex -8.1552 0.230118 -1.05
      vertex -8.49413 0.0374908 -1.05
    endloop
  endfacet
  facet normal 0 0 -1
    outer loop
      vertex -8.57248 -0.435822 -1.05
      vertex -8.29839 -0.609756 -1.05
      vertex -8.40146 -0.694031 -1.05
    endloop
  endfacet
  facet normal -0 0 -1
    outer loop
      vertex -8.1552 0.230118 -1.05
      vertex -8.50936 0.136215 -1.05
      vertex -8.21137 0.353775 -1.05
    endloop
  endfacet
  facet normal 0 0 -1
    outer loop
      vertex -8.53472 0.21788 -1.05
      vertex -8.21137 0.353775 -1.05
      vertex -8.50936 0.136215 -1.05
    endloop
  endfacet
  facet normal -0 0 -1
    outer loop
      vertex -8.21137 0.353775 -1.05
      vertex -8.53472 0.21788 -1.05
      vertex -8.29001 0.457031 -1.05
    endloop
  endfacet
  facet normal 0 0 -1
    outer loop
      vertex -8.57024 0.282471 -1.05
      vertex -8.29001 0.457031 -1.05
      vertex -8.53472 0.21788 -1.05
    endloop
  endfacet
  facet normal -0 0 -1
    outer loop
      vertex -8.29001 0.457031 -1.05
      vertex -8.57024 0.282471 -1.05
      vertex -8.38997 0.538498 -1.05
    endloop
  endfacet
  facet normal 0 0 -1
    outer loop
      vertex -8.61542 0.331512 -1.05
      vertex -8.38997 0.538498 -1.05
      vertex -8.57024 0.282471 -1.05
    endloop
  endfacet
  facet normal -0 0 -1
    outer loop
      vertex -8.38997 0.538498 -1.05
      vertex -8.61542 0.331512 -1.05
      vertex -8.51017 0.59668 -1.05
    endloop
  endfacet
  facet normal 0 0 -1
    outer loop
      vertex -8.66977 0.366547 -1.05
      vertex -8.51017 0.59668 -1.05
      vertex -8.61542 0.331512 -1.05
    endloop
  endfacet
  facet normal -0 0 -1
    outer loop
      vertex -8.51017 0.59668 -1.05
      vertex -8.66977 0.366547 -1.05
      vertex -8.65056 0.631577 -1.05
    endloop
  endfacet
  facet normal 0 0 -1
    outer loop
      vertex -8.73329 0.387558 -1.05
      vertex -8.65056 0.631577 -1.05
      vertex -8.66977 0.366547 -1.05
    endloop
  endfacet
  facet normal 0 0 -1
    outer loop
      vertex -8.81118 0.643219 -1.05
      vertex -8.73329 0.387558 -1.05
      vertex -8.806 0.394562 -1.05
    endloop
  endfacet
  facet normal 0 0 -1
    outer loop
      vertex -8.73329 0.387558 -1.05
      vertex -8.81118 0.643219 -1.05
      vertex -8.65056 0.631577 -1.05
    endloop
  endfacet
  facet normal 0 0 -1
    outer loop
      vertex -8.96877 0.63118 -1.05
      vertex -8.806 0.394562 -1.05
      vertex -8.95032 0.365005 -1.05
    endloop
  endfacet
  facet normal 0 0 -1
    outer loop
      vertex -8.806 0.394562 -1.05
      vertex -8.96877 0.63118 -1.05
      vertex -8.81118 0.643219 -1.05
    endloop
  endfacet
  facet normal 0 0 -1
    outer loop
      vertex -9.10784 0.595062 -1.05
      vertex -8.95032 0.365005 -1.05
      vertex -9.05339 0.276352 -1.05
    endloop
  endfacet
  facet normal 0 0 -1
    outer loop
      vertex -8.95032 0.365005 -1.05
      vertex -9.10784 0.595062 -1.05
      vertex -8.96877 0.63118 -1.05
    endloop
  endfacet
  facet normal 0 0 -1
    outer loop
      vertex -9.22838 0.534866 -1.05
      vertex -9.05339 0.276352 -1.05
      vertex -9.11524 0.128571 -1.05
    endloop
  endfacet
  facet normal 0 0 -1
    outer loop
      vertex -9.22838 0.534866 -1.05
      vertex -9.11524 0.128571 -1.05
      vertex -9.13585 -0.0782928 -1.05
    endloop
  endfacet
  facet normal 0 0 -1
    outer loop
      vertex -9.05339 0.276352 -1.05
      vertex -9.22838 0.534866 -1.05
      vertex -9.10784 0.595062 -1.05
    endloop
  endfacet
  facet normal 0 0 -1
    outer loop
      vertex -7.86061 -0.776611 -1.05
      vertex -7.49855 -0.0924683 -1.05
      vertex -7.49855 -0.776611 -1.05
    endloop
  endfacet
  facet normal 0 0 -1
    outer loop
      vertex -7.49855 -0.0924683 -1.05
      vertex -7.50887 0.319824 -1.05
      vertex -7.50373 0.319824 -1.05
    endloop
  endfacet
  facet normal 0 0 -1
    outer loop
      vertex -7.49855 -0.0924683 -1.05
      vertex -7.86061 0.290192 -1.05
      vertex -7.50887 0.319824 -1.05
    endloop
  endfacet
  facet normal 0 0 -1
    outer loop
      vertex -7.86081 0.345154 -1.05
      vertex -7.50887 0.319824 -1.05
      vertex -7.86061 0.290192 -1.05
    endloop
  endfacet
  facet normal 0 0 -1
    outer loop
      vertex -7.50887 0.319824 -1.05
      vertex -7.86081 0.345154 -1.05
      vertex -7.50926 0.344101 -1.05
    endloop
  endfacet
  facet normal 0 0 -1
    outer loop
      vertex -7.50926 0.344101 -1.05
      vertex -7.86081 0.345154 -1.05
      vertex -7.51049 0.378296 -1.05
    endloop
  endfacet
  facet normal 0 0 -1
    outer loop
      vertex -7.86142 0.39537 -1.05
      vertex -7.51049 0.378296 -1.05
      vertex -7.86081 0.345154 -1.05
    endloop
  endfacet
  facet normal 0 0 -1
    outer loop
      vertex -7.51049 0.378296 -1.05
      vertex -7.86142 0.39537 -1.05
      vertex -7.51248 0.422379 -1.05
    endloop
  endfacet
  facet normal 0 0 -1
    outer loop
      vertex -7.86243 0.440826 -1.05
      vertex -7.51248 0.422379 -1.05
      vertex -7.86142 0.39537 -1.05
    endloop
  endfacet
  facet normal 0 0 -1
    outer loop
      vertex -7.51248 0.422379 -1.05
      vertex -7.86243 0.440826 -1.05
      vertex -7.51531 0.476379 -1.05
    endloop
  endfacet
  facet normal -0 0 -1
    outer loop
      vertex -7.49855 -0.0924683 -1.05
      vertex -7.86061 -0.776611 -1.05
      vertex -7.86061 0.290192 -1.05
    endloop
  endfacet
  facet normal 0 0 -1
    outer loop
      vertex -7.86385 0.481522 -1.05
      vertex -7.51531 0.476379 -1.05
      vertex -7.86243 0.440826 -1.05
    endloop
  endfacet
  facet normal 0 0 -1
    outer loop
      vertex -7.51531 0.476379 -1.05
      vertex -7.86385 0.481522 -1.05
      vertex -7.51837 0.529404 -1.05
    endloop
  endfacet
  facet normal 0 0 -1
    outer loop
      vertex -7.8655 0.518768 -1.05
      vertex -7.51837 0.529404 -1.05
      vertex -7.86385 0.481522 -1.05
    endloop
  endfacet
  facet normal -0 0 -1
    outer loop
      vertex -7.51837 0.529404 -1.05
      vertex -7.8655 0.518768 -1.05
      vertex -7.52111 0.570602 -1.05
    endloop
  endfacet
  facet normal 0 0 -1
    outer loop
      vertex -7.86722 0.553848 -1.05
      vertex -7.52111 0.570602 -1.05
      vertex -7.8655 0.518768 -1.05
    endloop
  endfacet
  facet normal -0 0 -1
    outer loop
      vertex -7.52111 0.570602 -1.05
      vertex -7.86722 0.553848 -1.05
      vertex -7.52353 0.599945 -1.05
    endloop
  endfacet
  facet normal 0 0 -1
    outer loop
      vertex -7.86902 0.586731 -1.05
      vertex -7.52353 0.599945 -1.05
      vertex -7.86722 0.553848 -1.05
    endloop
  endfacet
  facet normal -0 0 -1
    outer loop
      vertex -7.52353 0.599945 -1.05
      vertex -7.86902 0.586731 -1.05
      vertex -7.52562 0.617447 -1.05
    endloop
  endfacet
  facet normal -0 0 -1
    outer loop
      vertex -7.52562 0.617447 -1.05
      vertex -7.86902 0.586731 -1.05
      vertex -7.87091 0.617447 -1.05
    endloop
  endfacet
  facet normal 0 0 -1
    outer loop
      vertex -7.10044 0.330856 -1.05
      vertex -7.05793 0.625183 -1.05
      vertex -7.05793 0.322403 -1.05
    endloop
  endfacet
  facet normal 0 0 -1
    outer loop
      vertex -7.14038 0.336899 -1.05
      vertex -7.05793 0.625183 -1.05
      vertex -7.10044 0.330856 -1.05
    endloop
  endfacet
  facet normal -0 0 -1
    outer loop
      vertex -7.05793 0.625183 -1.05
      vertex -7.14038 0.336899 -1.05
      vertex -7.08086 0.633636 -1.05
    endloop
  endfacet
  facet normal -0 0 -1
    outer loop
      vertex -7.08086 0.633636 -1.05
      vertex -7.14038 0.336899 -1.05
      vertex -7.1072 0.639679 -1.05
    endloop
  endfacet
  facet normal -0 0 -1
    outer loop
      vertex -7.1072 0.639679 -1.05
      vertex -7.14038 0.336899 -1.05
      vertex -7.1369 0.643295 -1.05
    endloop
  endfacet
  facet normal 0 0 -1
    outer loop
      vertex -7.17774 0.340515 -1.05
      vertex -7.1369 0.643295 -1.05
      vertex -7.14038 0.336899 -1.05
    endloop
  endfacet
  facet normal -0 0 -1
    outer loop
      vertex -7.1369 0.643295 -1.05
      vertex -7.17774 0.340515 -1.05
      vertex -7.17 0.644516 -1.05
    endloop
  endfacet
  facet normal 0 0 -1
    outer loop
      vertex -7.17774 0.340515 -1.05
      vertex -7.21076 0.6427 -1.05
      vertex -7.17 0.644516 -1.05
    endloop
  endfacet
  facet normal 0 0 -1
    outer loop
      vertex -7.21253 0.341721 -1.05
      vertex -7.21076 0.6427 -1.05
      vertex -7.17774 0.340515 -1.05
    endloop
  endfacet
  facet normal 0 0 -1
    outer loop
      vertex -7.21253 0.341721 -1.05
      vertex -7.24796 0.637268 -1.05
      vertex -7.21076 0.6427 -1.05
    endloop
  endfacet
  facet normal 0 0 -1
    outer loop
      vertex -7.33911 0.599091 -1.05
      vertex -7.21253 0.341721 -1.05
      vertex -7.27642 0.334885 -1.05
    endloop
  endfacet
  facet normal 0 0 -1
    outer loop
      vertex -7.21253 0.341721 -1.05
      vertex -7.28162 0.628204 -1.05
      vertex -7.24796 0.637268 -1.05
    endloop
  endfacet
  facet normal 0 0 -1
    outer loop
      vertex -7.21253 0.341721 -1.05
      vertex -7.31174 0.615509 -1.05
      vertex -7.28162 0.628204 -1.05
    endloop
  endfacet
  facet normal 0 0 -1
    outer loop
      vertex -7.43099 0.491226 -1.05
      vertex -7.27642 0.334885 -1.05
      vertex -7.33283 0.314346 -1.05
    endloop
  endfacet
  facet normal 0 0 -1
    outer loop
      vertex -7.21253 0.341721 -1.05
      vertex -7.33911 0.599091 -1.05
      vertex -7.31174 0.615509 -1.05
    endloop
  endfacet
  facet normal 0 0 -1
    outer loop
      vertex -7.27642 0.334885 -1.05
      vertex -7.36457 0.578796 -1.05
      vertex -7.33911 0.599091 -1.05
    endloop
  endfacet
  facet normal 0 0 -1
    outer loop
      vertex -7.47803 0.387833 -1.05
      vertex -7.33283 0.314346 -1.05
      vertex -7.38175 0.280121 -1.05
    endloop
  endfacet
  facet normal 0 0 -1
    outer loop
      vertex -7.27642 0.334885 -1.05
      vertex -7.38806 0.554642 -1.05
      vertex -7.36457 0.578796 -1.05
    endloop
  endfacet
  facet normal 0 0 -1
    outer loop
      vertex -7.27642 0.334885 -1.05
      vertex -7.40966 0.526611 -1.05
      vertex -7.38806 0.554642 -1.05
    endloop
  endfacet
  facet normal 0 0 -1
    outer loop
      vertex -7.50373 0.319824 -1.05
      vertex -7.38175 0.280121 -1.05
      vertex -7.42317 0.232208 -1.05
    endloop
  endfacet
  facet normal 0 0 -1
    outer loop
      vertex -7.27642 0.334885 -1.05
      vertex -7.43099 0.491226 -1.05
      vertex -7.40966 0.526611 -1.05
    endloop
  endfacet
  facet normal 0 0 -1
    outer loop
      vertex -7.33283 0.314346 -1.05
      vertex -7.45378 0.444962 -1.05
      vertex -7.43099 0.491226 -1.05
    endloop
  endfacet
  facet normal 0 0 -1
    outer loop
      vertex -7.50373 0.319824 -1.05
      vertex -7.42317 0.232208 -1.05
      vertex -7.45615 0.170853 -1.05
    endloop
  endfacet
  facet normal 0 0 -1
    outer loop
      vertex -7.33283 0.314346 -1.05
      vertex -7.47803 0.387833 -1.05
      vertex -7.45378 0.444962 -1.05
    endloop
  endfacet
  facet normal 0 0 -1
    outer loop
      vertex -7.50373 0.319824 -1.05
      vertex -7.45615 0.170853 -1.05
      vertex -7.47971 0.096283 -1.05
    endloop
  endfacet
  facet normal 0 0 -1
    outer loop
      vertex -7.50373 0.319824 -1.05
      vertex -7.47971 0.096283 -1.05
      vertex -7.49384 0.00849915 -1.05
    endloop
  endfacet
  facet normal 0 0 -1
    outer loop
      vertex -7.50373 0.319824 -1.05
      vertex -7.49384 0.00849915 -1.05
      vertex -7.49855 -0.0924683 -1.05
    endloop
  endfacet
  facet normal 0 0 -1
    outer loop
      vertex -7.38175 0.280121 -1.05
      vertex -7.50373 0.319824 -1.05
      vertex -7.47803 0.387833 -1.05
    endloop
  endfacet
  facet normal 0 0 -1
    outer loop
      vertex -3.85036 -0.776611 -1.05
      vertex -3.48828 -0.0924683 -1.05
      vertex -3.48828 -0.776611 -1.05
    endloop
  endfacet
  facet normal 0 0 -1
    outer loop
      vertex -3.48828 -0.0924683 -1.05
      vertex -3.49861 0.319824 -1.05
      vertex -3.49346 0.319824 -1.05
    endloop
  endfacet
  facet normal 0 0 -1
    outer loop
      vertex -3.48828 -0.0924683 -1.05
      vertex -3.85036 0.290192 -1.05
      vertex -3.49861 0.319824 -1.05
    endloop
  endfacet
  facet normal 0 0 -1
    outer loop
      vertex -3.85056 0.345154 -1.05
      vertex -3.49861 0.319824 -1.05
      vertex -3.85036 0.290192 -1.05
    endloop
  endfacet
  facet normal 0 0 -1
    outer loop
      vertex -3.49861 0.319824 -1.05
      vertex -3.85056 0.345154 -1.05
      vertex -3.49901 0.344101 -1.05
    endloop
  endfacet
  facet normal 0 0 -1
    outer loop
      vertex -3.49901 0.344101 -1.05
      vertex -3.85056 0.345154 -1.05
      vertex -3.50022 0.378296 -1.05
    endloop
  endfacet
  facet normal 0 0 -1
    outer loop
      vertex -3.85117 0.39537 -1.05
      vertex -3.50022 0.378296 -1.05
      vertex -3.85056 0.345154 -1.05
    endloop
  endfacet
  facet normal 0 0 -1
    outer loop
      vertex -3.50022 0.378296 -1.05
      vertex -3.85117 0.39537 -1.05
      vertex -3.50223 0.422379 -1.05
    endloop
  endfacet
  facet normal 0 0 -1
    outer loop
      vertex -3.85218 0.440826 -1.05
      vertex -3.50223 0.422379 -1.05
      vertex -3.85117 0.39537 -1.05
    endloop
  endfacet
  facet normal 0 0 -1
    outer loop
      vertex -3.50223 0.422379 -1.05
      vertex -3.85218 0.440826 -1.05
      vertex -3.50505 0.476379 -1.05
    endloop
  endfacet
  facet normal -0 0 -1
    outer loop
      vertex -3.48828 -0.0924683 -1.05
      vertex -3.85036 -0.776611 -1.05
      vertex -3.85036 0.290192 -1.05
    endloop
  endfacet
  facet normal 0 0 -1
    outer loop
      vertex -3.85358 0.481522 -1.05
      vertex -3.50505 0.476379 -1.05
      vertex -3.85218 0.440826 -1.05
    endloop
  endfacet
  facet normal 0 0 -1
    outer loop
      vertex -3.50505 0.476379 -1.05
      vertex -3.85358 0.481522 -1.05
      vertex -3.50811 0.529404 -1.05
    endloop
  endfacet
  facet normal 0 0 -1
    outer loop
      vertex -3.85523 0.518768 -1.05
      vertex -3.50811 0.529404 -1.05
      vertex -3.85358 0.481522 -1.05
    endloop
  endfacet
  facet normal -0 0 -1
    outer loop
      vertex -3.50811 0.529404 -1.05
      vertex -3.85523 0.518768 -1.05
      vertex -3.51085 0.570602 -1.05
    endloop
  endfacet
  facet normal 0 0 -1
    outer loop
      vertex -3.85695 0.553848 -1.05
      vertex -3.51085 0.570602 -1.05
      vertex -3.85523 0.518768 -1.05
    endloop
  endfacet
  facet normal -0 0 -1
    outer loop
      vertex -3.51085 0.570602 -1.05
      vertex -3.85695 0.553848 -1.05
      vertex -3.51326 0.599945 -1.05
    endloop
  endfacet
  facet normal 0 0 -1
    outer loop
      vertex -3.85877 0.586731 -1.05
      vertex -3.51326 0.599945 -1.05
      vertex -3.85695 0.553848 -1.05
    endloop
  endfacet
  facet normal -0 0 -1
    outer loop
      vertex -3.51326 0.599945 -1.05
      vertex -3.85877 0.586731 -1.05
      vertex -3.51537 0.617447 -1.05
    endloop
  endfacet
  facet normal -0 0 -1
    outer loop
      vertex -3.51537 0.617447 -1.05
      vertex -3.85877 0.586731 -1.05
      vertex -3.86066 0.617447 -1.05
    endloop
  endfacet
  facet normal 0 0 -1
    outer loop
      vertex -3.09018 0.330856 -1.05
      vertex -3.04766 0.625183 -1.05
      vertex -3.04766 0.322403 -1.05
    endloop
  endfacet
  facet normal 0 0 -1
    outer loop
      vertex -3.13011 0.336899 -1.05
      vertex -3.04766 0.625183 -1.05
      vertex -3.09018 0.330856 -1.05
    endloop
  endfacet
  facet normal -0 0 -1
    outer loop
      vertex -3.04766 0.625183 -1.05
      vertex -3.13011 0.336899 -1.05
      vertex -3.07061 0.633636 -1.05
    endloop
  endfacet
  facet normal -0 0 -1
    outer loop
      vertex -3.07061 0.633636 -1.05
      vertex -3.13011 0.336899 -1.05
      vertex -3.09693 0.639679 -1.05
    endloop
  endfacet
  facet normal -0 0 -1
    outer loop
      vertex -3.09693 0.639679 -1.05
      vertex -3.13011 0.336899 -1.05
      vertex -3.12665 0.643295 -1.05
    endloop
  endfacet
  facet normal 0 0 -1
    outer loop
      vertex -3.16748 0.340515 -1.05
      vertex -3.12665 0.643295 -1.05
      vertex -3.13011 0.336899 -1.05
    endloop
  endfacet
  facet normal -0 0 -1
    outer loop
      vertex -3.12665 0.643295 -1.05
      vertex -3.16748 0.340515 -1.05
      vertex -3.15975 0.644516 -1.05
    endloop
  endfacet
  facet normal 0 0 -1
    outer loop
      vertex -3.16748 0.340515 -1.05
      vertex -3.20049 0.6427 -1.05
      vertex -3.15975 0.644516 -1.05
    endloop
  endfacet
  facet normal 0 0 -1
    outer loop
      vertex -3.20226 0.341721 -1.05
      vertex -3.20049 0.6427 -1.05
      vertex -3.16748 0.340515 -1.05
    endloop
  endfacet
  facet normal 0 0 -1
    outer loop
      vertex -3.20226 0.341721 -1.05
      vertex -3.2377 0.637268 -1.05
      vertex -3.20049 0.6427 -1.05
    endloop
  endfacet
  facet normal 0 0 -1
    outer loop
      vertex -3.32886 0.599091 -1.05
      vertex -3.20226 0.341721 -1.05
      vertex -3.26616 0.334885 -1.05
    endloop
  endfacet
  facet normal 0 0 -1
    outer loop
      vertex -3.20226 0.341721 -1.05
      vertex -3.27137 0.628204 -1.05
      vertex -3.2377 0.637268 -1.05
    endloop
  endfacet
  facet normal 0 0 -1
    outer loop
      vertex -3.20226 0.341721 -1.05
      vertex -3.30149 0.615509 -1.05
      vertex -3.27137 0.628204 -1.05
    endloop
  endfacet
  facet normal 0 0 -1
    outer loop
      vertex -3.42073 0.491226 -1.05
      vertex -3.26616 0.334885 -1.05
      vertex -3.32257 0.314346 -1.05
    endloop
  endfacet
  facet normal 0 0 -1
    outer loop
      vertex -3.20226 0.341721 -1.05
      vertex -3.32886 0.599091 -1.05
      vertex -3.30149 0.615509 -1.05
    endloop
  endfacet
  facet normal 0 0 -1
    outer loop
      vertex -3.26616 0.334885 -1.05
      vertex -3.3543 0.578796 -1.05
      vertex -3.32886 0.599091 -1.05
    endloop
  endfacet
  facet normal 0 0 -1
    outer loop
      vertex -3.46776 0.387833 -1.05
      vertex -3.32257 0.314346 -1.05
      vertex -3.37149 0.280121 -1.05
    endloop
  endfacet
  facet normal 0 0 -1
    outer loop
      vertex -3.26616 0.334885 -1.05
      vertex -3.37781 0.554642 -1.05
      vertex -3.3543 0.578796 -1.05
    endloop
  endfacet
  facet normal 0 0 -1
    outer loop
      vertex -3.26616 0.334885 -1.05
      vertex -3.39939 0.526611 -1.05
      vertex -3.37781 0.554642 -1.05
    endloop
  endfacet
  facet normal 0 0 -1
    outer loop
      vertex -3.49346 0.319824 -1.05
      vertex -3.37149 0.280121 -1.05
      vertex -3.41292 0.232208 -1.05
    endloop
  endfacet
  facet normal 0 0 -1
    outer loop
      vertex -3.26616 0.334885 -1.05
      vertex -3.42073 0.491226 -1.05
      vertex -3.39939 0.526611 -1.05
    endloop
  endfacet
  facet normal 0 0 -1
    outer loop
      vertex -3.32257 0.314346 -1.05
      vertex -3.44351 0.444962 -1.05
      vertex -3.42073 0.491226 -1.05
    endloop
  endfacet
  facet normal 0 0 -1
    outer loop
      vertex -3.49346 0.319824 -1.05
      vertex -3.41292 0.232208 -1.05
      vertex -3.4459 0.170853 -1.05
    endloop
  endfacet
  facet normal 0 0 -1
    outer loop
      vertex -3.32257 0.314346 -1.05
      vertex -3.46776 0.387833 -1.05
      vertex -3.44351 0.444962 -1.05
    endloop
  endfacet
  facet normal 0 0 -1
    outer loop
      vertex -3.49346 0.319824 -1.05
      vertex -3.4459 0.170853 -1.05
      vertex -3.46944 0.096283 -1.05
    endloop
  endfacet
  facet normal 0 0 -1
    outer loop
      vertex -3.49346 0.319824 -1.05
      vertex -3.46944 0.096283 -1.05
      vertex -3.48358 0.00849915 -1.05
    endloop
  endfacet
  facet normal 0 0 -1
    outer loop
      vertex -3.49346 0.319824 -1.05
      vertex -3.48358 0.00849915 -1.05
      vertex -3.48828 -0.0924683 -1.05
    endloop
  endfacet
  facet normal 0 0 -1
    outer loop
      vertex -3.37149 0.280121 -1.05
      vertex -3.49346 0.319824 -1.05
      vertex -3.46776 0.387833 -1.05
    endloop
  endfacet
  facet normal 0 0 -1
    outer loop
      vertex -4.48651 -0.46666 -1.05
      vertex -4.20426 -0.58931 -1.05
      vertex -4.3356 -0.707687 -1.05
    endloop
  endfacet
  facet normal 0 0 -1
    outer loop
      vertex -4.20426 -0.58931 -1.05
      vertex -4.45253 -0.393951 -1.05
      vertex -4.11109 -0.423584 -1.05
    endloop
  endfacet
  facet normal 0 0 -1
    outer loop
      vertex -4.20426 -0.58931 -1.05
      vertex -4.48651 -0.46666 -1.05
      vertex -4.45253 -0.393951 -1.05
    endloop
  endfacet
  facet normal 0 0 -1
    outer loop
      vertex -4.53821 -0.5186 -1.05
      vertex -4.3356 -0.707687 -1.05
      vertex -4.50511 -0.778702 -1.05
    endloop
  endfacet
  facet normal 0 0 -1
    outer loop
      vertex -4.3356 -0.707687 -1.05
      vertex -4.53821 -0.5186 -1.05
      vertex -4.48651 -0.46666 -1.05
    endloop
  endfacet
  facet normal 0 0 -1
    outer loop
      vertex -4.50511 -0.778702 -1.05
      vertex -4.60762 -0.549759 -1.05
      vertex -4.53821 -0.5186 -1.05
    endloop
  endfacet
  facet normal 0 0 -1
    outer loop
      vertex -4.7128 -0.802383 -1.05
      vertex -4.60762 -0.549759 -1.05
      vertex -4.50511 -0.778702 -1.05
    endloop
  endfacet
  facet normal 0 0 -1
    outer loop
      vertex -4.60762 -0.549759 -1.05
      vertex -4.7128 -0.802383 -1.05
      vertex -4.69475 -0.56015 -1.05
    endloop
  endfacet
  facet normal 0 0 -1
    outer loop
      vertex -4.7128 -0.802383 -1.05
      vertex -4.76033 -0.553665 -1.05
      vertex -4.69475 -0.56015 -1.05
    endloop
  endfacet
  facet normal 0 0 -1
    outer loop
      vertex -4.86089 -0.790741 -1.05
      vertex -4.76033 -0.553665 -1.05
      vertex -4.7128 -0.802383 -1.05
    endloop
  endfacet
  facet normal -0 0 -1
    outer loop
      vertex -4.76033 -0.553665 -1.05
      vertex -4.86089 -0.790741 -1.05
      vertex -4.81795 -0.534225 -1.05
    endloop
  endfacet
  facet normal 0 0 -1
    outer loop
      vertex -4.99077 -0.755829 -1.05
      vertex -4.81795 -0.534225 -1.05
      vertex -4.86089 -0.790741 -1.05
    endloop
  endfacet
  facet normal -0 0 -1
    outer loop
      vertex -4.81795 -0.534225 -1.05
      vertex -4.99077 -0.755829 -1.05
      vertex -4.8676 -0.501816 -1.05
    endloop
  endfacet
  facet normal 0 0 -1
    outer loop
      vertex -5.10247 -0.697647 -1.05
      vertex -4.8676 -0.501816 -1.05
      vertex -4.99077 -0.755829 -1.05
    endloop
  endfacet
  facet normal -0 0 -1
    outer loop
      vertex -4.8676 -0.501816 -1.05
      vertex -5.10247 -0.697647 -1.05
      vertex -4.90927 -0.456451 -1.05
    endloop
  endfacet
  facet normal 0 0 -1
    outer loop
      vertex -5.19597 -0.616196 -1.05
      vertex -4.90927 -0.456451 -1.05
      vertex -5.10247 -0.697647 -1.05
    endloop
  endfacet
  facet normal -0 0 -1
    outer loop
      vertex -4.90927 -0.456451 -1.05
      vertex -5.19597 -0.616196 -1.05
      vertex -4.94225 -0.398346 -1.05
    endloop
  endfacet
  facet normal 0 0 -1
    outer loop
      vertex -5.26981 -0.512436 -1.05
      vertex -4.94225 -0.398346 -1.05
      vertex -5.19597 -0.616196 -1.05
    endloop
  endfacet
  facet normal -0 0 -1
    outer loop
      vertex -4.94225 -0.398346 -1.05
      vertex -5.26981 -0.512436 -1.05
      vertex -4.96581 -0.327759 -1.05
    endloop
  endfacet
  facet normal 0 -0 -1
    outer loop
      vertex -5.35404 0.0895233 -1.05
      vertex -4.98465 -0.149139 -1.05
      vertex -5.36475 -0.0731201 -1.05
    endloop
  endfacet
  facet normal 0 0 -1
    outer loop
      vertex -5.32254 -0.387344 -1.05
      vertex -4.96581 -0.327759 -1.05
      vertex -5.26981 -0.512436 -1.05
    endloop
  endfacet
  facet normal 0 -0 -1
    outer loop
      vertex -5.3219 0.232208 -1.05
      vertex -4.98465 -0.149139 -1.05
      vertex -5.35404 0.0895233 -1.05
    endloop
  endfacet
  facet normal -0 0 -1
    outer loop
      vertex -4.96581 -0.327759 -1.05
      vertex -5.32254 -0.387344 -1.05
      vertex -4.97994 -0.24469 -1.05
    endloop
  endfacet
  facet normal 0 -0 -1
    outer loop
      vertex -5.26834 0.354935 -1.05
      vertex -4.98465 -0.149139 -1.05
      vertex -5.3219 0.232208 -1.05
    endloop
  endfacet
  facet normal 0 0 -1
    outer loop
      vertex -5.35419 -0.240906 -1.05
      vertex -4.97994 -0.24469 -1.05
      vertex -5.32254 -0.387344 -1.05
    endloop
  endfacet
  facet normal 0 -0 -1
    outer loop
      vertex -5.19338 0.457687 -1.05
      vertex -4.98465 -0.149139 -1.05
      vertex -5.26834 0.354935 -1.05
    endloop
  endfacet
  facet normal 0 0 -1
    outer loop
      vertex -4.97994 -0.24469 -1.05
      vertex -5.35419 -0.240906 -1.05
      vertex -4.98465 -0.149139 -1.05
    endloop
  endfacet
  facet normal 0 0 -1
    outer loop
      vertex -4.98465 -0.149139 -1.05
      vertex -5.09876 0.538849 -1.05
      vertex -4.98627 0.596832 -1.05
    endloop
  endfacet
  facet normal -0 0 -1
    outer loop
      vertex -4.98465 -0.149139 -1.05
      vertex -5.35419 -0.240906 -1.05
      vertex -5.36475 -0.0731201 -1.05
    endloop
  endfacet
  facet normal 0 0 -1
    outer loop
      vertex -4.98465 -0.149139 -1.05
      vertex -5.19338 0.457687 -1.05
      vertex -5.09876 0.538849 -1.05
    endloop
  endfacet
  facet normal 0 0 -1
    outer loop
      vertex -4.44092 0.0776062 -1.05
      vertex -4.09047 -0.13884 -1.05
      vertex -4.09047 -0.149139 -1.05
    endloop
  endfacet
  facet normal 0 0 -1
    outer loop
      vertex -4.09047 -0.13884 -1.05
      vertex -4.44092 0.0776062 -1.05
      vertex -4.10038 0.0415649 -1.05
    endloop
  endfacet
  facet normal 0 0 -1
    outer loop
      vertex -4.10038 0.0415649 -1.05
      vertex -4.44092 0.0776062 -1.05
      vertex -4.13008 0.198868 -1.05
    endloop
  endfacet
  facet normal 0 0 -1
    outer loop
      vertex -4.44986 0.156723 -1.05
      vertex -4.13008 0.198868 -1.05
      vertex -4.44092 0.0776062 -1.05
    endloop
  endfacet
  facet normal 0 0 -1
    outer loop
      vertex -4.46637 0.225296 -1.05
      vertex -4.17961 0.333069 -1.05
      vertex -4.44986 0.156723 -1.05
    endloop
  endfacet
  facet normal -0 0 -1
    outer loop
      vertex -4.13008 0.198868 -1.05
      vertex -4.44986 0.156723 -1.05
      vertex -4.17961 0.333069 -1.05
    endloop
  endfacet
  facet normal 0 0 -1
    outer loop
      vertex -4.98465 -0.149139 -1.05
      vertex -4.44092 0.0776062 -1.05
      vertex -4.09047 -0.149139 -1.05
    endloop
  endfacet
  facet normal -0 0 -1
    outer loop
      vertex -4.44092 0.0776062 -1.05
      vertex -4.98465 -0.149139 -1.05
      vertex -4.98209 0.0776062 -1.05
    endloop
  endfacet
  facet normal -0 0 -1
    outer loop
      vertex -4.17961 0.333069 -1.05
      vertex -4.46637 0.225296 -1.05
      vertex -4.24895 0.444153 -1.05
    endloop
  endfacet
  facet normal 0 0 -1
    outer loop
      vertex -4.49047 0.28331 -1.05
      vertex -4.24895 0.444153 -1.05
      vertex -4.46637 0.225296 -1.05
    endloop
  endfacet
  facet normal 0 0 -1
    outer loop
      vertex -4.52211 0.33078 -1.05
      vertex -4.24895 0.444153 -1.05
      vertex -4.49047 0.28331 -1.05
    endloop
  endfacet
  facet normal -0 0 -1
    outer loop
      vertex -4.24895 0.444153 -1.05
      vertex -4.52211 0.33078 -1.05
      vertex -4.33704 0.53125 -1.05
    endloop
  endfacet
  facet normal 0 0 -1
    outer loop
      vertex -4.5606 0.367706 -1.05
      vertex -4.33704 0.53125 -1.05
      vertex -4.52211 0.33078 -1.05
    endloop
  endfacet
  facet normal -0 0 -1
    outer loop
      vertex -4.33704 0.53125 -1.05
      vertex -4.5606 0.367706 -1.05
      vertex -4.44286 0.59346 -1.05
    endloop
  endfacet
  facet normal 0 0 -1
    outer loop
      vertex -4.60521 0.394073 -1.05
      vertex -4.44286 0.59346 -1.05
      vertex -4.5606 0.367706 -1.05
    endloop
  endfacet
  facet normal -0 0 -1
    outer loop
      vertex -4.44286 0.59346 -1.05
      vertex -4.60521 0.394073 -1.05
      vertex -4.56639 0.630783 -1.05
    endloop
  endfacet
  facet normal 0 0 -1
    outer loop
      vertex -4.65593 0.409912 -1.05
      vertex -4.56639 0.630783 -1.05
      vertex -4.60521 0.394073 -1.05
    endloop
  endfacet
  facet normal 0 0 -1
    outer loop
      vertex -4.65593 0.409912 -1.05
      vertex -4.70764 0.643219 -1.05
      vertex -4.56639 0.630783 -1.05
    endloop
  endfacet
  facet normal 0 0 -1
    outer loop
      vertex -4.7128 0.415176 -1.05
      vertex -4.70764 0.643219 -1.05
      vertex -4.65593 0.409912 -1.05
    endloop
  endfacet
  facet normal 0 0 -1
    outer loop
      vertex -4.77291 0.409622 -1.05
      vertex -4.70764 0.643219 -1.05
      vertex -4.7128 0.415176 -1.05
    endloop
  endfacet
  facet normal 0 0 -1
    outer loop
      vertex -4.8559 0.631622 -1.05
      vertex -4.77291 0.409622 -1.05
      vertex -4.82569 0.392944 -1.05
    endloop
  endfacet
  facet normal 0 0 -1
    outer loop
      vertex -4.77291 0.409622 -1.05
      vertex -4.8559 0.631622 -1.05
      vertex -4.70764 0.643219 -1.05
    endloop
  endfacet
  facet normal 0 0 -1
    outer loop
      vertex -4.98627 0.596832 -1.05
      vertex -4.82569 0.392944 -1.05
      vertex -4.87114 0.365158 -1.05
    endloop
  endfacet
  facet normal 0 0 -1
    outer loop
      vertex -4.98627 0.596832 -1.05
      vertex -4.87114 0.365158 -1.05
      vertex -4.90927 0.326263 -1.05
    endloop
  endfacet
  facet normal 0 0 -1
    outer loop
      vertex -4.98627 0.596832 -1.05
      vertex -4.90927 0.326263 -1.05
      vertex -4.93967 0.277374 -1.05
    endloop
  endfacet
  facet normal 0 0 -1
    outer loop
      vertex -4.98627 0.596832 -1.05
      vertex -4.93967 0.277374 -1.05
      vertex -4.96195 0.21965 -1.05
    endloop
  endfacet
  facet normal 0 0 -1
    outer loop
      vertex -4.82569 0.392944 -1.05
      vertex -4.98627 0.596832 -1.05
      vertex -4.8559 0.631622 -1.05
    endloop
  endfacet
  facet normal 0 0 -1
    outer loop
      vertex -4.97608 0.153061 -1.05
      vertex -4.98627 0.596832 -1.05
      vertex -4.96195 0.21965 -1.05
    endloop
  endfacet
  facet normal 0 0 -1
    outer loop
      vertex -4.98209 0.0776062 -1.05
      vertex -4.98627 0.596832 -1.05
      vertex -4.97608 0.153061 -1.05
    endloop
  endfacet
  facet normal 0 0 -1
    outer loop
      vertex -4.98627 0.596832 -1.05
      vertex -4.98209 0.0776062 -1.05
      vertex -4.98465 -0.149139 -1.05
    endloop
  endfacet
  facet normal 0 0 -1
    outer loop
      vertex -14.6085 -0.133698 -1.05
      vertex -14.423 0.0685883 -1.05
      vertex -14.423 -0.131119 -1.05
    endloop
  endfacet
  facet normal 0 0 -1
    outer loop
      vertex -14.7232 0.0634308 -1.05
      vertex -14.6085 -0.133698 -1.05
      vertex -14.667 -0.13736 -1.05
    endloop
  endfacet
  facet normal 0 0 -1
    outer loop
      vertex -14.7232 0.0634308 -1.05
      vertex -14.667 -0.13736 -1.05
      vertex -14.7164 -0.143188 -1.05
    endloop
  endfacet
  facet normal 0 0 -1
    outer loop
      vertex -14.6085 -0.133698 -1.05
      vertex -14.7232 0.0634308 -1.05
      vertex -14.423 0.0685883 -1.05
    endloop
  endfacet
  facet normal 0 0 -1
    outer loop
      vertex -14.7566 -0.151215 -1.05
      vertex -14.7232 0.0634308 -1.05
      vertex -14.7164 -0.143188 -1.05
    endloop
  endfacet
  facet normal 0 0 -1
    outer loop
      vertex -14.8492 0.0552216 -1.05
      vertex -14.7566 -0.151215 -1.05
      vertex -14.7876 -0.161392 -1.05
    endloop
  endfacet
  facet normal 0 0 -1
    outer loop
      vertex -14.8492 0.0552216 -1.05
      vertex -14.7876 -0.161392 -1.05
      vertex -14.8124 -0.174149 -1.05
    endloop
  endfacet
  facet normal 0 0 -1
    outer loop
      vertex -14.9594 0.0331421 -1.05
      vertex -14.8124 -0.174149 -1.05
      vertex -14.8341 -0.189896 -1.05
    endloop
  endfacet
  facet normal 0 0 -1
    outer loop
      vertex -14.7566 -0.151215 -1.05
      vertex -14.8492 0.0552216 -1.05
      vertex -14.7232 0.0634308 -1.05
    endloop
  endfacet
  facet normal 0 0 -1
    outer loop
      vertex -14.9594 0.0331421 -1.05
      vertex -14.8341 -0.189896 -1.05
      vertex -14.8527 -0.208618 -1.05
    endloop
  endfacet
  facet normal 0 0 -1
    outer loop
      vertex -15.0538 -0.00276184 -1.05
      vertex -14.8527 -0.208618 -1.05
      vertex -14.8681 -0.230331 -1.05
    endloop
  endfacet
  facet normal 0 0 -1
    outer loop
      vertex -15.1323 -0.0525208 -1.05
      vertex -14.8681 -0.230331 -1.05
      vertex -14.8802 -0.255447 -1.05
    endloop
  endfacet
  facet normal 0 0 -1
    outer loop
      vertex -15.194 -0.115662 -1.05
      vertex -14.8802 -0.255447 -1.05
      vertex -14.8889 -0.284439 -1.05
    endloop
  endfacet
  facet normal 0 0 -1
    outer loop
      vertex -15.2381 -0.191666 -1.05
      vertex -14.8889 -0.284439 -1.05
      vertex -14.8941 -0.317291 -1.05
    endloop
  endfacet
  facet normal 0 0 -1
    outer loop
      vertex -15.2096 -0.631546 -1.05
      vertex -14.8701 -0.474197 -1.05
      vertex -15.16 -0.692215 -1.05
    endloop
  endfacet
  facet normal 0 0 -1
    outer loop
      vertex -14.8124 -0.174149 -1.05
      vertex -14.9594 0.0331421 -1.05
      vertex -14.8492 0.0552216 -1.05
    endloop
  endfacet
  facet normal -0 0 -1
    outer loop
      vertex -14.8701 -0.474197 -1.05
      vertex -15.2096 -0.631546 -1.05
      vertex -14.8844 -0.440491 -1.05
    endloop
  endfacet
  facet normal 0 0 -1
    outer loop
      vertex -15.245 -0.559677 -1.05
      vertex -14.8844 -0.440491 -1.05
      vertex -15.2096 -0.631546 -1.05
    endloop
  endfacet
  facet normal 0 0 -1
    outer loop
      vertex -14.8958 -0.354004 -1.05
      vertex -15.2645 -0.280563 -1.05
      vertex -14.8941 -0.317291 -1.05
    endloop
  endfacet
  facet normal 0 0 -1
    outer loop
      vertex -15.2662 -0.476608 -1.05
      vertex -14.8844 -0.440491 -1.05
      vertex -15.245 -0.559677 -1.05
    endloop
  endfacet
  facet normal 0 0 -1
    outer loop
      vertex -14.8527 -0.208618 -1.05
      vertex -15.0538 -0.00276184 -1.05
      vertex -14.9594 0.0331421 -1.05
    endloop
  endfacet
  facet normal -0 0 -1
    outer loop
      vertex -14.8844 -0.440491 -1.05
      vertex -15.2662 -0.476608 -1.05
      vertex -14.893 -0.400421 -1.05
    endloop
  endfacet
  facet normal 0 -0 -1
    outer loop
      vertex -15.2381 -0.191666 -1.05
      vertex -14.8941 -0.317291 -1.05
      vertex -15.2645 -0.280563 -1.05
    endloop
  endfacet
  facet normal 0 0 -1
    outer loop
      vertex -15.2733 -0.382355 -1.05
      vertex -14.893 -0.400421 -1.05
      vertex -15.2662 -0.476608 -1.05
    endloop
  endfacet
  facet normal 0 0 -1
    outer loop
      vertex -14.8681 -0.230331 -1.05
      vertex -15.1323 -0.0525208 -1.05
      vertex -15.0538 -0.00276184 -1.05
    endloop
  endfacet
  facet normal 0 0 -1
    outer loop
      vertex -14.893 -0.400421 -1.05
      vertex -15.2733 -0.382355 -1.05
      vertex -14.8958 -0.354004 -1.05
    endloop
  endfacet
  facet normal 0 0 -1
    outer loop
      vertex -14.8889 -0.284439 -1.05
      vertex -15.2381 -0.191666 -1.05
      vertex -15.194 -0.115662 -1.05
    endloop
  endfacet
  facet normal 0 -0 -1
    outer loop
      vertex -15.2645 -0.280563 -1.05
      vertex -14.8958 -0.354004 -1.05
      vertex -15.2733 -0.382355 -1.05
    endloop
  endfacet
  facet normal 0 0 -1
    outer loop
      vertex -14.8802 -0.255447 -1.05
      vertex -15.194 -0.115662 -1.05
      vertex -15.1323 -0.0525208 -1.05
    endloop
  endfacet
  facet normal 0 0 -1
    outer loop
      vertex -14.0609 -0.364319 -1.05
      vertex -14.4255 -0.247116 -1.05
      vertex -14.423 -0.201981 -1.05
    endloop
  endfacet
  facet normal 0 0 -1
    outer loop
      vertex -14.3779 -0.527939 -1.05
      vertex -14.433 -0.291031 -1.05
      vertex -14.4255 -0.247116 -1.05
    endloop
  endfacet
  facet normal 0 0 -1
    outer loop
      vertex -14.3779 -0.527939 -1.05
      vertex -14.4454 -0.333755 -1.05
      vertex -14.433 -0.291031 -1.05
    endloop
  endfacet
  facet normal 0 0 -1
    outer loop
      vertex -14.3779 -0.527939 -1.05
      vertex -14.4629 -0.375259 -1.05
      vertex -14.4454 -0.333755 -1.05
    endloop
  endfacet
  facet normal 0 0 -1
    outer loop
      vertex -14.5398 -0.478058 -1.05
      vertex -14.3856 -0.527939 -1.05
      vertex -14.4713 -0.64801 -1.05
    endloop
  endfacet
  facet normal 0 0 -1
    outer loop
      vertex -14.3856 -0.527939 -1.05
      vertex -14.4848 -0.413956 -1.05
      vertex -14.4629 -0.375259 -1.05
    endloop
  endfacet
  facet normal 0 0 -1
    outer loop
      vertex -14.3856 -0.527939 -1.05
      vertex -14.5104 -0.448227 -1.05
      vertex -14.4848 -0.413956 -1.05
    endloop
  endfacet
  facet normal 0 0 -1
    outer loop
      vertex -14.3856 -0.527939 -1.05
      vertex -14.5398 -0.478058 -1.05
      vertex -14.5104 -0.448227 -1.05
    endloop
  endfacet
  facet normal 0 0 -1
    outer loop
      vertex -14.4713 -0.64801 -1.05
      vertex -14.5731 -0.503479 -1.05
      vertex -14.5398 -0.478058 -1.05
    endloop
  endfacet
  facet normal 0 0 -1
    outer loop
      vertex -14.6091 -0.523758 -1.05
      vertex -14.4713 -0.64801 -1.05
      vertex -14.5763 -0.73378 -1.05
    endloop
  endfacet
  facet normal 0 0 -1
    outer loop
      vertex -14.4713 -0.64801 -1.05
      vertex -14.6091 -0.523758 -1.05
      vertex -14.5731 -0.503479 -1.05
    endloop
  endfacet
  facet normal 0 0 -1
    outer loop
      vertex -14.5763 -0.73378 -1.05
      vertex -14.647 -0.538254 -1.05
      vertex -14.6091 -0.523758 -1.05
    endloop
  endfacet
  facet normal 0 0 -1
    outer loop
      vertex -14.5763 -0.73378 -1.05
      vertex -14.6867 -0.546951 -1.05
      vertex -14.647 -0.538254 -1.05
    endloop
  endfacet
  facet normal 0 0 -1
    outer loop
      vertex -14.7006 -0.785233 -1.05
      vertex -14.6867 -0.546951 -1.05
      vertex -14.5763 -0.73378 -1.05
    endloop
  endfacet
  facet normal 0 0 -1
    outer loop
      vertex -14.7006 -0.785233 -1.05
      vertex -14.7283 -0.54985 -1.05
      vertex -14.6867 -0.546951 -1.05
    endloop
  endfacet
  facet normal 0 0 -1
    outer loop
      vertex -14.7006 -0.785233 -1.05
      vertex -14.7644 -0.546829 -1.05
      vertex -14.7283 -0.54985 -1.05
    endloop
  endfacet
  facet normal 0 0 -1
    outer loop
      vertex -14.8443 -0.802383 -1.05
      vertex -14.7644 -0.546829 -1.05
      vertex -14.7006 -0.785233 -1.05
    endloop
  endfacet
  facet normal -0 0 -1
    outer loop
      vertex -14.7644 -0.546829 -1.05
      vertex -14.8443 -0.802383 -1.05
      vertex -14.7968 -0.537766 -1.05
    endloop
  endfacet
  facet normal -0 0 -1
    outer loop
      vertex -14.7968 -0.537766 -1.05
      vertex -14.8443 -0.802383 -1.05
      vertex -14.8253 -0.522675 -1.05
    endloop
  endfacet
  facet normal 0 0 -1
    outer loop
      vertex -14.9399 -0.795502 -1.05
      vertex -14.8253 -0.522675 -1.05
      vertex -14.8443 -0.802383 -1.05
    endloop
  endfacet
  facet normal -0 0 -1
    outer loop
      vertex -14.8253 -0.522675 -1.05
      vertex -14.9399 -0.795502 -1.05
      vertex -14.8501 -0.501541 -1.05
    endloop
  endfacet
  facet normal 0 0 -1
    outer loop
      vertex -15.0243 -0.774841 -1.05
      vertex -14.8501 -0.501541 -1.05
      vertex -14.9399 -0.795502 -1.05
    endloop
  endfacet
  facet normal 0 0 -1
    outer loop
      vertex -15.0977 -0.740417 -1.05
      vertex -14.8501 -0.501541 -1.05
      vertex -15.0243 -0.774841 -1.05
    endloop
  endfacet
  facet normal 0 0 -1
    outer loop
      vertex -15.16 -0.692215 -1.05
      vertex -14.8701 -0.474197 -1.05
      vertex -15.0977 -0.740417 -1.05
    endloop
  endfacet
  facet normal -0 0 -1
    outer loop
      vertex -14.8501 -0.501541 -1.05
      vertex -15.0977 -0.740417 -1.05
      vertex -14.8701 -0.474197 -1.05
    endloop
  endfacet
  facet normal 0 0 -1
    outer loop
      vertex -13.9057 -0.568527 -1.05
      vertex -13.8664 -0.758591 -1.05
      vertex -13.8821 -0.76236 -1.05
    endloop
  endfacet
  facet normal 0 0 -1
    outer loop
      vertex -13.8664 -0.758591 -1.05
      vertex -13.8859 -0.566116 -1.05
      vertex -13.8664 -0.562729 -1.05
    endloop
  endfacet
  facet normal 0 0 -1
    outer loop
      vertex -13.8664 -0.758591 -1.05
      vertex -13.9057 -0.568527 -1.05
      vertex -13.8859 -0.566116 -1.05
    endloop
  endfacet
  facet normal 0 0 -1
    outer loop
      vertex -13.9258 -0.569977 -1.05
      vertex -13.8821 -0.76236 -1.05
      vertex -13.9111 -0.769455 -1.05
    endloop
  endfacet
  facet normal 0 0 -1
    outer loop
      vertex -13.9462 -0.570465 -1.05
      vertex -13.9111 -0.769455 -1.05
      vertex -13.9243 -0.772766 -1.05
    endloop
  endfacet
  facet normal 0 0 -1
    outer loop
      vertex -13.8821 -0.76236 -1.05
      vertex -13.9258 -0.569977 -1.05
      vertex -13.9057 -0.568527 -1.05
    endloop
  endfacet
  facet normal 0 0 -1
    outer loop
      vertex -13.9462 -0.570465 -1.05
      vertex -13.9243 -0.772766 -1.05
      vertex -13.9372 -0.775818 -1.05
    endloop
  endfacet
  facet normal 0 0 -1
    outer loop
      vertex -13.9111 -0.769455 -1.05
      vertex -13.9462 -0.570465 -1.05
      vertex -13.9258 -0.569977 -1.05
    endloop
  endfacet
  facet normal 0 0 -1
    outer loop
      vertex -13.9501 -0.778549 -1.05
      vertex -13.9462 -0.570465 -1.05
      vertex -13.9372 -0.775818 -1.05
    endloop
  endfacet
  facet normal 0 0 -1
    outer loop
      vertex -13.9749 -0.567688 -1.05
      vertex -13.9501 -0.778549 -1.05
      vertex -13.963 -0.780975 -1.05
    endloop
  endfacet
  facet normal 0 0 -1
    outer loop
      vertex -13.9501 -0.778549 -1.05
      vertex -13.9749 -0.567688 -1.05
      vertex -13.9462 -0.570465 -1.05
    endloop
  endfacet
  facet normal 0 0 -1
    outer loop
      vertex -13.9759 -0.783066 -1.05
      vertex -13.9749 -0.567688 -1.05
      vertex -13.963 -0.780975 -1.05
    endloop
  endfacet
  facet normal 0 0 -1
    outer loop
      vertex -13.989 -0.784912 -1.05
      vertex -13.9749 -0.567688 -1.05
      vertex -13.9759 -0.783066 -1.05
    endloop
  endfacet
  facet normal 0 0 -1
    outer loop
      vertex -14.0024 -0.786606 -1.05
      vertex -13.9749 -0.567688 -1.05
      vertex -13.989 -0.784912 -1.05
    endloop
  endfacet
  facet normal 0 0 -1
    outer loop
      vertex -14.0163 -0.788132 -1.05
      vertex -13.9749 -0.567688 -1.05
      vertex -14.0024 -0.786606 -1.05
    endloop
  endfacet
  facet normal -0 0 -1
    outer loop
      vertex -13.9749 -0.567688 -1.05
      vertex -14.0163 -0.788132 -1.05
      vertex -13.9992 -0.559357 -1.05
    endloop
  endfacet
  facet normal 0 0 -1
    outer loop
      vertex -14.0306 -0.789505 -1.05
      vertex -13.9992 -0.559357 -1.05
      vertex -14.0163 -0.788132 -1.05
    endloop
  endfacet
  facet normal 0 0 -1
    outer loop
      vertex -14.0457 -0.790634 -1.05
      vertex -13.9992 -0.559357 -1.05
      vertex -14.0306 -0.789505 -1.05
    endloop
  endfacet
  facet normal 0 0 -1
    outer loop
      vertex -14.062 -0.791443 -1.05
      vertex -13.9992 -0.559357 -1.05
      vertex -14.0457 -0.790634 -1.05
    endloop
  endfacet
  facet normal 0 0 -1
    outer loop
      vertex -14.0796 -0.791916 -1.05
      vertex -13.9992 -0.559357 -1.05
      vertex -14.062 -0.791443 -1.05
    endloop
  endfacet
  facet normal -0 0 -1
    outer loop
      vertex -13.9992 -0.559357 -1.05
      vertex -14.0796 -0.791916 -1.05
      vertex -14.0191 -0.545471 -1.05
    endloop
  endfacet
  facet normal 0 0 -1
    outer loop
      vertex -14.0983 -0.792084 -1.05
      vertex -14.0191 -0.545471 -1.05
      vertex -14.0796 -0.791916 -1.05
    endloop
  endfacet
  facet normal 0 0 -1
    outer loop
      vertex -14.1621 -0.787903 -1.05
      vertex -14.0191 -0.545471 -1.05
      vertex -14.0983 -0.792084 -1.05
    endloop
  endfacet
  facet normal -0 0 -1
    outer loop
      vertex -14.0191 -0.545471 -1.05
      vertex -14.1621 -0.787903 -1.05
      vertex -14.0345 -0.526031 -1.05
    endloop
  endfacet
  facet normal 0 0 -1
    outer loop
      vertex -14.217 -0.77533 -1.05
      vertex -14.0345 -0.526031 -1.05
      vertex -14.1621 -0.787903 -1.05
    endloop
  endfacet
  facet normal 0 0 -1
    outer loop
      vertex -14.2629 -0.754395 -1.05
      vertex -14.0345 -0.526031 -1.05
      vertex -14.217 -0.77533 -1.05
    endloop
  endfacet
  facet normal 0 0 -1
    outer loop
      vertex -14.4255 -0.247116 -1.05
      vertex -14.0609 -0.364319 -1.05
      vertex -14.3779 -0.527939 -1.05
    endloop
  endfacet
  facet normal 0 0 -1
    outer loop
      vertex -14.2999 -0.725082 -1.05
      vertex -14.0345 -0.526031 -1.05
      vertex -14.2629 -0.754395 -1.05
    endloop
  endfacet
  facet normal 0 0 -1
    outer loop
      vertex -14.0609 -0.364319 -1.05
      vertex -14.423 -0.131119 -1.05
      vertex -14.0609 0.143311 -1.05
    endloop
  endfacet
  facet normal 0 0 -1
    outer loop
      vertex -14.3292 -0.687637 -1.05
      vertex -14.0345 -0.526031 -1.05
      vertex -14.2999 -0.725082 -1.05
    endloop
  endfacet
  facet normal 0 0 -1
    outer loop
      vertex -14.423 0.0685883 -1.05
      vertex -14.0609 0.143311 -1.05
      vertex -14.423 -0.131119 -1.05
    endloop
  endfacet
  facet normal 0 0 -1
    outer loop
      vertex -14.3682 -0.589066 -1.05
      vertex -14.0461 -0.499252 -1.05
      vertex -14.3519 -0.642303 -1.05
    endloop
  endfacet
  facet normal 0 0 -1
    outer loop
      vertex -14.423 0.13945 -1.05
      vertex -14.0609 0.143311 -1.05
      vertex -14.423 0.0685883 -1.05
    endloop
  endfacet
  facet normal -0 0 -1
    outer loop
      vertex -14.0461 -0.499252 -1.05
      vertex -14.3779 -0.527939 -1.05
      vertex -14.0543 -0.463364 -1.05
    endloop
  endfacet
  facet normal 0 0 -1
    outer loop
      vertex -14.3519 -0.642303 -1.05
      vertex -14.0345 -0.526031 -1.05
      vertex -14.3292 -0.687637 -1.05
    endloop
  endfacet
  facet normal 0 0 -1
    outer loop
      vertex -14.0609 0.143311 -1.05
      vertex -14.426 0.203354 -1.05
      vertex -14.0699 0.256287 -1.05
    endloop
  endfacet
  facet normal -0 0 -1
    outer loop
      vertex -14.0345 -0.526031 -1.05
      vertex -14.3519 -0.642303 -1.05
      vertex -14.0461 -0.499252 -1.05
    endloop
  endfacet
  facet normal 0 0 -1
    outer loop
      vertex -14.3779 -0.527939 -1.05
      vertex -14.0461 -0.499252 -1.05
      vertex -14.3682 -0.589066 -1.05
    endloop
  endfacet
  facet normal -0 0 -1
    outer loop
      vertex -14.0543 -0.463364 -1.05
      vertex -14.3779 -0.527939 -1.05
      vertex -14.0593 -0.418396 -1.05
    endloop
  endfacet
  facet normal -0 0 -1
    outer loop
      vertex -14.0593 -0.418396 -1.05
      vertex -14.3779 -0.527939 -1.05
      vertex -14.0609 -0.364319 -1.05
    endloop
  endfacet
  facet normal 0 0 -1
    outer loop
      vertex -14.423 -0.131119 -1.05
      vertex -14.0609 -0.364319 -1.05
      vertex -14.423 -0.201981 -1.05
    endloop
  endfacet
  facet normal -0 0 -1
    outer loop
      vertex -14.0699 0.256287 -1.05
      vertex -14.426 0.203354 -1.05
      vertex -14.0967 0.355576 -1.05
    endloop
  endfacet
  facet normal 0 0 -1
    outer loop
      vertex -14.4629 -0.375259 -1.05
      vertex -14.3779 -0.527939 -1.05
      vertex -14.3856 -0.527939 -1.05
    endloop
  endfacet
  facet normal 0 0 -1
    outer loop
      vertex -14.426 0.203354 -1.05
      vertex -14.0609 0.143311 -1.05
      vertex -14.423 0.13945 -1.05
    endloop
  endfacet
  facet normal 0 0 -1
    outer loop
      vertex -14.4349 0.258469 -1.05
      vertex -14.0967 0.355576 -1.05
      vertex -14.426 0.203354 -1.05
    endloop
  endfacet
  facet normal -0 0 -1
    outer loop
      vertex -14.0967 0.355576 -1.05
      vertex -14.4349 0.258469 -1.05
      vertex -14.1414 0.441177 -1.05
    endloop
  endfacet
  facet normal 0 0 -1
    outer loop
      vertex -14.4498 0.30481 -1.05
      vertex -14.1414 0.441177 -1.05
      vertex -14.4349 0.258469 -1.05
    endloop
  endfacet
  facet normal -0 0 -1
    outer loop
      vertex -14.1414 0.441177 -1.05
      vertex -14.4498 0.30481 -1.05
      vertex -14.2039 0.513092 -1.05
    endloop
  endfacet
  facet normal 0 0 -1
    outer loop
      vertex -14.4706 0.342377 -1.05
      vertex -14.2039 0.513092 -1.05
      vertex -14.4498 0.30481 -1.05
    endloop
  endfacet
  facet normal -0 0 -1
    outer loop
      vertex -14.2039 0.513092 -1.05
      vertex -14.4706 0.342377 -1.05
      vertex -14.283 0.570023 -1.05
    endloop
  endfacet
  facet normal 0 0 -1
    outer loop
      vertex -14.4983 0.371414 -1.05
      vertex -14.283 0.570023 -1.05
      vertex -14.4706 0.342377 -1.05
    endloop
  endfacet
  facet normal -0 0 -1
    outer loop
      vertex -14.283 0.570023 -1.05
      vertex -14.4983 0.371414 -1.05
      vertex -14.3772 0.610687 -1.05
    endloop
  endfacet
  facet normal 0 0 -1
    outer loop
      vertex -14.5335 0.392151 -1.05
      vertex -14.3772 0.610687 -1.05
      vertex -14.4983 0.371414 -1.05
    endloop
  endfacet
  facet normal -0 0 -1
    outer loop
      vertex -14.3772 0.610687 -1.05
      vertex -14.5335 0.392151 -1.05
      vertex -14.4866 0.635086 -1.05
    endloop
  endfacet
  facet normal 0 0 -1
    outer loop
      vertex -14.5762 0.404587 -1.05
      vertex -14.4866 0.635086 -1.05
      vertex -14.5335 0.392151 -1.05
    endloop
  endfacet
  facet normal 0 0 -1
    outer loop
      vertex -14.5762 0.404587 -1.05
      vertex -14.6111 0.643219 -1.05
      vertex -14.4866 0.635086 -1.05
    endloop
  endfacet
  facet normal 0 0 -1
    outer loop
      vertex -14.6265 0.408737 -1.05
      vertex -14.6111 0.643219 -1.05
      vertex -14.5762 0.404587 -1.05
    endloop
  endfacet
  facet normal 0 0 -1
    outer loop
      vertex -14.6734 0.405884 -1.05
      vertex -14.6111 0.643219 -1.05
      vertex -14.6265 0.408737 -1.05
    endloop
  endfacet
  facet normal 0 0 -1
    outer loop
      vertex -14.735 0.636658 -1.05
      vertex -14.6734 0.405884 -1.05
      vertex -14.7137 0.397308 -1.05
    endloop
  endfacet
  facet normal 0 0 -1
    outer loop
      vertex -14.6734 0.405884 -1.05
      vertex -14.735 0.636658 -1.05
      vertex -14.6111 0.643219 -1.05
    endloop
  endfacet
  facet normal 0 0 -1
    outer loop
      vertex -14.8451 0.616959 -1.05
      vertex -14.7137 0.397308 -1.05
      vertex -14.7472 0.383011 -1.05
    endloop
  endfacet
  facet normal 0 0 -1
    outer loop
      vertex -14.8451 0.616959 -1.05
      vertex -14.7472 0.383011 -1.05
      vertex -14.7741 0.362991 -1.05
    endloop
  endfacet
  facet normal 0 0 -1
    outer loop
      vertex -14.9415 0.584152 -1.05
      vertex -14.7741 0.362991 -1.05
      vertex -14.7954 0.33638 -1.05
    endloop
  endfacet
  facet normal 0 0 -1
    outer loop
      vertex -15.024 0.538208 -1.05
      vertex -14.7954 0.33638 -1.05
      vertex -14.8122 0.302277 -1.05
    endloop
  endfacet
  facet normal 0 0 -1
    outer loop
      vertex -15.1463 0.408569 -1.05
      vertex -14.8122 0.302277 -1.05
      vertex -14.8247 0.260681 -1.05
    endloop
  endfacet
  facet normal 0 0 -1
    outer loop
      vertex -14.7137 0.397308 -1.05
      vertex -14.8451 0.616959 -1.05
      vertex -14.735 0.636658 -1.05
    endloop
  endfacet
  facet normal 0 0 -1
    outer loop
      vertex -15.1855 0.325272 -1.05
      vertex -14.8247 0.260681 -1.05
      vertex -14.8327 0.211594 -1.05
    endloop
  endfacet
  facet normal 0 0 -1
    outer loop
      vertex -14.7741 0.362991 -1.05
      vertex -14.9415 0.584152 -1.05
      vertex -14.8451 0.616959 -1.05
    endloop
  endfacet
  facet normal 0 0 -1
    outer loop
      vertex -14.7954 0.33638 -1.05
      vertex -15.024 0.538208 -1.05
      vertex -14.9415 0.584152 -1.05
    endloop
  endfacet
  facet normal 0 0 -1
    outer loop
      vertex -14.8122 0.302277 -1.05
      vertex -15.0924 0.479553 -1.05
      vertex -15.024 0.538208 -1.05
    endloop
  endfacet
  facet normal 0 0 -1
    outer loop
      vertex -14.8122 0.302277 -1.05
      vertex -15.1463 0.408569 -1.05
      vertex -15.0924 0.479553 -1.05
    endloop
  endfacet
  facet normal 0 0 -1
    outer loop
      vertex -14.8247 0.260681 -1.05
      vertex -15.1855 0.325272 -1.05
      vertex -15.1463 0.408569 -1.05
    endloop
  endfacet
  facet normal 0 -0 -1
    outer loop
      vertex -15.1855 0.325272 -1.05
      vertex -14.8327 0.211594 -1.05
      vertex -15.2102 0.229645 -1.05
    endloop
  endfacet
  facet normal 0 0 -1
    outer loop
      vertex -10.0253 -0.296036 -1.05
      vertex -9.67566 -0.382355 -1.05
      vertex -9.69728 -0.448074 -1.05
    endloop
  endfacet
  facet normal 0 0 -1
    outer loop
      vertex -10.037 -0.356461 -1.05
      vertex -9.69728 -0.448074 -1.05
      vertex -9.72687 -0.509918 -1.05
    endloop
  endfacet
  facet normal 0 0 -1
    outer loop
      vertex -10.0553 -0.408936 -1.05
      vertex -9.72687 -0.509918 -1.05
      vertex -9.76444 -0.567902 -1.05
    endloop
  endfacet
  facet normal 0 0 -1
    outer loop
      vertex -10.0553 -0.408936 -1.05
      vertex -9.76444 -0.567902 -1.05
      vertex -9.80925 -0.620758 -1.05
    endloop
  endfacet
  facet normal 0 0 -1
    outer loop
      vertex -10.0802 -0.45343 -1.05
      vertex -9.80925 -0.620758 -1.05
      vertex -9.8606 -0.667267 -1.05
    endloop
  endfacet
  facet normal 0 0 -1
    outer loop
      vertex -10.0802 -0.45343 -1.05
      vertex -9.8606 -0.667267 -1.05
      vertex -9.91846 -0.707397 -1.05
    endloop
  endfacet
  facet normal 0 0 -1
    outer loop
      vertex -10.1117 -0.489944 -1.05
      vertex -9.91846 -0.707397 -1.05
      vertex -9.98284 -0.74118 -1.05
    endloop
  endfacet
  facet normal 0 0 -1
    outer loop
      vertex -9.72687 -0.509918 -1.05
      vertex -10.0553 -0.408936 -1.05
      vertex -10.037 -0.356461 -1.05
    endloop
  endfacet
  facet normal 0 0 -1
    outer loop
      vertex -9.67566 -0.382355 -1.05
      vertex -10.0253 -0.296036 -1.05
      vertex -9.66201 -0.312775 -1.05
    endloop
  endfacet
  facet normal 0 0 -1
    outer loop
      vertex -10.1486 -0.518402 -1.05
      vertex -9.98284 -0.74118 -1.05
      vertex -10.0526 -0.76796 -1.05
    endloop
  endfacet
  facet normal 0 -0 -1
    outer loop
      vertex -10.0253 -0.296036 -1.05
      vertex -9.69728 -0.448074 -1.05
      vertex -10.037 -0.356461 -1.05
    endloop
  endfacet
  facet normal 0 0 -1
    outer loop
      vertex -9.80925 -0.620758 -1.05
      vertex -10.0802 -0.45343 -1.05
      vertex -10.0553 -0.408936 -1.05
    endloop
  endfacet
  facet normal 0 0 -1
    outer loop
      vertex -9.91846 -0.707397 -1.05
      vertex -10.1117 -0.489944 -1.05
      vertex -10.0802 -0.45343 -1.05
    endloop
  endfacet
  facet normal 0 0 -1
    outer loop
      vertex -10.1896 -0.538742 -1.05
      vertex -10.0526 -0.76796 -1.05
      vertex -10.1265 -0.787079 -1.05
    endloop
  endfacet
  facet normal 0 0 -1
    outer loop
      vertex -9.98284 -0.74118 -1.05
      vertex -10.1486 -0.518402 -1.05
      vertex -10.1117 -0.489944 -1.05
    endloop
  endfacet
  facet normal 0 0 -1
    outer loop
      vertex -10.0526 -0.76796 -1.05
      vertex -10.1896 -0.538742 -1.05
      vertex -10.1486 -0.518402 -1.05
    endloop
  endfacet
  facet normal 0 0 -1
    outer loop
      vertex -10.2349 -0.550934 -1.05
      vertex -10.1265 -0.787079 -1.05
      vertex -10.2046 -0.798553 -1.05
    endloop
  endfacet
  facet normal 0 0 -1
    outer loop
      vertex -10.1265 -0.787079 -1.05
      vertex -10.2349 -0.550934 -1.05
      vertex -10.1896 -0.538742 -1.05
    endloop
  endfacet
  facet normal 0 0 -1
    outer loop
      vertex -10.2046 -0.798553 -1.05
      vertex -10.2843 -0.555008 -1.05
      vertex -10.2349 -0.550934 -1.05
    endloop
  endfacet
  facet normal 0 0 -1
    outer loop
      vertex -10.2869 -0.802383 -1.05
      vertex -10.2843 -0.555008 -1.05
      vertex -10.2046 -0.798553 -1.05
    endloop
  endfacet
  facet normal 0 0 -1
    outer loop
      vertex -10.4364 -0.790588 -1.05
      vertex -10.2843 -0.555008 -1.05
      vertex -10.2869 -0.802383 -1.05
    endloop
  endfacet
  facet normal -0 0 -1
    outer loop
      vertex -10.2843 -0.555008 -1.05
      vertex -10.4364 -0.790588 -1.05
      vertex -10.4089 -0.524887 -1.05
    endloop
  endfacet
  facet normal 0 0 -1
    outer loop
      vertex -10.5678 -0.755188 -1.05
      vertex -10.4089 -0.524887 -1.05
      vertex -10.4364 -0.790588 -1.05
    endloop
  endfacet
  facet normal 0 0 -1
    outer loop
      vertex -10.6812 -0.696213 -1.05
      vertex -10.4089 -0.524887 -1.05
      vertex -10.5678 -0.755188 -1.05
    endloop
  endfacet
  facet normal -0 0 -1
    outer loop
      vertex -10.4089 -0.524887 -1.05
      vertex -10.6812 -0.696213 -1.05
      vertex -10.4979 -0.434525 -1.05
    endloop
  endfacet
  facet normal 0 0 -1
    outer loop
      vertex -10.7765 -0.613632 -1.05
      vertex -10.4979 -0.434525 -1.05
      vertex -10.6812 -0.696213 -1.05
    endloop
  endfacet
  facet normal 0 0 -1
    outer loop
      vertex -10.8521 -0.509949 -1.05
      vertex -10.4979 -0.434525 -1.05
      vertex -10.7765 -0.613632 -1.05
    endloop
  endfacet
  facet normal -0 0 -1
    outer loop
      vertex -10.4979 -0.434525 -1.05
      vertex -10.8521 -0.509949 -1.05
      vertex -10.5513 -0.283951 -1.05
    endloop
  endfacet
  facet normal 0 -0 -1
    outer loop
      vertex -10.9383 0.0757904 -1.05
      vertex -10.5691 -0.0731201 -1.05
      vertex -10.9492 -0.0872955 -1.05
    endloop
  endfacet
  facet normal 0 0 -1
    outer loop
      vertex -10.906 -0.387665 -1.05
      vertex -10.5513 -0.283951 -1.05
      vertex -10.8521 -0.509949 -1.05
    endloop
  endfacet
  facet normal 0 -0 -1
    outer loop
      vertex -10.9057 0.219803 -1.05
      vertex -10.5691 -0.0731201 -1.05
      vertex -10.9383 0.0757904 -1.05
    endloop
  endfacet
  facet normal 0 0 -1
    outer loop
      vertex -10.9384 -0.24678 -1.05
      vertex -10.5513 -0.283951 -1.05
      vertex -10.906 -0.387665 -1.05
    endloop
  endfacet
  facet normal 0 -0 -1
    outer loop
      vertex -10.8513 0.344742 -1.05
      vertex -10.5691 -0.0731201 -1.05
      vertex -10.9057 0.219803 -1.05
    endloop
  endfacet
  facet normal 0 0 -1
    outer loop
      vertex -10.5513 -0.283951 -1.05
      vertex -10.9384 -0.24678 -1.05
      vertex -10.5691 -0.0731201 -1.05
    endloop
  endfacet
  facet normal 0 -0 -1
    outer loop
      vertex -10.7752 0.450592 -1.05
      vertex -10.5691 -0.0731201 -1.05
      vertex -10.8513 0.344742 -1.05
    endloop
  endfacet
  facet normal 0 0 -1
    outer loop
      vertex -10.5691 -0.0731201 -1.05
      vertex -10.9384 -0.24678 -1.05
      vertex -10.9492 -0.0872955 -1.05
    endloop
  endfacet
  facet normal 0 0 -1
    outer loop
      vertex -10.5691 -0.0731201 -1.05
      vertex -10.7752 0.450592 -1.05
      vertex -10.6792 0.534866 -1.05
    endloop
  endfacet
  facet normal 0 0 -1
    outer loop
      vertex -10.037 0.160065 -1.05
      vertex -9.70043 0.281097 -1.05
      vertex -9.67232 0.178101 -1.05
    endloop
  endfacet
  facet normal 0 0 -1
    outer loop
      vertex -10.0476 0.210831 -1.05
      vertex -9.70043 0.281097 -1.05
      vertex -10.037 0.160065 -1.05
    endloop
  endfacet
  facet normal 0 0 -1
    outer loop
      vertex -10.064 0.25621 -1.05
      vertex -9.74352 0.37233 -1.05
      vertex -10.0476 0.210831 -1.05
    endloop
  endfacet
  facet normal -0 0 -1
    outer loop
      vertex -9.74352 0.37233 -1.05
      vertex -10.064 0.25621 -1.05
      vertex -9.80158 0.451813 -1.05
    endloop
  endfacet
  facet normal -0 0 -1
    outer loop
      vertex -9.70043 0.281097 -1.05
      vertex -10.0476 0.210831 -1.05
      vertex -9.74352 0.37233 -1.05
    endloop
  endfacet
  facet normal 0 0 -1
    outer loop
      vertex -10.0862 0.296188 -1.05
      vertex -9.80158 0.451813 -1.05
      vertex -10.064 0.25621 -1.05
    endloop
  endfacet
  facet normal -0 0 -1
    outer loop
      vertex -9.80158 0.451813 -1.05
      vertex -10.0862 0.296188 -1.05
      vertex -9.87462 0.519531 -1.05
    endloop
  endfacet
  facet normal 0 0 -1
    outer loop
      vertex -10.1142 0.33078 -1.05
      vertex -9.87462 0.519531 -1.05
      vertex -10.0862 0.296188 -1.05
    endloop
  endfacet
  facet normal -0 0 -1
    outer loop
      vertex -9.87462 0.519531 -1.05
      vertex -10.1142 0.33078 -1.05
      vertex -9.96045 0.573639 -1.05
    endloop
  endfacet
  facet normal 0 0 -1
    outer loop
      vertex -10.1484 0.358688 -1.05
      vertex -9.96045 0.573639 -1.05
      vertex -10.1142 0.33078 -1.05
    endloop
  endfacet
  facet normal -0 0 -1
    outer loop
      vertex -9.96045 0.573639 -1.05
      vertex -10.1484 0.358688 -1.05
      vertex -10.0569 0.612289 -1.05
    endloop
  endfacet
  facet normal 0 0 -1
    outer loop
      vertex -10.189 0.378616 -1.05
      vertex -10.0569 0.612289 -1.05
      vertex -10.1484 0.358688 -1.05
    endloop
  endfacet
  facet normal -0 0 -1
    outer loop
      vertex -10.0569 0.612289 -1.05
      vertex -10.189 0.378616 -1.05
      vertex -10.164 0.635483 -1.05
    endloop
  endfacet
  facet normal 0 0 -1
    outer loop
      vertex -10.236 0.390579 -1.05
      vertex -10.164 0.635483 -1.05
      vertex -10.189 0.378616 -1.05
    endloop
  endfacet
  facet normal 0 0 -1
    outer loop
      vertex -10.236 0.390579 -1.05
      vertex -10.2818 0.643219 -1.05
      vertex -10.164 0.635483 -1.05
    endloop
  endfacet
  facet normal 0 0 -1
    outer loop
      vertex -10.2895 0.394562 -1.05
      vertex -10.2818 0.643219 -1.05
      vertex -10.236 0.390579 -1.05
    endloop
  endfacet
  facet normal 0 0 -1
    outer loop
      vertex -10.4324 0.63118 -1.05
      vertex -10.2895 0.394562 -1.05
      vertex -10.4118 0.365341 -1.05
    endloop
  endfacet
  facet normal 0 0 -1
    outer loop
      vertex -10.2895 0.394562 -1.05
      vertex -10.4324 0.63118 -1.05
      vertex -10.2818 0.643219 -1.05
    endloop
  endfacet
  facet normal 0 0 -1
    outer loop
      vertex -10.6792 0.534866 -1.05
      vertex -10.4118 0.365341 -1.05
      vertex -10.4992 0.277634 -1.05
    endloop
  endfacet
  facet normal 0 0 -1
    outer loop
      vertex -10.6792 0.534866 -1.05
      vertex -10.4992 0.277634 -1.05
      vertex -10.5516 0.131485 -1.05
    endloop
  endfacet
  facet normal 0 0 -1
    outer loop
      vertex -10.4118 0.365341 -1.05
      vertex -10.5649 0.595062 -1.05
      vertex -10.4324 0.63118 -1.05
    endloop
  endfacet
  facet normal 0 0 -1
    outer loop
      vertex -10.6792 0.534866 -1.05
      vertex -10.5516 0.131485 -1.05
      vertex -10.5691 -0.0731201 -1.05
    endloop
  endfacet
  facet normal 0 0 -1
    outer loop
      vertex -10.4118 0.365341 -1.05
      vertex -10.6792 0.534866 -1.05
      vertex -10.5649 0.595062 -1.05
    endloop
  endfacet
  facet normal 0 0 -1
    outer loop
      vertex -12.5112 -1.09872 -1.05
      vertex -10.9947 -0.99823 -1.05
      vertex -10.9947 -1.09872 -1.05
    endloop
  endfacet
  facet normal -0 0 -1
    outer loop
      vertex -10.9947 -0.99823 -1.05
      vertex -12.5112 -1.09872 -1.05
      vertex -12.5112 -0.99823 -1.05
    endloop
  endfacet
  facet normal 0 0 -1
    outer loop
      vertex -15.8335 -0.278 -1.05
      vertex -15.2975 0.617447 -1.05
      vertex -15.6634 -0.776611 -1.05
    endloop
  endfacet
  facet normal -0 0 -1
    outer loop
      vertex -15.2975 0.617447 -1.05
      vertex -15.8335 -0.278 -1.05
      vertex -15.6325 0.617447 -1.05
    endloop
  endfacet
  facet normal 0 0 -1
    outer loop
      vertex -15.6634 -0.776611 -1.05
      vertex -15.8696 -0.448074 -1.05
      vertex -15.8335 -0.278 -1.05
    endloop
  endfacet
  facet normal 0 0 -1
    outer loop
      vertex -16.0461 -0.776611 -1.05
      vertex -15.8859 -0.365524 -1.05
      vertex -15.8696 -0.448074 -1.05
    endloop
  endfacet
  facet normal -0 0 -1
    outer loop
      vertex -15.8859 -0.365524 -1.05
      vertex -16.0461 -0.776611 -1.05
      vertex -15.9002 -0.296997 -1.05
    endloop
  endfacet
  facet normal 0 0 -1
    outer loop
      vertex -16.2677 0.0737305 -1.05
      vertex -15.9002 -0.296997 -1.05
      vertex -16.0461 -0.776611 -1.05
    endloop
  endfacet
  facet normal 0 0 -1
    outer loop
      vertex -16.0461 -0.776611 -1.05
      vertex -15.8696 -0.448074 -1.05
      vertex -15.6634 -0.776611 -1.05
    endloop
  endfacet
  facet normal 0 0 -1
    outer loop
      vertex -15.9002 -0.296997 -1.05
      vertex -16.2677 0.0737305 -1.05
      vertex -15.9123 -0.242477 -1.05
    endloop
  endfacet
  facet normal 0 0 -1
    outer loop
      vertex -15.9123 -0.242477 -1.05
      vertex -16.2677 0.0737305 -1.05
      vertex -15.9224 -0.201981 -1.05
    endloop
  endfacet
  facet normal 0 0 -1
    outer loop
      vertex -16.2773 0.113358 -1.05
      vertex -15.9224 -0.201981 -1.05
      vertex -16.2677 0.0737305 -1.05
    endloop
  endfacet
  facet normal 0 0 -1
    outer loop
      vertex -16.2906 0.17424 -1.05
      vertex -15.9224 -0.201981 -1.05
      vertex -16.2773 0.113358 -1.05
    endloop
  endfacet
  facet normal 0 0 -1
    outer loop
      vertex -15.9224 -0.201981 -1.05
      vertex -16.2906 0.17424 -1.05
      vertex -16.1363 0.617447 -1.05
    endloop
  endfacet
  facet normal 0 0 -1
    outer loop
      vertex -16.3076 0.256378 -1.05
      vertex -16.1363 0.617447 -1.05
      vertex -16.2906 0.17424 -1.05
    endloop
  endfacet
  facet normal 0 0 -1
    outer loop
      vertex -16.3283 0.359772 -1.05
      vertex -16.1363 0.617447 -1.05
      vertex -16.3076 0.256378 -1.05
    endloop
  endfacet
  facet normal 0 0 -1
    outer loop
      vertex -16.3283 0.359772 -1.05
      vertex -16.5241 0.617447 -1.05
      vertex -16.1363 0.617447 -1.05
    endloop
  endfacet
  facet normal 0 0 -1
    outer loop
      vertex -16.3953 0.071167 -1.05
      vertex -16.5241 0.617447 -1.05
      vertex -16.3283 0.359772 -1.05
    endloop
  endfacet
  facet normal 0 0 -1
    outer loop
      vertex -16.7753 -0.352722 -1.05
      vertex -16.3953 0.071167 -1.05
      vertex -16.6194 -0.776611 -1.05
    endloop
  endfacet
  facet normal -0 0 -1
    outer loop
      vertex -16.3953 0.071167 -1.05
      vertex -16.7431 -0.201981 -1.05
      vertex -16.5241 0.617447 -1.05
    endloop
  endfacet
  facet normal 0 0 -1
    outer loop
      vertex -16.3953 0.071167 -1.05
      vertex -16.7753 -0.352722 -1.05
      vertex -16.7431 -0.201981 -1.05
    endloop
  endfacet
  facet normal 0 0 -1
    outer loop
      vertex -16.6194 -0.776611 -1.05
      vertex -16.7934 -0.448074 -1.05
      vertex -16.7753 -0.352722 -1.05
    endloop
  endfacet
  facet normal 0 0 -1
    outer loop
      vertex -17.0021 -0.776611 -1.05
      vertex -16.7934 -0.448074 -1.05
      vertex -16.6194 -0.776611 -1.05
    endloop
  endfacet
  facet normal 0 0 -1
    outer loop
      vertex -17.3629 0.617447 -1.05
      vertex -16.7934 -0.448074 -1.05
      vertex -17.0021 -0.776611 -1.05
    endloop
  endfacet
  facet normal 0 0 -1
    outer loop
      vertex -16.7934 -0.448074 -1.05
      vertex -17.3629 0.617447 -1.05
      vertex -17.0227 0.617447 -1.05
    endloop
  endfacet
  facet normal 0 0 -1
    outer loop
      vertex -3.05748 -1.09872 -1.05
      vertex -1.54099 -0.99823 -1.05
      vertex -1.54099 -1.09872 -1.05
    endloop
  endfacet
  facet normal -0 0 -1
    outer loop
      vertex -1.54099 -0.99823 -1.05
      vertex -3.05748 -1.09872 -1.05
      vertex -3.05748 -0.99823 -1.05
    endloop
  endfacet
  facet normal 0 -1 0
    outer loop
      vertex -1.41425 1.13541 -1.4
      vertex -1.05219 1.13541 -1.05
      vertex -1.41425 1.13541 -1.05
    endloop
  endfacet
  facet normal 0 -1 -0
    outer loop
      vertex -1.05219 1.13541 -1.05
      vertex -1.41425 1.13541 -1.4
      vertex -1.05219 1.13541 -1.4
    endloop
  endfacet
  facet normal -1 0 0
    outer loop
      vertex -1.05219 -0.776611 -1.4
      vertex -1.05219 1.13541 -1.05
      vertex -1.05219 1.13541 -1.4
    endloop
  endfacet
  facet normal -1 -0 0
    outer loop
      vertex -1.05219 1.13541 -1.05
      vertex -1.05219 -0.776611 -1.4
      vertex -1.05219 -0.776611 -1.05
    endloop
  endfacet
  facet normal 0 1 -0
    outer loop
      vertex -1.05219 -0.776611 -1.4
      vertex -1.41425 -0.776611 -1.05
      vertex -1.05219 -0.776611 -1.05
    endloop
  endfacet
  facet normal 0 1 0
    outer loop
      vertex -1.41425 -0.776611 -1.05
      vertex -1.05219 -0.776611 -1.4
      vertex -1.41425 -0.776611 -1.4
    endloop
  endfacet
  facet normal 1 -0 0
    outer loop
      vertex -1.41425 -0.776611 -1.05
      vertex -1.41425 1.13541 -1.4
      vertex -1.41425 1.13541 -1.05
    endloop
  endfacet
  facet normal 1 0 0
    outer loop
      vertex -1.41425 1.13541 -1.4
      vertex -1.41425 -0.776611 -1.05
      vertex -1.41425 -0.776611 -1.4
    endloop
  endfacet
  facet normal 0 -1 0
    outer loop
      vertex -13.7332 1.13541 -1.4
      vertex -13.3711 1.13541 -1.05
      vertex -13.7332 1.13541 -1.05
    endloop
  endfacet
  facet normal 0 -1 -0
    outer loop
      vertex -13.3711 1.13541 -1.05
      vertex -13.7332 1.13541 -1.4
      vertex -13.3711 1.13541 -1.4
    endloop
  endfacet
  facet normal -1 0 0
    outer loop
      vertex -13.3711 -0.776611 -1.4
      vertex -13.3711 1.13541 -1.05
      vertex -13.3711 1.13541 -1.4
    endloop
  endfacet
  facet normal -1 -0 0
    outer loop
      vertex -13.3711 1.13541 -1.05
      vertex -13.3711 -0.776611 -1.4
      vertex -13.3711 -0.776611 -1.05
    endloop
  endfacet
  facet normal 0 1 -0
    outer loop
      vertex -13.3711 -0.776611 -1.4
      vertex -13.7332 -0.776611 -1.05
      vertex -13.3711 -0.776611 -1.05
    endloop
  endfacet
  facet normal 0 1 0
    outer loop
      vertex -13.7332 -0.776611 -1.05
      vertex -13.3711 -0.776611 -1.4
      vertex -13.7332 -0.776611 -1.4
    endloop
  endfacet
  facet normal 1 -0 0
    outer loop
      vertex -13.7332 -0.776611 -1.05
      vertex -13.7332 1.13541 -1.4
      vertex -13.7332 1.13541 -1.05
    endloop
  endfacet
  facet normal 1 0 0
    outer loop
      vertex -13.7332 1.13541 -1.4
      vertex -13.7332 -0.776611 -1.05
      vertex -13.7332 -0.776611 -1.4
    endloop
  endfacet
  facet normal 0 -1 0
    outer loop
      vertex -13.0172 1.13541 -1.4
      vertex -12.6551 1.13541 -1.05
      vertex -13.0172 1.13541 -1.05
    endloop
  endfacet
  facet normal 0 -1 -0
    outer loop
      vertex -12.6551 1.13541 -1.05
      vertex -13.0172 1.13541 -1.4
      vertex -12.6551 1.13541 -1.4
    endloop
  endfacet
  facet normal -1 0 0
    outer loop
      vertex -12.6551 -0.776611 -1.4
      vertex -12.6551 1.13541 -1.05
      vertex -12.6551 1.13541 -1.4
    endloop
  endfacet
  facet normal -1 -0 0
    outer loop
      vertex -12.6551 1.13541 -1.05
      vertex -12.6551 -0.776611 -1.4
      vertex -12.6551 -0.776611 -1.05
    endloop
  endfacet
  facet normal 0 1 -0
    outer loop
      vertex -12.6551 -0.776611 -1.4
      vertex -13.0172 -0.776611 -1.05
      vertex -12.6551 -0.776611 -1.05
    endloop
  endfacet
  facet normal 0 1 0
    outer loop
      vertex -13.0172 -0.776611 -1.05
      vertex -12.6551 -0.776611 -1.4
      vertex -13.0172 -0.776611 -1.4
    endloop
  endfacet
  facet normal 1 -0 0
    outer loop
      vertex -13.0172 -0.776611 -1.05
      vertex -13.0172 1.13541 -1.4
      vertex -13.0172 1.13541 -1.05
    endloop
  endfacet
  facet normal 1 0 0
    outer loop
      vertex -13.0172 1.13541 -1.4
      vertex -13.0172 -0.776611 -1.05
      vertex -13.0172 -0.776611 -1.4
    endloop
  endfacet
  facet normal 0.156471 0.987683 -0
    outer loop
      vertex -23.8039 -0.794647 -1.4
      vertex -23.9503 -0.771454 -1.05
      vertex -23.8039 -0.794647 -1.05
    endloop
  endfacet
  facet normal 0.156471 0.987683 0
    outer loop
      vertex -23.9503 -0.771454 -1.05
      vertex -23.8039 -0.794647 -1.4
      vertex -23.9503 -0.771454 -1.4
    endloop
  endfacet
  facet normal 0.290317 0.956931 -0
    outer loop
      vertex -23.9503 -0.771454 -1.4
      vertex -24.0777 -0.732803 -1.05
      vertex -23.9503 -0.771454 -1.05
    endloop
  endfacet
  facet normal 0.290317 0.956931 0
    outer loop
      vertex -24.0777 -0.732803 -1.05
      vertex -23.9503 -0.771454 -1.4
      vertex -24.0777 -0.732803 -1.4
    endloop
  endfacet
  facet normal 0.445612 0.895226 -0
    outer loop
      vertex -24.0777 -0.732803 -1.4
      vertex -24.1864 -0.678696 -1.05
      vertex -24.0777 -0.732803 -1.05
    endloop
  endfacet
  facet normal 0.445612 0.895226 0
    outer loop
      vertex -24.1864 -0.678696 -1.05
      vertex -24.0777 -0.732803 -1.4
      vertex -24.1864 -0.678696 -1.4
    endloop
  endfacet
  facet normal 0.611709 0.791083 -0
    outer loop
      vertex -24.1864 -0.678696 -1.4
      vertex -24.2767 -0.608871 -1.05
      vertex -24.1864 -0.678696 -1.05
    endloop
  endfacet
  facet normal 0.611709 0.791083 0
    outer loop
      vertex -24.2767 -0.608871 -1.05
      vertex -24.1864 -0.678696 -1.4
      vertex -24.2767 -0.608871 -1.4
    endloop
  endfacet
  facet normal 0.762777 0.646662 0
    outer loop
      vertex -24.2767 -0.608871 -1.05
      vertex -24.3494 -0.523117 -1.4
      vertex -24.3494 -0.523117 -1.05
    endloop
  endfacet
  facet normal 0.762777 0.646662 0
    outer loop
      vertex -24.3494 -0.523117 -1.4
      vertex -24.2767 -0.608871 -1.05
      vertex -24.2767 -0.608871 -1.4
    endloop
  endfacet
  facet normal 0.879971 0.475028 0
    outer loop
      vertex -24.3494 -0.523117 -1.05
      vertex -24.4043 -0.421417 -1.4
      vertex -24.4043 -0.421417 -1.05
    endloop
  endfacet
  facet normal 0.879971 0.475028 0
    outer loop
      vertex -24.4043 -0.421417 -1.4
      vertex -24.3494 -0.523117 -1.05
      vertex -24.3494 -0.523117 -1.4
    endloop
  endfacet
  facet normal 0.953469 0.301492 0
    outer loop
      vertex -24.4043 -0.421417 -1.05
      vertex -24.4415 -0.303772 -1.4
      vertex -24.4415 -0.303772 -1.05
    endloop
  endfacet
  facet normal 0.953469 0.301492 0
    outer loop
      vertex -24.4415 -0.303772 -1.4
      vertex -24.4043 -0.421417 -1.05
      vertex -24.4043 -0.421417 -1.4
    endloop
  endfacet
  facet normal 0.162731 -0.986671 0
    outer loop
      vertex -24.4415 -0.303772 -1.4
      vertex -24.0743 -0.24321 -1.05
      vertex -24.4415 -0.303772 -1.05
    endloop
  endfacet
  facet normal 0.162731 -0.986671 0
    outer loop
      vertex -24.0743 -0.24321 -1.05
      vertex -24.4415 -0.303772 -1.4
      vertex -24.0743 -0.24321 -1.4
    endloop
  endfacet
  facet normal -0.945687 -0.32508 0
    outer loop
      vertex -24.0512 -0.31041 -1.4
      vertex -24.0743 -0.24321 -1.05
      vertex -24.0743 -0.24321 -1.4
    endloop
  endfacet
  facet normal -0.945687 -0.32508 0
    outer loop
      vertex -24.0743 -0.24321 -1.05
      vertex -24.0512 -0.31041 -1.4
      vertex -24.0512 -0.31041 -1.05
    endloop
  endfacet
  facet normal -0.873063 -0.487608 0
    outer loop
      vertex -24.0192 -0.367706 -1.4
      vertex -24.0512 -0.31041 -1.05
      vertex -24.0512 -0.31041 -1.4
    endloop
  endfacet
  facet normal -0.873063 -0.487608 0
    outer loop
      vertex -24.0512 -0.31041 -1.05
      vertex -24.0192 -0.367706 -1.4
      vertex -24.0192 -0.367706 -1.05
    endloop
  endfacet
  facet normal -0.75786 -0.652418 0
    outer loop
      vertex -23.9784 -0.4151 -1.4
      vertex -24.0192 -0.367706 -1.05
      vertex -24.0192 -0.367706 -1.4
    endloop
  endfacet
  facet normal -0.75786 -0.652418 0
    outer loop
      vertex -24.0192 -0.367706 -1.05
      vertex -23.9784 -0.4151 -1.4
      vertex -23.9784 -0.4151 -1.05
    endloop
  endfacet
  facet normal -0.602218 -0.798332 0
    outer loop
      vertex -23.9784 -0.4151 -1.4
      vertex -23.9287 -0.452591 -1.05
      vertex -23.9784 -0.4151 -1.05
    endloop
  endfacet
  facet normal -0.602218 -0.798332 -0
    outer loop
      vertex -23.9287 -0.452591 -1.05
      vertex -23.9784 -0.4151 -1.4
      vertex -23.9287 -0.452591 -1.4
    endloop
  endfacet
  facet normal -0.432065 -0.901843 0
    outer loop
      vertex -23.9287 -0.452591 -1.4
      vertex -23.8693 -0.481049 -1.05
      vertex -23.9287 -0.452591 -1.05
    endloop
  endfacet
  facet normal -0.432065 -0.901843 -0
    outer loop
      vertex -23.8693 -0.481049 -1.05
      vertex -23.9287 -0.452591 -1.4
      vertex -23.8693 -0.481049 -1.4
    endloop
  endfacet
  facet normal -0.279768 -0.960068 0
    outer loop
      vertex -23.8693 -0.481049 -1.4
      vertex -23.7995 -0.501389 -1.05
      vertex -23.8693 -0.481049 -1.05
    endloop
  endfacet
  facet normal -0.279768 -0.960068 -0
    outer loop
      vertex -23.7995 -0.501389 -1.05
      vertex -23.8693 -0.481049 -1.4
      vertex -23.7995 -0.501389 -1.4
    endloop
  endfacet
  facet normal -0.150098 -0.988671 0
    outer loop
      vertex -23.7995 -0.501389 -1.4
      vertex -23.7192 -0.51358 -1.05
      vertex -23.7995 -0.501389 -1.05
    endloop
  endfacet
  facet normal -0.150098 -0.988671 -0
    outer loop
      vertex -23.7192 -0.51358 -1.05
      vertex -23.7995 -0.501389 -1.4
      vertex -23.7192 -0.51358 -1.4
    endloop
  endfacet
  facet normal -0.0448721 -0.998993 0
    outer loop
      vertex -23.7192 -0.51358 -1.4
      vertex -23.6285 -0.517654 -1.05
      vertex -23.7192 -0.51358 -1.05
    endloop
  endfacet
  facet normal -0.0448721 -0.998993 -0
    outer loop
      vertex -23.6285 -0.517654 -1.05
      vertex -23.7192 -0.51358 -1.4
      vertex -23.6285 -0.517654 -1.4
    endloop
  endfacet
  facet normal 0.0866533 -0.996239 0
    outer loop
      vertex -23.6285 -0.517654 -1.4
      vertex -23.4543 -0.502502 -1.05
      vertex -23.6285 -0.517654 -1.05
    endloop
  endfacet
  facet normal 0.0866533 -0.996239 0
    outer loop
      vertex -23.4543 -0.502502 -1.05
      vertex -23.6285 -0.517654 -1.4
      vertex -23.4543 -0.502502 -1.4
    endloop
  endfacet
  facet normal 0.342901 -0.939372 0
    outer loop
      vertex -23.4543 -0.502502 -1.4
      vertex -23.3299 -0.457092 -1.05
      vertex -23.4543 -0.502502 -1.05
    endloop
  endfacet
  facet normal 0.342901 -0.939372 0
    outer loop
      vertex -23.3299 -0.457092 -1.05
      vertex -23.4543 -0.502502 -1.4
      vertex -23.3299 -0.457092 -1.4
    endloop
  endfacet
  facet normal 0.711788 -0.702394 0
    outer loop
      vertex -23.3299 -0.457092 -1.05
      vertex -23.2552 -0.381393 -1.4
      vertex -23.2552 -0.381393 -1.05
    endloop
  endfacet
  facet normal 0.711788 -0.702394 0
    outer loop
      vertex -23.2552 -0.381393 -1.4
      vertex -23.3299 -0.457092 -1.05
      vertex -23.3299 -0.457092 -1.4
    endloop
  endfacet
  facet normal 0.973488 -0.228738 0
    outer loop
      vertex -23.2552 -0.381393 -1.05
      vertex -23.2303 -0.275421 -1.4
      vertex -23.2303 -0.275421 -1.05
    endloop
  endfacet
  facet normal 0.973488 -0.228738 0
    outer loop
      vertex -23.2303 -0.275421 -1.4
      vertex -23.2552 -0.381393 -1.05
      vertex -23.2552 -0.381393 -1.4
    endloop
  endfacet
  facet normal 0.996938 0.0781976 0
    outer loop
      vertex -23.2303 -0.275421 -1.05
      vertex -23.2332 -0.238449 -1.4
      vertex -23.2332 -0.238449 -1.05
    endloop
  endfacet
  facet normal 0.996938 0.0781976 0
    outer loop
      vertex -23.2332 -0.238449 -1.4
      vertex -23.2303 -0.275421 -1.05
      vertex -23.2303 -0.275421 -1.4
    endloop
  endfacet
  facet normal 0.968715 0.248174 0
    outer loop
      vertex -23.2332 -0.238449 -1.05
      vertex -23.2418 -0.20488 -1.4
      vertex -23.2418 -0.20488 -1.05
    endloop
  endfacet
  facet normal 0.968715 0.248174 0
    outer loop
      vertex -23.2418 -0.20488 -1.4
      vertex -23.2332 -0.238449 -1.05
      vertex -23.2332 -0.238449 -1.4
    endloop
  endfacet
  facet normal 0.903782 0.427992 0
    outer loop
      vertex -23.2418 -0.20488 -1.05
      vertex -23.2561 -0.174683 -1.4
      vertex -23.2561 -0.174683 -1.05
    endloop
  endfacet
  facet normal 0.903782 0.427992 0
    outer loop
      vertex -23.2561 -0.174683 -1.4
      vertex -23.2418 -0.20488 -1.05
      vertex -23.2418 -0.20488 -1.4
    endloop
  endfacet
  facet normal 0.80154 0.597941 0
    outer loop
      vertex -23.2561 -0.174683 -1.05
      vertex -23.2761 -0.147873 -1.4
      vertex -23.2761 -0.147873 -1.05
    endloop
  endfacet
  facet normal 0.80154 0.597941 0
    outer loop
      vertex -23.2761 -0.147873 -1.4
      vertex -23.2561 -0.174683 -1.05
      vertex -23.2561 -0.174683 -1.4
    endloop
  endfacet
  facet normal 0.690828 0.723019 -0
    outer loop
      vertex -23.2761 -0.147873 -1.4
      vertex -23.3013 -0.123795 -1.05
      vertex -23.2761 -0.147873 -1.05
    endloop
  endfacet
  facet normal 0.690828 0.723019 0
    outer loop
      vertex -23.3013 -0.123795 -1.05
      vertex -23.2761 -0.147873 -1.4
      vertex -23.3013 -0.123795 -1.4
    endloop
  endfacet
  facet normal 0.592438 0.805616 -0
    outer loop
      vertex -23.3013 -0.123795 -1.4
      vertex -23.3312 -0.101807 -1.05
      vertex -23.3013 -0.123795 -1.05
    endloop
  endfacet
  facet normal 0.592438 0.805616 0
    outer loop
      vertex -23.3312 -0.101807 -1.05
      vertex -23.3013 -0.123795 -1.4
      vertex -23.3312 -0.101807 -1.4
    endloop
  endfacet
  facet normal 0.499609 0.866251 -0
    outer loop
      vertex -23.3312 -0.101807 -1.4
      vertex -23.3657 -0.0819092 -1.05
      vertex -23.3312 -0.101807 -1.05
    endloop
  endfacet
  facet normal 0.499609 0.866251 0
    outer loop
      vertex -23.3657 -0.0819092 -1.05
      vertex -23.3312 -0.101807 -1.4
      vertex -23.3657 -0.0819092 -1.4
    endloop
  endfacet
  facet normal 0.413295 0.910597 -0
    outer loop
      vertex -23.3657 -0.0819092 -1.4
      vertex -23.4049 -0.0641174 -1.05
      vertex -23.3657 -0.0819092 -1.05
    endloop
  endfacet
  facet normal 0.413295 0.910597 0
    outer loop
      vertex -23.4049 -0.0641174 -1.05
      vertex -23.3657 -0.0819092 -1.4
      vertex -23.4049 -0.0641174 -1.4
    endloop
  endfacet
  facet normal 0.326295 0.945268 -0
    outer loop
      vertex -23.4049 -0.0641174 -1.4
      vertex -23.456 -0.0464783 -1.05
      vertex -23.4049 -0.0641174 -1.05
    endloop
  endfacet
  facet normal 0.326295 0.945268 0
    outer loop
      vertex -23.456 -0.0464783 -1.05
      vertex -23.4049 -0.0641174 -1.4
      vertex -23.456 -0.0464783 -1.4
    endloop
  endfacet
  facet normal 0.266486 0.963839 -0
    outer loop
      vertex -23.456 -0.0464783 -1.4
      vertex -23.5262 -0.0270691 -1.05
      vertex -23.456 -0.0464783 -1.05
    endloop
  endfacet
  facet normal 0.266486 0.963839 0
    outer loop
      vertex -23.5262 -0.0270691 -1.05
      vertex -23.456 -0.0464783 -1.4
      vertex -23.5262 -0.0270691 -1.4
    endloop
  endfacet
  facet normal 0.230768 0.973009 -0
    outer loop
      vertex -23.5262 -0.0270691 -1.4
      vertex -23.6155 -0.00588989 -1.05
      vertex -23.5262 -0.0270691 -1.05
    endloop
  endfacet
  facet normal 0.230768 0.973009 0
    outer loop
      vertex -23.6155 -0.00588989 -1.05
      vertex -23.5262 -0.0270691 -1.4
      vertex -23.6155 -0.00588989 -1.4
    endloop
  endfacet
  facet normal 0.207301 0.978277 -0
    outer loop
      vertex -23.6155 -0.00588989 -1.4
      vertex -23.7238 0.0170593 -1.05
      vertex -23.6155 -0.00588989 -1.05
    endloop
  endfacet
  facet normal 0.207301 0.978277 0
    outer loop
      vertex -23.7238 0.0170593 -1.05
      vertex -23.6155 -0.00588989 -1.4
      vertex -23.7238 0.0170593 -1.4
    endloop
  endfacet
  facet normal 0.234108 0.97221 -0
    outer loop
      vertex -23.7238 0.0170593 -1.4
      vertex -23.8179 0.0397186 -1.05
      vertex -23.7238 0.0170593 -1.05
    endloop
  endfacet
  facet normal 0.234108 0.97221 0
    outer loop
      vertex -23.8179 0.0397186 -1.05
      vertex -23.7238 0.0170593 -1.4
      vertex -23.8179 0.0397186 -1.4
    endloop
  endfacet
  facet normal 0.250526 0.96811 -0
    outer loop
      vertex -23.8179 0.0397186 -1.4
      vertex -23.8965 0.0600586 -1.05
      vertex -23.8179 0.0397186 -1.05
    endloop
  endfacet
  facet normal 0.250526 0.96811 0
    outer loop
      vertex -23.8965 0.0600586 -1.05
      vertex -23.8179 0.0397186 -1.4
      vertex -23.8965 0.0600586 -1.4
    endloop
  endfacet
  facet normal 0.274179 0.961679 -0
    outer loop
      vertex -23.8965 0.0600586 -1.4
      vertex -23.9596 0.0780487 -1.05
      vertex -23.8965 0.0600586 -1.05
    endloop
  endfacet
  facet normal 0.274179 0.961679 0
    outer loop
      vertex -23.9596 0.0780487 -1.05
      vertex -23.8965 0.0600586 -1.4
      vertex -23.9596 0.0780487 -1.4
    endloop
  endfacet
  facet normal 0.311841 0.950134 -0
    outer loop
      vertex -23.9596 0.0780487 -1.4
      vertex -24.0073 0.0937042 -1.05
      vertex -23.9596 0.0780487 -1.05
    endloop
  endfacet
  facet normal 0.311841 0.950134 0
    outer loop
      vertex -24.0073 0.0937042 -1.05
      vertex -23.9596 0.0780487 -1.4
      vertex -24.0073 0.0937042 -1.4
    endloop
  endfacet
  facet normal 0.361826 0.932246 -0
    outer loop
      vertex -24.0073 0.0937042 -1.4
      vertex -24.0463 0.108841 -1.05
      vertex -24.0073 0.0937042 -1.05
    endloop
  endfacet
  facet normal 0.361826 0.932246 0
    outer loop
      vertex -24.0463 0.108841 -1.05
      vertex -24.0073 0.0937042 -1.4
      vertex -24.0463 0.108841 -1.4
    endloop
  endfacet
  facet normal 0.405923 0.913907 -0
    outer loop
      vertex -24.0463 0.108841 -1.4
      vertex -24.0833 0.125275 -1.05
      vertex -24.0463 0.108841 -1.05
    endloop
  endfacet
  facet normal 0.405923 0.913907 0
    outer loop
      vertex -24.0833 0.125275 -1.05
      vertex -24.0463 0.108841 -1.4
      vertex -24.0833 0.125275 -1.4
    endloop
  endfacet
  facet normal 0.450568 0.892742 -0
    outer loop
      vertex -24.0833 0.125275 -1.4
      vertex -24.1184 0.14299 -1.05
      vertex -24.0833 0.125275 -1.05
    endloop
  endfacet
  facet normal 0.450568 0.892742 0
    outer loop
      vertex -24.1184 0.14299 -1.05
      vertex -24.0833 0.125275 -1.4
      vertex -24.1184 0.14299 -1.4
    endloop
  endfacet
  facet normal 0.496643 0.867955 -0
    outer loop
      vertex -24.1184 0.14299 -1.4
      vertex -24.1516 0.161987 -1.05
      vertex -24.1184 0.14299 -1.05
    endloop
  endfacet
  facet normal 0.496643 0.867955 0
    outer loop
      vertex -24.1516 0.161987 -1.05
      vertex -24.1184 0.14299 -1.4
      vertex -24.1516 0.161987 -1.4
    endloop
  endfacet
  facet normal 0.554595 0.83212 -0
    outer loop
      vertex -24.1516 0.161987 -1.4
      vertex -24.1826 0.182648 -1.05
      vertex -24.1516 0.161987 -1.05
    endloop
  endfacet
  facet normal 0.554595 0.83212 0
    outer loop
      vertex -24.1826 0.182648 -1.05
      vertex -24.1516 0.161987 -1.4
      vertex -24.1826 0.182648 -1.4
    endloop
  endfacet
  facet normal 0.621247 0.783615 -0
    outer loop
      vertex -24.1826 0.182648 -1.4
      vertex -24.2112 0.205322 -1.05
      vertex -24.1826 0.182648 -1.05
    endloop
  endfacet
  facet normal 0.621247 0.783615 0
    outer loop
      vertex -24.2112 0.205322 -1.05
      vertex -24.1826 0.182648 -1.4
      vertex -24.2112 0.205322 -1.4
    endloop
  endfacet
  facet normal 0.685809 0.727782 -0
    outer loop
      vertex -24.2112 0.205322 -1.4
      vertex -24.2374 0.230011 -1.05
      vertex -24.2112 0.205322 -1.05
    endloop
  endfacet
  facet normal 0.685809 0.727782 0
    outer loop
      vertex -24.2374 0.230011 -1.05
      vertex -24.2112 0.205322 -1.4
      vertex -24.2374 0.230011 -1.4
    endloop
  endfacet
  facet normal 0.747725 0.664009 0
    outer loop
      vertex -24.2374 0.230011 -1.05
      vertex -24.2611 0.256699 -1.4
      vertex -24.2611 0.256699 -1.05
    endloop
  endfacet
  facet normal 0.747725 0.664009 0
    outer loop
      vertex -24.2611 0.256699 -1.4
      vertex -24.2374 0.230011 -1.05
      vertex -24.2374 0.230011 -1.4
    endloop
  endfacet
  facet normal 0.805133 0.593095 0
    outer loop
      vertex -24.2611 0.256699 -1.05
      vertex -24.2824 0.285614 -1.4
      vertex -24.2824 0.285614 -1.05
    endloop
  endfacet
  facet normal 0.805133 0.593095 0
    outer loop
      vertex -24.2824 0.285614 -1.4
      vertex -24.2611 0.256699 -1.05
      vertex -24.2611 0.256699 -1.4
    endloop
  endfacet
  facet normal 0.85744 0.514584 0
    outer loop
      vertex -24.2824 0.285614 -1.05
      vertex -24.3012 0.31694 -1.4
      vertex -24.3012 0.31694 -1.05
    endloop
  endfacet
  facet normal 0.85744 0.514584 0
    outer loop
      vertex -24.3012 0.31694 -1.4
      vertex -24.2824 0.285614 -1.05
      vertex -24.2824 0.285614 -1.4
    endloop
  endfacet
  facet normal 0.900414 0.435034 0
    outer loop
      vertex -24.3012 0.31694 -1.05
      vertex -24.3175 0.350677 -1.4
      vertex -24.3175 0.350677 -1.05
    endloop
  endfacet
  facet normal 0.900414 0.435034 0
    outer loop
      vertex -24.3175 0.350677 -1.4
      vertex -24.3012 0.31694 -1.05
      vertex -24.3012 0.31694 -1.4
    endloop
  endfacet
  facet normal 0.934239 0.356649 0
    outer loop
      vertex -24.3175 0.350677 -1.05
      vertex -24.3313 0.386826 -1.4
      vertex -24.3313 0.386826 -1.05
    endloop
  endfacet
  facet normal 0.934239 0.356649 0
    outer loop
      vertex -24.3313 0.386826 -1.4
      vertex -24.3175 0.350677 -1.05
      vertex -24.3175 0.350677 -1.4
    endloop
  endfacet
  facet normal 0.961976 0.273133 0
    outer loop
      vertex -24.3313 0.386826 -1.05
      vertex -24.3423 0.425568 -1.4
      vertex -24.3423 0.425568 -1.05
    endloop
  endfacet
  facet normal 0.961976 0.273133 0
    outer loop
      vertex -24.3423 0.425568 -1.4
      vertex -24.3313 0.386826 -1.05
      vertex -24.3313 0.386826 -1.4
    endloop
  endfacet
  facet normal 0.98277 0.184834 0
    outer loop
      vertex -24.3423 0.425568 -1.05
      vertex -24.3501 0.467041 -1.4
      vertex -24.3501 0.467041 -1.05
    endloop
  endfacet
  facet normal 0.98277 0.184834 0
    outer loop
      vertex -24.3501 0.467041 -1.4
      vertex -24.3423 0.425568 -1.05
      vertex -24.3423 0.425568 -1.4
    endloop
  endfacet
  facet normal 0.994156 0.10795 0
    outer loop
      vertex -24.3501 0.467041 -1.05
      vertex -24.3549 0.511246 -1.4
      vertex -24.3549 0.511246 -1.05
    endloop
  endfacet
  facet normal 0.994156 0.10795 0
    outer loop
      vertex -24.3549 0.511246 -1.4
      vertex -24.3501 0.467041 -1.05
      vertex -24.3501 0.467041 -1.4
    endloop
  endfacet
  facet normal 0.99949 0.0319319 0
    outer loop
      vertex -24.3549 0.511246 -1.05
      vertex -24.3564 0.558197 -1.4
      vertex -24.3564 0.558197 -1.05
    endloop
  endfacet
  facet normal 0.99949 0.0319319 0
    outer loop
      vertex -24.3564 0.558197 -1.4
      vertex -24.3549 0.511246 -1.05
      vertex -24.3549 0.511246 -1.4
    endloop
  endfacet
  facet normal 0.995107 -0.0987985 0
    outer loop
      vertex -24.3564 0.558197 -1.05
      vertex -24.3449 0.674026 -1.4
      vertex -24.3449 0.674026 -1.05
    endloop
  endfacet
  facet normal 0.995107 -0.0987985 0
    outer loop
      vertex -24.3449 0.674026 -1.4
      vertex -24.3564 0.558197 -1.05
      vertex -24.3564 0.558197 -1.4
    endloop
  endfacet
  facet normal 0.946159 -0.323701 0
    outer loop
      vertex -24.3449 0.674026 -1.05
      vertex -24.3102 0.775452 -1.4
      vertex -24.3102 0.775452 -1.05
    endloop
  endfacet
  facet normal 0.946159 -0.323701 0
    outer loop
      vertex -24.3102 0.775452 -1.4
      vertex -24.3449 0.674026 -1.05
      vertex -24.3449 0.674026 -1.4
    endloop
  endfacet
  facet normal 0.832948 -0.553352 0
    outer loop
      vertex -24.3102 0.775452 -1.05
      vertex -24.2524 0.862457 -1.4
      vertex -24.2524 0.862457 -1.05
    endloop
  endfacet
  facet normal 0.832948 -0.553352 0
    outer loop
      vertex -24.2524 0.862457 -1.4
      vertex -24.3102 0.775452 -1.05
      vertex -24.3102 0.775452 -1.4
    endloop
  endfacet
  facet normal 0.667907 -0.744245 0
    outer loop
      vertex -24.2524 0.862457 -1.4
      vertex -24.1715 0.935059 -1.05
      vertex -24.2524 0.862457 -1.05
    endloop
  endfacet
  facet normal 0.667907 -0.744245 0
    outer loop
      vertex -24.1715 0.935059 -1.05
      vertex -24.2524 0.862457 -1.4
      vertex -24.1715 0.935059 -1.4
    endloop
  endfacet
  facet normal 0.485989 -0.873965 0
    outer loop
      vertex -24.1715 0.935059 -1.4
      vertex -24.0686 0.992279 -1.05
      vertex -24.1715 0.935059 -1.05
    endloop
  endfacet
  facet normal 0.485989 -0.873965 0
    outer loop
      vertex -24.0686 0.992279 -1.05
      vertex -24.1715 0.935059 -1.4
      vertex -24.0686 0.992279 -1.4
    endloop
  endfacet
  facet normal 0.31297 -0.949763 0
    outer loop
      vertex -24.0686 0.992279 -1.4
      vertex -23.9446 1.03314 -1.05
      vertex -24.0686 0.992279 -1.05
    endloop
  endfacet
  facet normal 0.31297 -0.949763 0
    outer loop
      vertex -23.9446 1.03314 -1.05
      vertex -24.0686 0.992279 -1.4
      vertex -23.9446 1.03314 -1.4
    endloop
  endfacet
  facet normal 0.166736 -0.986002 0
    outer loop
      vertex -23.9446 1.03314 -1.4
      vertex -23.7996 1.05766 -1.05
      vertex -23.9446 1.03314 -1.05
    endloop
  endfacet
  facet normal 0.166736 -0.986002 0
    outer loop
      vertex -23.7996 1.05766 -1.05
      vertex -23.9446 1.03314 -1.4
      vertex -23.7996 1.05766 -1.4
    endloop
  endfacet
  facet normal 0.0492174 -0.998788 0
    outer loop
      vertex -23.7996 1.05766 -1.4
      vertex -23.6336 1.06584 -1.05
      vertex -23.7996 1.05766 -1.05
    endloop
  endfacet
  facet normal 0.0492174 -0.998788 0
    outer loop
      vertex -23.6336 1.06584 -1.05
      vertex -23.7996 1.05766 -1.4
      vertex -23.6336 1.06584 -1.4
    endloop
  endfacet
  facet normal -0.0417461 -0.999128 0
    outer loop
      vertex -23.6336 1.06584 -1.4
      vertex -23.4754 1.05923 -1.05
      vertex -23.6336 1.06584 -1.05
    endloop
  endfacet
  facet normal -0.0417461 -0.999128 -0
    outer loop
      vertex -23.4754 1.05923 -1.05
      vertex -23.6336 1.06584 -1.4
      vertex -23.4754 1.05923 -1.4
    endloop
  endfacet
  facet normal -0.142874 -0.989741 0
    outer loop
      vertex -23.4754 1.05923 -1.4
      vertex -23.3381 1.03941 -1.05
      vertex -23.4754 1.05923 -1.05
    endloop
  endfacet
  facet normal -0.142874 -0.989741 -0
    outer loop
      vertex -23.3381 1.03941 -1.05
      vertex -23.4754 1.05923 -1.4
      vertex -23.3381 1.03941 -1.4
    endloop
  endfacet
  facet normal -0.27319 -0.96196 0
    outer loop
      vertex -23.3381 1.03941 -1.4
      vertex -23.2219 1.00641 -1.05
      vertex -23.3381 1.03941 -1.05
    endloop
  endfacet
  facet normal -0.27319 -0.96196 -0
    outer loop
      vertex -23.2219 1.00641 -1.05
      vertex -23.3381 1.03941 -1.4
      vertex -23.2219 1.00641 -1.4
    endloop
  endfacet
  facet normal -0.436495 -0.899707 0
    outer loop
      vertex -23.2219 1.00641 -1.4
      vertex -23.1266 0.960175 -1.05
      vertex -23.2219 1.00641 -1.05
    endloop
  endfacet
  facet normal -0.436495 -0.899707 -0
    outer loop
      vertex -23.1266 0.960175 -1.05
      vertex -23.2219 1.00641 -1.4
      vertex -23.1266 0.960175 -1.4
    endloop
  endfacet
  facet normal -0.622666 -0.782488 0
    outer loop
      vertex -23.1266 0.960175 -1.4
      vertex -23.0494 0.898743 -1.05
      vertex -23.1266 0.960175 -1.05
    endloop
  endfacet
  facet normal -0.622666 -0.782488 -0
    outer loop
      vertex -23.0494 0.898743 -1.05
      vertex -23.1266 0.960175 -1.4
      vertex -23.0494 0.898743 -1.4
    endloop
  endfacet
  facet normal -0.78494 -0.619572 0
    outer loop
      vertex -22.9873 0.820068 -1.4
      vertex -23.0494 0.898743 -1.05
      vertex -23.0494 0.898743 -1.4
    endloop
  endfacet
  facet normal -0.78494 -0.619572 0
    outer loop
      vertex -23.0494 0.898743 -1.05
      vertex -22.9873 0.820068 -1.4
      vertex -22.9873 0.820068 -1.05
    endloop
  endfacet
  facet normal -0.897616 -0.440778 0
    outer loop
      vertex -22.9402 0.724152 -1.4
      vertex -22.9873 0.820068 -1.05
      vertex -22.9873 0.820068 -1.4
    endloop
  endfacet
  facet normal -0.897616 -0.440778 0
    outer loop
      vertex -22.9873 0.820068 -1.05
      vertex -22.9402 0.724152 -1.4
      vertex -22.9402 0.724152 -1.05
    endloop
  endfacet
  facet normal -0.962255 -0.27215 0
    outer loop
      vertex -22.9082 0.611008 -1.4
      vertex -22.9402 0.724152 -1.05
      vertex -22.9402 0.724152 -1.4
    endloop
  endfacet
  facet normal -0.962255 -0.27215 0
    outer loop
      vertex -22.9402 0.724152 -1.05
      vertex -22.9082 0.611008 -1.4
      vertex -22.9082 0.611008 -1.05
    endloop
  endfacet
  facet normal -0.135108 0.990831 0
    outer loop
      vertex -22.9082 0.611008 -1.4
      vertex -23.2767 0.56076 -1.05
      vertex -22.9082 0.611008 -1.05
    endloop
  endfacet
  facet normal -0.135108 0.990831 0
    outer loop
      vertex -23.2767 0.56076 -1.05
      vertex -22.9082 0.611008 -1.4
      vertex -23.2767 0.56076 -1.4
    endloop
  endfacet
  facet normal 0.950895 0.309513 0
    outer loop
      vertex -23.2767 0.56076 -1.05
      vertex -23.2946 0.615753 -1.4
      vertex -23.2946 0.615753 -1.05
    endloop
  endfacet
  facet normal 0.950895 0.309513 0
    outer loop
      vertex -23.2946 0.615753 -1.4
      vertex -23.2767 0.56076 -1.05
      vertex -23.2767 0.56076 -1.4
    endloop
  endfacet
  facet normal 0.885199 0.465212 0
    outer loop
      vertex -23.2946 0.615753 -1.05
      vertex -23.3197 0.663513 -1.4
      vertex -23.3197 0.663513 -1.05
    endloop
  endfacet
  facet normal 0.885199 0.465212 0
    outer loop
      vertex -23.3197 0.663513 -1.4
      vertex -23.2946 0.615753 -1.05
      vertex -23.2946 0.615753 -1.4
    endloop
  endfacet
  facet normal 0.779906 0.625897 0
    outer loop
      vertex -23.3197 0.663513 -1.05
      vertex -23.3522 0.70401 -1.4
      vertex -23.3522 0.70401 -1.05
    endloop
  endfacet
  facet normal 0.779906 0.625897 0
    outer loop
      vertex -23.3522 0.70401 -1.4
      vertex -23.3197 0.663513 -1.05
      vertex -23.3197 0.663513 -1.4
    endloop
  endfacet
  facet normal 0.641291 0.767298 -0
    outer loop
      vertex -23.3522 0.70401 -1.4
      vertex -23.392 0.737274 -1.05
      vertex -23.3522 0.70401 -1.05
    endloop
  endfacet
  facet normal 0.641291 0.767298 0
    outer loop
      vertex -23.392 0.737274 -1.05
      vertex -23.3522 0.70401 -1.4
      vertex -23.392 0.737274 -1.4
    endloop
  endfacet
  facet normal 0.473691 0.880691 -0
    outer loop
      vertex -23.392 0.737274 -1.4
      vertex -23.4402 0.763199 -1.05
      vertex -23.392 0.737274 -1.05
    endloop
  endfacet
  facet normal 0.473691 0.880691 0
    outer loop
      vertex -23.4402 0.763199 -1.05
      vertex -23.392 0.737274 -1.4
      vertex -23.4402 0.763199 -1.4
    endloop
  endfacet
  facet normal 0.305674 0.952136 -0
    outer loop
      vertex -23.4402 0.763199 -1.4
      vertex -23.4979 0.781723 -1.05
      vertex -23.4402 0.763199 -1.05
    endloop
  endfacet
  facet normal 0.305674 0.952136 0
    outer loop
      vertex -23.4979 0.781723 -1.05
      vertex -23.4402 0.763199 -1.4
      vertex -23.4979 0.781723 -1.4
    endloop
  endfacet
  facet normal 0.163788 0.986496 -0
    outer loop
      vertex -23.4979 0.781723 -1.4
      vertex -23.5649 0.792847 -1.05
      vertex -23.4979 0.781723 -1.05
    endloop
  endfacet
  facet normal 0.163788 0.986496 0
    outer loop
      vertex -23.5649 0.792847 -1.05
      vertex -23.4979 0.781723 -1.4
      vertex -23.5649 0.792847 -1.4
    endloop
  endfacet
  facet normal 0.048477 0.998824 -0
    outer loop
      vertex -23.5649 0.792847 -1.4
      vertex -23.6413 0.796555 -1.05
      vertex -23.5649 0.792847 -1.05
    endloop
  endfacet
  facet normal 0.048477 0.998824 0
    outer loop
      vertex -23.6413 0.796555 -1.05
      vertex -23.5649 0.792847 -1.4
      vertex -23.6413 0.796555 -1.4
    endloop
  endfacet
  facet normal -0.0892192 0.996012 0
    outer loop
      vertex -23.6413 0.796555 -1.4
      vertex -23.7924 0.78302 -1.05
      vertex -23.6413 0.796555 -1.05
    endloop
  endfacet
  facet normal -0.0892192 0.996012 0
    outer loop
      vertex -23.7924 0.78302 -1.05
      vertex -23.6413 0.796555 -1.4
      vertex -23.7924 0.78302 -1.4
    endloop
  endfacet
  facet normal -0.352078 0.935971 0
    outer loop
      vertex -23.7924 0.78302 -1.4
      vertex -23.9003 0.742432 -1.05
      vertex -23.7924 0.78302 -1.05
    endloop
  endfacet
  facet normal -0.352078 0.935971 0
    outer loop
      vertex -23.9003 0.742432 -1.05
      vertex -23.7924 0.78302 -1.4
      vertex -23.9003 0.742432 -1.4
    endloop
  endfacet
  facet normal -0.722119 0.691769 0
    outer loop
      vertex -23.9651 0.674789 -1.4
      vertex -23.9003 0.742432 -1.05
      vertex -23.9003 0.742432 -1.4
    endloop
  endfacet
  facet normal -0.722119 0.691769 0
    outer loop
      vertex -23.9003 0.742432 -1.05
      vertex -23.9651 0.674789 -1.4
      vertex -23.9651 0.674789 -1.05
    endloop
  endfacet
  facet normal -0.974959 0.222386 0
    outer loop
      vertex -23.9867 0.580093 -1.4
      vertex -23.9651 0.674789 -1.05
      vertex -23.9651 0.674789 -1.4
    endloop
  endfacet
  facet normal -0.974959 0.222386 0
    outer loop
      vertex -23.9651 0.674789 -1.05
      vertex -23.9867 0.580093 -1.4
      vertex -23.9867 0.580093 -1.05
    endloop
  endfacet
  facet normal -0.997695 -0.0678644 0
    outer loop
      vertex -23.9844 0.54628 -1.4
      vertex -23.9867 0.580093 -1.05
      vertex -23.9867 0.580093 -1.4
    endloop
  endfacet
  facet normal -0.997695 -0.0678644 0
    outer loop
      vertex -23.9867 0.580093 -1.05
      vertex -23.9844 0.54628 -1.4
      vertex -23.9844 0.54628 -1.05
    endloop
  endfacet
  facet normal -0.975521 -0.219906 0
    outer loop
      vertex -23.9775 0.515671 -1.4
      vertex -23.9844 0.54628 -1.05
      vertex -23.9844 0.54628 -1.4
    endloop
  endfacet
  facet normal -0.975521 -0.219906 0
    outer loop
      vertex -23.9844 0.54628 -1.05
      vertex -23.9775 0.515671 -1.4
      vertex -23.9775 0.515671 -1.05
    endloop
  endfacet
  facet normal -0.922028 -0.387124 0
    outer loop
      vertex -23.966 0.488281 -1.4
      vertex -23.9775 0.515671 -1.05
      vertex -23.9775 0.515671 -1.4
    endloop
  endfacet
  facet normal -0.922028 -0.387124 0
    outer loop
      vertex -23.9775 0.515671 -1.05
      vertex -23.966 0.488281 -1.4
      vertex -23.966 0.488281 -1.05
    endloop
  endfacet
  facet normal -0.832093 -0.554637 0
    outer loop
      vertex -23.9499 0.464127 -1.4
      vertex -23.966 0.488281 -1.05
      vertex -23.966 0.488281 -1.4
    endloop
  endfacet
  facet normal -0.832093 -0.554637 0
    outer loop
      vertex -23.966 0.488281 -1.05
      vertex -23.9499 0.464127 -1.4
      vertex -23.9499 0.464127 -1.05
    endloop
  endfacet
  facet normal -0.726889 -0.686755 0
    outer loop
      vertex -23.9294 0.442429 -1.4
      vertex -23.9499 0.464127 -1.05
      vertex -23.9499 0.464127 -1.4
    endloop
  endfacet
  facet normal -0.726889 -0.686755 0
    outer loop
      vertex -23.9499 0.464127 -1.05
      vertex -23.9294 0.442429 -1.4
      vertex -23.9294 0.442429 -1.05
    endloop
  endfacet
  facet normal -0.625076 -0.780564 0
    outer loop
      vertex -23.9294 0.442429 -1.4
      vertex -23.9044 0.422409 -1.05
      vertex -23.9294 0.442429 -1.05
    endloop
  endfacet
  facet normal -0.625076 -0.780564 -0
    outer loop
      vertex -23.9044 0.422409 -1.05
      vertex -23.9294 0.442429 -1.4
      vertex -23.9044 0.422409 -1.4
    endloop
  endfacet
  facet normal -0.527356 -0.849645 0
    outer loop
      vertex -23.9044 0.422409 -1.4
      vertex -23.8749 0.404099 -1.05
      vertex -23.9044 0.422409 -1.05
    endloop
  endfacet
  facet normal -0.527356 -0.849645 -0
    outer loop
      vertex -23.8749 0.404099 -1.05
      vertex -23.9044 0.422409 -1.4
      vertex -23.8749 0.404099 -1.4
    endloop
  endfacet
  facet normal -0.441534 -0.897244 0
    outer loop
      vertex -23.8749 0.404099 -1.4
      vertex -23.8411 0.387466 -1.05
      vertex -23.8749 0.404099 -1.05
    endloop
  endfacet
  facet normal -0.441534 -0.897244 -0
    outer loop
      vertex -23.8411 0.387466 -1.05
      vertex -23.8749 0.404099 -1.4
      vertex -23.8411 0.387466 -1.4
    endloop
  endfacet
  facet normal -0.347027 -0.937855 0
    outer loop
      vertex -23.8411 0.387466 -1.4
      vertex -23.7957 0.370667 -1.05
      vertex -23.8411 0.387466 -1.05
    endloop
  endfacet
  facet normal -0.347027 -0.937855 -0
    outer loop
      vertex -23.7957 0.370667 -1.05
      vertex -23.8411 0.387466 -1.4
      vertex -23.7957 0.370667 -1.4
    endloop
  endfacet
  facet normal -0.282641 -0.959226 0
    outer loop
      vertex -23.7957 0.370667 -1.4
      vertex -23.7319 0.351868 -1.05
      vertex -23.7957 0.370667 -1.05
    endloop
  endfacet
  facet normal -0.282641 -0.959226 -0
    outer loop
      vertex -23.7319 0.351868 -1.05
      vertex -23.7957 0.370667 -1.4
      vertex -23.7319 0.351868 -1.4
    endloop
  endfacet
  facet normal -0.244894 -0.96955 0
    outer loop
      vertex -23.7319 0.351868 -1.4
      vertex -23.6495 0.331055 -1.05
      vertex -23.7319 0.351868 -1.05
    endloop
  endfacet
  facet normal -0.244894 -0.96955 -0
    outer loop
      vertex -23.6495 0.331055 -1.05
      vertex -23.7319 0.351868 -1.4
      vertex -23.6495 0.331055 -1.4
    endloop
  endfacet
  facet normal -0.220658 -0.975351 0
    outer loop
      vertex -23.6495 0.331055 -1.4
      vertex -23.5486 0.308228 -1.05
      vertex -23.6495 0.331055 -1.05
    endloop
  endfacet
  facet normal -0.220658 -0.975351 -0
    outer loop
      vertex -23.5486 0.308228 -1.05
      vertex -23.6495 0.331055 -1.4
      vertex -23.5486 0.308228 -1.4
    endloop
  endfacet
  facet normal -0.218277 -0.975887 0
    outer loop
      vertex -23.5486 0.308228 -1.4
      vertex -23.4271 0.281052 -1.05
      vertex -23.5486 0.308228 -1.05
    endloop
  endfacet
  facet normal -0.218277 -0.975887 -0
    outer loop
      vertex -23.4271 0.281052 -1.05
      vertex -23.5486 0.308228 -1.4
      vertex -23.4271 0.281052 -1.4
    endloop
  endfacet
  facet normal -0.246204 -0.969218 0
    outer loop
      vertex -23.4271 0.281052 -1.4
      vertex -23.3242 0.254913 -1.05
      vertex -23.4271 0.281052 -1.05
    endloop
  endfacet
  facet normal -0.246204 -0.969218 -0
    outer loop
      vertex -23.3242 0.254913 -1.05
      vertex -23.4271 0.281052 -1.4
      vertex -23.3242 0.254913 -1.4
    endloop
  endfacet
  facet normal -0.285363 -0.958419 0
    outer loop
      vertex -23.3242 0.254913 -1.4
      vertex -23.24 0.229843 -1.05
      vertex -23.3242 0.254913 -1.05
    endloop
  endfacet
  facet normal -0.285363 -0.958419 -0
    outer loop
      vertex -23.24 0.229843 -1.05
      vertex -23.3242 0.254913 -1.4
      vertex -23.24 0.229843 -1.4
    endloop
  endfacet
  facet normal -0.343725 -0.93907 0
    outer loop
      vertex -23.24 0.229843 -1.4
      vertex -23.1743 0.205795 -1.05
      vertex -23.24 0.229843 -1.05
    endloop
  endfacet
  facet normal -0.343725 -0.93907 -0
    outer loop
      vertex -23.1743 0.205795 -1.05
      vertex -23.24 0.229843 -1.4
      vertex -23.1743 0.205795 -1.4
    endloop
  endfacet
  facet normal -0.416655 -0.909065 0
    outer loop
      vertex -23.1743 0.205795 -1.4
      vertex -23.1209 0.18132 -1.05
      vertex -23.1743 0.205795 -1.05
    endloop
  endfacet
  facet normal -0.416655 -0.909065 -0
    outer loop
      vertex -23.1209 0.18132 -1.05
      vertex -23.1743 0.205795 -1.4
      vertex -23.1209 0.18132 -1.4
    endloop
  endfacet
  facet normal -0.485201 -0.874402 0
    outer loop
      vertex -23.1209 0.18132 -1.4
      vertex -23.0733 0.154907 -1.05
      vertex -23.1209 0.18132 -1.05
    endloop
  endfacet
  facet normal -0.485201 -0.874402 -0
    outer loop
      vertex -23.0733 0.154907 -1.05
      vertex -23.1209 0.18132 -1.4
      vertex -23.0733 0.154907 -1.4
    endloop
  endfacet
  facet normal -0.563165 -0.826344 0
    outer loop
      vertex -23.0733 0.154907 -1.4
      vertex -23.0317 0.126556 -1.05
      vertex -23.0733 0.154907 -1.05
    endloop
  endfacet
  facet normal -0.563165 -0.826344 -0
    outer loop
      vertex -23.0317 0.126556 -1.05
      vertex -23.0733 0.154907 -1.4
      vertex -23.0317 0.126556 -1.4
    endloop
  endfacet
  facet normal -0.645702 -0.763589 0
    outer loop
      vertex -23.0317 0.126556 -1.4
      vertex -22.9959 0.096283 -1.05
      vertex -23.0317 0.126556 -1.05
    endloop
  endfacet
  facet normal -0.645702 -0.763589 -0
    outer loop
      vertex -22.9959 0.096283 -1.05
      vertex -23.0317 0.126556 -1.4
      vertex -22.9959 0.096283 -1.4
    endloop
  endfacet
  facet normal -0.726515 -0.68715 0
    outer loop
      vertex -22.9649 0.0635071 -1.4
      vertex -22.9959 0.096283 -1.05
      vertex -22.9959 0.096283 -1.4
    endloop
  endfacet
  facet normal -0.726515 -0.68715 0
    outer loop
      vertex -22.9959 0.096283 -1.05
      vertex -22.9649 0.0635071 -1.4
      vertex -22.9649 0.0635071 -1.05
    endloop
  endfacet
  facet normal -0.798738 -0.601679 0
    outer loop
      vertex -22.9379 0.0276642 -1.4
      vertex -22.9649 0.0635071 -1.05
      vertex -22.9649 0.0635071 -1.4
    endloop
  endfacet
  facet normal -0.798738 -0.601679 0
    outer loop
      vertex -22.9649 0.0635071 -1.05
      vertex -22.9379 0.0276642 -1.4
      vertex -22.9379 0.0276642 -1.05
    endloop
  endfacet
  facet normal -0.858734 -0.512421 0
    outer loop
      vertex -22.9147 -0.0112152 -1.4
      vertex -22.9379 0.0276642 -1.05
      vertex -22.9379 0.0276642 -1.4
    endloop
  endfacet
  facet normal -0.858734 -0.512421 0
    outer loop
      vertex -22.9379 0.0276642 -1.05
      vertex -22.9147 -0.0112152 -1.4
      vertex -22.9147 -0.0112152 -1.05
    endloop
  endfacet
  facet normal -0.907687 -0.419648 0
    outer loop
      vertex -22.8953 -0.0531769 -1.4
      vertex -22.9147 -0.0112152 -1.05
      vertex -22.9147 -0.0112152 -1.4
    endloop
  endfacet
  facet normal -0.907687 -0.419648 0
    outer loop
      vertex -22.9147 -0.0112152 -1.05
      vertex -22.8953 -0.0531769 -1.4
      vertex -22.8953 -0.0531769 -1.05
    endloop
  endfacet
  facet normal -0.947703 -0.319152 0
    outer loop
      vertex -22.8801 -0.0983124 -1.4
      vertex -22.8953 -0.0531769 -1.05
      vertex -22.8953 -0.0531769 -1.4
    endloop
  endfacet
  facet normal -0.947703 -0.319152 0
    outer loop
      vertex -22.8953 -0.0531769 -1.05
      vertex -22.8801 -0.0983124 -1.4
      vertex -22.8801 -0.0983124 -1.05
    endloop
  endfacet
  facet normal -0.976027 -0.217649 0
    outer loop
      vertex -22.8693 -0.146744 -1.4
      vertex -22.8801 -0.0983124 -1.05
      vertex -22.8801 -0.0983124 -1.4
    endloop
  endfacet
  facet normal -0.976027 -0.217649 0
    outer loop
      vertex -22.8801 -0.0983124 -1.05
      vertex -22.8693 -0.146744 -1.4
      vertex -22.8693 -0.146744 -1.05
    endloop
  endfacet
  facet normal -0.991958 -0.126567 0
    outer loop
      vertex -22.8627 -0.198471 -1.4
      vertex -22.8693 -0.146744 -1.05
      vertex -22.8693 -0.146744 -1.4
    endloop
  endfacet
  facet normal -0.991958 -0.126567 0
    outer loop
      vertex -22.8693 -0.146744 -1.05
      vertex -22.8627 -0.198471 -1.4
      vertex -22.8627 -0.198471 -1.05
    endloop
  endfacet
  facet normal -0.999273 -0.038127 0
    outer loop
      vertex -22.8606 -0.25351 -1.4
      vertex -22.8627 -0.198471 -1.05
      vertex -22.8627 -0.198471 -1.4
    endloop
  endfacet
  facet normal -0.999273 -0.038127 0
    outer loop
      vertex -22.8627 -0.198471 -1.05
      vertex -22.8606 -0.25351 -1.4
      vertex -22.8606 -0.25351 -1.05
    endloop
  endfacet
  facet normal -0.995232 0.0975383 0
    outer loop
      vertex -22.8729 -0.379013 -1.4
      vertex -22.8606 -0.25351 -1.05
      vertex -22.8606 -0.25351 -1.4
    endloop
  endfacet
  facet normal -0.995232 0.0975383 0
    outer loop
      vertex -22.8606 -0.25351 -1.05
      vertex -22.8729 -0.379013 -1.4
      vertex -22.8729 -0.379013 -1.05
    endloop
  endfacet
  facet normal -0.947383 0.320103 0
    outer loop
      vertex -22.91 -0.488815 -1.4
      vertex -22.8729 -0.379013 -1.05
      vertex -22.8729 -0.379013 -1.4
    endloop
  endfacet
  facet normal -0.947383 0.320103 0
    outer loop
      vertex -22.8729 -0.379013 -1.05
      vertex -22.91 -0.488815 -1.4
      vertex -22.91 -0.488815 -1.05
    endloop
  endfacet
  facet normal -0.83586 0.548943 0
    outer loop
      vertex -22.9718 -0.582916 -1.4
      vertex -22.91 -0.488815 -1.05
      vertex -22.91 -0.488815 -1.4
    endloop
  endfacet
  facet normal -0.83586 0.548943 0
    outer loop
      vertex -22.91 -0.488815 -1.05
      vertex -22.9718 -0.582916 -1.4
      vertex -22.9718 -0.582916 -1.05
    endloop
  endfacet
  facet normal -0.671067 0.741397 0
    outer loop
      vertex -22.9718 -0.582916 -1.4
      vertex -23.0584 -0.661301 -1.05
      vertex -22.9718 -0.582916 -1.05
    endloop
  endfacet
  facet normal -0.671067 0.741397 0
    outer loop
      vertex -23.0584 -0.661301 -1.05
      vertex -22.9718 -0.582916 -1.4
      vertex -23.0584 -0.661301 -1.4
    endloop
  endfacet
  facet normal -0.487983 0.872853 0
    outer loop
      vertex -23.0584 -0.661301 -1.4
      vertex -23.1688 -0.723022 -1.05
      vertex -23.0584 -0.661301 -1.05
    endloop
  endfacet
  facet normal -0.487983 0.872853 0
    outer loop
      vertex -23.1688 -0.723022 -1.05
      vertex -23.0584 -0.661301 -1.4
      vertex -23.1688 -0.723022 -1.4
    endloop
  endfacet
  facet normal -0.313557 0.949569 0
    outer loop
      vertex -23.1688 -0.723022 -1.4
      vertex -23.3023 -0.767105 -1.05
      vertex -23.1688 -0.723022 -1.05
    endloop
  endfacet
  facet normal -0.313557 0.949569 0
    outer loop
      vertex -23.3023 -0.767105 -1.05
      vertex -23.1688 -0.723022 -1.4
      vertex -23.3023 -0.767105 -1.4
    endloop
  endfacet
  facet normal -0.166495 0.986042 0
    outer loop
      vertex -23.3023 -0.767105 -1.4
      vertex -23.459 -0.793564 -1.05
      vertex -23.3023 -0.767105 -1.05
    endloop
  endfacet
  facet normal -0.166495 0.986042 0
    outer loop
      vertex -23.459 -0.793564 -1.05
      vertex -23.3023 -0.767105 -1.4
      vertex -23.459 -0.793564 -1.4
    endloop
  endfacet
  facet normal -0.04899 0.998799 0
    outer loop
      vertex -23.459 -0.793564 -1.4
      vertex -23.6388 -0.802383 -1.05
      vertex -23.459 -0.793564 -1.05
    endloop
  endfacet
  facet normal -0.04899 0.998799 0
    outer loop
      vertex -23.6388 -0.802383 -1.05
      vertex -23.459 -0.793564 -1.4
      vertex -23.6388 -0.802383 -1.4
    endloop
  endfacet
  facet normal 0.0468051 0.998904 -0
    outer loop
      vertex -23.6388 -0.802383 -1.4
      vertex -23.8039 -0.794647 -1.05
      vertex -23.6388 -0.802383 -1.05
    endloop
  endfacet
  facet normal 0.0468051 0.998904 0
    outer loop
      vertex -23.8039 -0.794647 -1.05
      vertex -23.6388 -0.802383 -1.4
      vertex -23.8039 -0.794647 -1.4
    endloop
  endfacet
  facet normal 0.892272 -0.451498 0
    outer loop
      vertex -19.4129 -0.525375 -1.05
      vertex -19.3737 -0.447906 -1.4
      vertex -19.3737 -0.447906 -1.05
    endloop
  endfacet
  facet normal 0.892272 -0.451498 0
    outer loop
      vertex -19.3737 -0.447906 -1.4
      vertex -19.4129 -0.525375 -1.05
      vertex -19.4129 -0.525375 -1.4
    endloop
  endfacet
  facet normal 0.853551 -0.521009 0
    outer loop
      vertex -19.3737 -0.447906 -1.05
      vertex -19.327 -0.371399 -1.4
      vertex -19.327 -0.371399 -1.05
    endloop
  endfacet
  facet normal 0.853551 -0.521009 0
    outer loop
      vertex -19.327 -0.371399 -1.4
      vertex -19.3737 -0.447906 -1.05
      vertex -19.3737 -0.447906 -1.4
    endloop
  endfacet
  facet normal 0.812973 -0.582302 0
    outer loop
      vertex -19.327 -0.371399 -1.05
      vertex -19.2729 -0.295868 -1.4
      vertex -19.2729 -0.295868 -1.05
    endloop
  endfacet
  facet normal 0.812973 -0.582302 0
    outer loop
      vertex -19.2729 -0.295868 -1.4
      vertex -19.327 -0.371399 -1.05
      vertex -19.327 -0.371399 -1.4
    endloop
  endfacet
  facet normal 0.770461 -0.637487 0
    outer loop
      vertex -19.2729 -0.295868 -1.05
      vertex -19.2112 -0.221298 -1.4
      vertex -19.2112 -0.221298 -1.05
    endloop
  endfacet
  facet normal 0.770461 -0.637487 0
    outer loop
      vertex -19.2112 -0.221298 -1.4
      vertex -19.2729 -0.295868 -1.05
      vertex -19.2729 -0.295868 -1.4
    endloop
  endfacet
  facet normal 0.732504 -0.680762 0
    outer loop
      vertex -19.2112 -0.221298 -1.05
      vertex -19.1416 -0.146408 -1.4
      vertex -19.1416 -0.146408 -1.05
    endloop
  endfacet
  facet normal 0.732504 -0.680762 0
    outer loop
      vertex -19.1416 -0.146408 -1.4
      vertex -19.2112 -0.221298 -1.05
      vertex -19.2112 -0.221298 -1.4
    endloop
  endfacet
  facet normal 0.700244 -0.713904 0
    outer loop
      vertex -19.1416 -0.146408 -1.4
      vertex -19.0636 -0.0699005 -1.05
      vertex -19.1416 -0.146408 -1.05
    endloop
  endfacet
  facet normal 0.700244 -0.713904 0
    outer loop
      vertex -19.0636 -0.0699005 -1.05
      vertex -19.1416 -0.146408 -1.4
      vertex -19.0636 -0.0699005 -1.4
    endloop
  endfacet
  facet normal 0.669696 -0.742635 0
    outer loop
      vertex -19.0636 -0.0699005 -1.4
      vertex -18.977 0.00819397 -1.05
      vertex -19.0636 -0.0699005 -1.05
    endloop
  endfacet
  facet normal 0.669696 -0.742635 0
    outer loop
      vertex -18.977 0.00819397 -1.05
      vertex -19.0636 -0.0699005 -1.4
      vertex -18.977 0.00819397 -1.4
    endloop
  endfacet
  facet normal 0.642776 -0.766055 0
    outer loop
      vertex -18.977 0.00819397 -1.4
      vertex -18.882 0.0879059 -1.05
      vertex -18.977 0.00819397 -1.05
    endloop
  endfacet
  facet normal 0.642776 -0.766055 0
    outer loop
      vertex -18.882 0.0879059 -1.05
      vertex -18.977 0.00819397 -1.4
      vertex -18.882 0.0879059 -1.4
    endloop
  endfacet
  facet normal 0.642382 -0.766384 0
    outer loop
      vertex -18.882 0.0879059 -1.4
      vertex -18.7938 0.161835 -1.05
      vertex -18.882 0.0879059 -1.05
    endloop
  endfacet
  facet normal 0.642382 -0.766384 0
    outer loop
      vertex -18.7938 0.161835 -1.05
      vertex -18.882 0.0879059 -1.4
      vertex -18.7938 0.161835 -1.4
    endloop
  endfacet
  facet normal 0.67252 -0.740079 0
    outer loop
      vertex -18.7938 0.161835 -1.4
      vertex -18.7199 0.228989 -1.05
      vertex -18.7938 0.161835 -1.05
    endloop
  endfacet
  facet normal 0.67252 -0.740079 0
    outer loop
      vertex -18.7199 0.228989 -1.05
      vertex -18.7938 0.161835 -1.4
      vertex -18.7199 0.228989 -1.4
    endloop
  endfacet
  facet normal 0.710593 -0.703604 0
    outer loop
      vertex -18.7199 0.228989 -1.05
      vertex -18.6601 0.289383 -1.4
      vertex -18.6601 0.289383 -1.05
    endloop
  endfacet
  facet normal 0.710593 -0.703604 0
    outer loop
      vertex -18.6601 0.289383 -1.4
      vertex -18.7199 0.228989 -1.05
      vertex -18.7199 0.228989 -1.4
    endloop
  endfacet
  facet normal 0.76327 -0.646079 0
    outer loop
      vertex -18.6601 0.289383 -1.05
      vertex -18.6147 0.343018 -1.4
      vertex -18.6147 0.343018 -1.05
    endloop
  endfacet
  facet normal 0.76327 -0.646079 0
    outer loop
      vertex -18.6147 0.343018 -1.4
      vertex -18.6601 0.289383 -1.05
      vertex -18.6601 0.289383 -1.4
    endloop
  endfacet
  facet normal 0.830785 -0.556593 0
    outer loop
      vertex -18.6147 0.343018 -1.05
      vertex -18.5812 0.393021 -1.4
      vertex -18.5812 0.393021 -1.05
    endloop
  endfacet
  facet normal 0.830785 -0.556593 0
    outer loop
      vertex -18.5812 0.393021 -1.4
      vertex -18.6147 0.343018 -1.05
      vertex -18.6147 0.343018 -1.4
    endloop
  endfacet
  facet normal 0.899918 -0.43606 0
    outer loop
      vertex -18.5812 0.393021 -1.05
      vertex -18.5572 0.442551 -1.4
      vertex -18.5572 0.442551 -1.05
    endloop
  endfacet
  facet normal 0.899918 -0.43606 0
    outer loop
      vertex -18.5572 0.442551 -1.4
      vertex -18.5812 0.393021 -1.05
      vertex -18.5812 0.393021 -1.4
    endloop
  endfacet
  facet normal 0.959492 -0.281737 0
    outer loop
      vertex -18.5572 0.442551 -1.05
      vertex -18.5428 0.491592 -1.4
      vertex -18.5428 0.491592 -1.05
    endloop
  endfacet
  facet normal 0.959492 -0.281737 0
    outer loop
      vertex -18.5428 0.491592 -1.4
      vertex -18.5572 0.442551 -1.05
      vertex -18.5572 0.442551 -1.4
    endloop
  endfacet
  facet normal 0.995149 -0.0983794 0
    outer loop
      vertex -18.5428 0.491592 -1.05
      vertex -18.538 0.540146 -1.4
      vertex -18.538 0.540146 -1.05
    endloop
  endfacet
  facet normal 0.995149 -0.0983794 0
    outer loop
      vertex -18.538 0.540146 -1.4
      vertex -18.5428 0.491592 -1.05
      vertex -18.5428 0.491592 -1.4
    endloop
  endfacet
  facet normal 0.989837 0.142204 0
    outer loop
      vertex -18.538 0.540146 -1.05
      vertex -18.5529 0.64386 -1.4
      vertex -18.5529 0.64386 -1.05
    endloop
  endfacet
  facet normal 0.989837 0.142204 0
    outer loop
      vertex -18.5529 0.64386 -1.4
      vertex -18.538 0.540146 -1.05
      vertex -18.538 0.540146 -1.4
    endloop
  endfacet
  facet normal 0.856258 0.516549 0
    outer loop
      vertex -18.5529 0.64386 -1.05
      vertex -18.5976 0.717957 -1.4
      vertex -18.5976 0.717957 -1.05
    endloop
  endfacet
  facet normal 0.856258 0.516549 0
    outer loop
      vertex -18.5976 0.717957 -1.4
      vertex -18.5529 0.64386 -1.05
      vertex -18.5529 0.64386 -1.4
    endloop
  endfacet
  facet normal 0.512358 0.858772 -0
    outer loop
      vertex -18.5976 0.717957 -1.4
      vertex -18.6721 0.762405 -1.05
      vertex -18.5976 0.717957 -1.05
    endloop
  endfacet
  facet normal 0.512358 0.858772 0
    outer loop
      vertex -18.6721 0.762405 -1.05
      vertex -18.5976 0.717957 -1.4
      vertex -18.6721 0.762405 -1.4
    endloop
  endfacet
  facet normal 0.140649 0.990059 -0
    outer loop
      vertex -18.6721 0.762405 -1.4
      vertex -18.7764 0.777222 -1.05
      vertex -18.6721 0.762405 -1.05
    endloop
  endfacet
  facet normal 0.140649 0.990059 0
    outer loop
      vertex -18.7764 0.777222 -1.05
      vertex -18.6721 0.762405 -1.4
      vertex -18.7764 0.777222 -1.4
    endloop
  endfacet
  facet normal -0.0715046 0.99744 0
    outer loop
      vertex -18.7764 0.777222 -1.4
      vertex -18.8309 0.773315 -1.05
      vertex -18.7764 0.777222 -1.05
    endloop
  endfacet
  facet normal -0.0715046 0.99744 0
    outer loop
      vertex -18.8309 0.773315 -1.05
      vertex -18.7764 0.777222 -1.4
      vertex -18.8309 0.773315 -1.4
    endloop
  endfacet
  facet normal -0.238096 0.971242 0
    outer loop
      vertex -18.8309 0.773315 -1.4
      vertex -18.8787 0.761597 -1.05
      vertex -18.8309 0.773315 -1.05
    endloop
  endfacet
  facet normal -0.238096 0.971242 0
    outer loop
      vertex -18.8787 0.761597 -1.05
      vertex -18.8309 0.773315 -1.4
      vertex -18.8787 0.761597 -1.4
    endloop
  endfacet
  facet normal -0.431509 0.902109 0
    outer loop
      vertex -18.8787 0.761597 -1.4
      vertex -18.9195 0.742081 -1.05
      vertex -18.8787 0.761597 -1.05
    endloop
  endfacet
  facet normal -0.431509 0.902109 0
    outer loop
      vertex -18.9195 0.742081 -1.05
      vertex -18.8787 0.761597 -1.4
      vertex -18.9195 0.742081 -1.4
    endloop
  endfacet
  facet normal -0.626705 0.779256 0
    outer loop
      vertex -18.9195 0.742081 -1.4
      vertex -18.9535 0.714737 -1.05
      vertex -18.9195 0.742081 -1.05
    endloop
  endfacet
  facet normal -0.626705 0.779256 0
    outer loop
      vertex -18.9535 0.714737 -1.05
      vertex -18.9195 0.742081 -1.4
      vertex -18.9535 0.714737 -1.4
    endloop
  endfacet
  facet normal -0.783306 0.621636 0
    outer loop
      vertex -18.9814 0.679581 -1.4
      vertex -18.9535 0.714737 -1.05
      vertex -18.9535 0.714737 -1.4
    endloop
  endfacet
  facet normal -0.783306 0.621636 0
    outer loop
      vertex -18.9535 0.714737 -1.05
      vertex -18.9814 0.679581 -1.4
      vertex -18.9814 0.679581 -1.05
    endloop
  endfacet
  facet normal -0.884981 0.465628 0
    outer loop
      vertex -19.004 0.636627 -1.4
      vertex -18.9814 0.679581 -1.05
      vertex -18.9814 0.679581 -1.4
    endloop
  endfacet
  facet normal -0.884981 0.465628 0
    outer loop
      vertex -18.9814 0.679581 -1.05
      vertex -19.004 0.636627 -1.4
      vertex -19.004 0.636627 -1.05
    endloop
  endfacet
  facet normal -0.94771 0.319132 0
    outer loop
      vertex -19.0211 0.585846 -1.4
      vertex -19.004 0.636627 -1.05
      vertex -19.004 0.636627 -1.4
    endloop
  endfacet
  facet normal -0.94771 0.319132 0
    outer loop
      vertex -19.004 0.636627 -1.05
      vertex -19.0211 0.585846 -1.4
      vertex -19.0211 0.585846 -1.05
    endloop
  endfacet
  facet normal -0.980632 0.195862 0
    outer loop
      vertex -19.0328 0.527267 -1.4
      vertex -19.0211 0.585846 -1.05
      vertex -19.0211 0.585846 -1.4
    endloop
  endfacet
  facet normal -0.980632 0.195862 0
    outer loop
      vertex -19.0211 0.585846 -1.05
      vertex -19.0328 0.527267 -1.4
      vertex -19.0328 0.527267 -1.05
    endloop
  endfacet
  facet normal 0.0564513 0.998405 -0
    outer loop
      vertex -19.0328 0.527267 -1.4
      vertex -19.3974 0.547882 -1.05
      vertex -19.0328 0.527267 -1.05
    endloop
  endfacet
  facet normal 0.0564513 0.998405 0
    outer loop
      vertex -19.3974 0.547882 -1.05
      vertex -19.0328 0.527267 -1.4
      vertex -19.3974 0.547882 -1.4
    endloop
  endfacet
  facet normal 0.98114 -0.193297 0
    outer loop
      vertex -19.3974 0.547882 -1.05
      vertex -19.374 0.666656 -1.4
      vertex -19.374 0.666656 -1.05
    endloop
  endfacet
  facet normal 0.98114 -0.193297 0
    outer loop
      vertex -19.374 0.666656 -1.4
      vertex -19.3974 0.547882 -1.05
      vertex -19.3974 0.547882 -1.4
    endloop
  endfacet
  facet normal 0.935519 -0.353278 0
    outer loop
      vertex -19.374 0.666656 -1.05
      vertex -19.3348 0.770462 -1.4
      vertex -19.3348 0.770462 -1.05
    endloop
  endfacet
  facet normal 0.935519 -0.353278 0
    outer loop
      vertex -19.3348 0.770462 -1.4
      vertex -19.374 0.666656 -1.05
      vertex -19.374 0.666656 -1.4
    endloop
  endfacet
  facet normal 0.849341 -0.527844 0
    outer loop
      vertex -19.3348 0.770462 -1.05
      vertex -19.2796 0.859283 -1.4
      vertex -19.2796 0.859283 -1.05
    endloop
  endfacet
  facet normal 0.849341 -0.527844 0
    outer loop
      vertex -19.2796 0.859283 -1.4
      vertex -19.3348 0.770462 -1.05
      vertex -19.3348 0.770462 -1.4
    endloop
  endfacet
  facet normal 0.721312 -0.692611 0
    outer loop
      vertex -19.2796 0.859283 -1.05
      vertex -19.2087 0.933121 -1.4
      vertex -19.2087 0.933121 -1.05
    endloop
  endfacet
  facet normal 0.721312 -0.692611 0
    outer loop
      vertex -19.2087 0.933121 -1.4
      vertex -19.2796 0.859283 -1.05
      vertex -19.2796 0.859283 -1.4
    endloop
  endfacet
  facet normal 0.559086 -0.82911 0
    outer loop
      vertex -19.2087 0.933121 -1.4
      vertex -19.1226 0.99118 -1.05
      vertex -19.2087 0.933121 -1.05
    endloop
  endfacet
  facet normal 0.559086 -0.82911 0
    outer loop
      vertex -19.1226 0.99118 -1.05
      vertex -19.2087 0.933121 -1.4
      vertex -19.1226 0.99118 -1.4
    endloop
  endfacet
  facet normal 0.382089 -0.924126 0
    outer loop
      vertex -19.1226 0.99118 -1.4
      vertex -19.0223 1.03265 -1.05
      vertex -19.1226 0.99118 -1.05
    endloop
  endfacet
  facet normal 0.382089 -0.924126 0
    outer loop
      vertex -19.0223 1.03265 -1.05
      vertex -19.1226 0.99118 -1.4
      vertex -19.0223 1.03265 -1.4
    endloop
  endfacet
  facet normal 0.212419 -0.977179 0
    outer loop
      vertex -19.0223 1.03265 -1.4
      vertex -18.9078 1.05754 -1.05
      vertex -19.0223 1.03265 -1.05
    endloop
  endfacet
  facet normal 0.212419 -0.977179 0
    outer loop
      vertex -18.9078 1.05754 -1.05
      vertex -19.0223 1.03265 -1.4
      vertex -18.9078 1.05754 -1.4
    endloop
  endfacet
  facet normal 0.0643076 -0.99793 0
    outer loop
      vertex -18.9078 1.05754 -1.4
      vertex -18.779 1.06584 -1.05
      vertex -18.9078 1.05754 -1.05
    endloop
  endfacet
  facet normal 0.0643076 -0.99793 0
    outer loop
      vertex -18.779 1.06584 -1.05
      vertex -18.9078 1.05754 -1.4
      vertex -18.779 1.06584 -1.4
    endloop
  endfacet
  facet normal -0.0604384 -0.998172 0
    outer loop
      vertex -18.779 1.06584 -1.4
      vertex -18.6406 1.05746 -1.05
      vertex -18.779 1.06584 -1.05
    endloop
  endfacet
  facet normal -0.0604384 -0.998172 -0
    outer loop
      vertex -18.6406 1.05746 -1.05
      vertex -18.779 1.06584 -1.4
      vertex -18.6406 1.05746 -1.4
    endloop
  endfacet
  facet normal -0.202865 -0.979207 0
    outer loop
      vertex -18.6406 1.05746 -1.4
      vertex -18.5193 1.03233 -1.05
      vertex -18.6406 1.05746 -1.05
    endloop
  endfacet
  facet normal -0.202865 -0.979207 -0
    outer loop
      vertex -18.5193 1.03233 -1.05
      vertex -18.6406 1.05746 -1.4
      vertex -18.5193 1.03233 -1.4
    endloop
  endfacet
  facet normal -0.372826 -0.927901 0
    outer loop
      vertex -18.5193 1.03233 -1.4
      vertex -18.4151 0.990463 -1.05
      vertex -18.5193 1.03233 -1.05
    endloop
  endfacet
  facet normal -0.372826 -0.927901 -0
    outer loop
      vertex -18.4151 0.990463 -1.05
      vertex -18.5193 1.03233 -1.4
      vertex -18.4151 0.990463 -1.4
    endloop
  endfacet
  facet normal -0.558468 -0.829526 0
    outer loop
      vertex -18.4151 0.990463 -1.4
      vertex -18.328 0.931824 -1.05
      vertex -18.4151 0.990463 -1.05
    endloop
  endfacet
  facet normal -0.558468 -0.829526 -0
    outer loop
      vertex -18.328 0.931824 -1.05
      vertex -18.4151 0.990463 -1.4
      vertex -18.328 0.931824 -1.4
    endloop
  endfacet
  facet normal -0.731271 -0.682087 0
    outer loop
      vertex -18.2592 0.858063 -1.4
      vertex -18.328 0.931824 -1.05
      vertex -18.328 0.931824 -1.4
    endloop
  endfacet
  facet normal -0.731271 -0.682087 0
    outer loop
      vertex -18.328 0.931824 -1.05
      vertex -18.2592 0.858063 -1.4
      vertex -18.2592 0.858063 -1.05
    endloop
  endfacet
  facet normal -0.871557 -0.490295 0
    outer loop
      vertex -18.2101 0.770782 -1.4
      vertex -18.2592 0.858063 -1.05
      vertex -18.2592 0.858063 -1.4
    endloop
  endfacet
  facet normal -0.871557 -0.490295 0
    outer loop
      vertex -18.2592 0.858063 -1.05
      vertex -18.2101 0.770782 -1.4
      vertex -18.2101 0.770782 -1.05
    endloop
  endfacet
  facet normal -0.959766 -0.2808 0
    outer loop
      vertex -18.1806 0.669952 -1.4
      vertex -18.2101 0.770782 -1.05
      vertex -18.2101 0.770782 -1.4
    endloop
  endfacet
  facet normal -0.959766 -0.2808 0
    outer loop
      vertex -18.2101 0.770782 -1.05
      vertex -18.1806 0.669952 -1.4
      vertex -18.1806 0.669952 -1.05
    endloop
  endfacet
  facet normal -0.996348 -0.0853895 0
    outer loop
      vertex -18.1708 0.555603 -1.4
      vertex -18.1806 0.669952 -1.05
      vertex -18.1806 0.669952 -1.4
    endloop
  endfacet
  facet normal -0.996348 -0.0853895 0
    outer loop
      vertex -18.1806 0.669952 -1.05
      vertex -18.1708 0.555603 -1.4
      vertex -18.1708 0.555603 -1.05
    endloop
  endfacet
  facet normal -0.998681 0.0513452 0
    outer loop
      vertex -18.174 0.493362 -1.4
      vertex -18.1708 0.555603 -1.05
      vertex -18.1708 0.555603 -1.4
    endloop
  endfacet
  facet normal -0.998681 0.0513452 0
    outer loop
      vertex -18.1708 0.555603 -1.05
      vertex -18.174 0.493362 -1.4
      vertex -18.174 0.493362 -1.05
    endloop
  endfacet
  facet normal -0.987622 0.15685 0
    outer loop
      vertex -18.1834 0.434174 -1.4
      vertex -18.174 0.493362 -1.05
      vertex -18.174 0.493362 -1.4
    endloop
  endfacet
  facet normal -0.987622 0.15685 0
    outer loop
      vertex -18.174 0.493362 -1.05
      vertex -18.1834 0.434174 -1.4
      vertex -18.1834 0.434174 -1.05
    endloop
  endfacet
  facet normal -0.963027 0.269405 0
    outer loop
      vertex -18.1991 0.378052 -1.4
      vertex -18.1834 0.434174 -1.05
      vertex -18.1834 0.434174 -1.4
    endloop
  endfacet
  facet normal -0.963027 0.269405 0
    outer loop
      vertex -18.1834 0.434174 -1.05
      vertex -18.1991 0.378052 -1.4
      vertex -18.1991 0.378052 -1.05
    endloop
  endfacet
  facet normal -0.923771 0.382946 0
    outer loop
      vertex -18.2211 0.324982 -1.4
      vertex -18.1991 0.378052 -1.05
      vertex -18.1991 0.378052 -1.4
    endloop
  endfacet
  facet normal -0.923771 0.382946 0
    outer loop
      vertex -18.1991 0.378052 -1.05
      vertex -18.2211 0.324982 -1.4
      vertex -18.2211 0.324982 -1.05
    endloop
  endfacet
  facet normal -0.88268 0.469975 0
    outer loop
      vertex -18.248 0.27446 -1.4
      vertex -18.2211 0.324982 -1.05
      vertex -18.2211 0.324982 -1.4
    endloop
  endfacet
  facet normal -0.88268 0.469975 0
    outer loop
      vertex -18.2211 0.324982 -1.05
      vertex -18.248 0.27446 -1.4
      vertex -18.248 0.27446 -1.05
    endloop
  endfacet
  facet normal -0.847424 0.530917 0
    outer loop
      vertex -18.2784 0.225937 -1.4
      vertex -18.248 0.27446 -1.05
      vertex -18.248 0.27446 -1.4
    endloop
  endfacet
  facet normal -0.847424 0.530917 0
    outer loop
      vertex -18.248 0.27446 -1.05
      vertex -18.2784 0.225937 -1.4
      vertex -18.2784 0.225937 -1.05
    endloop
  endfacet
  facet normal -0.807286 0.59016 0
    outer loop
      vertex -18.3124 0.179428 -1.4
      vertex -18.2784 0.225937 -1.05
      vertex -18.2784 0.225937 -1.4
    endloop
  endfacet
  facet normal -0.807286 0.59016 0
    outer loop
      vertex -18.2784 0.225937 -1.05
      vertex -18.3124 0.179428 -1.4
      vertex -18.3124 0.179428 -1.05
    endloop
  endfacet
  facet normal -0.764653 0.644443 0
    outer loop
      vertex -18.3499 0.134933 -1.4
      vertex -18.3124 0.179428 -1.05
      vertex -18.3124 0.179428 -1.4
    endloop
  endfacet
  facet normal -0.764653 0.644443 0
    outer loop
      vertex -18.3124 0.179428 -1.05
      vertex -18.3499 0.134933 -1.4
      vertex -18.3499 0.134933 -1.05
    endloop
  endfacet
  facet normal -0.727205 0.686421 0
    outer loop
      vertex -18.3903 0.0921326 -1.4
      vertex -18.3499 0.134933 -1.05
      vertex -18.3499 0.134933 -1.4
    endloop
  endfacet
  facet normal -0.727205 0.686421 0
    outer loop
      vertex -18.3499 0.134933 -1.05
      vertex -18.3903 0.0921326 -1.4
      vertex -18.3903 0.0921326 -1.05
    endloop
  endfacet
  facet normal -0.697173 0.716903 0
    outer loop
      vertex -18.3903 0.0921326 -1.4
      vertex -18.4329 0.050705 -1.05
      vertex -18.3903 0.0921326 -1.05
    endloop
  endfacet
  facet normal -0.697173 0.716903 0
    outer loop
      vertex -18.4329 0.050705 -1.05
      vertex -18.3903 0.0921326 -1.4
      vertex -18.4329 0.050705 -1.4
    endloop
  endfacet
  facet normal -0.667487 0.744621 0
    outer loop
      vertex -18.4329 0.050705 -1.4
      vertex -18.4776 0.0106354 -1.05
      vertex -18.4329 0.050705 -1.05
    endloop
  endfacet
  facet normal -0.667487 0.744621 0
    outer loop
      vertex -18.4776 0.0106354 -1.05
      vertex -18.4329 0.050705 -1.4
      vertex -18.4776 0.0106354 -1.4
    endloop
  endfacet
  facet normal -0.636122 0.771589 0
    outer loop
      vertex -18.4776 0.0106354 -1.4
      vertex -18.5245 -0.0280304 -1.05
      vertex -18.4776 0.0106354 -1.05
    endloop
  endfacet
  facet normal -0.636122 0.771589 0
    outer loop
      vertex -18.5245 -0.0280304 -1.05
      vertex -18.4776 0.0106354 -1.4
      vertex -18.5245 -0.0280304 -1.4
    endloop
  endfacet
  facet normal -0.621688 0.783265 0
    outer loop
      vertex -18.5245 -0.0280304 -1.4
      vertex -18.5721 -0.0658112 -1.05
      vertex -18.5245 -0.0280304 -1.05
    endloop
  endfacet
  facet normal -0.621688 0.783265 0
    outer loop
      vertex -18.5721 -0.0658112 -1.05
      vertex -18.5245 -0.0280304 -1.4
      vertex -18.5721 -0.0658112 -1.4
    endloop
  endfacet
  facet normal -0.622217 0.782845 0
    outer loop
      vertex -18.5721 -0.0658112 -1.4
      vertex -18.619 -0.103088 -1.05
      vertex -18.5721 -0.0658112 -1.05
    endloop
  endfacet
  facet normal -0.622217 0.782845 0
    outer loop
      vertex -18.619 -0.103088 -1.05
      vertex -18.5721 -0.0658112 -1.4
      vertex -18.619 -0.103088 -1.4
    endloop
  endfacet
  facet normal -0.623094 0.782147 0
    outer loop
      vertex -18.619 -0.103088 -1.4
      vertex -18.6652 -0.139893 -1.05
      vertex -18.619 -0.103088 -1.05
    endloop
  endfacet
  facet normal -0.623094 0.782147 0
    outer loop
      vertex -18.6652 -0.139893 -1.05
      vertex -18.619 -0.103088 -1.4
      vertex -18.6652 -0.139893 -1.4
    endloop
  endfacet
  facet normal -0.623972 0.781447 0
    outer loop
      vertex -18.6652 -0.139893 -1.4
      vertex -18.7107 -0.176224 -1.05
      vertex -18.6652 -0.139893 -1.05
    endloop
  endfacet
  facet normal -0.623972 0.781447 0
    outer loop
      vertex -18.7107 -0.176224 -1.05
      vertex -18.6652 -0.139893 -1.4
      vertex -18.7107 -0.176224 -1.4
    endloop
  endfacet
  facet normal -0.633933 0.773388 0
    outer loop
      vertex -18.7107 -0.176224 -1.4
      vertex -18.7548 -0.212372 -1.05
      vertex -18.7107 -0.176224 -1.05
    endloop
  endfacet
  facet normal -0.633933 0.773388 0
    outer loop
      vertex -18.7548 -0.212372 -1.05
      vertex -18.7107 -0.176224 -1.4
      vertex -18.7548 -0.212372 -1.4
    endloop
  endfacet
  facet normal -0.654066 0.756437 0
    outer loop
      vertex -18.7548 -0.212372 -1.4
      vertex -18.7968 -0.248688 -1.05
      vertex -18.7548 -0.212372 -1.05
    endloop
  endfacet
  facet normal -0.654066 0.756437 0
    outer loop
      vertex -18.7968 -0.248688 -1.05
      vertex -18.7548 -0.212372 -1.4
      vertex -18.7968 -0.248688 -1.4
    endloop
  endfacet
  facet normal -0.672809 0.739817 0
    outer loop
      vertex -18.7968 -0.248688 -1.4
      vertex -18.8369 -0.285156 -1.05
      vertex -18.7968 -0.248688 -1.05
    endloop
  endfacet
  facet normal -0.672809 0.739817 0
    outer loop
      vertex -18.8369 -0.285156 -1.05
      vertex -18.7968 -0.248688 -1.4
      vertex -18.8369 -0.285156 -1.4
    endloop
  endfacet
  facet normal -0.693132 0.720811 0
    outer loop
      vertex -18.8369 -0.285156 -1.4
      vertex -18.875 -0.321793 -1.05
      vertex -18.8369 -0.285156 -1.05
    endloop
  endfacet
  facet normal -0.693132 0.720811 0
    outer loop
      vertex -18.875 -0.321793 -1.05
      vertex -18.8369 -0.285156 -1.4
      vertex -18.875 -0.321793 -1.4
    endloop
  endfacet
  facet normal -0.733761 0.679408 0
    outer loop
      vertex -18.9096 -0.359161 -1.4
      vertex -18.875 -0.321793 -1.05
      vertex -18.875 -0.321793 -1.4
    endloop
  endfacet
  facet normal -0.733761 0.679408 0
    outer loop
      vertex -18.875 -0.321793 -1.05
      vertex -18.9096 -0.359161 -1.4
      vertex -18.9096 -0.359161 -1.05
    endloop
  endfacet
  facet normal -0.790955 0.611874 0
    outer loop
      vertex -18.9395 -0.397812 -1.4
      vertex -18.9096 -0.359161 -1.05
      vertex -18.9096 -0.359161 -1.4
    endloop
  endfacet
  facet normal -0.790955 0.611874 0
    outer loop
      vertex -18.9096 -0.359161 -1.05
      vertex -18.9395 -0.397812 -1.4
      vertex -18.9395 -0.397812 -1.05
    endloop
  endfacet
  facet normal -0.845682 0.533687 0
    outer loop
      vertex -18.9647 -0.437744 -1.4
      vertex -18.9395 -0.397812 -1.05
      vertex -18.9395 -0.397812 -1.4
    endloop
  endfacet
  facet normal -0.845682 0.533687 0
    outer loop
      vertex -18.9395 -0.397812 -1.05
      vertex -18.9647 -0.437744 -1.4
      vertex -18.9647 -0.437744 -1.05
    endloop
  endfacet
  facet normal -0.896353 0.443341 0
    outer loop
      vertex -18.9851 -0.478989 -1.4
      vertex -18.9647 -0.437744 -1.05
      vertex -18.9647 -0.437744 -1.4
    endloop
  endfacet
  facet normal -0.896353 0.443341 0
    outer loop
      vertex -18.9647 -0.437744 -1.05
      vertex -18.9851 -0.478989 -1.4
      vertex -18.9851 -0.478989 -1.05
    endloop
  endfacet
  facet normal 0 -1 0
    outer loop
      vertex -18.9851 -0.478989 -1.4
      vertex -18.1425 -0.478989 -1.05
      vertex -18.9851 -0.478989 -1.05
    endloop
  endfacet
  facet normal 0 -1 -0
    outer loop
      vertex -18.1425 -0.478989 -1.05
      vertex -18.9851 -0.478989 -1.4
      vertex -18.1425 -0.478989 -1.4
    endloop
  endfacet
  facet normal -1 0 0
    outer loop
      vertex -18.1425 -0.776611 -1.4
      vertex -18.1425 -0.478989 -1.05
      vertex -18.1425 -0.478989 -1.4
    endloop
  endfacet
  facet normal -1 -0 0
    outer loop
      vertex -18.1425 -0.478989 -1.05
      vertex -18.1425 -0.776611 -1.4
      vertex -18.1425 -0.776611 -1.05
    endloop
  endfacet
  facet normal 0 1 -0
    outer loop
      vertex -18.1425 -0.776611 -1.4
      vertex -19.4129 -0.776611 -1.05
      vertex -18.1425 -0.776611 -1.05
    endloop
  endfacet
  facet normal 0 1 0
    outer loop
      vertex -19.4129 -0.776611 -1.05
      vertex -18.1425 -0.776611 -1.4
      vertex -19.4129 -0.776611 -1.4
    endloop
  endfacet
  facet normal 1 -0 0
    outer loop
      vertex -19.4129 -0.776611 -1.05
      vertex -19.4129 -0.525375 -1.4
      vertex -19.4129 -0.525375 -1.05
    endloop
  endfacet
  facet normal 1 0 0
    outer loop
      vertex -19.4129 -0.525375 -1.4
      vertex -19.4129 -0.776611 -1.05
      vertex -19.4129 -0.776611 -1.4
    endloop
  endfacet
  facet normal -0.607212 0.79454 0
    outer loop
      vertex -22.0178 0.0569916 -1.4
      vertex -22.242 -0.114349 -1.05
      vertex -22.0178 0.0569916 -1.05
    endloop
  endfacet
  facet normal -0.607212 0.79454 0
    outer loop
      vertex -22.242 -0.114349 -1.05
      vertex -22.0178 0.0569916 -1.4
      vertex -22.242 -0.114349 -1.4
    endloop
  endfacet
  facet normal -1 0 0
    outer loop
      vertex -22.242 -0.776611 -1.4
      vertex -22.242 -0.114349 -1.05
      vertex -22.242 -0.114349 -1.4
    endloop
  endfacet
  facet normal -1 -0 0
    outer loop
      vertex -22.242 -0.114349 -1.05
      vertex -22.242 -0.776611 -1.4
      vertex -22.242 -0.776611 -1.05
    endloop
  endfacet
  facet normal 0 1 -0
    outer loop
      vertex -22.242 -0.776611 -1.4
      vertex -22.6221 -0.776611 -1.05
      vertex -22.242 -0.776611 -1.05
    endloop
  endfacet
  facet normal 0 1 0
    outer loop
      vertex -22.6221 -0.776611 -1.05
      vertex -22.242 -0.776611 -1.4
      vertex -22.6221 -0.776611 -1.4
    endloop
  endfacet
  facet normal 1 -0 0
    outer loop
      vertex -22.6221 -0.776611 -1.05
      vertex -22.6221 1.03877 -1.4
      vertex -22.6221 1.03877 -1.05
    endloop
  endfacet
  facet normal 1 0 0
    outer loop
      vertex -22.6221 1.03877 -1.4
      vertex -22.6221 -0.776611 -1.05
      vertex -22.6221 -0.776611 -1.4
    endloop
  endfacet
  facet normal 0 -1 0
    outer loop
      vertex -22.6221 1.03877 -1.4
      vertex -22.242 1.03877 -1.05
      vertex -22.6221 1.03877 -1.05
    endloop
  endfacet
  facet normal 0 -1 -0
    outer loop
      vertex -22.242 1.03877 -1.05
      vertex -22.6221 1.03877 -1.4
      vertex -22.242 1.03877 -1.4
    endloop
  endfacet
  facet normal -1 0 0
    outer loop
      vertex -22.242 0.215469 -1.4
      vertex -22.242 1.03877 -1.05
      vertex -22.242 1.03877 -1.4
    endloop
  endfacet
  facet normal -1 -0 0
    outer loop
      vertex -22.242 1.03877 -1.05
      vertex -22.242 0.215469 -1.4
      vertex -22.242 0.215469 -1.05
    endloop
  endfacet
  facet normal 0.709344 -0.704863 0
    outer loop
      vertex -22.242 0.215469 -1.05
      vertex -21.4239 1.03877 -1.4
      vertex -21.4239 1.03877 -1.05
    endloop
  endfacet
  facet normal 0.709344 -0.704863 0
    outer loop
      vertex -21.4239 1.03877 -1.4
      vertex -22.242 0.215469 -1.05
      vertex -22.242 0.215469 -1.4
    endloop
  endfacet
  facet normal 0 -1 0
    outer loop
      vertex -21.4239 1.03877 -1.4
      vertex -20.9806 1.03877 -1.05
      vertex -21.4239 1.03877 -1.05
    endloop
  endfacet
  facet normal 0 -1 -0
    outer loop
      vertex -20.9806 1.03877 -1.05
      vertex -21.4239 1.03877 -1.4
      vertex -20.9806 1.03877 -1.4
    endloop
  endfacet
  facet normal -0.703523 0.710673 0
    outer loop
      vertex -20.9806 1.03877 -1.4
      vertex -21.7563 0.270874 -1.05
      vertex -20.9806 1.03877 -1.05
    endloop
  endfacet
  facet normal -0.703523 0.710673 0
    outer loop
      vertex -21.7563 0.270874 -1.05
      vertex -20.9806 1.03877 -1.4
      vertex -21.7563 0.270874 -1.4
    endloop
  endfacet
  facet normal -0.780574 -0.625064 0
    outer loop
      vertex -20.9175 -0.776611 -1.4
      vertex -21.7563 0.270874 -1.05
      vertex -21.7563 0.270874 -1.4
    endloop
  endfacet
  facet normal -0.780574 -0.625064 0
    outer loop
      vertex -21.7563 0.270874 -1.05
      vertex -20.9175 -0.776611 -1.4
      vertex -20.9175 -0.776611 -1.05
    endloop
  endfacet
  facet normal 0 1 -0
    outer loop
      vertex -20.9175 -0.776611 -1.4
      vertex -21.3659 -0.776611 -1.05
      vertex -20.9175 -0.776611 -1.05
    endloop
  endfacet
  facet normal 0 1 0
    outer loop
      vertex -21.3659 -0.776611 -1.05
      vertex -20.9175 -0.776611 -1.4
      vertex -21.3659 -0.776611 -1.4
    endloop
  endfacet
  facet normal 0.787727 0.616024 0
    outer loop
      vertex -21.3659 -0.776611 -1.05
      vertex -22.0178 0.0569916 -1.4
      vertex -22.0178 0.0569916 -1.05
    endloop
  endfacet
  facet normal 0.787727 0.616024 0
    outer loop
      vertex -22.0178 0.0569916 -1.4
      vertex -21.3659 -0.776611 -1.05
      vertex -21.3659 -0.776611 -1.4
    endloop
  endfacet
  facet normal 0 1 -0
    outer loop
      vertex -20.0717 -0.406845 -1.4
      vertex -20.8976 -0.406845 -1.05
      vertex -20.0717 -0.406845 -1.05
    endloop
  endfacet
  facet normal 0 1 0
    outer loop
      vertex -20.8976 -0.406845 -1.05
      vertex -20.0717 -0.406845 -1.4
      vertex -20.8976 -0.406845 -1.4
    endloop
  endfacet
  facet normal 1 -0 0
    outer loop
      vertex -20.8976 -0.406845 -1.05
      vertex -20.8976 -0.134964 -1.4
      vertex -20.8976 -0.134964 -1.05
    endloop
  endfacet
  facet normal 1 0 0
    outer loop
      vertex -20.8976 -0.134964 -1.4
      vertex -20.8976 -0.406845 -1.05
      vertex -20.8976 -0.406845 -1.4
    endloop
  endfacet
  facet normal 0.837244 -0.546829 0
    outer loop
      vertex -20.8976 -0.134964 -1.05
      vertex -20.131 1.03877 -1.4
      vertex -20.131 1.03877 -1.05
    endloop
  endfacet
  facet normal 0.837244 -0.546829 0
    outer loop
      vertex -20.131 1.03877 -1.4
      vertex -20.8976 -0.134964 -1.05
      vertex -20.8976 -0.134964 -1.4
    endloop
  endfacet
  facet normal 0 -1 0
    outer loop
      vertex -20.131 1.03877 -1.4
      vertex -19.7264 1.03877 -1.05
      vertex -20.131 1.03877 -1.05
    endloop
  endfacet
  facet normal 0 -1 -0
    outer loop
      vertex -19.7264 1.03877 -1.05
      vertex -20.131 1.03877 -1.4
      vertex -19.7264 1.03877 -1.4
    endloop
  endfacet
  facet normal -1 0 0
    outer loop
      vertex -19.7264 -0.137558 -1.4
      vertex -19.7264 1.03877 -1.05
      vertex -19.7264 1.03877 -1.4
    endloop
  endfacet
  facet normal -1 -0 0
    outer loop
      vertex -19.7264 1.03877 -1.05
      vertex -19.7264 -0.137558 -1.4
      vertex -19.7264 -0.137558 -1.05
    endloop
  endfacet
  facet normal 0 -1 0
    outer loop
      vertex -19.7264 -0.137558 -1.4
      vertex -19.4842 -0.137558 -1.05
      vertex -19.7264 -0.137558 -1.05
    endloop
  endfacet
  facet normal 0 -1 -0
    outer loop
      vertex -19.4842 -0.137558 -1.05
      vertex -19.7264 -0.137558 -1.4
      vertex -19.4842 -0.137558 -1.4
    endloop
  endfacet
  facet normal -1 0 0
    outer loop
      vertex -19.4842 -0.406845 -1.4
      vertex -19.4842 -0.137558 -1.05
      vertex -19.4842 -0.137558 -1.4
    endloop
  endfacet
  facet normal -1 -0 0
    outer loop
      vertex -19.4842 -0.137558 -1.05
      vertex -19.4842 -0.406845 -1.4
      vertex -19.4842 -0.406845 -1.05
    endloop
  endfacet
  facet normal 0 1 -0
    outer loop
      vertex -19.4842 -0.406845 -1.4
      vertex -19.7264 -0.406845 -1.05
      vertex -19.4842 -0.406845 -1.05
    endloop
  endfacet
  facet normal 0 1 0
    outer loop
      vertex -19.7264 -0.406845 -1.05
      vertex -19.4842 -0.406845 -1.4
      vertex -19.7264 -0.406845 -1.4
    endloop
  endfacet
  facet normal -1 0 0
    outer loop
      vertex -19.7264 -0.776611 -1.4
      vertex -19.7264 -0.406845 -1.05
      vertex -19.7264 -0.406845 -1.4
    endloop
  endfacet
  facet normal -1 -0 0
    outer loop
      vertex -19.7264 -0.406845 -1.05
      vertex -19.7264 -0.776611 -1.4
      vertex -19.7264 -0.776611 -1.05
    endloop
  endfacet
  facet normal 0 1 -0
    outer loop
      vertex -19.7264 -0.776611 -1.4
      vertex -20.0717 -0.776611 -1.05
      vertex -19.7264 -0.776611 -1.05
    endloop
  endfacet
  facet normal 0 1 0
    outer loop
      vertex -20.0717 -0.776611 -1.05
      vertex -19.7264 -0.776611 -1.4
      vertex -20.0717 -0.776611 -1.4
    endloop
  endfacet
  facet normal 1 -0 0
    outer loop
      vertex -20.0717 -0.776611 -1.05
      vertex -20.0717 -0.406845 -1.4
      vertex -20.0717 -0.406845 -1.05
    endloop
  endfacet
  facet normal 1 0 0
    outer loop
      vertex -20.0717 -0.406845 -1.4
      vertex -20.0717 -0.776611 -1.05
      vertex -20.0717 -0.776611 -1.4
    endloop
  endfacet
  facet normal 1 -0 0
    outer loop
      vertex -20.0717 -0.137558 -1.05
      vertex -20.0717 0.456406 -1.4
      vertex -20.0717 0.456406 -1.05
    endloop
  endfacet
  facet normal 1 0 0
    outer loop
      vertex -20.0717 0.456406 -1.4
      vertex -20.0717 -0.137558 -1.05
      vertex -20.0717 -0.137558 -1.4
    endloop
  endfacet
  facet normal 0.999984 -0.0056326 0
    outer loop
      vertex -20.0717 0.456406 -1.05
      vertex -20.0715 0.491913 -1.4
      vertex -20.0715 0.491913 -1.05
    endloop
  endfacet
  facet normal 0.999984 -0.0056326 0
    outer loop
      vertex -20.0715 0.491913 -1.4
      vertex -20.0717 0.456406 -1.05
      vertex -20.0717 0.456406 -1.4
    endloop
  endfacet
  facet normal 0.999704 -0.0243454 0
    outer loop
      vertex -20.0715 0.491913 -1.05
      vertex -20.0706 0.52887 -1.4
      vertex -20.0706 0.52887 -1.05
    endloop
  endfacet
  facet normal 0.999704 -0.0243454 0
    outer loop
      vertex -20.0706 0.52887 -1.4
      vertex -20.0715 0.491913 -1.05
      vertex -20.0715 0.491913 -1.4
    endloop
  endfacet
  facet normal 0.999336 -0.0364284 0
    outer loop
      vertex -20.0706 0.52887 -1.05
      vertex -20.0692 0.567276 -1.4
      vertex -20.0692 0.567276 -1.05
    endloop
  endfacet
  facet normal 0.999336 -0.0364284 0
    outer loop
      vertex -20.0692 0.567276 -1.4
      vertex -20.0706 0.52887 -1.05
      vertex -20.0706 0.52887 -1.4
    endloop
  endfacet
  facet normal 0.998743 -0.0501176 0
    outer loop
      vertex -20.0692 0.567276 -1.05
      vertex -20.0672 0.607132 -1.4
      vertex -20.0672 0.607132 -1.05
    endloop
  endfacet
  facet normal 0.998743 -0.0501176 0
    outer loop
      vertex -20.0672 0.607132 -1.4
      vertex -20.0692 0.567276 -1.05
      vertex -20.0692 0.567276 -1.4
    endloop
  endfacet
  facet normal 0.998391 -0.0567083 0
    outer loop
      vertex -20.0672 0.607132 -1.05
      vertex -20.0651 0.644104 -1.4
      vertex -20.0651 0.644104 -1.05
    endloop
  endfacet
  facet normal 0.998391 -0.0567083 0
    outer loop
      vertex -20.0651 0.644104 -1.4
      vertex -20.0672 0.607132 -1.05
      vertex -20.0672 0.607132 -1.4
    endloop
  endfacet
  facet normal 0.997963 -0.0637912 0
    outer loop
      vertex -20.0651 0.644104 -1.05
      vertex -20.0632 0.673828 -1.4
      vertex -20.0632 0.673828 -1.05
    endloop
  endfacet
  facet normal 0.997963 -0.0637912 0
    outer loop
      vertex -20.0632 0.673828 -1.4
      vertex -20.0651 0.644104 -1.05
      vertex -20.0651 0.644104 -1.4
    endloop
  endfacet
  facet normal 0.997472 -0.0710545 0
    outer loop
      vertex -20.0632 0.673828 -1.05
      vertex -20.0616 0.696289 -1.4
      vertex -20.0616 0.696289 -1.05
    endloop
  endfacet
  facet normal 0.997472 -0.0710545 0
    outer loop
      vertex -20.0616 0.696289 -1.4
      vertex -20.0632 0.673828 -1.05
      vertex -20.0632 0.673828 -1.4
    endloop
  endfacet
  facet normal 0.995792 -0.0916393 0
    outer loop
      vertex -20.0616 0.696289 -1.05
      vertex -20.0602 0.711502 -1.4
      vertex -20.0602 0.711502 -1.05
    endloop
  endfacet
  facet normal 0.995792 -0.0916393 0
    outer loop
      vertex -20.0602 0.711502 -1.4
      vertex -20.0616 0.696289 -1.05
      vertex -20.0616 0.696289 -1.4
    endloop
  endfacet
  facet normal -0.893981 0.448105 0
    outer loop
      vertex -20.0803 0.671402 -1.4
      vertex -20.0602 0.711502 -1.05
      vertex -20.0602 0.711502 -1.4
    endloop
  endfacet
  facet normal -0.893981 0.448105 0
    outer loop
      vertex -20.0602 0.711502 -1.05
      vertex -20.0803 0.671402 -1.4
      vertex -20.0803 0.671402 -1.05
    endloop
  endfacet
  facet normal -0.872966 0.487782 0
    outer loop
      vertex -20.1072 0.62326 -1.4
      vertex -20.0803 0.671402 -1.05
      vertex -20.0803 0.671402 -1.4
    endloop
  endfacet
  facet normal -0.872966 0.487782 0
    outer loop
      vertex -20.0803 0.671402 -1.05
      vertex -20.1072 0.62326 -1.4
      vertex -20.1072 0.62326 -1.05
    endloop
  endfacet
  facet normal -0.858353 0.51306 0
    outer loop
      vertex -20.1408 0.567047 -1.4
      vertex -20.1072 0.62326 -1.05
      vertex -20.1072 0.62326 -1.4
    endloop
  endfacet
  facet normal -0.858353 0.51306 0
    outer loop
      vertex -20.1072 0.62326 -1.05
      vertex -20.1408 0.567047 -1.4
      vertex -20.1408 0.567047 -1.05
    endloop
  endfacet
  facet normal -0.84657 0.532277 0
    outer loop
      vertex -20.1812 0.502792 -1.4
      vertex -20.1408 0.567047 -1.05
      vertex -20.1408 0.567047 -1.4
    endloop
  endfacet
  facet normal -0.84657 0.532277 0
    outer loop
      vertex -20.1408 0.567047 -1.05
      vertex -20.1812 0.502792 -1.4
      vertex -20.1812 0.502792 -1.05
    endloop
  endfacet
  facet normal -0.835347 0.549723 0
    outer loop
      vertex -20.6026 -0.137558 -1.4
      vertex -20.1812 0.502792 -1.05
      vertex -20.1812 0.502792 -1.4
    endloop
  endfacet
  facet normal -0.835347 0.549723 0
    outer loop
      vertex -20.1812 0.502792 -1.05
      vertex -20.6026 -0.137558 -1.4
      vertex -20.6026 -0.137558 -1.05
    endloop
  endfacet
  facet normal 0 -1 0
    outer loop
      vertex -20.6026 -0.137558 -1.4
      vertex -20.0717 -0.137558 -1.05
      vertex -20.6026 -0.137558 -1.05
    endloop
  endfacet
  facet normal 0 -1 -0
    outer loop
      vertex -20.0717 -0.137558 -1.05
      vertex -20.6026 -0.137558 -1.4
      vertex -20.0717 -0.137558 -1.4
    endloop
  endfacet
  facet normal 0.995349 0.0963383 0
    outer loop
      vertex -5.95453 0.00544739 -1.05
      vertex -5.97008 0.166107 -1.4
      vertex -5.97008 0.166107 -1.05
    endloop
  endfacet
  facet normal 0.995349 0.0963383 0
    outer loop
      vertex -5.97008 0.166107 -1.4
      vertex -5.95453 0.00544739 -1.05
      vertex -5.95453 0.00544739 -1.4
    endloop
  endfacet
  facet normal 0.926454 0.376408 0
    outer loop
      vertex -5.97008 0.166107 -1.05
      vertex -6.0167 0.280853 -1.4
      vertex -6.0167 0.280853 -1.05
    endloop
  endfacet
  facet normal 0.926454 0.376408 0
    outer loop
      vertex -6.0167 0.280853 -1.4
      vertex -5.97008 0.166107 -1.05
      vertex -5.97008 0.166107 -1.4
    endloop
  endfacet
  facet normal 0.663139 0.748497 -0
    outer loop
      vertex -6.0167 0.280853 -1.4
      vertex -6.09441 0.349701 -1.05
      vertex -6.0167 0.280853 -1.05
    endloop
  endfacet
  facet normal 0.663139 0.748497 0
    outer loop
      vertex -6.09441 0.349701 -1.05
      vertex -6.0167 0.280853 -1.4
      vertex -6.09441 0.349701 -1.4
    endloop
  endfacet
  facet normal 0.206534 0.978439 -0
    outer loop
      vertex -6.09441 0.349701 -1.4
      vertex -6.2032 0.372665 -1.05
      vertex -6.09441 0.349701 -1.05
    endloop
  endfacet
  facet normal 0.206534 0.978439 0
    outer loop
      vertex -6.2032 0.372665 -1.05
      vertex -6.09441 0.349701 -1.4
      vertex -6.2032 0.372665 -1.4
    endloop
  endfacet
  facet normal -0.11202 0.993706 0
    outer loop
      vertex -6.2032 0.372665 -1.4
      vertex -6.26573 0.365616 -1.05
      vertex -6.2032 0.372665 -1.05
    endloop
  endfacet
  facet normal -0.11202 0.993706 0
    outer loop
      vertex -6.26573 0.365616 -1.05
      vertex -6.2032 0.372665 -1.4
      vertex -6.26573 0.365616 -1.4
    endloop
  endfacet
  facet normal -0.352368 0.935861 0
    outer loop
      vertex -6.26573 0.365616 -1.4
      vertex -6.3219 0.344467 -1.05
      vertex -6.26573 0.365616 -1.05
    endloop
  endfacet
  facet normal -0.352368 0.935861 0
    outer loop
      vertex -6.3219 0.344467 -1.05
      vertex -6.26573 0.365616 -1.4
      vertex -6.3219 0.344467 -1.4
    endloop
  endfacet
  facet normal -0.577471 0.816411 0
    outer loop
      vertex -6.3219 0.344467 -1.4
      vertex -6.37171 0.309235 -1.05
      vertex -6.3219 0.344467 -1.05
    endloop
  endfacet
  facet normal -0.577471 0.816411 0
    outer loop
      vertex -6.37171 0.309235 -1.05
      vertex -6.3219 0.344467 -1.4
      vertex -6.37171 0.309235 -1.4
    endloop
  endfacet
  facet normal -0.750404 0.66098 0
    outer loop
      vertex -6.41515 0.259918 -1.4
      vertex -6.37171 0.309235 -1.05
      vertex -6.37171 0.309235 -1.4
    endloop
  endfacet
  facet normal -0.750404 0.66098 0
    outer loop
      vertex -6.37171 0.309235 -1.05
      vertex -6.41515 0.259918 -1.4
      vertex -6.41515 0.259918 -1.05
    endloop
  endfacet
  facet normal -0.863669 0.50406 0
    outer loop
      vertex -6.45038 0.199554 -1.4
      vertex -6.41515 0.259918 -1.05
      vertex -6.41515 0.259918 -1.4
    endloop
  endfacet
  facet normal -0.863669 0.50406 0
    outer loop
      vertex -6.41515 0.259918 -1.05
      vertex -6.45038 0.199554 -1.4
      vertex -6.45038 0.199554 -1.05
    endloop
  endfacet
  facet normal -0.938379 0.345609 0
    outer loop
      vertex -6.47554 0.131241 -1.4
      vertex -6.45038 0.199554 -1.05
      vertex -6.45038 0.199554 -1.4
    endloop
  endfacet
  facet normal -0.938379 0.345609 0
    outer loop
      vertex -6.45038 0.199554 -1.05
      vertex -6.47554 0.131241 -1.4
      vertex -6.47554 0.131241 -1.05
    endloop
  endfacet
  facet normal -0.981003 0.193991 0
    outer loop
      vertex -6.49063 0.0549316 -1.4
      vertex -6.47554 0.131241 -1.05
      vertex -6.47554 0.131241 -1.4
    endloop
  endfacet
  facet normal -0.981003 0.193991 0
    outer loop
      vertex -6.47554 0.131241 -1.05
      vertex -6.49063 0.0549316 -1.4
      vertex -6.49063 0.0549316 -1.05
    endloop
  endfacet
  facet normal -0.998216 0.0597088 0
    outer loop
      vertex -6.49567 -0.0293274 -1.4
      vertex -6.49063 0.0549316 -1.05
      vertex -6.49063 0.0549316 -1.4
    endloop
  endfacet
  facet normal -0.998216 0.0597088 0
    outer loop
      vertex -6.49063 0.0549316 -1.05
      vertex -6.49567 -0.0293274 -1.4
      vertex -6.49567 -0.0293274 -1.05
    endloop
  endfacet
  facet normal -1 0 0
    outer loop
      vertex -6.49567 -0.776611 -1.4
      vertex -6.49567 -0.0293274 -1.05
      vertex -6.49567 -0.0293274 -1.4
    endloop
  endfacet
  facet normal -1 -0 0
    outer loop
      vertex -6.49567 -0.0293274 -1.05
      vertex -6.49567 -0.776611 -1.4
      vertex -6.49567 -0.776611 -1.05
    endloop
  endfacet
  facet normal 0 1 -0
    outer loop
      vertex -6.49567 -0.776611 -1.4
      vertex -6.85773 -0.776611 -1.05
      vertex -6.49567 -0.776611 -1.05
    endloop
  endfacet
  facet normal 0 1 0
    outer loop
      vertex -6.85773 -0.776611 -1.05
      vertex -6.49567 -0.776611 -1.4
      vertex -6.85773 -0.776611 -1.4
    endloop
  endfacet
  facet normal 1 -0 0
    outer loop
      vertex -6.85773 -0.776611 -1.05
      vertex -6.85773 0.305664 -1.4
      vertex -6.85773 0.305664 -1.05
    endloop
  endfacet
  facet normal 1 0 0
    outer loop
      vertex -6.85773 0.305664 -1.4
      vertex -6.85773 -0.776611 -1.05
      vertex -6.85773 -0.776611 -1.4
    endloop
  endfacet
  facet normal 0.999992 0.00392542 0
    outer loop
      vertex -6.85773 0.305664 -1.05
      vertex -6.85794 0.359161 -1.4
      vertex -6.85794 0.359161 -1.05
    endloop
  endfacet
  facet normal 0.999992 0.00392542 0
    outer loop
      vertex -6.85794 0.359161 -1.4
      vertex -6.85773 0.305664 -1.05
      vertex -6.85773 0.305664 -1.4
    endloop
  endfacet
  facet normal 0.999923 0.0123876 0
    outer loop
      vertex -6.85794 0.359161 -1.05
      vertex -6.85854 0.407593 -1.4
      vertex -6.85854 0.407593 -1.05
    endloop
  endfacet
  facet normal 0.999923 0.0123876 0
    outer loop
      vertex -6.85854 0.407593 -1.4
      vertex -6.85794 0.359161 -1.05
      vertex -6.85794 0.359161 -1.4
    endloop
  endfacet
  facet normal 0.999729 0.0232844 0
    outer loop
      vertex -6.85854 0.407593 -1.05
      vertex -6.85955 0.450958 -1.4
      vertex -6.85955 0.450958 -1.05
    endloop
  endfacet
  facet normal 0.999729 0.0232844 0
    outer loop
      vertex -6.85955 0.450958 -1.4
      vertex -6.85854 0.407593 -1.05
      vertex -6.85854 0.407593 -1.4
    endloop
  endfacet
  facet normal 0.999322 0.0368041 0
    outer loop
      vertex -6.85955 0.450958 -1.05
      vertex -6.86096 0.489243 -1.4
      vertex -6.86096 0.489243 -1.05
    endloop
  endfacet
  facet normal 0.999322 0.0368041 0
    outer loop
      vertex -6.86096 0.489243 -1.4
      vertex -6.85955 0.450958 -1.05
      vertex -6.85955 0.450958 -1.4
    endloop
  endfacet
  facet normal 0.99888 0.0473131 0
    outer loop
      vertex -6.86096 0.489243 -1.05
      vertex -6.86261 0.524078 -1.4
      vertex -6.86261 0.524078 -1.05
    endloop
  endfacet
  facet normal 0.99888 0.0473131 0
    outer loop
      vertex -6.86261 0.524078 -1.4
      vertex -6.86096 0.489243 -1.05
      vertex -6.86096 0.489243 -1.4
    endloop
  endfacet
  facet normal 0.998627 0.0523919 0
    outer loop
      vertex -6.86261 0.524078 -1.05
      vertex -6.86434 0.557053 -1.4
      vertex -6.86434 0.557053 -1.05
    endloop
  endfacet
  facet normal 0.998627 0.0523919 0
    outer loop
      vertex -6.86434 0.557053 -1.4
      vertex -6.86261 0.524078 -1.05
      vertex -6.86261 0.524078 -1.4
    endloop
  endfacet
  facet normal 0.998332 0.0577293 0
    outer loop
      vertex -6.86434 0.557053 -1.05
      vertex -6.86614 0.588181 -1.4
      vertex -6.86614 0.588181 -1.05
    endloop
  endfacet
  facet normal 0.998332 0.0577293 0
    outer loop
      vertex -6.86614 0.588181 -1.4
      vertex -6.86434 0.557053 -1.05
      vertex -6.86434 0.557053 -1.4
    endloop
  endfacet
  facet normal 0.997921 0.0644458 0
    outer loop
      vertex -6.86614 0.588181 -1.05
      vertex -6.86803 0.617447 -1.4
      vertex -6.86803 0.617447 -1.05
    endloop
  endfacet
  facet normal 0.997921 0.0644458 0
    outer loop
      vertex -6.86803 0.617447 -1.4
      vertex -6.86614 0.588181 -1.05
      vertex -6.86614 0.588181 -1.4
    endloop
  endfacet
  facet normal 0 -1 0
    outer loop
      vertex -6.86803 0.617447 -1.4
      vertex -6.52275 0.617447 -1.05
      vertex -6.86803 0.617447 -1.05
    endloop
  endfacet
  facet normal 0 -1 -0
    outer loop
      vertex -6.52275 0.617447 -1.05
      vertex -6.86803 0.617447 -1.4
      vertex -6.52275 0.617447 -1.4
    endloop
  endfacet
  facet normal -0.992754 -0.120167 0
    outer loop
      vertex -6.52065 0.600098 -1.4
      vertex -6.52275 0.617447 -1.05
      vertex -6.52275 0.617447 -1.4
    endloop
  endfacet
  facet normal -0.992754 -0.120167 0
    outer loop
      vertex -6.52275 0.617447 -1.05
      vertex -6.52065 0.600098 -1.4
      vertex -6.52065 0.600098 -1.05
    endloop
  endfacet
  facet normal -0.996139 -0.0877894 0
    outer loop
      vertex -6.51822 0.572525 -1.4
      vertex -6.52065 0.600098 -1.05
      vertex -6.52065 0.600098 -1.4
    endloop
  endfacet
  facet normal -0.996139 -0.0877894 0
    outer loop
      vertex -6.52065 0.600098 -1.05
      vertex -6.51822 0.572525 -1.4
      vertex -6.51822 0.572525 -1.05
    endloop
  endfacet
  facet normal -0.997404 -0.0720138 0
    outer loop
      vertex -6.51549 0.534714 -1.4
      vertex -6.51822 0.572525 -1.05
      vertex -6.51822 0.572525 -1.4
    endloop
  endfacet
  facet normal -0.997404 -0.0720138 0
    outer loop
      vertex -6.51822 0.572525 -1.05
      vertex -6.51549 0.534714 -1.4
      vertex -6.51549 0.534714 -1.05
    endloop
  endfacet
  facet normal -0.997964 -0.0637816 0
    outer loop
      vertex -6.51242 0.486679 -1.4
      vertex -6.51549 0.534714 -1.05
      vertex -6.51549 0.534714 -1.4
    endloop
  endfacet
  facet normal -0.997964 -0.0637816 0
    outer loop
      vertex -6.51549 0.534714 -1.05
      vertex -6.51242 0.486679 -1.4
      vertex -6.51242 0.486679 -1.05
    endloop
  endfacet
  facet normal -0.998371 -0.0570544 0
    outer loop
      vertex -6.50962 0.437683 -1.4
      vertex -6.51242 0.486679 -1.05
      vertex -6.51242 0.486679 -1.4
    endloop
  endfacet
  facet normal -0.998371 -0.0570544 0
    outer loop
      vertex -6.51242 0.486679 -1.05
      vertex -6.50962 0.437683 -1.4
      vertex -6.50962 0.437683 -1.05
    endloop
  endfacet
  facet normal -0.998771 -0.0495583 0
    outer loop
      vertex -6.5076 0.396973 -1.4
      vertex -6.50962 0.437683 -1.05
      vertex -6.50962 0.437683 -1.4
    endloop
  endfacet
  facet normal -0.998771 -0.0495583 0
    outer loop
      vertex -6.50962 0.437683 -1.05
      vertex -6.5076 0.396973 -1.4
      vertex -6.5076 0.396973 -1.05
    endloop
  endfacet
  facet normal -0.999315 -0.0370003 0
    outer loop
      vertex -6.5064 0.364563 -1.4
      vertex -6.5076 0.396973 -1.05
      vertex -6.5076 0.396973 -1.4
    endloop
  endfacet
  facet normal -0.999315 -0.0370003 0
    outer loop
      vertex -6.5076 0.396973 -1.05
      vertex -6.5064 0.364563 -1.4
      vertex -6.5064 0.364563 -1.05
    endloop
  endfacet
  facet normal -0.999848 -0.0174074 0
    outer loop
      vertex -6.50598 0.340439 -1.4
      vertex -6.5064 0.364563 -1.05
      vertex -6.5064 0.364563 -1.4
    endloop
  endfacet
  facet normal -0.999848 -0.0174074 0
    outer loop
      vertex -6.5064 0.364563 -1.05
      vertex -6.50598 0.340439 -1.4
      vertex -6.50598 0.340439 -1.05
    endloop
  endfacet
  facet normal 0 -1 0
    outer loop
      vertex -6.50598 0.340439 -1.4
      vertex -6.50084 0.340439 -1.05
      vertex -6.50598 0.340439 -1.05
    endloop
  endfacet
  facet normal 0 -1 -0
    outer loop
      vertex -6.50084 0.340439 -1.05
      vertex -6.50598 0.340439 -1.4
      vertex -6.50084 0.340439 -1.4
    endloop
  endfacet
  facet normal 0.885403 -0.464824 0
    outer loop
      vertex -6.50084 0.340439 -1.05
      vertex -6.46178 0.414841 -1.4
      vertex -6.46178 0.414841 -1.05
    endloop
  endfacet
  facet normal 0.885403 -0.464824 0
    outer loop
      vertex -6.46178 0.414841 -1.4
      vertex -6.50084 0.340439 -1.05
      vertex -6.50084 0.340439 -1.4
    endloop
  endfacet
  facet normal 0.823432 -0.567415 0
    outer loop
      vertex -6.46178 0.414841 -1.05
      vertex -6.41805 0.478302 -1.4
      vertex -6.41805 0.478302 -1.05
    endloop
  endfacet
  facet normal 0.823432 -0.567415 0
    outer loop
      vertex -6.41805 0.478302 -1.4
      vertex -6.46178 0.414841 -1.05
      vertex -6.46178 0.414841 -1.4
    endloop
  endfacet
  facet normal 0.735335 -0.677704 0
    outer loop
      vertex -6.41805 0.478302 -1.05
      vertex -6.36966 0.530807 -1.4
      vertex -6.36966 0.530807 -1.05
    endloop
  endfacet
  facet normal 0.735335 -0.677704 0
    outer loop
      vertex -6.36966 0.530807 -1.4
      vertex -6.41805 0.478302 -1.05
      vertex -6.41805 0.478302 -1.4
    endloop
  endfacet
  facet normal 0.616326 -0.787491 0
    outer loop
      vertex -6.36966 0.530807 -1.4
      vertex -6.31659 0.572342 -1.05
      vertex -6.36966 0.530807 -1.05
    endloop
  endfacet
  facet normal 0.616326 -0.787491 0
    outer loop
      vertex -6.31659 0.572342 -1.05
      vertex -6.36966 0.530807 -1.4
      vertex -6.31659 0.572342 -1.4
    endloop
  endfacet
  facet normal 0.477696 -0.878525 0
    outer loop
      vertex -6.31659 0.572342 -1.4
      vertex -6.25853 0.603912 -1.05
      vertex -6.31659 0.572342 -1.05
    endloop
  endfacet
  facet normal 0.477696 -0.878525 0
    outer loop
      vertex -6.25853 0.603912 -1.05
      vertex -6.31659 0.572342 -1.4
      vertex -6.25853 0.603912 -1.4
    endloop
  endfacet
  facet normal 0.335293 -0.942114 0
    outer loop
      vertex -6.25853 0.603912 -1.4
      vertex -6.19516 0.626465 -1.05
      vertex -6.25853 0.603912 -1.05
    endloop
  endfacet
  facet normal 0.335293 -0.942114 0
    outer loop
      vertex -6.19516 0.626465 -1.05
      vertex -6.25853 0.603912 -1.4
      vertex -6.19516 0.626465 -1.4
    endloop
  endfacet
  facet normal 0.193314 -0.981137 0
    outer loop
      vertex -6.19516 0.626465 -1.4
      vertex -6.12647 0.639999 -1.05
      vertex -6.19516 0.626465 -1.05
    endloop
  endfacet
  facet normal 0.193314 -0.981137 0
    outer loop
      vertex -6.12647 0.639999 -1.05
      vertex -6.19516 0.626465 -1.4
      vertex -6.12647 0.639999 -1.4
    endloop
  endfacet
  facet normal 0.0609189 -0.998143 0
    outer loop
      vertex -6.12647 0.639999 -1.4
      vertex -6.05246 0.644516 -1.05
      vertex -6.12647 0.639999 -1.05
    endloop
  endfacet
  facet normal 0.0609189 -0.998143 0
    outer loop
      vertex -6.05246 0.644516 -1.05
      vertex -6.12647 0.639999 -1.4
      vertex -6.05246 0.644516 -1.4
    endloop
  endfacet
  facet normal -0.0815992 -0.996665 0
    outer loop
      vertex -6.05246 0.644516 -1.4
      vertex -5.94809 0.635971 -1.05
      vertex -6.05246 0.644516 -1.05
    endloop
  endfacet
  facet normal -0.0815992 -0.996665 -0
    outer loop
      vertex -5.94809 0.635971 -1.05
      vertex -6.05246 0.644516 -1.4
      vertex -5.94809 0.635971 -1.4
    endloop
  endfacet
  facet normal -0.269556 -0.962985 0
    outer loop
      vertex -5.94809 0.635971 -1.4
      vertex -5.85662 0.610367 -1.05
      vertex -5.94809 0.635971 -1.05
    endloop
  endfacet
  facet normal -0.269556 -0.962985 -0
    outer loop
      vertex -5.85662 0.610367 -1.05
      vertex -5.94809 0.635971 -1.4
      vertex -5.85662 0.610367 -1.4
    endloop
  endfacet
  facet normal -0.477182 -0.878805 0
    outer loop
      vertex -5.85662 0.610367 -1.4
      vertex -5.77802 0.567688 -1.05
      vertex -5.85662 0.610367 -1.05
    endloop
  endfacet
  facet normal -0.477182 -0.878805 -0
    outer loop
      vertex -5.77802 0.567688 -1.05
      vertex -5.85662 0.610367 -1.4
      vertex -5.77802 0.567688 -1.4
    endloop
  endfacet
  facet normal -0.672775 -0.739847 0
    outer loop
      vertex -5.77802 0.567688 -1.4
      vertex -5.71231 0.507935 -1.05
      vertex -5.77802 0.567688 -1.05
    endloop
  endfacet
  facet normal -0.672775 -0.739847 -0
    outer loop
      vertex -5.71231 0.507935 -1.05
      vertex -5.77802 0.567688 -1.4
      vertex -5.71231 0.507935 -1.4
    endloop
  endfacet
  facet normal -0.826659 -0.562704 0
    outer loop
      vertex -5.66046 0.431763 -1.4
      vertex -5.71231 0.507935 -1.05
      vertex -5.71231 0.507935 -1.4
    endloop
  endfacet
  facet normal -0.826659 -0.562704 0
    outer loop
      vertex -5.71231 0.507935 -1.05
      vertex -5.66046 0.431763 -1.4
      vertex -5.66046 0.431763 -1.05
    endloop
  endfacet
  facet normal -0.927591 -0.373598 0
    outer loop
      vertex -5.62342 0.339798 -1.4
      vertex -5.66046 0.431763 -1.05
      vertex -5.66046 0.431763 -1.4
    endloop
  endfacet
  facet normal -0.927591 -0.373598 0
    outer loop
      vertex -5.66046 0.431763 -1.05
      vertex -5.62342 0.339798 -1.4
      vertex -5.62342 0.339798 -1.05
    endloop
  endfacet
  facet normal -0.979353 -0.202157 0
    outer loop
      vertex -5.60118 0.232056 -1.4
      vertex -5.62342 0.339798 -1.05
      vertex -5.62342 0.339798 -1.4
    endloop
  endfacet
  facet normal -0.979353 -0.202157 0
    outer loop
      vertex -5.62342 0.339798 -1.05
      vertex -5.60118 0.232056 -1.4
      vertex -5.60118 0.232056 -1.05
    endloop
  endfacet
  facet normal -0.998211 -0.0597949 0
    outer loop
      vertex -5.59378 0.108521 -1.4
      vertex -5.60118 0.232056 -1.05
      vertex -5.60118 0.232056 -1.4
    endloop
  endfacet
  facet normal -0.998211 -0.0597949 0
    outer loop
      vertex -5.60118 0.232056 -1.05
      vertex -5.59378 0.108521 -1.4
      vertex -5.59378 0.108521 -1.05
    endloop
  endfacet
  facet normal -1 0 0
    outer loop
      vertex -5.59378 -0.776611 -1.4
      vertex -5.59378 0.108521 -1.05
      vertex -5.59378 0.108521 -1.4
    endloop
  endfacet
  facet normal -1 -0 0
    outer loop
      vertex -5.59378 0.108521 -1.05
      vertex -5.59378 -0.776611 -1.4
      vertex -5.59378 -0.776611 -1.05
    endloop
  endfacet
  facet normal 0 1 -0
    outer loop
      vertex -5.59378 -0.776611 -1.4
      vertex -5.95453 -0.776611 -1.05
      vertex -5.59378 -0.776611 -1.05
    endloop
  endfacet
  facet normal 0 1 0
    outer loop
      vertex -5.95453 -0.776611 -1.05
      vertex -5.59378 -0.776611 -1.4
      vertex -5.95453 -0.776611 -1.4
    endloop
  endfacet
  facet normal 1 -0 0
    outer loop
      vertex -5.95453 -0.776611 -1.05
      vertex -5.95453 0.00544739 -1.4
      vertex -5.95453 0.00544739 -1.05
    endloop
  endfacet
  facet normal 1 0 0
    outer loop
      vertex -5.95453 0.00544739 -1.4
      vertex -5.95453 -0.776611 -1.05
      vertex -5.95453 -0.776611 -1.4
    endloop
  endfacet
  facet normal 0.999993 0.00363885 0
    outer loop
      vertex -7.86061 0.290192 -1.05
      vertex -7.86081 0.345154 -1.4
      vertex -7.86081 0.345154 -1.05
    endloop
  endfacet
  facet normal 0.999993 0.00363885 0
    outer loop
      vertex -7.86081 0.345154 -1.4
      vertex -7.86061 0.290192 -1.05
      vertex -7.86061 0.290192 -1.4
    endloop
  endfacet
  facet normal 0.999926 0.0121466 0
    outer loop
      vertex -7.86081 0.345154 -1.05
      vertex -7.86142 0.39537 -1.4
      vertex -7.86142 0.39537 -1.05
    endloop
  endfacet
  facet normal 0.999926 0.0121466 0
    outer loop
      vertex -7.86142 0.39537 -1.4
      vertex -7.86081 0.345154 -1.05
      vertex -7.86081 0.345154 -1.4
    endloop
  endfacet
  facet normal 0.999753 0.0222138 0
    outer loop
      vertex -7.86142 0.39537 -1.05
      vertex -7.86243 0.440826 -1.4
      vertex -7.86243 0.440826 -1.05
    endloop
  endfacet
  facet normal 0.999753 0.0222138 0
    outer loop
      vertex -7.86243 0.440826 -1.4
      vertex -7.86142 0.39537 -1.05
      vertex -7.86142 0.39537 -1.4
    endloop
  endfacet
  facet normal 0.999392 0.0348716 0
    outer loop
      vertex -7.86243 0.440826 -1.05
      vertex -7.86385 0.481522 -1.4
      vertex -7.86385 0.481522 -1.05
    endloop
  endfacet
  facet normal 0.999392 0.0348716 0
    outer loop
      vertex -7.86385 0.481522 -1.4
      vertex -7.86243 0.440826 -1.05
      vertex -7.86243 0.440826 -1.4
    endloop
  endfacet
  facet normal 0.99902 0.0442567 0
    outer loop
      vertex -7.86385 0.481522 -1.05
      vertex -7.8655 0.518768 -1.4
      vertex -7.8655 0.518768 -1.05
    endloop
  endfacet
  facet normal 0.99902 0.0442567 0
    outer loop
      vertex -7.8655 0.518768 -1.4
      vertex -7.86385 0.481522 -1.05
      vertex -7.86385 0.481522 -1.4
    endloop
  endfacet
  facet normal 0.9988 0.048972 0
    outer loop
      vertex -7.8655 0.518768 -1.05
      vertex -7.86722 0.553848 -1.4
      vertex -7.86722 0.553848 -1.05
    endloop
  endfacet
  facet normal 0.9988 0.048972 0
    outer loop
      vertex -7.86722 0.553848 -1.4
      vertex -7.8655 0.518768 -1.05
      vertex -7.8655 0.518768 -1.4
    endloop
  endfacet
  facet normal 0.998505 0.0546577 0
    outer loop
      vertex -7.86722 0.553848 -1.05
      vertex -7.86902 0.586731 -1.4
      vertex -7.86902 0.586731 -1.05
    endloop
  endfacet
  facet normal 0.998505 0.0546577 0
    outer loop
      vertex -7.86902 0.586731 -1.4
      vertex -7.86722 0.553848 -1.05
      vertex -7.86722 0.553848 -1.4
    endloop
  endfacet
  facet normal 0.998112 0.0614153 0
    outer loop
      vertex -7.86902 0.586731 -1.05
      vertex -7.87091 0.617447 -1.4
      vertex -7.87091 0.617447 -1.05
    endloop
  endfacet
  facet normal 0.998112 0.0614153 0
    outer loop
      vertex -7.87091 0.617447 -1.4
      vertex -7.86902 0.586731 -1.05
      vertex -7.86902 0.586731 -1.4
    endloop
  endfacet
  facet normal 0 -1 0
    outer loop
      vertex -7.87091 0.617447 -1.4
      vertex -7.52562 0.617447 -1.05
      vertex -7.87091 0.617447 -1.05
    endloop
  endfacet
  facet normal 0 -1 -0
    outer loop
      vertex -7.52562 0.617447 -1.05
      vertex -7.87091 0.617447 -1.4
      vertex -7.52562 0.617447 -1.4
    endloop
  endfacet
  facet normal -0.992945 -0.118572 0
    outer loop
      vertex -7.52353 0.599945 -1.4
      vertex -7.52562 0.617447 -1.05
      vertex -7.52562 0.617447 -1.4
    endloop
  endfacet
  facet normal -0.992945 -0.118572 0
    outer loop
      vertex -7.52562 0.617447 -1.05
      vertex -7.52353 0.599945 -1.4
      vertex -7.52353 0.599945 -1.05
    endloop
  endfacet
  facet normal -0.996616 -0.0821938 0
    outer loop
      vertex -7.52111 0.570602 -1.4
      vertex -7.52353 0.599945 -1.05
      vertex -7.52353 0.599945 -1.4
    endloop
  endfacet
  facet normal -0.996616 -0.0821938 0
    outer loop
      vertex -7.52353 0.599945 -1.05
      vertex -7.52111 0.570602 -1.4
      vertex -7.52111 0.570602 -1.05
    endloop
  endfacet
  facet normal -0.997796 -0.0663615 0
    outer loop
      vertex -7.51837 0.529404 -1.4
      vertex -7.52111 0.570602 -1.05
      vertex -7.52111 0.570602 -1.4
    endloop
  endfacet
  facet normal -0.997796 -0.0663615 0
    outer loop
      vertex -7.52111 0.570602 -1.05
      vertex -7.51837 0.529404 -1.4
      vertex -7.51837 0.529404 -1.05
    endloop
  endfacet
  facet normal -0.998339 -0.0576128 0
    outer loop
      vertex -7.51531 0.476379 -1.4
      vertex -7.51837 0.529404 -1.05
      vertex -7.51837 0.529404 -1.4
    endloop
  endfacet
  facet normal -0.998339 -0.0576128 0
    outer loop
      vertex -7.51837 0.529404 -1.05
      vertex -7.51531 0.476379 -1.4
      vertex -7.51531 0.476379 -1.05
    endloop
  endfacet
  facet normal -0.99863 -0.0523356 0
    outer loop
      vertex -7.51248 0.422379 -1.4
      vertex -7.51531 0.476379 -1.05
      vertex -7.51531 0.476379 -1.4
    endloop
  endfacet
  facet normal -0.99863 -0.0523356 0
    outer loop
      vertex -7.51531 0.476379 -1.05
      vertex -7.51248 0.422379 -1.4
      vertex -7.51248 0.422379 -1.05
    endloop
  endfacet
  facet normal -0.998983 -0.0450962 0
    outer loop
      vertex -7.51049 0.378296 -1.4
      vertex -7.51248 0.422379 -1.05
      vertex -7.51248 0.422379 -1.4
    endloop
  endfacet
  facet normal -0.998983 -0.0450962 0
    outer loop
      vertex -7.51248 0.422379 -1.05
      vertex -7.51049 0.378296 -1.4
      vertex -7.51049 0.378296 -1.05
    endloop
  endfacet
  facet normal -0.999354 -0.0359469 0
    outer loop
      vertex -7.50926 0.344101 -1.4
      vertex -7.51049 0.378296 -1.05
      vertex -7.51049 0.378296 -1.4
    endloop
  endfacet
  facet normal -0.999354 -0.0359469 0
    outer loop
      vertex -7.51049 0.378296 -1.05
      vertex -7.50926 0.344101 -1.4
      vertex -7.50926 0.344101 -1.05
    endloop
  endfacet
  facet normal -0.999871 -0.0160625 0
    outer loop
      vertex -7.50887 0.319824 -1.4
      vertex -7.50926 0.344101 -1.05
      vertex -7.50926 0.344101 -1.4
    endloop
  endfacet
  facet normal -0.999871 -0.0160625 0
    outer loop
      vertex -7.50926 0.344101 -1.05
      vertex -7.50887 0.319824 -1.4
      vertex -7.50887 0.319824 -1.05
    endloop
  endfacet
  facet normal 0 -1 0
    outer loop
      vertex -7.50887 0.319824 -1.4
      vertex -7.50373 0.319824 -1.05
      vertex -7.50887 0.319824 -1.05
    endloop
  endfacet
  facet normal 0 -1 -0
    outer loop
      vertex -7.50373 0.319824 -1.05
      vertex -7.50887 0.319824 -1.4
      vertex -7.50373 0.319824 -1.4
    endloop
  endfacet
  facet normal 0.935437 -0.353493 0
    outer loop
      vertex -7.50373 0.319824 -1.05
      vertex -7.47803 0.387833 -1.4
      vertex -7.47803 0.387833 -1.05
    endloop
  endfacet
  facet normal 0.935437 -0.353493 0
    outer loop
      vertex -7.47803 0.387833 -1.4
      vertex -7.50373 0.319824 -1.05
      vertex -7.50373 0.319824 -1.4
    endloop
  endfacet
  facet normal 0.920504 -0.390734 0
    outer loop
      vertex -7.47803 0.387833 -1.05
      vertex -7.45378 0.444962 -1.4
      vertex -7.45378 0.444962 -1.05
    endloop
  endfacet
  facet normal 0.920504 -0.390734 0
    outer loop
      vertex -7.45378 0.444962 -1.4
      vertex -7.47803 0.387833 -1.05
      vertex -7.47803 0.387833 -1.4
    endloop
  endfacet
  facet normal 0.897064 -0.441901 0
    outer loop
      vertex -7.45378 0.444962 -1.05
      vertex -7.43099 0.491226 -1.4
      vertex -7.43099 0.491226 -1.05
    endloop
  endfacet
  facet normal 0.897064 -0.441901 0
    outer loop
      vertex -7.43099 0.491226 -1.4
      vertex -7.45378 0.444962 -1.05
      vertex -7.45378 0.444962 -1.4
    endloop
  endfacet
  facet normal 0.856434 -0.516257 0
    outer loop
      vertex -7.43099 0.491226 -1.05
      vertex -7.40966 0.526611 -1.4
      vertex -7.40966 0.526611 -1.05
    endloop
  endfacet
  facet normal 0.856434 -0.516257 0
    outer loop
      vertex -7.40966 0.526611 -1.4
      vertex -7.43099 0.491226 -1.05
      vertex -7.43099 0.491226 -1.4
    endloop
  endfacet
  facet normal 0.792109 -0.61038 0
    outer loop
      vertex -7.40966 0.526611 -1.05
      vertex -7.38806 0.554642 -1.4
      vertex -7.38806 0.554642 -1.05
    endloop
  endfacet
  facet normal 0.792109 -0.61038 0
    outer loop
      vertex -7.38806 0.554642 -1.4
      vertex -7.40966 0.526611 -1.05
      vertex -7.40966 0.526611 -1.4
    endloop
  endfacet
  facet normal 0.716892 -0.697184 0
    outer loop
      vertex -7.38806 0.554642 -1.05
      vertex -7.36457 0.578796 -1.4
      vertex -7.36457 0.578796 -1.05
    endloop
  endfacet
  facet normal 0.716892 -0.697184 0
    outer loop
      vertex -7.36457 0.578796 -1.4
      vertex -7.38806 0.554642 -1.05
      vertex -7.38806 0.554642 -1.4
    endloop
  endfacet
  facet normal 0.623327 -0.781961 0
    outer loop
      vertex -7.36457 0.578796 -1.4
      vertex -7.33911 0.599091 -1.05
      vertex -7.36457 0.578796 -1.05
    endloop
  endfacet
  facet normal 0.623327 -0.781961 0
    outer loop
      vertex -7.33911 0.599091 -1.05
      vertex -7.36457 0.578796 -1.4
      vertex -7.33911 0.599091 -1.4
    endloop
  endfacet
  facet normal 0.514404 -0.857548 0
    outer loop
      vertex -7.33911 0.599091 -1.4
      vertex -7.31174 0.615509 -1.05
      vertex -7.33911 0.599091 -1.05
    endloop
  endfacet
  facet normal 0.514404 -0.857548 0
    outer loop
      vertex -7.31174 0.615509 -1.05
      vertex -7.33911 0.599091 -1.4
      vertex -7.31174 0.615509 -1.4
    endloop
  endfacet
  facet normal 0.388392 -0.921494 0
    outer loop
      vertex -7.31174 0.615509 -1.4
      vertex -7.28162 0.628204 -1.05
      vertex -7.31174 0.615509 -1.05
    endloop
  endfacet
  facet normal 0.388392 -0.921494 0
    outer loop
      vertex -7.28162 0.628204 -1.05
      vertex -7.31174 0.615509 -1.4
      vertex -7.28162 0.628204 -1.4
    endloop
  endfacet
  facet normal 0.260019 -0.965604 0
    outer loop
      vertex -7.28162 0.628204 -1.4
      vertex -7.24796 0.637268 -1.05
      vertex -7.28162 0.628204 -1.05
    endloop
  endfacet
  facet normal 0.260019 -0.965604 0
    outer loop
      vertex -7.24796 0.637268 -1.05
      vertex -7.28162 0.628204 -1.4
      vertex -7.24796 0.637268 -1.4
    endloop
  endfacet
  facet normal 0.144489 -0.989506 0
    outer loop
      vertex -7.24796 0.637268 -1.4
      vertex -7.21076 0.6427 -1.05
      vertex -7.24796 0.637268 -1.05
    endloop
  endfacet
  facet normal 0.144489 -0.989506 0
    outer loop
      vertex -7.21076 0.6427 -1.05
      vertex -7.24796 0.637268 -1.4
      vertex -7.21076 0.6427 -1.4
    endloop
  endfacet
  facet normal 0.0445093 -0.999009 0
    outer loop
      vertex -7.21076 0.6427 -1.4
      vertex -7.17 0.644516 -1.05
      vertex -7.21076 0.6427 -1.05
    endloop
  endfacet
  facet normal 0.0445093 -0.999009 0
    outer loop
      vertex -7.17 0.644516 -1.05
      vertex -7.21076 0.6427 -1.4
      vertex -7.17 0.644516 -1.4
    endloop
  endfacet
  facet normal -0.0368631 -0.99932 0
    outer loop
      vertex -7.17 0.644516 -1.4
      vertex -7.1369 0.643295 -1.05
      vertex -7.17 0.644516 -1.05
    endloop
  endfacet
  facet normal -0.0368631 -0.99932 -0
    outer loop
      vertex -7.1369 0.643295 -1.05
      vertex -7.17 0.644516 -1.4
      vertex -7.1369 0.643295 -1.4
    endloop
  endfacet
  facet normal -0.120858 -0.99267 0
    outer loop
      vertex -7.1369 0.643295 -1.4
      vertex -7.1072 0.639679 -1.05
      vertex -7.1369 0.643295 -1.05
    endloop
  endfacet
  facet normal -0.120858 -0.99267 -0
    outer loop
      vertex -7.1072 0.639679 -1.05
      vertex -7.1369 0.643295 -1.4
      vertex -7.1072 0.639679 -1.4
    endloop
  endfacet
  facet normal -0.223613 -0.974678 0
    outer loop
      vertex -7.1072 0.639679 -1.4
      vertex -7.08086 0.633636 -1.05
      vertex -7.1072 0.639679 -1.05
    endloop
  endfacet
  facet normal -0.223613 -0.974678 -0
    outer loop
      vertex -7.08086 0.633636 -1.05
      vertex -7.1072 0.639679 -1.4
      vertex -7.08086 0.633636 -1.4
    endloop
  endfacet
  facet normal -0.345889 -0.938275 0
    outer loop
      vertex -7.08086 0.633636 -1.4
      vertex -7.05793 0.625183 -1.05
      vertex -7.08086 0.633636 -1.05
    endloop
  endfacet
  facet normal -0.345889 -0.938275 -0
    outer loop
      vertex -7.05793 0.625183 -1.05
      vertex -7.08086 0.633636 -1.4
      vertex -7.05793 0.625183 -1.4
    endloop
  endfacet
  facet normal -1 0 0
    outer loop
      vertex -7.05793 0.322403 -1.4
      vertex -7.05793 0.625183 -1.05
      vertex -7.05793 0.625183 -1.4
    endloop
  endfacet
  facet normal -1 -0 0
    outer loop
      vertex -7.05793 0.625183 -1.05
      vertex -7.05793 0.322403 -1.4
      vertex -7.05793 0.322403 -1.05
    endloop
  endfacet
  facet normal 0.195029 0.980797 -0
    outer loop
      vertex -7.05793 0.322403 -1.4
      vertex -7.10044 0.330856 -1.05
      vertex -7.05793 0.322403 -1.05
    endloop
  endfacet
  facet normal 0.195029 0.980797 0
    outer loop
      vertex -7.10044 0.330856 -1.05
      vertex -7.05793 0.322403 -1.4
      vertex -7.10044 0.330856 -1.4
    endloop
  endfacet
  facet normal 0.149599 0.988747 -0
    outer loop
      vertex -7.10044 0.330856 -1.4
      vertex -7.14038 0.336899 -1.05
      vertex -7.10044 0.330856 -1.05
    endloop
  endfacet
  facet normal 0.149599 0.988747 0
    outer loop
      vertex -7.14038 0.336899 -1.05
      vertex -7.10044 0.330856 -1.4
      vertex -7.14038 0.336899 -1.4
    endloop
  endfacet
  facet normal 0.0963378 0.995349 -0
    outer loop
      vertex -7.14038 0.336899 -1.4
      vertex -7.17774 0.340515 -1.05
      vertex -7.14038 0.336899 -1.05
    endloop
  endfacet
  facet normal 0.0963378 0.995349 0
    outer loop
      vertex -7.17774 0.340515 -1.05
      vertex -7.14038 0.336899 -1.4
      vertex -7.17774 0.340515 -1.4
    endloop
  endfacet
  facet normal 0.0346443 0.9994 -0
    outer loop
      vertex -7.17774 0.340515 -1.4
      vertex -7.21253 0.341721 -1.05
      vertex -7.17774 0.340515 -1.05
    endloop
  endfacet
  facet normal 0.0346443 0.9994 0
    outer loop
      vertex -7.21253 0.341721 -1.05
      vertex -7.17774 0.340515 -1.4
      vertex -7.21253 0.341721 -1.4
    endloop
  endfacet
  facet normal -0.106389 0.994325 0
    outer loop
      vertex -7.21253 0.341721 -1.4
      vertex -7.27642 0.334885 -1.05
      vertex -7.21253 0.341721 -1.05
    endloop
  endfacet
  facet normal -0.106389 0.994325 0
    outer loop
      vertex -7.27642 0.334885 -1.05
      vertex -7.21253 0.341721 -1.4
      vertex -7.27642 0.334885 -1.4
    endloop
  endfacet
  facet normal -0.34213 0.939653 0
    outer loop
      vertex -7.27642 0.334885 -1.4
      vertex -7.33283 0.314346 -1.05
      vertex -7.27642 0.334885 -1.05
    endloop
  endfacet
  facet normal -0.34213 0.939653 0
    outer loop
      vertex -7.33283 0.314346 -1.05
      vertex -7.27642 0.334885 -1.4
      vertex -7.33283 0.314346 -1.4
    endloop
  endfacet
  facet normal -0.573249 0.819381 0
    outer loop
      vertex -7.33283 0.314346 -1.4
      vertex -7.38175 0.280121 -1.05
      vertex -7.33283 0.314346 -1.05
    endloop
  endfacet
  facet normal -0.573249 0.819381 0
    outer loop
      vertex -7.38175 0.280121 -1.05
      vertex -7.33283 0.314346 -1.4
      vertex -7.38175 0.280121 -1.4
    endloop
  endfacet
  facet normal -0.756506 0.653987 0
    outer loop
      vertex -7.42317 0.232208 -1.4
      vertex -7.38175 0.280121 -1.05
      vertex -7.38175 0.280121 -1.4
    endloop
  endfacet
  facet normal -0.756506 0.653987 0
    outer loop
      vertex -7.38175 0.280121 -1.05
      vertex -7.42317 0.232208 -1.4
      vertex -7.42317 0.232208 -1.05
    endloop
  endfacet
  facet normal -0.880814 0.473462 0
    outer loop
      vertex -7.45615 0.170853 -1.4
      vertex -7.42317 0.232208 -1.05
      vertex -7.42317 0.232208 -1.4
    endloop
  endfacet
  facet normal -0.880814 0.473462 0
    outer loop
      vertex -7.42317 0.232208 -1.05
      vertex -7.45615 0.170853 -1.4
      vertex -7.45615 0.170853 -1.05
    endloop
  endfacet
  facet normal -0.95354 0.301266 0
    outer loop
      vertex -7.47971 0.096283 -1.4
      vertex -7.45615 0.170853 -1.05
      vertex -7.45615 0.170853 -1.4
    endloop
  endfacet
  facet normal -0.95354 0.301266 0
    outer loop
      vertex -7.45615 0.170853 -1.05
      vertex -7.47971 0.096283 -1.4
      vertex -7.47971 0.096283 -1.05
    endloop
  endfacet
  facet normal -0.987292 0.158918 0
    outer loop
      vertex -7.49384 0.00849915 -1.4
      vertex -7.47971 0.096283 -1.05
      vertex -7.47971 0.096283 -1.4
    endloop
  endfacet
  facet normal -0.987292 0.158918 0
    outer loop
      vertex -7.47971 0.096283 -1.05
      vertex -7.49384 0.00849915 -1.4
      vertex -7.49384 0.00849915 -1.05
    endloop
  endfacet
  facet normal -0.998914 0.046598 0
    outer loop
      vertex -7.49855 -0.0924683 -1.4
      vertex -7.49384 0.00849915 -1.05
      vertex -7.49384 0.00849915 -1.4
    endloop
  endfacet
  facet normal -0.998914 0.046598 0
    outer loop
      vertex -7.49384 0.00849915 -1.05
      vertex -7.49855 -0.0924683 -1.4
      vertex -7.49855 -0.0924683 -1.05
    endloop
  endfacet
  facet normal -1 0 0
    outer loop
      vertex -7.49855 -0.776611 -1.4
      vertex -7.49855 -0.0924683 -1.05
      vertex -7.49855 -0.0924683 -1.4
    endloop
  endfacet
  facet normal -1 -0 0
    outer loop
      vertex -7.49855 -0.0924683 -1.05
      vertex -7.49855 -0.776611 -1.4
      vertex -7.49855 -0.776611 -1.05
    endloop
  endfacet
  facet normal 0 1 -0
    outer loop
      vertex -7.49855 -0.776611 -1.4
      vertex -7.86061 -0.776611 -1.05
      vertex -7.49855 -0.776611 -1.05
    endloop
  endfacet
  facet normal 0 1 0
    outer loop
      vertex -7.86061 -0.776611 -1.05
      vertex -7.49855 -0.776611 -1.4
      vertex -7.86061 -0.776611 -1.4
    endloop
  endfacet
  facet normal 1 -0 0
    outer loop
      vertex -7.86061 -0.776611 -1.05
      vertex -7.86061 0.290192 -1.4
      vertex -7.86061 0.290192 -1.05
    endloop
  endfacet
  facet normal 1 0 0
    outer loop
      vertex -7.86061 0.290192 -1.4
      vertex -7.86061 -0.776611 -1.05
      vertex -7.86061 -0.776611 -1.4
    endloop
  endfacet
  facet normal 0.999993 0.00363885 0
    outer loop
      vertex -3.85036 0.290192 -1.05
      vertex -3.85056 0.345154 -1.4
      vertex -3.85056 0.345154 -1.05
    endloop
  endfacet
  facet normal 0.999993 0.00363885 0
    outer loop
      vertex -3.85056 0.345154 -1.4
      vertex -3.85036 0.290192 -1.05
      vertex -3.85036 0.290192 -1.4
    endloop
  endfacet
  facet normal 0.999926 0.0121466 0
    outer loop
      vertex -3.85056 0.345154 -1.05
      vertex -3.85117 0.39537 -1.4
      vertex -3.85117 0.39537 -1.05
    endloop
  endfacet
  facet normal 0.999926 0.0121466 0
    outer loop
      vertex -3.85117 0.39537 -1.4
      vertex -3.85056 0.345154 -1.05
      vertex -3.85056 0.345154 -1.4
    endloop
  endfacet
  facet normal 0.999753 0.0222138 0
    outer loop
      vertex -3.85117 0.39537 -1.05
      vertex -3.85218 0.440826 -1.4
      vertex -3.85218 0.440826 -1.05
    endloop
  endfacet
  facet normal 0.999753 0.0222138 0
    outer loop
      vertex -3.85218 0.440826 -1.4
      vertex -3.85117 0.39537 -1.05
      vertex -3.85117 0.39537 -1.4
    endloop
  endfacet
  facet normal 0.999409 0.0343811 0
    outer loop
      vertex -3.85218 0.440826 -1.05
      vertex -3.85358 0.481522 -1.4
      vertex -3.85358 0.481522 -1.05
    endloop
  endfacet
  facet normal 0.999409 0.0343811 0
    outer loop
      vertex -3.85358 0.481522 -1.4
      vertex -3.85218 0.440826 -1.05
      vertex -3.85218 0.440826 -1.4
    endloop
  endfacet
  facet normal 0.99902 0.0442567 0
    outer loop
      vertex -3.85358 0.481522 -1.05
      vertex -3.85523 0.518768 -1.4
      vertex -3.85523 0.518768 -1.05
    endloop
  endfacet
  facet normal 0.99902 0.0442567 0
    outer loop
      vertex -3.85523 0.518768 -1.4
      vertex -3.85358 0.481522 -1.05
      vertex -3.85358 0.481522 -1.4
    endloop
  endfacet
  facet normal 0.9988 0.048972 0
    outer loop
      vertex -3.85523 0.518768 -1.05
      vertex -3.85695 0.553848 -1.4
      vertex -3.85695 0.553848 -1.05
    endloop
  endfacet
  facet normal 0.9988 0.048972 0
    outer loop
      vertex -3.85695 0.553848 -1.4
      vertex -3.85523 0.518768 -1.05
      vertex -3.85523 0.518768 -1.4
    endloop
  endfacet
  facet normal 0.998472 0.0552632 0
    outer loop
      vertex -3.85695 0.553848 -1.05
      vertex -3.85877 0.586731 -1.4
      vertex -3.85877 0.586731 -1.05
    endloop
  endfacet
  facet normal 0.998472 0.0552632 0
    outer loop
      vertex -3.85877 0.586731 -1.4
      vertex -3.85695 0.553848 -1.05
      vertex -3.85695 0.553848 -1.4
    endloop
  endfacet
  facet normal 0.998112 0.0614153 0
    outer loop
      vertex -3.85877 0.586731 -1.05
      vertex -3.86066 0.617447 -1.4
      vertex -3.86066 0.617447 -1.05
    endloop
  endfacet
  facet normal 0.998112 0.0614153 0
    outer loop
      vertex -3.86066 0.617447 -1.4
      vertex -3.85877 0.586731 -1.05
      vertex -3.85877 0.586731 -1.4
    endloop
  endfacet
  facet normal 0 -1 0
    outer loop
      vertex -3.86066 0.617447 -1.4
      vertex -3.51537 0.617447 -1.05
      vertex -3.86066 0.617447 -1.05
    endloop
  endfacet
  facet normal 0 -1 -0
    outer loop
      vertex -3.51537 0.617447 -1.05
      vertex -3.86066 0.617447 -1.4
      vertex -3.51537 0.617447 -1.4
    endloop
  endfacet
  facet normal -0.992811 -0.119691 0
    outer loop
      vertex -3.51326 0.599945 -1.4
      vertex -3.51537 0.617447 -1.05
      vertex -3.51537 0.617447 -1.4
    endloop
  endfacet
  facet normal -0.992811 -0.119691 0
    outer loop
      vertex -3.51537 0.617447 -1.05
      vertex -3.51326 0.599945 -1.4
      vertex -3.51326 0.599945 -1.05
    endloop
  endfacet
  facet normal -0.996644 -0.0818564 0
    outer loop
      vertex -3.51085 0.570602 -1.4
      vertex -3.51326 0.599945 -1.05
      vertex -3.51326 0.599945 -1.4
    endloop
  endfacet
  facet normal -0.996644 -0.0818564 0
    outer loop
      vertex -3.51326 0.599945 -1.05
      vertex -3.51085 0.570602 -1.4
      vertex -3.51085 0.570602 -1.05
    endloop
  endfacet
  facet normal -0.997796 -0.0663615 0
    outer loop
      vertex -3.50811 0.529404 -1.4
      vertex -3.51085 0.570602 -1.05
      vertex -3.51085 0.570602 -1.4
    endloop
  endfacet
  facet normal -0.997796 -0.0663615 0
    outer loop
      vertex -3.51085 0.570602 -1.05
      vertex -3.50811 0.529404 -1.4
      vertex -3.50811 0.529404 -1.05
    endloop
  endfacet
  facet normal -0.998339 -0.0576128 0
    outer loop
      vertex -3.50505 0.476379 -1.4
      vertex -3.50811 0.529404 -1.05
      vertex -3.50811 0.529404 -1.4
    endloop
  endfacet
  facet normal -0.998339 -0.0576128 0
    outer loop
      vertex -3.50811 0.529404 -1.05
      vertex -3.50505 0.476379 -1.4
      vertex -3.50505 0.476379 -1.05
    endloop
  endfacet
  facet normal -0.998639 -0.0521512 0
    outer loop
      vertex -3.50223 0.422379 -1.4
      vertex -3.50505 0.476379 -1.05
      vertex -3.50505 0.476379 -1.4
    endloop
  endfacet
  facet normal -0.998639 -0.0521512 0
    outer loop
      vertex -3.50505 0.476379 -1.05
      vertex -3.50223 0.422379 -1.4
      vertex -3.50223 0.422379 -1.05
    endloop
  endfacet
  facet normal -0.998962 -0.0455485 0
    outer loop
      vertex -3.50022 0.378296 -1.4
      vertex -3.50223 0.422379 -1.05
      vertex -3.50223 0.422379 -1.4
    endloop
  endfacet
  facet normal -0.998962 -0.0455485 0
    outer loop
      vertex -3.50223 0.422379 -1.05
      vertex -3.50022 0.378296 -1.4
      vertex -3.50022 0.378296 -1.05
    endloop
  endfacet
  facet normal -0.999375 -0.0353632 0
    outer loop
      vertex -3.49901 0.344101 -1.4
      vertex -3.50022 0.378296 -1.05
      vertex -3.50022 0.378296 -1.4
    endloop
  endfacet
  facet normal -0.999375 -0.0353632 0
    outer loop
      vertex -3.50022 0.378296 -1.05
      vertex -3.49901 0.344101 -1.4
      vertex -3.49901 0.344101 -1.05
    endloop
  endfacet
  facet normal -0.999864 -0.0164743 0
    outer loop
      vertex -3.49861 0.319824 -1.4
      vertex -3.49901 0.344101 -1.05
      vertex -3.49901 0.344101 -1.4
    endloop
  endfacet
  facet normal -0.999864 -0.0164743 0
    outer loop
      vertex -3.49901 0.344101 -1.05
      vertex -3.49861 0.319824 -1.4
      vertex -3.49861 0.319824 -1.05
    endloop
  endfacet
  facet normal 0 -1 0
    outer loop
      vertex -3.49861 0.319824 -1.4
      vertex -3.49346 0.319824 -1.05
      vertex -3.49861 0.319824 -1.05
    endloop
  endfacet
  facet normal 0 -1 -0
    outer loop
      vertex -3.49346 0.319824 -1.05
      vertex -3.49861 0.319824 -1.4
      vertex -3.49346 0.319824 -1.4
    endloop
  endfacet
  facet normal 0.935437 -0.353493 0
    outer loop
      vertex -3.49346 0.319824 -1.05
      vertex -3.46776 0.387833 -1.4
      vertex -3.46776 0.387833 -1.05
    endloop
  endfacet
  facet normal 0.935437 -0.353493 0
    outer loop
      vertex -3.46776 0.387833 -1.4
      vertex -3.49346 0.319824 -1.05
      vertex -3.49346 0.319824 -1.4
    endloop
  endfacet
  facet normal 0.920504 -0.390734 0
    outer loop
      vertex -3.46776 0.387833 -1.05
      vertex -3.44351 0.444962 -1.4
      vertex -3.44351 0.444962 -1.05
    endloop
  endfacet
  facet normal 0.920504 -0.390734 0
    outer loop
      vertex -3.44351 0.444962 -1.4
      vertex -3.46776 0.387833 -1.05
      vertex -3.46776 0.387833 -1.4
    endloop
  endfacet
  facet normal 0.897141 -0.441745 0
    outer loop
      vertex -3.44351 0.444962 -1.05
      vertex -3.42073 0.491226 -1.4
      vertex -3.42073 0.491226 -1.05
    endloop
  endfacet
  facet normal 0.897141 -0.441745 0
    outer loop
      vertex -3.42073 0.491226 -1.4
      vertex -3.44351 0.444962 -1.05
      vertex -3.44351 0.444962 -1.4
    endloop
  endfacet
  facet normal 0.856327 -0.516434 0
    outer loop
      vertex -3.42073 0.491226 -1.05
      vertex -3.39939 0.526611 -1.4
      vertex -3.39939 0.526611 -1.05
    endloop
  endfacet
  facet normal 0.856327 -0.516434 0
    outer loop
      vertex -3.39939 0.526611 -1.4
      vertex -3.42073 0.491226 -1.05
      vertex -3.42073 0.491226 -1.4
    endloop
  endfacet
  facet normal 0.792382 -0.610025 0
    outer loop
      vertex -3.39939 0.526611 -1.05
      vertex -3.37781 0.554642 -1.4
      vertex -3.37781 0.554642 -1.05
    endloop
  endfacet
  facet normal 0.792382 -0.610025 0
    outer loop
      vertex -3.37781 0.554642 -1.4
      vertex -3.39939 0.526611 -1.05
      vertex -3.39939 0.526611 -1.4
    endloop
  endfacet
  facet normal 0.716595 -0.697489 0
    outer loop
      vertex -3.37781 0.554642 -1.05
      vertex -3.3543 0.578796 -1.4
      vertex -3.3543 0.578796 -1.05
    endloop
  endfacet
  facet normal 0.716595 -0.697489 0
    outer loop
      vertex -3.3543 0.578796 -1.4
      vertex -3.37781 0.554642 -1.05
      vertex -3.37781 0.554642 -1.4
    endloop
  endfacet
  facet normal 0.623626 -0.781722 0
    outer loop
      vertex -3.3543 0.578796 -1.4
      vertex -3.32886 0.599091 -1.05
      vertex -3.3543 0.578796 -1.05
    endloop
  endfacet
  facet normal 0.623626 -0.781722 0
    outer loop
      vertex -3.32886 0.599091 -1.05
      vertex -3.3543 0.578796 -1.4
      vertex -3.32886 0.599091 -1.4
    endloop
  endfacet
  facet normal 0.514404 -0.857548 0
    outer loop
      vertex -3.32886 0.599091 -1.4
      vertex -3.30149 0.615509 -1.05
      vertex -3.32886 0.599091 -1.05
    endloop
  endfacet
  facet normal 0.514404 -0.857548 0
    outer loop
      vertex -3.30149 0.615509 -1.05
      vertex -3.32886 0.599091 -1.4
      vertex -3.30149 0.615509 -1.4
    endloop
  endfacet
  facet normal 0.388392 -0.921494 0
    outer loop
      vertex -3.30149 0.615509 -1.4
      vertex -3.27137 0.628204 -1.05
      vertex -3.30149 0.615509 -1.05
    endloop
  endfacet
  facet normal 0.388392 -0.921494 0
    outer loop
      vertex -3.27137 0.628204 -1.05
      vertex -3.30149 0.615509 -1.4
      vertex -3.27137 0.628204 -1.4
    endloop
  endfacet
  facet normal 0.259947 -0.965623 0
    outer loop
      vertex -3.27137 0.628204 -1.4
      vertex -3.2377 0.637268 -1.05
      vertex -3.27137 0.628204 -1.05
    endloop
  endfacet
  facet normal 0.259947 -0.965623 0
    outer loop
      vertex -3.2377 0.637268 -1.05
      vertex -3.27137 0.628204 -1.4
      vertex -3.2377 0.637268 -1.4
    endloop
  endfacet
  facet normal 0.144451 -0.989512 0
    outer loop
      vertex -3.2377 0.637268 -1.4
      vertex -3.20049 0.6427 -1.05
      vertex -3.2377 0.637268 -1.05
    endloop
  endfacet
  facet normal 0.144451 -0.989512 0
    outer loop
      vertex -3.20049 0.6427 -1.05
      vertex -3.2377 0.637268 -1.4
      vertex -3.20049 0.6427 -1.4
    endloop
  endfacet
  facet normal 0.0445311 -0.999008 0
    outer loop
      vertex -3.20049 0.6427 -1.4
      vertex -3.15975 0.644516 -1.05
      vertex -3.20049 0.6427 -1.05
    endloop
  endfacet
  facet normal 0.0445311 -0.999008 0
    outer loop
      vertex -3.15975 0.644516 -1.05
      vertex -3.20049 0.6427 -1.4
      vertex -3.15975 0.644516 -1.4
    endloop
  endfacet
  facet normal -0.0368631 -0.99932 0
    outer loop
      vertex -3.15975 0.644516 -1.4
      vertex -3.12665 0.643295 -1.05
      vertex -3.15975 0.644516 -1.05
    endloop
  endfacet
  facet normal -0.0368631 -0.99932 -0
    outer loop
      vertex -3.12665 0.643295 -1.05
      vertex -3.15975 0.644516 -1.4
      vertex -3.12665 0.643295 -1.4
    endloop
  endfacet
  facet normal -0.120778 -0.99268 0
    outer loop
      vertex -3.12665 0.643295 -1.4
      vertex -3.09693 0.639679 -1.05
      vertex -3.12665 0.643295 -1.05
    endloop
  endfacet
  facet normal -0.120778 -0.99268 -0
    outer loop
      vertex -3.09693 0.639679 -1.05
      vertex -3.12665 0.643295 -1.4
      vertex -3.09693 0.639679 -1.4
    endloop
  endfacet
  facet normal -0.223775 -0.974641 0
    outer loop
      vertex -3.09693 0.639679 -1.4
      vertex -3.07061 0.633636 -1.05
      vertex -3.09693 0.639679 -1.05
    endloop
  endfacet
  facet normal -0.223775 -0.974641 -0
    outer loop
      vertex -3.07061 0.633636 -1.05
      vertex -3.09693 0.639679 -1.4
      vertex -3.07061 0.633636 -1.4
    endloop
  endfacet
  facet normal -0.345624 -0.938373 0
    outer loop
      vertex -3.07061 0.633636 -1.4
      vertex -3.04766 0.625183 -1.05
      vertex -3.07061 0.633636 -1.05
    endloop
  endfacet
  facet normal -0.345624 -0.938373 -0
    outer loop
      vertex -3.04766 0.625183 -1.05
      vertex -3.07061 0.633636 -1.4
      vertex -3.04766 0.625183 -1.4
    endloop
  endfacet
  facet normal -1 0 0
    outer loop
      vertex -3.04766 0.322403 -1.4
      vertex -3.04766 0.625183 -1.05
      vertex -3.04766 0.625183 -1.4
    endloop
  endfacet
  facet normal -1 -0 0
    outer loop
      vertex -3.04766 0.625183 -1.05
      vertex -3.04766 0.322403 -1.4
      vertex -3.04766 0.322403 -1.05
    endloop
  endfacet
  facet normal 0.194985 0.980806 -0
    outer loop
      vertex -3.04766 0.322403 -1.4
      vertex -3.09018 0.330856 -1.05
      vertex -3.04766 0.322403 -1.05
    endloop
  endfacet
  facet normal 0.194985 0.980806 0
    outer loop
      vertex -3.09018 0.330856 -1.05
      vertex -3.04766 0.322403 -1.4
      vertex -3.09018 0.330856 -1.4
    endloop
  endfacet
  facet normal 0.149636 0.988741 -0
    outer loop
      vertex -3.09018 0.330856 -1.4
      vertex -3.13011 0.336899 -1.05
      vertex -3.09018 0.330856 -1.05
    endloop
  endfacet
  facet normal 0.149636 0.988741 0
    outer loop
      vertex -3.13011 0.336899 -1.05
      vertex -3.09018 0.330856 -1.4
      vertex -3.13011 0.336899 -1.4
    endloop
  endfacet
  facet normal 0.0963123 0.995351 -0
    outer loop
      vertex -3.13011 0.336899 -1.4
      vertex -3.16748 0.340515 -1.05
      vertex -3.13011 0.336899 -1.05
    endloop
  endfacet
  facet normal 0.0963123 0.995351 0
    outer loop
      vertex -3.16748 0.340515 -1.05
      vertex -3.13011 0.336899 -1.4
      vertex -3.16748 0.340515 -1.4
    endloop
  endfacet
  facet normal 0.0346543 0.999399 -0
    outer loop
      vertex -3.16748 0.340515 -1.4
      vertex -3.20226 0.341721 -1.05
      vertex -3.16748 0.340515 -1.05
    endloop
  endfacet
  facet normal 0.0346543 0.999399 0
    outer loop
      vertex -3.20226 0.341721 -1.05
      vertex -3.16748 0.340515 -1.4
      vertex -3.20226 0.341721 -1.4
    endloop
  endfacet
  facet normal -0.106373 0.994326 0
    outer loop
      vertex -3.20226 0.341721 -1.4
      vertex -3.26616 0.334885 -1.05
      vertex -3.20226 0.341721 -1.05
    endloop
  endfacet
  facet normal -0.106373 0.994326 0
    outer loop
      vertex -3.26616 0.334885 -1.05
      vertex -3.20226 0.341721 -1.4
      vertex -3.26616 0.334885 -1.4
    endloop
  endfacet
  facet normal -0.34213 0.939653 0
    outer loop
      vertex -3.26616 0.334885 -1.4
      vertex -3.32257 0.314346 -1.05
      vertex -3.26616 0.334885 -1.05
    endloop
  endfacet
  facet normal -0.34213 0.939653 0
    outer loop
      vertex -3.32257 0.314346 -1.05
      vertex -3.26616 0.334885 -1.4
      vertex -3.32257 0.314346 -1.4
    endloop
  endfacet
  facet normal -0.573249 0.819381 0
    outer loop
      vertex -3.32257 0.314346 -1.4
      vertex -3.37149 0.280121 -1.05
      vertex -3.32257 0.314346 -1.05
    endloop
  endfacet
  facet normal -0.573249 0.819381 0
    outer loop
      vertex -3.37149 0.280121 -1.05
      vertex -3.32257 0.314346 -1.4
      vertex -3.37149 0.280121 -1.4
    endloop
  endfacet
  facet normal -0.756428 0.654077 0
    outer loop
      vertex -3.41292 0.232208 -1.4
      vertex -3.37149 0.280121 -1.05
      vertex -3.37149 0.280121 -1.4
    endloop
  endfacet
  facet normal -0.756428 0.654077 0
    outer loop
      vertex -3.37149 0.280121 -1.05
      vertex -3.41292 0.232208 -1.4
      vertex -3.41292 0.232208 -1.05
    endloop
  endfacet
  facet normal -0.880814 0.473462 0
    outer loop
      vertex -3.4459 0.170853 -1.4
      vertex -3.41292 0.232208 -1.05
      vertex -3.41292 0.232208 -1.4
    endloop
  endfacet
  facet normal -0.880814 0.473462 0
    outer loop
      vertex -3.41292 0.232208 -1.05
      vertex -3.4459 0.170853 -1.4
      vertex -3.4459 0.170853 -1.05
    endloop
  endfacet
  facet normal -0.953614 0.301033 0
    outer loop
      vertex -3.46944 0.096283 -1.4
      vertex -3.4459 0.170853 -1.05
      vertex -3.4459 0.170853 -1.4
    endloop
  endfacet
  facet normal -0.953614 0.301033 0
    outer loop
      vertex -3.4459 0.170853 -1.05
      vertex -3.46944 0.096283 -1.4
      vertex -3.46944 0.096283 -1.05
    endloop
  endfacet
  facet normal -0.987274 0.159028 0
    outer loop
      vertex -3.48358 0.00849915 -1.4
      vertex -3.46944 0.096283 -1.05
      vertex -3.46944 0.096283 -1.4
    endloop
  endfacet
  facet normal -0.987274 0.159028 0
    outer loop
      vertex -3.46944 0.096283 -1.05
      vertex -3.48358 0.00849915 -1.4
      vertex -3.48358 0.00849915 -1.05
    endloop
  endfacet
  facet normal -0.998918 0.0464993 0
    outer loop
      vertex -3.48828 -0.0924683 -1.4
      vertex -3.48358 0.00849915 -1.05
      vertex -3.48358 0.00849915 -1.4
    endloop
  endfacet
  facet normal -0.998918 0.0464993 0
    outer loop
      vertex -3.48358 0.00849915 -1.05
      vertex -3.48828 -0.0924683 -1.4
      vertex -3.48828 -0.0924683 -1.05
    endloop
  endfacet
  facet normal -1 0 0
    outer loop
      vertex -3.48828 -0.776611 -1.4
      vertex -3.48828 -0.0924683 -1.05
      vertex -3.48828 -0.0924683 -1.4
    endloop
  endfacet
  facet normal -1 -0 0
    outer loop
      vertex -3.48828 -0.0924683 -1.05
      vertex -3.48828 -0.776611 -1.4
      vertex -3.48828 -0.776611 -1.05
    endloop
  endfacet
  facet normal 0 1 -0
    outer loop
      vertex -3.48828 -0.776611 -1.4
      vertex -3.85036 -0.776611 -1.05
      vertex -3.48828 -0.776611 -1.05
    endloop
  endfacet
  facet normal 0 1 0
    outer loop
      vertex -3.85036 -0.776611 -1.05
      vertex -3.48828 -0.776611 -1.4
      vertex -3.85036 -0.776611 -1.4
    endloop
  endfacet
  facet normal 1 -0 0
    outer loop
      vertex -3.85036 -0.776611 -1.05
      vertex -3.85036 0.290192 -1.4
      vertex -3.85036 0.290192 -1.05
    endloop
  endfacet
  facet normal 1 0 0
    outer loop
      vertex -3.85036 0.290192 -1.4
      vertex -3.85036 -0.776611 -1.05
      vertex -3.85036 -0.776611 -1.4
    endloop
  endfacet
  facet normal 0.259587 0.96572 -0
    outer loop
      vertex -4.86089 -0.790741 -1.4
      vertex -4.99077 -0.755829 -1.05
      vertex -4.86089 -0.790741 -1.05
    endloop
  endfacet
  facet normal 0.259587 0.96572 0
    outer loop
      vertex -4.99077 -0.755829 -1.05
      vertex -4.86089 -0.790741 -1.4
      vertex -4.99077 -0.755829 -1.4
    endloop
  endfacet
  facet normal 0.461965 0.886898 -0
    outer loop
      vertex -4.99077 -0.755829 -1.4
      vertex -5.10247 -0.697647 -1.05
      vertex -4.99077 -0.755829 -1.05
    endloop
  endfacet
  facet normal 0.461965 0.886898 0
    outer loop
      vertex -5.10247 -0.697647 -1.05
      vertex -4.99077 -0.755829 -1.4
      vertex -5.10247 -0.697647 -1.4
    endloop
  endfacet
  facet normal 0.656852 0.75402 -0
    outer loop
      vertex -5.10247 -0.697647 -1.4
      vertex -5.19597 -0.616196 -1.05
      vertex -5.10247 -0.697647 -1.05
    endloop
  endfacet
  facet normal 0.656852 0.75402 0
    outer loop
      vertex -5.19597 -0.616196 -1.05
      vertex -5.10247 -0.697647 -1.4
      vertex -5.19597 -0.616196 -1.4
    endloop
  endfacet
  facet normal 0.814751 0.579811 0
    outer loop
      vertex -5.19597 -0.616196 -1.05
      vertex -5.26981 -0.512436 -1.4
      vertex -5.26981 -0.512436 -1.05
    endloop
  endfacet
  facet normal 0.814751 0.579811 0
    outer loop
      vertex -5.26981 -0.512436 -1.4
      vertex -5.19597 -0.616196 -1.05
      vertex -5.19597 -0.616196 -1.4
    endloop
  endfacet
  facet normal 0.921478 0.38843 0
    outer loop
      vertex -5.26981 -0.512436 -1.05
      vertex -5.32254 -0.387344 -1.4
      vertex -5.32254 -0.387344 -1.05
    endloop
  endfacet
  facet normal 0.921478 0.38843 0
    outer loop
      vertex -5.32254 -0.387344 -1.4
      vertex -5.26981 -0.512436 -1.05
      vertex -5.26981 -0.512436 -1.4
    endloop
  endfacet
  facet normal 0.977431 0.211255 0
    outer loop
      vertex -5.32254 -0.387344 -1.05
      vertex -5.35419 -0.240906 -1.4
      vertex -5.35419 -0.240906 -1.05
    endloop
  endfacet
  facet normal 0.977431 0.211255 0
    outer loop
      vertex -5.35419 -0.240906 -1.4
      vertex -5.32254 -0.387344 -1.05
      vertex -5.32254 -0.387344 -1.4
    endloop
  endfacet
  facet normal 0.998025 0.0628131 0
    outer loop
      vertex -5.35419 -0.240906 -1.05
      vertex -5.36475 -0.0731201 -1.4
      vertex -5.36475 -0.0731201 -1.05
    endloop
  endfacet
  facet normal 0.998025 0.0628131 0
    outer loop
      vertex -5.36475 -0.0731201 -1.4
      vertex -5.35419 -0.240906 -1.05
      vertex -5.35419 -0.240906 -1.4
    endloop
  endfacet
  facet normal 0.997839 -0.0657073 0
    outer loop
      vertex -5.36475 -0.0731201 -1.05
      vertex -5.35404 0.0895233 -1.4
      vertex -5.35404 0.0895233 -1.05
    endloop
  endfacet
  facet normal 0.997839 -0.0657073 0
    outer loop
      vertex -5.35404 0.0895233 -1.4
      vertex -5.36475 -0.0731201 -1.05
      vertex -5.36475 -0.0731201 -1.4
    endloop
  endfacet
  facet normal 0.975557 -0.219746 0
    outer loop
      vertex -5.35404 0.0895233 -1.05
      vertex -5.3219 0.232208 -1.4
      vertex -5.3219 0.232208 -1.05
    endloop
  endfacet
  facet normal 0.975557 -0.219746 0
    outer loop
      vertex -5.3219 0.232208 -1.4
      vertex -5.35404 0.0895233 -1.05
      vertex -5.35404 0.0895233 -1.4
    endloop
  endfacet
  facet normal 0.916522 -0.399985 0
    outer loop
      vertex -5.3219 0.232208 -1.05
      vertex -5.26834 0.354935 -1.4
      vertex -5.26834 0.354935 -1.05
    endloop
  endfacet
  facet normal 0.916522 -0.399985 0
    outer loop
      vertex -5.26834 0.354935 -1.4
      vertex -5.3219 0.232208 -1.05
      vertex -5.3219 0.232208 -1.4
    endloop
  endfacet
  facet normal 0.80787 -0.58936 0
    outer loop
      vertex -5.26834 0.354935 -1.05
      vertex -5.19338 0.457687 -1.4
      vertex -5.19338 0.457687 -1.05
    endloop
  endfacet
  facet normal 0.80787 -0.58936 0
    outer loop
      vertex -5.19338 0.457687 -1.4
      vertex -5.26834 0.354935 -1.05
      vertex -5.26834 0.354935 -1.4
    endloop
  endfacet
  facet normal 0.651065 -0.759022 0
    outer loop
      vertex -5.19338 0.457687 -1.4
      vertex -5.09876 0.538849 -1.05
      vertex -5.19338 0.457687 -1.05
    endloop
  endfacet
  facet normal 0.651065 -0.759022 0
    outer loop
      vertex -5.09876 0.538849 -1.05
      vertex -5.19338 0.457687 -1.4
      vertex -5.09876 0.538849 -1.4
    endloop
  endfacet
  facet normal 0.458166 -0.888866 0
    outer loop
      vertex -5.09876 0.538849 -1.4
      vertex -4.98627 0.596832 -1.05
      vertex -5.09876 0.538849 -1.05
    endloop
  endfacet
  facet normal 0.458166 -0.888866 0
    outer loop
      vertex -4.98627 0.596832 -1.05
      vertex -5.09876 0.538849 -1.4
      vertex -4.98627 0.596832 -1.4
    endloop
  endfacet
  facet normal 0.257833 -0.966189 0
    outer loop
      vertex -4.98627 0.596832 -1.4
      vertex -4.8559 0.631622 -1.05
      vertex -4.98627 0.596832 -1.05
    endloop
  endfacet
  facet normal 0.257833 -0.966189 0
    outer loop
      vertex -4.8559 0.631622 -1.05
      vertex -4.98627 0.596832 -1.4
      vertex -4.8559 0.631622 -1.4
    endloop
  endfacet
  facet normal 0.0779825 -0.996955 0
    outer loop
      vertex -4.8559 0.631622 -1.4
      vertex -4.70764 0.643219 -1.05
      vertex -4.8559 0.631622 -1.05
    endloop
  endfacet
  facet normal 0.0779825 -0.996955 0
    outer loop
      vertex -4.70764 0.643219 -1.05
      vertex -4.8559 0.631622 -1.4
      vertex -4.70764 0.643219 -1.4
    endloop
  endfacet
  facet normal -0.0877032 -0.996147 0
    outer loop
      vertex -4.70764 0.643219 -1.4
      vertex -4.56639 0.630783 -1.05
      vertex -4.70764 0.643219 -1.05
    endloop
  endfacet
  facet normal -0.0877032 -0.996147 -0
    outer loop
      vertex -4.56639 0.630783 -1.05
      vertex -4.70764 0.643219 -1.4
      vertex -4.56639 0.630783 -1.4
    endloop
  endfacet
  facet normal -0.289224 -0.957261 0
    outer loop
      vertex -4.56639 0.630783 -1.4
      vertex -4.44286 0.59346 -1.05
      vertex -4.56639 0.630783 -1.05
    endloop
  endfacet
  facet normal -0.289224 -0.957261 -0
    outer loop
      vertex -4.44286 0.59346 -1.05
      vertex -4.56639 0.630783 -1.4
      vertex -4.44286 0.59346 -1.4
    endloop
  endfacet
  facet normal -0.506796 -0.862066 0
    outer loop
      vertex -4.44286 0.59346 -1.4
      vertex -4.33704 0.53125 -1.05
      vertex -4.44286 0.59346 -1.05
    endloop
  endfacet
  facet normal -0.506796 -0.862066 -0
    outer loop
      vertex -4.33704 0.53125 -1.05
      vertex -4.44286 0.59346 -1.4
      vertex -4.33704 0.53125 -1.4
    endloop
  endfacet
  facet normal -0.703087 -0.711103 0
    outer loop
      vertex -4.33704 0.53125 -1.4
      vertex -4.24895 0.444153 -1.05
      vertex -4.33704 0.53125 -1.05
    endloop
  endfacet
  facet normal -0.703087 -0.711103 -0
    outer loop
      vertex -4.24895 0.444153 -1.05
      vertex -4.33704 0.53125 -1.4
      vertex -4.24895 0.444153 -1.4
    endloop
  endfacet
  facet normal -0.848298 -0.529518 0
    outer loop
      vertex -4.17961 0.333069 -1.4
      vertex -4.24895 0.444153 -1.05
      vertex -4.24895 0.444153 -1.4
    endloop
  endfacet
  facet normal -0.848298 -0.529518 0
    outer loop
      vertex -4.24895 0.444153 -1.05
      vertex -4.17961 0.333069 -1.4
      vertex -4.17961 0.333069 -1.05
    endloop
  endfacet
  facet normal -0.938144 -0.346244 0
    outer loop
      vertex -4.13008 0.198868 -1.4
      vertex -4.17961 0.333069 -1.05
      vertex -4.17961 0.333069 -1.4
    endloop
  endfacet
  facet normal -0.938144 -0.346244 0
    outer loop
      vertex -4.17961 0.333069 -1.05
      vertex -4.13008 0.198868 -1.4
      vertex -4.13008 0.198868 -1.05
    endloop
  endfacet
  facet normal -0.982639 -0.18553 0
    outer loop
      vertex -4.10038 0.0415649 -1.4
      vertex -4.13008 0.198868 -1.05
      vertex -4.13008 0.198868 -1.4
    endloop
  endfacet
  facet normal -0.982639 -0.18553 0
    outer loop
      vertex -4.13008 0.198868 -1.05
      vertex -4.10038 0.0415649 -1.4
      vertex -4.10038 0.0415649 -1.05
    endloop
  endfacet
  facet normal -0.998495 -0.0548493 0
    outer loop
      vertex -4.09047 -0.13884 -1.4
      vertex -4.10038 0.0415649 -1.05
      vertex -4.10038 0.0415649 -1.4
    endloop
  endfacet
  facet normal -0.998495 -0.0548493 0
    outer loop
      vertex -4.10038 0.0415649 -1.05
      vertex -4.09047 -0.13884 -1.4
      vertex -4.09047 -0.13884 -1.05
    endloop
  endfacet
  facet normal -1 0 0
    outer loop
      vertex -4.09047 -0.149139 -1.4
      vertex -4.09047 -0.13884 -1.05
      vertex -4.09047 -0.13884 -1.4
    endloop
  endfacet
  facet normal -1 -0 0
    outer loop
      vertex -4.09047 -0.13884 -1.05
      vertex -4.09047 -0.149139 -1.4
      vertex -4.09047 -0.149139 -1.05
    endloop
  endfacet
  facet normal 0 1 -0
    outer loop
      vertex -4.09047 -0.149139 -1.4
      vertex -4.98465 -0.149139 -1.05
      vertex -4.09047 -0.149139 -1.05
    endloop
  endfacet
  facet normal 0 1 0
    outer loop
      vertex -4.98465 -0.149139 -1.05
      vertex -4.09047 -0.149139 -1.4
      vertex -4.98465 -0.149139 -1.4
    endloop
  endfacet
  facet normal -0.998787 -0.0492333 0
    outer loop
      vertex -4.97994 -0.24469 -1.4
      vertex -4.98465 -0.149139 -1.05
      vertex -4.98465 -0.149139 -1.4
    endloop
  endfacet
  facet normal -0.998787 -0.0492333 0
    outer loop
      vertex -4.98465 -0.149139 -1.05
      vertex -4.97994 -0.24469 -1.4
      vertex -4.97994 -0.24469 -1.05
    endloop
  endfacet
  facet normal -0.98584 -0.167691 0
    outer loop
      vertex -4.96581 -0.327759 -1.4
      vertex -4.97994 -0.24469 -1.05
      vertex -4.97994 -0.24469 -1.4
    endloop
  endfacet
  facet normal -0.98584 -0.167691 0
    outer loop
      vertex -4.97994 -0.24469 -1.05
      vertex -4.96581 -0.327759 -1.4
      vertex -4.96581 -0.327759 -1.05
    endloop
  endfacet
  facet normal -0.948558 -0.316603 0
    outer loop
      vertex -4.94225 -0.398346 -1.4
      vertex -4.96581 -0.327759 -1.05
      vertex -4.96581 -0.327759 -1.4
    endloop
  endfacet
  facet normal -0.948558 -0.316603 0
    outer loop
      vertex -4.96581 -0.327759 -1.05
      vertex -4.94225 -0.398346 -1.4
      vertex -4.94225 -0.398346 -1.05
    endloop
  endfacet
  facet normal -0.869676 -0.493622 0
    outer loop
      vertex -4.90927 -0.456451 -1.4
      vertex -4.94225 -0.398346 -1.05
      vertex -4.94225 -0.398346 -1.4
    endloop
  endfacet
  facet normal -0.869676 -0.493622 0
    outer loop
      vertex -4.94225 -0.398346 -1.05
      vertex -4.90927 -0.456451 -1.4
      vertex -4.90927 -0.456451 -1.05
    endloop
  endfacet
  facet normal -0.736463 -0.676478 0
    outer loop
      vertex -4.8676 -0.501816 -1.4
      vertex -4.90927 -0.456451 -1.05
      vertex -4.90927 -0.456451 -1.4
    endloop
  endfacet
  facet normal -0.736463 -0.676478 0
    outer loop
      vertex -4.90927 -0.456451 -1.05
      vertex -4.8676 -0.501816 -1.4
      vertex -4.8676 -0.501816 -1.05
    endloop
  endfacet
  facet normal -0.546606 -0.83739 0
    outer loop
      vertex -4.8676 -0.501816 -1.4
      vertex -4.81795 -0.534225 -1.05
      vertex -4.8676 -0.501816 -1.05
    endloop
  endfacet
  facet normal -0.546606 -0.83739 -0
    outer loop
      vertex -4.81795 -0.534225 -1.05
      vertex -4.8676 -0.501816 -1.4
      vertex -4.81795 -0.534225 -1.4
    endloop
  endfacet
  facet normal -0.319679 -0.947526 0
    outer loop
      vertex -4.81795 -0.534225 -1.4
      vertex -4.76033 -0.553665 -1.05
      vertex -4.81795 -0.534225 -1.05
    endloop
  endfacet
  facet normal -0.319679 -0.947526 -0
    outer loop
      vertex -4.76033 -0.553665 -1.05
      vertex -4.81795 -0.534225 -1.4
      vertex -4.76033 -0.553665 -1.4
    endloop
  endfacet
  facet normal -0.0984069 -0.995146 0
    outer loop
      vertex -4.76033 -0.553665 -1.4
      vertex -4.69475 -0.56015 -1.05
      vertex -4.76033 -0.553665 -1.05
    endloop
  endfacet
  facet normal -0.0984069 -0.995146 -0
    outer loop
      vertex -4.69475 -0.56015 -1.05
      vertex -4.76033 -0.553665 -1.4
      vertex -4.69475 -0.56015 -1.4
    endloop
  endfacet
  facet normal 0.118419 -0.992964 0
    outer loop
      vertex -4.69475 -0.56015 -1.4
      vertex -4.60762 -0.549759 -1.05
      vertex -4.69475 -0.56015 -1.05
    endloop
  endfacet
  facet normal 0.118419 -0.992964 0
    outer loop
      vertex -4.60762 -0.549759 -1.05
      vertex -4.69475 -0.56015 -1.4
      vertex -4.60762 -0.549759 -1.4
    endloop
  endfacet
  facet normal 0.409539 -0.912292 0
    outer loop
      vertex -4.60762 -0.549759 -1.4
      vertex -4.53821 -0.5186 -1.05
      vertex -4.60762 -0.549759 -1.05
    endloop
  endfacet
  facet normal 0.409539 -0.912292 0
    outer loop
      vertex -4.53821 -0.5186 -1.05
      vertex -4.60762 -0.549759 -1.4
      vertex -4.53821 -0.5186 -1.4
    endloop
  endfacet
  facet normal 0.708742 -0.705467 0
    outer loop
      vertex -4.53821 -0.5186 -1.05
      vertex -4.48651 -0.46666 -1.4
      vertex -4.48651 -0.46666 -1.05
    endloop
  endfacet
  facet normal 0.708742 -0.705467 0
    outer loop
      vertex -4.48651 -0.46666 -1.4
      vertex -4.53821 -0.5186 -1.05
      vertex -4.53821 -0.5186 -1.4
    endloop
  endfacet
  facet normal 0.905948 -0.423388 0
    outer loop
      vertex -4.48651 -0.46666 -1.05
      vertex -4.45253 -0.393951 -1.4
      vertex -4.45253 -0.393951 -1.05
    endloop
  endfacet
  facet normal 0.905948 -0.423388 0
    outer loop
      vertex -4.45253 -0.393951 -1.4
      vertex -4.48651 -0.46666 -1.05
      vertex -4.48651 -0.46666 -1.4
    endloop
  endfacet
  facet normal -0.0864633 -0.996255 0
    outer loop
      vertex -4.45253 -0.393951 -1.4
      vertex -4.11109 -0.423584 -1.05
      vertex -4.45253 -0.393951 -1.05
    endloop
  endfacet
  facet normal -0.0864633 -0.996255 -0
    outer loop
      vertex -4.11109 -0.423584 -1.05
      vertex -4.45253 -0.393951 -1.4
      vertex -4.11109 -0.423584 -1.4
    endloop
  endfacet
  facet normal -0.87169 0.490058 0
    outer loop
      vertex -4.20426 -0.58931 -1.4
      vertex -4.11109 -0.423584 -1.05
      vertex -4.11109 -0.423584 -1.4
    endloop
  endfacet
  facet normal -0.87169 0.490058 0
    outer loop
      vertex -4.11109 -0.423584 -1.05
      vertex -4.20426 -0.58931 -1.4
      vertex -4.20426 -0.58931 -1.05
    endloop
  endfacet
  facet normal -0.669499 0.742813 0
    outer loop
      vertex -4.20426 -0.58931 -1.4
      vertex -4.3356 -0.707687 -1.05
      vertex -4.20426 -0.58931 -1.05
    endloop
  endfacet
  facet normal -0.669499 0.742813 0
    outer loop
      vertex -4.3356 -0.707687 -1.05
      vertex -4.20426 -0.58931 -1.4
      vertex -4.3356 -0.707687 -1.4
    endloop
  endfacet
  facet normal -0.386403 0.92233 0
    outer loop
      vertex -4.3356 -0.707687 -1.4
      vertex -4.50511 -0.778702 -1.05
      vertex -4.3356 -0.707687 -1.05
    endloop
  endfacet
  facet normal -0.386403 0.92233 0
    outer loop
      vertex -4.50511 -0.778702 -1.05
      vertex -4.3356 -0.707687 -1.4
      vertex -4.50511 -0.778702 -1.4
    endloop
  endfacet
  facet normal -0.113287 0.993562 0
    outer loop
      vertex -4.50511 -0.778702 -1.4
      vertex -4.7128 -0.802383 -1.05
      vertex -4.50511 -0.778702 -1.05
    endloop
  endfacet
  facet normal -0.113287 0.993562 0
    outer loop
      vertex -4.7128 -0.802383 -1.05
      vertex -4.50511 -0.778702 -1.4
      vertex -4.7128 -0.802383 -1.4
    endloop
  endfacet
  facet normal 0.0783725 0.996924 -0
    outer loop
      vertex -4.7128 -0.802383 -1.4
      vertex -4.86089 -0.790741 -1.05
      vertex -4.7128 -0.802383 -1.05
    endloop
  endfacet
  facet normal 0.0783725 0.996924 0
    outer loop
      vertex -4.86089 -0.790741 -1.05
      vertex -4.7128 -0.802383 -1.4
      vertex -4.86089 -0.790741 -1.4
    endloop
  endfacet
  facet normal 0.993676 0.112283 0
    outer loop
      vertex -4.44092 0.0776062 -1.05
      vertex -4.44986 0.156723 -1.4
      vertex -4.44986 0.156723 -1.05
    endloop
  endfacet
  facet normal 0.993676 0.112283 0
    outer loop
      vertex -4.44986 0.156723 -1.4
      vertex -4.44092 0.0776062 -1.05
      vertex -4.44092 0.0776062 -1.4
    endloop
  endfacet
  facet normal 0.972218 0.234076 0
    outer loop
      vertex -4.44986 0.156723 -1.05
      vertex -4.46637 0.225296 -1.4
      vertex -4.46637 0.225296 -1.05
    endloop
  endfacet
  facet normal 0.972218 0.234076 0
    outer loop
      vertex -4.46637 0.225296 -1.4
      vertex -4.44986 0.156723 -1.05
      vertex -4.44986 0.156723 -1.4
    endloop
  endfacet
  facet normal 0.923486 0.383632 0
    outer loop
      vertex -4.46637 0.225296 -1.05
      vertex -4.49047 0.28331 -1.4
      vertex -4.49047 0.28331 -1.05
    endloop
  endfacet
  facet normal 0.923486 0.383632 0
    outer loop
      vertex -4.49047 0.28331 -1.4
      vertex -4.46637 0.225296 -1.05
      vertex -4.46637 0.225296 -1.4
    endloop
  endfacet
  facet normal 0.832104 0.554619 0
    outer loop
      vertex -4.49047 0.28331 -1.05
      vertex -4.52211 0.33078 -1.4
      vertex -4.52211 0.33078 -1.05
    endloop
  endfacet
  facet normal 0.832104 0.554619 0
    outer loop
      vertex -4.52211 0.33078 -1.4
      vertex -4.49047 0.28331 -1.05
      vertex -4.49047 0.28331 -1.4
    endloop
  endfacet
  facet normal 0.692294 0.721616 -0
    outer loop
      vertex -4.52211 0.33078 -1.4
      vertex -4.5606 0.367706 -1.05
      vertex -4.52211 0.33078 -1.05
    endloop
  endfacet
  facet normal 0.692294 0.721616 0
    outer loop
      vertex -4.5606 0.367706 -1.05
      vertex -4.52211 0.33078 -1.4
      vertex -4.5606 0.367706 -1.4
    endloop
  endfacet
  facet normal 0.508823 0.860871 -0
    outer loop
      vertex -4.5606 0.367706 -1.4
      vertex -4.60521 0.394073 -1.05
      vertex -4.5606 0.367706 -1.05
    endloop
  endfacet
  facet normal 0.508823 0.860871 0
    outer loop
      vertex -4.60521 0.394073 -1.05
      vertex -4.5606 0.367706 -1.4
      vertex -4.60521 0.394073 -1.4
    endloop
  endfacet
  facet normal 0.298086 0.954539 -0
    outer loop
      vertex -4.60521 0.394073 -1.4
      vertex -4.65593 0.409912 -1.05
      vertex -4.60521 0.394073 -1.05
    endloop
  endfacet
  facet normal 0.298086 0.954539 0
    outer loop
      vertex -4.65593 0.409912 -1.05
      vertex -4.60521 0.394073 -1.4
      vertex -4.65593 0.409912 -1.4
    endloop
  endfacet
  facet normal 0.092168 0.995743 -0
    outer loop
      vertex -4.65593 0.409912 -1.4
      vertex -4.7128 0.415176 -1.05
      vertex -4.65593 0.409912 -1.05
    endloop
  endfacet
  facet normal 0.092168 0.995743 0
    outer loop
      vertex -4.7128 0.415176 -1.05
      vertex -4.65593 0.409912 -1.4
      vertex -4.7128 0.415176 -1.4
    endloop
  endfacet
  facet normal -0.0920054 0.995759 0
    outer loop
      vertex -4.7128 0.415176 -1.4
      vertex -4.77291 0.409622 -1.05
      vertex -4.7128 0.415176 -1.05
    endloop
  endfacet
  facet normal -0.0920054 0.995759 0
    outer loop
      vertex -4.77291 0.409622 -1.05
      vertex -4.7128 0.415176 -1.4
      vertex -4.77291 0.409622 -1.4
    endloop
  endfacet
  facet normal -0.301306 0.953527 0
    outer loop
      vertex -4.77291 0.409622 -1.4
      vertex -4.82569 0.392944 -1.05
      vertex -4.77291 0.409622 -1.05
    endloop
  endfacet
  facet normal -0.301306 0.953527 0
    outer loop
      vertex -4.82569 0.392944 -1.05
      vertex -4.77291 0.409622 -1.4
      vertex -4.82569 0.392944 -1.4
    endloop
  endfacet
  facet normal -0.5216 0.85319 0
    outer loop
      vertex -4.82569 0.392944 -1.4
      vertex -4.87114 0.365158 -1.05
      vertex -4.82569 0.392944 -1.05
    endloop
  endfacet
  facet normal -0.5216 0.85319 0
    outer loop
      vertex -4.87114 0.365158 -1.05
      vertex -4.82569 0.392944 -1.4
      vertex -4.87114 0.365158 -1.4
    endloop
  endfacet
  facet normal -0.714094 0.700049 0
    outer loop
      vertex -4.90927 0.326263 -1.4
      vertex -4.87114 0.365158 -1.05
      vertex -4.87114 0.365158 -1.4
    endloop
  endfacet
  facet normal -0.714094 0.700049 0
    outer loop
      vertex -4.87114 0.365158 -1.05
      vertex -4.90927 0.326263 -1.4
      vertex -4.90927 0.326263 -1.05
    endloop
  endfacet
  facet normal -0.849211 0.528054 0
    outer loop
      vertex -4.93967 0.277374 -1.4
      vertex -4.90927 0.326263 -1.05
      vertex -4.90927 0.326263 -1.4
    endloop
  endfacet
  facet normal -0.849211 0.528054 0
    outer loop
      vertex -4.90927 0.326263 -1.05
      vertex -4.93967 0.277374 -1.4
      vertex -4.93967 0.277374 -1.05
    endloop
  endfacet
  facet normal -0.93292 0.360083 0
    outer loop
      vertex -4.96195 0.21965 -1.4
      vertex -4.93967 0.277374 -1.05
      vertex -4.93967 0.277374 -1.4
    endloop
  endfacet
  facet normal -0.93292 0.360083 0
    outer loop
      vertex -4.93967 0.277374 -1.05
      vertex -4.96195 0.21965 -1.4
      vertex -4.96195 0.21965 -1.05
    endloop
  endfacet
  facet normal -0.978219 0.207575 0
    outer loop
      vertex -4.97608 0.153061 -1.4
      vertex -4.96195 0.21965 -1.05
      vertex -4.96195 0.21965 -1.4
    endloop
  endfacet
  facet normal -0.978219 0.207575 0
    outer loop
      vertex -4.96195 0.21965 -1.05
      vertex -4.97608 0.153061 -1.4
      vertex -4.97608 0.153061 -1.05
    endloop
  endfacet
  facet normal -0.996843 0.0793989 0
    outer loop
      vertex -4.98209 0.0776062 -1.4
      vertex -4.97608 0.153061 -1.05
      vertex -4.97608 0.153061 -1.4
    endloop
  endfacet
  facet normal -0.996843 0.0793989 0
    outer loop
      vertex -4.97608 0.153061 -1.05
      vertex -4.98209 0.0776062 -1.4
      vertex -4.98209 0.0776062 -1.05
    endloop
  endfacet
  facet normal 0 -1 0
    outer loop
      vertex -4.98209 0.0776062 -1.4
      vertex -4.44092 0.0776062 -1.05
      vertex -4.98209 0.0776062 -1.05
    endloop
  endfacet
  facet normal 0 -1 -0
    outer loop
      vertex -4.44092 0.0776062 -1.05
      vertex -4.98209 0.0776062 -1.4
      vertex -4.44092 0.0776062 -1.4
    endloop
  endfacet
  facet normal 0.237778 0.97132 -0
    outer loop
      vertex -14.9399 -0.795502 -1.4
      vertex -15.0243 -0.774841 -1.05
      vertex -14.9399 -0.795502 -1.05
    endloop
  endfacet
  facet normal 0.237778 0.97132 0
    outer loop
      vertex -15.0243 -0.774841 -1.05
      vertex -14.9399 -0.795502 -1.4
      vertex -15.0243 -0.774841 -1.4
    endloop
  endfacet
  facet normal 0.424613 0.905375 -0
    outer loop
      vertex -15.0243 -0.774841 -1.4
      vertex -15.0977 -0.740417 -1.05
      vertex -15.0243 -0.774841 -1.05
    endloop
  endfacet
  facet normal 0.424613 0.905375 0
    outer loop
      vertex -15.0977 -0.740417 -1.05
      vertex -15.0243 -0.774841 -1.4
      vertex -15.0977 -0.740417 -1.4
    endloop
  endfacet
  facet normal 0.611933 0.79091 -0
    outer loop
      vertex -15.0977 -0.740417 -1.4
      vertex -15.16 -0.692215 -1.05
      vertex -15.0977 -0.740417 -1.05
    endloop
  endfacet
  facet normal 0.611933 0.79091 0
    outer loop
      vertex -15.16 -0.692215 -1.05
      vertex -15.0977 -0.740417 -1.4
      vertex -15.16 -0.692215 -1.4
    endloop
  endfacet
  facet normal 0.774197 0.632945 0
    outer loop
      vertex -15.16 -0.692215 -1.05
      vertex -15.2096 -0.631546 -1.4
      vertex -15.2096 -0.631546 -1.05
    endloop
  endfacet
  facet normal 0.774197 0.632945 0
    outer loop
      vertex -15.2096 -0.631546 -1.4
      vertex -15.16 -0.692215 -1.05
      vertex -15.16 -0.692215 -1.4
    endloop
  endfacet
  facet normal 0.89708 0.441868 0
    outer loop
      vertex -15.2096 -0.631546 -1.05
      vertex -15.245 -0.559677 -1.4
      vertex -15.245 -0.559677 -1.05
    endloop
  endfacet
  facet normal 0.89708 0.441868 0
    outer loop
      vertex -15.245 -0.559677 -1.4
      vertex -15.2096 -0.631546 -1.05
      vertex -15.2096 -0.631546 -1.4
    endloop
  endfacet
  facet normal 0.968943 0.247284 0
    outer loop
      vertex -15.245 -0.559677 -1.05
      vertex -15.2662 -0.476608 -1.4
      vertex -15.2662 -0.476608 -1.05
    endloop
  endfacet
  facet normal 0.968943 0.247284 0
    outer loop
      vertex -15.2662 -0.476608 -1.4
      vertex -15.245 -0.559677 -1.05
      vertex -15.245 -0.559677 -1.4
    endloop
  endfacet
  facet normal 0.997175 0.0751163 0
    outer loop
      vertex -15.2662 -0.476608 -1.05
      vertex -15.2733 -0.382355 -1.4
      vertex -15.2733 -0.382355 -1.05
    endloop
  endfacet
  facet normal 0.997175 0.0751163 0
    outer loop
      vertex -15.2733 -0.382355 -1.4
      vertex -15.2662 -0.476608 -1.05
      vertex -15.2662 -0.476608 -1.4
    endloop
  endfacet
  facet normal 0.996284 -0.0861295 0
    outer loop
      vertex -15.2733 -0.382355 -1.05
      vertex -15.2645 -0.280563 -1.4
      vertex -15.2645 -0.280563 -1.05
    endloop
  endfacet
  facet normal 0.996284 -0.0861295 0
    outer loop
      vertex -15.2645 -0.280563 -1.4
      vertex -15.2733 -0.382355 -1.05
      vertex -15.2733 -0.382355 -1.4
    endloop
  endfacet
  facet normal 0.958621 -0.284685 0
    outer loop
      vertex -15.2645 -0.280563 -1.05
      vertex -15.2381 -0.191666 -1.4
      vertex -15.2381 -0.191666 -1.05
    endloop
  endfacet
  facet normal 0.958621 -0.284685 0
    outer loop
      vertex -15.2381 -0.191666 -1.4
      vertex -15.2645 -0.280563 -1.05
      vertex -15.2645 -0.280563 -1.4
    endloop
  endfacet
  facet normal 0.864944 -0.501869 0
    outer loop
      vertex -15.2381 -0.191666 -1.05
      vertex -15.194 -0.115662 -1.4
      vertex -15.194 -0.115662 -1.05
    endloop
  endfacet
  facet normal 0.864944 -0.501869 0
    outer loop
      vertex -15.194 -0.115662 -1.4
      vertex -15.2381 -0.191666 -1.05
      vertex -15.2381 -0.191666 -1.4
    endloop
  endfacet
  facet normal 0.715222 -0.698897 0
    outer loop
      vertex -15.194 -0.115662 -1.05
      vertex -15.1323 -0.0525208 -1.4
      vertex -15.1323 -0.0525208 -1.05
    endloop
  endfacet
  facet normal 0.715222 -0.698897 0
    outer loop
      vertex -15.1323 -0.0525208 -1.4
      vertex -15.194 -0.115662 -1.05
      vertex -15.194 -0.115662 -1.4
    endloop
  endfacet
  facet normal 0.535377 -0.844613 0
    outer loop
      vertex -15.1323 -0.0525208 -1.4
      vertex -15.0538 -0.00276184 -1.05
      vertex -15.1323 -0.0525208 -1.05
    endloop
  endfacet
  facet normal 0.535377 -0.844613 0
    outer loop
      vertex -15.0538 -0.00276184 -1.05
      vertex -15.1323 -0.0525208 -1.4
      vertex -15.0538 -0.00276184 -1.4
    endloop
  endfacet
  facet normal 0.355494 -0.934679 0
    outer loop
      vertex -15.0538 -0.00276184 -1.4
      vertex -14.9594 0.0331421 -1.05
      vertex -15.0538 -0.00276184 -1.05
    endloop
  endfacet
  facet normal 0.355494 -0.934679 0
    outer loop
      vertex -14.9594 0.0331421 -1.05
      vertex -15.0538 -0.00276184 -1.4
      vertex -14.9594 0.0331421 -1.4
    endloop
  endfacet
  facet normal 0.196454 -0.980513 0
    outer loop
      vertex -14.9594 0.0331421 -1.4
      vertex -14.8492 0.0552216 -1.05
      vertex -14.9594 0.0331421 -1.05
    endloop
  endfacet
  facet normal 0.196454 -0.980513 0
    outer loop
      vertex -14.8492 0.0552216 -1.05
      vertex -14.9594 0.0331421 -1.4
      vertex -14.8492 0.0552216 -1.4
    endloop
  endfacet
  facet normal 0.0650145 -0.997884 0
    outer loop
      vertex -14.8492 0.0552216 -1.4
      vertex -14.7232 0.0634308 -1.05
      vertex -14.8492 0.0552216 -1.05
    endloop
  endfacet
  facet normal 0.0650145 -0.997884 0
    outer loop
      vertex -14.7232 0.0634308 -1.05
      vertex -14.8492 0.0552216 -1.4
      vertex -14.7232 0.0634308 -1.4
    endloop
  endfacet
  facet normal 0.0171777 -0.999852 0
    outer loop
      vertex -14.7232 0.0634308 -1.4
      vertex -14.423 0.0685883 -1.05
      vertex -14.7232 0.0634308 -1.05
    endloop
  endfacet
  facet normal 0.0171777 -0.999852 0
    outer loop
      vertex -14.423 0.0685883 -1.05
      vertex -14.7232 0.0634308 -1.4
      vertex -14.423 0.0685883 -1.4
    endloop
  endfacet
  facet normal 1 -0 0
    outer loop
      vertex -14.423 0.0685883 -1.05
      vertex -14.423 0.13945 -1.4
      vertex -14.423 0.13945 -1.05
    endloop
  endfacet
  facet normal 1 0 0
    outer loop
      vertex -14.423 0.13945 -1.4
      vertex -14.423 0.0685883 -1.05
      vertex -14.423 0.0685883 -1.4
    endloop
  endfacet
  facet normal 0.9989 0.0468938 0
    outer loop
      vertex -14.423 0.13945 -1.05
      vertex -14.426 0.203354 -1.4
      vertex -14.426 0.203354 -1.05
    endloop
  endfacet
  facet normal 0.9989 0.0468938 0
    outer loop
      vertex -14.426 0.203354 -1.4
      vertex -14.423 0.13945 -1.05
      vertex -14.423 0.13945 -1.4
    endloop
  endfacet
  facet normal 0.987212 0.159415 0
    outer loop
      vertex -14.426 0.203354 -1.05
      vertex -14.4349 0.258469 -1.4
      vertex -14.4349 0.258469 -1.05
    endloop
  endfacet
  facet normal 0.987212 0.159415 0
    outer loop
      vertex -14.4349 0.258469 -1.4
      vertex -14.426 0.203354 -1.05
      vertex -14.426 0.203354 -1.4
    endloop
  endfacet
  facet normal 0.952001 0.306096 0
    outer loop
      vertex -14.4349 0.258469 -1.05
      vertex -14.4498 0.30481 -1.4
      vertex -14.4498 0.30481 -1.05
    endloop
  endfacet
  facet normal 0.952001 0.306096 0
    outer loop
      vertex -14.4498 0.30481 -1.4
      vertex -14.4349 0.258469 -1.05
      vertex -14.4349 0.258469 -1.4
    endloop
  endfacet
  facet normal 0.874854 0.484387 0
    outer loop
      vertex -14.4498 0.30481 -1.05
      vertex -14.4706 0.342377 -1.4
      vertex -14.4706 0.342377 -1.05
    endloop
  endfacet
  facet normal 0.874854 0.484387 0
    outer loop
      vertex -14.4706 0.342377 -1.4
      vertex -14.4498 0.30481 -1.05
      vertex -14.4498 0.30481 -1.4
    endloop
  endfacet
  facet normal 0.723569 0.690252 0
    outer loop
      vertex -14.4706 0.342377 -1.05
      vertex -14.4983 0.371414 -1.4
      vertex -14.4983 0.371414 -1.05
    endloop
  endfacet
  facet normal 0.723569 0.690252 0
    outer loop
      vertex -14.4983 0.371414 -1.4
      vertex -14.4706 0.342377 -1.05
      vertex -14.4706 0.342377 -1.4
    endloop
  endfacet
  facet normal 0.507586 0.861601 -0
    outer loop
      vertex -14.4983 0.371414 -1.4
      vertex -14.5335 0.392151 -1.05
      vertex -14.4983 0.371414 -1.05
    endloop
  endfacet
  facet normal 0.507586 0.861601 0
    outer loop
      vertex -14.5335 0.392151 -1.05
      vertex -14.4983 0.371414 -1.4
      vertex -14.5335 0.392151 -1.4
    endloop
  endfacet
  facet normal 0.279624 0.96011 -0
    outer loop
      vertex -14.5335 0.392151 -1.4
      vertex -14.5762 0.404587 -1.05
      vertex -14.5335 0.392151 -1.05
    endloop
  endfacet
  facet normal 0.279624 0.96011 0
    outer loop
      vertex -14.5762 0.404587 -1.05
      vertex -14.5335 0.392151 -1.4
      vertex -14.5762 0.404587 -1.4
    endloop
  endfacet
  facet normal 0.0822256 0.996614 -0
    outer loop
      vertex -14.5762 0.404587 -1.4
      vertex -14.6265 0.408737 -1.05
      vertex -14.5762 0.404587 -1.05
    endloop
  endfacet
  facet normal 0.0822256 0.996614 0
    outer loop
      vertex -14.6265 0.408737 -1.05
      vertex -14.5762 0.404587 -1.4
      vertex -14.6265 0.408737 -1.4
    endloop
  endfacet
  facet normal -0.0607193 0.998155 0
    outer loop
      vertex -14.6265 0.408737 -1.4
      vertex -14.6734 0.405884 -1.05
      vertex -14.6265 0.408737 -1.05
    endloop
  endfacet
  facet normal -0.0607193 0.998155 0
    outer loop
      vertex -14.6734 0.405884 -1.05
      vertex -14.6265 0.408737 -1.4
      vertex -14.6734 0.405884 -1.4
    endloop
  endfacet
  facet normal -0.208143 0.978098 0
    outer loop
      vertex -14.6734 0.405884 -1.4
      vertex -14.7137 0.397308 -1.05
      vertex -14.6734 0.405884 -1.05
    endloop
  endfacet
  facet normal -0.208143 0.978098 0
    outer loop
      vertex -14.7137 0.397308 -1.05
      vertex -14.6734 0.405884 -1.4
      vertex -14.7137 0.397308 -1.4
    endloop
  endfacet
  facet normal -0.392524 0.919742 0
    outer loop
      vertex -14.7137 0.397308 -1.4
      vertex -14.7472 0.383011 -1.05
      vertex -14.7137 0.397308 -1.05
    endloop
  endfacet
  facet normal -0.392524 0.919742 0
    outer loop
      vertex -14.7472 0.383011 -1.05
      vertex -14.7137 0.397308 -1.4
      vertex -14.7472 0.383011 -1.4
    endloop
  endfacet
  facet normal -0.597038 0.802213 0
    outer loop
      vertex -14.7472 0.383011 -1.4
      vertex -14.7741 0.362991 -1.05
      vertex -14.7472 0.383011 -1.05
    endloop
  endfacet
  facet normal -0.597038 0.802213 0
    outer loop
      vertex -14.7741 0.362991 -1.05
      vertex -14.7472 0.383011 -1.4
      vertex -14.7741 0.362991 -1.4
    endloop
  endfacet
  facet normal -0.780708 0.624895 0
    outer loop
      vertex -14.7954 0.33638 -1.4
      vertex -14.7741 0.362991 -1.05
      vertex -14.7741 0.362991 -1.4
    endloop
  endfacet
  facet normal -0.780708 0.624895 0
    outer loop
      vertex -14.7741 0.362991 -1.05
      vertex -14.7954 0.33638 -1.4
      vertex -14.7954 0.33638 -1.05
    endloop
  endfacet
  facet normal -0.897058 0.441913 0
    outer loop
      vertex -14.8122 0.302277 -1.4
      vertex -14.7954 0.33638 -1.05
      vertex -14.7954 0.33638 -1.4
    endloop
  endfacet
  facet normal -0.897058 0.441913 0
    outer loop
      vertex -14.7954 0.33638 -1.05
      vertex -14.8122 0.302277 -1.4
      vertex -14.8122 0.302277 -1.05
    endloop
  endfacet
  facet normal -0.957692 0.287796 0
    outer loop
      vertex -14.8247 0.260681 -1.4
      vertex -14.8122 0.302277 -1.05
      vertex -14.8122 0.302277 -1.4
    endloop
  endfacet
  facet normal -0.957692 0.287796 0
    outer loop
      vertex -14.8122 0.302277 -1.05
      vertex -14.8247 0.260681 -1.4
      vertex -14.8247 0.260681 -1.05
    endloop
  endfacet
  facet normal -0.986978 0.160854 0
    outer loop
      vertex -14.8327 0.211594 -1.4
      vertex -14.8247 0.260681 -1.05
      vertex -14.8247 0.260681 -1.4
    endloop
  endfacet
  facet normal -0.986978 0.160854 0
    outer loop
      vertex -14.8247 0.260681 -1.05
      vertex -14.8327 0.211594 -1.4
      vertex -14.8327 0.211594 -1.05
    endloop
  endfacet
  facet normal 0.0477626 0.998859 -0
    outer loop
      vertex -14.8327 0.211594 -1.4
      vertex -15.2102 0.229645 -1.05
      vertex -14.8327 0.211594 -1.05
    endloop
  endfacet
  facet normal 0.0477626 0.998859 0
    outer loop
      vertex -15.2102 0.229645 -1.05
      vertex -14.8327 0.211594 -1.4
      vertex -15.2102 0.229645 -1.4
    endloop
  endfacet
  facet normal 0.968223 -0.250087 0
    outer loop
      vertex -15.2102 0.229645 -1.05
      vertex -15.1855 0.325272 -1.4
      vertex -15.1855 0.325272 -1.05
    endloop
  endfacet
  facet normal 0.968223 -0.250087 0
    outer loop
      vertex -15.1855 0.325272 -1.4
      vertex -15.2102 0.229645 -1.05
      vertex -15.2102 0.229645 -1.4
    endloop
  endfacet
  facet normal 0.904813 -0.42581 0
    outer loop
      vertex -15.1855 0.325272 -1.05
      vertex -15.1463 0.408569 -1.4
      vertex -15.1463 0.408569 -1.05
    endloop
  endfacet
  facet normal 0.904813 -0.42581 0
    outer loop
      vertex -15.1463 0.408569 -1.4
      vertex -15.1855 0.325272 -1.05
      vertex -15.1855 0.325272 -1.4
    endloop
  endfacet
  facet normal 0.796421 -0.604743 0
    outer loop
      vertex -15.1463 0.408569 -1.05
      vertex -15.0924 0.479553 -1.4
      vertex -15.0924 0.479553 -1.05
    endloop
  endfacet
  facet normal 0.796421 -0.604743 0
    outer loop
      vertex -15.0924 0.479553 -1.4
      vertex -15.1463 0.408569 -1.05
      vertex -15.1463 0.408569 -1.4
    endloop
  endfacet
  facet normal 0.65096 -0.759112 0
    outer loop
      vertex -15.0924 0.479553 -1.4
      vertex -15.024 0.538208 -1.05
      vertex -15.0924 0.479553 -1.05
    endloop
  endfacet
  facet normal 0.65096 -0.759112 0
    outer loop
      vertex -15.024 0.538208 -1.05
      vertex -15.0924 0.479553 -1.4
      vertex -15.024 0.538208 -1.4
    endloop
  endfacet
  facet normal 0.486538 -0.873659 0
    outer loop
      vertex -15.024 0.538208 -1.4
      vertex -14.9415 0.584152 -1.05
      vertex -15.024 0.538208 -1.05
    endloop
  endfacet
  facet normal 0.486538 -0.873659 0
    outer loop
      vertex -14.9415 0.584152 -1.05
      vertex -15.024 0.538208 -1.4
      vertex -14.9415 0.584152 -1.4
    endloop
  endfacet
  facet normal 0.322176 -0.94668 0
    outer loop
      vertex -14.9415 0.584152 -1.4
      vertex -14.8451 0.616959 -1.05
      vertex -14.9415 0.584152 -1.05
    endloop
  endfacet
  facet normal 0.322176 -0.94668 0
    outer loop
      vertex -14.8451 0.616959 -1.05
      vertex -14.9415 0.584152 -1.4
      vertex -14.8451 0.616959 -1.4
    endloop
  endfacet
  facet normal 0.176122 -0.984368 0
    outer loop
      vertex -14.8451 0.616959 -1.4
      vertex -14.735 0.636658 -1.05
      vertex -14.8451 0.616959 -1.05
    endloop
  endfacet
  facet normal 0.176122 -0.984368 0
    outer loop
      vertex -14.735 0.636658 -1.05
      vertex -14.8451 0.616959 -1.4
      vertex -14.735 0.636658 -1.4
    endloop
  endfacet
  facet normal 0.0528799 -0.998601 0
    outer loop
      vertex -14.735 0.636658 -1.4
      vertex -14.6111 0.643219 -1.05
      vertex -14.735 0.636658 -1.05
    endloop
  endfacet
  facet normal 0.0528799 -0.998601 0
    outer loop
      vertex -14.6111 0.643219 -1.05
      vertex -14.735 0.636658 -1.4
      vertex -14.6111 0.643219 -1.4
    endloop
  endfacet
  facet normal -0.0651864 -0.997873 0
    outer loop
      vertex -14.6111 0.643219 -1.4
      vertex -14.4866 0.635086 -1.05
      vertex -14.6111 0.643219 -1.05
    endloop
  endfacet
  facet normal -0.0651864 -0.997873 -0
    outer loop
      vertex -14.4866 0.635086 -1.05
      vertex -14.6111 0.643219 -1.4
      vertex -14.4866 0.635086 -1.4
    endloop
  endfacet
  facet normal -0.217678 -0.976021 0
    outer loop
      vertex -14.4866 0.635086 -1.4
      vertex -14.3772 0.610687 -1.05
      vertex -14.4866 0.635086 -1.05
    endloop
  endfacet
  facet normal -0.217678 -0.976021 -0
    outer loop
      vertex -14.3772 0.610687 -1.05
      vertex -14.4866 0.635086 -1.4
      vertex -14.3772 0.610687 -1.4
    endloop
  endfacet
  facet normal -0.396327 -0.918109 0
    outer loop
      vertex -14.3772 0.610687 -1.4
      vertex -14.283 0.570023 -1.05
      vertex -14.3772 0.610687 -1.05
    endloop
  endfacet
  facet normal -0.396327 -0.918109 -0
    outer loop
      vertex -14.283 0.570023 -1.05
      vertex -14.3772 0.610687 -1.4
      vertex -14.283 0.570023 -1.4
    endloop
  endfacet
  facet normal -0.584163 -0.811637 0
    outer loop
      vertex -14.283 0.570023 -1.4
      vertex -14.2039 0.513092 -1.05
      vertex -14.283 0.570023 -1.05
    endloop
  endfacet
  facet normal -0.584163 -0.811637 -0
    outer loop
      vertex -14.2039 0.513092 -1.05
      vertex -14.283 0.570023 -1.4
      vertex -14.2039 0.513092 -1.4
    endloop
  endfacet
  facet normal -0.754786 -0.655971 0
    outer loop
      vertex -14.1414 0.441177 -1.4
      vertex -14.2039 0.513092 -1.05
      vertex -14.2039 0.513092 -1.4
    endloop
  endfacet
  facet normal -0.754786 -0.655971 0
    outer loop
      vertex -14.2039 0.513092 -1.05
      vertex -14.1414 0.441177 -1.4
      vertex -14.1414 0.441177 -1.05
    endloop
  endfacet
  facet normal -0.886421 -0.46288 0
    outer loop
      vertex -14.0967 0.355576 -1.4
      vertex -14.1414 0.441177 -1.05
      vertex -14.1414 0.441177 -1.4
    endloop
  endfacet
  facet normal -0.886421 -0.46288 0
    outer loop
      vertex -14.1414 0.441177 -1.05
      vertex -14.0967 0.355576 -1.4
      vertex -14.0967 0.355576 -1.05
    endloop
  endfacet
  facet normal -0.965449 -0.260593 0
    outer loop
      vertex -14.0699 0.256287 -1.4
      vertex -14.0967 0.355576 -1.05
      vertex -14.0967 0.355576 -1.4
    endloop
  endfacet
  facet normal -0.965449 -0.260593 0
    outer loop
      vertex -14.0967 0.355576 -1.05
      vertex -14.0699 0.256287 -1.4
      vertex -14.0699 0.256287 -1.05
    endloop
  endfacet
  facet normal -0.996842 -0.0794114 0
    outer loop
      vertex -14.0609 0.143311 -1.4
      vertex -14.0699 0.256287 -1.05
      vertex -14.0699 0.256287 -1.4
    endloop
  endfacet
  facet normal -0.996842 -0.0794114 0
    outer loop
      vertex -14.0699 0.256287 -1.05
      vertex -14.0609 0.143311 -1.4
      vertex -14.0609 0.143311 -1.05
    endloop
  endfacet
  facet normal -1 0 0
    outer loop
      vertex -14.0609 -0.364319 -1.4
      vertex -14.0609 0.143311 -1.05
      vertex -14.0609 0.143311 -1.4
    endloop
  endfacet
  facet normal -1 -0 0
    outer loop
      vertex -14.0609 0.143311 -1.05
      vertex -14.0609 -0.364319 -1.4
      vertex -14.0609 -0.364319 -1.05
    endloop
  endfacet
  facet normal -0.999563 -0.0295745 0
    outer loop
      vertex -14.0593 -0.418396 -1.4
      vertex -14.0609 -0.364319 -1.05
      vertex -14.0609 -0.364319 -1.4
    endloop
  endfacet
  facet normal -0.999563 -0.0295745 0
    outer loop
      vertex -14.0609 -0.364319 -1.05
      vertex -14.0593 -0.418396 -1.4
      vertex -14.0593 -0.418396 -1.05
    endloop
  endfacet
  facet normal -0.993875 -0.110509 0
    outer loop
      vertex -14.0543 -0.463364 -1.4
      vertex -14.0593 -0.418396 -1.05
      vertex -14.0593 -0.418396 -1.4
    endloop
  endfacet
  facet normal -0.993875 -0.110509 0
    outer loop
      vertex -14.0593 -0.418396 -1.05
      vertex -14.0543 -0.463364 -1.4
      vertex -14.0543 -0.463364 -1.05
    endloop
  endfacet
  facet normal -0.974876 -0.222748 0
    outer loop
      vertex -14.0461 -0.499252 -1.4
      vertex -14.0543 -0.463364 -1.05
      vertex -14.0543 -0.463364 -1.4
    endloop
  endfacet
  facet normal -0.974876 -0.222748 0
    outer loop
      vertex -14.0543 -0.463364 -1.05
      vertex -14.0461 -0.499252 -1.4
      vertex -14.0461 -0.499252 -1.05
    endloop
  endfacet
  facet normal -0.917609 -0.397485 0
    outer loop
      vertex -14.0345 -0.526031 -1.4
      vertex -14.0461 -0.499252 -1.05
      vertex -14.0461 -0.499252 -1.4
    endloop
  endfacet
  facet normal -0.917609 -0.397485 0
    outer loop
      vertex -14.0461 -0.499252 -1.05
      vertex -14.0345 -0.526031 -1.4
      vertex -14.0345 -0.526031 -1.05
    endloop
  endfacet
  facet normal -0.78385 -0.620951 0
    outer loop
      vertex -14.0191 -0.545471 -1.4
      vertex -14.0345 -0.526031 -1.05
      vertex -14.0345 -0.526031 -1.4
    endloop
  endfacet
  facet normal -0.78385 -0.620951 0
    outer loop
      vertex -14.0345 -0.526031 -1.05
      vertex -14.0191 -0.545471 -1.4
      vertex -14.0191 -0.545471 -1.05
    endloop
  endfacet
  facet normal -0.572245 -0.820083 0
    outer loop
      vertex -14.0191 -0.545471 -1.4
      vertex -13.9992 -0.559357 -1.05
      vertex -14.0191 -0.545471 -1.05
    endloop
  endfacet
  facet normal -0.572245 -0.820083 -0
    outer loop
      vertex -13.9992 -0.559357 -1.05
      vertex -14.0191 -0.545471 -1.4
      vertex -13.9992 -0.559357 -1.4
    endloop
  endfacet
  facet normal -0.324309 -0.945951 0
    outer loop
      vertex -13.9992 -0.559357 -1.4
      vertex -13.9749 -0.567688 -1.05
      vertex -13.9992 -0.559357 -1.05
    endloop
  endfacet
  facet normal -0.324309 -0.945951 -0
    outer loop
      vertex -13.9749 -0.567688 -1.05
      vertex -13.9992 -0.559357 -1.4
      vertex -13.9749 -0.567688 -1.4
    endloop
  endfacet
  facet normal -0.0963098 -0.995351 0
    outer loop
      vertex -13.9749 -0.567688 -1.4
      vertex -13.9462 -0.570465 -1.05
      vertex -13.9749 -0.567688 -1.05
    endloop
  endfacet
  facet normal -0.0963098 -0.995351 -0
    outer loop
      vertex -13.9462 -0.570465 -1.05
      vertex -13.9749 -0.567688 -1.4
      vertex -13.9462 -0.570465 -1.4
    endloop
  endfacet
  facet normal 0.0239147 -0.999714 0
    outer loop
      vertex -13.9462 -0.570465 -1.4
      vertex -13.9258 -0.569977 -1.05
      vertex -13.9462 -0.570465 -1.05
    endloop
  endfacet
  facet normal 0.0239147 -0.999714 0
    outer loop
      vertex -13.9258 -0.569977 -1.05
      vertex -13.9462 -0.570465 -1.4
      vertex -13.9258 -0.569977 -1.4
    endloop
  endfacet
  facet normal 0.0719523 -0.997408 0
    outer loop
      vertex -13.9258 -0.569977 -1.4
      vertex -13.9057 -0.568527 -1.05
      vertex -13.9258 -0.569977 -1.05
    endloop
  endfacet
  facet normal 0.0719523 -0.997408 0
    outer loop
      vertex -13.9057 -0.568527 -1.05
      vertex -13.9258 -0.569977 -1.4
      vertex -13.9057 -0.568527 -1.4
    endloop
  endfacet
  facet normal 0.120875 -0.992668 0
    outer loop
      vertex -13.9057 -0.568527 -1.4
      vertex -13.8859 -0.566116 -1.05
      vertex -13.9057 -0.568527 -1.05
    endloop
  endfacet
  facet normal 0.120875 -0.992668 0
    outer loop
      vertex -13.8859 -0.566116 -1.05
      vertex -13.9057 -0.568527 -1.4
      vertex -13.8859 -0.566116 -1.4
    endloop
  endfacet
  facet normal 0.17113 -0.985248 0
    outer loop
      vertex -13.8859 -0.566116 -1.4
      vertex -13.8664 -0.562729 -1.05
      vertex -13.8859 -0.566116 -1.05
    endloop
  endfacet
  facet normal 0.17113 -0.985248 0
    outer loop
      vertex -13.8664 -0.562729 -1.05
      vertex -13.8859 -0.566116 -1.4
      vertex -13.8664 -0.562729 -1.4
    endloop
  endfacet
  facet normal -1 0 0
    outer loop
      vertex -13.8664 -0.758591 -1.4
      vertex -13.8664 -0.562729 -1.05
      vertex -13.8664 -0.562729 -1.4
    endloop
  endfacet
  facet normal -1 -0 0
    outer loop
      vertex -13.8664 -0.562729 -1.05
      vertex -13.8664 -0.758591 -1.4
      vertex -13.8664 -0.758591 -1.05
    endloop
  endfacet
  facet normal -0.233432 0.972373 0
    outer loop
      vertex -13.8664 -0.758591 -1.4
      vertex -13.8821 -0.76236 -1.05
      vertex -13.8664 -0.758591 -1.05
    endloop
  endfacet
  facet normal -0.233432 0.972373 0
    outer loop
      vertex -13.8821 -0.76236 -1.05
      vertex -13.8664 -0.758591 -1.4
      vertex -13.8821 -0.76236 -1.4
    endloop
  endfacet
  facet normal -0.237646 0.971352 0
    outer loop
      vertex -13.8821 -0.76236 -1.4
      vertex -13.9111 -0.769455 -1.05
      vertex -13.8821 -0.76236 -1.05
    endloop
  endfacet
  facet normal -0.237646 0.971352 0
    outer loop
      vertex -13.9111 -0.769455 -1.05
      vertex -13.8821 -0.76236 -1.4
      vertex -13.9111 -0.769455 -1.4
    endloop
  endfacet
  facet normal -0.243296 0.969952 0
    outer loop
      vertex -13.9111 -0.769455 -1.4
      vertex -13.9243 -0.772766 -1.05
      vertex -13.9111 -0.769455 -1.05
    endloop
  endfacet
  facet normal -0.243296 0.969952 0
    outer loop
      vertex -13.9243 -0.772766 -1.05
      vertex -13.9111 -0.769455 -1.4
      vertex -13.9243 -0.772766 -1.4
    endloop
  endfacet
  facet normal -0.230233 0.973135 0
    outer loop
      vertex -13.9243 -0.772766 -1.4
      vertex -13.9372 -0.775818 -1.05
      vertex -13.9243 -0.772766 -1.05
    endloop
  endfacet
  facet normal -0.230233 0.973135 0
    outer loop
      vertex -13.9372 -0.775818 -1.05
      vertex -13.9243 -0.772766 -1.4
      vertex -13.9372 -0.775818 -1.4
    endloop
  endfacet
  facet normal -0.207115 0.978317 0
    outer loop
      vertex -13.9372 -0.775818 -1.4
      vertex -13.9501 -0.778549 -1.05
      vertex -13.9372 -0.775818 -1.05
    endloop
  endfacet
  facet normal -0.207115 0.978317 0
    outer loop
      vertex -13.9501 -0.778549 -1.05
      vertex -13.9372 -0.775818 -1.4
      vertex -13.9501 -0.778549 -1.4
    endloop
  endfacet
  facet normal -0.184822 0.982772 0
    outer loop
      vertex -13.9501 -0.778549 -1.4
      vertex -13.963 -0.780975 -1.05
      vertex -13.9501 -0.778549 -1.05
    endloop
  endfacet
  facet normal -0.184822 0.982772 0
    outer loop
      vertex -13.963 -0.780975 -1.05
      vertex -13.9501 -0.778549 -1.4
      vertex -13.963 -0.780975 -1.4
    endloop
  endfacet
  facet normal -0.160005 0.987116 0
    outer loop
      vertex -13.963 -0.780975 -1.4
      vertex -13.9759 -0.783066 -1.05
      vertex -13.963 -0.780975 -1.05
    endloop
  endfacet
  facet normal -0.160005 0.987116 0
    outer loop
      vertex -13.9759 -0.783066 -1.05
      vertex -13.963 -0.780975 -1.4
      vertex -13.9759 -0.783066 -1.4
    endloop
  endfacet
  facet normal -0.139537 0.990217 0
    outer loop
      vertex -13.9759 -0.783066 -1.4
      vertex -13.989 -0.784912 -1.05
      vertex -13.9759 -0.783066 -1.05
    endloop
  endfacet
  facet normal -0.139537 0.990217 0
    outer loop
      vertex -13.989 -0.784912 -1.05
      vertex -13.9759 -0.783066 -1.4
      vertex -13.989 -0.784912 -1.4
    endloop
  endfacet
  facet normal -0.12542 0.992104 0
    outer loop
      vertex -13.989 -0.784912 -1.4
      vertex -14.0024 -0.786606 -1.05
      vertex -13.989 -0.784912 -1.05
    endloop
  endfacet
  facet normal -0.12542 0.992104 0
    outer loop
      vertex -14.0024 -0.786606 -1.05
      vertex -13.989 -0.784912 -1.4
      vertex -14.0024 -0.786606 -1.4
    endloop
  endfacet
  facet normal -0.109129 0.994028 0
    outer loop
      vertex -14.0024 -0.786606 -1.4
      vertex -14.0163 -0.788132 -1.05
      vertex -14.0024 -0.786606 -1.05
    endloop
  endfacet
  facet normal -0.109129 0.994028 0
    outer loop
      vertex -14.0163 -0.788132 -1.05
      vertex -14.0024 -0.786606 -1.4
      vertex -14.0163 -0.788132 -1.4
    endloop
  endfacet
  facet normal -0.0955745 0.995422 0
    outer loop
      vertex -14.0163 -0.788132 -1.4
      vertex -14.0306 -0.789505 -1.05
      vertex -14.0163 -0.788132 -1.05
    endloop
  endfacet
  facet normal -0.0955745 0.995422 0
    outer loop
      vertex -14.0306 -0.789505 -1.05
      vertex -14.0163 -0.788132 -1.4
      vertex -14.0306 -0.789505 -1.4
    endloop
  endfacet
  facet normal -0.0745601 0.997217 0
    outer loop
      vertex -14.0306 -0.789505 -1.4
      vertex -14.0457 -0.790634 -1.05
      vertex -14.0306 -0.789505 -1.05
    endloop
  endfacet
  facet normal -0.0745601 0.997217 0
    outer loop
      vertex -14.0457 -0.790634 -1.05
      vertex -14.0306 -0.789505 -1.4
      vertex -14.0457 -0.790634 -1.4
    endloop
  endfacet
  facet normal -0.0495709 0.998771 0
    outer loop
      vertex -14.0457 -0.790634 -1.4
      vertex -14.062 -0.791443 -1.05
      vertex -14.0457 -0.790634 -1.05
    endloop
  endfacet
  facet normal -0.0495709 0.998771 0
    outer loop
      vertex -14.062 -0.791443 -1.05
      vertex -14.0457 -0.790634 -1.4
      vertex -14.062 -0.791443 -1.4
    endloop
  endfacet
  facet normal -0.0268653 0.999639 0
    outer loop
      vertex -14.062 -0.791443 -1.4
      vertex -14.0796 -0.791916 -1.05
      vertex -14.062 -0.791443 -1.05
    endloop
  endfacet
  facet normal -0.0268653 0.999639 0
    outer loop
      vertex -14.0796 -0.791916 -1.05
      vertex -14.062 -0.791443 -1.4
      vertex -14.0796 -0.791916 -1.4
    endloop
  endfacet
  facet normal -0.00898359 0.99996 0
    outer loop
      vertex -14.0796 -0.791916 -1.4
      vertex -14.0983 -0.792084 -1.05
      vertex -14.0796 -0.791916 -1.05
    endloop
  endfacet
  facet normal -0.00898359 0.99996 0
    outer loop
      vertex -14.0983 -0.792084 -1.05
      vertex -14.0796 -0.791916 -1.4
      vertex -14.0983 -0.792084 -1.4
    endloop
  endfacet
  facet normal 0.0653926 0.99786 -0
    outer loop
      vertex -14.0983 -0.792084 -1.4
      vertex -14.1621 -0.787903 -1.05
      vertex -14.0983 -0.792084 -1.05
    endloop
  endfacet
  facet normal 0.0653926 0.99786 0
    outer loop
      vertex -14.1621 -0.787903 -1.05
      vertex -14.0983 -0.792084 -1.4
      vertex -14.1621 -0.787903 -1.4
    endloop
  endfacet
  facet normal 0.223237 0.974764 -0
    outer loop
      vertex -14.1621 -0.787903 -1.4
      vertex -14.217 -0.77533 -1.05
      vertex -14.1621 -0.787903 -1.05
    endloop
  endfacet
  facet normal 0.223237 0.974764 0
    outer loop
      vertex -14.217 -0.77533 -1.05
      vertex -14.1621 -0.787903 -1.4
      vertex -14.217 -0.77533 -1.4
    endloop
  endfacet
  facet normal 0.414975 0.909833 -0
    outer loop
      vertex -14.217 -0.77533 -1.4
      vertex -14.2629 -0.754395 -1.05
      vertex -14.217 -0.77533 -1.05
    endloop
  endfacet
  facet normal 0.414975 0.909833 0
    outer loop
      vertex -14.2629 -0.754395 -1.05
      vertex -14.217 -0.77533 -1.4
      vertex -14.2629 -0.754395 -1.4
    endloop
  endfacet
  facet normal 0.620981 0.783826 -0
    outer loop
      vertex -14.2629 -0.754395 -1.4
      vertex -14.2999 -0.725082 -1.05
      vertex -14.2629 -0.754395 -1.05
    endloop
  endfacet
  facet normal 0.620981 0.783826 0
    outer loop
      vertex -14.2999 -0.725082 -1.05
      vertex -14.2629 -0.754395 -1.4
      vertex -14.2999 -0.725082 -1.4
    endloop
  endfacet
  facet normal 0.787554 0.616246 0
    outer loop
      vertex -14.2999 -0.725082 -1.05
      vertex -14.3292 -0.687637 -1.4
      vertex -14.3292 -0.687637 -1.05
    endloop
  endfacet
  facet normal 0.787554 0.616246 0
    outer loop
      vertex -14.3292 -0.687637 -1.4
      vertex -14.2999 -0.725082 -1.05
      vertex -14.2999 -0.725082 -1.4
    endloop
  endfacet
  facet normal 0.894167 0.447734 0
    outer loop
      vertex -14.3292 -0.687637 -1.05
      vertex -14.3519 -0.642303 -1.4
      vertex -14.3519 -0.642303 -1.05
    endloop
  endfacet
  facet normal 0.894167 0.447734 0
    outer loop
      vertex -14.3519 -0.642303 -1.4
      vertex -14.3292 -0.687637 -1.05
      vertex -14.3292 -0.687637 -1.4
    endloop
  endfacet
  facet normal 0.956185 0.292763 0
    outer loop
      vertex -14.3519 -0.642303 -1.05
      vertex -14.3682 -0.589066 -1.4
      vertex -14.3682 -0.589066 -1.05
    endloop
  endfacet
  facet normal 0.956185 0.292763 0
    outer loop
      vertex -14.3682 -0.589066 -1.4
      vertex -14.3519 -0.642303 -1.05
      vertex -14.3519 -0.642303 -1.4
    endloop
  endfacet
  facet normal 0.987642 0.156725 0
    outer loop
      vertex -14.3682 -0.589066 -1.05
      vertex -14.3779 -0.527939 -1.4
      vertex -14.3779 -0.527939 -1.05
    endloop
  endfacet
  facet normal 0.987642 0.156725 0
    outer loop
      vertex -14.3779 -0.527939 -1.4
      vertex -14.3682 -0.589066 -1.05
      vertex -14.3682 -0.589066 -1.4
    endloop
  endfacet
  facet normal 0 1 -0
    outer loop
      vertex -14.3779 -0.527939 -1.4
      vertex -14.3856 -0.527939 -1.05
      vertex -14.3779 -0.527939 -1.05
    endloop
  endfacet
  facet normal 0 1 0
    outer loop
      vertex -14.3856 -0.527939 -1.05
      vertex -14.3779 -0.527939 -1.4
      vertex -14.3856 -0.527939 -1.4
    endloop
  endfacet
  facet normal -0.813942 0.580946 0
    outer loop
      vertex -14.4713 -0.64801 -1.4
      vertex -14.3856 -0.527939 -1.05
      vertex -14.3856 -0.527939 -1.4
    endloop
  endfacet
  facet normal -0.813942 0.580946 0
    outer loop
      vertex -14.3856 -0.527939 -1.05
      vertex -14.4713 -0.64801 -1.4
      vertex -14.4713 -0.64801 -1.05
    endloop
  endfacet
  facet normal -0.632623 0.77446 0
    outer loop
      vertex -14.4713 -0.64801 -1.4
      vertex -14.5763 -0.73378 -1.05
      vertex -14.4713 -0.64801 -1.05
    endloop
  endfacet
  facet normal -0.632623 0.77446 0
    outer loop
      vertex -14.5763 -0.73378 -1.05
      vertex -14.4713 -0.64801 -1.4
      vertex -14.5763 -0.73378 -1.4
    endloop
  endfacet
  facet normal -0.382469 0.923968 0
    outer loop
      vertex -14.5763 -0.73378 -1.4
      vertex -14.7006 -0.785233 -1.05
      vertex -14.5763 -0.73378 -1.05
    endloop
  endfacet
  facet normal -0.382469 0.923968 0
    outer loop
      vertex -14.7006 -0.785233 -1.05
      vertex -14.5763 -0.73378 -1.4
      vertex -14.7006 -0.785233 -1.4
    endloop
  endfacet
  facet normal -0.118505 0.992953 0
    outer loop
      vertex -14.7006 -0.785233 -1.4
      vertex -14.8443 -0.802383 -1.05
      vertex -14.7006 -0.785233 -1.05
    endloop
  endfacet
  facet normal -0.118505 0.992953 0
    outer loop
      vertex -14.8443 -0.802383 -1.05
      vertex -14.7006 -0.785233 -1.4
      vertex -14.8443 -0.802383 -1.4
    endloop
  endfacet
  facet normal 0.0717913 0.99742 -0
    outer loop
      vertex -14.8443 -0.802383 -1.4
      vertex -14.9399 -0.795502 -1.05
      vertex -14.8443 -0.802383 -1.05
    endloop
  endfacet
  facet normal 0.0717913 0.99742 0
    outer loop
      vertex -14.9399 -0.795502 -1.05
      vertex -14.8443 -0.802383 -1.4
      vertex -14.9399 -0.795502 -1.4
    endloop
  endfacet
  facet normal 0.213993 -0.976835 0
    outer loop
      vertex -14.6867 -0.546951 -1.4
      vertex -14.647 -0.538254 -1.05
      vertex -14.6867 -0.546951 -1.05
    endloop
  endfacet
  facet normal 0.213993 -0.976835 0
    outer loop
      vertex -14.647 -0.538254 -1.05
      vertex -14.6867 -0.546951 -1.4
      vertex -14.647 -0.538254 -1.4
    endloop
  endfacet
  facet normal 0.357241 -0.934012 0
    outer loop
      vertex -14.647 -0.538254 -1.4
      vertex -14.6091 -0.523758 -1.05
      vertex -14.647 -0.538254 -1.05
    endloop
  endfacet
  facet normal 0.357241 -0.934012 0
    outer loop
      vertex -14.6091 -0.523758 -1.05
      vertex -14.647 -0.538254 -1.4
      vertex -14.6091 -0.523758 -1.4
    endloop
  endfacet
  facet normal 0.490794 -0.871275 0
    outer loop
      vertex -14.6091 -0.523758 -1.4
      vertex -14.5731 -0.503479 -1.05
      vertex -14.6091 -0.523758 -1.05
    endloop
  endfacet
  facet normal 0.490794 -0.871275 0
    outer loop
      vertex -14.5731 -0.503479 -1.05
      vertex -14.6091 -0.523758 -1.4
      vertex -14.5731 -0.503479 -1.4
    endloop
  endfacet
  facet normal 0.606792 -0.794861 0
    outer loop
      vertex -14.5731 -0.503479 -1.4
      vertex -14.5398 -0.478058 -1.05
      vertex -14.5731 -0.503479 -1.05
    endloop
  endfacet
  facet normal 0.606792 -0.794861 0
    outer loop
      vertex -14.5398 -0.478058 -1.05
      vertex -14.5731 -0.503479 -1.4
      vertex -14.5398 -0.478058 -1.4
    endloop
  endfacet
  facet normal 0.712233 -0.701943 0
    outer loop
      vertex -14.5398 -0.478058 -1.05
      vertex -14.5104 -0.448227 -1.4
      vertex -14.5104 -0.448227 -1.05
    endloop
  endfacet
  facet normal 0.712233 -0.701943 0
    outer loop
      vertex -14.5104 -0.448227 -1.4
      vertex -14.5398 -0.478058 -1.05
      vertex -14.5398 -0.478058 -1.4
    endloop
  endfacet
  facet normal 0.801157 -0.598454 0
    outer loop
      vertex -14.5104 -0.448227 -1.05
      vertex -14.4848 -0.413956 -1.4
      vertex -14.4848 -0.413956 -1.05
    endloop
  endfacet
  facet normal 0.801157 -0.598454 0
    outer loop
      vertex -14.4848 -0.413956 -1.4
      vertex -14.5104 -0.448227 -1.05
      vertex -14.5104 -0.448227 -1.4
    endloop
  endfacet
  facet normal 0.870295 -0.492531 0
    outer loop
      vertex -14.4848 -0.413956 -1.05
      vertex -14.4629 -0.375259 -1.4
      vertex -14.4629 -0.375259 -1.05
    endloop
  endfacet
  facet normal 0.870295 -0.492531 0
    outer loop
      vertex -14.4629 -0.375259 -1.4
      vertex -14.4848 -0.413956 -1.05
      vertex -14.4848 -0.413956 -1.4
    endloop
  endfacet
  facet normal 0.92144 -0.388521 0
    outer loop
      vertex -14.4629 -0.375259 -1.05
      vertex -14.4454 -0.333755 -1.4
      vertex -14.4454 -0.333755 -1.05
    endloop
  endfacet
  facet normal 0.92144 -0.388521 0
    outer loop
      vertex -14.4454 -0.333755 -1.4
      vertex -14.4629 -0.375259 -1.05
      vertex -14.4629 -0.375259 -1.4
    endloop
  endfacet
  facet normal 0.960369 -0.278733 0
    outer loop
      vertex -14.4454 -0.333755 -1.05
      vertex -14.433 -0.291031 -1.4
      vertex -14.433 -0.291031 -1.05
    endloop
  endfacet
  facet normal 0.960369 -0.278733 0
    outer loop
      vertex -14.433 -0.291031 -1.4
      vertex -14.4454 -0.333755 -1.05
      vertex -14.4454 -0.333755 -1.4
    endloop
  endfacet
  facet normal 0.985728 -0.168347 0
    outer loop
      vertex -14.433 -0.291031 -1.05
      vertex -14.4255 -0.247116 -1.4
      vertex -14.4255 -0.247116 -1.05
    endloop
  endfacet
  facet normal 0.985728 -0.168347 0
    outer loop
      vertex -14.4255 -0.247116 -1.4
      vertex -14.433 -0.291031 -1.05
      vertex -14.433 -0.291031 -1.4
    endloop
  endfacet
  facet normal 0.99847 -0.0553046 0
    outer loop
      vertex -14.4255 -0.247116 -1.05
      vertex -14.423 -0.201981 -1.4
      vertex -14.423 -0.201981 -1.05
    endloop
  endfacet
  facet normal 0.99847 -0.0553046 0
    outer loop
      vertex -14.423 -0.201981 -1.4
      vertex -14.4255 -0.247116 -1.05
      vertex -14.4255 -0.247116 -1.4
    endloop
  endfacet
  facet normal 1 -0 0
    outer loop
      vertex -14.423 -0.201981 -1.05
      vertex -14.423 -0.131119 -1.4
      vertex -14.423 -0.131119 -1.05
    endloop
  endfacet
  facet normal 1 0 0
    outer loop
      vertex -14.423 -0.131119 -1.4
      vertex -14.423 -0.201981 -1.05
      vertex -14.423 -0.201981 -1.4
    endloop
  endfacet
  facet normal -0.0139016 0.999903 0
    outer loop
      vertex -14.423 -0.131119 -1.4
      vertex -14.6085 -0.133698 -1.05
      vertex -14.423 -0.131119 -1.05
    endloop
  endfacet
  facet normal -0.0139016 0.999903 0
    outer loop
      vertex -14.6085 -0.133698 -1.05
      vertex -14.423 -0.131119 -1.4
      vertex -14.6085 -0.133698 -1.4
    endloop
  endfacet
  facet normal -0.062476 0.998046 0
    outer loop
      vertex -14.6085 -0.133698 -1.4
      vertex -14.667 -0.13736 -1.05
      vertex -14.6085 -0.133698 -1.05
    endloop
  endfacet
  facet normal -0.062476 0.998046 0
    outer loop
      vertex -14.667 -0.13736 -1.05
      vertex -14.6085 -0.133698 -1.4
      vertex -14.667 -0.13736 -1.4
    endloop
  endfacet
  facet normal -0.117163 0.993113 0
    outer loop
      vertex -14.667 -0.13736 -1.4
      vertex -14.7164 -0.143188 -1.05
      vertex -14.667 -0.13736 -1.05
    endloop
  endfacet
  facet normal -0.117163 0.993113 0
    outer loop
      vertex -14.7164 -0.143188 -1.05
      vertex -14.667 -0.13736 -1.4
      vertex -14.7164 -0.143188 -1.4
    endloop
  endfacet
  facet normal -0.195811 0.980642 0
    outer loop
      vertex -14.7164 -0.143188 -1.4
      vertex -14.7566 -0.151215 -1.05
      vertex -14.7164 -0.143188 -1.05
    endloop
  endfacet
  facet normal -0.195811 0.980642 0
    outer loop
      vertex -14.7566 -0.151215 -1.05
      vertex -14.7164 -0.143188 -1.4
      vertex -14.7566 -0.151215 -1.4
    endloop
  endfacet
  facet normal -0.311912 0.950111 0
    outer loop
      vertex -14.7566 -0.151215 -1.4
      vertex -14.7876 -0.161392 -1.05
      vertex -14.7566 -0.151215 -1.05
    endloop
  endfacet
  facet normal -0.311912 0.950111 0
    outer loop
      vertex -14.7876 -0.161392 -1.05
      vertex -14.7566 -0.151215 -1.4
      vertex -14.7876 -0.161392 -1.4
    endloop
  endfacet
  facet normal -0.457425 0.889248 0
    outer loop
      vertex -14.7876 -0.161392 -1.4
      vertex -14.8124 -0.174149 -1.05
      vertex -14.7876 -0.161392 -1.05
    endloop
  endfacet
  facet normal -0.457425 0.889248 0
    outer loop
      vertex -14.8124 -0.174149 -1.05
      vertex -14.7876 -0.161392 -1.4
      vertex -14.8124 -0.174149 -1.4
    endloop
  endfacet
  facet normal -0.587322 0.809353 0
    outer loop
      vertex -14.8124 -0.174149 -1.4
      vertex -14.8341 -0.189896 -1.05
      vertex -14.8124 -0.174149 -1.05
    endloop
  endfacet
  facet normal -0.587322 0.809353 0
    outer loop
      vertex -14.8341 -0.189896 -1.05
      vertex -14.8124 -0.174149 -1.4
      vertex -14.8341 -0.189896 -1.4
    endloop
  endfacet
  facet normal -0.709414 0.704792 0
    outer loop
      vertex -14.8527 -0.208618 -1.4
      vertex -14.8341 -0.189896 -1.05
      vertex -14.8341 -0.189896 -1.4
    endloop
  endfacet
  facet normal -0.709414 0.704792 0
    outer loop
      vertex -14.8341 -0.189896 -1.05
      vertex -14.8527 -0.208618 -1.4
      vertex -14.8527 -0.208618 -1.05
    endloop
  endfacet
  facet normal -0.815671 0.578516 0
    outer loop
      vertex -14.8681 -0.230331 -1.4
      vertex -14.8527 -0.208618 -1.05
      vertex -14.8527 -0.208618 -1.4
    endloop
  endfacet
  facet normal -0.815671 0.578516 0
    outer loop
      vertex -14.8527 -0.208618 -1.05
      vertex -14.8681 -0.230331 -1.4
      vertex -14.8681 -0.230331 -1.05
    endloop
  endfacet
  facet normal -0.900902 0.434023 0
    outer loop
      vertex -14.8802 -0.255447 -1.4
      vertex -14.8681 -0.230331 -1.05
      vertex -14.8681 -0.230331 -1.4
    endloop
  endfacet
  facet normal -0.900902 0.434023 0
    outer loop
      vertex -14.8681 -0.230331 -1.05
      vertex -14.8802 -0.255447 -1.4
      vertex -14.8802 -0.255447 -1.05
    endloop
  endfacet
  facet normal -0.957804 0.287421 0
    outer loop
      vertex -14.8889 -0.284439 -1.4
      vertex -14.8802 -0.255447 -1.05
      vertex -14.8802 -0.255447 -1.4
    endloop
  endfacet
  facet normal -0.957804 0.287421 0
    outer loop
      vertex -14.8802 -0.255447 -1.05
      vertex -14.8889 -0.284439 -1.4
      vertex -14.8889 -0.284439 -1.05
    endloop
  endfacet
  facet normal -0.987703 0.156339 0
    outer loop
      vertex -14.8941 -0.317291 -1.4
      vertex -14.8889 -0.284439 -1.05
      vertex -14.8889 -0.284439 -1.4
    endloop
  endfacet
  facet normal -0.987703 0.156339 0
    outer loop
      vertex -14.8889 -0.284439 -1.05
      vertex -14.8941 -0.317291 -1.4
      vertex -14.8941 -0.317291 -1.05
    endloop
  endfacet
  facet normal -0.99893 0.0462556 0
    outer loop
      vertex -14.8958 -0.354004 -1.4
      vertex -14.8941 -0.317291 -1.05
      vertex -14.8941 -0.317291 -1.4
    endloop
  endfacet
  facet normal -0.99893 0.0462556 0
    outer loop
      vertex -14.8941 -0.317291 -1.05
      vertex -14.8958 -0.354004 -1.4
      vertex -14.8958 -0.354004 -1.05
    endloop
  endfacet
  facet normal -0.998186 -0.0602133 0
    outer loop
      vertex -14.893 -0.400421 -1.4
      vertex -14.8958 -0.354004 -1.05
      vertex -14.8958 -0.354004 -1.4
    endloop
  endfacet
  facet normal -0.998186 -0.0602133 0
    outer loop
      vertex -14.8958 -0.354004 -1.05
      vertex -14.893 -0.400421 -1.4
      vertex -14.893 -0.400421 -1.05
    endloop
  endfacet
  facet normal -0.977735 -0.209846 0
    outer loop
      vertex -14.8844 -0.440491 -1.4
      vertex -14.893 -0.400421 -1.05
      vertex -14.893 -0.400421 -1.4
    endloop
  endfacet
  facet normal -0.977735 -0.209846 0
    outer loop
      vertex -14.893 -0.400421 -1.05
      vertex -14.8844 -0.440491 -1.4
      vertex -14.8844 -0.440491 -1.05
    endloop
  endfacet
  facet normal -0.920577 -0.390561 0
    outer loop
      vertex -14.8701 -0.474197 -1.4
      vertex -14.8844 -0.440491 -1.05
      vertex -14.8844 -0.440491 -1.4
    endloop
  endfacet
  facet normal -0.920577 -0.390561 0
    outer loop
      vertex -14.8844 -0.440491 -1.05
      vertex -14.8701 -0.474197 -1.4
      vertex -14.8701 -0.474197 -1.05
    endloop
  endfacet
  facet normal -0.80714 -0.59036 0
    outer loop
      vertex -14.8501 -0.501541 -1.4
      vertex -14.8701 -0.474197 -1.05
      vertex -14.8701 -0.474197 -1.4
    endloop
  endfacet
  facet normal -0.80714 -0.59036 0
    outer loop
      vertex -14.8701 -0.474197 -1.05
      vertex -14.8501 -0.501541 -1.4
      vertex -14.8501 -0.501541 -1.05
    endloop
  endfacet
  facet normal -0.64861 -0.761121 0
    outer loop
      vertex -14.8501 -0.501541 -1.4
      vertex -14.8253 -0.522675 -1.05
      vertex -14.8501 -0.501541 -1.05
    endloop
  endfacet
  facet normal -0.64861 -0.761121 -0
    outer loop
      vertex -14.8253 -0.522675 -1.05
      vertex -14.8501 -0.501541 -1.4
      vertex -14.8253 -0.522675 -1.4
    endloop
  endfacet
  facet normal -0.467955 -0.883752 0
    outer loop
      vertex -14.8253 -0.522675 -1.4
      vertex -14.7968 -0.537766 -1.05
      vertex -14.8253 -0.522675 -1.05
    endloop
  endfacet
  facet normal -0.467955 -0.883752 -0
    outer loop
      vertex -14.7968 -0.537766 -1.05
      vertex -14.8253 -0.522675 -1.4
      vertex -14.7968 -0.537766 -1.4
    endloop
  endfacet
  facet normal -0.269382 -0.963033 0
    outer loop
      vertex -14.7968 -0.537766 -1.4
      vertex -14.7644 -0.546829 -1.05
      vertex -14.7968 -0.537766 -1.05
    endloop
  endfacet
  facet normal -0.269382 -0.963033 -0
    outer loop
      vertex -14.7644 -0.546829 -1.05
      vertex -14.7968 -0.537766 -1.4
      vertex -14.7644 -0.546829 -1.4
    endloop
  endfacet
  facet normal -0.0833927 -0.996517 0
    outer loop
      vertex -14.7644 -0.546829 -1.4
      vertex -14.7283 -0.54985 -1.05
      vertex -14.7644 -0.546829 -1.05
    endloop
  endfacet
  facet normal -0.0833927 -0.996517 -0
    outer loop
      vertex -14.7283 -0.54985 -1.05
      vertex -14.7644 -0.546829 -1.4
      vertex -14.7283 -0.54985 -1.4
    endloop
  endfacet
  facet normal 0.0695189 -0.997581 0
    outer loop
      vertex -14.7283 -0.54985 -1.4
      vertex -14.6867 -0.546951 -1.05
      vertex -14.7283 -0.54985 -1.05
    endloop
  endfacet
  facet normal 0.0695189 -0.997581 0
    outer loop
      vertex -14.6867 -0.546951 -1.05
      vertex -14.7283 -0.54985 -1.4
      vertex -14.6867 -0.546951 -1.4
    endloop
  endfacet
  facet normal 0.260132 0.965573 -0
    outer loop
      vertex -10.4364 -0.790588 -1.4
      vertex -10.5678 -0.755188 -1.05
      vertex -10.4364 -0.790588 -1.05
    endloop
  endfacet
  facet normal 0.260132 0.965573 0
    outer loop
      vertex -10.5678 -0.755188 -1.05
      vertex -10.4364 -0.790588 -1.4
      vertex -10.5678 -0.755188 -1.4
    endloop
  endfacet
  facet normal 0.461396 0.887194 -0
    outer loop
      vertex -10.5678 -0.755188 -1.4
      vertex -10.6812 -0.696213 -1.05
      vertex -10.5678 -0.755188 -1.05
    endloop
  endfacet
  facet normal 0.461396 0.887194 0
    outer loop
      vertex -10.6812 -0.696213 -1.05
      vertex -10.5678 -0.755188 -1.4
      vertex -10.6812 -0.696213 -1.4
    endloop
  endfacet
  facet normal 0.654875 0.755737 -0
    outer loop
      vertex -10.6812 -0.696213 -1.4
      vertex -10.7765 -0.613632 -1.05
      vertex -10.6812 -0.696213 -1.05
    endloop
  endfacet
  facet normal 0.654875 0.755737 0
    outer loop
      vertex -10.7765 -0.613632 -1.05
      vertex -10.6812 -0.696213 -1.4
      vertex -10.7765 -0.613632 -1.4
    endloop
  endfacet
  facet normal 0.808016 0.589161 0
    outer loop
      vertex -10.7765 -0.613632 -1.05
      vertex -10.8521 -0.509949 -1.4
      vertex -10.8521 -0.509949 -1.05
    endloop
  endfacet
  facet normal 0.808016 0.589161 0
    outer loop
      vertex -10.8521 -0.509949 -1.4
      vertex -10.7765 -0.613632 -1.05
      vertex -10.7765 -0.613632 -1.4
    endloop
  endfacet
  facet normal 0.915053 0.403334 0
    outer loop
      vertex -10.8521 -0.509949 -1.05
      vertex -10.906 -0.387665 -1.4
      vertex -10.906 -0.387665 -1.05
    endloop
  endfacet
  facet normal 0.915053 0.403334 0
    outer loop
      vertex -10.906 -0.387665 -1.4
      vertex -10.8521 -0.509949 -1.05
      vertex -10.8521 -0.509949 -1.4
    endloop
  endfacet
  facet normal 0.974561 0.224124 0
    outer loop
      vertex -10.906 -0.387665 -1.05
      vertex -10.9384 -0.24678 -1.4
      vertex -10.9384 -0.24678 -1.05
    endloop
  endfacet
  facet normal 0.974561 0.224124 0
    outer loop
      vertex -10.9384 -0.24678 -1.4
      vertex -10.906 -0.387665 -1.05
      vertex -10.906 -0.387665 -1.4
    endloop
  endfacet
  facet normal 0.997715 0.0675634 0
    outer loop
      vertex -10.9384 -0.24678 -1.05
      vertex -10.9492 -0.0872955 -1.4
      vertex -10.9492 -0.0872955 -1.05
    endloop
  endfacet
  facet normal 0.997715 0.0675634 0
    outer loop
      vertex -10.9492 -0.0872955 -1.4
      vertex -10.9384 -0.24678 -1.05
      vertex -10.9384 -0.24678 -1.4
    endloop
  endfacet
  facet normal 0.997774 -0.0666872 0
    outer loop
      vertex -10.9492 -0.0872955 -1.05
      vertex -10.9383 0.0757904 -1.4
      vertex -10.9383 0.0757904 -1.05
    endloop
  endfacet
  facet normal 0.997774 -0.0666872 0
    outer loop
      vertex -10.9383 0.0757904 -1.4
      vertex -10.9492 -0.0872955 -1.05
      vertex -10.9492 -0.0872955 -1.4
    endloop
  endfacet
  facet normal 0.975323 -0.220783 0
    outer loop
      vertex -10.9383 0.0757904 -1.05
      vertex -10.9057 0.219803 -1.4
      vertex -10.9057 0.219803 -1.05
    endloop
  endfacet
  facet normal 0.975323 -0.220783 0
    outer loop
      vertex -10.9057 0.219803 -1.4
      vertex -10.9383 0.0757904 -1.05
      vertex -10.9383 0.0757904 -1.4
    endloop
  endfacet
  facet normal 0.916859 -0.399212 0
    outer loop
      vertex -10.9057 0.219803 -1.05
      vertex -10.8513 0.344742 -1.4
      vertex -10.8513 0.344742 -1.05
    endloop
  endfacet
  facet normal 0.916859 -0.399212 0
    outer loop
      vertex -10.8513 0.344742 -1.4
      vertex -10.9057 0.219803 -1.05
      vertex -10.9057 0.219803 -1.4
    endloop
  endfacet
  facet normal 0.811942 -0.583739 0
    outer loop
      vertex -10.8513 0.344742 -1.05
      vertex -10.7752 0.450592 -1.4
      vertex -10.7752 0.450592 -1.05
    endloop
  endfacet
  facet normal 0.811942 -0.583739 0
    outer loop
      vertex -10.7752 0.450592 -1.4
      vertex -10.8513 0.344742 -1.05
      vertex -10.8513 0.344742 -1.4
    endloop
  endfacet
  facet normal 0.659719 -0.751513 0
    outer loop
      vertex -10.7752 0.450592 -1.4
      vertex -10.6792 0.534866 -1.05
      vertex -10.7752 0.450592 -1.05
    endloop
  endfacet
  facet normal 0.659719 -0.751513 0
    outer loop
      vertex -10.6792 0.534866 -1.05
      vertex -10.7752 0.450592 -1.4
      vertex -10.6792 0.534866 -1.4
    endloop
  endfacet
  facet normal 0.465977 -0.884797 0
    outer loop
      vertex -10.6792 0.534866 -1.4
      vertex -10.5649 0.595062 -1.05
      vertex -10.6792 0.534866 -1.05
    endloop
  endfacet
  facet normal 0.465977 -0.884797 0
    outer loop
      vertex -10.5649 0.595062 -1.05
      vertex -10.6792 0.534866 -1.4
      vertex -10.5649 0.595062 -1.4
    endloop
  endfacet
  facet normal 0.262993 -0.964798 0
    outer loop
      vertex -10.5649 0.595062 -1.4
      vertex -10.4324 0.63118 -1.05
      vertex -10.5649 0.595062 -1.05
    endloop
  endfacet
  facet normal 0.262993 -0.964798 0
    outer loop
      vertex -10.4324 0.63118 -1.05
      vertex -10.5649 0.595062 -1.4
      vertex -10.4324 0.63118 -1.4
    endloop
  endfacet
  facet normal 0.079686 -0.99682 0
    outer loop
      vertex -10.4324 0.63118 -1.4
      vertex -10.2818 0.643219 -1.05
      vertex -10.4324 0.63118 -1.05
    endloop
  endfacet
  facet normal 0.079686 -0.99682 0
    outer loop
      vertex -10.2818 0.643219 -1.05
      vertex -10.4324 0.63118 -1.4
      vertex -10.2818 0.643219 -1.4
    endloop
  endfacet
  facet normal -0.0655295 -0.997851 0
    outer loop
      vertex -10.2818 0.643219 -1.4
      vertex -10.164 0.635483 -1.05
      vertex -10.2818 0.643219 -1.05
    endloop
  endfacet
  facet normal -0.0655295 -0.997851 -0
    outer loop
      vertex -10.164 0.635483 -1.05
      vertex -10.2818 0.643219 -1.4
      vertex -10.164 0.635483 -1.4
    endloop
  endfacet
  facet normal -0.211657 -0.977344 0
    outer loop
      vertex -10.164 0.635483 -1.4
      vertex -10.0569 0.612289 -1.05
      vertex -10.164 0.635483 -1.05
    endloop
  endfacet
  facet normal -0.211657 -0.977344 -0
    outer loop
      vertex -10.0569 0.612289 -1.05
      vertex -10.164 0.635483 -1.4
      vertex -10.0569 0.612289 -1.4
    endloop
  endfacet
  facet normal -0.371971 -0.928244 0
    outer loop
      vertex -10.0569 0.612289 -1.4
      vertex -9.96045 0.573639 -1.05
      vertex -10.0569 0.612289 -1.05
    endloop
  endfacet
  facet normal -0.371971 -0.928244 -0
    outer loop
      vertex -9.96045 0.573639 -1.05
      vertex -10.0569 0.612289 -1.4
      vertex -9.96045 0.573639 -1.4
    endloop
  endfacet
  facet normal -0.533285 -0.845935 0
    outer loop
      vertex -9.96045 0.573639 -1.4
      vertex -9.87462 0.519531 -1.05
      vertex -9.96045 0.573639 -1.05
    endloop
  endfacet
  facet normal -0.533285 -0.845935 -0
    outer loop
      vertex -9.87462 0.519531 -1.05
      vertex -9.96045 0.573639 -1.4
      vertex -9.87462 0.519531 -1.4
    endloop
  endfacet
  facet normal -0.679886 -0.733318 0
    outer loop
      vertex -9.87462 0.519531 -1.4
      vertex -9.80158 0.451813 -1.05
      vertex -9.87462 0.519531 -1.05
    endloop
  endfacet
  facet normal -0.679886 -0.733318 -0
    outer loop
      vertex -9.80158 0.451813 -1.05
      vertex -9.87462 0.519531 -1.4
      vertex -9.80158 0.451813 -1.4
    endloop
  endfacet
  facet normal -0.807506 -0.589859 0
    outer loop
      vertex -9.74352 0.37233 -1.4
      vertex -9.80158 0.451813 -1.05
      vertex -9.80158 0.451813 -1.4
    endloop
  endfacet
  facet normal -0.807506 -0.589859 0
    outer loop
      vertex -9.80158 0.451813 -1.05
      vertex -9.74352 0.37233 -1.4
      vertex -9.74352 0.37233 -1.05
    endloop
  endfacet
  facet normal -0.904219 -0.427069 0
    outer loop
      vertex -9.70043 0.281097 -1.4
      vertex -9.74352 0.37233 -1.05
      vertex -9.74352 0.37233 -1.4
    endloop
  endfacet
  facet normal -0.904219 -0.427069 0
    outer loop
      vertex -9.74352 0.37233 -1.05
      vertex -9.70043 0.281097 -1.4
      vertex -9.70043 0.281097 -1.05
    endloop
  endfacet
  facet normal -0.964716 -0.263293 0
    outer loop
      vertex -9.67232 0.178101 -1.4
      vertex -9.70043 0.281097 -1.05
      vertex -9.70043 0.281097 -1.4
    endloop
  endfacet
  facet normal -0.964716 -0.263293 0
    outer loop
      vertex -9.70043 0.281097 -1.05
      vertex -9.67232 0.178101 -1.4
      vertex -9.67232 0.178101 -1.05
    endloop
  endfacet
  facet normal -0.0493967 0.998779 0
    outer loop
      vertex -9.67232 0.178101 -1.4
      vertex -10.037 0.160065 -1.05
      vertex -9.67232 0.178101 -1.05
    endloop
  endfacet
  facet normal -0.0493967 0.998779 0
    outer loop
      vertex -10.037 0.160065 -1.05
      vertex -9.67232 0.178101 -1.4
      vertex -10.037 0.160065 -1.4
    endloop
  endfacet
  facet normal 0.978889 0.204393 0
    outer loop
      vertex -10.037 0.160065 -1.05
      vertex -10.0476 0.210831 -1.4
      vertex -10.0476 0.210831 -1.05
    endloop
  endfacet
  facet normal 0.978889 0.204393 0
    outer loop
      vertex -10.0476 0.210831 -1.4
      vertex -10.037 0.160065 -1.05
      vertex -10.037 0.160065 -1.4
    endloop
  endfacet
  facet normal 0.940467 0.339885 0
    outer loop
      vertex -10.0476 0.210831 -1.05
      vertex -10.064 0.25621 -1.4
      vertex -10.064 0.25621 -1.05
    endloop
  endfacet
  facet normal 0.940467 0.339885 0
    outer loop
      vertex -10.064 0.25621 -1.4
      vertex -10.0476 0.210831 -1.05
      vertex -10.0476 0.210831 -1.4
    endloop
  endfacet
  facet normal 0.87425 0.485476 0
    outer loop
      vertex -10.064 0.25621 -1.05
      vertex -10.0862 0.296188 -1.4
      vertex -10.0862 0.296188 -1.05
    endloop
  endfacet
  facet normal 0.87425 0.485476 0
    outer loop
      vertex -10.0862 0.296188 -1.4
      vertex -10.064 0.25621 -1.05
      vertex -10.064 0.25621 -1.4
    endloop
  endfacet
  facet normal 0.777278 0.629157 0
    outer loop
      vertex -10.0862 0.296188 -1.05
      vertex -10.1142 0.33078 -1.4
      vertex -10.1142 0.33078 -1.05
    endloop
  endfacet
  facet normal 0.777278 0.629157 0
    outer loop
      vertex -10.1142 0.33078 -1.4
      vertex -10.0862 0.296188 -1.05
      vertex -10.0862 0.296188 -1.4
    endloop
  endfacet
  facet normal 0.632236 0.774776 -0
    outer loop
      vertex -10.1142 0.33078 -1.4
      vertex -10.1484 0.358688 -1.05
      vertex -10.1142 0.33078 -1.05
    endloop
  endfacet
  facet normal 0.632236 0.774776 0
    outer loop
      vertex -10.1484 0.358688 -1.05
      vertex -10.1142 0.33078 -1.4
      vertex -10.1484 0.358688 -1.4
    endloop
  endfacet
  facet normal 0.440621 0.897693 -0
    outer loop
      vertex -10.1484 0.358688 -1.4
      vertex -10.189 0.378616 -1.05
      vertex -10.1484 0.358688 -1.05
    endloop
  endfacet
  facet normal 0.440621 0.897693 0
    outer loop
      vertex -10.189 0.378616 -1.05
      vertex -10.1484 0.358688 -1.4
      vertex -10.189 0.378616 -1.4
    endloop
  endfacet
  facet normal 0.246667 0.9691 -0
    outer loop
      vertex -10.189 0.378616 -1.4
      vertex -10.236 0.390579 -1.05
      vertex -10.189 0.378616 -1.05
    endloop
  endfacet
  facet normal 0.246667 0.9691 0
    outer loop
      vertex -10.236 0.390579 -1.05
      vertex -10.189 0.378616 -1.4
      vertex -10.236 0.390579 -1.4
    endloop
  endfacet
  facet normal 0.0742431 0.99724 -0
    outer loop
      vertex -10.236 0.390579 -1.4
      vertex -10.2895 0.394562 -1.05
      vertex -10.236 0.390579 -1.05
    endloop
  endfacet
  facet normal 0.0742431 0.99724 0
    outer loop
      vertex -10.2895 0.394562 -1.05
      vertex -10.236 0.390579 -1.4
      vertex -10.2895 0.394562 -1.4
    endloop
  endfacet
  facet normal -0.232388 0.972623 0
    outer loop
      vertex -10.2895 0.394562 -1.4
      vertex -10.4118 0.365341 -1.05
      vertex -10.2895 0.394562 -1.05
    endloop
  endfacet
  facet normal -0.232388 0.972623 0
    outer loop
      vertex -10.4118 0.365341 -1.05
      vertex -10.2895 0.394562 -1.4
      vertex -10.4118 0.365341 -1.4
    endloop
  endfacet
  facet normal -0.708345 0.705866 0
    outer loop
      vertex -10.4992 0.277634 -1.4
      vertex -10.4118 0.365341 -1.05
      vertex -10.4118 0.365341 -1.4
    endloop
  endfacet
  facet normal -0.708345 0.705866 0
    outer loop
      vertex -10.4118 0.365341 -1.05
      vertex -10.4992 0.277634 -1.4
      vertex -10.4992 0.277634 -1.05
    endloop
  endfacet
  facet normal -0.941325 0.337501 0
    outer loop
      vertex -10.5516 0.131485 -1.4
      vertex -10.4992 0.277634 -1.05
      vertex -10.4992 0.277634 -1.4
    endloop
  endfacet
  facet normal -0.941325 0.337501 0
    outer loop
      vertex -10.4992 0.277634 -1.05
      vertex -10.5516 0.131485 -1.4
      vertex -10.5516 0.131485 -1.05
    endloop
  endfacet
  facet normal -0.996362 0.0852195 0
    outer loop
      vertex -10.5691 -0.0731201 -1.4
      vertex -10.5516 0.131485 -1.05
      vertex -10.5516 0.131485 -1.4
    endloop
  endfacet
  facet normal -0.996362 0.0852195 0
    outer loop
      vertex -10.5516 0.131485 -1.05
      vertex -10.5691 -0.0731201 -1.4
      vertex -10.5691 -0.0731201 -1.05
    endloop
  endfacet
  facet normal -0.996455 -0.0841285 0
    outer loop
      vertex -10.5513 -0.283951 -1.4
      vertex -10.5691 -0.0731201 -1.05
      vertex -10.5691 -0.0731201 -1.4
    endloop
  endfacet
  facet normal -0.996455 -0.0841285 0
    outer loop
      vertex -10.5691 -0.0731201 -1.05
      vertex -10.5513 -0.283951 -1.4
      vertex -10.5513 -0.283951 -1.05
    endloop
  endfacet
  facet normal -0.942486 -0.334246 0
    outer loop
      vertex -10.4979 -0.434525 -1.4
      vertex -10.5513 -0.283951 -1.05
      vertex -10.5513 -0.283951 -1.4
    endloop
  endfacet
  facet normal -0.942486 -0.334246 0
    outer loop
      vertex -10.5513 -0.283951 -1.05
      vertex -10.4979 -0.434525 -1.4
      vertex -10.4979 -0.434525 -1.05
    endloop
  endfacet
  facet normal -0.712456 -0.701717 0
    outer loop
      vertex -10.4089 -0.524887 -1.4
      vertex -10.4979 -0.434525 -1.05
      vertex -10.4979 -0.434525 -1.4
    endloop
  endfacet
  facet normal -0.712456 -0.701717 0
    outer loop
      vertex -10.4979 -0.434525 -1.05
      vertex -10.4089 -0.524887 -1.4
      vertex -10.4089 -0.524887 -1.05
    endloop
  endfacet
  facet normal -0.234973 -0.972002 0
    outer loop
      vertex -10.4089 -0.524887 -1.4
      vertex -10.2843 -0.555008 -1.05
      vertex -10.4089 -0.524887 -1.05
    endloop
  endfacet
  facet normal -0.234973 -0.972002 -0
    outer loop
      vertex -10.2843 -0.555008 -1.05
      vertex -10.4089 -0.524887 -1.4
      vertex -10.2843 -0.555008 -1.4
    endloop
  endfacet
  facet normal 0.0821906 -0.996617 0
    outer loop
      vertex -10.2843 -0.555008 -1.4
      vertex -10.2349 -0.550934 -1.05
      vertex -10.2843 -0.555008 -1.05
    endloop
  endfacet
  facet normal 0.0821906 -0.996617 0
    outer loop
      vertex -10.2349 -0.550934 -1.05
      vertex -10.2843 -0.555008 -1.4
      vertex -10.2349 -0.550934 -1.4
    endloop
  endfacet
  facet normal 0.259891 -0.965638 0
    outer loop
      vertex -10.2349 -0.550934 -1.4
      vertex -10.1896 -0.538742 -1.05
      vertex -10.2349 -0.550934 -1.05
    endloop
  endfacet
  facet normal 0.259891 -0.965638 0
    outer loop
      vertex -10.1896 -0.538742 -1.05
      vertex -10.2349 -0.550934 -1.4
      vertex -10.1896 -0.538742 -1.4
    endloop
  endfacet
  facet normal 0.444415 -0.895821 0
    outer loop
      vertex -10.1896 -0.538742 -1.4
      vertex -10.1486 -0.518402 -1.05
      vertex -10.1896 -0.538742 -1.05
    endloop
  endfacet
  facet normal 0.444415 -0.895821 0
    outer loop
      vertex -10.1486 -0.518402 -1.05
      vertex -10.1896 -0.538742 -1.4
      vertex -10.1486 -0.518402 -1.4
    endloop
  endfacet
  facet normal 0.6107 -0.791862 0
    outer loop
      vertex -10.1486 -0.518402 -1.4
      vertex -10.1117 -0.489944 -1.05
      vertex -10.1486 -0.518402 -1.05
    endloop
  endfacet
  facet normal 0.6107 -0.791862 0
    outer loop
      vertex -10.1117 -0.489944 -1.05
      vertex -10.1486 -0.518402 -1.4
      vertex -10.1117 -0.489944 -1.4
    endloop
  endfacet
  facet normal 0.75718 -0.653206 0
    outer loop
      vertex -10.1117 -0.489944 -1.05
      vertex -10.0802 -0.45343 -1.4
      vertex -10.0802 -0.45343 -1.05
    endloop
  endfacet
  facet normal 0.75718 -0.653206 0
    outer loop
      vertex -10.0802 -0.45343 -1.4
      vertex -10.1117 -0.489944 -1.05
      vertex -10.1117 -0.489944 -1.4
    endloop
  endfacet
  facet normal 0.872645 -0.488355 0
    outer loop
      vertex -10.0802 -0.45343 -1.05
      vertex -10.0553 -0.408936 -1.4
      vertex -10.0553 -0.408936 -1.05
    endloop
  endfacet
  facet normal 0.872645 -0.488355 0
    outer loop
      vertex -10.0553 -0.408936 -1.4
      vertex -10.0802 -0.45343 -1.05
      vertex -10.0802 -0.45343 -1.4
    endloop
  endfacet
  facet normal 0.944229 -0.329288 0
    outer loop
      vertex -10.0553 -0.408936 -1.05
      vertex -10.037 -0.356461 -1.4
      vertex -10.037 -0.356461 -1.05
    endloop
  endfacet
  facet normal 0.944229 -0.329288 0
    outer loop
      vertex -10.037 -0.356461 -1.4
      vertex -10.0553 -0.408936 -1.05
      vertex -10.0553 -0.408936 -1.4
    endloop
  endfacet
  facet normal 0.981765 -0.190098 0
    outer loop
      vertex -10.037 -0.356461 -1.05
      vertex -10.0253 -0.296036 -1.4
      vertex -10.0253 -0.296036 -1.05
    endloop
  endfacet
  facet normal 0.981765 -0.190098 0
    outer loop
      vertex -10.0253 -0.296036 -1.4
      vertex -10.037 -0.356461 -1.05
      vertex -10.037 -0.356461 -1.4
    endloop
  endfacet
  facet normal -0.0460273 -0.99894 0
    outer loop
      vertex -10.0253 -0.296036 -1.4
      vertex -9.66201 -0.312775 -1.05
      vertex -10.0253 -0.296036 -1.05
    endloop
  endfacet
  facet normal -0.0460273 -0.99894 -0
    outer loop
      vertex -9.66201 -0.312775 -1.05
      vertex -10.0253 -0.296036 -1.4
      vertex -9.66201 -0.312775 -1.4
    endloop
  endfacet
  facet normal -0.981295 0.192508 0
    outer loop
      vertex -9.67566 -0.382355 -1.4
      vertex -9.66201 -0.312775 -1.05
      vertex -9.66201 -0.312775 -1.4
    endloop
  endfacet
  facet normal -0.981295 0.192508 0
    outer loop
      vertex -9.66201 -0.312775 -1.05
      vertex -9.67566 -0.382355 -1.4
      vertex -9.67566 -0.382355 -1.05
    endloop
  endfacet
  facet normal -0.949918 0.3125 0
    outer loop
      vertex -9.69728 -0.448074 -1.4
      vertex -9.67566 -0.382355 -1.05
      vertex -9.67566 -0.382355 -1.4
    endloop
  endfacet
  facet normal -0.949918 0.3125 0
    outer loop
      vertex -9.67566 -0.382355 -1.05
      vertex -9.69728 -0.448074 -1.4
      vertex -9.69728 -0.448074 -1.05
    endloop
  endfacet
  facet normal -0.902064 0.431603 0
    outer loop
      vertex -9.72687 -0.509918 -1.4
      vertex -9.69728 -0.448074 -1.05
      vertex -9.69728 -0.448074 -1.4
    endloop
  endfacet
  facet normal -0.902064 0.431603 0
    outer loop
      vertex -9.69728 -0.448074 -1.05
      vertex -9.72687 -0.509918 -1.4
      vertex -9.72687 -0.509918 -1.05
    endloop
  endfacet
  facet normal -0.839234 0.543771 0
    outer loop
      vertex -9.76444 -0.567902 -1.4
      vertex -9.72687 -0.509918 -1.05
      vertex -9.72687 -0.509918 -1.4
    endloop
  endfacet
  facet normal -0.839234 0.543771 0
    outer loop
      vertex -9.72687 -0.509918 -1.05
      vertex -9.76444 -0.567902 -1.4
      vertex -9.76444 -0.567902 -1.05
    endloop
  endfacet
  facet normal -0.762776 0.646663 0
    outer loop
      vertex -9.80925 -0.620758 -1.4
      vertex -9.76444 -0.567902 -1.05
      vertex -9.76444 -0.567902 -1.4
    endloop
  endfacet
  facet normal -0.762776 0.646663 0
    outer loop
      vertex -9.76444 -0.567902 -1.05
      vertex -9.80925 -0.620758 -1.4
      vertex -9.80925 -0.620758 -1.05
    endloop
  endfacet
  facet normal -0.671306 0.74118 0
    outer loop
      vertex -9.80925 -0.620758 -1.4
      vertex -9.8606 -0.667267 -1.05
      vertex -9.80925 -0.620758 -1.05
    endloop
  endfacet
  facet normal -0.671306 0.74118 0
    outer loop
      vertex -9.8606 -0.667267 -1.05
      vertex -9.80925 -0.620758 -1.4
      vertex -9.8606 -0.667267 -1.4
    endloop
  endfacet
  facet normal -0.569911 0.821706 0
    outer loop
      vertex -9.8606 -0.667267 -1.4
      vertex -9.91846 -0.707397 -1.05
      vertex -9.8606 -0.667267 -1.05
    endloop
  endfacet
  facet normal -0.569911 0.821706 0
    outer loop
      vertex -9.91846 -0.707397 -1.05
      vertex -9.8606 -0.667267 -1.4
      vertex -9.91846 -0.707397 -1.4
    endloop
  endfacet
  facet normal -0.464656 0.885491 0
    outer loop
      vertex -9.91846 -0.707397 -1.4
      vertex -9.98284 -0.74118 -1.05
      vertex -9.91846 -0.707397 -1.05
    endloop
  endfacet
  facet normal -0.464656 0.885491 0
    outer loop
      vertex -9.98284 -0.74118 -1.05
      vertex -9.91846 -0.707397 -1.4
      vertex -9.98284 -0.74118 -1.4
    endloop
  endfacet
  facet normal -0.358387 0.933573 0
    outer loop
      vertex -9.98284 -0.74118 -1.4
      vertex -10.0526 -0.76796 -1.05
      vertex -9.98284 -0.74118 -1.05
    endloop
  endfacet
  facet normal -0.358387 0.933573 0
    outer loop
      vertex -10.0526 -0.76796 -1.05
      vertex -9.98284 -0.74118 -1.4
      vertex -10.0526 -0.76796 -1.4
    endloop
  endfacet
  facet normal -0.250468 0.968125 0
    outer loop
      vertex -10.0526 -0.76796 -1.4
      vertex -10.1265 -0.787079 -1.05
      vertex -10.0526 -0.76796 -1.05
    endloop
  endfacet
  facet normal -0.250468 0.968125 0
    outer loop
      vertex -10.1265 -0.787079 -1.05
      vertex -10.0526 -0.76796 -1.4
      vertex -10.1265 -0.787079 -1.4
    endloop
  endfacet
  facet normal -0.145354 0.98938 0
    outer loop
      vertex -10.1265 -0.787079 -1.4
      vertex -10.2046 -0.798553 -1.05
      vertex -10.1265 -0.787079 -1.05
    endloop
  endfacet
  facet normal -0.145354 0.98938 0
    outer loop
      vertex -10.2046 -0.798553 -1.05
      vertex -10.1265 -0.787079 -1.4
      vertex -10.2046 -0.798553 -1.4
    endloop
  endfacet
  facet normal -0.0464867 0.998919 0
    outer loop
      vertex -10.2046 -0.798553 -1.4
      vertex -10.2869 -0.802383 -1.05
      vertex -10.2046 -0.798553 -1.05
    endloop
  endfacet
  facet normal -0.0464867 0.998919 0
    outer loop
      vertex -10.2869 -0.802383 -1.05
      vertex -10.2046 -0.798553 -1.4
      vertex -10.2869 -0.802383 -1.4
    endloop
  endfacet
  facet normal 0.0786519 0.996902 -0
    outer loop
      vertex -10.2869 -0.802383 -1.4
      vertex -10.4364 -0.790588 -1.05
      vertex -10.2869 -0.802383 -1.05
    endloop
  endfacet
  facet normal 0.0786519 0.996902 0
    outer loop
      vertex -10.4364 -0.790588 -1.05
      vertex -10.2869 -0.802383 -1.4
      vertex -10.4364 -0.790588 -1.4
    endloop
  endfacet
  facet normal 0.256318 0.966593 -0
    outer loop
      vertex -8.9731 -0.790298 -1.4
      vertex -9.10976 -0.754059 -1.05
      vertex -8.9731 -0.790298 -1.05
    endloop
  endfacet
  facet normal 0.256318 0.966593 0
    outer loop
      vertex -9.10976 -0.754059 -1.05
      vertex -8.9731 -0.790298 -1.4
      vertex -9.10976 -0.754059 -1.4
    endloop
  endfacet
  facet normal 0.452233 0.8919 -0
    outer loop
      vertex -9.10976 -0.754059 -1.4
      vertex -9.22887 -0.693665 -1.05
      vertex -9.10976 -0.754059 -1.05
    endloop
  endfacet
  facet normal 0.452233 0.8919 0
    outer loop
      vertex -9.22887 -0.693665 -1.05
      vertex -9.10976 -0.754059 -1.4
      vertex -9.22887 -0.693665 -1.4
    endloop
  endfacet
  facet normal 0.639845 0.768504 -0
    outer loop
      vertex -9.22887 -0.693665 -1.4
      vertex -9.33042 -0.609116 -1.05
      vertex -9.22887 -0.693665 -1.05
    endloop
  endfacet
  facet normal 0.639845 0.768504 0
    outer loop
      vertex -9.33042 -0.609116 -1.05
      vertex -9.22887 -0.693665 -1.4
      vertex -9.33042 -0.609116 -1.4
    endloop
  endfacet
  facet normal 0.793026 0.609188 0
    outer loop
      vertex -9.33042 -0.609116 -1.05
      vertex -9.41158 -0.503464 -1.4
      vertex -9.41158 -0.503464 -1.05
    endloop
  endfacet
  facet normal 0.793026 0.609188 0
    outer loop
      vertex -9.41158 -0.503464 -1.4
      vertex -9.33042 -0.609116 -1.05
      vertex -9.33042 -0.609116 -1.4
    endloop
  endfacet
  facet normal 0.905455 0.424441 0
    outer loop
      vertex -9.41158 -0.503464 -1.05
      vertex -9.46956 -0.379776 -1.4
      vertex -9.46956 -0.379776 -1.05
    endloop
  endfacet
  facet normal 0.905455 0.424441 0
    outer loop
      vertex -9.46956 -0.379776 -1.4
      vertex -9.41158 -0.503464 -1.05
      vertex -9.41158 -0.503464 -1.4
    endloop
  endfacet
  facet normal 0.971167 0.238399 0
    outer loop
      vertex -9.46956 -0.379776 -1.05
      vertex -9.50435 -0.238052 -1.4
      vertex -9.50435 -0.238052 -1.05
    endloop
  endfacet
  facet normal 0.971167 0.238399 0
    outer loop
      vertex -9.50435 -0.238052 -1.4
      vertex -9.46956 -0.379776 -1.05
      vertex -9.46956 -0.379776 -1.4
    endloop
  endfacet
  facet normal 0.997374 0.0724186 0
    outer loop
      vertex -9.50435 -0.238052 -1.05
      vertex -9.51595 -0.0782928 -1.4
      vertex -9.51595 -0.0782928 -1.05
    endloop
  endfacet
  facet normal 0.997374 0.0724186 0
    outer loop
      vertex -9.51595 -0.0782928 -1.4
      vertex -9.50435 -0.238052 -1.05
      vertex -9.50435 -0.238052 -1.4
    endloop
  endfacet
  facet normal 0.997354 -0.0726948 0
    outer loop
      vertex -9.51595 -0.0782928 -1.05
      vertex -9.50435 0.0808563 -1.4
      vertex -9.50435 0.0808563 -1.05
    endloop
  endfacet
  facet normal 0.997354 -0.0726948 0
    outer loop
      vertex -9.50435 0.0808563 -1.4
      vertex -9.51595 -0.0782928 -1.05
      vertex -9.51595 -0.0782928 -1.4
    endloop
  endfacet
  facet normal 0.970964 -0.239226 0
    outer loop
      vertex -9.50435 0.0808563 -1.05
      vertex -9.46956 0.222061 -1.4
      vertex -9.46956 0.222061 -1.05
    endloop
  endfacet
  facet normal 0.970964 -0.239226 0
    outer loop
      vertex -9.46956 0.222061 -1.4
      vertex -9.50435 0.0808563 -1.05
      vertex -9.50435 0.0808563 -1.4
    endloop
  endfacet
  facet normal 0.904869 -0.425691 0
    outer loop
      vertex -9.46956 0.222061 -1.05
      vertex -9.41158 0.345306 -1.4
      vertex -9.41158 0.345306 -1.05
    endloop
  endfacet
  facet normal 0.904869 -0.425691 0
    outer loop
      vertex -9.41158 0.345306 -1.4
      vertex -9.46956 0.222061 -1.05
      vertex -9.46956 0.222061 -1.4
    endloop
  endfacet
  facet normal 0.792003 -0.610517 0
    outer loop
      vertex -9.41158 0.345306 -1.05
      vertex -9.33042 0.450592 -1.4
      vertex -9.33042 0.450592 -1.05
    endloop
  endfacet
  facet normal 0.792003 -0.610517 0
    outer loop
      vertex -9.33042 0.450592 -1.4
      vertex -9.41158 0.345306 -1.05
      vertex -9.41158 0.345306 -1.4
    endloop
  endfacet
  facet normal 0.636792 -0.771036 0
    outer loop
      vertex -9.33042 0.450592 -1.4
      vertex -9.22838 0.534866 -1.05
      vertex -9.33042 0.450592 -1.05
    endloop
  endfacet
  facet normal 0.636792 -0.771036 0
    outer loop
      vertex -9.22838 0.534866 -1.05
      vertex -9.33042 0.450592 -1.4
      vertex -9.22838 0.534866 -1.4
    endloop
  endfacet
  facet normal 0.446774 -0.894647 0
    outer loop
      vertex -9.22838 0.534866 -1.4
      vertex -9.10784 0.595062 -1.05
      vertex -9.22838 0.534866 -1.05
    endloop
  endfacet
  facet normal 0.446774 -0.894647 0
    outer loop
      vertex -9.10784 0.595062 -1.05
      vertex -9.22838 0.534866 -1.4
      vertex -9.10784 0.595062 -1.4
    endloop
  endfacet
  facet normal 0.251372 -0.967891 0
    outer loop
      vertex -9.10784 0.595062 -1.4
      vertex -8.96877 0.63118 -1.05
      vertex -9.10784 0.595062 -1.05
    endloop
  endfacet
  facet normal 0.251372 -0.967891 0
    outer loop
      vertex -8.96877 0.63118 -1.05
      vertex -9.10784 0.595062 -1.4
      vertex -8.96877 0.63118 -1.4
    endloop
  endfacet
  facet normal 0.0761725 -0.997095 0
    outer loop
      vertex -8.96877 0.63118 -1.4
      vertex -8.81118 0.643219 -1.05
      vertex -8.96877 0.63118 -1.05
    endloop
  endfacet
  facet normal 0.0761725 -0.997095 0
    outer loop
      vertex -8.81118 0.643219 -1.05
      vertex -8.96877 0.63118 -1.4
      vertex -8.81118 0.643219 -1.4
    endloop
  endfacet
  facet normal -0.072292 -0.997384 0
    outer loop
      vertex -8.81118 0.643219 -1.4
      vertex -8.65056 0.631577 -1.05
      vertex -8.81118 0.643219 -1.05
    endloop
  endfacet
  facet normal -0.072292 -0.997384 -0
    outer loop
      vertex -8.65056 0.631577 -1.05
      vertex -8.81118 0.643219 -1.4
      vertex -8.65056 0.631577 -1.4
    endloop
  endfacet
  facet normal -0.241231 -0.970468 0
    outer loop
      vertex -8.65056 0.631577 -1.4
      vertex -8.51017 0.59668 -1.05
      vertex -8.65056 0.631577 -1.05
    endloop
  endfacet
  facet normal -0.241231 -0.970468 -0
    outer loop
      vertex -8.51017 0.59668 -1.05
      vertex -8.65056 0.631577 -1.4
      vertex -8.51017 0.59668 -1.4
    endloop
  endfacet
  facet normal -0.435687 -0.900098 0
    outer loop
      vertex -8.51017 0.59668 -1.4
      vertex -8.38997 0.538498 -1.05
      vertex -8.51017 0.59668 -1.05
    endloop
  endfacet
  facet normal -0.435687 -0.900098 -0
    outer loop
      vertex -8.38997 0.538498 -1.05
      vertex -8.51017 0.59668 -1.4
      vertex -8.38997 0.538498 -1.4
    endloop
  endfacet
  facet normal -0.631757 -0.775166 0
    outer loop
      vertex -8.38997 0.538498 -1.4
      vertex -8.29001 0.457031 -1.05
      vertex -8.38997 0.538498 -1.05
    endloop
  endfacet
  facet normal -0.631757 -0.775166 -0
    outer loop
      vertex -8.29001 0.457031 -1.05
      vertex -8.38997 0.538498 -1.4
      vertex -8.29001 0.457031 -1.4
    endloop
  endfacet
  facet normal -0.795548 -0.605891 0
    outer loop
      vertex -8.21137 0.353775 -1.4
      vertex -8.29001 0.457031 -1.05
      vertex -8.29001 0.457031 -1.4
    endloop
  endfacet
  facet normal -0.795548 -0.605891 0
    outer loop
      vertex -8.29001 0.457031 -1.05
      vertex -8.21137 0.353775 -1.4
      vertex -8.21137 0.353775 -1.05
    endloop
  endfacet
  facet normal -0.910471 -0.413573 0
    outer loop
      vertex -8.1552 0.230118 -1.4
      vertex -8.21137 0.353775 -1.05
      vertex -8.21137 0.353775 -1.4
    endloop
  endfacet
  facet normal -0.910471 -0.413573 0
    outer loop
      vertex -8.21137 0.353775 -1.05
      vertex -8.1552 0.230118 -1.4
      vertex -8.1552 0.230118 -1.05
    endloop
  endfacet
  facet normal -0.973716 -0.227765 0
    outer loop
      vertex -8.12151 0.0860901 -1.4
      vertex -8.1552 0.230118 -1.05
      vertex -8.1552 0.230118 -1.4
    endloop
  endfacet
  facet normal -0.973716 -0.227765 0
    outer loop
      vertex -8.1552 0.230118 -1.05
      vertex -8.12151 0.0860901 -1.4
      vertex -8.12151 0.0860901 -1.05
    endloop
  endfacet
  facet normal -0.997666 -0.0682781 0
    outer loop
      vertex -8.11026 -0.0782928 -1.4
      vertex -8.12151 0.0860901 -1.05
      vertex -8.12151 0.0860901 -1.4
    endloop
  endfacet
  facet normal -0.997666 -0.0682781 0
    outer loop
      vertex -8.12151 0.0860901 -1.05
      vertex -8.11026 -0.0782928 -1.4
      vertex -8.11026 -0.0782928 -1.05
    endloop
  endfacet
  facet normal -0.997315 0.0732376 0
    outer loop
      vertex -8.12203 -0.238571 -1.4
      vertex -8.11026 -0.0782928 -1.05
      vertex -8.11026 -0.0782928 -1.4
    endloop
  endfacet
  facet normal -0.997315 0.0732376 0
    outer loop
      vertex -8.11026 -0.0782928 -1.05
      vertex -8.12203 -0.238571 -1.4
      vertex -8.12203 -0.238571 -1.05
    endloop
  endfacet
  facet normal -0.970533 0.240969 0
    outer loop
      vertex -8.15729 -0.380585 -1.4
      vertex -8.12203 -0.238571 -1.05
      vertex -8.12203 -0.238571 -1.4
    endloop
  endfacet
  facet normal -0.970533 0.240969 0
    outer loop
      vertex -8.12203 -0.238571 -1.05
      vertex -8.15729 -0.380585 -1.4
      vertex -8.15729 -0.380585 -1.05
    endloop
  endfacet
  facet normal -0.90321 0.429199 0
    outer loop
      vertex -8.21608 -0.504303 -1.4
      vertex -8.15729 -0.380585 -1.05
      vertex -8.15729 -0.380585 -1.4
    endloop
  endfacet
  facet normal -0.90321 0.429199 0
    outer loop
      vertex -8.15729 -0.380585 -1.05
      vertex -8.21608 -0.504303 -1.4
      vertex -8.21608 -0.504303 -1.05
    endloop
  endfacet
  facet normal -0.788297 0.615295 0
    outer loop
      vertex -8.29839 -0.609756 -1.4
      vertex -8.21608 -0.504303 -1.05
      vertex -8.21608 -0.504303 -1.4
    endloop
  endfacet
  facet normal -0.788297 0.615295 0
    outer loop
      vertex -8.21608 -0.504303 -1.05
      vertex -8.29839 -0.609756 -1.4
      vertex -8.29839 -0.609756 -1.05
    endloop
  endfacet
  facet normal -0.63299 0.77416 0
    outer loop
      vertex -8.29839 -0.609756 -1.4
      vertex -8.40146 -0.694031 -1.05
      vertex -8.29839 -0.609756 -1.05
    endloop
  endfacet
  facet normal -0.63299 0.77416 0
    outer loop
      vertex -8.40146 -0.694031 -1.05
      vertex -8.29839 -0.609756 -1.4
      vertex -8.40146 -0.694031 -1.4
    endloop
  endfacet
  facet normal -0.445089 0.895486 0
    outer loop
      vertex -8.40146 -0.694031 -1.4
      vertex -8.52257 -0.754227 -1.05
      vertex -8.40146 -0.694031 -1.05
    endloop
  endfacet
  facet normal -0.445089 0.895486 0
    outer loop
      vertex -8.52257 -0.754227 -1.05
      vertex -8.40146 -0.694031 -1.4
      vertex -8.52257 -0.754227 -1.4
    endloop
  endfacet
  facet normal -0.25123 0.967927 0
    outer loop
      vertex -8.52257 -0.754227 -1.4
      vertex -8.66172 -0.790344 -1.05
      vertex -8.52257 -0.754227 -1.05
    endloop
  endfacet
  facet normal -0.25123 0.967927 0
    outer loop
      vertex -8.66172 -0.790344 -1.05
      vertex -8.52257 -0.754227 -1.4
      vertex -8.66172 -0.790344 -1.4
    endloop
  endfacet
  facet normal -0.07637 0.99708 0
    outer loop
      vertex -8.66172 -0.790344 -1.4
      vertex -8.8189 -0.802383 -1.05
      vertex -8.66172 -0.790344 -1.05
    endloop
  endfacet
  facet normal -0.07637 0.99708 0
    outer loop
      vertex -8.8189 -0.802383 -1.05
      vertex -8.66172 -0.790344 -1.4
      vertex -8.8189 -0.802383 -1.4
    endloop
  endfacet
  facet normal 0.0781327 0.996943 -0
    outer loop
      vertex -8.8189 -0.802383 -1.4
      vertex -8.9731 -0.790298 -1.05
      vertex -8.8189 -0.802383 -1.05
    endloop
  endfacet
  facet normal 0.0781327 0.996943 0
    outer loop
      vertex -8.9731 -0.790298 -1.05
      vertex -8.8189 -0.802383 -1.4
      vertex -8.9731 -0.790298 -1.4
    endloop
  endfacet
  facet normal 0.650805 -0.759245 0
    outer loop
      vertex -8.67676 -0.525208 -1.4
      vertex -8.57248 -0.435822 -1.05
      vertex -8.67676 -0.525208 -1.05
    endloop
  endfacet
  facet normal 0.650805 -0.759245 0
    outer loop
      vertex -8.57248 -0.435822 -1.05
      vertex -8.67676 -0.525208 -1.4
      vertex -8.57248 -0.435822 -1.4
    endloop
  endfacet
  facet normal 0.921978 -0.387242 0
    outer loop
      vertex -8.57248 -0.435822 -1.05
      vertex -8.50991 -0.28685 -1.4
      vertex -8.50991 -0.28685 -1.05
    endloop
  endfacet
  facet normal 0.921978 -0.387242 0
    outer loop
      vertex -8.50991 -0.28685 -1.4
      vertex -8.57248 -0.435822 -1.05
      vertex -8.57248 -0.435822 -1.4
    endloop
  endfacet
  facet normal 0.995035 -0.0995239 0
    outer loop
      vertex -8.50991 -0.28685 -1.05
      vertex -8.48905 -0.0782928 -1.4
      vertex -8.48905 -0.0782928 -1.05
    endloop
  endfacet
  facet normal 0.995035 -0.0995239 0
    outer loop
      vertex -8.48905 -0.0782928 -1.4
      vertex -8.50991 -0.28685 -1.05
      vertex -8.50991 -0.28685 -1.4
    endloop
  endfacet
  facet normal 0.999039 0.0438328 0
    outer loop
      vertex -8.48905 -0.0782928 -1.05
      vertex -8.49413 0.0374908 -1.4
      vertex -8.49413 0.0374908 -1.05
    endloop
  endfacet
  facet normal 0.999039 0.0438328 0
    outer loop
      vertex -8.49413 0.0374908 -1.4
      vertex -8.48905 -0.0782928 -1.05
      vertex -8.48905 -0.0782928 -1.4
    endloop
  endfacet
  facet normal 0.988309 0.152465 0
    outer loop
      vertex -8.49413 0.0374908 -1.05
      vertex -8.50936 0.136215 -1.4
      vertex -8.50936 0.136215 -1.05
    endloop
  endfacet
  facet normal 0.988309 0.152465 0
    outer loop
      vertex -8.50936 0.136215 -1.4
      vertex -8.49413 0.0374908 -1.05
      vertex -8.49413 0.0374908 -1.4
    endloop
  endfacet
  facet normal 0.955012 0.296567 0
    outer loop
      vertex -8.50936 0.136215 -1.05
      vertex -8.53472 0.21788 -1.4
      vertex -8.53472 0.21788 -1.05
    endloop
  endfacet
  facet normal 0.955012 0.296567 0
    outer loop
      vertex -8.53472 0.21788 -1.4
      vertex -8.50936 0.136215 -1.05
      vertex -8.50936 0.136215 -1.4
    endloop
  endfacet
  facet normal 0.876245 0.481866 0
    outer loop
      vertex -8.53472 0.21788 -1.05
      vertex -8.57024 0.282471 -1.4
      vertex -8.57024 0.282471 -1.05
    endloop
  endfacet
  facet normal 0.876245 0.481866 0
    outer loop
      vertex -8.57024 0.282471 -1.4
      vertex -8.53472 0.21788 -1.05
      vertex -8.53472 0.21788 -1.4
    endloop
  endfacet
  facet normal 0.735465 0.677562 0
    outer loop
      vertex -8.57024 0.282471 -1.05
      vertex -8.61542 0.331512 -1.4
      vertex -8.61542 0.331512 -1.05
    endloop
  endfacet
  facet normal 0.735465 0.677562 0
    outer loop
      vertex -8.61542 0.331512 -1.4
      vertex -8.57024 0.282471 -1.05
      vertex -8.57024 0.282471 -1.4
    endloop
  endfacet
  facet normal 0.541805 0.840505 -0
    outer loop
      vertex -8.61542 0.331512 -1.4
      vertex -8.66977 0.366547 -1.05
      vertex -8.61542 0.331512 -1.05
    endloop
  endfacet
  facet normal 0.541805 0.840505 0
    outer loop
      vertex -8.66977 0.366547 -1.05
      vertex -8.61542 0.331512 -1.4
      vertex -8.66977 0.366547 -1.4
    endloop
  endfacet
  facet normal 0.314043 0.949409 -0
    outer loop
      vertex -8.66977 0.366547 -1.4
      vertex -8.73329 0.387558 -1.05
      vertex -8.66977 0.366547 -1.05
    endloop
  endfacet
  facet normal 0.314043 0.949409 0
    outer loop
      vertex -8.73329 0.387558 -1.05
      vertex -8.66977 0.366547 -1.4
      vertex -8.73329 0.387558 -1.4
    endloop
  endfacet
  facet normal 0.095884 0.995393 -0
    outer loop
      vertex -8.73329 0.387558 -1.4
      vertex -8.806 0.394562 -1.05
      vertex -8.73329 0.387558 -1.05
    endloop
  endfacet
  facet normal 0.095884 0.995393 0
    outer loop
      vertex -8.806 0.394562 -1.05
      vertex -8.73329 0.387558 -1.4
      vertex -8.806 0.394562 -1.4
    endloop
  endfacet
  facet normal -0.200637 0.979666 0
    outer loop
      vertex -8.806 0.394562 -1.4
      vertex -8.95032 0.365005 -1.05
      vertex -8.806 0.394562 -1.05
    endloop
  endfacet
  facet normal -0.200637 0.979666 0
    outer loop
      vertex -8.95032 0.365005 -1.05
      vertex -8.806 0.394562 -1.4
      vertex -8.95032 0.365005 -1.4
    endloop
  endfacet
  facet normal -0.652093 0.758139 0
    outer loop
      vertex -8.95032 0.365005 -1.4
      vertex -9.05339 0.276352 -1.05
      vertex -8.95032 0.365005 -1.05
    endloop
  endfacet
  facet normal -0.652093 0.758139 0
    outer loop
      vertex -9.05339 0.276352 -1.05
      vertex -8.95032 0.365005 -1.4
      vertex -9.05339 0.276352 -1.4
    endloop
  endfacet
  facet normal -0.922467 0.386075 0
    outer loop
      vertex -9.11524 0.128571 -1.4
      vertex -9.05339 0.276352 -1.05
      vertex -9.05339 0.276352 -1.4
    endloop
  endfacet
  facet normal -0.922467 0.386075 0
    outer loop
      vertex -9.05339 0.276352 -1.05
      vertex -9.11524 0.128571 -1.4
      vertex -9.11524 0.128571 -1.05
    endloop
  endfacet
  facet normal -0.995074 0.0991399 0
    outer loop
      vertex -9.13585 -0.0782928 -1.4
      vertex -9.11524 0.128571 -1.05
      vertex -9.11524 0.128571 -1.4
    endloop
  endfacet
  facet normal -0.995074 0.0991399 0
    outer loop
      vertex -9.11524 0.128571 -1.05
      vertex -9.13585 -0.0782928 -1.4
      vertex -9.13585 -0.0782928 -1.05
    endloop
  endfacet
  facet normal -0.998949 -0.0458316 0
    outer loop
      vertex -9.13082 -0.187927 -1.4
      vertex -9.13585 -0.0782928 -1.05
      vertex -9.13585 -0.0782928 -1.4
    endloop
  endfacet
  facet normal -0.998949 -0.0458316 0
    outer loop
      vertex -9.13585 -0.0782928 -1.05
      vertex -9.13082 -0.187927 -1.4
      vertex -9.13082 -0.187927 -1.05
    endloop
  endfacet
  facet normal -0.987796 -0.155751 0
    outer loop
      vertex -9.11573 -0.28363 -1.4
      vertex -9.13082 -0.187927 -1.05
      vertex -9.13082 -0.187927 -1.4
    endloop
  endfacet
  facet normal -0.987796 -0.155751 0
    outer loop
      vertex -9.13082 -0.187927 -1.05
      vertex -9.11573 -0.28363 -1.4
      vertex -9.11573 -0.28363 -1.05
    endloop
  endfacet
  facet normal -0.955748 -0.294186 0
    outer loop
      vertex -9.09056 -0.365402 -1.4
      vertex -9.11573 -0.28363 -1.05
      vertex -9.11573 -0.28363 -1.4
    endloop
  endfacet
  facet normal -0.955748 -0.294186 0
    outer loop
      vertex -9.11573 -0.28363 -1.05
      vertex -9.09056 -0.365402 -1.4
      vertex -9.09056 -0.365402 -1.05
    endloop
  endfacet
  facet normal -0.88747 -0.460865 0
    outer loop
      vertex -9.05533 -0.433243 -1.4
      vertex -9.09056 -0.365402 -1.05
      vertex -9.09056 -0.365402 -1.4
    endloop
  endfacet
  facet normal -0.88747 -0.460865 0
    outer loop
      vertex -9.09056 -0.365402 -1.05
      vertex -9.05533 -0.433243 -1.4
      vertex -9.05533 -0.433243 -1.05
    endloop
  endfacet
  facet normal -0.765741 -0.643149 0
    outer loop
      vertex -9.01059 -0.486511 -1.4
      vertex -9.05533 -0.433243 -1.05
      vertex -9.05533 -0.433243 -1.4
    endloop
  endfacet
  facet normal -0.765741 -0.643149 0
    outer loop
      vertex -9.05533 -0.433243 -1.05
      vertex -9.01059 -0.486511 -1.4
      vertex -9.01059 -0.486511 -1.05
    endloop
  endfacet
  facet normal -0.578491 -0.815689 0
    outer loop
      vertex -9.01059 -0.486511 -1.4
      vertex -8.95693 -0.524567 -1.05
      vertex -9.01059 -0.486511 -1.05
    endloop
  endfacet
  facet normal -0.578491 -0.815689 -0
    outer loop
      vertex -8.95693 -0.524567 -1.05
      vertex -9.01059 -0.486511 -1.4
      vertex -8.95693 -0.524567 -1.4
    endloop
  endfacet
  facet normal -0.342535 -0.939505 0
    outer loop
      vertex -8.95693 -0.524567 -1.4
      vertex -8.89432 -0.547394 -1.05
      vertex -8.95693 -0.524567 -1.05
    endloop
  endfacet
  facet normal -0.342535 -0.939505 -0
    outer loop
      vertex -8.89432 -0.547394 -1.05
      vertex -8.95693 -0.524567 -1.4
      vertex -8.89432 -0.547394 -1.4
    endloop
  endfacet
  facet normal -0.105818 -0.994386 0
    outer loop
      vertex -8.89432 -0.547394 -1.4
      vertex -8.82277 -0.555008 -1.05
      vertex -8.89432 -0.547394 -1.05
    endloop
  endfacet
  facet normal -0.105818 -0.994386 -0
    outer loop
      vertex -8.82277 -0.555008 -1.05
      vertex -8.89432 -0.547394 -1.4
      vertex -8.82277 -0.555008 -1.4
    endloop
  endfacet
  facet normal 0.199973 -0.979801 0
    outer loop
      vertex -8.82277 -0.555008 -1.4
      vertex -8.67676 -0.525208 -1.05
      vertex -8.82277 -0.555008 -1.05
    endloop
  endfacet
  facet normal 0.199973 -0.979801 0
    outer loop
      vertex -8.67676 -0.525208 -1.05
      vertex -8.82277 -0.555008 -1.4
      vertex -8.67676 -0.525208 -1.4
    endloop
  endfacet
  facet normal 0.971888 0.235446 0
    outer loop
      vertex -16.2677 0.0737305 -1.05
      vertex -16.2773 0.113358 -1.4
      vertex -16.2773 0.113358 -1.05
    endloop
  endfacet
  facet normal 0.971888 0.235446 0
    outer loop
      vertex -16.2773 0.113358 -1.4
      vertex -16.2677 0.0737305 -1.05
      vertex -16.2677 0.0737305 -1.4
    endloop
  endfacet
  facet normal 0.97696 0.213422 0
    outer loop
      vertex -16.2773 0.113358 -1.05
      vertex -16.2906 0.17424 -1.4
      vertex -16.2906 0.17424 -1.05
    endloop
  endfacet
  facet normal 0.97696 0.213422 0
    outer loop
      vertex -16.2906 0.17424 -1.4
      vertex -16.2773 0.113358 -1.05
      vertex -16.2773 0.113358 -1.4
    endloop
  endfacet
  facet normal 0.979246 0.202673 0
    outer loop
      vertex -16.2906 0.17424 -1.05
      vertex -16.3076 0.256378 -1.4
      vertex -16.3076 0.256378 -1.05
    endloop
  endfacet
  facet normal 0.979246 0.202673 0
    outer loop
      vertex -16.3076 0.256378 -1.4
      vertex -16.2906 0.17424 -1.05
      vertex -16.2906 0.17424 -1.4
    endloop
  endfacet
  facet normal 0.980542 0.196309 0
    outer loop
      vertex -16.3076 0.256378 -1.05
      vertex -16.3283 0.359772 -1.4
      vertex -16.3283 0.359772 -1.05
    endloop
  endfacet
  facet normal 0.980542 0.196309 0
    outer loop
      vertex -16.3283 0.359772 -1.4
      vertex -16.3076 0.256378 -1.05
      vertex -16.3076 0.256378 -1.4
    endloop
  endfacet
  facet normal -0.974095 0.226137 0
    outer loop
      vertex -16.3953 0.071167 -1.4
      vertex -16.3283 0.359772 -1.05
      vertex -16.3283 0.359772 -1.4
    endloop
  endfacet
  facet normal -0.974095 0.226137 0
    outer loop
      vertex -16.3283 0.359772 -1.05
      vertex -16.3953 0.071167 -1.4
      vertex -16.3953 0.071167 -1.05
    endloop
  endfacet
  facet normal -0.966793 0.25556 0
    outer loop
      vertex -16.6194 -0.776611 -1.4
      vertex -16.3953 0.071167 -1.05
      vertex -16.3953 0.071167 -1.4
    endloop
  endfacet
  facet normal -0.966793 0.25556 0
    outer loop
      vertex -16.3953 0.071167 -1.05
      vertex -16.6194 -0.776611 -1.4
      vertex -16.6194 -0.776611 -1.05
    endloop
  endfacet
  facet normal 0 1 -0
    outer loop
      vertex -16.6194 -0.776611 -1.4
      vertex -17.0021 -0.776611 -1.05
      vertex -16.6194 -0.776611 -1.05
    endloop
  endfacet
  facet normal 0 1 0
    outer loop
      vertex -17.0021 -0.776611 -1.05
      vertex -16.6194 -0.776611 -1.4
      vertex -17.0021 -0.776611 -1.4
    endloop
  endfacet
  facet normal 0.968102 0.250557 0
    outer loop
      vertex -17.0021 -0.776611 -1.05
      vertex -17.3629 0.617447 -1.4
      vertex -17.3629 0.617447 -1.05
    endloop
  endfacet
  facet normal 0.968102 0.250557 0
    outer loop
      vertex -17.3629 0.617447 -1.4
      vertex -17.0021 -0.776611 -1.05
      vertex -17.0021 -0.776611 -1.4
    endloop
  endfacet
  facet normal 0 -1 0
    outer loop
      vertex -17.3629 0.617447 -1.4
      vertex -17.0227 0.617447 -1.05
      vertex -17.3629 0.617447 -1.05
    endloop
  endfacet
  facet normal 0 -1 -0
    outer loop
      vertex -17.0227 0.617447 -1.05
      vertex -17.3629 0.617447 -1.4
      vertex -17.0227 0.617447 -1.4
    endloop
  endfacet
  facet normal -0.977619 -0.210383 0
    outer loop
      vertex -16.7934 -0.448074 -1.4
      vertex -17.0227 0.617447 -1.05
      vertex -17.0227 0.617447 -1.4
    endloop
  endfacet
  facet normal -0.977619 -0.210383 0
    outer loop
      vertex -17.0227 0.617447 -1.05
      vertex -16.7934 -0.448074 -1.4
      vertex -16.7934 -0.448074 -1.05
    endloop
  endfacet
  facet normal 0.982456 -0.186493 0
    outer loop
      vertex -16.7934 -0.448074 -1.05
      vertex -16.7753 -0.352722 -1.4
      vertex -16.7753 -0.352722 -1.05
    endloop
  endfacet
  facet normal 0.982456 -0.186493 0
    outer loop
      vertex -16.7753 -0.352722 -1.4
      vertex -16.7934 -0.448074 -1.05
      vertex -16.7934 -0.448074 -1.4
    endloop
  endfacet
  facet normal 0.977937 -0.208899 0
    outer loop
      vertex -16.7753 -0.352722 -1.05
      vertex -16.7431 -0.201981 -1.4
      vertex -16.7431 -0.201981 -1.05
    endloop
  endfacet
  facet normal 0.977937 -0.208899 0
    outer loop
      vertex -16.7431 -0.201981 -1.4
      vertex -16.7753 -0.352722 -1.05
      vertex -16.7753 -0.352722 -1.4
    endloop
  endfacet
  facet normal 0.966092 -0.258197 0
    outer loop
      vertex -16.7431 -0.201981 -1.05
      vertex -16.5241 0.617447 -1.4
      vertex -16.5241 0.617447 -1.05
    endloop
  endfacet
  facet normal 0.966092 -0.258197 0
    outer loop
      vertex -16.5241 0.617447 -1.4
      vertex -16.7431 -0.201981 -1.05
      vertex -16.7431 -0.201981 -1.4
    endloop
  endfacet
  facet normal 0 -1 0
    outer loop
      vertex -16.5241 0.617447 -1.4
      vertex -16.1363 0.617447 -1.05
      vertex -16.5241 0.617447 -1.05
    endloop
  endfacet
  facet normal 0 -1 -0
    outer loop
      vertex -16.1363 0.617447 -1.05
      vertex -16.5241 0.617447 -1.4
      vertex -16.1363 0.617447 -1.4
    endloop
  endfacet
  facet normal -0.967578 -0.252572 0
    outer loop
      vertex -15.9224 -0.201981 -1.4
      vertex -16.1363 0.617447 -1.05
      vertex -16.1363 0.617447 -1.4
    endloop
  endfacet
  facet normal -0.967578 -0.252572 0
    outer loop
      vertex -16.1363 0.617447 -1.05
      vertex -15.9224 -0.201981 -1.4
      vertex -15.9224 -0.201981 -1.05
    endloop
  endfacet
  facet normal -0.970278 -0.241994 0
    outer loop
      vertex -15.9123 -0.242477 -1.4
      vertex -15.9224 -0.201981 -1.05
      vertex -15.9224 -0.201981 -1.4
    endloop
  endfacet
  facet normal -0.970278 -0.241994 0
    outer loop
      vertex -15.9224 -0.201981 -1.05
      vertex -15.9123 -0.242477 -1.4
      vertex -15.9123 -0.242477 -1.05
    endloop
  endfacet
  facet normal -0.976246 -0.216665 0
    outer loop
      vertex -15.9002 -0.296997 -1.4
      vertex -15.9123 -0.242477 -1.05
      vertex -15.9123 -0.242477 -1.4
    endloop
  endfacet
  facet normal -0.976246 -0.216665 0
    outer loop
      vertex -15.9123 -0.242477 -1.05
      vertex -15.9002 -0.296997 -1.4
      vertex -15.9002 -0.296997 -1.05
    endloop
  endfacet
  facet normal -0.978913 -0.204277 0
    outer loop
      vertex -15.8859 -0.365524 -1.4
      vertex -15.9002 -0.296997 -1.05
      vertex -15.9002 -0.296997 -1.4
    endloop
  endfacet
  facet normal -0.978913 -0.204277 0
    outer loop
      vertex -15.9002 -0.296997 -1.05
      vertex -15.8859 -0.365524 -1.4
      vertex -15.8859 -0.365524 -1.05
    endloop
  endfacet
  facet normal -0.981058 -0.193716 0
    outer loop
      vertex -15.8696 -0.448074 -1.4
      vertex -15.8859 -0.365524 -1.05
      vertex -15.8859 -0.365524 -1.4
    endloop
  endfacet
  facet normal -0.981058 -0.193716 0
    outer loop
      vertex -15.8859 -0.365524 -1.05
      vertex -15.8696 -0.448074 -1.4
      vertex -15.8696 -0.448074 -1.05
    endloop
  endfacet
  facet normal 0.978206 -0.207635 0
    outer loop
      vertex -15.8696 -0.448074 -1.05
      vertex -15.8335 -0.278 -1.4
      vertex -15.8335 -0.278 -1.05
    endloop
  endfacet
  facet normal 0.978206 -0.207635 0
    outer loop
      vertex -15.8335 -0.278 -1.4
      vertex -15.8696 -0.448074 -1.05
      vertex -15.8696 -0.448074 -1.4
    endloop
  endfacet
  facet normal 0.975721 -0.219019 0
    outer loop
      vertex -15.8335 -0.278 -1.05
      vertex -15.6325 0.617447 -1.4
      vertex -15.6325 0.617447 -1.05
    endloop
  endfacet
  facet normal 0.975721 -0.219019 0
    outer loop
      vertex -15.6325 0.617447 -1.4
      vertex -15.8335 -0.278 -1.05
      vertex -15.8335 -0.278 -1.4
    endloop
  endfacet
  facet normal 0 -1 0
    outer loop
      vertex -15.6325 0.617447 -1.4
      vertex -15.2975 0.617447 -1.05
      vertex -15.6325 0.617447 -1.05
    endloop
  endfacet
  facet normal 0 -1 -0
    outer loop
      vertex -15.2975 0.617447 -1.05
      vertex -15.6325 0.617447 -1.4
      vertex -15.2975 0.617447 -1.4
    endloop
  endfacet
  facet normal -0.967238 0.253872 0
    outer loop
      vertex -15.6634 -0.776611 -1.4
      vertex -15.2975 0.617447 -1.05
      vertex -15.2975 0.617447 -1.4
    endloop
  endfacet
  facet normal -0.967238 0.253872 0
    outer loop
      vertex -15.2975 0.617447 -1.05
      vertex -15.6634 -0.776611 -1.4
      vertex -15.6634 -0.776611 -1.05
    endloop
  endfacet
  facet normal 0 1 -0
    outer loop
      vertex -15.6634 -0.776611 -1.4
      vertex -16.0461 -0.776611 -1.05
      vertex -15.6634 -0.776611 -1.05
    endloop
  endfacet
  facet normal 0 1 0
    outer loop
      vertex -16.0461 -0.776611 -1.05
      vertex -15.6634 -0.776611 -1.4
      vertex -16.0461 -0.776611 -1.4
    endloop
  endfacet
  facet normal 0.967681 0.252179 0
    outer loop
      vertex -16.0461 -0.776611 -1.05
      vertex -16.2677 0.0737305 -1.4
      vertex -16.2677 0.0737305 -1.05
    endloop
  endfacet
  facet normal 0.967681 0.252179 0
    outer loop
      vertex -16.2677 0.0737305 -1.4
      vertex -16.0461 -0.776611 -1.05
      vertex -16.0461 -0.776611 -1.4
    endloop
  endfacet
  facet normal 0 -1 0
    outer loop
      vertex -12.5112 -0.99823 -1.4
      vertex -10.9947 -0.99823 -1.05
      vertex -12.5112 -0.99823 -1.05
    endloop
  endfacet
  facet normal 0 -1 -0
    outer loop
      vertex -10.9947 -0.99823 -1.05
      vertex -12.5112 -0.99823 -1.4
      vertex -10.9947 -0.99823 -1.4
    endloop
  endfacet
  facet normal -1 0 0
    outer loop
      vertex -10.9947 -1.09872 -1.4
      vertex -10.9947 -0.99823 -1.05
      vertex -10.9947 -0.99823 -1.4
    endloop
  endfacet
  facet normal -1 -0 0
    outer loop
      vertex -10.9947 -0.99823 -1.05
      vertex -10.9947 -1.09872 -1.4
      vertex -10.9947 -1.09872 -1.05
    endloop
  endfacet
  facet normal 0 1 -0
    outer loop
      vertex -10.9947 -1.09872 -1.4
      vertex -12.5112 -1.09872 -1.05
      vertex -10.9947 -1.09872 -1.05
    endloop
  endfacet
  facet normal 0 1 0
    outer loop
      vertex -12.5112 -1.09872 -1.05
      vertex -10.9947 -1.09872 -1.4
      vertex -12.5112 -1.09872 -1.4
    endloop
  endfacet
  facet normal 1 -0 0
    outer loop
      vertex -12.5112 -1.09872 -1.05
      vertex -12.5112 -0.99823 -1.4
      vertex -12.5112 -0.99823 -1.05
    endloop
  endfacet
  facet normal 1 0 0
    outer loop
      vertex -12.5112 -0.99823 -1.4
      vertex -12.5112 -1.09872 -1.05
      vertex -12.5112 -1.09872 -1.4
    endloop
  endfacet
  facet normal 0 -1 0
    outer loop
      vertex -3.05748 -0.99823 -1.4
      vertex -1.54099 -0.99823 -1.05
      vertex -3.05748 -0.99823 -1.05
    endloop
  endfacet
  facet normal 0 -1 -0
    outer loop
      vertex -1.54099 -0.99823 -1.05
      vertex -3.05748 -0.99823 -1.4
      vertex -1.54099 -0.99823 -1.4
    endloop
  endfacet
  facet normal -1 0 0
    outer loop
      vertex -1.54099 -1.09872 -1.4
      vertex -1.54099 -0.99823 -1.05
      vertex -1.54099 -0.99823 -1.4
    endloop
  endfacet
  facet normal -1 -0 0
    outer loop
      vertex -1.54099 -0.99823 -1.05
      vertex -1.54099 -1.09872 -1.4
      vertex -1.54099 -1.09872 -1.05
    endloop
  endfacet
  facet normal 0 1 -0
    outer loop
      vertex -1.54099 -1.09872 -1.4
      vertex -3.05748 -1.09872 -1.05
      vertex -1.54099 -1.09872 -1.05
    endloop
  endfacet
  facet normal 0 1 0
    outer loop
      vertex -3.05748 -1.09872 -1.05
      vertex -1.54099 -1.09872 -1.4
      vertex -3.05748 -1.09872 -1.4
    endloop
  endfacet
  facet normal 1 -0 0
    outer loop
      vertex -3.05748 -1.09872 -1.05
      vertex -3.05748 -0.99823 -1.4
      vertex -3.05748 -0.99823 -1.05
    endloop
  endfacet
  facet normal 1 0 0
    outer loop
      vertex -3.05748 -0.99823 -1.4
      vertex -3.05748 -1.09872 -1.05
      vertex -3.05748 -1.09872 -1.4
    endloop
  endfacet
endsolid OpenSCAD_Model
