solid OpenSCAD_Model
  facet normal 1 -0 0
    outer loop
      vertex 25.4 1.50224 50.8
      vertex 25.4 3 0
      vertex 25.4 3 50.8
    endloop
  endfacet
  facet normal 1 0 0
    outer loop
      vertex 25.4 3 0
      vertex 25.4 1.50224 50.8
      vertex 25.4 1.50224 0
    endloop
  endfacet
  facet normal 1 -0 0
    outer loop
      vertex 25.4 -3 50.8
      vertex 25.4 -1.50224 0
      vertex 25.4 -1.50224 50.8
    endloop
  endfacet
  facet normal 1 0 0
    outer loop
      vertex 25.4 -1.50224 0
      vertex 25.4 -3 50.8
      vertex 25.4 -3 0
    endloop
  endfacet
  facet normal -0 0 1
    outer loop
      vertex 4.14999 2.54999 50.8
      vertex 25.4 1.50224 50.8
      vertex 25.4 3 50.8
    endloop
  endfacet
  facet normal 0 0 1
    outer loop
      vertex 25.4 1.50224 50.8
      vertex 4.14999 2.54999 50.8
      vertex 25.4 -1.50224 50.8
    endloop
  endfacet
  facet normal 0 0 1
    outer loop
      vertex 4.14999 -2.54999 50.8
      vertex 25.4 -1.50224 50.8
      vertex 4.14999 2.54999 50.8
    endloop
  endfacet
  facet normal -0 0 1
    outer loop
      vertex 0 3 50.8
      vertex 4.14999 2.54999 50.8
      vertex 25.4 3 50.8
    endloop
  endfacet
  facet normal 0 0 1
    outer loop
      vertex 4.14999 2.54999 50.8
      vertex 0 3 50.8
      vertex 0 1.65216 50.8
    endloop
  endfacet
  facet normal -0 0 1
    outer loop
      vertex 25.4 1.50224 50.8
      vertex 29.4 -2.39999 50.8
      vertex 29.4 2.39999 50.8
    endloop
  endfacet
  facet normal 0 0 1
    outer loop
      vertex 29.4 -2.39999 50.8
      vertex 25.4 1.50224 50.8
      vertex 25.4 -1.50224 50.8
    endloop
  endfacet
  facet normal 0 0 1
    outer loop
      vertex 25.4 -1.50224 50.8
      vertex 4.14999 -2.54999 50.8
      vertex 25.4 -3 50.8
    endloop
  endfacet
  facet normal 0 0 1
    outer loop
      vertex 4.14999 -2.54999 50.8
      vertex 0 -3 50.8
      vertex 25.4 -3 50.8
    endloop
  endfacet
  facet normal 0 0 1
    outer loop
      vertex 0 -3 50.8
      vertex 4.14999 -2.54999 50.8
      vertex 0 -1.65216 50.8
    endloop
  endfacet
  facet normal 0 0 -1
    outer loop
      vertex 5 -3 0
      vertex 4.14999 -2.54999 0
      vertex 5 -2.76868 0
    endloop
  endfacet
  facet normal 0 0 -1
    outer loop
      vertex 0 -3 0
      vertex 4.14999 -2.54999 0
      vertex 5 -3 0
    endloop
  endfacet
  facet normal -0 0 -1
    outer loop
      vertex 4.14999 -2.54999 0
      vertex 0 -3 0
      vertex 0 -1.65216 0
    endloop
  endfacet
  facet normal 0 0 -1
    outer loop
      vertex 12.613 -2.76868 0
      vertex 5 -2.76868 0
      vertex 12.613 -2.3 0
    endloop
  endfacet
  facet normal 0 0 -1
    outer loop
      vertex 25.4 -1.5 0
      vertex 29.4 -2.39999 0
      vertex 25.4 -1.50224 0
    endloop
  endfacet
  facet normal 0 0 -1
    outer loop
      vertex 29.4 -2.39999 0
      vertex 25.4 -1.5 0
      vertex 29.4 2.39999 0
    endloop
  endfacet
  facet normal 0 0 -1
    outer loop
      vertex 25.4 1.5 0
      vertex 29.4 2.39999 0
      vertex 25.4 -1.5 0
    endloop
  endfacet
  facet normal 0 0 -1
    outer loop
      vertex 25.4 1.5 0
      vertex 25.4 1.50224 0
      vertex 29.4 2.39999 0
    endloop
  endfacet
  facet normal 0 0 -1
    outer loop
      vertex 13.7944 2.3 0
      vertex 25.4 1.50224 0
      vertex 25.4 1.5 0
    endloop
  endfacet
  facet normal 0 0 -1
    outer loop
      vertex 25.4 1.50224 0
      vertex 13.7944 2.3 0
      vertex 25.4 3 0
    endloop
  endfacet
  facet normal 0 0 -1
    outer loop
      vertex 4.14999 1.5 0
      vertex 13.7944 2.3 0
      vertex 25.4 1.5 0
    endloop
  endfacet
  facet normal -0 0 -1
    outer loop
      vertex 13.7944 2.3 0
      vertex 4.14999 1.5 0
      vertex 12.9944 2.3 0
    endloop
  endfacet
  facet normal 0 0 -1
    outer loop
      vertex 4.14999 2.54999 0
      vertex 12.9944 2.3 0
      vertex 4.14999 1.5 0
    endloop
  endfacet
  facet normal 0 0 -1
    outer loop
      vertex 12.9944 2.3 0
      vertex 4.14999 2.54999 0
      vertex 12.9944 3 0
    endloop
  endfacet
  facet normal 0 0 -1
    outer loop
      vertex 4.14999 2.54999 0
      vertex 0 3 0
      vertex 12.9944 3 0
    endloop
  endfacet
  facet normal 0 0 -1
    outer loop
      vertex 0 3 0
      vertex 4.14999 2.54999 0
      vertex 0 1.65216 0
    endloop
  endfacet
  facet normal 0 0 -1
    outer loop
      vertex 13.413 -2.3 0
      vertex 25.4 -1.50224 0
      vertex 25.4 -3 0
    endloop
  endfacet
  facet normal 0 0 -1
    outer loop
      vertex 13.413 -2.3 0
      vertex 25.4 -3 0
      vertex 13.413 -3 0
    endloop
  endfacet
  facet normal -0 0 -1
    outer loop
      vertex 25.4 -1.50224 0
      vertex 13.413 -2.3 0
      vertex 25.4 -1.5 0
    endloop
  endfacet
  facet normal 0 0 -1
    outer loop
      vertex 4.14999 -1.5 0
      vertex 13.413 -2.3 0
      vertex 12.613 -2.3 0
    endloop
  endfacet
  facet normal 0 0 -1
    outer loop
      vertex 4.14999 -1.5 0
      vertex 12.613 -2.3 0
      vertex 5 -2.76868 0
    endloop
  endfacet
  facet normal 0 0 -1
    outer loop
      vertex 4.14999 -1.5 0
      vertex 5 -2.76868 0
      vertex 4.14999 -2.54999 0
    endloop
  endfacet
  facet normal 0 0 -1
    outer loop
      vertex 13.413 -2.3 0
      vertex 4.14999 -1.5 0
      vertex 25.4 -1.5 0
    endloop
  endfacet
  facet normal -0 0 -1
    outer loop
      vertex 25.4 3 0
      vertex 13.7944 2.3 0
      vertex 13.7944 3 0
    endloop
  endfacet
  facet normal -1 0 0
    outer loop
      vertex 0 -1.5 -1.4
      vertex 0 1.5 -0.00999928
      vertex 0 1.5 -1.4
    endloop
  endfacet
  facet normal -1 -0 0
    outer loop
      vertex 0 1.5 -0.00999928
      vertex 0 -1.5 -1.4
      vertex 0 -1.5 -0.00999928
    endloop
  endfacet
  facet normal -1 0 0
    outer loop
      vertex 0 1.65216 0
      vertex 0 3 50.8
      vertex 0 3 0
    endloop
  endfacet
  facet normal -1 -0 0
    outer loop
      vertex 0 3 50.8
      vertex 0 1.65216 0
      vertex 0 1.65216 50.8
    endloop
  endfacet
  facet normal -1 0 0
    outer loop
      vertex 0 -3 0
      vertex 0 -1.65216 50.8
      vertex 0 -1.65216 0
    endloop
  endfacet
  facet normal -1 -0 0
    outer loop
      vertex 0 -1.65216 50.8
      vertex 0 -3 0
      vertex 0 -3 50.8
    endloop
  endfacet
  facet normal 0 1 0
    outer loop
      vertex 12.9944 3 3.6
      vertex 12.9944 3 0
      vertex 5 3 3.6
    endloop
  endfacet
  facet normal 0 1 0
    outer loop
      vertex 8.23326 3 7.6
      vertex 8.23326 3 4.4
      vertex 5 3 7.6
    endloop
  endfacet
  facet normal 0 1 0
    outer loop
      vertex 12.6323 3 11.6
      vertex 12.6323 3 8.4
      vertex 5 3 11.6
    endloop
  endfacet
  facet normal 0 1 0
    outer loop
      vertex 8.94741 3 15.6
      vertex 8.94741 3 12.4
      vertex 5 3 15.6
    endloop
  endfacet
  facet normal 0 1 0
    outer loop
      vertex 8.9266 3 23.6
      vertex 8.9266 3 20.4
      vertex 5 3 23.6
    endloop
  endfacet
  facet normal 0 1 0
    outer loop
      vertex 11.1931 3 27.6
      vertex 11.1931 3 24.4
      vertex 5 3 27.6
    endloop
  endfacet
  facet normal 0 1 0
    outer loop
      vertex 8.35274 3 31.6
      vertex 8.35274 3 28.4
      vertex 5 3 31.6
    endloop
  endfacet
  facet normal 0 1 0
    outer loop
      vertex 11.1931 3 35.6
      vertex 11.1931 3 32.4
      vertex 5 3 35.6
    endloop
  endfacet
  facet normal 0 1 0
    outer loop
      vertex 8.47828 3 39.6
      vertex 8.47828 3 36.4
      vertex 5 3 39.6
    endloop
  endfacet
  facet normal 0 1 -0
    outer loop
      vertex 16.4769 3 44.4
      vertex 9.10188 3 48
      vertex 16.4769 3 48
    endloop
  endfacet
  facet normal 0 1 0
    outer loop
      vertex 9.10188 3 48
      vertex 16.4769 3 44.4
      vertex 9.10188 3 44.4
    endloop
  endfacet
  facet normal 0 1 0
    outer loop
      vertex 16.4769 3 48
      vertex 25.4 3 50.8
      vertex 17.2769 3 48
    endloop
  endfacet
  facet normal 0 1 0
    outer loop
      vertex 25.4 3 50.8
      vertex 20.4 3 44.4
      vertex 17.2769 3 48
    endloop
  endfacet
  facet normal 0 1 0
    outer loop
      vertex 25.4 3 50.8
      vertex 20.4 3 39.6
      vertex 20.4 3 44.4
    endloop
  endfacet
  facet normal 0 1 0
    outer loop
      vertex 20.4 3 39.6
      vertex 20.4 3 36.4
      vertex 17.6496 3 39.6
    endloop
  endfacet
  facet normal 0 1 0
    outer loop
      vertex 25.4 3 50.8
      vertex 20.4 3 36.4
      vertex 20.4 3 39.6
    endloop
  endfacet
  facet normal 0 1 0
    outer loop
      vertex 25.4 3 50.8
      vertex 20.4 3 31.6
      vertex 20.4 3 36.4
    endloop
  endfacet
  facet normal 0 1 0
    outer loop
      vertex 20.4 3 31.6
      vertex 20.4 3 28.4
      vertex 17.6229 3 31.6
    endloop
  endfacet
  facet normal 0 1 0
    outer loop
      vertex 25.4 3 50.8
      vertex 20.4 3 28.4
      vertex 20.4 3 31.6
    endloop
  endfacet
  facet normal 0 1 0
    outer loop
      vertex 25.4 3 50.8
      vertex 20.4 3 27.6
      vertex 20.4 3 28.4
    endloop
  endfacet
  facet normal 0 1 0
    outer loop
      vertex 20.4 3 27.6
      vertex 20.4 3 24.4
      vertex 14.2069 3 27.6
    endloop
  endfacet
  facet normal 0 1 0
    outer loop
      vertex 25.4 3 50.8
      vertex 20.4 3 24.4
      vertex 20.4 3 27.6
    endloop
  endfacet
  facet normal 0 1 -0
    outer loop
      vertex 25.4 3 0
      vertex 20.4 3 24.4
      vertex 25.4 3 50.8
    endloop
  endfacet
  facet normal 0 1 0
    outer loop
      vertex 20.4 3 23.6
      vertex 20.4 3 20.4
      vertex 17.1453 3 23.6
    endloop
  endfacet
  facet normal 0 1 0
    outer loop
      vertex 20.4 3 24.4
      vertex 25.4 3 0
      vertex 20.4 3 23.6
    endloop
  endfacet
  facet normal 0 1 0
    outer loop
      vertex 20.4 3 23.6
      vertex 25.4 3 0
      vertex 20.4 3 20.4
    endloop
  endfacet
  facet normal 0 1 0
    outer loop
      vertex 20.4 3 7.6
      vertex 20.4 3 4.4
      vertex 17.5117 3 7.6
    endloop
  endfacet
  facet normal 0 1 0
    outer loop
      vertex 20.4 3 20.4
      vertex 25.4 3 0
      vertex 20.4 3 7.6
    endloop
  endfacet
  facet normal 0 1 0
    outer loop
      vertex 20.4 3 7.6
      vertex 25.4 3 0
      vertex 20.4 3 4.4
    endloop
  endfacet
  facet normal 0 1 0
    outer loop
      vertex 20.4 3 4.4
      vertex 25.4 3 0
      vertex 20.4 3 3.6
    endloop
  endfacet
  facet normal 0 1 0
    outer loop
      vertex 13.7944 3 0
      vertex 20.4 3 3.6
      vertex 25.4 3 0
    endloop
  endfacet
  facet normal 0 1 0
    outer loop
      vertex 20.4 3 3.6
      vertex 13.7944 3 0
      vertex 13.7944 3 3.6
    endloop
  endfacet
  facet normal 0 1 0
    outer loop
      vertex 25.4 3 50.8
      vertex 16.4769 3 48
      vertex 0 3 50.8
    endloop
  endfacet
  facet normal 0 1 -0
    outer loop
      vertex 9.10188 3 48
      vertex 0 3 50.8
      vertex 16.4769 3 48
    endloop
  endfacet
  facet normal 0 1 -0
    outer loop
      vertex 8.30188 3 48
      vertex 0 3 50.8
      vertex 9.10188 3 48
    endloop
  endfacet
  facet normal 0 1 0
    outer loop
      vertex 5 3 44.4
      vertex 8.30188 3 48
      vertex 8.30188 3 44.4
    endloop
  endfacet
  facet normal 0 1 0
    outer loop
      vertex 8.30188 3 48
      vertex 5 3 44.4
      vertex 0 3 50.8
    endloop
  endfacet
  facet normal 0 1 -0
    outer loop
      vertex 5 3 39.6
      vertex 0 3 50.8
      vertex 5 3 44.4
    endloop
  endfacet
  facet normal 0 1 0
    outer loop
      vertex 5 3 36.4
      vertex 5 3 39.6
      vertex 8.47828 3 36.4
    endloop
  endfacet
  facet normal 0 1 -0
    outer loop
      vertex 5 3 36.4
      vertex 0 3 50.8
      vertex 5 3 39.6
    endloop
  endfacet
  facet normal 0 1 -0
    outer loop
      vertex 5 3 35.6
      vertex 0 3 50.8
      vertex 5 3 36.4
    endloop
  endfacet
  facet normal 0 1 0
    outer loop
      vertex 5 3 32.4
      vertex 5 3 35.6
      vertex 11.1931 3 32.4
    endloop
  endfacet
  facet normal 0 1 -0
    outer loop
      vertex 5 3 32.4
      vertex 0 3 50.8
      vertex 5 3 35.6
    endloop
  endfacet
  facet normal 0 1 -0
    outer loop
      vertex 5 3 31.6
      vertex 0 3 50.8
      vertex 5 3 32.4
    endloop
  endfacet
  facet normal 0 1 0
    outer loop
      vertex 5 3 28.4
      vertex 5 3 31.6
      vertex 8.35274 3 28.4
    endloop
  endfacet
  facet normal 0 1 -0
    outer loop
      vertex 5 3 28.4
      vertex 0 3 50.8
      vertex 5 3 31.6
    endloop
  endfacet
  facet normal 0 1 -0
    outer loop
      vertex 5 3 27.6
      vertex 0 3 50.8
      vertex 5 3 28.4
    endloop
  endfacet
  facet normal 0 1 0
    outer loop
      vertex 5 3 24.4
      vertex 5 3 27.6
      vertex 11.1931 3 24.4
    endloop
  endfacet
  facet normal 0 1 -0
    outer loop
      vertex 5 3 24.4
      vertex 0 3 50.8
      vertex 5 3 27.6
    endloop
  endfacet
  facet normal 0 1 0
    outer loop
      vertex 0 3 0
      vertex 5 3 24.4
      vertex 5 3 23.6
    endloop
  endfacet
  facet normal 0 1 0
    outer loop
      vertex 5 3 20.4
      vertex 5 3 23.6
      vertex 8.9266 3 20.4
    endloop
  endfacet
  facet normal 0 1 0
    outer loop
      vertex 0 3 0
      vertex 5 3 23.6
      vertex 5 3 20.4
    endloop
  endfacet
  facet normal 0 1 0
    outer loop
      vertex 0 3 0
      vertex 5 3 20.4
      vertex 5 3 15.6
    endloop
  endfacet
  facet normal 0 1 0
    outer loop
      vertex 5 3 12.4
      vertex 5 3 15.6
      vertex 8.94741 3 12.4
    endloop
  endfacet
  facet normal 0 1 0
    outer loop
      vertex 0 3 0
      vertex 5 3 15.6
      vertex 5 3 12.4
    endloop
  endfacet
  facet normal 0 1 0
    outer loop
      vertex 0 3 0
      vertex 5 3 12.4
      vertex 5 3 11.6
    endloop
  endfacet
  facet normal 0 1 0
    outer loop
      vertex 5 3 8.4
      vertex 5 3 11.6
      vertex 12.6323 3 8.4
    endloop
  endfacet
  facet normal 0 1 0
    outer loop
      vertex 0 3 0
      vertex 5 3 11.6
      vertex 5 3 8.4
    endloop
  endfacet
  facet normal 0 1 0
    outer loop
      vertex 0 3 0
      vertex 5 3 8.4
      vertex 5 3 7.6
    endloop
  endfacet
  facet normal 0 1 0
    outer loop
      vertex 5 3 4.4
      vertex 5 3 7.6
      vertex 8.23326 3 4.4
    endloop
  endfacet
  facet normal 0 1 0
    outer loop
      vertex 0 3 0
      vertex 5 3 7.6
      vertex 5 3 4.4
    endloop
  endfacet
  facet normal 0 1 0
    outer loop
      vertex 0 3 0
      vertex 5 3 4.4
      vertex 5 3 3.6
    endloop
  endfacet
  facet normal 0 1 0
    outer loop
      vertex 5 3 24.4
      vertex 0 3 0
      vertex 0 3 50.8
    endloop
  endfacet
  facet normal 0 1 0
    outer loop
      vertex 0 3 0
      vertex 5 3 3.6
      vertex 12.9944 3 0
    endloop
  endfacet
  facet normal 0 1 0
    outer loop
      vertex 17.2769 3 48
      vertex 20.4 3 44.4
      vertex 17.2769 3 44.4
    endloop
  endfacet
  facet normal 0 1 0
    outer loop
      vertex 17.6496 3 39.6
      vertex 20.4 3 36.4
      vertex 17.6496 3 36.4
    endloop
  endfacet
  facet normal 0 1 0
    outer loop
      vertex 17.6229 3 31.6
      vertex 20.4 3 28.4
      vertex 17.6229 3 28.4
    endloop
  endfacet
  facet normal 0 1 0
    outer loop
      vertex 14.2069 3 27.6
      vertex 20.4 3 24.4
      vertex 14.2069 3 24.4
    endloop
  endfacet
  facet normal 0 1 0
    outer loop
      vertex 17.1453 3 23.6
      vertex 20.4 3 20.4
      vertex 17.1453 3 20.4
    endloop
  endfacet
  facet normal 0 1 0
    outer loop
      vertex 17.5117 3 7.6
      vertex 20.4 3 4.4
      vertex 17.5117 3 4.4
    endloop
  endfacet
  facet normal 0 1 0
    outer loop
      vertex 16.8496 3 39.6
      vertex 14.2069 3 38.0037
      vertex 9.27828 3 39.6
    endloop
  endfacet
  facet normal 0 1 -0
    outer loop
      vertex 16.8496 3 36.4
      vertex 14.2069 3 38.0037
      vertex 16.8496 3 39.6
    endloop
  endfacet
  facet normal 0 1 0
    outer loop
      vertex 14.2069 3 38.0037
      vertex 16.8496 3 36.4
      vertex 14.2069 3 36.4
    endloop
  endfacet
  facet normal 0 1 -0
    outer loop
      vertex 11.1931 3 38.0037
      vertex 9.27828 3 39.6
      vertex 14.2069 3 38.0037
    endloop
  endfacet
  facet normal 0 1 0
    outer loop
      vertex 9.27828 3 36.4
      vertex 11.1931 3 38.0037
      vertex 11.1931 3 36.4
    endloop
  endfacet
  facet normal 0 1 0
    outer loop
      vertex 11.1931 3 38.0037
      vertex 9.27828 3 36.4
      vertex 9.27828 3 39.6
    endloop
  endfacet
  facet normal 0 1 -0
    outer loop
      vertex 11.1931 3 28.4
      vertex 9.15274 3 31.6
      vertex 11.1931 3 31.6
    endloop
  endfacet
  facet normal 0 1 0
    outer loop
      vertex 9.15274 3 31.6
      vertex 11.1931 3 28.4
      vertex 9.15274 3 28.4
    endloop
  endfacet
  facet normal 0 1 -0
    outer loop
      vertex 16.8229 3 28.4
      vertex 14.2069 3 31.6
      vertex 16.8229 3 31.6
    endloop
  endfacet
  facet normal 0 1 0
    outer loop
      vertex 14.2069 3 31.6
      vertex 16.8229 3 28.4
      vertex 14.2069 3 28.4
    endloop
  endfacet
  facet normal 0 -1 0
    outer loop
      vertex 13.413 -3 3.6
      vertex 13.413 -3 0
      vertex 20.4 -3 3.6
    endloop
  endfacet
  facet normal 0 -1 0
    outer loop
      vertex 17.95 -3 15.6
      vertex 17.95 -3 12.4
      vertex 20.4 -3 15.6
    endloop
  endfacet
  facet normal 0 -1 0
    outer loop
      vertex 17.95 -3 19.6
      vertex 17.95 -3 16.4
      vertex 20.4 -3 19.6
    endloop
  endfacet
  facet normal 0 -1 0
    outer loop
      vertex 17.95 -3 27.6
      vertex 17.95 -3 24.4
      vertex 20.4 -3 27.6
    endloop
  endfacet
  facet normal 0 -1 0
    outer loop
      vertex 17.95 -3 31.6
      vertex 17.95 -3 28.4
      vertex 20.4 -3 31.6
    endloop
  endfacet
  facet normal 0 -1 0
    outer loop
      vertex 17.95 -3 39.6
      vertex 17.95 -3 36.4
      vertex 20.4 -3 39.6
    endloop
  endfacet
  facet normal 0 -1 0
    outer loop
      vertex 0 -3 50.8
      vertex 8.89627 -3 48
      vertex 25.4 -3 50.8
    endloop
  endfacet
  facet normal 0 -1 0
    outer loop
      vertex 0 -3 50.8
      vertex 5 -3 44.4
      vertex 8.89627 -3 48
    endloop
  endfacet
  facet normal 0 -1 0
    outer loop
      vertex 0 -3 50.8
      vertex 5 -3 43.6
      vertex 5 -3 44.4
    endloop
  endfacet
  facet normal 0 -1 0
    outer loop
      vertex 5 -3 43.6
      vertex 5 -3 40.4
      vertex 12.7544 -3 43.6
    endloop
  endfacet
  facet normal 0 -1 0
    outer loop
      vertex 0 -3 50.8
      vertex 5 -3 40.4
      vertex 5 -3 43.6
    endloop
  endfacet
  facet normal 0 -1 0
    outer loop
      vertex 0 -3 50.8
      vertex 5 -3 39.6
      vertex 5 -3 40.4
    endloop
  endfacet
  facet normal 0 -1 0
    outer loop
      vertex 5 -3 39.6
      vertex 5 -3 36.4
      vertex 7.45 -3 39.6
    endloop
  endfacet
  facet normal 0 -1 0
    outer loop
      vertex 0 -3 50.8
      vertex 5 -3 36.4
      vertex 5 -3 39.6
    endloop
  endfacet
  facet normal 0 -1 0
    outer loop
      vertex 0 -3 50.8
      vertex 5 -3 35.6
      vertex 5 -3 36.4
    endloop
  endfacet
  facet normal 0 -1 0
    outer loop
      vertex 5 -3 35.6
      vertex 5 -3 32.4
      vertex 7.45 -3 35.6
    endloop
  endfacet
  facet normal 0 -1 0
    outer loop
      vertex 0 -3 50.8
      vertex 5 -3 32.4
      vertex 5 -3 35.6
    endloop
  endfacet
  facet normal 0 -1 0
    outer loop
      vertex 0 -3 50.8
      vertex 5 -3 31.6
      vertex 5 -3 32.4
    endloop
  endfacet
  facet normal 0 -1 0
    outer loop
      vertex 5 -3 31.6
      vertex 5 -3 28.4
      vertex 7.45 -3 31.6
    endloop
  endfacet
  facet normal 0 -1 0
    outer loop
      vertex 0 -3 50.8
      vertex 5 -3 28.4
      vertex 5 -3 31.6
    endloop
  endfacet
  facet normal 0 -1 0
    outer loop
      vertex 0 -3 50.8
      vertex 5 -3 23.6
      vertex 5 -3 28.4
    endloop
  endfacet
  facet normal 0 -1 0
    outer loop
      vertex 5 -3 23.6
      vertex 5 -3 20.4
      vertex 7.45 -3 23.6
    endloop
  endfacet
  facet normal 0 -1 0
    outer loop
      vertex 0 -3 0
      vertex 5 -3 23.6
      vertex 0 -3 50.8
    endloop
  endfacet
  facet normal 0 -1 -0
    outer loop
      vertex 5 -3 23.6
      vertex 0 -3 0
      vertex 5 -3 20.4
    endloop
  endfacet
  facet normal 0 -1 0
    outer loop
      vertex 5 -3 19.6
      vertex 5 -3 16.4
      vertex 7.45 -3 19.6
    endloop
  endfacet
  facet normal 0 -1 -0
    outer loop
      vertex 5 -3 20.4
      vertex 0 -3 0
      vertex 5 -3 19.6
    endloop
  endfacet
  facet normal 0 -1 -0
    outer loop
      vertex 5 -3 19.6
      vertex 0 -3 0
      vertex 5 -3 16.4
    endloop
  endfacet
  facet normal 0 -1 0
    outer loop
      vertex 5 -3 15.6
      vertex 5 -3 12.4
      vertex 7.45 -3 15.6
    endloop
  endfacet
  facet normal 0 -1 -0
    outer loop
      vertex 5 -3 16.4
      vertex 0 -3 0
      vertex 5 -3 15.6
    endloop
  endfacet
  facet normal 0 -1 -0
    outer loop
      vertex 5 -3 15.6
      vertex 0 -3 0
      vertex 5 -3 12.4
    endloop
  endfacet
  facet normal 0 -1 0
    outer loop
      vertex 5 -3 7.6
      vertex 5 -3 4.4
      vertex 8.67125 -3 7.6
    endloop
  endfacet
  facet normal 0 -1 -0
    outer loop
      vertex 5 -3 12.4
      vertex 0 -3 0
      vertex 5 -3 7.6
    endloop
  endfacet
  facet normal 0 -1 -0
    outer loop
      vertex 5 -3 7.6
      vertex 0 -3 0
      vertex 5 -3 4.4
    endloop
  endfacet
  facet normal 0 -1 -0
    outer loop
      vertex 5 -3 4.4
      vertex 0 -3 0
      vertex 5 -3 0
    endloop
  endfacet
  facet normal 0 -1 0
    outer loop
      vertex 20.4 -3 48
      vertex 25.4 -3 50.8
      vertex 8.89627 -3 48
    endloop
  endfacet
  facet normal 0 -1 0
    outer loop
      vertex 20.4 -3 39.6
      vertex 25.4 -3 50.8
      vertex 20.4 -3 48
    endloop
  endfacet
  facet normal 0 -1 0
    outer loop
      vertex 20.4 -3 36.4
      vertex 20.4 -3 39.6
      vertex 17.95 -3 36.4
    endloop
  endfacet
  facet normal 0 -1 0
    outer loop
      vertex 20.4 -3 36.4
      vertex 25.4 -3 50.8
      vertex 20.4 -3 39.6
    endloop
  endfacet
  facet normal 0 -1 0
    outer loop
      vertex 20.4 -3 31.6
      vertex 25.4 -3 50.8
      vertex 20.4 -3 36.4
    endloop
  endfacet
  facet normal 0 -1 0
    outer loop
      vertex 20.4 -3 28.4
      vertex 20.4 -3 31.6
      vertex 17.95 -3 28.4
    endloop
  endfacet
  facet normal 0 -1 0
    outer loop
      vertex 20.4 -3 28.4
      vertex 25.4 -3 50.8
      vertex 20.4 -3 31.6
    endloop
  endfacet
  facet normal 0 -1 0
    outer loop
      vertex 20.4 -3 27.6
      vertex 25.4 -3 50.8
      vertex 20.4 -3 28.4
    endloop
  endfacet
  facet normal 0 -1 0
    outer loop
      vertex 20.4 -3 24.4
      vertex 20.4 -3 27.6
      vertex 17.95 -3 24.4
    endloop
  endfacet
  facet normal 0 -1 0
    outer loop
      vertex 20.4 -3 24.4
      vertex 25.4 -3 50.8
      vertex 20.4 -3 27.6
    endloop
  endfacet
  facet normal 0 -1 0
    outer loop
      vertex 25.4 -3 0
      vertex 20.4 -3 24.4
      vertex 20.4 -3 19.6
    endloop
  endfacet
  facet normal 0 -1 0
    outer loop
      vertex 20.4 -3 16.4
      vertex 20.4 -3 19.6
      vertex 17.95 -3 16.4
    endloop
  endfacet
  facet normal 0 -1 0
    outer loop
      vertex 25.4 -3 0
      vertex 20.4 -3 19.6
      vertex 20.4 -3 16.4
    endloop
  endfacet
  facet normal 0 -1 0
    outer loop
      vertex 25.4 -3 0
      vertex 20.4 -3 16.4
      vertex 20.4 -3 15.6
    endloop
  endfacet
  facet normal 0 -1 0
    outer loop
      vertex 20.4 -3 12.4
      vertex 20.4 -3 15.6
      vertex 17.95 -3 12.4
    endloop
  endfacet
  facet normal 0 -1 0
    outer loop
      vertex 25.4 -3 0
      vertex 20.4 -3 15.6
      vertex 20.4 -3 12.4
    endloop
  endfacet
  facet normal 0 -1 0
    outer loop
      vertex 25.4 -3 0
      vertex 20.4 -3 12.4
      vertex 20.4 -3 3.6
    endloop
  endfacet
  facet normal 0 -1 0
    outer loop
      vertex 20.4 -3 24.4
      vertex 25.4 -3 0
      vertex 25.4 -3 50.8
    endloop
  endfacet
  facet normal 0 -1 0
    outer loop
      vertex 25.4 -3 0
      vertex 20.4 -3 3.6
      vertex 13.413 -3 0
    endloop
  endfacet
  facet normal 0 -1 -0
    outer loop
      vertex 8.89627 -3 48
      vertex 5 -3 44.4
      vertex 8.89627 -3 44.4
    endloop
  endfacet
  facet normal 0 -1 -0
    outer loop
      vertex 12.7544 -3 43.6
      vertex 5 -3 40.4
      vertex 12.7544 -3 40.4
    endloop
  endfacet
  facet normal 0 -1 -0
    outer loop
      vertex 7.45 -3 39.6
      vertex 5 -3 36.4
      vertex 7.45 -3 36.4
    endloop
  endfacet
  facet normal 0 -1 -0
    outer loop
      vertex 7.45 -3 35.6
      vertex 5 -3 32.4
      vertex 7.45 -3 32.4
    endloop
  endfacet
  facet normal 0 -1 -0
    outer loop
      vertex 7.45 -3 31.6
      vertex 5 -3 28.4
      vertex 7.45 -3 28.4
    endloop
  endfacet
  facet normal 0 -1 -0
    outer loop
      vertex 7.45 -3 23.6
      vertex 5 -3 20.4
      vertex 7.45 -3 20.4
    endloop
  endfacet
  facet normal 0 -1 -0
    outer loop
      vertex 7.45 -3 19.6
      vertex 5 -3 16.4
      vertex 7.45 -3 16.4
    endloop
  endfacet
  facet normal 0 -1 -0
    outer loop
      vertex 7.45 -3 15.6
      vertex 5 -3 12.4
      vertex 7.45 -3 12.4
    endloop
  endfacet
  facet normal 0 -1 -0
    outer loop
      vertex 8.67125 -3 7.6
      vertex 5 -3 4.4
      vertex 8.67125 -3 4.4
    endloop
  endfacet
  facet normal 0 -1 0
    outer loop
      vertex 9.47125 -3 4.4
      vertex 16.5556 -3 7.6
      vertex 9.47125 -3 7.6
    endloop
  endfacet
  facet normal 0 -1 -0
    outer loop
      vertex 16.5556 -3 7.6
      vertex 9.47125 -3 4.4
      vertex 16.5556 -3 4.4
    endloop
  endfacet
  facet normal 1 -0 0
    outer loop
      vertex 29.4 -2.39999 50.8
      vertex 29.4 2.39999 0
      vertex 29.4 2.39999 50.8
    endloop
  endfacet
  facet normal 1 0 0
    outer loop
      vertex 29.4 2.39999 0
      vertex 29.4 -2.39999 50.8
      vertex 29.4 -2.39999 0
    endloop
  endfacet
  facet normal -0.21899 -0.975727 0
    outer loop
      vertex 25.4 -1.50224 0
      vertex 29.4 -2.39999 50.8
      vertex 25.4 -1.50224 50.8
    endloop
  endfacet
  facet normal -0.21899 -0.975727 -0
    outer loop
      vertex 29.4 -2.39999 50.8
      vertex 25.4 -1.50224 0
      vertex 29.4 -2.39999 0
    endloop
  endfacet
  facet normal -0.21899 0.975727 0
    outer loop
      vertex 29.4 2.39999 0
      vertex 25.4 1.50224 50.8
      vertex 29.4 2.39999 50.8
    endloop
  endfacet
  facet normal -0.21899 0.975727 0
    outer loop
      vertex 25.4 1.50224 50.8
      vertex 29.4 2.39999 0
      vertex 25.4 1.50224 0
    endloop
  endfacet
  facet normal 1 -0 0
    outer loop
      vertex 25.4 -1.5 0
      vertex 25.4 1.5 -1.4
      vertex 25.4 1.5 0
    endloop
  endfacet
  facet normal 1 0 0
    outer loop
      vertex 25.4 1.5 -1.4
      vertex 25.4 -1.5 0
      vertex 25.4 -1.5 -1.4
    endloop
  endfacet
  facet normal 0 0 -1
    outer loop
      vertex 4.70763 -0.238052 -1.4
      vertex 4.96887 -0.472534 -1.4
      vertex 4.96823 -0.539856 -1.4
    endloop
  endfacet
  facet normal -0 0 -1
    outer loop
      vertex 5.36301 0.454544 -1.4
      vertex 5.32834 0.397125 -1.4
      vertex 5.33092 0.62648 -1.4
    endloop
  endfacet
  facet normal 0 0 -1
    outer loop
      vertex 8.14031 0.617447 -1.4
      vertex 8.50237 0.868713 -1.4
      vertex 8.50237 0.617447 -1.4
    endloop
  endfacet
  facet normal -0 0 -1
    outer loop
      vertex 8.50237 0.868713 -1.4
      vertex 8.14031 0.617447 -1.4
      vertex 8.14031 0.868713 -1.4
    endloop
  endfacet
  facet normal -0 0 -1
    outer loop
      vertex 12.294 -0.776611 -1.4
      vertex 10.6336 -0.99823 -1.4
      vertex 10.6988 0.617447 -1.4
    endloop
  endfacet
  facet normal 0 0 -1
    outer loop
      vertex 10.6988 0.617447 -1.4
      vertex 10.6336 -0.99823 -1.4
      vertex 10.3381 -0.776611 -1.4
    endloop
  endfacet
  facet normal 0 0 -1
    outer loop
      vertex 8.14031 0.617447 -1.4
      vertex 7.78638 0.305664 -1.4
      vertex 7.78658 0.359161 -1.4
    endloop
  endfacet
  facet normal -0 0 -1
    outer loop
      vertex 7.40418 0.131241 -1.4
      vertex 6.88318 0.00544739 -1.4
      vertex 6.89872 0.166107 -1.4
    endloop
  endfacet
  facet normal 0 0 -1
    outer loop
      vertex 13.5052 -0.562729 -1.4
      vertex 13.6998 -0.364319 -1.4
      vertex 13.6981 -0.418396 -1.4
    endloop
  endfacet
  facet normal 0 0 -1
    outer loop
      vertex 14.8328 -0.115662 -1.4
      vertex 14.8491 0.229645 -1.4
      vertex 14.8769 -0.191666 -1.4
    endloop
  endfacet
  facet normal 0 0 -1
    outer loop
      vertex 14.7711 -0.0525208 -1.4
      vertex 14.8491 0.229645 -1.4
      vertex 14.8328 -0.115662 -1.4
    endloop
  endfacet
  facet normal 0 0 -1
    outer loop
      vertex 14.6926 -0.00276184 -1.4
      vertex 14.8491 0.229645 -1.4
      vertex 14.7711 -0.0525208 -1.4
    endloop
  endfacet
  facet normal 0 0 -1
    outer loop
      vertex 14.5983 0.0331421 -1.4
      vertex 14.8491 0.229645 -1.4
      vertex 14.6926 -0.00276184 -1.4
    endloop
  endfacet
  facet normal 0 0 -1
    outer loop
      vertex 14.4715 0.211594 -1.4
      vertex 14.5983 0.0331421 -1.4
      vertex 14.4881 0.0552216 -1.4
    endloop
  endfacet
  facet normal 0 0 -1
    outer loop
      vertex 14.5983 0.0331421 -1.4
      vertex 14.4715 0.211594 -1.4
      vertex 14.8491 0.229645 -1.4
    endloop
  endfacet
  facet normal 0 0 -1
    outer loop
      vertex 14.362 0.0634308 -1.4
      vertex 14.4715 0.211594 -1.4
      vertex 14.4881 0.0552216 -1.4
    endloop
  endfacet
  facet normal -0 0 -1
    outer loop
      vertex 14.4715 0.211594 -1.4
      vertex 14.362 0.0634308 -1.4
      vertex 14.4635 0.260681 -1.4
    endloop
  endfacet
  facet normal 0 0 -1
    outer loop
      vertex 14.3123 0.405884 -1.4
      vertex 14.4635 0.260681 -1.4
      vertex 14.362 0.0634308 -1.4
    endloop
  endfacet
  facet normal 0 0 -1
    outer loop
      vertex 14.4635 0.260681 -1.4
      vertex 14.3123 0.405884 -1.4
      vertex 14.4511 0.302277 -1.4
    endloop
  endfacet
  facet normal -0 -0 -1
    outer loop
      vertex 14.3525 0.397308 -1.4
      vertex 14.4511 0.302277 -1.4
      vertex 14.3123 0.405884 -1.4
    endloop
  endfacet
  facet normal -0 -0 -1
    outer loop
      vertex 14.3861 0.383011 -1.4
      vertex 14.4342 0.33638 -1.4
      vertex 14.3525 0.397308 -1.4
    endloop
  endfacet
  facet normal 0 0 -1
    outer loop
      vertex 14.4342 0.33638 -1.4
      vertex 14.3861 0.383011 -1.4
      vertex 14.4129 0.362991 -1.4
    endloop
  endfacet
  facet normal 0 0 -1
    outer loop
      vertex 14.4511 0.302277 -1.4
      vertex 14.3525 0.397308 -1.4
      vertex 14.4342 0.33638 -1.4
    endloop
  endfacet
  facet normal 0 0 -1
    outer loop
      vertex 14.362 0.0634308 -1.4
      vertex 14.2654 0.408737 -1.4
      vertex 14.3123 0.405884 -1.4
    endloop
  endfacet
  facet normal 0 0 -1
    outer loop
      vertex 14.0737 0.258469 -1.4
      vertex 14.2654 0.408737 -1.4
      vertex 14.362 0.0634308 -1.4
    endloop
  endfacet
  facet normal 0 0 -1
    outer loop
      vertex 14.2654 0.408737 -1.4
      vertex 14.0737 0.258469 -1.4
      vertex 14.2151 0.404587 -1.4
    endloop
  endfacet
  facet normal 0 0 -1
    outer loop
      vertex 14.2151 0.404587 -1.4
      vertex 14.0887 0.30481 -1.4
      vertex 14.1723 0.392151 -1.4
    endloop
  endfacet
  facet normal 0 -0 -1
    outer loop
      vertex 14.1095 0.342377 -1.4
      vertex 14.1723 0.392151 -1.4
      vertex 14.0887 0.30481 -1.4
    endloop
  endfacet
  facet normal 0 0 -1
    outer loop
      vertex 14.1723 0.392151 -1.4
      vertex 14.1095 0.342377 -1.4
      vertex 14.1371 0.371414 -1.4
    endloop
  endfacet
  facet normal 0 0 -1
    outer loop
      vertex 14.2151 0.404587 -1.4
      vertex 14.0737 0.258469 -1.4
      vertex 14.0887 0.30481 -1.4
    endloop
  endfacet
  facet normal 0 0 -1
    outer loop
      vertex 14.362 0.0634308 -1.4
      vertex 14.0648 0.203354 -1.4
      vertex 14.0737 0.258469 -1.4
    endloop
  endfacet
  facet normal 0 0 -1
    outer loop
      vertex 14.0618 0.13945 -1.4
      vertex 14.362 0.0634308 -1.4
      vertex 14.0618 0.0685883 -1.4
    endloop
  endfacet
  facet normal 0 0 -1
    outer loop
      vertex 14.362 0.0634308 -1.4
      vertex 14.0618 0.13945 -1.4
      vertex 14.0648 0.203354 -1.4
    endloop
  endfacet
  facet normal 0 0 -1
    outer loop
      vertex 18.624 -0.478989 -1.4
      vertex 18.5784 -0.397812 -1.4
      vertex 18.6036 -0.437744 -1.4
    endloop
  endfacet
  facet normal 0 0 -1
    outer loop
      vertex 18.624 -0.478989 -1.4
      vertex 18.5485 -0.359161 -1.4
      vertex 18.5784 -0.397812 -1.4
    endloop
  endfacet
  facet normal 0 0 -1
    outer loop
      vertex 17.7813 -0.478989 -1.4
      vertex 18.5485 -0.359161 -1.4
      vertex 18.624 -0.478989 -1.4
    endloop
  endfacet
  facet normal -0 0 -1
    outer loop
      vertex 18.5485 -0.359161 -1.4
      vertex 17.7813 -0.478989 -1.4
      vertex 18.5138 -0.321793 -1.4
    endloop
  endfacet
  facet normal -0 0 -1
    outer loop
      vertex 18.5138 -0.321793 -1.4
      vertex 17.7813 -0.478989 -1.4
      vertex 18.4758 -0.285156 -1.4
    endloop
  endfacet
  facet normal -0 0 -1
    outer loop
      vertex 18.4758 -0.285156 -1.4
      vertex 17.7813 -0.478989 -1.4
      vertex 18.4357 -0.248688 -1.4
    endloop
  endfacet
  facet normal -0 0 -1
    outer loop
      vertex 18.4357 -0.248688 -1.4
      vertex 17.7813 -0.478989 -1.4
      vertex 18.3936 -0.212372 -1.4
    endloop
  endfacet
  facet normal -0 0 -1
    outer loop
      vertex 18.3936 -0.212372 -1.4
      vertex 17.7813 -0.478989 -1.4
      vertex 18.3496 -0.176224 -1.4
    endloop
  endfacet
  facet normal -0 0 -1
    outer loop
      vertex 18.3496 -0.176224 -1.4
      vertex 17.7813 -0.478989 -1.4
      vertex 18.3041 -0.139893 -1.4
    endloop
  endfacet
  facet normal -0 0 -1
    outer loop
      vertex 18.3041 -0.139893 -1.4
      vertex 17.7813 -0.478989 -1.4
      vertex 18.2579 -0.103088 -1.4
    endloop
  endfacet
  facet normal -0 0 -1
    outer loop
      vertex 18.2579 -0.103088 -1.4
      vertex 17.7813 -0.478989 -1.4
      vertex 18.211 -0.0658112 -1.4
    endloop
  endfacet
  facet normal -0 0 -1
    outer loop
      vertex 18.211 -0.0658112 -1.4
      vertex 17.7813 -0.478989 -1.4
      vertex 18.1634 -0.0280304 -1.4
    endloop
  endfacet
  facet normal -0 0 -1
    outer loop
      vertex 18.1634 -0.0280304 -1.4
      vertex 17.7813 -0.478989 -1.4
      vertex 18.1165 0.0106354 -1.4
    endloop
  endfacet
  facet normal 0 0 -1
    outer loop
      vertex 17.8223 0.434174 -1.4
      vertex 17.0017 0.617447 -1.4
      vertex 17.8128 0.493362 -1.4
    endloop
  endfacet
  facet normal 0 0 -1
    outer loop
      vertex 17.838 0.378052 -1.4
      vertex 17.0017 0.617447 -1.4
      vertex 17.8223 0.434174 -1.4
    endloop
  endfacet
  facet normal 0 0 -1
    outer loop
      vertex 17.8599 0.324982 -1.4
      vertex 17.0017 0.617447 -1.4
      vertex 17.838 0.378052 -1.4
    endloop
  endfacet
  facet normal 0 0 -1
    outer loop
      vertex 17.0017 0.617447 -1.4
      vertex 17.8599 0.324982 -1.4
      vertex 17.7813 -0.478989 -1.4
    endloop
  endfacet
  facet normal -0 0 -1
    outer loop
      vertex 17.8868 0.27446 -1.4
      vertex 17.7813 -0.478989 -1.4
      vertex 17.8599 0.324982 -1.4
    endloop
  endfacet
  facet normal -0 0 -1
    outer loop
      vertex 17.9173 0.225937 -1.4
      vertex 17.7813 -0.478989 -1.4
      vertex 17.8868 0.27446 -1.4
    endloop
  endfacet
  facet normal -0 0 -1
    outer loop
      vertex 17.9513 0.179428 -1.4
      vertex 17.7813 -0.478989 -1.4
      vertex 17.9173 0.225937 -1.4
    endloop
  endfacet
  facet normal -0 0 -1
    outer loop
      vertex 17.9888 0.134933 -1.4
      vertex 17.7813 -0.478989 -1.4
      vertex 17.9513 0.179428 -1.4
    endloop
  endfacet
  facet normal -0 0 -1
    outer loop
      vertex 18.0292 0.0921326 -1.4
      vertex 17.7813 -0.478989 -1.4
      vertex 17.9888 0.134933 -1.4
    endloop
  endfacet
  facet normal -0 0 -1
    outer loop
      vertex 18.0717 0.050705 -1.4
      vertex 17.7813 -0.478989 -1.4
      vertex 18.0292 0.0921326 -1.4
    endloop
  endfacet
  facet normal -0 0 -1
    outer loop
      vertex 18.1165 0.0106354 -1.4
      vertex 17.7813 -0.478989 -1.4
      vertex 18.0717 0.050705 -1.4
    endloop
  endfacet
  facet normal 0 0 -1
    outer loop
      vertex 19.1231 -0.406845 -1.4
      vertex 18.9659 -0.371399 -1.4
      vertex 19.1231 -0.137558 -1.4
    endloop
  endfacet
  facet normal 0 0 -1
    outer loop
      vertex 18.9117 -0.295868 -1.4
      vertex 19.1231 -0.137558 -1.4
      vertex 18.9659 -0.371399 -1.4
    endloop
  endfacet
  facet normal 0 0 -1
    outer loop
      vertex 18.8501 -0.221298 -1.4
      vertex 19.1231 -0.137558 -1.4
      vertex 18.9117 -0.295868 -1.4
    endloop
  endfacet
  facet normal 0 0 -1
    outer loop
      vertex 18.7805 -0.146408 -1.4
      vertex 19.1231 -0.137558 -1.4
      vertex 18.8501 -0.221298 -1.4
    endloop
  endfacet
  facet normal 0 0 -1
    outer loop
      vertex 18.7024 -0.0699005 -1.4
      vertex 19.1231 -0.137558 -1.4
      vertex 18.7805 -0.146408 -1.4
    endloop
  endfacet
  facet normal 0 0 -1
    outer loop
      vertex 19.1231 -0.137558 -1.4
      vertex 18.7024 -0.0699005 -1.4
      vertex 19.0363 0.547882 -1.4
    endloop
  endfacet
  facet normal 0 0 -1
    outer loop
      vertex 18.6159 0.00819397 -1.4
      vertex 19.0363 0.547882 -1.4
      vertex 18.7024 -0.0699005 -1.4
    endloop
  endfacet
  facet normal 0 0 -1
    outer loop
      vertex 19.0363 0.547882 -1.4
      vertex 18.6159 0.00819397 -1.4
      vertex 18.6717 0.527267 -1.4
    endloop
  endfacet
  facet normal 0 0 -1
    outer loop
      vertex 18.5209 0.0879059 -1.4
      vertex 18.6717 0.527267 -1.4
      vertex 18.6159 0.00819397 -1.4
    endloop
  endfacet
  facet normal 0 0 -1
    outer loop
      vertex 18.4327 0.161835 -1.4
      vertex 18.6717 0.527267 -1.4
      vertex 18.5209 0.0879059 -1.4
    endloop
  endfacet
  facet normal 0 0 -1
    outer loop
      vertex 18.3587 0.228989 -1.4
      vertex 18.6717 0.527267 -1.4
      vertex 18.4327 0.161835 -1.4
    endloop
  endfacet
  facet normal 0 0 -1
    outer loop
      vertex 18.299 0.289383 -1.4
      vertex 18.6717 0.527267 -1.4
      vertex 18.3587 0.228989 -1.4
    endloop
  endfacet
  facet normal 0 0 -1
    outer loop
      vertex 18.2536 0.343018 -1.4
      vertex 18.6717 0.527267 -1.4
      vertex 18.299 0.289383 -1.4
    endloop
  endfacet
  facet normal 0 0 -1
    outer loop
      vertex 18.22 0.393021 -1.4
      vertex 18.6717 0.527267 -1.4
      vertex 18.2536 0.343018 -1.4
    endloop
  endfacet
  facet normal -0 0 -1
    outer loop
      vertex 18.6717 0.527267 -1.4
      vertex 18.22 0.393021 -1.4
      vertex 18.6599 0.585846 -1.4
    endloop
  endfacet
  facet normal 0 0 -1
    outer loop
      vertex 18.1961 0.442551 -1.4
      vertex 18.6599 0.585846 -1.4
      vertex 18.22 0.393021 -1.4
    endloop
  endfacet
  facet normal -0 0 -1
    outer loop
      vertex 18.6599 0.585846 -1.4
      vertex 18.1961 0.442551 -1.4
      vertex 18.6428 0.636627 -1.4
    endloop
  endfacet
  facet normal 0 -0 -1
    outer loop
      vertex 18.4153 0.777222 -1.4
      vertex 18.6428 0.636627 -1.4
      vertex 18.1961 0.442551 -1.4
    endloop
  endfacet
  facet normal 0 0 -1
    outer loop
      vertex 18.6428 0.636627 -1.4
      vertex 18.4698 0.773315 -1.4
      vertex 18.6203 0.679581 -1.4
    endloop
  endfacet
  facet normal 0 0 -1
    outer loop
      vertex 18.6203 0.679581 -1.4
      vertex 18.5175 0.761597 -1.4
      vertex 18.5924 0.714737 -1.4
    endloop
  endfacet
  facet normal 0 0 -1
    outer loop
      vertex 18.5924 0.714737 -1.4
      vertex 18.5175 0.761597 -1.4
      vertex 18.5584 0.742081 -1.4
    endloop
  endfacet
  facet normal -0 -0 -1
    outer loop
      vertex 18.5175 0.761597 -1.4
      vertex 18.6203 0.679581 -1.4
      vertex 18.4698 0.773315 -1.4
    endloop
  endfacet
  facet normal 0 0 -1
    outer loop
      vertex 18.6428 0.636627 -1.4
      vertex 18.4153 0.777222 -1.4
      vertex 18.4698 0.773315 -1.4
    endloop
  endfacet
  facet normal 0 0 -1
    outer loop
      vertex 18.1817 0.491592 -1.4
      vertex 18.4153 0.777222 -1.4
      vertex 18.1961 0.442551 -1.4
    endloop
  endfacet
  facet normal 0 0 -1
    outer loop
      vertex 18.1769 0.540146 -1.4
      vertex 18.4153 0.777222 -1.4
      vertex 18.1817 0.491592 -1.4
    endloop
  endfacet
  facet normal 0 -0 -1
    outer loop
      vertex 18.1918 0.64386 -1.4
      vertex 18.311 0.762405 -1.4
      vertex 18.1769 0.540146 -1.4
    endloop
  endfacet
  facet normal 0 0 -1
    outer loop
      vertex 18.4153 0.777222 -1.4
      vertex 18.1769 0.540146 -1.4
      vertex 18.311 0.762405 -1.4
    endloop
  endfacet
  facet normal 0 0 -1
    outer loop
      vertex 18.311 0.762405 -1.4
      vertex 18.1918 0.64386 -1.4
      vertex 18.2365 0.717957 -1.4
    endloop
  endfacet
  facet normal 0 0 -1
    outer loop
      vertex 19.0363 0.547882 -1.4
      vertex 19.3653 -0.137558 -1.4
      vertex 19.1231 -0.137558 -1.4
    endloop
  endfacet
  facet normal 0 0 -1
    outer loop
      vertex 20.5365 -0.406845 -1.4
      vertex 21.3952 0.270874 -1.4
      vertex 20.5564 -0.776611 -1.4
    endloop
  endfacet
  facet normal 0 0 -1
    outer loop
      vertex 21.8809 0.215469 -1.4
      vertex 21.0627 1.03877 -1.4
      vertex 21.8809 1.03877 -1.4
    endloop
  endfacet
  facet normal 0 0 -1
    outer loop
      vertex 23.5682 0.442429 -1.4
      vertex 23.6232 0.54628 -1.4
      vertex 23.6163 0.515671 -1.4
    endloop
  endfacet
  facet normal 0 0 -1
    outer loop
      vertex 23.5888 0.464127 -1.4
      vertex 23.6163 0.515671 -1.4
      vertex 23.6049 0.488281 -1.4
    endloop
  endfacet
  facet normal -0 0 -1
    outer loop
      vertex 23.6232 0.54628 -1.4
      vertex 23.5682 0.442429 -1.4
      vertex 23.6255 0.580093 -1.4
    endloop
  endfacet
  facet normal 0 0 -1
    outer loop
      vertex 23.6163 0.515671 -1.4
      vertex 23.5888 0.464127 -1.4
      vertex 23.5682 0.442429 -1.4
    endloop
  endfacet
  facet normal 0 0 -1
    outer loop
      vertex 23.5432 0.422409 -1.4
      vertex 23.6255 0.580093 -1.4
      vertex 23.5682 0.442429 -1.4
    endloop
  endfacet
  facet normal 0 0 -1
    outer loop
      vertex 23.5392 0.742432 -1.4
      vertex 23.6255 0.580093 -1.4
      vertex 23.5432 0.422409 -1.4
    endloop
  endfacet
  facet normal 0 0 -1
    outer loop
      vertex 23.6255 0.580093 -1.4
      vertex 23.5392 0.742432 -1.4
      vertex 23.6039 0.674789 -1.4
    endloop
  endfacet
  facet normal 0 0 -1
    outer loop
      vertex 23.5138 0.404099 -1.4
      vertex 23.5392 0.742432 -1.4
      vertex 23.5432 0.422409 -1.4
    endloop
  endfacet
  facet normal 0 0 -1
    outer loop
      vertex 23.4313 0.78302 -1.4
      vertex 23.5138 0.404099 -1.4
      vertex 23.4799 0.387466 -1.4
    endloop
  endfacet
  facet normal 0 0 -1
    outer loop
      vertex 23.4313 0.78302 -1.4
      vertex 23.4799 0.387466 -1.4
      vertex 23.4346 0.370667 -1.4
    endloop
  endfacet
  facet normal 0 0 -1
    outer loop
      vertex 23.5138 0.404099 -1.4
      vertex 23.4313 0.78302 -1.4
      vertex 23.5392 0.742432 -1.4
    endloop
  endfacet
  facet normal 0 0 -1
    outer loop
      vertex 23.3707 0.351868 -1.4
      vertex 23.4313 0.78302 -1.4
      vertex 23.4346 0.370667 -1.4
    endloop
  endfacet
  facet normal 0 0 -1
    outer loop
      vertex 23.2802 0.796555 -1.4
      vertex 23.3707 0.351868 -1.4
      vertex 23.2884 0.331055 -1.4
    endloop
  endfacet
  facet normal 0 0 -1
    outer loop
      vertex 23.3707 0.351868 -1.4
      vertex 23.2802 0.796555 -1.4
      vertex 23.4313 0.78302 -1.4
    endloop
  endfacet
  facet normal 0 0 -1
    outer loop
      vertex 23.2884 0.331055 -1.4
      vertex 23.2038 0.792847 -1.4
      vertex 23.2802 0.796555 -1.4
    endloop
  endfacet
  facet normal 0 0 -1
    outer loop
      vertex 23.1367 0.781723 -1.4
      vertex 23.2884 0.331055 -1.4
      vertex 23.1875 0.308228 -1.4
    endloop
  endfacet
  facet normal 0 0 -1
    outer loop
      vertex 23.2884 0.331055 -1.4
      vertex 23.1367 0.781723 -1.4
      vertex 23.2038 0.792847 -1.4
    endloop
  endfacet
  facet normal 0 0 -1
    outer loop
      vertex 23.1875 0.308228 -1.4
      vertex 23.0791 0.763199 -1.4
      vertex 23.1367 0.781723 -1.4
    endloop
  endfacet
  facet normal 0 0 -1
    outer loop
      vertex 22.9156 0.56076 -1.4
      vertex 23.1875 0.308228 -1.4
      vertex 23.066 0.281052 -1.4
    endloop
  endfacet
  facet normal 0 0 -1
    outer loop
      vertex 23.1875 0.308228 -1.4
      vertex 23.0309 0.737274 -1.4
      vertex 23.0791 0.763199 -1.4
    endloop
  endfacet
  facet normal 0 0 -1
    outer loop
      vertex 23.1875 0.308228 -1.4
      vertex 22.9911 0.70401 -1.4
      vertex 23.0309 0.737274 -1.4
    endloop
  endfacet
  facet normal 0 0 -1
    outer loop
      vertex 22.9156 0.56076 -1.4
      vertex 23.066 0.281052 -1.4
      vertex 22.9631 0.254913 -1.4
    endloop
  endfacet
  facet normal 0 0 -1
    outer loop
      vertex 23.1875 0.308228 -1.4
      vertex 22.9156 0.56076 -1.4
      vertex 22.9334 0.615753 -1.4
    endloop
  endfacet
  facet normal 0 0 -1
    outer loop
      vertex 23.1875 0.308228 -1.4
      vertex 22.9334 0.615753 -1.4
      vertex 22.9586 0.663513 -1.4
    endloop
  endfacet
  facet normal 0 0 -1
    outer loop
      vertex 23.1875 0.308228 -1.4
      vertex 22.9586 0.663513 -1.4
      vertex 22.9911 0.70401 -1.4
    endloop
  endfacet
  facet normal 0 0 -1
    outer loop
      vertex 22.8788 0.229843 -1.4
      vertex 22.9156 0.56076 -1.4
      vertex 22.9631 0.254913 -1.4
    endloop
  endfacet
  facet normal 0 0 -1
    outer loop
      vertex 22.8132 0.205795 -1.4
      vertex 22.9156 0.56076 -1.4
      vertex 22.8788 0.229843 -1.4
    endloop
  endfacet
  facet normal 0 0 -1
    outer loop
      vertex 22.5471 0.611008 -1.4
      vertex 22.8132 0.205795 -1.4
      vertex 22.7597 0.18132 -1.4
    endloop
  endfacet
  facet normal 0 0 -1
    outer loop
      vertex 22.5471 0.611008 -1.4
      vertex 22.7597 0.18132 -1.4
      vertex 22.7122 0.154907 -1.4
    endloop
  endfacet
  facet normal 0 0 -1
    outer loop
      vertex 22.5471 0.611008 -1.4
      vertex 22.7122 0.154907 -1.4
      vertex 22.6705 0.126556 -1.4
    endloop
  endfacet
  facet normal 0 0 -1
    outer loop
      vertex 22.5471 0.611008 -1.4
      vertex 22.6705 0.126556 -1.4
      vertex 22.6347 0.096283 -1.4
    endloop
  endfacet
  facet normal 0 0 -1
    outer loop
      vertex 22.5471 0.611008 -1.4
      vertex 22.6347 0.096283 -1.4
      vertex 22.6038 0.0635071 -1.4
    endloop
  endfacet
  facet normal 0 0 -1
    outer loop
      vertex 22.5471 0.611008 -1.4
      vertex 22.6038 0.0635071 -1.4
      vertex 22.5767 0.0276642 -1.4
    endloop
  endfacet
  facet normal 0 0 -1
    outer loop
      vertex 22.8132 0.205795 -1.4
      vertex 22.5471 0.611008 -1.4
      vertex 22.9156 0.56076 -1.4
    endloop
  endfacet
  facet normal 0 0 -1
    outer loop
      vertex 22.5535 -0.0112152 -1.4
      vertex 22.5471 0.611008 -1.4
      vertex 22.5767 0.0276642 -1.4
    endloop
  endfacet
  facet normal 0 -0 -1
    outer loop
      vertex 22.5471 0.611008 -1.4
      vertex 22.5535 -0.0112152 -1.4
      vertex 22.5342 -0.0531769 -1.4
    endloop
  endfacet
  facet normal 0 0 -1
    outer loop
      vertex 25.4 1.5 -1.4
      vertex 23.9937 0.511246 -1.4
      vertex 23.9953 0.558197 -1.4
    endloop
  endfacet
  facet normal 0 0 -1
    outer loop
      vertex 25.4 1.5 -1.4
      vertex 23.989 0.467041 -1.4
      vertex 23.9937 0.511246 -1.4
    endloop
  endfacet
  facet normal 0 0 -1
    outer loop
      vertex 24.0803 -0.303772 -1.4
      vertex 23.9812 0.425568 -1.4
      vertex 23.989 0.467041 -1.4
    endloop
  endfacet
  facet normal 0 0 -1
    outer loop
      vertex 24.0803 -0.303772 -1.4
      vertex 23.9702 0.386826 -1.4
      vertex 23.9812 0.425568 -1.4
    endloop
  endfacet
  facet normal 0 0 -1
    outer loop
      vertex 24.0803 -0.303772 -1.4
      vertex 23.9564 0.350677 -1.4
      vertex 23.9702 0.386826 -1.4
    endloop
  endfacet
  facet normal 0 0 -1
    outer loop
      vertex 24.0803 -0.303772 -1.4
      vertex 23.9401 0.31694 -1.4
      vertex 23.9564 0.350677 -1.4
    endloop
  endfacet
  facet normal 0 0 -1
    outer loop
      vertex 24.0803 -0.303772 -1.4
      vertex 23.9213 0.285614 -1.4
      vertex 23.9401 0.31694 -1.4
    endloop
  endfacet
  facet normal 0 0 -1
    outer loop
      vertex 24.0803 -0.303772 -1.4
      vertex 23.9 0.256699 -1.4
      vertex 23.9213 0.285614 -1.4
    endloop
  endfacet
  facet normal 0 0 -1
    outer loop
      vertex 24.0803 -0.303772 -1.4
      vertex 23.8762 0.230011 -1.4
      vertex 23.9 0.256699 -1.4
    endloop
  endfacet
  facet normal 0 0 -1
    outer loop
      vertex 24.0803 -0.303772 -1.4
      vertex 23.85 0.205322 -1.4
      vertex 23.8762 0.230011 -1.4
    endloop
  endfacet
  facet normal 0 0 -1
    outer loop
      vertex 24.0803 -0.303772 -1.4
      vertex 23.8215 0.182648 -1.4
      vertex 23.85 0.205322 -1.4
    endloop
  endfacet
  facet normal 0 0 -1
    outer loop
      vertex 24.0803 -0.303772 -1.4
      vertex 23.7905 0.161987 -1.4
      vertex 23.8215 0.182648 -1.4
    endloop
  endfacet
  facet normal 0 0 -1
    outer loop
      vertex 23.7131 -0.24321 -1.4
      vertex 23.7905 0.161987 -1.4
      vertex 24.0803 -0.303772 -1.4
    endloop
  endfacet
  facet normal 0 0 -1
    outer loop
      vertex 23.7905 0.161987 -1.4
      vertex 23.7131 -0.24321 -1.4
      vertex 23.7573 0.14299 -1.4
    endloop
  endfacet
  facet normal 0 0 -1
    outer loop
      vertex 23.7573 0.14299 -1.4
      vertex 23.7131 -0.24321 -1.4
      vertex 23.7222 0.125275 -1.4
    endloop
  endfacet
  facet normal 0 0 -1
    outer loop
      vertex 23.4567 0.0397186 -1.4
      vertex 23.7131 -0.24321 -1.4
      vertex 23.69 -0.31041 -1.4
    endloop
  endfacet
  facet normal 0 0 -1
    outer loop
      vertex 23.7131 -0.24321 -1.4
      vertex 23.6851 0.108841 -1.4
      vertex 23.7222 0.125275 -1.4
    endloop
  endfacet
  facet normal 0 0 -1
    outer loop
      vertex 23.3627 0.0170593 -1.4
      vertex 23.69 -0.31041 -1.4
      vertex 23.6581 -0.367706 -1.4
    endloop
  endfacet
  facet normal 0 0 -1
    outer loop
      vertex 23.7131 -0.24321 -1.4
      vertex 23.6462 0.0937042 -1.4
      vertex 23.6851 0.108841 -1.4
    endloop
  endfacet
  facet normal 0 0 -1
    outer loop
      vertex 23.3627 0.0170593 -1.4
      vertex 23.6581 -0.367706 -1.4
      vertex 23.6172 -0.4151 -1.4
    endloop
  endfacet
  facet normal 0 0 -1
    outer loop
      vertex 23.7131 -0.24321 -1.4
      vertex 23.5985 0.0780487 -1.4
      vertex 23.6462 0.0937042 -1.4
    endloop
  endfacet
  facet normal 0 0 -1
    outer loop
      vertex 23.3627 0.0170593 -1.4
      vertex 23.6172 -0.4151 -1.4
      vertex 23.5676 -0.452591 -1.4
    endloop
  endfacet
  facet normal 0 0 -1
    outer loop
      vertex 23.7131 -0.24321 -1.4
      vertex 23.5353 0.0600586 -1.4
      vertex 23.5985 0.0780487 -1.4
    endloop
  endfacet
  facet normal 0 0 -1
    outer loop
      vertex 23.3627 0.0170593 -1.4
      vertex 23.5676 -0.452591 -1.4
      vertex 23.5082 -0.481049 -1.4
    endloop
  endfacet
  facet normal 0 0 -1
    outer loop
      vertex 23.7131 -0.24321 -1.4
      vertex 23.4567 0.0397186 -1.4
      vertex 23.5353 0.0600586 -1.4
    endloop
  endfacet
  facet normal 0 0 -1
    outer loop
      vertex 23.3627 0.0170593 -1.4
      vertex 23.5082 -0.481049 -1.4
      vertex 23.4384 -0.501389 -1.4
    endloop
  endfacet
  facet normal 0 0 -1
    outer loop
      vertex 23.69 -0.31041 -1.4
      vertex 23.3627 0.0170593 -1.4
      vertex 23.4567 0.0397186 -1.4
    endloop
  endfacet
  facet normal 0 0 -1
    outer loop
      vertex 23.2543 -0.00588989 -1.4
      vertex 23.4384 -0.501389 -1.4
      vertex 23.3581 -0.51358 -1.4
    endloop
  endfacet
  facet normal 0 0 -1
    outer loop
      vertex 23.2543 -0.00588989 -1.4
      vertex 23.3581 -0.51358 -1.4
      vertex 23.2673 -0.517654 -1.4
    endloop
  endfacet
  facet normal 0 0 -1
    outer loop
      vertex 23.4384 -0.501389 -1.4
      vertex 23.2543 -0.00588989 -1.4
      vertex 23.3627 0.0170593 -1.4
    endloop
  endfacet
  facet normal 0 0 -1
    outer loop
      vertex 23.2673 -0.517654 -1.4
      vertex 23.1651 -0.0270691 -1.4
      vertex 23.2543 -0.00588989 -1.4
    endloop
  endfacet
  facet normal 0 0 -1
    outer loop
      vertex 23.0932 -0.502502 -1.4
      vertex 23.1651 -0.0270691 -1.4
      vertex 23.2673 -0.517654 -1.4
    endloop
  endfacet
  facet normal 0 0 -1
    outer loop
      vertex 23.1651 -0.0270691 -1.4
      vertex 23.0932 -0.502502 -1.4
      vertex 23.0949 -0.0464783 -1.4
    endloop
  endfacet
  facet normal 0 0 -1
    outer loop
      vertex 23.0932 -0.502502 -1.4
      vertex 23.0438 -0.0641174 -1.4
      vertex 23.0949 -0.0464783 -1.4
    endloop
  endfacet
  facet normal 0 0 -1
    outer loop
      vertex 23.0932 -0.502502 -1.4
      vertex 23.0046 -0.0819092 -1.4
      vertex 23.0438 -0.0641174 -1.4
    endloop
  endfacet
  facet normal 0 0 -1
    outer loop
      vertex 22.9687 -0.457092 -1.4
      vertex 23.0046 -0.0819092 -1.4
      vertex 23.0932 -0.502502 -1.4
    endloop
  endfacet
  facet normal 0 0 -1
    outer loop
      vertex 23.0046 -0.0819092 -1.4
      vertex 22.9687 -0.457092 -1.4
      vertex 22.97 -0.101807 -1.4
    endloop
  endfacet
  facet normal 0 0 -1
    outer loop
      vertex 22.9687 -0.457092 -1.4
      vertex 22.9402 -0.123795 -1.4
      vertex 22.97 -0.101807 -1.4
    endloop
  endfacet
  facet normal 0 0 -1
    outer loop
      vertex 22.8692 -0.275421 -1.4
      vertex 22.9402 -0.123795 -1.4
      vertex 22.9687 -0.457092 -1.4
    endloop
  endfacet
  facet normal 0 0 -1
    outer loop
      vertex 22.9402 -0.123795 -1.4
      vertex 22.8692 -0.275421 -1.4
      vertex 22.915 -0.147873 -1.4
    endloop
  endfacet
  facet normal 0 0 -1
    outer loop
      vertex 22.8692 -0.275421 -1.4
      vertex 22.9687 -0.457092 -1.4
      vertex 22.8941 -0.381393 -1.4
    endloop
  endfacet
  facet normal 0 -0 -1
    outer loop
      vertex 22.8721 -0.238449 -1.4
      vertex 22.915 -0.147873 -1.4
      vertex 22.8692 -0.275421 -1.4
    endloop
  endfacet
  facet normal 0 0 -1
    outer loop
      vertex 22.915 -0.147873 -1.4
      vertex 22.8721 -0.238449 -1.4
      vertex 22.8949 -0.174683 -1.4
    endloop
  endfacet
  facet normal 0 0 -1
    outer loop
      vertex 22.8949 -0.174683 -1.4
      vertex 22.8721 -0.238449 -1.4
      vertex 22.8806 -0.20488 -1.4
    endloop
  endfacet
  facet normal 0 0 -1
    outer loop
      vertex 25.4 -1.5 -1.4
      vertex 24.0803 -0.303772 -1.4
      vertex 25.4 1.5 -1.4
    endloop
  endfacet
  facet normal 0 0 -1
    outer loop
      vertex 25.4 -1.5 -1.4
      vertex 24.0431 -0.421417 -1.4
      vertex 24.0803 -0.303772 -1.4
    endloop
  endfacet
  facet normal 0 0 -1
    outer loop
      vertex 25.4 -1.5 -1.4
      vertex 23.9882 -0.523117 -1.4
      vertex 24.0431 -0.421417 -1.4
    endloop
  endfacet
  facet normal 0 0 -1
    outer loop
      vertex 25.4 -1.5 -1.4
      vertex 23.9156 -0.608871 -1.4
      vertex 23.9882 -0.523117 -1.4
    endloop
  endfacet
  facet normal 0 0 -1
    outer loop
      vertex 25.4 -1.5 -1.4
      vertex 23.8252 -0.678696 -1.4
      vertex 23.9156 -0.608871 -1.4
    endloop
  endfacet
  facet normal 0 0 -1
    outer loop
      vertex 25.4 -1.5 -1.4
      vertex 23.7166 -0.732803 -1.4
      vertex 23.8252 -0.678696 -1.4
    endloop
  endfacet
  facet normal 0 0 -1
    outer loop
      vertex 25.4 -1.5 -1.4
      vertex 23.5891 -0.771454 -1.4
      vertex 23.7166 -0.732803 -1.4
    endloop
  endfacet
  facet normal 0 0 -1
    outer loop
      vertex 25.4 -1.5 -1.4
      vertex 23.4428 -0.794647 -1.4
      vertex 23.5891 -0.771454 -1.4
    endloop
  endfacet
  facet normal 0 0 -1
    outer loop
      vertex 25.4 -1.5 -1.4
      vertex 23.2777 -0.802383 -1.4
      vertex 23.4428 -0.794647 -1.4
    endloop
  endfacet
  facet normal 0 0 -1
    outer loop
      vertex 25.4 -1.5 -1.4
      vertex 23.0979 -0.793564 -1.4
      vertex 23.2777 -0.802383 -1.4
    endloop
  endfacet
  facet normal 0 0 -1
    outer loop
      vertex 22.261 -0.776611 -1.4
      vertex 23.0979 -0.793564 -1.4
      vertex 25.4 -1.5 -1.4
    endloop
  endfacet
  facet normal -0 0 -1
    outer loop
      vertex 22.5118 -0.379013 -1.4
      vertex 22.261 -0.776611 -1.4
      vertex 22.4994 -0.25351 -1.4
    endloop
  endfacet
  facet normal -0 0 -1
    outer loop
      vertex 22.5489 -0.488815 -1.4
      vertex 22.261 -0.776611 -1.4
      vertex 22.5118 -0.379013 -1.4
    endloop
  endfacet
  facet normal -0 0 -1
    outer loop
      vertex 22.6107 -0.582916 -1.4
      vertex 22.261 -0.776611 -1.4
      vertex 22.5489 -0.488815 -1.4
    endloop
  endfacet
  facet normal -0 0 -1
    outer loop
      vertex 22.6972 -0.661301 -1.4
      vertex 22.261 -0.776611 -1.4
      vertex 22.6107 -0.582916 -1.4
    endloop
  endfacet
  facet normal -0 0 -1
    outer loop
      vertex 22.8077 -0.723022 -1.4
      vertex 22.261 -0.776611 -1.4
      vertex 22.6972 -0.661301 -1.4
    endloop
  endfacet
  facet normal -0 0 -1
    outer loop
      vertex 22.9412 -0.767105 -1.4
      vertex 22.261 -0.776611 -1.4
      vertex 22.8077 -0.723022 -1.4
    endloop
  endfacet
  facet normal 0 0 -1
    outer loop
      vertex 23.0979 -0.793564 -1.4
      vertex 22.261 -0.776611 -1.4
      vertex 22.9412 -0.767105 -1.4
    endloop
  endfacet
  facet normal 0 0 -1
    outer loop
      vertex 25.4 -1.5 -1.4
      vertex 21.8809 -0.776611 -1.4
      vertex 22.261 -0.776611 -1.4
    endloop
  endfacet
  facet normal 0 0 -1
    outer loop
      vertex 21.8809 -0.776611 -1.4
      vertex 21.6567 0.0569916 -1.4
      vertex 21.8809 -0.114349 -1.4
    endloop
  endfacet
  facet normal 0 0 -1
    outer loop
      vertex 21.8809 -0.776611 -1.4
      vertex 21.0047 -0.776611 -1.4
      vertex 21.6567 0.0569916 -1.4
    endloop
  endfacet
  facet normal 0 0 -1
    outer loop
      vertex 25.4 -1.5 -1.4
      vertex 21.0047 -0.776611 -1.4
      vertex 21.8809 -0.776611 -1.4
    endloop
  endfacet
  facet normal 0 0 -1
    outer loop
      vertex 25.4 -1.5 -1.4
      vertex 20.5564 -0.776611 -1.4
      vertex 21.0047 -0.776611 -1.4
    endloop
  endfacet
  facet normal 0 0 -1
    outer loop
      vertex 20.5564 -0.776611 -1.4
      vertex 19.7106 -0.776611 -1.4
      vertex 20.5365 -0.406845 -1.4
    endloop
  endfacet
  facet normal 0 0 -1
    outer loop
      vertex 25.4 -1.5 -1.4
      vertex 19.7106 -0.776611 -1.4
      vertex 20.5564 -0.776611 -1.4
    endloop
  endfacet
  facet normal 0 0 -1
    outer loop
      vertex 25.4 -1.5 -1.4
      vertex 19.3653 -0.776611 -1.4
      vertex 19.7106 -0.776611 -1.4
    endloop
  endfacet
  facet normal 0 0 -1
    outer loop
      vertex 19.0517 -0.525375 -1.4
      vertex 19.3653 -0.406845 -1.4
      vertex 19.3653 -0.776611 -1.4
    endloop
  endfacet
  facet normal -0 0 -1
    outer loop
      vertex 19.3653 -0.406845 -1.4
      vertex 19.0517 -0.525375 -1.4
      vertex 19.1231 -0.406845 -1.4
    endloop
  endfacet
  facet normal 0 0 -1
    outer loop
      vertex 19.0517 -0.525375 -1.4
      vertex 19.3653 -0.776611 -1.4
      vertex 19.0517 -0.776611 -1.4
    endloop
  endfacet
  facet normal 0 0 -1
    outer loop
      vertex 25.4 -1.5 -1.4
      vertex 19.0517 -0.776611 -1.4
      vertex 19.3653 -0.776611 -1.4
    endloop
  endfacet
  facet normal 0 0 -1
    outer loop
      vertex 25.4 -1.5 -1.4
      vertex 17.7813 -0.776611 -1.4
      vertex 19.0517 -0.776611 -1.4
    endloop
  endfacet
  facet normal 0 0 -1
    outer loop
      vertex 16.641 -0.776611 -1.4
      vertex 17.7813 -0.478989 -1.4
      vertex 17.7813 -0.776611 -1.4
    endloop
  endfacet
  facet normal -0 0 -1
    outer loop
      vertex 17.7813 -0.478989 -1.4
      vertex 16.641 -0.776611 -1.4
      vertex 17.0017 0.617447 -1.4
    endloop
  endfacet
  facet normal 0 0 -1
    outer loop
      vertex 25.4 -1.5 -1.4
      vertex 16.641 -0.776611 -1.4
      vertex 17.7813 -0.776611 -1.4
    endloop
  endfacet
  facet normal 0 0 -1
    outer loop
      vertex 12.1501 -1.09872 -1.4
      vertex 16.641 -0.776611 -1.4
      vertex 25.4 -1.5 -1.4
    endloop
  endfacet
  facet normal 0 0 -1
    outer loop
      vertex 16.0341 0.071167 -1.4
      vertex 15.9464 0.256378 -1.4
      vertex 15.9671 0.359772 -1.4
    endloop
  endfacet
  facet normal 0 0 -1
    outer loop
      vertex 15.685 -0.776611 -1.4
      vertex 16.0341 0.071167 -1.4
      vertex 16.2583 -0.776611 -1.4
    endloop
  endfacet
  facet normal 0 0 -1
    outer loop
      vertex 16.0341 0.071167 -1.4
      vertex 15.9294 0.17424 -1.4
      vertex 15.9464 0.256378 -1.4
    endloop
  endfacet
  facet normal 0 0 -1
    outer loop
      vertex 16.0341 0.071167 -1.4
      vertex 15.9162 0.113358 -1.4
      vertex 15.9294 0.17424 -1.4
    endloop
  endfacet
  facet normal 0 0 -1
    outer loop
      vertex 16.0341 0.071167 -1.4
      vertex 15.9066 0.0737305 -1.4
      vertex 15.9162 0.113358 -1.4
    endloop
  endfacet
  facet normal -0 0 -1
    outer loop
      vertex 16.0341 0.071167 -1.4
      vertex 15.685 -0.776611 -1.4
      vertex 15.9066 0.0737305 -1.4
    endloop
  endfacet
  facet normal -0 0 -1
    outer loop
      vertex 16.641 -0.776611 -1.4
      vertex 12.1501 -1.09872 -1.4
      vertex 16.2583 -0.776611 -1.4
    endloop
  endfacet
  facet normal -0 0 -1
    outer loop
      vertex 16.2583 -0.776611 -1.4
      vertex 12.1501 -1.09872 -1.4
      vertex 15.685 -0.776611 -1.4
    endloop
  endfacet
  facet normal 0 0 -1
    outer loop
      vertex 14.9034 -0.280563 -1.4
      vertex 15.3023 -0.776611 -1.4
      vertex 14.9122 -0.382355 -1.4
    endloop
  endfacet
  facet normal 0 0 -1
    outer loop
      vertex 15.3023 -0.776611 -1.4
      vertex 14.9051 -0.476608 -1.4
      vertex 14.9122 -0.382355 -1.4
    endloop
  endfacet
  facet normal 0 0 -1
    outer loop
      vertex 15.3023 -0.776611 -1.4
      vertex 14.8839 -0.559677 -1.4
      vertex 14.9051 -0.476608 -1.4
    endloop
  endfacet
  facet normal 0 0 -1
    outer loop
      vertex 15.3023 -0.776611 -1.4
      vertex 14.8484 -0.631546 -1.4
      vertex 14.8839 -0.559677 -1.4
    endloop
  endfacet
  facet normal 0 0 -1
    outer loop
      vertex 15.3023 -0.776611 -1.4
      vertex 14.7988 -0.692215 -1.4
      vertex 14.8484 -0.631546 -1.4
    endloop
  endfacet
  facet normal 0 0 -1
    outer loop
      vertex 15.3023 -0.776611 -1.4
      vertex 14.7366 -0.740417 -1.4
      vertex 14.7988 -0.692215 -1.4
    endloop
  endfacet
  facet normal -0 0 -1
    outer loop
      vertex 15.685 -0.776611 -1.4
      vertex 12.1501 -1.09872 -1.4
      vertex 15.3023 -0.776611 -1.4
    endloop
  endfacet
  facet normal 0 0 -1
    outer loop
      vertex 15.3023 -0.776611 -1.4
      vertex 14.6632 -0.774841 -1.4
      vertex 14.7366 -0.740417 -1.4
    endloop
  endfacet
  facet normal -0 0 -1
    outer loop
      vertex 15.3023 -0.776611 -1.4
      vertex 14.5787 -0.795502 -1.4
      vertex 14.6632 -0.774841 -1.4
    endloop
  endfacet
  facet normal 0 -0 -1
    outer loop
      vertex 14.4832 -0.802383 -1.4
      vertex 15.3023 -0.776611 -1.4
      vertex 12.1501 -1.09872 -1.4
    endloop
  endfacet
  facet normal 0 0 -1
    outer loop
      vertex 14.007 -0.589066 -1.4
      vertex 14.0245 -0.527939 -1.4
      vertex 14.1101 -0.64801 -1.4
    endloop
  endfacet
  facet normal -0 0 -1
    outer loop
      vertex 14.0245 -0.527939 -1.4
      vertex 14.007 -0.589066 -1.4
      vertex 14.0167 -0.527939 -1.4
    endloop
  endfacet
  facet normal 0 0 -1
    outer loop
      vertex 13.9681 -0.687637 -1.4
      vertex 14.1101 -0.64801 -1.4
      vertex 14.2152 -0.73378 -1.4
    endloop
  endfacet
  facet normal 0 0 -1
    outer loop
      vertex 14.1101 -0.64801 -1.4
      vertex 13.9908 -0.642303 -1.4
      vertex 14.007 -0.589066 -1.4
    endloop
  endfacet
  facet normal 0 0 -1
    outer loop
      vertex 13.9018 -0.754395 -1.4
      vertex 14.2152 -0.73378 -1.4
      vertex 14.3395 -0.785233 -1.4
    endloop
  endfacet
  facet normal -0 0 -1
    outer loop
      vertex 14.1101 -0.64801 -1.4
      vertex 13.9681 -0.687637 -1.4
      vertex 13.9908 -0.642303 -1.4
    endloop
  endfacet
  facet normal 0 0 -1
    outer loop
      vertex 14.2152 -0.73378 -1.4
      vertex 13.9388 -0.725082 -1.4
      vertex 13.9681 -0.687637 -1.4
    endloop
  endfacet
  facet normal -0 0 -1
    outer loop
      vertex 14.2152 -0.73378 -1.4
      vertex 13.9018 -0.754395 -1.4
      vertex 13.9388 -0.725082 -1.4
    endloop
  endfacet
  facet normal 0 0 -1
    outer loop
      vertex 13.801 -0.787903 -1.4
      vertex 14.3395 -0.785233 -1.4
      vertex 14.4832 -0.802383 -1.4
    endloop
  endfacet
  facet normal 0 0 -1
    outer loop
      vertex 14.3395 -0.785233 -1.4
      vertex 13.8558 -0.77533 -1.4
      vertex 13.9018 -0.754395 -1.4
    endloop
  endfacet
  facet normal 0 0 -1
    outer loop
      vertex 15.3023 -0.776611 -1.4
      vertex 14.4832 -0.802383 -1.4
      vertex 14.5787 -0.795502 -1.4
    endloop
  endfacet
  facet normal -0 0 -1
    outer loop
      vertex 14.3395 -0.785233 -1.4
      vertex 13.801 -0.787903 -1.4
      vertex 13.8558 -0.77533 -1.4
    endloop
  endfacet
  facet normal 0 -0 -1
    outer loop
      vertex 13.7371 -0.792084 -1.4
      vertex 14.4832 -0.802383 -1.4
      vertex 12.1501 -1.09872 -1.4
    endloop
  endfacet
  facet normal 0 0 -1
    outer loop
      vertex 14.4832 -0.802383 -1.4
      vertex 13.7371 -0.792084 -1.4
      vertex 13.801 -0.787903 -1.4
    endloop
  endfacet
  facet normal -0 0 -1
    outer loop
      vertex 13.7371 -0.792084 -1.4
      vertex 12.1501 -1.09872 -1.4
      vertex 13.7184 -0.791916 -1.4
    endloop
  endfacet
  facet normal -0 0 -1
    outer loop
      vertex 13.7184 -0.791916 -1.4
      vertex 12.1501 -1.09872 -1.4
      vertex 13.7009 -0.791443 -1.4
    endloop
  endfacet
  facet normal 0 0 -1
    outer loop
      vertex 13.372 -0.776611 -1.4
      vertex 13.5499 -0.769455 -1.4
      vertex 13.5632 -0.772766 -1.4
    endloop
  endfacet
  facet normal -0 0 -1
    outer loop
      vertex 13.5499 -0.769455 -1.4
      vertex 13.372 -0.776611 -1.4
      vertex 13.5209 -0.76236 -1.4
    endloop
  endfacet
  facet normal -0 0 -1
    outer loop
      vertex 13.5052 -0.758591 -1.4
      vertex 13.372 -0.776611 -1.4
      vertex 13.5052 -0.562729 -1.4
    endloop
  endfacet
  facet normal -0 0 -1
    outer loop
      vertex 13.5209 -0.76236 -1.4
      vertex 13.372 -0.776611 -1.4
      vertex 13.5052 -0.758591 -1.4
    endloop
  endfacet
  facet normal -0 0 -1
    outer loop
      vertex 13.5761 -0.775818 -1.4
      vertex 13.372 -0.776611 -1.4
      vertex 13.5632 -0.772766 -1.4
    endloop
  endfacet
  facet normal 0 0 -1
    outer loop
      vertex 13.589 -0.778549 -1.4
      vertex 13.372 -0.776611 -1.4
      vertex 13.5761 -0.775818 -1.4
    endloop
  endfacet
  facet normal 0 0 -1
    outer loop
      vertex 13.6019 -0.780975 -1.4
      vertex 13.372 -0.776611 -1.4
      vertex 13.589 -0.778549 -1.4
    endloop
  endfacet
  facet normal 0 0 -1
    outer loop
      vertex 13.6147 -0.783066 -1.4
      vertex 13.372 -0.776611 -1.4
      vertex 13.6019 -0.780975 -1.4
    endloop
  endfacet
  facet normal 0 0 -1
    outer loop
      vertex 13.6278 -0.784912 -1.4
      vertex 13.372 -0.776611 -1.4
      vertex 13.6147 -0.783066 -1.4
    endloop
  endfacet
  facet normal 0 0 -1
    outer loop
      vertex 13.6413 -0.786606 -1.4
      vertex 13.372 -0.776611 -1.4
      vertex 13.6278 -0.784912 -1.4
    endloop
  endfacet
  facet normal 0 0 -1
    outer loop
      vertex 13.6552 -0.788132 -1.4
      vertex 13.372 -0.776611 -1.4
      vertex 13.6413 -0.786606 -1.4
    endloop
  endfacet
  facet normal 0 0 -1
    outer loop
      vertex 13.6695 -0.789505 -1.4
      vertex 13.372 -0.776611 -1.4
      vertex 13.6552 -0.788132 -1.4
    endloop
  endfacet
  facet normal 0 0 -1
    outer loop
      vertex 12.1501 -1.09872 -1.4
      vertex 13.6695 -0.789505 -1.4
      vertex 13.6846 -0.790634 -1.4
    endloop
  endfacet
  facet normal -0 0 -1
    outer loop
      vertex 13.7009 -0.791443 -1.4
      vertex 12.1501 -1.09872 -1.4
      vertex 13.6846 -0.790634 -1.4
    endloop
  endfacet
  facet normal -0 0 -1
    outer loop
      vertex 13.6695 -0.789505 -1.4
      vertex 12.1501 -1.09872 -1.4
      vertex 13.372 -0.776611 -1.4
    endloop
  endfacet
  facet normal 0 0 -1
    outer loop
      vertex 13.01 -0.776611 -1.4
      vertex 12.6561 -0.776611 -1.4
      vertex 13.01 1.13541 -1.4
    endloop
  endfacet
  facet normal -0 0 -1
    outer loop
      vertex 13.372 -0.776611 -1.4
      vertex 12.1501 -1.09872 -1.4
      vertex 13.01 -0.776611 -1.4
    endloop
  endfacet
  facet normal -0 0 -1
    outer loop
      vertex 13.01 -0.776611 -1.4
      vertex 12.1501 -1.09872 -1.4
      vertex 12.6561 -0.776611 -1.4
    endloop
  endfacet
  facet normal 0 0 -1
    outer loop
      vertex 12.1501 -0.99823 -1.4
      vertex 12.294 -0.776611 -1.4
      vertex 12.1501 -1.09872 -1.4
    endloop
  endfacet
  facet normal -0 0 -1
    outer loop
      vertex 12.6561 -0.776611 -1.4
      vertex 12.1501 -1.09872 -1.4
      vertex 12.294 -0.776611 -1.4
    endloop
  endfacet
  facet normal 0 0 -1
    outer loop
      vertex 25.4 -1.5 -1.4
      vertex 10.6336 -1.09872 -1.4
      vertex 12.1501 -1.09872 -1.4
    endloop
  endfacet
  facet normal 0 0 -1
    outer loop
      vertex 10.6336 -1.09872 -1.4
      vertex 10.3381 -0.776611 -1.4
      vertex 10.6336 -0.99823 -1.4
    endloop
  endfacet
  facet normal 0 0 -1
    outer loop
      vertex 10.6336 -1.09872 -1.4
      vertex 9.95542 -0.776611 -1.4
      vertex 10.3381 -0.776611 -1.4
    endloop
  endfacet
  facet normal 0 0 -1
    outer loop
      vertex 9.73123 0.071167 -1.4
      vertex 9.64353 0.256378 -1.4
      vertex 9.66422 0.359772 -1.4
    endloop
  endfacet
  facet normal 0 0 -1
    outer loop
      vertex 9.38205 -0.776611 -1.4
      vertex 9.73123 0.071167 -1.4
      vertex 9.95542 -0.776611 -1.4
    endloop
  endfacet
  facet normal 0 0 -1
    outer loop
      vertex 9.73123 0.071167 -1.4
      vertex 9.62653 0.17424 -1.4
      vertex 9.64353 0.256378 -1.4
    endloop
  endfacet
  facet normal 0 0 -1
    outer loop
      vertex 9.73123 0.071167 -1.4
      vertex 9.61325 0.113358 -1.4
      vertex 9.62653 0.17424 -1.4
    endloop
  endfacet
  facet normal 0 0 -1
    outer loop
      vertex 9.73123 0.071167 -1.4
      vertex 9.60367 0.0737305 -1.4
      vertex 9.61325 0.113358 -1.4
    endloop
  endfacet
  facet normal -0 0 -1
    outer loop
      vertex 9.73123 0.071167 -1.4
      vertex 9.38205 -0.776611 -1.4
      vertex 9.60367 0.0737305 -1.4
    endloop
  endfacet
  facet normal 0 0 -1
    outer loop
      vertex 10.6336 -1.09872 -1.4
      vertex 9.38205 -0.776611 -1.4
      vertex 9.95542 -0.776611 -1.4
    endloop
  endfacet
  facet normal 0 0 -1
    outer loop
      vertex 10.6336 -1.09872 -1.4
      vertex 8.99939 -0.776611 -1.4
      vertex 9.38205 -0.776611 -1.4
    endloop
  endfacet
  facet normal 0 0 -1
    outer loop
      vertex 8.99939 -0.776611 -1.4
      vertex 8.50237 -0.776611 -1.4
      vertex 8.63347 0.617447 -1.4
    endloop
  endfacet
  facet normal 0 0 -1
    outer loop
      vertex 10.6336 -1.09872 -1.4
      vertex 8.50237 -0.776611 -1.4
      vertex 8.99939 -0.776611 -1.4
    endloop
  endfacet
  facet normal 0 0 -1
    outer loop
      vertex 10.6336 -1.09872 -1.4
      vertex 8.14031 -0.776611 -1.4
      vertex 8.50237 -0.776611 -1.4
    endloop
  endfacet
  facet normal 0 0 -1
    outer loop
      vertex 7.78638 0.305664 -1.4
      vertex 8.14031 0.617447 -1.4
      vertex 8.14031 -0.776611 -1.4
    endloop
  endfacet
  facet normal 0 -0 -1
    outer loop
      vertex 7.78719 0.407593 -1.4
      vertex 8.14031 0.617447 -1.4
      vertex 7.78658 0.359161 -1.4
    endloop
  endfacet
  facet normal 0 -0 -1
    outer loop
      vertex 7.7882 0.450958 -1.4
      vertex 8.14031 0.617447 -1.4
      vertex 7.78719 0.407593 -1.4
    endloop
  endfacet
  facet normal -0 0 -1
    outer loop
      vertex 8.14031 0.868713 -1.4
      vertex 7.79668 0.617447 -1.4
      vertex 8.14031 1.13541 -1.4
    endloop
  endfacet
  facet normal 0 0 -1
    outer loop
      vertex 8.14031 0.617447 -1.4
      vertex 7.79668 0.617447 -1.4
      vertex 8.14031 0.868713 -1.4
    endloop
  endfacet
  facet normal 0 -0 -1
    outer loop
      vertex 7.79668 0.617447 -1.4
      vertex 8.14031 0.617447 -1.4
      vertex 7.79479 0.588181 -1.4
    endloop
  endfacet
  facet normal 0 -0 -1
    outer loop
      vertex 7.79479 0.588181 -1.4
      vertex 8.14031 0.617447 -1.4
      vertex 7.79299 0.557053 -1.4
    endloop
  endfacet
  facet normal 0 -0 -1
    outer loop
      vertex 7.79299 0.557053 -1.4
      vertex 8.14031 0.617447 -1.4
      vertex 7.79125 0.524078 -1.4
    endloop
  endfacet
  facet normal 0 -0 -1
    outer loop
      vertex 7.79125 0.524078 -1.4
      vertex 8.14031 0.617447 -1.4
      vertex 7.78961 0.489243 -1.4
    endloop
  endfacet
  facet normal 0 -0 -1
    outer loop
      vertex 7.78961 0.489243 -1.4
      vertex 8.14031 0.617447 -1.4
      vertex 7.7882 0.450958 -1.4
    endloop
  endfacet
  facet normal 0 0 -1
    outer loop
      vertex 7.78638 0.305664 -1.4
      vertex 8.14031 -0.776611 -1.4
      vertex 7.78638 -0.776611 -1.4
    endloop
  endfacet
  facet normal 0 0 -1
    outer loop
      vertex 10.6336 -1.09872 -1.4
      vertex 7.78638 -0.776611 -1.4
      vertex 8.14031 -0.776611 -1.4
    endloop
  endfacet
  facet normal 0 0 -1
    outer loop
      vertex 10.6336 -1.09872 -1.4
      vertex 7.42432 -0.776611 -1.4
      vertex 7.78638 -0.776611 -1.4
    endloop
  endfacet
  facet normal 0 0 -1
    outer loop
      vertex 6.88318 -0.776611 -1.4
      vertex 7.42432 -0.0293274 -1.4
      vertex 7.42432 -0.776611 -1.4
    endloop
  endfacet
  facet normal 0 0 -1
    outer loop
      vertex 6.88318 0.00544739 -1.4
      vertex 7.42432 -0.0293274 -1.4
      vertex 6.88318 -0.776611 -1.4
    endloop
  endfacet
  facet normal 0 0 -1
    outer loop
      vertex 6.88318 0.00544739 -1.4
      vertex 7.41928 0.0549316 -1.4
      vertex 7.42432 -0.0293274 -1.4
    endloop
  endfacet
  facet normal 0 0 -1
    outer loop
      vertex 7.40418 0.131241 -1.4
      vertex 6.89872 0.166107 -1.4
      vertex 7.37902 0.199554 -1.4
    endloop
  endfacet
  facet normal -0 0 -1
    outer loop
      vertex 7.37902 0.199554 -1.4
      vertex 6.89872 0.166107 -1.4
      vertex 7.3438 0.259918 -1.4
    endloop
  endfacet
  facet normal -0 0 -1
    outer loop
      vertex 7.3438 0.259918 -1.4
      vertex 6.89872 0.166107 -1.4
      vertex 7.30036 0.309235 -1.4
    endloop
  endfacet
  facet normal -0 0 -1
    outer loop
      vertex 7.30036 0.309235 -1.4
      vertex 6.89872 0.166107 -1.4
      vertex 7.25055 0.344467 -1.4
    endloop
  endfacet
  facet normal -0 0 -1
    outer loop
      vertex 7.25055 0.344467 -1.4
      vertex 6.89872 0.166107 -1.4
      vertex 7.19438 0.365616 -1.4
    endloop
  endfacet
  facet normal -0 0 -1
    outer loop
      vertex 7.19438 0.365616 -1.4
      vertex 6.89872 0.166107 -1.4
      vertex 7.13185 0.372665 -1.4
    endloop
  endfacet
  facet normal 0 -0 -1
    outer loop
      vertex 6.94535 0.280853 -1.4
      vertex 7.13185 0.372665 -1.4
      vertex 6.89872 0.166107 -1.4
    endloop
  endfacet
  facet normal 0 0 -1
    outer loop
      vertex 7.13185 0.372665 -1.4
      vertex 6.94535 0.280853 -1.4
      vertex 7.02306 0.349701 -1.4
    endloop
  endfacet
  facet normal 0 0 -1
    outer loop
      vertex 6.88318 0.00544739 -1.4
      vertex 7.40418 0.131241 -1.4
      vertex 7.41928 0.0549316 -1.4
    endloop
  endfacet
  facet normal 0 0 -1
    outer loop
      vertex 10.6336 -1.09872 -1.4
      vertex 6.88318 -0.776611 -1.4
      vertex 7.42432 -0.776611 -1.4
    endloop
  endfacet
  facet normal 0 0 -1
    outer loop
      vertex 10.6336 -1.09872 -1.4
      vertex 6.52242 -0.776611 -1.4
      vertex 6.88318 -0.776611 -1.4
    endloop
  endfacet
  facet normal 0 0 -1
    outer loop
      vertex 6.27994 -0.242111 -1.4
      vertex 6.52242 0.108521 -1.4
      vertex 6.52242 -0.776611 -1.4
    endloop
  endfacet
  facet normal 0 0 -1
    outer loop
      vertex 6.52242 0.108521 -1.4
      vertex 6.27994 -0.242111 -1.4
      vertex 6.28824 -0.0808563 -1.4
    endloop
  endfacet
  facet normal 0 0 -1
    outer loop
      vertex 6.52242 -0.776611 -1.4
      vertex 6.25505 -0.384445 -1.4
      vertex 6.27994 -0.242111 -1.4
    endloop
  endfacet
  facet normal 0 0 -1
    outer loop
      vertex 6.52242 -0.776611 -1.4
      vertex 6.21358 -0.507858 -1.4
      vertex 6.25505 -0.384445 -1.4
    endloop
  endfacet
  facet normal 0 0 -1
    outer loop
      vertex 6.52242 -0.776611 -1.4
      vertex 6.15552 -0.61235 -1.4
      vertex 6.21358 -0.507858 -1.4
    endloop
  endfacet
  facet normal 0 0 -1
    outer loop
      vertex 6.52242 -0.776611 -1.4
      vertex 6.08223 -0.69548 -1.4
      vertex 6.15552 -0.61235 -1.4
    endloop
  endfacet
  facet normal 0 0 -1
    outer loop
      vertex 6.52242 -0.776611 -1.4
      vertex 5.9951 -0.754868 -1.4
      vertex 6.08223 -0.69548 -1.4
    endloop
  endfacet
  facet normal 0 0 -1
    outer loop
      vertex 5.7793 -0.802383 -1.4
      vertex 6.52242 -0.776611 -1.4
      vertex 10.6336 -1.09872 -1.4
    endloop
  endfacet
  facet normal -0 0 -1
    outer loop
      vertex 6.52242 -0.776611 -1.4
      vertex 5.89414 -0.790497 -1.4
      vertex 5.9951 -0.754868 -1.4
    endloop
  endfacet
  facet normal 0 0 -1
    outer loop
      vertex 6.52242 -0.776611 -1.4
      vertex 5.7793 -0.802383 -1.4
      vertex 5.89414 -0.790497 -1.4
    endloop
  endfacet
  facet normal 0 0 -1
    outer loop
      vertex 5.3279 -0.577271 -1.4
      vertex 5.3335 -0.54985 -1.4
      vertex 5.40534 -0.660339 -1.4
    endloop
  endfacet
  facet normal -0 0 -1
    outer loop
      vertex 5.3335 -0.54985 -1.4
      vertex 5.3279 -0.577271 -1.4
      vertex 5.32834 -0.54985 -1.4
    endloop
  endfacet
  facet normal 0 0 -1
    outer loop
      vertex 5.40534 -0.660339 -1.4
      vertex 5.32657 -0.607986 -1.4
      vertex 5.3279 -0.577271 -1.4
    endloop
  endfacet
  facet normal 0 0 -1
    outer loop
      vertex 5.31465 -0.74263 -1.4
      vertex 5.40534 -0.660339 -1.4
      vertex 5.50357 -0.739243 -1.4
    endloop
  endfacet
  facet normal 0 0 -1
    outer loop
      vertex 5.40534 -0.660339 -1.4
      vertex 5.32434 -0.642014 -1.4
      vertex 5.32657 -0.607986 -1.4
    endloop
  endfacet
  facet normal -0 0 -1
    outer loop
      vertex 5.40534 -0.660339 -1.4
      vertex 5.32125 -0.679337 -1.4
      vertex 5.32434 -0.642014 -1.4
    endloop
  endfacet
  facet normal 0 0 -1
    outer loop
      vertex 5.30901 -0.776611 -1.4
      vertex 5.50357 -0.739243 -1.4
      vertex 5.62824 -0.786606 -1.4
    endloop
  endfacet
  facet normal 0 0 -1
    outer loop
      vertex 5.40534 -0.660339 -1.4
      vertex 5.31783 -0.714645 -1.4
      vertex 5.32125 -0.679337 -1.4
    endloop
  endfacet
  facet normal 0 0 -1
    outer loop
      vertex 5.40534 -0.660339 -1.4
      vertex 5.31465 -0.74263 -1.4
      vertex 5.31783 -0.714645 -1.4
    endloop
  endfacet
  facet normal 0 0 -1
    outer loop
      vertex 5.50357 -0.739243 -1.4
      vertex 5.31171 -0.76329 -1.4
      vertex 5.31465 -0.74263 -1.4
    endloop
  endfacet
  facet normal 0 0 -1
    outer loop
      vertex 5.30901 -0.776611 -1.4
      vertex 5.62824 -0.786606 -1.4
      vertex 5.7793 -0.802383 -1.4
    endloop
  endfacet
  facet normal 0 0 -1
    outer loop
      vertex 5.50357 -0.739243 -1.4
      vertex 5.30901 -0.776611 -1.4
      vertex 5.31171 -0.76329 -1.4
    endloop
  endfacet
  facet normal 0 0 -1
    outer loop
      vertex 0 -1.5 -1.4
      vertex 5.7793 -0.802383 -1.4
      vertex 10.6336 -1.09872 -1.4
    endloop
  endfacet
  facet normal 0 -0 -1
    outer loop
      vertex 4.95856 -0.776611 -1.4
      vertex 5.7793 -0.802383 -1.4
      vertex 0 -1.5 -1.4
    endloop
  endfacet
  facet normal 0 0 -1
    outer loop
      vertex 4.96887 -0.472534 -1.4
      vertex 4.70763 -0.238052 -1.4
      vertex 4.71923 -0.0782928 -1.4
    endloop
  endfacet
  facet normal 0 0 -1
    outer loop
      vertex 4.96308 -0.691895 -1.4
      vertex 4.67284 -0.379776 -1.4
      vertex 4.70763 -0.238052 -1.4
    endloop
  endfacet
  facet normal 0 0 -1
    outer loop
      vertex 4.96308 -0.691895 -1.4
      vertex 4.61486 -0.503464 -1.4
      vertex 4.67284 -0.379776 -1.4
    endloop
  endfacet
  facet normal 0 0 -1
    outer loop
      vertex 4.96308 -0.691895 -1.4
      vertex 4.53369 -0.609116 -1.4
      vertex 4.61486 -0.503464 -1.4
    endloop
  endfacet
  facet normal 0 0 -1
    outer loop
      vertex 4.95856 -0.776611 -1.4
      vertex 4.43215 -0.693665 -1.4
      vertex 4.53369 -0.609116 -1.4
    endloop
  endfacet
  facet normal 0 0 -1
    outer loop
      vertex 4.95856 -0.776611 -1.4
      vertex 4.31304 -0.754059 -1.4
      vertex 4.43215 -0.693665 -1.4
    endloop
  endfacet
  facet normal 0 0 -1
    outer loop
      vertex 5.7793 -0.802383 -1.4
      vertex 4.95856 -0.776611 -1.4
      vertex 5.30901 -0.776611 -1.4
    endloop
  endfacet
  facet normal -0 0 -1
    outer loop
      vertex 4.95856 -0.776611 -1.4
      vertex 4.17638 -0.790298 -1.4
      vertex 4.31304 -0.754059 -1.4
    endloop
  endfacet
  facet normal 0 0 -1
    outer loop
      vertex 4.95856 -0.776611 -1.4
      vertex 4.02217 -0.802383 -1.4
      vertex 4.17638 -0.790298 -1.4
    endloop
  endfacet
  facet normal 0 0 -1
    outer loop
      vertex 2.8951 -0.776611 -1.4
      vertex 3.31354 -0.0782928 -1.4
      vertex 3.3253 -0.238571 -1.4
    endloop
  endfacet
  facet normal -0 0 -1
    outer loop
      vertex 3.31354 -0.0782928 -1.4
      vertex 2.8951 -0.776611 -1.4
      vertex 3.25588 0.617447 -1.4
    endloop
  endfacet
  facet normal -0 0 -1
    outer loop
      vertex 3.36058 -0.380585 -1.4
      vertex 2.8951 -0.776611 -1.4
      vertex 3.3253 -0.238571 -1.4
    endloop
  endfacet
  facet normal -0 0 -1
    outer loop
      vertex 3.41936 -0.504303 -1.4
      vertex 2.8951 -0.776611 -1.4
      vertex 3.36058 -0.380585 -1.4
    endloop
  endfacet
  facet normal -0 0 -1
    outer loop
      vertex 3.50167 -0.609756 -1.4
      vertex 2.8951 -0.776611 -1.4
      vertex 3.41936 -0.504303 -1.4
    endloop
  endfacet
  facet normal -0 0 -1
    outer loop
      vertex 3.60474 -0.694031 -1.4
      vertex 2.8951 -0.776611 -1.4
      vertex 3.50167 -0.609756 -1.4
    endloop
  endfacet
  facet normal -0 0 -1
    outer loop
      vertex 3.72585 -0.754227 -1.4
      vertex 2.8951 -0.776611 -1.4
      vertex 3.60474 -0.694031 -1.4
    endloop
  endfacet
  facet normal 0 0 -1
    outer loop
      vertex 3.86499 -0.790344 -1.4
      vertex 2.8951 -0.776611 -1.4
      vertex 3.72585 -0.754227 -1.4
    endloop
  endfacet
  facet normal 0 0 -1
    outer loop
      vertex 0 -1.5 -1.4
      vertex 3.86499 -0.790344 -1.4
      vertex 4.02217 -0.802383 -1.4
    endloop
  endfacet
  facet normal 0 0 -1
    outer loop
      vertex 4.95856 -0.776611 -1.4
      vertex 0 -1.5 -1.4
      vertex 4.02217 -0.802383 -1.4
    endloop
  endfacet
  facet normal -0 0 -1
    outer loop
      vertex 3.86499 -0.790344 -1.4
      vertex 0 -1.5 -1.4
      vertex 2.8951 -0.776611 -1.4
    endloop
  endfacet
  facet normal 0 0 -1
    outer loop
      vertex 2.28826 0.071167 -1.4
      vertex 2.20055 0.256378 -1.4
      vertex 2.22124 0.359772 -1.4
    endloop
  endfacet
  facet normal 0 0 -1
    outer loop
      vertex 1.93907 -0.776611 -1.4
      vertex 2.28826 0.071167 -1.4
      vertex 2.51244 -0.776611 -1.4
    endloop
  endfacet
  facet normal 0 0 -1
    outer loop
      vertex 2.28826 0.071167 -1.4
      vertex 2.18357 0.17424 -1.4
      vertex 2.20055 0.256378 -1.4
    endloop
  endfacet
  facet normal 0 0 -1
    outer loop
      vertex 2.28826 0.071167 -1.4
      vertex 2.17028 0.113358 -1.4
      vertex 2.18357 0.17424 -1.4
    endloop
  endfacet
  facet normal 0 0 -1
    outer loop
      vertex 2.28826 0.071167 -1.4
      vertex 2.16069 0.0737305 -1.4
      vertex 2.17028 0.113358 -1.4
    endloop
  endfacet
  facet normal -0 0 -1
    outer loop
      vertex 2.28826 0.071167 -1.4
      vertex 1.93907 -0.776611 -1.4
      vertex 2.16069 0.0737305 -1.4
    endloop
  endfacet
  facet normal -0 0 -1
    outer loop
      vertex 2.8951 -0.776611 -1.4
      vertex 0 -1.5 -1.4
      vertex 2.51244 -0.776611 -1.4
    endloop
  endfacet
  facet normal -0 0 -1
    outer loop
      vertex 2.51244 -0.776611 -1.4
      vertex 0 -1.5 -1.4
      vertex 1.93907 -0.776611 -1.4
    endloop
  endfacet
  facet normal -0 0 -1
    outer loop
      vertex 1.55641 -0.776611 -1.4
      vertex 0 -1.5 -1.4
      vertex 1.19049 0.617447 -1.4
    endloop
  endfacet
  facet normal -0 0 -1
    outer loop
      vertex 1.93907 -0.776611 -1.4
      vertex 0 -1.5 -1.4
      vertex 1.55641 -0.776611 -1.4
    endloop
  endfacet
  facet normal 0 0 -1
    outer loop
      vertex 0 -1.5 -1.4
      vertex 10.6336 -1.09872 -1.4
      vertex 25.4 -1.5 -1.4
    endloop
  endfacet
  facet normal 0 0 -1
    outer loop
      vertex 23.989 0.467041 -1.4
      vertex 25.4 1.5 -1.4
      vertex 24.0803 -0.303772 -1.4
    endloop
  endfacet
  facet normal 0 0 -1
    outer loop
      vertex 23.9837 0.674026 -1.4
      vertex 25.4 1.5 -1.4
      vertex 23.9953 0.558197 -1.4
    endloop
  endfacet
  facet normal 0 0 -1
    outer loop
      vertex 23.9491 0.775452 -1.4
      vertex 25.4 1.5 -1.4
      vertex 23.9837 0.674026 -1.4
    endloop
  endfacet
  facet normal 0 0 -1
    outer loop
      vertex 23.8913 0.862457 -1.4
      vertex 25.4 1.5 -1.4
      vertex 23.9491 0.775452 -1.4
    endloop
  endfacet
  facet normal 0 0 -1
    outer loop
      vertex 23.8104 0.935059 -1.4
      vertex 25.4 1.5 -1.4
      vertex 23.8913 0.862457 -1.4
    endloop
  endfacet
  facet normal 0 0 -1
    outer loop
      vertex 23.7075 0.992279 -1.4
      vertex 25.4 1.5 -1.4
      vertex 23.8104 0.935059 -1.4
    endloop
  endfacet
  facet normal 0 0 -1
    outer loop
      vertex 23.5835 1.03314 -1.4
      vertex 25.4 1.5 -1.4
      vertex 23.7075 0.992279 -1.4
    endloop
  endfacet
  facet normal 0 0 -1
    outer loop
      vertex 23.4385 1.05766 -1.4
      vertex 25.4 1.5 -1.4
      vertex 23.5835 1.03314 -1.4
    endloop
  endfacet
  facet normal 0 0 -1
    outer loop
      vertex 23.2725 1.06584 -1.4
      vertex 25.4 1.5 -1.4
      vertex 23.4385 1.05766 -1.4
    endloop
  endfacet
  facet normal 0 0 -1
    outer loop
      vertex 23.1142 1.05923 -1.4
      vertex 25.4 1.5 -1.4
      vertex 23.2725 1.06584 -1.4
    endloop
  endfacet
  facet normal 0 0 -1
    outer loop
      vertex 22.261 1.03877 -1.4
      vertex 23.1142 1.05923 -1.4
      vertex 22.977 1.03941 -1.4
    endloop
  endfacet
  facet normal 0 0 -1
    outer loop
      vertex 22.261 1.03877 -1.4
      vertex 22.5342 -0.0531769 -1.4
      vertex 22.519 -0.0983124 -1.4
    endloop
  endfacet
  facet normal 0 0 -1
    outer loop
      vertex 22.261 1.03877 -1.4
      vertex 22.519 -0.0983124 -1.4
      vertex 22.5081 -0.146744 -1.4
    endloop
  endfacet
  facet normal 0 0 -1
    outer loop
      vertex 22.261 -0.776611 -1.4
      vertex 22.5081 -0.146744 -1.4
      vertex 22.5016 -0.198471 -1.4
    endloop
  endfacet
  facet normal 0 0 -1
    outer loop
      vertex 22.261 -0.776611 -1.4
      vertex 22.5016 -0.198471 -1.4
      vertex 22.4994 -0.25351 -1.4
    endloop
  endfacet
  facet normal -0 0 -1
    outer loop
      vertex 22.5081 -0.146744 -1.4
      vertex 22.261 -0.776611 -1.4
      vertex 22.261 1.03877 -1.4
    endloop
  endfacet
  facet normal 0 0 -1
    outer loop
      vertex 22.5342 -0.0531769 -1.4
      vertex 22.261 1.03877 -1.4
      vertex 22.5471 0.611008 -1.4
    endloop
  endfacet
  facet normal 0 0 -1
    outer loop
      vertex 22.261 1.03877 -1.4
      vertex 22.5791 0.724152 -1.4
      vertex 22.5471 0.611008 -1.4
    endloop
  endfacet
  facet normal 0 0 -1
    outer loop
      vertex 22.261 1.03877 -1.4
      vertex 22.6262 0.820068 -1.4
      vertex 22.5791 0.724152 -1.4
    endloop
  endfacet
  facet normal 0 0 -1
    outer loop
      vertex 22.261 1.03877 -1.4
      vertex 22.6883 0.898743 -1.4
      vertex 22.6262 0.820068 -1.4
    endloop
  endfacet
  facet normal 0 0 -1
    outer loop
      vertex 22.261 1.03877 -1.4
      vertex 22.7655 0.960175 -1.4
      vertex 22.6883 0.898743 -1.4
    endloop
  endfacet
  facet normal 0 0 -1
    outer loop
      vertex 22.261 1.03877 -1.4
      vertex 22.8607 1.00641 -1.4
      vertex 22.7655 0.960175 -1.4
    endloop
  endfacet
  facet normal 0 0 -1
    outer loop
      vertex 22.261 1.03877 -1.4
      vertex 22.977 1.03941 -1.4
      vertex 22.8607 1.00641 -1.4
    endloop
  endfacet
  facet normal -0 0 -1
    outer loop
      vertex 23.1142 1.05923 -1.4
      vertex 22.261 1.03877 -1.4
      vertex 25.4 1.5 -1.4
    endloop
  endfacet
  facet normal 0 0 -1
    outer loop
      vertex 21.8809 1.03877 -1.4
      vertex 25.4 1.5 -1.4
      vertex 22.261 1.03877 -1.4
    endloop
  endfacet
  facet normal 0 0 -1
    outer loop
      vertex 21.0627 1.03877 -1.4
      vertex 25.4 1.5 -1.4
      vertex 21.8809 1.03877 -1.4
    endloop
  endfacet
  facet normal 0 0 -1
    outer loop
      vertex 20.6195 1.03877 -1.4
      vertex 25.4 1.5 -1.4
      vertex 21.0627 1.03877 -1.4
    endloop
  endfacet
  facet normal 0 0 -1
    outer loop
      vertex 21.3952 0.270874 -1.4
      vertex 20.5365 -0.406845 -1.4
      vertex 20.5365 -0.134964 -1.4
    endloop
  endfacet
  facet normal -0 0 -1
    outer loop
      vertex 21.3952 0.270874 -1.4
      vertex 20.5365 -0.134964 -1.4
      vertex 20.6195 1.03877 -1.4
    endloop
  endfacet
  facet normal 0 0 -1
    outer loop
      vertex 19.7699 1.03877 -1.4
      vertex 20.6195 1.03877 -1.4
      vertex 20.5365 -0.134964 -1.4
    endloop
  endfacet
  facet normal 0 0 -1
    outer loop
      vertex 19.7699 1.03877 -1.4
      vertex 25.4 1.5 -1.4
      vertex 20.6195 1.03877 -1.4
    endloop
  endfacet
  facet normal 0 0 -1
    outer loop
      vertex 19.3653 1.03877 -1.4
      vertex 25.4 1.5 -1.4
      vertex 19.7699 1.03877 -1.4
    endloop
  endfacet
  facet normal 0 0 -1
    outer loop
      vertex 19.0126 -0.447906 -1.4
      vertex 19.1231 -0.406845 -1.4
      vertex 19.0517 -0.525375 -1.4
    endloop
  endfacet
  facet normal 0 0 -1
    outer loop
      vertex 18.9659 -0.371399 -1.4
      vertex 19.1231 -0.406845 -1.4
      vertex 19.0126 -0.447906 -1.4
    endloop
  endfacet
  facet normal 0 0 -1
    outer loop
      vertex 19.3653 -0.137558 -1.4
      vertex 19.0363 0.547882 -1.4
      vertex 19.3653 1.03877 -1.4
    endloop
  endfacet
  facet normal 0 0 -1
    outer loop
      vertex 19.0129 0.666656 -1.4
      vertex 19.3653 1.03877 -1.4
      vertex 19.0363 0.547882 -1.4
    endloop
  endfacet
  facet normal 0 0 -1
    outer loop
      vertex 18.9736 0.770462 -1.4
      vertex 19.3653 1.03877 -1.4
      vertex 19.0129 0.666656 -1.4
    endloop
  endfacet
  facet normal 0 0 -1
    outer loop
      vertex 18.9185 0.859283 -1.4
      vertex 19.3653 1.03877 -1.4
      vertex 18.9736 0.770462 -1.4
    endloop
  endfacet
  facet normal 0 0 -1
    outer loop
      vertex 18.8475 0.933121 -1.4
      vertex 19.3653 1.03877 -1.4
      vertex 18.9185 0.859283 -1.4
    endloop
  endfacet
  facet normal 0 0 -1
    outer loop
      vertex 18.7615 0.99118 -1.4
      vertex 19.3653 1.03877 -1.4
      vertex 18.8475 0.933121 -1.4
    endloop
  endfacet
  facet normal 0 0 -1
    outer loop
      vertex 18.6612 1.03265 -1.4
      vertex 19.3653 1.03877 -1.4
      vertex 18.7615 0.99118 -1.4
    endloop
  endfacet
  facet normal 0 0 -1
    outer loop
      vertex 18.5466 1.05754 -1.4
      vertex 19.3653 1.03877 -1.4
      vertex 18.6612 1.03265 -1.4
    endloop
  endfacet
  facet normal 0 0 -1
    outer loop
      vertex 18.4178 1.06584 -1.4
      vertex 19.3653 1.03877 -1.4
      vertex 18.5466 1.05754 -1.4
    endloop
  endfacet
  facet normal 0 0 -1
    outer loop
      vertex 19.3653 1.03877 -1.4
      vertex 18.4178 1.06584 -1.4
      vertex 25.4 1.5 -1.4
    endloop
  endfacet
  facet normal 0 0 -1
    outer loop
      vertex 13.372 1.13541 -1.4
      vertex 18.4178 1.06584 -1.4
      vertex 18.2795 1.05746 -1.4
    endloop
  endfacet
  facet normal 0 0 -1
    outer loop
      vertex 17.8128 0.493362 -1.4
      vertex 17.0017 0.617447 -1.4
      vertex 17.8097 0.555603 -1.4
    endloop
  endfacet
  facet normal 0 0 -1
    outer loop
      vertex 17.0017 0.617447 -1.4
      vertex 17.8195 0.669952 -1.4
      vertex 17.8097 0.555603 -1.4
    endloop
  endfacet
  facet normal 0 0 -1
    outer loop
      vertex 17.0017 0.617447 -1.4
      vertex 17.849 0.770782 -1.4
      vertex 17.8195 0.669952 -1.4
    endloop
  endfacet
  facet normal 0 0 -1
    outer loop
      vertex 17.0017 0.617447 -1.4
      vertex 17.8981 0.858063 -1.4
      vertex 17.849 0.770782 -1.4
    endloop
  endfacet
  facet normal 0 0 -1
    outer loop
      vertex 17.0017 0.617447 -1.4
      vertex 17.9669 0.931824 -1.4
      vertex 17.8981 0.858063 -1.4
    endloop
  endfacet
  facet normal 0 0 -1
    outer loop
      vertex 17.0017 0.617447 -1.4
      vertex 18.054 0.990463 -1.4
      vertex 17.9669 0.931824 -1.4
    endloop
  endfacet
  facet normal 0 0 -1
    outer loop
      vertex 16.6616 0.617447 -1.4
      vertex 18.054 0.990463 -1.4
      vertex 17.0017 0.617447 -1.4
    endloop
  endfacet
  facet normal 0 0 -1
    outer loop
      vertex 16.163 0.617447 -1.4
      vertex 18.054 0.990463 -1.4
      vertex 16.6616 0.617447 -1.4
    endloop
  endfacet
  facet normal 0 0 -1
    outer loop
      vertex 16.4142 -0.352722 -1.4
      vertex 16.6616 0.617447 -1.4
      vertex 16.4323 -0.448074 -1.4
    endloop
  endfacet
  facet normal 0 0 -1
    outer loop
      vertex 16.382 -0.201981 -1.4
      vertex 16.6616 0.617447 -1.4
      vertex 16.4142 -0.352722 -1.4
    endloop
  endfacet
  facet normal 0 0 -1
    outer loop
      vertex 16.163 0.617447 -1.4
      vertex 16.6616 0.617447 -1.4
      vertex 16.382 -0.201981 -1.4
    endloop
  endfacet
  facet normal -0 0 -1
    outer loop
      vertex 18.054 0.990463 -1.4
      vertex 16.163 0.617447 -1.4
      vertex 18.1582 1.03233 -1.4
    endloop
  endfacet
  facet normal 0 0 -1
    outer loop
      vertex 15.7751 0.617447 -1.4
      vertex 18.1582 1.03233 -1.4
      vertex 16.163 0.617447 -1.4
    endloop
  endfacet
  facet normal 0 0 -1
    outer loop
      vertex 13.372 1.13541 -1.4
      vertex 18.1582 1.03233 -1.4
      vertex 15.7751 0.617447 -1.4
    endloop
  endfacet
  facet normal 0 0 -1
    outer loop
      vertex 15.4724 -0.278 -1.4
      vertex 15.5248 -0.365524 -1.4
      vertex 15.5084 -0.448074 -1.4
    endloop
  endfacet
  facet normal 0 0 -1
    outer loop
      vertex 15.4724 -0.278 -1.4
      vertex 15.539 -0.296997 -1.4
      vertex 15.5248 -0.365524 -1.4
    endloop
  endfacet
  facet normal 0 0 -1
    outer loop
      vertex 15.4724 -0.278 -1.4
      vertex 15.5512 -0.242477 -1.4
      vertex 15.539 -0.296997 -1.4
    endloop
  endfacet
  facet normal 0 0 -1
    outer loop
      vertex 15.4724 -0.278 -1.4
      vertex 15.5613 -0.201981 -1.4
      vertex 15.5512 -0.242477 -1.4
    endloop
  endfacet
  facet normal 0 0 -1
    outer loop
      vertex 15.2714 0.617447 -1.4
      vertex 15.5613 -0.201981 -1.4
      vertex 15.4724 -0.278 -1.4
    endloop
  endfacet
  facet normal 0 0 -1
    outer loop
      vertex 15.5613 -0.201981 -1.4
      vertex 15.2714 0.617447 -1.4
      vertex 15.7751 0.617447 -1.4
    endloop
  endfacet
  facet normal 0 0 -1
    outer loop
      vertex 13.372 1.13541 -1.4
      vertex 15.7751 0.617447 -1.4
      vertex 15.2714 0.617447 -1.4
    endloop
  endfacet
  facet normal 0 0 -1
    outer loop
      vertex 13.372 1.13541 -1.4
      vertex 15.2714 0.617447 -1.4
      vertex 14.9364 0.617447 -1.4
    endloop
  endfacet
  facet normal 0 0 -1
    outer loop
      vertex 14.8769 -0.191666 -1.4
      vertex 15.3023 -0.776611 -1.4
      vertex 14.9034 -0.280563 -1.4
    endloop
  endfacet
  facet normal 0 0 -1
    outer loop
      vertex 15.3023 -0.776611 -1.4
      vertex 14.8769 -0.191666 -1.4
      vertex 14.8491 0.229645 -1.4
    endloop
  endfacet
  facet normal 0 0 -1
    outer loop
      vertex 15.3023 -0.776611 -1.4
      vertex 14.8491 0.229645 -1.4
      vertex 14.9364 0.617447 -1.4
    endloop
  endfacet
  facet normal 0 0 -1
    outer loop
      vertex 14.8244 0.325272 -1.4
      vertex 14.9364 0.617447 -1.4
      vertex 14.8491 0.229645 -1.4
    endloop
  endfacet
  facet normal 0 0 -1
    outer loop
      vertex 14.7851 0.408569 -1.4
      vertex 14.9364 0.617447 -1.4
      vertex 14.8244 0.325272 -1.4
    endloop
  endfacet
  facet normal 0 0 -1
    outer loop
      vertex 14.7313 0.479553 -1.4
      vertex 14.9364 0.617447 -1.4
      vertex 14.7851 0.408569 -1.4
    endloop
  endfacet
  facet normal 0 0 -1
    outer loop
      vertex 14.6629 0.538208 -1.4
      vertex 14.9364 0.617447 -1.4
      vertex 14.7313 0.479553 -1.4
    endloop
  endfacet
  facet normal 0 0 -1
    outer loop
      vertex 14.5803 0.584152 -1.4
      vertex 14.9364 0.617447 -1.4
      vertex 14.6629 0.538208 -1.4
    endloop
  endfacet
  facet normal 0 0 -1
    outer loop
      vertex 14.484 0.616959 -1.4
      vertex 14.9364 0.617447 -1.4
      vertex 14.5803 0.584152 -1.4
    endloop
  endfacet
  facet normal 0 0 -1
    outer loop
      vertex 14.3738 0.636658 -1.4
      vertex 14.9364 0.617447 -1.4
      vertex 14.484 0.616959 -1.4
    endloop
  endfacet
  facet normal 0 0 -1
    outer loop
      vertex 14.9364 0.617447 -1.4
      vertex 14.3738 0.636658 -1.4
      vertex 13.372 1.13541 -1.4
    endloop
  endfacet
  facet normal 0 0 -1
    outer loop
      vertex 13.372 1.13541 -1.4
      vertex 14.3738 0.636658 -1.4
      vertex 14.25 0.643219 -1.4
    endloop
  endfacet
  facet normal 0 0 -1
    outer loop
      vertex 13.372 1.13541 -1.4
      vertex 14.25 0.643219 -1.4
      vertex 14.1255 0.635086 -1.4
    endloop
  endfacet
  facet normal 0 0 -1
    outer loop
      vertex 13.5445 -0.568527 -1.4
      vertex 13.6981 -0.418396 -1.4
      vertex 13.6932 -0.463364 -1.4
    endloop
  endfacet
  facet normal 0 0 -1
    outer loop
      vertex 13.5647 -0.569977 -1.4
      vertex 13.6932 -0.463364 -1.4
      vertex 13.6849 -0.499252 -1.4
    endloop
  endfacet
  facet normal 0 0 -1
    outer loop
      vertex 13.6138 -0.567688 -1.4
      vertex 13.6849 -0.499252 -1.4
      vertex 13.6734 -0.526031 -1.4
    endloop
  endfacet
  facet normal 0 0 -1
    outer loop
      vertex 13.6138 -0.567688 -1.4
      vertex 13.6734 -0.526031 -1.4
      vertex 13.6579 -0.545471 -1.4
    endloop
  endfacet
  facet normal 0 0 -1
    outer loop
      vertex 13.6138 -0.567688 -1.4
      vertex 13.6579 -0.545471 -1.4
      vertex 13.6381 -0.559357 -1.4
    endloop
  endfacet
  facet normal -0 0 -1
    outer loop
      vertex 13.6998 -0.364319 -1.4
      vertex 13.5052 -0.562729 -1.4
      vertex 13.6998 0.143311 -1.4
    endloop
  endfacet
  facet normal 0 0 -1
    outer loop
      vertex 13.6849 -0.499252 -1.4
      vertex 13.6138 -0.567688 -1.4
      vertex 13.5851 -0.570465 -1.4
    endloop
  endfacet
  facet normal 0 0 -1
    outer loop
      vertex 13.6849 -0.499252 -1.4
      vertex 13.5851 -0.570465 -1.4
      vertex 13.5647 -0.569977 -1.4
    endloop
  endfacet
  facet normal 0 0 -1
    outer loop
      vertex 13.6932 -0.463364 -1.4
      vertex 13.5647 -0.569977 -1.4
      vertex 13.5445 -0.568527 -1.4
    endloop
  endfacet
  facet normal 0 0 -1
    outer loop
      vertex 13.6981 -0.418396 -1.4
      vertex 13.5445 -0.568527 -1.4
      vertex 13.5247 -0.566116 -1.4
    endloop
  endfacet
  facet normal 0 0 -1
    outer loop
      vertex 13.6981 -0.418396 -1.4
      vertex 13.5247 -0.566116 -1.4
      vertex 13.5052 -0.562729 -1.4
    endloop
  endfacet
  facet normal 0 0 -1
    outer loop
      vertex 13.372 1.13541 -1.4
      vertex 13.6998 0.143311 -1.4
      vertex 13.5052 -0.562729 -1.4
    endloop
  endfacet
  facet normal 0 0 -1
    outer loop
      vertex 13.372 1.13541 -1.4
      vertex 13.5052 -0.562729 -1.4
      vertex 13.372 -0.776611 -1.4
    endloop
  endfacet
  facet normal 0 0 -1
    outer loop
      vertex 13.6998 0.143311 -1.4
      vertex 13.372 1.13541 -1.4
      vertex 13.7087 0.256287 -1.4
    endloop
  endfacet
  facet normal 0 0 -1
    outer loop
      vertex 13.7087 0.256287 -1.4
      vertex 13.372 1.13541 -1.4
      vertex 13.7355 0.355576 -1.4
    endloop
  endfacet
  facet normal 0 0 -1
    outer loop
      vertex 13.372 1.13541 -1.4
      vertex 13.7802 0.441177 -1.4
      vertex 13.7355 0.355576 -1.4
    endloop
  endfacet
  facet normal 0 0 -1
    outer loop
      vertex 13.372 1.13541 -1.4
      vertex 13.8428 0.513092 -1.4
      vertex 13.7802 0.441177 -1.4
    endloop
  endfacet
  facet normal 0 0 -1
    outer loop
      vertex 13.372 1.13541 -1.4
      vertex 13.9219 0.570023 -1.4
      vertex 13.8428 0.513092 -1.4
    endloop
  endfacet
  facet normal 0 0 -1
    outer loop
      vertex 13.372 1.13541 -1.4
      vertex 14.0161 0.610687 -1.4
      vertex 13.9219 0.570023 -1.4
    endloop
  endfacet
  facet normal 0 0 -1
    outer loop
      vertex 13.372 1.13541 -1.4
      vertex 14.1255 0.635086 -1.4
      vertex 14.0161 0.610687 -1.4
    endloop
  endfacet
  facet normal 0 0 -1
    outer loop
      vertex 18.1582 1.03233 -1.4
      vertex 13.372 1.13541 -1.4
      vertex 18.2795 1.05746 -1.4
    endloop
  endfacet
  facet normal 0 0 -1
    outer loop
      vertex 18.4178 1.06584 -1.4
      vertex 13.372 1.13541 -1.4
      vertex 25.4 1.5 -1.4
    endloop
  endfacet
  facet normal 0 0 -1
    outer loop
      vertex 13.01 1.13541 -1.4
      vertex 25.4 1.5 -1.4
      vertex 13.372 1.13541 -1.4
    endloop
  endfacet
  facet normal 0 0 -1
    outer loop
      vertex 12.6561 1.13541 -1.4
      vertex 13.01 1.13541 -1.4
      vertex 12.6561 -0.776611 -1.4
    endloop
  endfacet
  facet normal 0 0 -1
    outer loop
      vertex 12.6561 1.13541 -1.4
      vertex 25.4 1.5 -1.4
      vertex 13.01 1.13541 -1.4
    endloop
  endfacet
  facet normal 0 0 -1
    outer loop
      vertex 12.294 1.13541 -1.4
      vertex 25.4 1.5 -1.4
      vertex 12.6561 1.13541 -1.4
    endloop
  endfacet
  facet normal 0 0 -1
    outer loop
      vertex 10.6336 -0.99823 -1.4
      vertex 12.294 -0.776611 -1.4
      vertex 12.1501 -0.99823 -1.4
    endloop
  endfacet
  facet normal 0 0 -1
    outer loop
      vertex 12.294 -0.776611 -1.4
      vertex 10.6988 0.617447 -1.4
      vertex 12.294 1.13541 -1.4
    endloop
  endfacet
  facet normal 0 0 -1
    outer loop
      vertex 10.3587 0.617447 -1.4
      vertex 12.294 1.13541 -1.4
      vertex 10.6988 0.617447 -1.4
    endloop
  endfacet
  facet normal 0 0 -1
    outer loop
      vertex 10.1113 -0.352722 -1.4
      vertex 10.3587 0.617447 -1.4
      vertex 10.1294 -0.448074 -1.4
    endloop
  endfacet
  facet normal 0 0 -1
    outer loop
      vertex 10.0791 -0.201981 -1.4
      vertex 10.3587 0.617447 -1.4
      vertex 10.1113 -0.352722 -1.4
    endloop
  endfacet
  facet normal 0 0 -1
    outer loop
      vertex 9.86006 0.617447 -1.4
      vertex 10.3587 0.617447 -1.4
      vertex 10.0791 -0.201981 -1.4
    endloop
  endfacet
  facet normal 0 0 -1
    outer loop
      vertex 8.50237 1.13541 -1.4
      vertex 10.3587 0.617447 -1.4
      vertex 9.86006 0.617447 -1.4
    endloop
  endfacet
  facet normal 0 0 -1
    outer loop
      vertex 8.50237 1.13541 -1.4
      vertex 9.86006 0.617447 -1.4
      vertex 9.47225 0.617447 -1.4
    endloop
  endfacet
  facet normal 0 0 -1
    outer loop
      vertex 9.16945 -0.278 -1.4
      vertex 9.22188 -0.365524 -1.4
      vertex 9.20554 -0.448074 -1.4
    endloop
  endfacet
  facet normal 0 0 -1
    outer loop
      vertex 9.16945 -0.278 -1.4
      vertex 9.23613 -0.296997 -1.4
      vertex 9.22188 -0.365524 -1.4
    endloop
  endfacet
  facet normal 0 0 -1
    outer loop
      vertex 9.16945 -0.278 -1.4
      vertex 9.24829 -0.242477 -1.4
      vertex 9.23613 -0.296997 -1.4
    endloop
  endfacet
  facet normal 0 0 -1
    outer loop
      vertex 9.16945 -0.278 -1.4
      vertex 9.25836 -0.201981 -1.4
      vertex 9.24829 -0.242477 -1.4
    endloop
  endfacet
  facet normal 0 0 -1
    outer loop
      vertex 8.96848 0.617447 -1.4
      vertex 9.25836 -0.201981 -1.4
      vertex 9.16945 -0.278 -1.4
    endloop
  endfacet
  facet normal 0 0 -1
    outer loop
      vertex 9.25836 -0.201981 -1.4
      vertex 8.96848 0.617447 -1.4
      vertex 9.47225 0.617447 -1.4
    endloop
  endfacet
  facet normal 0 0 -1
    outer loop
      vertex 8.50237 1.13541 -1.4
      vertex 9.47225 0.617447 -1.4
      vertex 8.96848 0.617447 -1.4
    endloop
  endfacet
  facet normal 0 0 -1
    outer loop
      vertex 8.50237 0.868713 -1.4
      vertex 8.96848 0.617447 -1.4
      vertex 8.63347 0.617447 -1.4
    endloop
  endfacet
  facet normal 0 0 -1
    outer loop
      vertex 8.50237 0.617447 -1.4
      vertex 8.63347 0.617447 -1.4
      vertex 8.50237 -0.776611 -1.4
    endloop
  endfacet
  facet normal 0 0 -1
    outer loop
      vertex 8.50237 0.868713 -1.4
      vertex 8.63347 0.617447 -1.4
      vertex 8.50237 0.617447 -1.4
    endloop
  endfacet
  facet normal 0 0 -1
    outer loop
      vertex 8.96848 0.617447 -1.4
      vertex 8.50237 0.868713 -1.4
      vertex 8.50237 1.13541 -1.4
    endloop
  endfacet
  facet normal 0 0 -1
    outer loop
      vertex 10.3587 0.617447 -1.4
      vertex 8.50237 1.13541 -1.4
      vertex 12.294 1.13541 -1.4
    endloop
  endfacet
  facet normal 0 0 -1
    outer loop
      vertex 0 1.5 -1.4
      vertex 12.294 1.13541 -1.4
      vertex 8.50237 1.13541 -1.4
    endloop
  endfacet
  facet normal 0 0 -1
    outer loop
      vertex 0 1.5 -1.4
      vertex 8.50237 1.13541 -1.4
      vertex 8.14031 1.13541 -1.4
    endloop
  endfacet
  facet normal 0 0 -1
    outer loop
      vertex 7.45139 0.617447 -1.4
      vertex 8.14031 1.13541 -1.4
      vertex 7.79668 0.617447 -1.4
    endloop
  endfacet
  facet normal 0 0 -1
    outer loop
      vertex 7.42948 0.340439 -1.4
      vertex 7.43503 0.364563 -1.4
      vertex 7.43463 0.340439 -1.4
    endloop
  endfacet
  facet normal 0 0 -1
    outer loop
      vertex 7.39043 0.414841 -1.4
      vertex 7.43503 0.364563 -1.4
      vertex 7.42948 0.340439 -1.4
    endloop
  endfacet
  facet normal 0 0 -1
    outer loop
      vertex 7.43503 0.364563 -1.4
      vertex 7.39043 0.414841 -1.4
      vertex 7.43624 0.396973 -1.4
    endloop
  endfacet
  facet normal 0 0 -1
    outer loop
      vertex 7.43624 0.396973 -1.4
      vertex 7.39043 0.414841 -1.4
      vertex 7.43825 0.437683 -1.4
    endloop
  endfacet
  facet normal -0 0 -1
    outer loop
      vertex 7.43825 0.437683 -1.4
      vertex 7.39043 0.414841 -1.4
      vertex 7.44107 0.486679 -1.4
    endloop
  endfacet
  facet normal 0 0 -1
    outer loop
      vertex 7.3467 0.478302 -1.4
      vertex 7.44107 0.486679 -1.4
      vertex 7.39043 0.414841 -1.4
    endloop
  endfacet
  facet normal -0 0 -1
    outer loop
      vertex 7.44107 0.486679 -1.4
      vertex 7.3467 0.478302 -1.4
      vertex 7.44414 0.534714 -1.4
    endloop
  endfacet
  facet normal 0 0 -1
    outer loop
      vertex 7.2983 0.530807 -1.4
      vertex 7.44414 0.534714 -1.4
      vertex 7.3467 0.478302 -1.4
    endloop
  endfacet
  facet normal -0 0 -1
    outer loop
      vertex 7.44414 0.534714 -1.4
      vertex 7.2983 0.530807 -1.4
      vertex 7.44687 0.572525 -1.4
    endloop
  endfacet
  facet normal -0 0 -1
    outer loop
      vertex 7.44687 0.572525 -1.4
      vertex 7.2983 0.530807 -1.4
      vertex 7.4493 0.600098 -1.4
    endloop
  endfacet
  facet normal -0 0 -1
    outer loop
      vertex 7.4493 0.600098 -1.4
      vertex 7.2983 0.530807 -1.4
      vertex 7.45139 0.617447 -1.4
    endloop
  endfacet
  facet normal 0 0 -1
    outer loop
      vertex 7.24524 0.572342 -1.4
      vertex 7.45139 0.617447 -1.4
      vertex 7.2983 0.530807 -1.4
    endloop
  endfacet
  facet normal 0 0 -1
    outer loop
      vertex 7.18718 0.603912 -1.4
      vertex 7.45139 0.617447 -1.4
      vertex 7.24524 0.572342 -1.4
    endloop
  endfacet
  facet normal 0 0 -1
    outer loop
      vertex 7.1238 0.626465 -1.4
      vertex 7.45139 0.617447 -1.4
      vertex 7.18718 0.603912 -1.4
    endloop
  endfacet
  facet normal 0 0 -1
    outer loop
      vertex 7.45139 0.617447 -1.4
      vertex 7.1238 0.626465 -1.4
      vertex 8.14031 1.13541 -1.4
    endloop
  endfacet
  facet normal 0 0 -1
    outer loop
      vertex 7.0551 0.639999 -1.4
      vertex 8.14031 1.13541 -1.4
      vertex 7.1238 0.626465 -1.4
    endloop
  endfacet
  facet normal 0 0 -1
    outer loop
      vertex 6.9811 0.644516 -1.4
      vertex 8.14031 1.13541 -1.4
      vertex 7.0551 0.639999 -1.4
    endloop
  endfacet
  facet normal 0 0 -1
    outer loop
      vertex 6.87674 0.635971 -1.4
      vertex 8.14031 1.13541 -1.4
      vertex 6.9811 0.644516 -1.4
    endloop
  endfacet
  facet normal 0 0 -1
    outer loop
      vertex 5.33092 1.13541 -1.4
      vertex 6.87674 0.635971 -1.4
      vertex 6.78527 0.610367 -1.4
    endloop
  endfacet
  facet normal 0 0 -1
    outer loop
      vertex 6.2795 0.08255 -1.4
      vertex 6.52242 0.108521 -1.4
      vertex 6.28824 -0.0808563 -1.4
    endloop
  endfacet
  facet normal -0 0 -1
    outer loop
      vertex 6.52242 0.108521 -1.4
      vertex 6.2795 0.08255 -1.4
      vertex 6.52983 0.232056 -1.4
    endloop
  endfacet
  facet normal 0 0 -1
    outer loop
      vertex 6.25328 0.226242 -1.4
      vertex 6.52983 0.232056 -1.4
      vertex 6.2795 0.08255 -1.4
    endloop
  endfacet
  facet normal -0 0 -1
    outer loop
      vertex 6.52983 0.232056 -1.4
      vertex 6.25328 0.226242 -1.4
      vertex 6.55205 0.339798 -1.4
    endloop
  endfacet
  facet normal 0 0 -1
    outer loop
      vertex 6.2096 0.35022 -1.4
      vertex 6.55205 0.339798 -1.4
      vertex 6.25328 0.226242 -1.4
    endloop
  endfacet
  facet normal 0 0 -1
    outer loop
      vertex 6.55205 0.339798 -1.4
      vertex 6.2096 0.35022 -1.4
      vertex 6.5891 0.431763 -1.4
    endloop
  endfacet
  facet normal 0 0 -1
    outer loop
      vertex 6.14844 0.454453 -1.4
      vertex 6.5891 0.431763 -1.4
      vertex 6.2096 0.35022 -1.4
    endloop
  endfacet
  facet normal 0 0 -1
    outer loop
      vertex 6.5891 0.431763 -1.4
      vertex 6.14844 0.454453 -1.4
      vertex 6.64096 0.507935 -1.4
    endloop
  endfacet
  facet normal 0 0 -1
    outer loop
      vertex 6.07125 0.537033 -1.4
      vertex 6.64096 0.507935 -1.4
      vertex 6.14844 0.454453 -1.4
    endloop
  endfacet
  facet normal 0 0 -1
    outer loop
      vertex 6.64096 0.507935 -1.4
      vertex 6.07125 0.537033 -1.4
      vertex 6.70667 0.567688 -1.4
    endloop
  endfacet
  facet normal 0 0 -1
    outer loop
      vertex 5.97948 0.596024 -1.4
      vertex 6.70667 0.567688 -1.4
      vertex 6.07125 0.537033 -1.4
    endloop
  endfacet
  facet normal 0 0 -1
    outer loop
      vertex 6.70667 0.567688 -1.4
      vertex 5.97948 0.596024 -1.4
      vertex 6.78527 0.610367 -1.4
    endloop
  endfacet
  facet normal 0 0 -1
    outer loop
      vertex 5.33092 1.13541 -1.4
      vertex 6.78527 0.610367 -1.4
      vertex 5.97948 0.596024 -1.4
    endloop
  endfacet
  facet normal 0 0 -1
    outer loop
      vertex 5.33092 1.13541 -1.4
      vertex 5.97948 0.596024 -1.4
      vertex 5.87316 0.631424 -1.4
    endloop
  endfacet
  facet normal 0 0 -1
    outer loop
      vertex 5.33092 1.13541 -1.4
      vertex 5.87316 0.631424 -1.4
      vertex 5.75225 0.643219 -1.4
    endloop
  endfacet
  facet normal 0 0 -1
    outer loop
      vertex 5.33092 1.13541 -1.4
      vertex 5.75225 0.643219 -1.4
      vertex 5.6807 0.639359 -1.4
    endloop
  endfacet
  facet normal 0 0 -1
    outer loop
      vertex 5.33092 1.13541 -1.4
      vertex 5.6807 0.639359 -1.4
      vertex 5.61421 0.627762 -1.4
    endloop
  endfacet
  facet normal 0 0 -1
    outer loop
      vertex 5.32834 0.397125 -1.4
      vertex 5.36301 0.454544 -1.4
      vertex 5.33092 0.397125 -1.4
    endloop
  endfacet
  facet normal 0 0 -1
    outer loop
      vertex 5.33092 0.62648 -1.4
      vertex 5.40131 0.504395 -1.4
      vertex 5.36301 0.454544 -1.4
    endloop
  endfacet
  facet normal 0 0 -1
    outer loop
      vertex 5.33092 0.62648 -1.4
      vertex 5.4458 0.546661 -1.4
      vertex 5.40131 0.504395 -1.4
    endloop
  endfacet
  facet normal 0 0 -1
    outer loop
      vertex 5.33092 0.62648 -1.4
      vertex 5.49649 0.581375 -1.4
      vertex 5.4458 0.546661 -1.4
    endloop
  endfacet
  facet normal 0 0 -1
    outer loop
      vertex 5.33092 0.62648 -1.4
      vertex 5.55281 0.608429 -1.4
      vertex 5.49649 0.581375 -1.4
    endloop
  endfacet
  facet normal 0 0 -1
    outer loop
      vertex 5.33092 1.13541 -1.4
      vertex 5.55281 0.608429 -1.4
      vertex 5.33092 0.62648 -1.4
    endloop
  endfacet
  facet normal 0 0 -1
    outer loop
      vertex 5.55281 0.608429 -1.4
      vertex 5.33092 1.13541 -1.4
      vertex 5.61421 0.627762 -1.4
    endloop
  endfacet
  facet normal 0 0 -1
    outer loop
      vertex 6.87674 0.635971 -1.4
      vertex 5.33092 1.13541 -1.4
      vertex 8.14031 1.13541 -1.4
    endloop
  endfacet
  facet normal 0 0 -1
    outer loop
      vertex 0 1.5 -1.4
      vertex 8.14031 1.13541 -1.4
      vertex 5.33092 1.13541 -1.4
    endloop
  endfacet
  facet normal 0 0 -1
    outer loop
      vertex 0 1.5 -1.4
      vertex 5.33092 1.13541 -1.4
      vertex 4.96887 1.13541 -1.4
    endloop
  endfacet
  facet normal 0 0 -1
    outer loop
      vertex 4.70763 -0.238052 -1.4
      vertex 4.96823 -0.539856 -1.4
      vertex 4.9663 -0.612976 -1.4
    endloop
  endfacet
  facet normal 0 0 -1
    outer loop
      vertex 4.70763 -0.238052 -1.4
      vertex 4.9663 -0.612976 -1.4
      vertex 4.96308 -0.691895 -1.4
    endloop
  endfacet
  facet normal 0 0 -1
    outer loop
      vertex 4.53369 -0.609116 -1.4
      vertex 4.96308 -0.691895 -1.4
      vertex 4.95856 -0.776611 -1.4
    endloop
  endfacet
  facet normal 0 0 -1
    outer loop
      vertex 4.96887 -0.472534 -1.4
      vertex 4.71923 -0.0782928 -1.4
      vertex 4.70763 0.0808563 -1.4
    endloop
  endfacet
  facet normal 0 0 -1
    outer loop
      vertex 4.96887 -0.472534 -1.4
      vertex 4.70763 0.0808563 -1.4
      vertex 4.96887 1.13541 -1.4
    endloop
  endfacet
  facet normal 0 0 -1
    outer loop
      vertex 4.67284 0.222061 -1.4
      vertex 4.96887 1.13541 -1.4
      vertex 4.70763 0.0808563 -1.4
    endloop
  endfacet
  facet normal 0 0 -1
    outer loop
      vertex 4.61486 0.345306 -1.4
      vertex 4.96887 1.13541 -1.4
      vertex 4.67284 0.222061 -1.4
    endloop
  endfacet
  facet normal 0 0 -1
    outer loop
      vertex 4.53369 0.450592 -1.4
      vertex 4.96887 1.13541 -1.4
      vertex 4.61486 0.345306 -1.4
    endloop
  endfacet
  facet normal 0 0 -1
    outer loop
      vertex 4.43166 0.534866 -1.4
      vertex 4.96887 1.13541 -1.4
      vertex 4.53369 0.450592 -1.4
    endloop
  endfacet
  facet normal 0 0 -1
    outer loop
      vertex 4.31111 0.595062 -1.4
      vertex 4.96887 1.13541 -1.4
      vertex 4.43166 0.534866 -1.4
    endloop
  endfacet
  facet normal 0 0 -1
    outer loop
      vertex 4.17205 0.63118 -1.4
      vertex 4.96887 1.13541 -1.4
      vertex 4.31111 0.595062 -1.4
    endloop
  endfacet
  facet normal 0 0 -1
    outer loop
      vertex 4.01445 0.643219 -1.4
      vertex 4.96887 1.13541 -1.4
      vertex 4.17205 0.63118 -1.4
    endloop
  endfacet
  facet normal 0 0 -1
    outer loop
      vertex 3.85384 0.631577 -1.4
      vertex 4.96887 1.13541 -1.4
      vertex 4.01445 0.643219 -1.4
    endloop
  endfacet
  facet normal 0 0 -1
    outer loop
      vertex 3.25588 0.617447 -1.4
      vertex 3.85384 0.631577 -1.4
      vertex 3.71344 0.59668 -1.4
    endloop
  endfacet
  facet normal 0 0 -1
    outer loop
      vertex 3.25588 0.617447 -1.4
      vertex 3.32479 0.0860901 -1.4
      vertex 3.31354 -0.0782928 -1.4
    endloop
  endfacet
  facet normal 0 0 -1
    outer loop
      vertex 3.25588 0.617447 -1.4
      vertex 3.35848 0.230118 -1.4
      vertex 3.32479 0.0860901 -1.4
    endloop
  endfacet
  facet normal 0 0 -1
    outer loop
      vertex 3.25588 0.617447 -1.4
      vertex 3.41465 0.353775 -1.4
      vertex 3.35848 0.230118 -1.4
    endloop
  endfacet
  facet normal 0 0 -1
    outer loop
      vertex 3.25588 0.617447 -1.4
      vertex 3.49329 0.457031 -1.4
      vertex 3.41465 0.353775 -1.4
    endloop
  endfacet
  facet normal 0 0 -1
    outer loop
      vertex 3.25588 0.617447 -1.4
      vertex 3.59325 0.538498 -1.4
      vertex 3.49329 0.457031 -1.4
    endloop
  endfacet
  facet normal 0 0 -1
    outer loop
      vertex 3.25588 0.617447 -1.4
      vertex 3.71344 0.59668 -1.4
      vertex 3.59325 0.538498 -1.4
    endloop
  endfacet
  facet normal -0 0 -1
    outer loop
      vertex 3.85384 0.631577 -1.4
      vertex 3.25588 0.617447 -1.4
      vertex 4.96887 1.13541 -1.4
    endloop
  endfacet
  facet normal 0 0 -1
    outer loop
      vertex 2.91571 0.617447 -1.4
      vertex 4.96887 1.13541 -1.4
      vertex 3.25588 0.617447 -1.4
    endloop
  endfacet
  facet normal 0 0 -1
    outer loop
      vertex 2.66834 -0.352722 -1.4
      vertex 2.91571 0.617447 -1.4
      vertex 2.68639 -0.448074 -1.4
    endloop
  endfacet
  facet normal 0 0 -1
    outer loop
      vertex 2.63613 -0.201981 -1.4
      vertex 2.91571 0.617447 -1.4
      vertex 2.66834 -0.352722 -1.4
    endloop
  endfacet
  facet normal 0 0 -1
    outer loop
      vertex 2.4171 0.617447 -1.4
      vertex 2.91571 0.617447 -1.4
      vertex 2.63613 -0.201981 -1.4
    endloop
  endfacet
  facet normal 0 0 -1
    outer loop
      vertex 0 1.5 -1.4
      vertex 2.91571 0.617447 -1.4
      vertex 2.4171 0.617447 -1.4
    endloop
  endfacet
  facet normal 0 0 -1
    outer loop
      vertex 0 1.5 -1.4
      vertex 2.4171 0.617447 -1.4
      vertex 2.02927 0.617447 -1.4
    endloop
  endfacet
  facet normal 0 0 -1
    outer loop
      vertex 1.72649 -0.278 -1.4
      vertex 1.77892 -0.365524 -1.4
      vertex 1.76256 -0.448074 -1.4
    endloop
  endfacet
  facet normal 0 0 -1
    outer loop
      vertex 1.72649 -0.278 -1.4
      vertex 1.79317 -0.296997 -1.4
      vertex 1.77892 -0.365524 -1.4
    endloop
  endfacet
  facet normal 0 0 -1
    outer loop
      vertex 1.72649 -0.278 -1.4
      vertex 1.80532 -0.242477 -1.4
      vertex 1.79317 -0.296997 -1.4
    endloop
  endfacet
  facet normal 0 0 -1
    outer loop
      vertex 1.72649 -0.278 -1.4
      vertex 1.81539 -0.201981 -1.4
      vertex 1.80532 -0.242477 -1.4
    endloop
  endfacet
  facet normal 0 0 -1
    outer loop
      vertex 1.5255 0.617447 -1.4
      vertex 1.81539 -0.201981 -1.4
      vertex 1.72649 -0.278 -1.4
    endloop
  endfacet
  facet normal 0 0 -1
    outer loop
      vertex 1.81539 -0.201981 -1.4
      vertex 1.5255 0.617447 -1.4
      vertex 2.02927 0.617447 -1.4
    endloop
  endfacet
  facet normal 0 0 -1
    outer loop
      vertex 0 1.5 -1.4
      vertex 2.02927 0.617447 -1.4
      vertex 1.5255 0.617447 -1.4
    endloop
  endfacet
  facet normal 0 0 -1
    outer loop
      vertex 0 1.5 -1.4
      vertex 1.5255 0.617447 -1.4
      vertex 1.19049 0.617447 -1.4
    endloop
  endfacet
  facet normal 0 0 -1
    outer loop
      vertex 12.294 1.13541 -1.4
      vertex 0 1.5 -1.4
      vertex 25.4 1.5 -1.4
    endloop
  endfacet
  facet normal 0 0 -1
    outer loop
      vertex 2.91571 0.617447 -1.4
      vertex 0 1.5 -1.4
      vertex 4.96887 1.13541 -1.4
    endloop
  endfacet
  facet normal 0 0 -1
    outer loop
      vertex 0 1.5 -1.4
      vertex 1.19049 0.617447 -1.4
      vertex 0 -1.5 -1.4
    endloop
  endfacet
  facet normal -0 0 -1
    outer loop
      vertex 20.5365 -0.406845 -1.4
      vertex 19.7106 -0.776611 -1.4
      vertex 19.7106 -0.406845 -1.4
    endloop
  endfacet
  facet normal 0 0 -1
    outer loop
      vertex 3.71318 -0.28685 -1.4
      vertex 4.33409 -0.187927 -1.4
      vertex 4.319 -0.28363 -1.4
    endloop
  endfacet
  facet normal 0 0 -1
    outer loop
      vertex 4.33409 -0.187927 -1.4
      vertex 3.69232 -0.0782928 -1.4
      vertex 4.33913 -0.0782928 -1.4
    endloop
  endfacet
  facet normal 0 0 -1
    outer loop
      vertex 3.71318 -0.28685 -1.4
      vertex 4.319 -0.28363 -1.4
      vertex 4.29384 -0.365402 -1.4
    endloop
  endfacet
  facet normal 0 0 -1
    outer loop
      vertex 4.02605 -0.555008 -1.4
      vertex 4.29384 -0.365402 -1.4
      vertex 4.25861 -0.433243 -1.4
    endloop
  endfacet
  facet normal 0 -0 -1
    outer loop
      vertex 3.69741 0.0374908 -1.4
      vertex 4.33913 -0.0782928 -1.4
      vertex 3.69232 -0.0782928 -1.4
    endloop
  endfacet
  facet normal 0 0 -1
    outer loop
      vertex 4.0976 -0.547394 -1.4
      vertex 4.25861 -0.433243 -1.4
      vertex 4.21387 -0.486511 -1.4
    endloop
  endfacet
  facet normal 0 0 -1
    outer loop
      vertex 4.0976 -0.547394 -1.4
      vertex 4.21387 -0.486511 -1.4
      vertex 4.1602 -0.524567 -1.4
    endloop
  endfacet
  facet normal 0 0 -1
    outer loop
      vertex 4.33913 -0.0782928 -1.4
      vertex 3.69741 0.0374908 -1.4
      vertex 4.31851 0.128571 -1.4
    endloop
  endfacet
  facet normal 0 0 -1
    outer loop
      vertex 4.25861 -0.433243 -1.4
      vertex 4.0976 -0.547394 -1.4
      vertex 4.02605 -0.555008 -1.4
    endloop
  endfacet
  facet normal 0 0 -1
    outer loop
      vertex 4.29384 -0.365402 -1.4
      vertex 4.02605 -0.555008 -1.4
      vertex 3.77576 -0.435822 -1.4
    endloop
  endfacet
  facet normal 0 -0 -1
    outer loop
      vertex 3.71263 0.136215 -1.4
      vertex 4.31851 0.128571 -1.4
      vertex 3.69741 0.0374908 -1.4
    endloop
  endfacet
  facet normal 0 0 -1
    outer loop
      vertex 4.31851 0.128571 -1.4
      vertex 3.71263 0.136215 -1.4
      vertex 4.25667 0.276352 -1.4
    endloop
  endfacet
  facet normal 0 0 -1
    outer loop
      vertex 3.77576 -0.435822 -1.4
      vertex 4.02605 -0.555008 -1.4
      vertex 3.88005 -0.525208 -1.4
    endloop
  endfacet
  facet normal 0 -0 -1
    outer loop
      vertex 4.0093 0.394562 -1.4
      vertex 4.25667 0.276352 -1.4
      vertex 3.71263 0.136215 -1.4
    endloop
  endfacet
  facet normal 0 0 -1
    outer loop
      vertex 4.25667 0.276352 -1.4
      vertex 4.0093 0.394562 -1.4
      vertex 4.1536 0.365005 -1.4
    endloop
  endfacet
  facet normal -0 0 -1
    outer loop
      vertex 4.29384 -0.365402 -1.4
      vertex 3.77576 -0.435822 -1.4
      vertex 3.71318 -0.28685 -1.4
    endloop
  endfacet
  facet normal 0 -0 -1
    outer loop
      vertex 3.73799 0.21788 -1.4
      vertex 4.0093 0.394562 -1.4
      vertex 3.71263 0.136215 -1.4
    endloop
  endfacet
  facet normal 0 0 -1
    outer loop
      vertex 4.0093 0.394562 -1.4
      vertex 3.73799 0.21788 -1.4
      vertex 3.93657 0.387558 -1.4
    endloop
  endfacet
  facet normal -0 0 -1
    outer loop
      vertex 4.33409 -0.187927 -1.4
      vertex 3.71318 -0.28685 -1.4
      vertex 3.69232 -0.0782928 -1.4
    endloop
  endfacet
  facet normal 0 -0 -1
    outer loop
      vertex 3.77352 0.282471 -1.4
      vertex 3.93657 0.387558 -1.4
      vertex 3.73799 0.21788 -1.4
    endloop
  endfacet
  facet normal 0 0 -1
    outer loop
      vertex 3.93657 0.387558 -1.4
      vertex 3.77352 0.282471 -1.4
      vertex 3.87305 0.366547 -1.4
    endloop
  endfacet
  facet normal 0 0 -1
    outer loop
      vertex 3.87305 0.366547 -1.4
      vertex 3.77352 0.282471 -1.4
      vertex 3.8187 0.331512 -1.4
    endloop
  endfacet
  facet normal 0 0 -1
    outer loop
      vertex 5.32578 -0.0718536 -1.4
      vertex 5.9063 0.0324707 -1.4
      vertex 5.91072 -0.0808563 -1.4
    endloop
  endfacet
  facet normal 0 0 -1
    outer loop
      vertex 5.33069 -0.181168 -1.4
      vertex 5.91072 -0.0808563 -1.4
      vertex 5.89293 -0.2883 -1.4
    endloop
  endfacet
  facet normal -0 0 -1
    outer loop
      vertex 5.9063 0.0324707 -1.4
      vertex 5.32578 -0.0718536 -1.4
      vertex 5.33048 0.0343933 -1.4
    endloop
  endfacet
  facet normal 0 -0 -1
    outer loop
      vertex 5.34462 0.127686 -1.4
      vertex 5.9063 0.0324707 -1.4
      vertex 5.33048 0.0343933 -1.4
    endloop
  endfacet
  facet normal 0 0 -1
    outer loop
      vertex 5.36998 -0.35994 -1.4
      vertex 5.89293 -0.2883 -1.4
      vertex 5.83954 -0.436462 -1.4
    endloop
  endfacet
  facet normal 0 0 -1
    outer loop
      vertex 5.9063 0.0324707 -1.4
      vertex 5.34462 0.127686 -1.4
      vertex 5.89301 0.130264 -1.4
    endloop
  endfacet
  facet normal 0 0 -1
    outer loop
      vertex 5.62598 -0.555008 -1.4
      vertex 5.83954 -0.436462 -1.4
      vertex 5.75055 -0.52536 -1.4
    endloop
  endfacet
  facet normal 0 -0 -1
    outer loop
      vertex 5.36817 0.208023 -1.4
      vertex 5.89301 0.130264 -1.4
      vertex 5.34462 0.127686 -1.4
    endloop
  endfacet
  facet normal 0 0 -1
    outer loop
      vertex 5.89301 0.130264 -1.4
      vertex 5.36817 0.208023 -1.4
      vertex 5.87087 0.212524 -1.4
    endloop
  endfacet
  facet normal -0 0 -1
    outer loop
      vertex 5.83954 -0.436462 -1.4
      vertex 5.62598 -0.555008 -1.4
      vertex 5.40438 -0.429398 -1.4
    endloop
  endfacet
  facet normal 0 -0 -1
    outer loop
      vertex 5.40114 0.275375 -1.4
      vertex 5.87087 0.212524 -1.4
      vertex 5.36817 0.208023 -1.4
    endloop
  endfacet
  facet normal 0 0 -1
    outer loop
      vertex 5.4477 -0.484344 -1.4
      vertex 5.62598 -0.555008 -1.4
      vertex 5.55849 -0.54715 -1.4
    endloop
  endfacet
  facet normal 0 0 -1
    outer loop
      vertex 5.87087 0.212524 -1.4
      vertex 5.40114 0.275375 -1.4
      vertex 5.83986 0.279236 -1.4
    endloop
  endfacet
  facet normal 0 0 -1
    outer loop
      vertex 5.4477 -0.484344 -1.4
      vertex 5.55849 -0.54715 -1.4
      vertex 5.49907 -0.523605 -1.4
    endloop
  endfacet
  facet normal 0 -0 -1
    outer loop
      vertex 5.62339 0.397125 -1.4
      vertex 5.83986 0.279236 -1.4
      vertex 5.40114 0.275375 -1.4
    endloop
  endfacet
  facet normal 0 0 -1
    outer loop
      vertex 5.62598 -0.555008 -1.4
      vertex 5.4477 -0.484344 -1.4
      vertex 5.40438 -0.429398 -1.4
    endloop
  endfacet
  facet normal 0 0 -1
    outer loop
      vertex 5.79975 0.330811 -1.4
      vertex 5.69152 0.389755 -1.4
      vertex 5.75031 0.367661 -1.4
    endloop
  endfacet
  facet normal 0 0 -1
    outer loop
      vertex 5.83954 -0.436462 -1.4
      vertex 5.40438 -0.429398 -1.4
      vertex 5.36998 -0.35994 -1.4
    endloop
  endfacet
  facet normal 0 0 -1
    outer loop
      vertex 5.83986 0.279236 -1.4
      vertex 5.69152 0.389755 -1.4
      vertex 5.79975 0.330811 -1.4
    endloop
  endfacet
  facet normal -0 0 -1
    outer loop
      vertex 5.89293 -0.2883 -1.4
      vertex 5.36998 -0.35994 -1.4
      vertex 5.34542 -0.277191 -1.4
    endloop
  endfacet
  facet normal -0 -0 -1
    outer loop
      vertex 5.69152 0.389755 -1.4
      vertex 5.83986 0.279236 -1.4
      vertex 5.62339 0.397125 -1.4
    endloop
  endfacet
  facet normal 0 0 -1
    outer loop
      vertex 5.89293 -0.2883 -1.4
      vertex 5.34542 -0.277191 -1.4
      vertex 5.33069 -0.181168 -1.4
    endloop
  endfacet
  facet normal 0 0 -1
    outer loop
      vertex 5.62339 0.397125 -1.4
      vertex 5.40114 0.275375 -1.4
      vertex 5.55442 0.389526 -1.4
    endloop
  endfacet
  facet normal -0 0 -1
    outer loop
      vertex 5.91072 -0.0808563 -1.4
      vertex 5.33069 -0.181168 -1.4
      vertex 5.32578 -0.0718536 -1.4
    endloop
  endfacet
  facet normal 0 -0 -1
    outer loop
      vertex 5.4433 0.328644 -1.4
      vertex 5.55442 0.389526 -1.4
      vertex 5.40114 0.275375 -1.4
    endloop
  endfacet
  facet normal 0 0 -1
    outer loop
      vertex 5.55442 0.389526 -1.4
      vertex 5.4433 0.328644 -1.4
      vertex 5.49439 0.366699 -1.4
    endloop
  endfacet
  facet normal 0 0 -1
    outer loop
      vertex 14.3256 -0.546951 -1.4
      vertex 14.5347 -0.354004 -1.4
      vertex 14.5318 -0.400421 -1.4
    endloop
  endfacet
  facet normal 0 0 -1
    outer loop
      vertex 14.248 -0.523758 -1.4
      vertex 14.5347 -0.354004 -1.4
      vertex 14.2859 -0.538254 -1.4
    endloop
  endfacet
  facet normal 0 0 -1
    outer loop
      vertex 14.3672 -0.54985 -1.4
      vertex 14.5318 -0.400421 -1.4
      vertex 14.5233 -0.440491 -1.4
    endloop
  endfacet
  facet normal 0 0 -1
    outer loop
      vertex 14.5347 -0.354004 -1.4
      vertex 14.3256 -0.546951 -1.4
      vertex 14.2859 -0.538254 -1.4
    endloop
  endfacet
  facet normal 0 0 -1
    outer loop
      vertex 14.4033 -0.546829 -1.4
      vertex 14.5233 -0.440491 -1.4
      vertex 14.509 -0.474197 -1.4
    endloop
  endfacet
  facet normal -0 0 -1
    outer loop
      vertex 14.5347 -0.354004 -1.4
      vertex 14.248 -0.523758 -1.4
      vertex 14.533 -0.317291 -1.4
    endloop
  endfacet
  facet normal 0 -0 -1
    outer loop
      vertex 14.3553 -0.143188 -1.4
      vertex 14.533 -0.317291 -1.4
      vertex 14.248 -0.523758 -1.4
    endloop
  endfacet
  facet normal 0 0 -1
    outer loop
      vertex 14.4033 -0.546829 -1.4
      vertex 14.509 -0.474197 -1.4
      vertex 14.489 -0.501541 -1.4
    endloop
  endfacet
  facet normal 0 0 -1
    outer loop
      vertex 14.5318 -0.400421 -1.4
      vertex 14.3672 -0.54985 -1.4
      vertex 14.3256 -0.546951 -1.4
    endloop
  endfacet
  facet normal 0 0 -1
    outer loop
      vertex 14.4033 -0.546829 -1.4
      vertex 14.489 -0.501541 -1.4
      vertex 14.4642 -0.522675 -1.4
    endloop
  endfacet
  facet normal -0 -0 -1
    outer loop
      vertex 14.4265 -0.161392 -1.4
      vertex 14.5278 -0.284439 -1.4
      vertex 14.3955 -0.151215 -1.4
    endloop
  endfacet
  facet normal 0 0 -1
    outer loop
      vertex 14.4033 -0.546829 -1.4
      vertex 14.4642 -0.522675 -1.4
      vertex 14.4356 -0.537766 -1.4
    endloop
  endfacet
  facet normal 0 0 -1
    outer loop
      vertex 14.5278 -0.284439 -1.4
      vertex 14.4265 -0.161392 -1.4
      vertex 14.5191 -0.255447 -1.4
    endloop
  endfacet
  facet normal 0 0 -1
    outer loop
      vertex 14.5233 -0.440491 -1.4
      vertex 14.4033 -0.546829 -1.4
      vertex 14.3672 -0.54985 -1.4
    endloop
  endfacet
  facet normal 0 0 -1
    outer loop
      vertex 14.5191 -0.255447 -1.4
      vertex 14.4265 -0.161392 -1.4
      vertex 14.507 -0.230331 -1.4
    endloop
  endfacet
  facet normal 0 0 -1
    outer loop
      vertex 14.473 -0.189896 -1.4
      vertex 14.4265 -0.161392 -1.4
      vertex 14.4513 -0.174149 -1.4
    endloop
  endfacet
  facet normal 0 0 -1
    outer loop
      vertex 14.4916 -0.208618 -1.4
      vertex 14.4265 -0.161392 -1.4
      vertex 14.473 -0.189896 -1.4
    endloop
  endfacet
  facet normal 0 0 -1
    outer loop
      vertex 14.507 -0.230331 -1.4
      vertex 14.4265 -0.161392 -1.4
      vertex 14.4916 -0.208618 -1.4
    endloop
  endfacet
  facet normal 0 0 -1
    outer loop
      vertex 14.533 -0.317291 -1.4
      vertex 14.3955 -0.151215 -1.4
      vertex 14.5278 -0.284439 -1.4
    endloop
  endfacet
  facet normal 0 0 -1
    outer loop
      vertex 14.533 -0.317291 -1.4
      vertex 14.3553 -0.143188 -1.4
      vertex 14.3955 -0.151215 -1.4
    endloop
  endfacet
  facet normal 0 0 -1
    outer loop
      vertex 14.2119 -0.503479 -1.4
      vertex 14.3553 -0.143188 -1.4
      vertex 14.248 -0.523758 -1.4
    endloop
  endfacet
  facet normal 0 0 -1
    outer loop
      vertex 14.1787 -0.478058 -1.4
      vertex 14.3553 -0.143188 -1.4
      vertex 14.2119 -0.503479 -1.4
    endloop
  endfacet
  facet normal -0 0 -1
    outer loop
      vertex 14.3553 -0.143188 -1.4
      vertex 14.1787 -0.478058 -1.4
      vertex 14.3059 -0.13736 -1.4
    endloop
  endfacet
  facet normal 0 0 -1
    outer loop
      vertex 14.1493 -0.448227 -1.4
      vertex 14.3059 -0.13736 -1.4
      vertex 14.1787 -0.478058 -1.4
    endloop
  endfacet
  facet normal 0 0 -1
    outer loop
      vertex 14.1236 -0.413956 -1.4
      vertex 14.3059 -0.13736 -1.4
      vertex 14.1493 -0.448227 -1.4
    endloop
  endfacet
  facet normal -0 0 -1
    outer loop
      vertex 14.3059 -0.13736 -1.4
      vertex 14.1236 -0.413956 -1.4
      vertex 14.2474 -0.133698 -1.4
    endloop
  endfacet
  facet normal 0 0 -1
    outer loop
      vertex 14.1018 -0.375259 -1.4
      vertex 14.2474 -0.133698 -1.4
      vertex 14.1236 -0.413956 -1.4
    endloop
  endfacet
  facet normal 0 0 -1
    outer loop
      vertex 14.0843 -0.333755 -1.4
      vertex 14.2474 -0.133698 -1.4
      vertex 14.1018 -0.375259 -1.4
    endloop
  endfacet
  facet normal 0 0 -1
    outer loop
      vertex 14.0718 -0.291031 -1.4
      vertex 14.2474 -0.133698 -1.4
      vertex 14.0843 -0.333755 -1.4
    endloop
  endfacet
  facet normal 0 0 -1
    outer loop
      vertex 14.0643 -0.247116 -1.4
      vertex 14.2474 -0.133698 -1.4
      vertex 14.0718 -0.291031 -1.4
    endloop
  endfacet
  facet normal 0 0 -1
    outer loop
      vertex 14.0618 -0.201981 -1.4
      vertex 14.2474 -0.133698 -1.4
      vertex 14.0643 -0.247116 -1.4
    endloop
  endfacet
  facet normal -0 0 -1
    outer loop
      vertex 14.2474 -0.133698 -1.4
      vertex 14.0618 -0.201981 -1.4
      vertex 14.0618 -0.131119 -1.4
    endloop
  endfacet
  facet normal 0 0 -1
    outer loop
      vertex 19.7106 -0.137558 -1.4
      vertex 19.8201 0.502792 -1.4
      vertex 20.2414 -0.137558 -1.4
    endloop
  endfacet
  facet normal 0 0 -1
    outer loop
      vertex 19.7106 0.456406 -1.4
      vertex 19.8201 0.502792 -1.4
      vertex 19.7106 -0.137558 -1.4
    endloop
  endfacet
  facet normal 0 0 -1
    outer loop
      vertex 19.7103 0.491913 -1.4
      vertex 19.8201 0.502792 -1.4
      vertex 19.7106 0.456406 -1.4
    endloop
  endfacet
  facet normal 0 0 -1
    outer loop
      vertex 19.7095 0.52887 -1.4
      vertex 19.8201 0.502792 -1.4
      vertex 19.7103 0.491913 -1.4
    endloop
  endfacet
  facet normal 0 0 -1
    outer loop
      vertex 19.8201 0.502792 -1.4
      vertex 19.7095 0.52887 -1.4
      vertex 19.7797 0.567047 -1.4
    endloop
  endfacet
  facet normal 0 0 -1
    outer loop
      vertex 19.7081 0.567276 -1.4
      vertex 19.7797 0.567047 -1.4
      vertex 19.7095 0.52887 -1.4
    endloop
  endfacet
  facet normal 0 0 -1
    outer loop
      vertex 19.7797 0.567047 -1.4
      vertex 19.7081 0.567276 -1.4
      vertex 19.7461 0.62326 -1.4
    endloop
  endfacet
  facet normal 0 0 -1
    outer loop
      vertex 19.7061 0.607132 -1.4
      vertex 19.7461 0.62326 -1.4
      vertex 19.7081 0.567276 -1.4
    endloop
  endfacet
  facet normal 0 0 -1
    outer loop
      vertex 19.704 0.644104 -1.4
      vertex 19.7461 0.62326 -1.4
      vertex 19.7061 0.607132 -1.4
    endloop
  endfacet
  facet normal 0 0 -1
    outer loop
      vertex 19.7461 0.62326 -1.4
      vertex 19.704 0.644104 -1.4
      vertex 19.7192 0.671402 -1.4
    endloop
  endfacet
  facet normal 0 0 -1
    outer loop
      vertex 19.7021 0.673828 -1.4
      vertex 19.7192 0.671402 -1.4
      vertex 19.704 0.644104 -1.4
    endloop
  endfacet
  facet normal 0 0 -1
    outer loop
      vertex 19.7004 0.696289 -1.4
      vertex 19.7192 0.671402 -1.4
      vertex 19.7021 0.673828 -1.4
    endloop
  endfacet
  facet normal 0 0 -1
    outer loop
      vertex 19.7192 0.671402 -1.4
      vertex 19.7004 0.696289 -1.4
      vertex 19.699 0.711502 -1.4
    endloop
  endfacet
  facet normal 0 1 0
    outer loop
      vertex 25.4 1.5 0
      vertex 4.14999 1.5 -0.00999928
      vertex 4.14999 1.5 0
    endloop
  endfacet
  facet normal 0 1 -0
    outer loop
      vertex 25.4 1.5 -1.4
      vertex 4.14999 1.5 -0.00999928
      vertex 25.4 1.5 0
    endloop
  endfacet
  facet normal 0 1 0
    outer loop
      vertex 0 1.5 -1.4
      vertex 4.14999 1.5 -0.00999928
      vertex 25.4 1.5 -1.4
    endloop
  endfacet
  facet normal 0 1 0
    outer loop
      vertex 4.14999 1.5 -0.00999928
      vertex 0 1.5 -1.4
      vertex 0 1.5 -0.00999928
    endloop
  endfacet
  facet normal 0 -1 0
    outer loop
      vertex 0 -1.5 -0.00999928
      vertex 0 -1.5 -1.4
      vertex 4.14999 -1.5 -0.00999928
    endloop
  endfacet
  facet normal 0 -1 0
    outer loop
      vertex 4.14999 -1.5 -0.00999928
      vertex 25.4 -1.5 0
      vertex 4.14999 -1.5 0
    endloop
  endfacet
  facet normal 0 -1 0
    outer loop
      vertex 25.4 -1.5 -1.4
      vertex 4.14999 -1.5 -0.00999928
      vertex 0 -1.5 -1.4
    endloop
  endfacet
  facet normal 0 -1 0
    outer loop
      vertex 4.14999 -1.5 -0.00999928
      vertex 25.4 -1.5 -1.4
      vertex 25.4 -1.5 0
    endloop
  endfacet
  facet normal -1 0 0
    outer loop
      vertex 20.4 2.3 3.6
      vertex 20.4 3 4.4
      vertex 20.4 3 3.6
    endloop
  endfacet
  facet normal -1 -0 0
    outer loop
      vertex 20.4 3 4.4
      vertex 20.4 2.3 3.6
      vertex 20.4 2.3 4.4
    endloop
  endfacet
  facet normal 0 0 -1
    outer loop
      vertex 5 2.3 4.4
      vertex 8.23326 3 4.4
      vertex 8.23326 2.3 4.4
    endloop
  endfacet
  facet normal -0 0 -1
    outer loop
      vertex 8.23326 3 4.4
      vertex 5 2.3 4.4
      vertex 5 3 4.4
    endloop
  endfacet
  facet normal 0 0 -1
    outer loop
      vertex 17.5117 2.3 4.4
      vertex 20.4 3 4.4
      vertex 20.4 2.3 4.4
    endloop
  endfacet
  facet normal -0 0 -1
    outer loop
      vertex 20.4 3 4.4
      vertex 17.5117 2.3 4.4
      vertex 17.5117 3 4.4
    endloop
  endfacet
  facet normal 0 0 -1
    outer loop
      vertex 9.03326 2.3 4.4
      vertex 16.7117 2.82594 4.4
      vertex 16.7117 2.3 4.4
    endloop
  endfacet
  facet normal -0 0 -1
    outer loop
      vertex 16.7117 2.82594 4.4
      vertex 9.03326 2.3 4.4
      vertex 9.03326 2.82594 4.4
    endloop
  endfacet
  facet normal -0 0 1
    outer loop
      vertex 13.7944 3 3.6
      vertex 20.4 2.3 3.6
      vertex 20.4 3 3.6
    endloop
  endfacet
  facet normal 0 0 1
    outer loop
      vertex 20.4 2.3 3.6
      vertex 13.7944 3 3.6
      vertex 13.7944 2.3 3.6
    endloop
  endfacet
  facet normal -0 0 1
    outer loop
      vertex 5 3 3.6
      vertex 12.9944 2.3 3.6
      vertex 12.9944 3 3.6
    endloop
  endfacet
  facet normal 0 0 1
    outer loop
      vertex 12.9944 2.3 3.6
      vertex 5 3 3.6
      vertex 5 2.3 3.6
    endloop
  endfacet
  facet normal 1 -0 0
    outer loop
      vertex 5 2.3 4.4
      vertex 5 3 3.6
      vertex 5 3 4.4
    endloop
  endfacet
  facet normal 1 0 0
    outer loop
      vertex 5 3 3.6
      vertex 5 2.3 4.4
      vertex 5 2.3 3.6
    endloop
  endfacet
  facet normal 0 1 -0
    outer loop
      vertex 10.7088 2.3 35.6
      vertex 9.27828 2.3 36.4
      vertex 10.7088 2.3 36.4
    endloop
  endfacet
  facet normal 0 1 0
    outer loop
      vertex 9.27828 2.3 36.4
      vertex 10.7088 2.3 35.6
      vertex 8.47828 2.3 36.4
    endloop
  endfacet
  facet normal 0 1 0
    outer loop
      vertex 5 2.3 35.6
      vertex 8.47828 2.3 36.4
      vertex 10.7088 2.3 35.6
    endloop
  endfacet
  facet normal 0 1 0
    outer loop
      vertex 8.47828 2.3 36.4
      vertex 5 2.3 35.6
      vertex 5 2.3 36.4
    endloop
  endfacet
  facet normal 0 1 -0
    outer loop
      vertex 20.4 2.3 35.6
      vertex 17.6496 2.3 36.4
      vertex 20.4 2.3 36.4
    endloop
  endfacet
  facet normal 0 1 0
    outer loop
      vertex 14.6912 2.3 35.6
      vertex 17.6496 2.3 36.4
      vertex 20.4 2.3 35.6
    endloop
  endfacet
  facet normal 0 1 0
    outer loop
      vertex 17.6496 2.3 36.4
      vertex 14.6912 2.3 35.6
      vertex 16.8496 2.3 36.4
    endloop
  endfacet
  facet normal 0 1 0
    outer loop
      vertex 16.8496 2.3 36.4
      vertex 14.6912 2.3 35.6
      vertex 14.6912 2.3 36.4
    endloop
  endfacet
  facet normal 0 1 -0
    outer loop
      vertex 9.27828 2.3 36.4
      vertex 8.47828 2.3 39.6
      vertex 9.27828 2.3 39.6
    endloop
  endfacet
  facet normal 0 1 0
    outer loop
      vertex 8.47828 2.3 39.6
      vertex 9.27828 2.3 36.4
      vertex 8.47828 2.3 36.4
    endloop
  endfacet
  facet normal 0 1 -0
    outer loop
      vertex 17.6496 2.3 36.4
      vertex 16.8496 2.3 39.6
      vertex 17.6496 2.3 39.6
    endloop
  endfacet
  facet normal 0 1 0
    outer loop
      vertex 16.8496 2.3 39.6
      vertex 17.6496 2.3 36.4
      vertex 16.8496 2.3 36.4
    endloop
  endfacet
  facet normal 0 1 -0
    outer loop
      vertex 16.8496 2.3 39.6
      vertex 13.5687 2.3 40.4
      vertex 20.4 2.3 40.4
    endloop
  endfacet
  facet normal 0 1 0
    outer loop
      vertex 13.5687 2.3 40.4
      vertex 16.8496 2.3 39.6
      vertex 12.7687 2.3 40.4
    endloop
  endfacet
  facet normal 0 1 0
    outer loop
      vertex 17.6496 2.3 39.6
      vertex 20.4 2.3 40.4
      vertex 20.4 2.3 39.6
    endloop
  endfacet
  facet normal 0 1 0
    outer loop
      vertex 16.8496 2.3 39.6
      vertex 20.4 2.3 40.4
      vertex 17.6496 2.3 39.6
    endloop
  endfacet
  facet normal 0 1 0
    outer loop
      vertex 12.7687 2.3 40.4
      vertex 16.8496 2.3 39.6
      vertex 9.27828 2.3 39.6
    endloop
  endfacet
  facet normal 0 1 0
    outer loop
      vertex 12.7687 2.3 40.4
      vertex 9.27828 2.3 39.6
      vertex 5 2.3 40.4
    endloop
  endfacet
  facet normal 0 1 -0
    outer loop
      vertex 8.47828 2.3 39.6
      vertex 5 2.3 40.4
      vertex 9.27828 2.3 39.6
    endloop
  endfacet
  facet normal 0 1 0
    outer loop
      vertex 5 2.3 40.4
      vertex 8.47828 2.3 39.6
      vertex 5 2.3 39.6
    endloop
  endfacet
  facet normal 0 1 -0
    outer loop
      vertex 13.5687 2.3 40.4
      vertex 12.7687 2.3 43.6
      vertex 13.5687 2.3 43.6
    endloop
  endfacet
  facet normal 0 1 0
    outer loop
      vertex 12.7687 2.3 43.6
      vertex 13.5687 2.3 40.4
      vertex 12.7687 2.3 40.4
    endloop
  endfacet
  facet normal 0 1 -0
    outer loop
      vertex 20.4 2.3 43.6
      vertex 17.2769 2.3 44.4
      vertex 20.4 2.3 44.4
    endloop
  endfacet
  facet normal 0 1 0
    outer loop
      vertex 13.5687 2.3 43.6
      vertex 17.2769 2.3 44.4
      vertex 20.4 2.3 43.6
    endloop
  endfacet
  facet normal 0 1 0
    outer loop
      vertex 12.7687 2.3 43.6
      vertex 16.4769 2.3 44.4
      vertex 13.5687 2.3 43.6
    endloop
  endfacet
  facet normal 0 1 0
    outer loop
      vertex 16.4769 2.3 44.4
      vertex 12.7687 2.3 43.6
      vertex 9.10188 2.3 44.4
    endloop
  endfacet
  facet normal 0 1 0
    outer loop
      vertex 17.2769 2.3 44.4
      vertex 13.5687 2.3 43.6
      vertex 16.4769 2.3 44.4
    endloop
  endfacet
  facet normal 0 1 0
    outer loop
      vertex 5 2.3 43.6
      vertex 9.10188 2.3 44.4
      vertex 12.7687 2.3 43.6
    endloop
  endfacet
  facet normal 0 1 0
    outer loop
      vertex 9.10188 2.3 44.4
      vertex 5 2.3 43.6
      vertex 8.30188 2.3 44.4
    endloop
  endfacet
  facet normal 0 1 0
    outer loop
      vertex 8.30188 2.3 44.4
      vertex 5 2.3 43.6
      vertex 5 2.3 44.4
    endloop
  endfacet
  facet normal 0 1 -0
    outer loop
      vertex 17.2769 2.3 44.4
      vertex 16.4769 2.3 48
      vertex 17.2769 2.3 48
    endloop
  endfacet
  facet normal 0 1 0
    outer loop
      vertex 16.4769 2.3 48
      vertex 17.2769 2.3 44.4
      vertex 16.4769 2.3 44.4
    endloop
  endfacet
  facet normal 0 1 -0
    outer loop
      vertex 9.10188 2.3 44.4
      vertex 8.30188 2.3 48
      vertex 9.10188 2.3 48
    endloop
  endfacet
  facet normal 0 1 0
    outer loop
      vertex 8.30188 2.3 48
      vertex 9.10188 2.3 44.4
      vertex 8.30188 2.3 44.4
    endloop
  endfacet
  facet normal 0 1 -0
    outer loop
      vertex 10.7088 2.3 19.6
      vertex 9.7266 2.3 20.4
      vertex 10.7088 2.3 20.4
    endloop
  endfacet
  facet normal 0 1 0
    outer loop
      vertex 9.7266 2.3 20.4
      vertex 10.7088 2.3 19.6
      vertex 8.9266 2.3 20.4
    endloop
  endfacet
  facet normal 0 1 0
    outer loop
      vertex 5 2.3 19.6
      vertex 8.9266 2.3 20.4
      vertex 10.7088 2.3 19.6
    endloop
  endfacet
  facet normal 0 1 0
    outer loop
      vertex 8.9266 2.3 20.4
      vertex 5 2.3 19.6
      vertex 5 2.3 20.4
    endloop
  endfacet
  facet normal 0 1 -0
    outer loop
      vertex 9.7266 2.3 20.4
      vertex 8.9266 2.3 23.6
      vertex 9.7266 2.3 23.6
    endloop
  endfacet
  facet normal 0 1 0
    outer loop
      vertex 8.9266 2.3 23.6
      vertex 9.7266 2.3 20.4
      vertex 8.9266 2.3 20.4
    endloop
  endfacet
  facet normal 0 1 0
    outer loop
      vertex 9.7266 2.3 23.6
      vertex 10.7088 2.3 24.4
      vertex 10.7088 2.3 23.6
    endloop
  endfacet
  facet normal 0 1 0
    outer loop
      vertex 8.9266 2.3 23.6
      vertex 10.7088 2.3 24.4
      vertex 9.7266 2.3 23.6
    endloop
  endfacet
  facet normal 0 1 0
    outer loop
      vertex 10.7088 2.3 24.4
      vertex 8.9266 2.3 23.6
      vertex 5 2.3 24.4
    endloop
  endfacet
  facet normal 0 1 0
    outer loop
      vertex 5 2.3 24.4
      vertex 8.9266 2.3 23.6
      vertex 5 2.3 23.6
    endloop
  endfacet
  facet normal 0 1 -0
    outer loop
      vertex 20.4 2.3 19.6
      vertex 17.1453 2.3 20.4
      vertex 20.4 2.3 20.4
    endloop
  endfacet
  facet normal 0 1 0
    outer loop
      vertex 14.6912 2.3 19.6
      vertex 17.1453 2.3 20.4
      vertex 20.4 2.3 19.6
    endloop
  endfacet
  facet normal 0 1 0
    outer loop
      vertex 17.1453 2.3 20.4
      vertex 14.6912 2.3 19.6
      vertex 16.3453 2.3 20.4
    endloop
  endfacet
  facet normal 0 1 0
    outer loop
      vertex 16.3453 2.3 20.4
      vertex 14.6912 2.3 19.6
      vertex 14.6912 2.3 20.4
    endloop
  endfacet
  facet normal 0 1 -0
    outer loop
      vertex 17.1453 2.3 20.4
      vertex 16.3453 2.3 23.6
      vertex 17.1453 2.3 23.6
    endloop
  endfacet
  facet normal 0 1 0
    outer loop
      vertex 16.3453 2.3 23.6
      vertex 17.1453 2.3 20.4
      vertex 16.3453 2.3 20.4
    endloop
  endfacet
  facet normal 0 1 0
    outer loop
      vertex 17.1453 2.3 23.6
      vertex 20.4 2.3 24.4
      vertex 20.4 2.3 23.6
    endloop
  endfacet
  facet normal 0 1 0
    outer loop
      vertex 20.4 2.3 24.4
      vertex 17.1453 2.3 23.6
      vertex 14.6912 2.3 24.4
    endloop
  endfacet
  facet normal 0 1 -0
    outer loop
      vertex 16.3453 2.3 23.6
      vertex 14.6912 2.3 24.4
      vertex 17.1453 2.3 23.6
    endloop
  endfacet
  facet normal 0 1 0
    outer loop
      vertex 14.6912 2.3 24.4
      vertex 16.3453 2.3 23.6
      vertex 14.6912 2.3 23.6
    endloop
  endfacet
  facet normal 0 1 -0
    outer loop
      vertex 10.7088 2.3 27.6
      vertex 9.15274 2.3 28.4
      vertex 10.7088 2.3 28.4
    endloop
  endfacet
  facet normal 0 1 0
    outer loop
      vertex 9.15274 2.3 28.4
      vertex 10.7088 2.3 27.6
      vertex 8.35274 2.3 28.4
    endloop
  endfacet
  facet normal 0 1 0
    outer loop
      vertex 5 2.3 27.6
      vertex 8.35274 2.3 28.4
      vertex 10.7088 2.3 27.6
    endloop
  endfacet
  facet normal 0 1 0
    outer loop
      vertex 8.35274 2.3 28.4
      vertex 5 2.3 27.6
      vertex 5 2.3 28.4
    endloop
  endfacet
  facet normal 0 1 -0
    outer loop
      vertex 9.15274 2.3 28.4
      vertex 8.35274 2.3 31.6
      vertex 9.15274 2.3 31.6
    endloop
  endfacet
  facet normal 0 1 0
    outer loop
      vertex 8.35274 2.3 31.6
      vertex 9.15274 2.3 28.4
      vertex 8.35274 2.3 28.4
    endloop
  endfacet
  facet normal 0 1 0
    outer loop
      vertex 9.15274 2.3 31.6
      vertex 10.7088 2.3 32.4
      vertex 10.7088 2.3 31.6
    endloop
  endfacet
  facet normal 0 1 0
    outer loop
      vertex 8.35274 2.3 31.6
      vertex 10.7088 2.3 32.4
      vertex 9.15274 2.3 31.6
    endloop
  endfacet
  facet normal 0 1 0
    outer loop
      vertex 10.7088 2.3 32.4
      vertex 8.35274 2.3 31.6
      vertex 5 2.3 32.4
    endloop
  endfacet
  facet normal 0 1 0
    outer loop
      vertex 5 2.3 32.4
      vertex 8.35274 2.3 31.6
      vertex 5 2.3 31.6
    endloop
  endfacet
  facet normal 0 1 -0
    outer loop
      vertex 20.4 2.3 27.6
      vertex 17.6229 2.3 28.4
      vertex 20.4 2.3 28.4
    endloop
  endfacet
  facet normal 0 1 0
    outer loop
      vertex 14.6912 2.3 27.6
      vertex 17.6229 2.3 28.4
      vertex 20.4 2.3 27.6
    endloop
  endfacet
  facet normal 0 1 0
    outer loop
      vertex 17.6229 2.3 28.4
      vertex 14.6912 2.3 27.6
      vertex 16.8229 2.3 28.4
    endloop
  endfacet
  facet normal 0 1 0
    outer loop
      vertex 16.8229 2.3 28.4
      vertex 14.6912 2.3 27.6
      vertex 14.6912 2.3 28.4
    endloop
  endfacet
  facet normal 0 1 -0
    outer loop
      vertex 17.6229 2.3 28.4
      vertex 16.8229 2.3 31.6
      vertex 17.6229 2.3 31.6
    endloop
  endfacet
  facet normal 0 1 0
    outer loop
      vertex 16.8229 2.3 31.6
      vertex 17.6229 2.3 28.4
      vertex 16.8229 2.3 28.4
    endloop
  endfacet
  facet normal 0 1 0
    outer loop
      vertex 17.6229 2.3 31.6
      vertex 20.4 2.3 32.4
      vertex 20.4 2.3 31.6
    endloop
  endfacet
  facet normal 0 1 0
    outer loop
      vertex 20.4 2.3 32.4
      vertex 17.6229 2.3 31.6
      vertex 14.6912 2.3 32.4
    endloop
  endfacet
  facet normal 0 1 -0
    outer loop
      vertex 16.8229 2.3 31.6
      vertex 14.6912 2.3 32.4
      vertex 17.6229 2.3 31.6
    endloop
  endfacet
  facet normal 0 1 0
    outer loop
      vertex 14.6912 2.3 32.4
      vertex 16.8229 2.3 31.6
      vertex 14.6912 2.3 31.6
    endloop
  endfacet
  facet normal 0 1 -0
    outer loop
      vertex 13.7944 2.3 0
      vertex 12.9944 2.3 3.6
      vertex 13.7944 2.3 3.6
    endloop
  endfacet
  facet normal 0 1 0
    outer loop
      vertex 12.9944 2.3 3.6
      vertex 13.7944 2.3 0
      vertex 12.9944 2.3 0
    endloop
  endfacet
  facet normal 0 1 -0
    outer loop
      vertex 20.4 2.3 3.6
      vertex 17.5117 2.3 4.4
      vertex 20.4 2.3 4.4
    endloop
  endfacet
  facet normal 0 1 0
    outer loop
      vertex 17.5117 2.3 4.4
      vertex 20.4 2.3 3.6
      vertex 16.7117 2.3 4.4
    endloop
  endfacet
  facet normal 0 1 0
    outer loop
      vertex 12.9944 2.3 3.6
      vertex 16.7117 2.3 4.4
      vertex 13.7944 2.3 3.6
    endloop
  endfacet
  facet normal 0 1 0
    outer loop
      vertex 16.7117 2.3 4.4
      vertex 12.9944 2.3 3.6
      vertex 9.03326 2.3 4.4
    endloop
  endfacet
  facet normal 0 1 0
    outer loop
      vertex 16.7117 2.3 4.4
      vertex 20.4 2.3 3.6
      vertex 13.7944 2.3 3.6
    endloop
  endfacet
  facet normal 0 1 0
    outer loop
      vertex 5 2.3 3.6
      vertex 9.03326 2.3 4.4
      vertex 12.9944 2.3 3.6
    endloop
  endfacet
  facet normal 0 1 0
    outer loop
      vertex 9.03326 2.3 4.4
      vertex 5 2.3 3.6
      vertex 8.23326 2.3 4.4
    endloop
  endfacet
  facet normal 0 1 0
    outer loop
      vertex 8.23326 2.3 4.4
      vertex 5 2.3 3.6
      vertex 5 2.3 4.4
    endloop
  endfacet
  facet normal 0 1 -0
    outer loop
      vertex 9.03326 2.3 4.4
      vertex 8.23326 2.3 7.6
      vertex 9.03326 2.3 7.6
    endloop
  endfacet
  facet normal 0 1 0
    outer loop
      vertex 8.23326 2.3 7.6
      vertex 9.03326 2.3 4.4
      vertex 8.23326 2.3 4.4
    endloop
  endfacet
  facet normal 0 1 -0
    outer loop
      vertex 17.5117 2.3 4.4
      vertex 16.7117 2.3 7.6
      vertex 17.5117 2.3 7.6
    endloop
  endfacet
  facet normal 0 1 0
    outer loop
      vertex 16.7117 2.3 7.6
      vertex 17.5117 2.3 4.4
      vertex 16.7117 2.3 4.4
    endloop
  endfacet
  facet normal 0 1 -0
    outer loop
      vertex 16.7117 2.3 7.6
      vertex 13.4323 2.3 8.4
      vertex 20.4 2.3 8.4
    endloop
  endfacet
  facet normal 0 1 0
    outer loop
      vertex 13.4323 2.3 8.4
      vertex 16.7117 2.3 7.6
      vertex 12.6323 2.3 8.4
    endloop
  endfacet
  facet normal 0 1 0
    outer loop
      vertex 17.5117 2.3 7.6
      vertex 20.4 2.3 8.4
      vertex 20.4 2.3 7.6
    endloop
  endfacet
  facet normal 0 1 0
    outer loop
      vertex 16.7117 2.3 7.6
      vertex 20.4 2.3 8.4
      vertex 17.5117 2.3 7.6
    endloop
  endfacet
  facet normal 0 1 0
    outer loop
      vertex 12.6323 2.3 8.4
      vertex 16.7117 2.3 7.6
      vertex 9.03326 2.3 7.6
    endloop
  endfacet
  facet normal 0 1 0
    outer loop
      vertex 12.6323 2.3 8.4
      vertex 9.03326 2.3 7.6
      vertex 5 2.3 8.4
    endloop
  endfacet
  facet normal 0 1 -0
    outer loop
      vertex 8.23326 2.3 7.6
      vertex 5 2.3 8.4
      vertex 9.03326 2.3 7.6
    endloop
  endfacet
  facet normal 0 1 0
    outer loop
      vertex 5 2.3 8.4
      vertex 8.23326 2.3 7.6
      vertex 5 2.3 7.6
    endloop
  endfacet
  facet normal 0 1 -0
    outer loop
      vertex 13.4323 2.3 8.4
      vertex 12.6323 2.3 11.6
      vertex 13.4323 2.3 11.6
    endloop
  endfacet
  facet normal 0 1 0
    outer loop
      vertex 12.6323 2.3 11.6
      vertex 13.4323 2.3 8.4
      vertex 12.6323 2.3 8.4
    endloop
  endfacet
  facet normal 0 1 -0
    outer loop
      vertex 20.4 2.3 11.6
      vertex 17.0457 2.3 12.4
      vertex 20.4 2.3 12.4
    endloop
  endfacet
  facet normal 0 1 0
    outer loop
      vertex 13.4323 2.3 11.6
      vertex 17.0457 2.3 12.4
      vertex 20.4 2.3 11.6
    endloop
  endfacet
  facet normal 0 1 0
    outer loop
      vertex 16.2457 2.3 12.4
      vertex 13.4323 2.3 11.6
      vertex 9.74741 2.3 12.4
    endloop
  endfacet
  facet normal 0 1 -0
    outer loop
      vertex 12.6323 2.3 11.6
      vertex 9.74741 2.3 12.4
      vertex 13.4323 2.3 11.6
    endloop
  endfacet
  facet normal 0 1 0
    outer loop
      vertex 17.0457 2.3 12.4
      vertex 13.4323 2.3 11.6
      vertex 16.2457 2.3 12.4
    endloop
  endfacet
  facet normal 0 1 0
    outer loop
      vertex 9.74741 2.3 12.4
      vertex 12.6323 2.3 11.6
      vertex 8.94741 2.3 12.4
    endloop
  endfacet
  facet normal 0 1 0
    outer loop
      vertex 5 2.3 11.6
      vertex 8.94741 2.3 12.4
      vertex 12.6323 2.3 11.6
    endloop
  endfacet
  facet normal 0 1 0
    outer loop
      vertex 8.94741 2.3 12.4
      vertex 5 2.3 11.6
      vertex 5 2.3 12.4
    endloop
  endfacet
  facet normal 0 1 -0
    outer loop
      vertex 17.0457 2.3 12.4
      vertex 16.2457 2.3 15.6
      vertex 17.0457 2.3 15.6
    endloop
  endfacet
  facet normal 0 1 0
    outer loop
      vertex 16.2457 2.3 15.6
      vertex 17.0457 2.3 12.4
      vertex 16.2457 2.3 12.4
    endloop
  endfacet
  facet normal 0 1 0
    outer loop
      vertex 17.0457 2.3 15.6
      vertex 20.4 2.3 16.4
      vertex 20.4 2.3 15.6
    endloop
  endfacet
  facet normal 0 1 0
    outer loop
      vertex 20.4 2.3 16.4
      vertex 17.0457 2.3 15.6
      vertex 14.6912 2.3 16.4
    endloop
  endfacet
  facet normal 0 1 -0
    outer loop
      vertex 16.2457 2.3 15.6
      vertex 14.6912 2.3 16.4
      vertex 17.0457 2.3 15.6
    endloop
  endfacet
  facet normal 0 1 0
    outer loop
      vertex 14.6912 2.3 16.4
      vertex 16.2457 2.3 15.6
      vertex 14.6912 2.3 15.6
    endloop
  endfacet
  facet normal 0 1 -0
    outer loop
      vertex 9.74741 2.3 12.4
      vertex 8.94741 2.3 15.6
      vertex 9.74741 2.3 15.6
    endloop
  endfacet
  facet normal 0 1 0
    outer loop
      vertex 8.94741 2.3 15.6
      vertex 9.74741 2.3 12.4
      vertex 8.94741 2.3 12.4
    endloop
  endfacet
  facet normal 0 1 0
    outer loop
      vertex 9.74741 2.3 15.6
      vertex 10.7088 2.3 16.4
      vertex 10.7088 2.3 15.6
    endloop
  endfacet
  facet normal 0 1 0
    outer loop
      vertex 8.94741 2.3 15.6
      vertex 10.7088 2.3 16.4
      vertex 9.74741 2.3 15.6
    endloop
  endfacet
  facet normal 0 1 0
    outer loop
      vertex 10.7088 2.3 16.4
      vertex 8.94741 2.3 15.6
      vertex 5 2.3 16.4
    endloop
  endfacet
  facet normal 0 1 0
    outer loop
      vertex 5 2.3 16.4
      vertex 8.94741 2.3 15.6
      vertex 5 2.3 15.6
    endloop
  endfacet
  facet normal -1 0 0
    outer loop
      vertex 20.4 2.3 15.6
      vertex 20.4 2.79111 16.4
      vertex 20.4 2.82121 15.6
    endloop
  endfacet
  facet normal -1 -0 0
    outer loop
      vertex 20.4 2.79111 16.4
      vertex 20.4 2.3 15.6
      vertex 20.4 2.3 16.4
    endloop
  endfacet
  facet normal -1 0 0
    outer loop
      vertex 20.4 3 7.6
      vertex 20.4 2.82121 12.4
      vertex 20.4 3 20.4
    endloop
  endfacet
  facet normal -1 0 0
    outer loop
      vertex 20.4 2.78352 11.6
      vertex 20.4 3 7.6
      vertex 20.4 2.78352 8.4
    endloop
  endfacet
  facet normal -1 0 0
    outer loop
      vertex 20.4 2.3 7.6
      vertex 20.4 2.78352 8.4
      vertex 20.4 3 7.6
    endloop
  endfacet
  facet normal -1 -0 0
    outer loop
      vertex 20.4 2.78352 8.4
      vertex 20.4 2.3 7.6
      vertex 20.4 2.3 8.4
    endloop
  endfacet
  facet normal -1 0 0
    outer loop
      vertex 20.4 2.82121 15.6
      vertex 20.4 3 20.4
      vertex 20.4 2.82121 12.4
    endloop
  endfacet
  facet normal -1 0 0
    outer loop
      vertex 20.4 2.79111 16.4
      vertex 20.4 3 20.4
      vertex 20.4 2.82121 15.6
    endloop
  endfacet
  facet normal -1 0 0
    outer loop
      vertex 20.4 2.79111 19.6
      vertex 20.4 3 20.4
      vertex 20.4 2.79111 16.4
    endloop
  endfacet
  facet normal -1 0 0
    outer loop
      vertex 20.4 2.3 20.4
      vertex 20.4 2.79111 19.6
      vertex 20.4 2.3 19.6
    endloop
  endfacet
  facet normal -1 0 0
    outer loop
      vertex 20.4 2.79111 19.6
      vertex 20.4 2.3 20.4
      vertex 20.4 3 20.4
    endloop
  endfacet
  facet normal -1 0 0
    outer loop
      vertex 20.4 3 7.6
      vertex 20.4 2.78352 11.6
      vertex 20.4 2.82121 12.4
    endloop
  endfacet
  facet normal -1 0 0
    outer loop
      vertex 20.4 2.3 12.4
      vertex 20.4 2.78352 11.6
      vertex 20.4 2.3 11.6
    endloop
  endfacet
  facet normal -1 0 0
    outer loop
      vertex 20.4 2.78352 11.6
      vertex 20.4 2.3 12.4
      vertex 20.4 2.82121 12.4
    endloop
  endfacet
  facet normal 0 0 -1
    outer loop
      vertex 5 2.3 8.4
      vertex 12.6323 3 8.4
      vertex 12.6323 2.3 8.4
    endloop
  endfacet
  facet normal -0 0 -1
    outer loop
      vertex 12.6323 3 8.4
      vertex 5 2.3 8.4
      vertex 5 3 8.4
    endloop
  endfacet
  facet normal 0 0 -1
    outer loop
      vertex 13.4323 2.3 8.4
      vertex 20.4 2.78352 8.4
      vertex 20.4 2.3 8.4
    endloop
  endfacet
  facet normal -0 0 -1
    outer loop
      vertex 20.4 2.78352 8.4
      vertex 13.4323 2.3 8.4
      vertex 13.4323 2.78352 8.4
    endloop
  endfacet
  facet normal -0 0 1
    outer loop
      vertex 17.5117 3 7.6
      vertex 20.4 2.3 7.6
      vertex 20.4 3 7.6
    endloop
  endfacet
  facet normal 0 0 1
    outer loop
      vertex 20.4 2.3 7.6
      vertex 17.5117 3 7.6
      vertex 17.5117 2.3 7.6
    endloop
  endfacet
  facet normal -0 0 1
    outer loop
      vertex 5 3 7.6
      vertex 8.23326 2.3 7.6
      vertex 8.23326 3 7.6
    endloop
  endfacet
  facet normal 0 0 1
    outer loop
      vertex 8.23326 2.3 7.6
      vertex 5 3 7.6
      vertex 5 2.3 7.6
    endloop
  endfacet
  facet normal -0 0 1
    outer loop
      vertex 9.03326 2.82594 7.6
      vertex 16.7117 2.3 7.6
      vertex 16.7117 2.82594 7.6
    endloop
  endfacet
  facet normal 0 0 1
    outer loop
      vertex 16.7117 2.3 7.6
      vertex 9.03326 2.82594 7.6
      vertex 9.03326 2.3 7.6
    endloop
  endfacet
  facet normal 1 -0 0
    outer loop
      vertex 5 2.3 8.4
      vertex 5 3 7.6
      vertex 5 3 8.4
    endloop
  endfacet
  facet normal 1 0 0
    outer loop
      vertex 5 3 7.6
      vertex 5 2.3 8.4
      vertex 5 2.3 7.6
    endloop
  endfacet
  facet normal 0 0 -1
    outer loop
      vertex 5 2.3 12.4
      vertex 8.94741 3 12.4
      vertex 8.94741 2.3 12.4
    endloop
  endfacet
  facet normal -0 0 -1
    outer loop
      vertex 8.94741 3 12.4
      vertex 5 2.3 12.4
      vertex 5 3 12.4
    endloop
  endfacet
  facet normal 0 0 -1
    outer loop
      vertex 17.0457 2.3 12.4
      vertex 20.4 2.82121 12.4
      vertex 20.4 2.3 12.4
    endloop
  endfacet
  facet normal -0 0 -1
    outer loop
      vertex 20.4 2.82121 12.4
      vertex 17.0457 2.3 12.4
      vertex 17.0457 2.82121 12.4
    endloop
  endfacet
  facet normal 0 0 -1
    outer loop
      vertex 9.74741 2.3 12.4
      vertex 16.2457 2.74545 12.4
      vertex 16.2457 2.3 12.4
    endloop
  endfacet
  facet normal -0 0 -1
    outer loop
      vertex 16.2457 2.74545 12.4
      vertex 9.74741 2.3 12.4
      vertex 9.74741 2.74545 12.4
    endloop
  endfacet
  facet normal -0 0 1
    outer loop
      vertex 13.4323 2.78352 11.6
      vertex 20.4 2.3 11.6
      vertex 20.4 2.78352 11.6
    endloop
  endfacet
  facet normal 0 0 1
    outer loop
      vertex 20.4 2.3 11.6
      vertex 13.4323 2.78352 11.6
      vertex 13.4323 2.3 11.6
    endloop
  endfacet
  facet normal -0 0 1
    outer loop
      vertex 5 3 11.6
      vertex 12.6323 2.3 11.6
      vertex 12.6323 3 11.6
    endloop
  endfacet
  facet normal 0 0 1
    outer loop
      vertex 12.6323 2.3 11.6
      vertex 5 3 11.6
      vertex 5 2.3 11.6
    endloop
  endfacet
  facet normal 1 -0 0
    outer loop
      vertex 5 2.3 12.4
      vertex 5 3 11.6
      vertex 5 3 12.4
    endloop
  endfacet
  facet normal 1 0 0
    outer loop
      vertex 5 3 11.6
      vertex 5 2.3 12.4
      vertex 5 2.3 11.6
    endloop
  endfacet
  facet normal 0 0 -1
    outer loop
      vertex 5 2.81123 16.4
      vertex 10.7088 2.3 16.4
      vertex 5 2.3 16.4
    endloop
  endfacet
  facet normal 0 0 -1
    outer loop
      vertex 10.7088 2.3 16.4
      vertex 5 2.81123 16.4
      vertex 11.0625 2.81123 16.4
    endloop
  endfacet
  facet normal 0 0 -1
    outer loop
      vertex 14.6912 2.3 16.4
      vertex 20.4 2.79111 16.4
      vertex 20.4 2.3 16.4
    endloop
  endfacet
  facet normal -0 0 -1
    outer loop
      vertex 20.4 2.79111 16.4
      vertex 14.6912 2.3 16.4
      vertex 14.3514 2.79111 16.4
    endloop
  endfacet
  facet normal -0 0 1
    outer loop
      vertex 17.0457 2.82121 15.6
      vertex 20.4 2.3 15.6
      vertex 20.4 2.82121 15.6
    endloop
  endfacet
  facet normal 0 0 1
    outer loop
      vertex 20.4 2.3 15.6
      vertex 17.0457 2.82121 15.6
      vertex 17.0457 2.3 15.6
    endloop
  endfacet
  facet normal -0 0 1
    outer loop
      vertex 5 3 15.6
      vertex 8.94741 2.3 15.6
      vertex 8.94741 3 15.6
    endloop
  endfacet
  facet normal 0 0 1
    outer loop
      vertex 8.94741 2.3 15.6
      vertex 5 3 15.6
      vertex 5 2.3 15.6
    endloop
  endfacet
  facet normal -0 0 1
    outer loop
      vertex 9.74741 2.74545 15.6
      vertex 10.7088 2.3 15.6
      vertex 11.017 2.74545 15.6
    endloop
  endfacet
  facet normal 0 0 1
    outer loop
      vertex 10.7088 2.3 15.6
      vertex 9.74741 2.74545 15.6
      vertex 9.74741 2.3 15.6
    endloop
  endfacet
  facet normal 0 0 1
    outer loop
      vertex 16.2457 2.74545 15.6
      vertex 14.6912 2.3 15.6
      vertex 16.2457 2.3 15.6
    endloop
  endfacet
  facet normal 0 -0 1
    outer loop
      vertex 14.6912 2.3 15.6
      vertex 16.2457 2.74545 15.6
      vertex 14.383 2.74545 15.6
    endloop
  endfacet
  facet normal 1 0 0
    outer loop
      vertex 5 3 20.4
      vertex 5 2.81123 19.6
      vertex 5 3 15.6
    endloop
  endfacet
  facet normal 1 -0 0
    outer loop
      vertex 5 2.3 20.4
      vertex 5 2.81123 19.6
      vertex 5 3 20.4
    endloop
  endfacet
  facet normal 1 0 0
    outer loop
      vertex 5 2.81123 19.6
      vertex 5 2.3 20.4
      vertex 5 2.3 19.6
    endloop
  endfacet
  facet normal 1 -0 0
    outer loop
      vertex 5 2.81123 16.4
      vertex 5 3 15.6
      vertex 5 2.81123 19.6
    endloop
  endfacet
  facet normal 1 0 0
    outer loop
      vertex 5 2.3 15.6
      vertex 5 2.81123 16.4
      vertex 5 2.3 16.4
    endloop
  endfacet
  facet normal 1 0 0
    outer loop
      vertex 5 2.81123 16.4
      vertex 5 2.3 15.6
      vertex 5 3 15.6
    endloop
  endfacet
  facet normal 0 0 -1
    outer loop
      vertex 5 2.3 20.4
      vertex 8.9266 3 20.4
      vertex 8.9266 2.3 20.4
    endloop
  endfacet
  facet normal -0 0 -1
    outer loop
      vertex 8.9266 3 20.4
      vertex 5 2.3 20.4
      vertex 5 3 20.4
    endloop
  endfacet
  facet normal 0 0 -1
    outer loop
      vertex 17.1453 2.3 20.4
      vertex 20.4 3 20.4
      vertex 20.4 2.3 20.4
    endloop
  endfacet
  facet normal -0 0 -1
    outer loop
      vertex 20.4 3 20.4
      vertex 17.1453 2.3 20.4
      vertex 17.1453 3 20.4
    endloop
  endfacet
  facet normal 0 0 -1
    outer loop
      vertex 9.7266 2.79911 20.4
      vertex 10.7088 2.3 20.4
      vertex 9.7266 2.3 20.4
    endloop
  endfacet
  facet normal 0 0 -1
    outer loop
      vertex 10.7088 2.3 20.4
      vertex 9.7266 2.79911 20.4
      vertex 11.0541 2.79911 20.4
    endloop
  endfacet
  facet normal 0 0 -1
    outer loop
      vertex 14.6912 2.3 20.4
      vertex 16.3453 2.79911 20.4
      vertex 16.3453 2.3 20.4
    endloop
  endfacet
  facet normal -0 0 -1
    outer loop
      vertex 16.3453 2.79911 20.4
      vertex 14.6912 2.3 20.4
      vertex 14.3459 2.79911 20.4
    endloop
  endfacet
  facet normal 0 0 1
    outer loop
      vertex 20.4 2.79111 19.6
      vertex 14.6912 2.3 19.6
      vertex 20.4 2.3 19.6
    endloop
  endfacet
  facet normal 0 -0 1
    outer loop
      vertex 14.6912 2.3 19.6
      vertex 20.4 2.79111 19.6
      vertex 14.3514 2.79111 19.6
    endloop
  endfacet
  facet normal -0 0 1
    outer loop
      vertex 5 2.81123 19.6
      vertex 10.7088 2.3 19.6
      vertex 11.0625 2.81123 19.6
    endloop
  endfacet
  facet normal 0 0 1
    outer loop
      vertex 10.7088 2.3 19.6
      vertex 5 2.81123 19.6
      vertex 5 2.3 19.6
    endloop
  endfacet
  facet normal -1 0 0
    outer loop
      vertex 20.4 2.3 23.6
      vertex 20.4 3 24.4
      vertex 20.4 3 23.6
    endloop
  endfacet
  facet normal -1 -0 0
    outer loop
      vertex 20.4 3 24.4
      vertex 20.4 2.3 23.6
      vertex 20.4 2.3 24.4
    endloop
  endfacet
  facet normal 0 0 -1
    outer loop
      vertex 5 3 24.4
      vertex 10.7088 2.3 24.4
      vertex 5 2.3 24.4
    endloop
  endfacet
  facet normal 0 0 -1
    outer loop
      vertex 10.7088 2.3 24.4
      vertex 5 3 24.4
      vertex 11.1931 3 24.4
    endloop
  endfacet
  facet normal 0 0 -1
    outer loop
      vertex 14.6912 2.3 24.4
      vertex 20.4 3 24.4
      vertex 20.4 2.3 24.4
    endloop
  endfacet
  facet normal -0 0 -1
    outer loop
      vertex 20.4 3 24.4
      vertex 14.6912 2.3 24.4
      vertex 14.2069 3 24.4
    endloop
  endfacet
  facet normal -0 0 1
    outer loop
      vertex 17.1453 3 23.6
      vertex 20.4 2.3 23.6
      vertex 20.4 3 23.6
    endloop
  endfacet
  facet normal 0 0 1
    outer loop
      vertex 20.4 2.3 23.6
      vertex 17.1453 3 23.6
      vertex 17.1453 2.3 23.6
    endloop
  endfacet
  facet normal -0 0 1
    outer loop
      vertex 5 3 23.6
      vertex 8.9266 2.3 23.6
      vertex 8.9266 3 23.6
    endloop
  endfacet
  facet normal 0 0 1
    outer loop
      vertex 8.9266 2.3 23.6
      vertex 5 3 23.6
      vertex 5 2.3 23.6
    endloop
  endfacet
  facet normal -0 0 1
    outer loop
      vertex 9.7266 2.79911 23.6
      vertex 10.7088 2.3 23.6
      vertex 11.0541 2.79911 23.6
    endloop
  endfacet
  facet normal 0 0 1
    outer loop
      vertex 10.7088 2.3 23.6
      vertex 9.7266 2.79911 23.6
      vertex 9.7266 2.3 23.6
    endloop
  endfacet
  facet normal 0 0 1
    outer loop
      vertex 16.3453 2.79911 23.6
      vertex 14.6912 2.3 23.6
      vertex 16.3453 2.3 23.6
    endloop
  endfacet
  facet normal 0 -0 1
    outer loop
      vertex 14.6912 2.3 23.6
      vertex 16.3453 2.79911 23.6
      vertex 14.3459 2.79911 23.6
    endloop
  endfacet
  facet normal 1 -0 0
    outer loop
      vertex 5 2.3 24.4
      vertex 5 3 23.6
      vertex 5 3 24.4
    endloop
  endfacet
  facet normal 1 0 0
    outer loop
      vertex 5 3 23.6
      vertex 5 2.3 24.4
      vertex 5 2.3 23.6
    endloop
  endfacet
  facet normal -1 0 0
    outer loop
      vertex 20.4 2.3 27.6
      vertex 20.4 3 28.4
      vertex 20.4 3 27.6
    endloop
  endfacet
  facet normal -1 -0 0
    outer loop
      vertex 20.4 3 28.4
      vertex 20.4 2.3 27.6
      vertex 20.4 2.3 28.4
    endloop
  endfacet
  facet normal 0 0 -1
    outer loop
      vertex 5 2.3 28.4
      vertex 8.35274 3 28.4
      vertex 8.35274 2.3 28.4
    endloop
  endfacet
  facet normal -0 0 -1
    outer loop
      vertex 8.35274 3 28.4
      vertex 5 2.3 28.4
      vertex 5 3 28.4
    endloop
  endfacet
  facet normal 0 0 -1
    outer loop
      vertex 17.6229 2.3 28.4
      vertex 20.4 3 28.4
      vertex 20.4 2.3 28.4
    endloop
  endfacet
  facet normal -0 0 -1
    outer loop
      vertex 20.4 3 28.4
      vertex 17.6229 2.3 28.4
      vertex 17.6229 3 28.4
    endloop
  endfacet
  facet normal 0 0 -1
    outer loop
      vertex 9.15274 3 28.4
      vertex 10.7088 2.3 28.4
      vertex 9.15274 2.3 28.4
    endloop
  endfacet
  facet normal 0 0 -1
    outer loop
      vertex 10.7088 2.3 28.4
      vertex 9.15274 3 28.4
      vertex 11.1931 3 28.4
    endloop
  endfacet
  facet normal 0 0 -1
    outer loop
      vertex 14.6912 2.3 28.4
      vertex 16.8229 3 28.4
      vertex 16.8229 2.3 28.4
    endloop
  endfacet
  facet normal -0 0 -1
    outer loop
      vertex 16.8229 3 28.4
      vertex 14.6912 2.3 28.4
      vertex 14.2069 3 28.4
    endloop
  endfacet
  facet normal 0 0 1
    outer loop
      vertex 20.4 3 27.6
      vertex 14.6912 2.3 27.6
      vertex 20.4 2.3 27.6
    endloop
  endfacet
  facet normal 0 -0 1
    outer loop
      vertex 14.6912 2.3 27.6
      vertex 20.4 3 27.6
      vertex 14.2069 3 27.6
    endloop
  endfacet
  facet normal -0 0 1
    outer loop
      vertex 5 3 27.6
      vertex 10.7088 2.3 27.6
      vertex 11.1931 3 27.6
    endloop
  endfacet
  facet normal 0 0 1
    outer loop
      vertex 10.7088 2.3 27.6
      vertex 5 3 27.6
      vertex 5 2.3 27.6
    endloop
  endfacet
  facet normal 1 -0 0
    outer loop
      vertex 5 2.3 28.4
      vertex 5 3 27.6
      vertex 5 3 28.4
    endloop
  endfacet
  facet normal 1 0 0
    outer loop
      vertex 5 3 27.6
      vertex 5 2.3 28.4
      vertex 5 2.3 27.6
    endloop
  endfacet
  facet normal -1 0 0
    outer loop
      vertex 20.4 3 31.6
      vertex 20.4 2.84646 32.4
      vertex 20.4 3 36.4
    endloop
  endfacet
  facet normal -1 0 0
    outer loop
      vertex 20.4 2.3 31.6
      vertex 20.4 2.84646 32.4
      vertex 20.4 3 31.6
    endloop
  endfacet
  facet normal -1 -0 0
    outer loop
      vertex 20.4 2.84646 32.4
      vertex 20.4 2.3 31.6
      vertex 20.4 2.3 32.4
    endloop
  endfacet
  facet normal -1 0 0
    outer loop
      vertex 20.4 2.84646 35.6
      vertex 20.4 3 36.4
      vertex 20.4 2.84646 32.4
    endloop
  endfacet
  facet normal -1 0 0
    outer loop
      vertex 20.4 2.3 36.4
      vertex 20.4 2.84646 35.6
      vertex 20.4 2.3 35.6
    endloop
  endfacet
  facet normal -1 0 0
    outer loop
      vertex 20.4 2.84646 35.6
      vertex 20.4 2.3 36.4
      vertex 20.4 3 36.4
    endloop
  endfacet
  facet normal 0 0 -1
    outer loop
      vertex 5 3 32.4
      vertex 10.7088 2.3 32.4
      vertex 5 2.3 32.4
    endloop
  endfacet
  facet normal 0 0 -1
    outer loop
      vertex 10.7088 2.3 32.4
      vertex 5 3 32.4
      vertex 11.1931 3 32.4
    endloop
  endfacet
  facet normal 0 0 -1
    outer loop
      vertex 14.6912 2.3 32.4
      vertex 20.4 2.84646 32.4
      vertex 20.4 2.3 32.4
    endloop
  endfacet
  facet normal -0 0 -1
    outer loop
      vertex 20.4 2.84646 32.4
      vertex 14.6912 2.3 32.4
      vertex 14.3132 2.84646 32.4
    endloop
  endfacet
  facet normal -0 0 1
    outer loop
      vertex 17.6229 3 31.6
      vertex 20.4 2.3 31.6
      vertex 20.4 3 31.6
    endloop
  endfacet
  facet normal 0 0 1
    outer loop
      vertex 20.4 2.3 31.6
      vertex 17.6229 3 31.6
      vertex 17.6229 2.3 31.6
    endloop
  endfacet
  facet normal -0 0 1
    outer loop
      vertex 5 3 31.6
      vertex 8.35274 2.3 31.6
      vertex 8.35274 3 31.6
    endloop
  endfacet
  facet normal 0 0 1
    outer loop
      vertex 8.35274 2.3 31.6
      vertex 5 3 31.6
      vertex 5 2.3 31.6
    endloop
  endfacet
  facet normal -0 0 1
    outer loop
      vertex 9.15274 3 31.6
      vertex 10.7088 2.3 31.6
      vertex 11.1931 3 31.6
    endloop
  endfacet
  facet normal 0 0 1
    outer loop
      vertex 10.7088 2.3 31.6
      vertex 9.15274 3 31.6
      vertex 9.15274 2.3 31.6
    endloop
  endfacet
  facet normal 0 0 1
    outer loop
      vertex 16.8229 3 31.6
      vertex 14.6912 2.3 31.6
      vertex 16.8229 2.3 31.6
    endloop
  endfacet
  facet normal 0 -0 1
    outer loop
      vertex 14.6912 2.3 31.6
      vertex 16.8229 3 31.6
      vertex 14.2069 3 31.6
    endloop
  endfacet
  facet normal 1 -0 0
    outer loop
      vertex 5 2.3 32.4
      vertex 5 3 31.6
      vertex 5 3 32.4
    endloop
  endfacet
  facet normal 1 0 0
    outer loop
      vertex 5 3 31.6
      vertex 5 2.3 32.4
      vertex 5 2.3 31.6
    endloop
  endfacet
  facet normal 0 0 -1
    outer loop
      vertex 5 2.3 36.4
      vertex 8.47828 3 36.4
      vertex 8.47828 2.3 36.4
    endloop
  endfacet
  facet normal -0 0 -1
    outer loop
      vertex 8.47828 3 36.4
      vertex 5 2.3 36.4
      vertex 5 3 36.4
    endloop
  endfacet
  facet normal 0 0 -1
    outer loop
      vertex 17.6496 2.3 36.4
      vertex 20.4 3 36.4
      vertex 20.4 2.3 36.4
    endloop
  endfacet
  facet normal -0 0 -1
    outer loop
      vertex 20.4 3 36.4
      vertex 17.6496 2.3 36.4
      vertex 17.6496 3 36.4
    endloop
  endfacet
  facet normal 0 0 -1
    outer loop
      vertex 9.27828 3 36.4
      vertex 10.7088 2.3 36.4
      vertex 9.27828 2.3 36.4
    endloop
  endfacet
  facet normal 0 0 -1
    outer loop
      vertex 10.7088 2.3 36.4
      vertex 9.27828 3 36.4
      vertex 11.1931 3 36.4
    endloop
  endfacet
  facet normal 0 0 -1
    outer loop
      vertex 14.6912 2.3 36.4
      vertex 16.8496 3 36.4
      vertex 16.8496 2.3 36.4
    endloop
  endfacet
  facet normal -0 0 -1
    outer loop
      vertex 16.8496 3 36.4
      vertex 14.6912 2.3 36.4
      vertex 14.2069 3 36.4
    endloop
  endfacet
  facet normal 0 0 1
    outer loop
      vertex 20.4 2.84646 35.6
      vertex 14.6912 2.3 35.6
      vertex 20.4 2.3 35.6
    endloop
  endfacet
  facet normal 0 -0 1
    outer loop
      vertex 14.6912 2.3 35.6
      vertex 20.4 2.84646 35.6
      vertex 14.3132 2.84646 35.6
    endloop
  endfacet
  facet normal -0 0 1
    outer loop
      vertex 5 3 35.6
      vertex 10.7088 2.3 35.6
      vertex 11.1931 3 35.6
    endloop
  endfacet
  facet normal 0 0 1
    outer loop
      vertex 10.7088 2.3 35.6
      vertex 5 3 35.6
      vertex 5 2.3 35.6
    endloop
  endfacet
  facet normal 1 -0 0
    outer loop
      vertex 5 2.3 36.4
      vertex 5 3 35.6
      vertex 5 3 36.4
    endloop
  endfacet
  facet normal 1 0 0
    outer loop
      vertex 5 3 35.6
      vertex 5 2.3 36.4
      vertex 5 2.3 35.6
    endloop
  endfacet
  facet normal -1 0 0
    outer loop
      vertex 20.4 3 39.6
      vertex 20.4 2.8326 40.4
      vertex 20.4 3 44.4
    endloop
  endfacet
  facet normal -1 0 0
    outer loop
      vertex 20.4 2.3 39.6
      vertex 20.4 2.8326 40.4
      vertex 20.4 3 39.6
    endloop
  endfacet
  facet normal -1 -0 0
    outer loop
      vertex 20.4 2.8326 40.4
      vertex 20.4 2.3 39.6
      vertex 20.4 2.3 40.4
    endloop
  endfacet
  facet normal -1 0 0
    outer loop
      vertex 20.4 2.8326 43.6
      vertex 20.4 3 44.4
      vertex 20.4 2.8326 40.4
    endloop
  endfacet
  facet normal -1 0 0
    outer loop
      vertex 20.4 2.3 44.4
      vertex 20.4 2.8326 43.6
      vertex 20.4 2.3 43.6
    endloop
  endfacet
  facet normal -1 0 0
    outer loop
      vertex 20.4 2.8326 43.6
      vertex 20.4 2.3 44.4
      vertex 20.4 3 44.4
    endloop
  endfacet
  facet normal 0 0 -1
    outer loop
      vertex 5 2.3 40.4
      vertex 12.7687 2.74744 40.4
      vertex 12.7687 2.3 40.4
    endloop
  endfacet
  facet normal -0 0 -1
    outer loop
      vertex 12.7687 2.74744 40.4
      vertex 5 2.3 40.4
      vertex 5 2.74744 40.4
    endloop
  endfacet
  facet normal 0 0 -1
    outer loop
      vertex 13.5687 2.3 40.4
      vertex 20.4 2.8326 40.4
      vertex 20.4 2.3 40.4
    endloop
  endfacet
  facet normal -0 0 -1
    outer loop
      vertex 20.4 2.8326 40.4
      vertex 13.5687 2.3 40.4
      vertex 13.5687 2.8326 40.4
    endloop
  endfacet
  facet normal -0 0 1
    outer loop
      vertex 17.6496 3 39.6
      vertex 20.4 2.3 39.6
      vertex 20.4 3 39.6
    endloop
  endfacet
  facet normal 0 0 1
    outer loop
      vertex 20.4 2.3 39.6
      vertex 17.6496 3 39.6
      vertex 17.6496 2.3 39.6
    endloop
  endfacet
  facet normal -0 0 1
    outer loop
      vertex 5 3 39.6
      vertex 8.47828 2.3 39.6
      vertex 8.47828 3 39.6
    endloop
  endfacet
  facet normal 0 0 1
    outer loop
      vertex 8.47828 2.3 39.6
      vertex 5 3 39.6
      vertex 5 2.3 39.6
    endloop
  endfacet
  facet normal -0 0 1
    outer loop
      vertex 9.27828 3 39.6
      vertex 16.8496 2.3 39.6
      vertex 16.8496 3 39.6
    endloop
  endfacet
  facet normal 0 0 1
    outer loop
      vertex 16.8496 2.3 39.6
      vertex 9.27828 3 39.6
      vertex 9.27828 2.3 39.6
    endloop
  endfacet
  facet normal 1 0 0
    outer loop
      vertex 5 3 44.4
      vertex 5 2.74744 43.6
      vertex 5 3 39.6
    endloop
  endfacet
  facet normal 1 -0 0
    outer loop
      vertex 5 2.3 44.4
      vertex 5 2.74744 43.6
      vertex 5 3 44.4
    endloop
  endfacet
  facet normal 1 0 0
    outer loop
      vertex 5 2.74744 43.6
      vertex 5 2.3 44.4
      vertex 5 2.3 43.6
    endloop
  endfacet
  facet normal 1 -0 0
    outer loop
      vertex 5 2.74744 40.4
      vertex 5 3 39.6
      vertex 5 2.74744 43.6
    endloop
  endfacet
  facet normal 1 0 0
    outer loop
      vertex 5 2.3 39.6
      vertex 5 2.74744 40.4
      vertex 5 2.3 40.4
    endloop
  endfacet
  facet normal 1 0 0
    outer loop
      vertex 5 2.74744 40.4
      vertex 5 2.3 39.6
      vertex 5 3 39.6
    endloop
  endfacet
  facet normal 0 0 -1
    outer loop
      vertex 5 2.3 44.4
      vertex 8.30188 3 44.4
      vertex 8.30188 2.3 44.4
    endloop
  endfacet
  facet normal -0 0 -1
    outer loop
      vertex 8.30188 3 44.4
      vertex 5 2.3 44.4
      vertex 5 3 44.4
    endloop
  endfacet
  facet normal 0 0 -1
    outer loop
      vertex 17.2769 2.3 44.4
      vertex 20.4 3 44.4
      vertex 20.4 2.3 44.4
    endloop
  endfacet
  facet normal -0 0 -1
    outer loop
      vertex 20.4 3 44.4
      vertex 17.2769 2.3 44.4
      vertex 17.2769 3 44.4
    endloop
  endfacet
  facet normal 0 0 -1
    outer loop
      vertex 9.10188 2.3 44.4
      vertex 16.4769 3 44.4
      vertex 16.4769 2.3 44.4
    endloop
  endfacet
  facet normal -0 0 -1
    outer loop
      vertex 16.4769 3 44.4
      vertex 9.10188 2.3 44.4
      vertex 9.10188 3 44.4
    endloop
  endfacet
  facet normal -0 0 1
    outer loop
      vertex 13.5687 2.8326 43.6
      vertex 20.4 2.3 43.6
      vertex 20.4 2.8326 43.6
    endloop
  endfacet
  facet normal 0 0 1
    outer loop
      vertex 20.4 2.3 43.6
      vertex 13.5687 2.8326 43.6
      vertex 13.5687 2.3 43.6
    endloop
  endfacet
  facet normal -0 0 1
    outer loop
      vertex 5 2.74744 43.6
      vertex 12.7687 2.3 43.6
      vertex 12.7687 2.74744 43.6
    endloop
  endfacet
  facet normal 0 0 1
    outer loop
      vertex 12.7687 2.3 43.6
      vertex 5 2.74744 43.6
      vertex 5 2.3 43.6
    endloop
  endfacet
  facet normal -1 0 0
    outer loop
      vertex 9.03326 2.3 4.4
      vertex 9.03326 2.82594 7.6
      vertex 9.03326 2.82594 4.4
    endloop
  endfacet
  facet normal -1 -0 0
    outer loop
      vertex 9.03326 2.82594 7.6
      vertex 9.03326 2.3 4.4
      vertex 9.03326 2.3 7.6
    endloop
  endfacet
  facet normal 1 -0 0
    outer loop
      vertex 8.23326 2.3 7.6
      vertex 8.23326 3 4.4
      vertex 8.23326 3 7.6
    endloop
  endfacet
  facet normal 1 0 0
    outer loop
      vertex 8.23326 3 4.4
      vertex 8.23326 2.3 7.6
      vertex 8.23326 2.3 4.4
    endloop
  endfacet
  facet normal -1 0 0
    outer loop
      vertex 17.5117 2.3 4.4
      vertex 17.5117 3 7.6
      vertex 17.5117 3 4.4
    endloop
  endfacet
  facet normal -1 -0 0
    outer loop
      vertex 17.5117 3 7.6
      vertex 17.5117 2.3 4.4
      vertex 17.5117 2.3 7.6
    endloop
  endfacet
  facet normal 1 -0 0
    outer loop
      vertex 16.7117 2.3 7.6
      vertex 16.7117 2.82594 4.4
      vertex 16.7117 2.82594 7.6
    endloop
  endfacet
  facet normal 1 0 0
    outer loop
      vertex 16.7117 2.82594 4.4
      vertex 16.7117 2.3 7.6
      vertex 16.7117 2.3 4.4
    endloop
  endfacet
  facet normal -1 0 0
    outer loop
      vertex 9.74741 2.3 12.4
      vertex 9.74741 2.74545 15.6
      vertex 9.74741 2.74545 12.4
    endloop
  endfacet
  facet normal -1 -0 0
    outer loop
      vertex 9.74741 2.74545 15.6
      vertex 9.74741 2.3 12.4
      vertex 9.74741 2.3 15.6
    endloop
  endfacet
  facet normal 1 -0 0
    outer loop
      vertex 8.94741 2.3 15.6
      vertex 8.94741 3 12.4
      vertex 8.94741 3 15.6
    endloop
  endfacet
  facet normal 1 0 0
    outer loop
      vertex 8.94741 3 12.4
      vertex 8.94741 2.3 15.6
      vertex 8.94741 2.3 12.4
    endloop
  endfacet
  facet normal -1 0 0
    outer loop
      vertex 17.0457 2.3 12.4
      vertex 17.0457 2.82121 15.6
      vertex 17.0457 2.82121 12.4
    endloop
  endfacet
  facet normal -1 -0 0
    outer loop
      vertex 17.0457 2.82121 15.6
      vertex 17.0457 2.3 12.4
      vertex 17.0457 2.3 15.6
    endloop
  endfacet
  facet normal 1 -0 0
    outer loop
      vertex 16.2457 2.3 15.6
      vertex 16.2457 2.74545 12.4
      vertex 16.2457 2.74545 15.6
    endloop
  endfacet
  facet normal 1 0 0
    outer loop
      vertex 16.2457 2.74545 12.4
      vertex 16.2457 2.3 15.6
      vertex 16.2457 2.3 12.4
    endloop
  endfacet
  facet normal -1 0 0
    outer loop
      vertex 9.7266 2.3 20.4
      vertex 9.7266 2.79911 23.6
      vertex 9.7266 2.79911 20.4
    endloop
  endfacet
  facet normal -1 -0 0
    outer loop
      vertex 9.7266 2.79911 23.6
      vertex 9.7266 2.3 20.4
      vertex 9.7266 2.3 23.6
    endloop
  endfacet
  facet normal 1 -0 0
    outer loop
      vertex 8.9266 2.3 23.6
      vertex 8.9266 3 20.4
      vertex 8.9266 3 23.6
    endloop
  endfacet
  facet normal 1 0 0
    outer loop
      vertex 8.9266 3 20.4
      vertex 8.9266 2.3 23.6
      vertex 8.9266 2.3 20.4
    endloop
  endfacet
  facet normal -1 0 0
    outer loop
      vertex 17.1453 2.3 20.4
      vertex 17.1453 3 23.6
      vertex 17.1453 3 20.4
    endloop
  endfacet
  facet normal -1 -0 0
    outer loop
      vertex 17.1453 3 23.6
      vertex 17.1453 2.3 20.4
      vertex 17.1453 2.3 23.6
    endloop
  endfacet
  facet normal 1 -0 0
    outer loop
      vertex 16.3453 2.3 23.6
      vertex 16.3453 2.79911 20.4
      vertex 16.3453 2.79911 23.6
    endloop
  endfacet
  facet normal 1 0 0
    outer loop
      vertex 16.3453 2.79911 20.4
      vertex 16.3453 2.3 23.6
      vertex 16.3453 2.3 20.4
    endloop
  endfacet
  facet normal -1 0 0
    outer loop
      vertex 9.15274 2.3 28.4
      vertex 9.15274 3 31.6
      vertex 9.15274 3 28.4
    endloop
  endfacet
  facet normal -1 -0 0
    outer loop
      vertex 9.15274 3 31.6
      vertex 9.15274 2.3 28.4
      vertex 9.15274 2.3 31.6
    endloop
  endfacet
  facet normal 1 -0 0
    outer loop
      vertex 8.35274 2.3 31.6
      vertex 8.35274 3 28.4
      vertex 8.35274 3 31.6
    endloop
  endfacet
  facet normal 1 0 0
    outer loop
      vertex 8.35274 3 28.4
      vertex 8.35274 2.3 31.6
      vertex 8.35274 2.3 28.4
    endloop
  endfacet
  facet normal -1 0 0
    outer loop
      vertex 17.6229 2.3 28.4
      vertex 17.6229 3 31.6
      vertex 17.6229 3 28.4
    endloop
  endfacet
  facet normal -1 -0 0
    outer loop
      vertex 17.6229 3 31.6
      vertex 17.6229 2.3 28.4
      vertex 17.6229 2.3 31.6
    endloop
  endfacet
  facet normal 1 -0 0
    outer loop
      vertex 16.8229 2.3 31.6
      vertex 16.8229 3 28.4
      vertex 16.8229 3 31.6
    endloop
  endfacet
  facet normal 1 0 0
    outer loop
      vertex 16.8229 3 28.4
      vertex 16.8229 2.3 31.6
      vertex 16.8229 2.3 28.4
    endloop
  endfacet
  facet normal -1 0 0
    outer loop
      vertex 9.27828 2.3 36.4
      vertex 9.27828 3 39.6
      vertex 9.27828 3 36.4
    endloop
  endfacet
  facet normal -1 -0 0
    outer loop
      vertex 9.27828 3 39.6
      vertex 9.27828 2.3 36.4
      vertex 9.27828 2.3 39.6
    endloop
  endfacet
  facet normal 1 -0 0
    outer loop
      vertex 8.47828 2.3 39.6
      vertex 8.47828 3 36.4
      vertex 8.47828 3 39.6
    endloop
  endfacet
  facet normal 1 0 0
    outer loop
      vertex 8.47828 3 36.4
      vertex 8.47828 2.3 39.6
      vertex 8.47828 2.3 36.4
    endloop
  endfacet
  facet normal -1 0 0
    outer loop
      vertex 17.6496 2.3 36.4
      vertex 17.6496 3 39.6
      vertex 17.6496 3 36.4
    endloop
  endfacet
  facet normal -1 -0 0
    outer loop
      vertex 17.6496 3 39.6
      vertex 17.6496 2.3 36.4
      vertex 17.6496 2.3 39.6
    endloop
  endfacet
  facet normal 1 -0 0
    outer loop
      vertex 16.8496 2.3 39.6
      vertex 16.8496 3 36.4
      vertex 16.8496 3 39.6
    endloop
  endfacet
  facet normal 1 0 0
    outer loop
      vertex 16.8496 3 36.4
      vertex 16.8496 2.3 39.6
      vertex 16.8496 2.3 36.4
    endloop
  endfacet
  facet normal -1 0 0
    outer loop
      vertex 9.10188 2.3 44.4
      vertex 9.10188 3 48
      vertex 9.10188 3 44.4
    endloop
  endfacet
  facet normal -1 -0 0
    outer loop
      vertex 9.10188 3 48
      vertex 9.10188 2.3 44.4
      vertex 9.10188 2.3 48
    endloop
  endfacet
  facet normal 0 0 -1
    outer loop
      vertex 8.30188 2.3 48
      vertex 9.10188 3 48
      vertex 9.10188 2.3 48
    endloop
  endfacet
  facet normal -0 0 -1
    outer loop
      vertex 9.10188 3 48
      vertex 8.30188 2.3 48
      vertex 8.30188 3 48
    endloop
  endfacet
  facet normal 1 -0 0
    outer loop
      vertex 8.30188 2.3 48
      vertex 8.30188 3 44.4
      vertex 8.30188 3 48
    endloop
  endfacet
  facet normal 1 0 0
    outer loop
      vertex 8.30188 3 44.4
      vertex 8.30188 2.3 48
      vertex 8.30188 2.3 44.4
    endloop
  endfacet
  facet normal -1 0 0
    outer loop
      vertex 17.2769 2.3 44.4
      vertex 17.2769 3 48
      vertex 17.2769 3 44.4
    endloop
  endfacet
  facet normal -1 -0 0
    outer loop
      vertex 17.2769 3 48
      vertex 17.2769 2.3 44.4
      vertex 17.2769 2.3 48
    endloop
  endfacet
  facet normal 0 0 -1
    outer loop
      vertex 16.4769 2.3 48
      vertex 17.2769 3 48
      vertex 17.2769 2.3 48
    endloop
  endfacet
  facet normal -0 0 -1
    outer loop
      vertex 17.2769 3 48
      vertex 16.4769 2.3 48
      vertex 16.4769 3 48
    endloop
  endfacet
  facet normal 1 -0 0
    outer loop
      vertex 16.4769 2.3 48
      vertex 16.4769 3 44.4
      vertex 16.4769 3 48
    endloop
  endfacet
  facet normal 1 0 0
    outer loop
      vertex 16.4769 3 44.4
      vertex 16.4769 2.3 48
      vertex 16.4769 2.3 44.4
    endloop
  endfacet
  facet normal -1 0 0
    outer loop
      vertex 13.7944 2.3 0
      vertex 13.7944 3 3.6
      vertex 13.7944 3 0
    endloop
  endfacet
  facet normal -1 -0 0
    outer loop
      vertex 13.7944 3 3.6
      vertex 13.7944 2.3 0
      vertex 13.7944 2.3 3.6
    endloop
  endfacet
  facet normal 1 -0 0
    outer loop
      vertex 12.9944 2.3 3.6
      vertex 12.9944 3 0
      vertex 12.9944 3 3.6
    endloop
  endfacet
  facet normal 1 0 0
    outer loop
      vertex 12.9944 3 0
      vertex 12.9944 2.3 3.6
      vertex 12.9944 2.3 0
    endloop
  endfacet
  facet normal -1 0 0
    outer loop
      vertex 13.4323 2.3 8.4
      vertex 13.4323 2.78352 11.6
      vertex 13.4323 2.78352 8.4
    endloop
  endfacet
  facet normal -1 -0 0
    outer loop
      vertex 13.4323 2.78352 11.6
      vertex 13.4323 2.3 8.4
      vertex 13.4323 2.3 11.6
    endloop
  endfacet
  facet normal 1 -0 0
    outer loop
      vertex 12.6323 2.3 11.6
      vertex 12.6323 3 8.4
      vertex 12.6323 3 11.6
    endloop
  endfacet
  facet normal 1 0 0
    outer loop
      vertex 12.6323 3 8.4
      vertex 12.6323 2.3 11.6
      vertex 12.6323 2.3 8.4
    endloop
  endfacet
  facet normal -1 0 0
    outer loop
      vertex 13.5687 2.3 40.4
      vertex 13.5687 2.8326 43.6
      vertex 13.5687 2.8326 40.4
    endloop
  endfacet
  facet normal -1 -0 0
    outer loop
      vertex 13.5687 2.8326 43.6
      vertex 13.5687 2.3 40.4
      vertex 13.5687 2.3 43.6
    endloop
  endfacet
  facet normal 1 -0 0
    outer loop
      vertex 12.7687 2.3 43.6
      vertex 12.7687 2.74744 40.4
      vertex 12.7687 2.74744 43.6
    endloop
  endfacet
  facet normal 1 0 0
    outer loop
      vertex 12.7687 2.74744 40.4
      vertex 12.7687 2.3 43.6
      vertex 12.7687 2.3 40.4
    endloop
  endfacet
  facet normal 0 1 0
    outer loop
      vertex 16.2457 2.74545 15.6
      vertex 14.383 2.74545 13.9024
      vertex 14.383 2.74545 15.6
    endloop
  endfacet
  facet normal 0 1 0
    outer loop
      vertex 9.74741 2.74545 12.4
      vertex 14.383 2.74545 13.9024
      vertex 16.2457 2.74545 12.4
    endloop
  endfacet
  facet normal 0 1 -0
    outer loop
      vertex 16.2457 2.74545 12.4
      vertex 14.383 2.74545 13.9024
      vertex 16.2457 2.74545 15.6
    endloop
  endfacet
  facet normal 0 1 -0
    outer loop
      vertex 11.017 2.74545 13.9024
      vertex 9.74741 2.74545 15.6
      vertex 11.017 2.74545 15.6
    endloop
  endfacet
  facet normal 0 1 0
    outer loop
      vertex 11.017 2.74545 13.9024
      vertex 9.74741 2.74545 12.4
      vertex 9.74741 2.74545 15.6
    endloop
  endfacet
  facet normal 0 1 0
    outer loop
      vertex 14.383 2.74545 13.9024
      vertex 9.74741 2.74545 12.4
      vertex 11.017 2.74545 13.9024
    endloop
  endfacet
  facet normal 0 1 -0
    outer loop
      vertex 20.4 2.82121 12.4
      vertex 17.0457 2.82121 15.6
      vertex 20.4 2.82121 15.6
    endloop
  endfacet
  facet normal 0 1 0
    outer loop
      vertex 17.0457 2.82121 15.6
      vertex 20.4 2.82121 12.4
      vertex 17.0457 2.82121 12.4
    endloop
  endfacet
  facet normal 0 1 -0
    outer loop
      vertex 11.0625 2.81123 16.4
      vertex 5 2.81123 19.6
      vertex 11.0625 2.81123 19.6
    endloop
  endfacet
  facet normal 0 1 0
    outer loop
      vertex 5 2.81123 19.6
      vertex 11.0625 2.81123 16.4
      vertex 5 2.81123 16.4
    endloop
  endfacet
  facet normal 0 1 -0
    outer loop
      vertex 20.4 2.79111 16.4
      vertex 14.3514 2.79111 19.6
      vertex 20.4 2.79111 19.6
    endloop
  endfacet
  facet normal 0 1 0
    outer loop
      vertex 14.3514 2.79111 19.6
      vertex 20.4 2.79111 16.4
      vertex 14.3514 2.79111 16.4
    endloop
  endfacet
  facet normal 0 1 -0
    outer loop
      vertex 12.7687 2.74744 40.4
      vertex 5 2.74744 43.6
      vertex 12.7687 2.74744 43.6
    endloop
  endfacet
  facet normal 0 1 0
    outer loop
      vertex 5 2.74744 43.6
      vertex 12.7687 2.74744 40.4
      vertex 5 2.74744 40.4
    endloop
  endfacet
  facet normal 0 1 -0
    outer loop
      vertex 20.4 2.8326 40.4
      vertex 13.5687 2.8326 43.6
      vertex 20.4 2.8326 43.6
    endloop
  endfacet
  facet normal 0 1 0
    outer loop
      vertex 13.5687 2.8326 43.6
      vertex 20.4 2.8326 40.4
      vertex 13.5687 2.8326 40.4
    endloop
  endfacet
  facet normal 0 1 -0
    outer loop
      vertex 16.7117 2.82594 4.4
      vertex 9.03326 2.82594 7.6
      vertex 16.7117 2.82594 7.6
    endloop
  endfacet
  facet normal 0 1 0
    outer loop
      vertex 9.03326 2.82594 7.6
      vertex 16.7117 2.82594 4.4
      vertex 9.03326 2.82594 4.4
    endloop
  endfacet
  facet normal 0 1 -0
    outer loop
      vertex 20.4 2.78352 8.4
      vertex 13.4323 2.78352 11.6
      vertex 20.4 2.78352 11.6
    endloop
  endfacet
  facet normal 0 1 0
    outer loop
      vertex 13.4323 2.78352 11.6
      vertex 20.4 2.78352 8.4
      vertex 13.4323 2.78352 8.4
    endloop
  endfacet
  facet normal 0 1 -0
    outer loop
      vertex 11.0541 2.79911 20.4
      vertex 9.7266 2.79911 23.6
      vertex 11.0541 2.79911 23.6
    endloop
  endfacet
  facet normal 0 1 0
    outer loop
      vertex 9.7266 2.79911 23.6
      vertex 11.0541 2.79911 20.4
      vertex 9.7266 2.79911 20.4
    endloop
  endfacet
  facet normal 0 1 -0
    outer loop
      vertex 16.3453 2.79911 20.4
      vertex 14.3459 2.79911 23.6
      vertex 16.3453 2.79911 23.6
    endloop
  endfacet
  facet normal 0 1 0
    outer loop
      vertex 14.3459 2.79911 23.6
      vertex 16.3453 2.79911 20.4
      vertex 14.3459 2.79911 20.4
    endloop
  endfacet
  facet normal 0 1 -0
    outer loop
      vertex 20.4 2.84646 32.4
      vertex 14.3132 2.84646 35.6
      vertex 20.4 2.84646 35.6
    endloop
  endfacet
  facet normal 0 1 0
    outer loop
      vertex 14.3132 2.84646 35.6
      vertex 20.4 2.84646 32.4
      vertex 14.3132 2.84646 32.4
    endloop
  endfacet
  facet normal -1 0 0
    outer loop
      vertex 20.4 -2.3 3.6
      vertex 20.4 -2.79358 4.4
      vertex 20.4 -2.3 4.4
    endloop
  endfacet
  facet normal -1 -0 0
    outer loop
      vertex 20.4 -2.79358 4.4
      vertex 20.4 -3 3.6
      vertex 20.4 -2.79358 7.6
    endloop
  endfacet
  facet normal -1 0 0
    outer loop
      vertex 20.4 -3 3.6
      vertex 20.4 -2.79358 4.4
      vertex 20.4 -2.3 3.6
    endloop
  endfacet
  facet normal -1 0 0
    outer loop
      vertex 20.4 -2.3 7.6
      vertex 20.4 -2.78703 8.4
      vertex 20.4 -2.3 8.4
    endloop
  endfacet
  facet normal -1 0 0
    outer loop
      vertex 20.4 -3 12.4
      vertex 20.4 -2.78703 8.4
      vertex 20.4 -2.79358 7.6
    endloop
  endfacet
  facet normal -1 0 0
    outer loop
      vertex 20.4 -2.79358 7.6
      vertex 20.4 -2.78703 8.4
      vertex 20.4 -2.3 7.6
    endloop
  endfacet
  facet normal -1 0 0
    outer loop
      vertex 20.4 -2.78703 11.6
      vertex 20.4 -2.3 12.4
      vertex 20.4 -2.3 11.6
    endloop
  endfacet
  facet normal -1 0 0
    outer loop
      vertex 20.4 -3 12.4
      vertex 20.4 -2.79358 7.6
      vertex 20.4 -3 3.6
    endloop
  endfacet
  facet normal -1 0 0
    outer loop
      vertex 20.4 -2.78703 11.6
      vertex 20.4 -3 12.4
      vertex 20.4 -2.3 12.4
    endloop
  endfacet
  facet normal -1 0 0
    outer loop
      vertex 20.4 -2.78703 8.4
      vertex 20.4 -3 12.4
      vertex 20.4 -2.78703 11.6
    endloop
  endfacet
  facet normal 0 0 -1
    outer loop
      vertex 5 -3 4.4
      vertex 8.67125 -2.3 4.4
      vertex 8.67125 -3 4.4
    endloop
  endfacet
  facet normal -0 0 -1
    outer loop
      vertex 8.67125 -2.3 4.4
      vertex 5 -3 4.4
      vertex 5 -2.3 4.4
    endloop
  endfacet
  facet normal 0 0 -1
    outer loop
      vertex 17.3556 -2.79358 4.4
      vertex 20.4 -2.3 4.4
      vertex 20.4 -2.79358 4.4
    endloop
  endfacet
  facet normal -0 0 -1
    outer loop
      vertex 20.4 -2.3 4.4
      vertex 17.3556 -2.79358 4.4
      vertex 17.3556 -2.3 4.4
    endloop
  endfacet
  facet normal 0 0 -1
    outer loop
      vertex 9.47125 -3 4.4
      vertex 16.5556 -2.3 4.4
      vertex 16.5556 -3 4.4
    endloop
  endfacet
  facet normal -0 0 -1
    outer loop
      vertex 16.5556 -2.3 4.4
      vertex 9.47125 -3 4.4
      vertex 9.47125 -2.3 4.4
    endloop
  endfacet
  facet normal -0 0 1
    outer loop
      vertex 13.413 -2.3 3.6
      vertex 20.4 -3 3.6
      vertex 20.4 -2.3 3.6
    endloop
  endfacet
  facet normal 0 0 1
    outer loop
      vertex 20.4 -3 3.6
      vertex 13.413 -2.3 3.6
      vertex 13.413 -3 3.6
    endloop
  endfacet
  facet normal -0 0 1
    outer loop
      vertex 5 -2.3 3.6
      vertex 12.613 -2.76868 3.6
      vertex 12.613 -2.3 3.6
    endloop
  endfacet
  facet normal 0 0 1
    outer loop
      vertex 12.613 -2.76868 3.6
      vertex 5 -2.3 3.6
      vertex 5 -2.76868 3.6
    endloop
  endfacet
  facet normal 1 0 0
    outer loop
      vertex 5 -2.3 4.4
      vertex 5 -2.76868 3.6
      vertex 5 -2.3 3.6
    endloop
  endfacet
  facet normal 1 -0 0
    outer loop
      vertex 5 -3 4.4
      vertex 5 -2.76868 3.6
      vertex 5 -2.3 4.4
    endloop
  endfacet
  facet normal 1 0 0
    outer loop
      vertex 5 -3 0
      vertex 5 -2.76868 3.6
      vertex 5 -3 4.4
    endloop
  endfacet
  facet normal 1 0 0
    outer loop
      vertex 5 -2.76868 3.6
      vertex 5 -3 0
      vertex 5 -2.76868 0
    endloop
  endfacet
  facet normal 0 -1 0
    outer loop
      vertex 7.52611 -2.3 39.9594
      vertex 12.7544 -2.3 40.4
      vertex 5 -2.3 40.4
    endloop
  endfacet
  facet normal 0 -1 0
    outer loop
      vertex 17.8739 -2.3 39.9594
      vertex 12.7544 -2.3 40.4
      vertex 7.52611 -2.3 39.9594
    endloop
  endfacet
  facet normal 0 -1 0
    outer loop
      vertex 12.7544 -2.3 40.4
      vertex 17.8739 -2.3 39.9594
      vertex 13.5544 -2.3 40.4
    endloop
  endfacet
  facet normal 0 -1 0
    outer loop
      vertex 5 -2.3 39.6
      vertex 7.52611 -2.3 39.9594
      vertex 5 -2.3 40.4
    endloop
  endfacet
  facet normal 0 -1 -0
    outer loop
      vertex 7.52611 -2.3 39.9594
      vertex 5 -2.3 39.6
      vertex 7.52611 -2.3 39.6
    endloop
  endfacet
  facet normal 0 -1 0
    outer loop
      vertex 12.7544 -2.3 40.4
      vertex 13.5544 -2.3 43.6
      vertex 12.7544 -2.3 43.6
    endloop
  endfacet
  facet normal 0 -1 -0
    outer loop
      vertex 13.5544 -2.3 43.6
      vertex 12.7544 -2.3 40.4
      vertex 13.5544 -2.3 40.4
    endloop
  endfacet
  facet normal 0 -1 0
    outer loop
      vertex 5 -2.3 43.6
      vertex 8.89627 -2.3 44.4
      vertex 5 -2.3 44.4
    endloop
  endfacet
  facet normal 0 -1 0
    outer loop
      vertex 12.7544 -2.3 43.6
      vertex 8.89627 -2.3 44.4
      vertex 5 -2.3 43.6
    endloop
  endfacet
  facet normal 0 -1 0
    outer loop
      vertex 9.69627 -2.3 44.4
      vertex 12.7544 -2.3 43.6
      vertex 16.2731 -2.3 44.4
    endloop
  endfacet
  facet normal 0 -1 0
    outer loop
      vertex 13.5544 -2.3 43.6
      vertex 16.2731 -2.3 44.4
      vertex 12.7544 -2.3 43.6
    endloop
  endfacet
  facet normal 0 -1 0
    outer loop
      vertex 8.89627 -2.3 44.4
      vertex 12.7544 -2.3 43.6
      vertex 9.69627 -2.3 44.4
    endloop
  endfacet
  facet normal 0 -1 -0
    outer loop
      vertex 16.2731 -2.3 44.4
      vertex 13.5544 -2.3 43.6
      vertex 17.0731 -2.3 44.4
    endloop
  endfacet
  facet normal 0 -1 0
    outer loop
      vertex 20.4 -2.3 43.6
      vertex 17.0731 -2.3 44.4
      vertex 13.5544 -2.3 43.6
    endloop
  endfacet
  facet normal 0 -1 0
    outer loop
      vertex 17.0731 -2.3 44.4
      vertex 20.4 -2.3 43.6
      vertex 20.4 -2.3 44.4
    endloop
  endfacet
  facet normal 0 -1 0
    outer loop
      vertex 8.89627 -2.3 44.4
      vertex 9.69627 -2.3 48
      vertex 8.89627 -2.3 48
    endloop
  endfacet
  facet normal 0 -1 -0
    outer loop
      vertex 9.69627 -2.3 48
      vertex 8.89627 -2.3 44.4
      vertex 9.69627 -2.3 44.4
    endloop
  endfacet
  facet normal 0 -1 0
    outer loop
      vertex 16.2731 -2.3 44.4
      vertex 17.0731 -2.3 48
      vertex 16.2731 -2.3 48
    endloop
  endfacet
  facet normal 0 -1 -0
    outer loop
      vertex 17.0731 -2.3 48
      vertex 16.2731 -2.3 44.4
      vertex 17.0731 -2.3 44.4
    endloop
  endfacet
  facet normal 0 -1 0
    outer loop
      vertex 13.5544 -2.3 40.4
      vertex 17.8739 -2.3 39.9594
      vertex 20.4 -2.3 40.4
    endloop
  endfacet
  facet normal 0 -1 0
    outer loop
      vertex 20.4 -2.3 39.6
      vertex 17.8739 -2.3 39.9594
      vertex 17.8739 -2.3 39.6
    endloop
  endfacet
  facet normal 0 -1 0
    outer loop
      vertex 17.8739 -2.3 39.9594
      vertex 20.4 -2.3 39.6
      vertex 20.4 -2.3 40.4
    endloop
  endfacet
  facet normal 0 -1 0
    outer loop
      vertex 5 -2.3 23.6
      vertex 7.52611 -2.3 24.4
      vertex 5 -2.3 24.4
    endloop
  endfacet
  facet normal 0 -1 -0
    outer loop
      vertex 7.52611 -2.3 24.4
      vertex 5 -2.3 23.6
      vertex 7.52611 -2.3 23.6
    endloop
  endfacet
  facet normal 0 -1 0
    outer loop
      vertex 17.8739 -2.3 23.6
      vertex 20.4 -2.3 24.4
      vertex 17.8739 -2.3 24.4
    endloop
  endfacet
  facet normal 0 -1 -0
    outer loop
      vertex 20.4 -2.3 24.4
      vertex 17.8739 -2.3 23.6
      vertex 20.4 -2.3 23.6
    endloop
  endfacet
  facet normal 0 -1 0
    outer loop
      vertex 5 -2.3 35.6
      vertex 7.52611 -2.3 36.4
      vertex 5 -2.3 36.4
    endloop
  endfacet
  facet normal 0 -1 -0
    outer loop
      vertex 7.52611 -2.3 36.4
      vertex 5 -2.3 35.6
      vertex 7.52611 -2.3 35.6
    endloop
  endfacet
  facet normal 0 -1 0
    outer loop
      vertex 17.8739 -2.3 35.6
      vertex 20.4 -2.3 36.4
      vertex 17.8739 -2.3 36.4
    endloop
  endfacet
  facet normal 0 -1 -0
    outer loop
      vertex 20.4 -2.3 36.4
      vertex 17.8739 -2.3 35.6
      vertex 20.4 -2.3 35.6
    endloop
  endfacet
  facet normal 0 -1 0
    outer loop
      vertex 5 -2.3 31.6
      vertex 7.52611 -2.3 32.4
      vertex 5 -2.3 32.4
    endloop
  endfacet
  facet normal 0 -1 -0
    outer loop
      vertex 7.52611 -2.3 32.4
      vertex 5 -2.3 31.6
      vertex 7.52611 -2.3 31.6
    endloop
  endfacet
  facet normal 0 -1 0
    outer loop
      vertex 17.8739 -2.3 31.6
      vertex 20.4 -2.3 32.4
      vertex 17.8739 -2.3 32.4
    endloop
  endfacet
  facet normal 0 -1 -0
    outer loop
      vertex 20.4 -2.3 32.4
      vertex 17.8739 -2.3 31.6
      vertex 20.4 -2.3 31.6
    endloop
  endfacet
  facet normal 0 -1 0
    outer loop
      vertex 5 -2.3 15.6
      vertex 7.52611 -2.3 16.4
      vertex 5 -2.3 16.4
    endloop
  endfacet
  facet normal 0 -1 -0
    outer loop
      vertex 7.52611 -2.3 16.4
      vertex 5 -2.3 15.6
      vertex 7.52611 -2.3 15.6
    endloop
  endfacet
  facet normal 0 -1 0
    outer loop
      vertex 17.8739 -2.3 15.6
      vertex 20.4 -2.3 16.4
      vertex 17.8739 -2.3 16.4
    endloop
  endfacet
  facet normal 0 -1 -0
    outer loop
      vertex 20.4 -2.3 16.4
      vertex 17.8739 -2.3 15.6
      vertex 20.4 -2.3 15.6
    endloop
  endfacet
  facet normal 0 -1 0
    outer loop
      vertex 5 -2.3 12.4
      vertex 7.52611 -2.3 12.0406
      vertex 7.52611 -2.3 12.4
    endloop
  endfacet
  facet normal 0 -1 0
    outer loop
      vertex 12.8715 -2.3 11.6
      vertex 7.52611 -2.3 12.0406
      vertex 5 -2.3 11.6
    endloop
  endfacet
  facet normal 0 -1 0
    outer loop
      vertex 5 -2.3 11.6
      vertex 7.52611 -2.3 12.0406
      vertex 5 -2.3 12.4
    endloop
  endfacet
  facet normal 0 -1 0
    outer loop
      vertex 17.8739 -2.3 12.0406
      vertex 20.4 -2.3 12.4
      vertex 17.8739 -2.3 12.4
    endloop
  endfacet
  facet normal 0 -1 0
    outer loop
      vertex 7.52611 -2.3 12.0406
      vertex 12.8715 -2.3 11.6
      vertex 17.8739 -2.3 12.0406
    endloop
  endfacet
  facet normal 0 -1 0
    outer loop
      vertex 13.6715 -2.3 11.6
      vertex 17.8739 -2.3 12.0406
      vertex 12.8715 -2.3 11.6
    endloop
  endfacet
  facet normal 0 -1 0
    outer loop
      vertex 17.8739 -2.3 12.0406
      vertex 20.4 -2.3 11.6
      vertex 20.4 -2.3 12.4
    endloop
  endfacet
  facet normal 0 -1 0
    outer loop
      vertex 20.4 -2.3 11.6
      vertex 17.8739 -2.3 12.0406
      vertex 13.6715 -2.3 11.6
    endloop
  endfacet
  facet normal 0 -1 0
    outer loop
      vertex 12.613 -2.3 0
      vertex 13.413 -2.3 3.6
      vertex 12.613 -2.3 3.6
    endloop
  endfacet
  facet normal 0 -1 -0
    outer loop
      vertex 13.413 -2.3 3.6
      vertex 12.613 -2.3 0
      vertex 13.413 -2.3 0
    endloop
  endfacet
  facet normal 0 -1 0
    outer loop
      vertex 5 -2.3 3.6
      vertex 8.67125 -2.3 4.4
      vertex 5 -2.3 4.4
    endloop
  endfacet
  facet normal 0 -1 0
    outer loop
      vertex 12.613 -2.3 3.6
      vertex 8.67125 -2.3 4.4
      vertex 5 -2.3 3.6
    endloop
  endfacet
  facet normal 0 -1 0
    outer loop
      vertex 9.47125 -2.3 4.4
      vertex 12.613 -2.3 3.6
      vertex 16.5556 -2.3 4.4
    endloop
  endfacet
  facet normal 0 -1 0
    outer loop
      vertex 13.413 -2.3 3.6
      vertex 16.5556 -2.3 4.4
      vertex 12.613 -2.3 3.6
    endloop
  endfacet
  facet normal 0 -1 0
    outer loop
      vertex 8.67125 -2.3 4.4
      vertex 12.613 -2.3 3.6
      vertex 9.47125 -2.3 4.4
    endloop
  endfacet
  facet normal 0 -1 -0
    outer loop
      vertex 16.5556 -2.3 4.4
      vertex 13.413 -2.3 3.6
      vertex 17.3556 -2.3 4.4
    endloop
  endfacet
  facet normal 0 -1 0
    outer loop
      vertex 20.4 -2.3 3.6
      vertex 17.3556 -2.3 4.4
      vertex 13.413 -2.3 3.6
    endloop
  endfacet
  facet normal 0 -1 0
    outer loop
      vertex 17.3556 -2.3 4.4
      vertex 20.4 -2.3 3.6
      vertex 20.4 -2.3 4.4
    endloop
  endfacet
  facet normal 0 -1 0
    outer loop
      vertex 16.5556 -2.3 4.4
      vertex 17.3556 -2.3 7.6
      vertex 16.5556 -2.3 7.6
    endloop
  endfacet
  facet normal 0 -1 -0
    outer loop
      vertex 17.3556 -2.3 7.6
      vertex 16.5556 -2.3 4.4
      vertex 17.3556 -2.3 4.4
    endloop
  endfacet
  facet normal 0 -1 0
    outer loop
      vertex 8.67125 -2.3 4.4
      vertex 9.47125 -2.3 7.6
      vertex 8.67125 -2.3 7.6
    endloop
  endfacet
  facet normal 0 -1 -0
    outer loop
      vertex 9.47125 -2.3 7.6
      vertex 8.67125 -2.3 4.4
      vertex 9.47125 -2.3 4.4
    endloop
  endfacet
  facet normal 0 -1 0
    outer loop
      vertex 8.67125 -2.3 7.6
      vertex 12.8715 -2.3 8.4
      vertex 5 -2.3 8.4
    endloop
  endfacet
  facet normal 0 -1 0
    outer loop
      vertex 16.5556 -2.3 7.6
      vertex 12.8715 -2.3 8.4
      vertex 9.47125 -2.3 7.6
    endloop
  endfacet
  facet normal 0 -1 0
    outer loop
      vertex 8.67125 -2.3 7.6
      vertex 5 -2.3 8.4
      vertex 5 -2.3 7.6
    endloop
  endfacet
  facet normal 0 -1 0
    outer loop
      vertex 12.8715 -2.3 8.4
      vertex 8.67125 -2.3 7.6
      vertex 9.47125 -2.3 7.6
    endloop
  endfacet
  facet normal 0 -1 0
    outer loop
      vertex 12.8715 -2.3 8.4
      vertex 16.5556 -2.3 7.6
      vertex 13.6715 -2.3 8.4
    endloop
  endfacet
  facet normal 0 -1 0
    outer loop
      vertex 17.3556 -2.3 7.6
      vertex 13.6715 -2.3 8.4
      vertex 16.5556 -2.3 7.6
    endloop
  endfacet
  facet normal 0 -1 0
    outer loop
      vertex 13.6715 -2.3 8.4
      vertex 17.3556 -2.3 7.6
      vertex 20.4 -2.3 8.4
    endloop
  endfacet
  facet normal 0 -1 -0
    outer loop
      vertex 20.4 -2.3 8.4
      vertex 17.3556 -2.3 7.6
      vertex 20.4 -2.3 7.6
    endloop
  endfacet
  facet normal 0 -1 0
    outer loop
      vertex 12.8715 -2.3 8.4
      vertex 13.6715 -2.3 11.6
      vertex 12.8715 -2.3 11.6
    endloop
  endfacet
  facet normal 0 -1 -0
    outer loop
      vertex 13.6715 -2.3 11.6
      vertex 12.8715 -2.3 8.4
      vertex 13.6715 -2.3 8.4
    endloop
  endfacet
  facet normal 0 -1 0
    outer loop
      vertex 5 -2.3 19.6
      vertex 7.52611 -2.3 20.4
      vertex 5 -2.3 20.4
    endloop
  endfacet
  facet normal 0 -1 -0
    outer loop
      vertex 7.52611 -2.3 20.4
      vertex 5 -2.3 19.6
      vertex 7.52611 -2.3 19.6
    endloop
  endfacet
  facet normal 0 -1 0
    outer loop
      vertex 17.8739 -2.3 19.6
      vertex 20.4 -2.3 20.4
      vertex 17.8739 -2.3 20.4
    endloop
  endfacet
  facet normal 0 -1 -0
    outer loop
      vertex 20.4 -2.3 20.4
      vertex 17.8739 -2.3 19.6
      vertex 20.4 -2.3 19.6
    endloop
  endfacet
  facet normal 0 -1 0
    outer loop
      vertex 5 -2.3 27.6
      vertex 7.52611 -2.3 28.4
      vertex 5 -2.3 28.4
    endloop
  endfacet
  facet normal 0 -1 -0
    outer loop
      vertex 7.52611 -2.3 28.4
      vertex 5 -2.3 27.6
      vertex 7.52611 -2.3 27.6
    endloop
  endfacet
  facet normal 0 -1 0
    outer loop
      vertex 17.8739 -2.3 27.6
      vertex 20.4 -2.3 28.4
      vertex 17.8739 -2.3 28.4
    endloop
  endfacet
  facet normal 0 -1 -0
    outer loop
      vertex 20.4 -2.3 28.4
      vertex 17.8739 -2.3 27.6
      vertex 20.4 -2.3 27.6
    endloop
  endfacet
  facet normal 0 0 -1
    outer loop
      vertex 5 -2.79282 8.4
      vertex 12.8715 -2.3 8.4
      vertex 12.8715 -2.79282 8.4
    endloop
  endfacet
  facet normal -0 0 -1
    outer loop
      vertex 12.8715 -2.3 8.4
      vertex 5 -2.79282 8.4
      vertex 5 -2.3 8.4
    endloop
  endfacet
  facet normal 0 0 -1
    outer loop
      vertex 13.6715 -2.78703 8.4
      vertex 20.4 -2.3 8.4
      vertex 20.4 -2.78703 8.4
    endloop
  endfacet
  facet normal -0 0 -1
    outer loop
      vertex 20.4 -2.3 8.4
      vertex 13.6715 -2.78703 8.4
      vertex 13.6715 -2.3 8.4
    endloop
  endfacet
  facet normal -0 0 1
    outer loop
      vertex 17.3556 -2.3 7.6
      vertex 20.4 -2.79358 7.6
      vertex 20.4 -2.3 7.6
    endloop
  endfacet
  facet normal 0 0 1
    outer loop
      vertex 20.4 -2.79358 7.6
      vertex 17.3556 -2.3 7.6
      vertex 17.3556 -2.79358 7.6
    endloop
  endfacet
  facet normal -0 0 1
    outer loop
      vertex 5 -2.3 7.6
      vertex 8.67125 -3 7.6
      vertex 8.67125 -2.3 7.6
    endloop
  endfacet
  facet normal 0 0 1
    outer loop
      vertex 8.67125 -3 7.6
      vertex 5 -2.3 7.6
      vertex 5 -3 7.6
    endloop
  endfacet
  facet normal -0 0 1
    outer loop
      vertex 9.47125 -2.3 7.6
      vertex 16.5556 -3 7.6
      vertex 16.5556 -2.3 7.6
    endloop
  endfacet
  facet normal 0 0 1
    outer loop
      vertex 16.5556 -3 7.6
      vertex 9.47125 -2.3 7.6
      vertex 9.47125 -3 7.6
    endloop
  endfacet
  facet normal 1 0 0
    outer loop
      vertex 5 -2.3 12.4
      vertex 5 -2.79282 11.6
      vertex 5 -2.3 11.6
    endloop
  endfacet
  facet normal 1 0 0
    outer loop
      vertex 5 -2.79282 11.6
      vertex 5 -3 12.4
      vertex 5 -2.79282 8.4
    endloop
  endfacet
  facet normal 1 -0 0
    outer loop
      vertex 5 -3 12.4
      vertex 5 -2.79282 11.6
      vertex 5 -2.3 12.4
    endloop
  endfacet
  facet normal 1 -0 0
    outer loop
      vertex 5 -2.79282 8.4
      vertex 5 -2.3 7.6
      vertex 5 -2.3 8.4
    endloop
  endfacet
  facet normal 1 0 0
    outer loop
      vertex 5 -2.79282 8.4
      vertex 5 -3 7.6
      vertex 5 -2.3 7.6
    endloop
  endfacet
  facet normal 1 0 0
    outer loop
      vertex 5 -3 7.6
      vertex 5 -2.79282 8.4
      vertex 5 -3 12.4
    endloop
  endfacet
  facet normal 0 0 -1
    outer loop
      vertex 7.45 -3 12.4
      vertex 5 -3 12.4
      vertex 7.45 -2.41 12.4
    endloop
  endfacet
  facet normal 0 0 -1
    outer loop
      vertex 5 -2.3 12.4
      vertex 7.45 -2.41 12.4
      vertex 5 -3 12.4
    endloop
  endfacet
  facet normal 0 0 -1
    outer loop
      vertex 7.45 -2.41 12.4
      vertex 5 -2.3 12.4
      vertex 7.52611 -2.3 12.4
    endloop
  endfacet
  facet normal 0 0 -1
    outer loop
      vertex 17.95 -2.41 12.4
      vertex 20.4 -3 12.4
      vertex 17.95 -3 12.4
    endloop
  endfacet
  facet normal 0 0 -1
    outer loop
      vertex 20.4 -3 12.4
      vertex 17.95 -2.41 12.4
      vertex 20.4 -2.3 12.4
    endloop
  endfacet
  facet normal -0 0 -1
    outer loop
      vertex 20.4 -2.3 12.4
      vertex 17.95 -2.41 12.4
      vertex 17.8739 -2.3 12.4
    endloop
  endfacet
  facet normal -0 0 1
    outer loop
      vertex 13.6715 -2.3 11.6
      vertex 20.4 -2.78703 11.6
      vertex 20.4 -2.3 11.6
    endloop
  endfacet
  facet normal 0 0 1
    outer loop
      vertex 20.4 -2.78703 11.6
      vertex 13.6715 -2.3 11.6
      vertex 13.6715 -2.78703 11.6
    endloop
  endfacet
  facet normal -0 0 1
    outer loop
      vertex 5 -2.3 11.6
      vertex 12.8715 -2.79282 11.6
      vertex 12.8715 -2.3 11.6
    endloop
  endfacet
  facet normal 0 0 1
    outer loop
      vertex 12.8715 -2.79282 11.6
      vertex 5 -2.3 11.6
      vertex 5 -2.79282 11.6
    endloop
  endfacet
  facet normal -1 0 0
    outer loop
      vertex 20.4 -3 15.6
      vertex 20.4 -2.3 16.4
      vertex 20.4 -2.3 15.6
    endloop
  endfacet
  facet normal -1 -0 0
    outer loop
      vertex 20.4 -2.3 16.4
      vertex 20.4 -3 15.6
      vertex 20.4 -3 16.4
    endloop
  endfacet
  facet normal 0 0 -1
    outer loop
      vertex 7.45 -3 16.4
      vertex 5 -3 16.4
      vertex 7.45 -2.41 16.4
    endloop
  endfacet
  facet normal 0 0 -1
    outer loop
      vertex 5 -2.3 16.4
      vertex 7.45 -2.41 16.4
      vertex 5 -3 16.4
    endloop
  endfacet
  facet normal 0 0 -1
    outer loop
      vertex 7.45 -2.41 16.4
      vertex 5 -2.3 16.4
      vertex 7.52611 -2.3 16.4
    endloop
  endfacet
  facet normal 0 0 -1
    outer loop
      vertex 17.95 -2.41 16.4
      vertex 20.4 -3 16.4
      vertex 17.95 -3 16.4
    endloop
  endfacet
  facet normal 0 0 -1
    outer loop
      vertex 20.4 -3 16.4
      vertex 17.95 -2.41 16.4
      vertex 20.4 -2.3 16.4
    endloop
  endfacet
  facet normal -0 0 -1
    outer loop
      vertex 20.4 -2.3 16.4
      vertex 17.95 -2.41 16.4
      vertex 17.8739 -2.3 16.4
    endloop
  endfacet
  facet normal 0 0 1
    outer loop
      vertex 20.4 -2.3 15.6
      vertex 17.95 -2.41 15.6
      vertex 20.4 -3 15.6
    endloop
  endfacet
  facet normal 0 -0 1
    outer loop
      vertex 17.95 -2.41 15.6
      vertex 20.4 -2.3 15.6
      vertex 17.8739 -2.3 15.6
    endloop
  endfacet
  facet normal 0 0 1
    outer loop
      vertex 20.4 -3 15.6
      vertex 17.95 -2.41 15.6
      vertex 17.95 -3 15.6
    endloop
  endfacet
  facet normal -0 0 1
    outer loop
      vertex 5 -2.3 15.6
      vertex 7.45 -2.41 15.6
      vertex 7.52611 -2.3 15.6
    endloop
  endfacet
  facet normal 0 0 1
    outer loop
      vertex 5 -3 15.6
      vertex 7.45 -2.41 15.6
      vertex 5 -2.3 15.6
    endloop
  endfacet
  facet normal 0 0 1
    outer loop
      vertex 7.45 -2.41 15.6
      vertex 5 -3 15.6
      vertex 7.45 -3 15.6
    endloop
  endfacet
  facet normal 1 -0 0
    outer loop
      vertex 5 -3 16.4
      vertex 5 -2.3 15.6
      vertex 5 -2.3 16.4
    endloop
  endfacet
  facet normal 1 0 0
    outer loop
      vertex 5 -2.3 15.6
      vertex 5 -3 16.4
      vertex 5 -3 15.6
    endloop
  endfacet
  facet normal -1 0 0
    outer loop
      vertex 20.4 -2.3 19.6
      vertex 20.4 -2.70474 20.4
      vertex 20.4 -2.3 20.4
    endloop
  endfacet
  facet normal -1 -0 0
    outer loop
      vertex 20.4 -2.70474 20.4
      vertex 20.4 -3 19.6
      vertex 20.4 -2.70474 23.6
    endloop
  endfacet
  facet normal -1 0 0
    outer loop
      vertex 20.4 -3 19.6
      vertex 20.4 -2.70474 20.4
      vertex 20.4 -2.3 19.6
    endloop
  endfacet
  facet normal -1 0 0
    outer loop
      vertex 20.4 -2.70474 23.6
      vertex 20.4 -2.3 24.4
      vertex 20.4 -2.3 23.6
    endloop
  endfacet
  facet normal -1 0 0
    outer loop
      vertex 20.4 -2.70474 23.6
      vertex 20.4 -3 24.4
      vertex 20.4 -2.3 24.4
    endloop
  endfacet
  facet normal -1 0 0
    outer loop
      vertex 20.4 -3 24.4
      vertex 20.4 -2.70474 23.6
      vertex 20.4 -3 19.6
    endloop
  endfacet
  facet normal 0 0 -1
    outer loop
      vertex 7.45 -3 20.4
      vertex 5 -3 20.4
      vertex 7.45 -2.41 20.4
    endloop
  endfacet
  facet normal 0 0 -1
    outer loop
      vertex 5 -2.3 20.4
      vertex 7.45 -2.41 20.4
      vertex 5 -3 20.4
    endloop
  endfacet
  facet normal 0 0 -1
    outer loop
      vertex 7.45 -2.41 20.4
      vertex 5 -2.3 20.4
      vertex 7.52611 -2.3 20.4
    endloop
  endfacet
  facet normal 0 0 -1
    outer loop
      vertex 17.95 -2.41 20.4
      vertex 20.4 -2.70474 20.4
      vertex 17.95 -2.70474 20.4
    endloop
  endfacet
  facet normal 0 0 -1
    outer loop
      vertex 20.4 -2.70474 20.4
      vertex 17.95 -2.41 20.4
      vertex 20.4 -2.3 20.4
    endloop
  endfacet
  facet normal -0 0 -1
    outer loop
      vertex 20.4 -2.3 20.4
      vertex 17.95 -2.41 20.4
      vertex 17.8739 -2.3 20.4
    endloop
  endfacet
  facet normal 0 0 1
    outer loop
      vertex 20.4 -2.3 19.6
      vertex 17.95 -2.41 19.6
      vertex 20.4 -3 19.6
    endloop
  endfacet
  facet normal 0 -0 1
    outer loop
      vertex 17.95 -2.41 19.6
      vertex 20.4 -2.3 19.6
      vertex 17.8739 -2.3 19.6
    endloop
  endfacet
  facet normal 0 0 1
    outer loop
      vertex 20.4 -3 19.6
      vertex 17.95 -2.41 19.6
      vertex 17.95 -3 19.6
    endloop
  endfacet
  facet normal -0 0 1
    outer loop
      vertex 5 -2.3 19.6
      vertex 7.45 -2.41 19.6
      vertex 7.52611 -2.3 19.6
    endloop
  endfacet
  facet normal 0 0 1
    outer loop
      vertex 5 -3 19.6
      vertex 7.45 -2.41 19.6
      vertex 5 -2.3 19.6
    endloop
  endfacet
  facet normal 0 0 1
    outer loop
      vertex 7.45 -2.41 19.6
      vertex 5 -3 19.6
      vertex 7.45 -3 19.6
    endloop
  endfacet
  facet normal 1 -0 0
    outer loop
      vertex 5 -3 20.4
      vertex 5 -2.3 19.6
      vertex 5 -2.3 20.4
    endloop
  endfacet
  facet normal 1 0 0
    outer loop
      vertex 5 -2.3 19.6
      vertex 5 -3 20.4
      vertex 5 -3 19.6
    endloop
  endfacet
  facet normal 0 0 -1
    outer loop
      vertex 17.95 -2.41 24.4
      vertex 20.4 -3 24.4
      vertex 17.95 -3 24.4
    endloop
  endfacet
  facet normal 0 0 -1
    outer loop
      vertex 20.4 -3 24.4
      vertex 17.95 -2.41 24.4
      vertex 20.4 -2.3 24.4
    endloop
  endfacet
  facet normal -0 0 -1
    outer loop
      vertex 20.4 -2.3 24.4
      vertex 17.95 -2.41 24.4
      vertex 17.8739 -2.3 24.4
    endloop
  endfacet
  facet normal 0 0 -1
    outer loop
      vertex 7.45 -2.76284 24.4
      vertex 5 -2.76284 24.4
      vertex 7.45 -2.41 24.4
    endloop
  endfacet
  facet normal 0 0 -1
    outer loop
      vertex 5 -2.3 24.4
      vertex 7.45 -2.41 24.4
      vertex 5 -2.76284 24.4
    endloop
  endfacet
  facet normal 0 0 -1
    outer loop
      vertex 7.45 -2.41 24.4
      vertex 5 -2.3 24.4
      vertex 7.52611 -2.3 24.4
    endloop
  endfacet
  facet normal 0 0 1
    outer loop
      vertex 20.4 -2.3 23.6
      vertex 17.95 -2.41 23.6
      vertex 20.4 -2.70474 23.6
    endloop
  endfacet
  facet normal 0 -0 1
    outer loop
      vertex 17.95 -2.41 23.6
      vertex 20.4 -2.3 23.6
      vertex 17.8739 -2.3 23.6
    endloop
  endfacet
  facet normal 0 0 1
    outer loop
      vertex 20.4 -2.70474 23.6
      vertex 17.95 -2.41 23.6
      vertex 17.95 -2.70474 23.6
    endloop
  endfacet
  facet normal -0 0 1
    outer loop
      vertex 5 -2.3 23.6
      vertex 7.45 -2.41 23.6
      vertex 7.52611 -2.3 23.6
    endloop
  endfacet
  facet normal 0 0 1
    outer loop
      vertex 5 -3 23.6
      vertex 7.45 -2.41 23.6
      vertex 5 -2.3 23.6
    endloop
  endfacet
  facet normal 0 0 1
    outer loop
      vertex 7.45 -2.41 23.6
      vertex 5 -3 23.6
      vertex 7.45 -3 23.6
    endloop
  endfacet
  facet normal 1 0 0
    outer loop
      vertex 5 -2.3 28.4
      vertex 5 -2.76284 27.6
      vertex 5 -2.3 27.6
    endloop
  endfacet
  facet normal 1 0 0
    outer loop
      vertex 5 -2.76284 27.6
      vertex 5 -3 28.4
      vertex 5 -2.76284 24.4
    endloop
  endfacet
  facet normal 1 -0 0
    outer loop
      vertex 5 -3 28.4
      vertex 5 -2.76284 27.6
      vertex 5 -2.3 28.4
    endloop
  endfacet
  facet normal 1 -0 0
    outer loop
      vertex 5 -2.76284 24.4
      vertex 5 -2.3 23.6
      vertex 5 -2.3 24.4
    endloop
  endfacet
  facet normal 1 0 0
    outer loop
      vertex 5 -2.76284 24.4
      vertex 5 -3 23.6
      vertex 5 -2.3 23.6
    endloop
  endfacet
  facet normal 1 0 0
    outer loop
      vertex 5 -3 23.6
      vertex 5 -2.76284 24.4
      vertex 5 -3 28.4
    endloop
  endfacet
  facet normal -1 0 0
    outer loop
      vertex 20.4 -3 27.6
      vertex 20.4 -2.3 28.4
      vertex 20.4 -2.3 27.6
    endloop
  endfacet
  facet normal -1 -0 0
    outer loop
      vertex 20.4 -2.3 28.4
      vertex 20.4 -3 27.6
      vertex 20.4 -3 28.4
    endloop
  endfacet
  facet normal 0 0 -1
    outer loop
      vertex 7.45 -3 28.4
      vertex 5 -3 28.4
      vertex 7.45 -2.41 28.4
    endloop
  endfacet
  facet normal 0 0 -1
    outer loop
      vertex 5 -2.3 28.4
      vertex 7.45 -2.41 28.4
      vertex 5 -3 28.4
    endloop
  endfacet
  facet normal 0 0 -1
    outer loop
      vertex 7.45 -2.41 28.4
      vertex 5 -2.3 28.4
      vertex 7.52611 -2.3 28.4
    endloop
  endfacet
  facet normal 0 0 -1
    outer loop
      vertex 17.95 -2.41 28.4
      vertex 20.4 -3 28.4
      vertex 17.95 -3 28.4
    endloop
  endfacet
  facet normal 0 0 -1
    outer loop
      vertex 20.4 -3 28.4
      vertex 17.95 -2.41 28.4
      vertex 20.4 -2.3 28.4
    endloop
  endfacet
  facet normal -0 0 -1
    outer loop
      vertex 20.4 -2.3 28.4
      vertex 17.95 -2.41 28.4
      vertex 17.8739 -2.3 28.4
    endloop
  endfacet
  facet normal 0 0 1
    outer loop
      vertex 20.4 -2.3 27.6
      vertex 17.95 -2.41 27.6
      vertex 20.4 -3 27.6
    endloop
  endfacet
  facet normal 0 -0 1
    outer loop
      vertex 17.95 -2.41 27.6
      vertex 20.4 -2.3 27.6
      vertex 17.8739 -2.3 27.6
    endloop
  endfacet
  facet normal 0 0 1
    outer loop
      vertex 20.4 -3 27.6
      vertex 17.95 -2.41 27.6
      vertex 17.95 -3 27.6
    endloop
  endfacet
  facet normal -0 0 1
    outer loop
      vertex 5 -2.3 27.6
      vertex 7.45 -2.41 27.6
      vertex 7.52611 -2.3 27.6
    endloop
  endfacet
  facet normal 0 0 1
    outer loop
      vertex 5 -2.76284 27.6
      vertex 7.45 -2.41 27.6
      vertex 5 -2.3 27.6
    endloop
  endfacet
  facet normal 0 0 1
    outer loop
      vertex 7.45 -2.41 27.6
      vertex 5 -2.76284 27.6
      vertex 7.45 -2.76284 27.6
    endloop
  endfacet
  facet normal -1 0 0
    outer loop
      vertex 20.4 -2.3 31.6
      vertex 20.4 -2.76387 32.4
      vertex 20.4 -2.3 32.4
    endloop
  endfacet
  facet normal -1 -0 0
    outer loop
      vertex 20.4 -2.76387 32.4
      vertex 20.4 -3 31.6
      vertex 20.4 -2.76387 35.6
    endloop
  endfacet
  facet normal -1 0 0
    outer loop
      vertex 20.4 -3 31.6
      vertex 20.4 -2.76387 32.4
      vertex 20.4 -2.3 31.6
    endloop
  endfacet
  facet normal -1 0 0
    outer loop
      vertex 20.4 -2.76387 35.6
      vertex 20.4 -2.3 36.4
      vertex 20.4 -2.3 35.6
    endloop
  endfacet
  facet normal -1 0 0
    outer loop
      vertex 20.4 -2.76387 35.6
      vertex 20.4 -3 36.4
      vertex 20.4 -2.3 36.4
    endloop
  endfacet
  facet normal -1 0 0
    outer loop
      vertex 20.4 -3 36.4
      vertex 20.4 -2.76387 35.6
      vertex 20.4 -3 31.6
    endloop
  endfacet
  facet normal 0 0 -1
    outer loop
      vertex 7.45 -3 32.4
      vertex 5 -3 32.4
      vertex 7.45 -2.41 32.4
    endloop
  endfacet
  facet normal 0 0 -1
    outer loop
      vertex 5 -2.3 32.4
      vertex 7.45 -2.41 32.4
      vertex 5 -3 32.4
    endloop
  endfacet
  facet normal 0 0 -1
    outer loop
      vertex 7.45 -2.41 32.4
      vertex 5 -2.3 32.4
      vertex 7.52611 -2.3 32.4
    endloop
  endfacet
  facet normal 0 0 -1
    outer loop
      vertex 17.95 -2.41 32.4
      vertex 20.4 -2.76387 32.4
      vertex 17.95 -2.76387 32.4
    endloop
  endfacet
  facet normal 0 0 -1
    outer loop
      vertex 20.4 -2.76387 32.4
      vertex 17.95 -2.41 32.4
      vertex 20.4 -2.3 32.4
    endloop
  endfacet
  facet normal -0 0 -1
    outer loop
      vertex 20.4 -2.3 32.4
      vertex 17.95 -2.41 32.4
      vertex 17.8739 -2.3 32.4
    endloop
  endfacet
  facet normal 0 0 1
    outer loop
      vertex 20.4 -2.3 31.6
      vertex 17.95 -2.41 31.6
      vertex 20.4 -3 31.6
    endloop
  endfacet
  facet normal 0 -0 1
    outer loop
      vertex 17.95 -2.41 31.6
      vertex 20.4 -2.3 31.6
      vertex 17.8739 -2.3 31.6
    endloop
  endfacet
  facet normal 0 0 1
    outer loop
      vertex 20.4 -3 31.6
      vertex 17.95 -2.41 31.6
      vertex 17.95 -3 31.6
    endloop
  endfacet
  facet normal -0 0 1
    outer loop
      vertex 5 -2.3 31.6
      vertex 7.45 -2.41 31.6
      vertex 7.52611 -2.3 31.6
    endloop
  endfacet
  facet normal 0 0 1
    outer loop
      vertex 5 -3 31.6
      vertex 7.45 -2.41 31.6
      vertex 5 -2.3 31.6
    endloop
  endfacet
  facet normal 0 0 1
    outer loop
      vertex 7.45 -2.41 31.6
      vertex 5 -3 31.6
      vertex 7.45 -3 31.6
    endloop
  endfacet
  facet normal 1 -0 0
    outer loop
      vertex 5 -3 32.4
      vertex 5 -2.3 31.6
      vertex 5 -2.3 32.4
    endloop
  endfacet
  facet normal 1 0 0
    outer loop
      vertex 5 -2.3 31.6
      vertex 5 -3 32.4
      vertex 5 -3 31.6
    endloop
  endfacet
  facet normal 0 0 -1
    outer loop
      vertex 7.45 -3 36.4
      vertex 5 -3 36.4
      vertex 7.45 -2.41 36.4
    endloop
  endfacet
  facet normal 0 0 -1
    outer loop
      vertex 5 -2.3 36.4
      vertex 7.45 -2.41 36.4
      vertex 5 -3 36.4
    endloop
  endfacet
  facet normal 0 0 -1
    outer loop
      vertex 7.45 -2.41 36.4
      vertex 5 -2.3 36.4
      vertex 7.52611 -2.3 36.4
    endloop
  endfacet
  facet normal 0 0 -1
    outer loop
      vertex 17.95 -2.41 36.4
      vertex 20.4 -3 36.4
      vertex 17.95 -3 36.4
    endloop
  endfacet
  facet normal 0 0 -1
    outer loop
      vertex 20.4 -3 36.4
      vertex 17.95 -2.41 36.4
      vertex 20.4 -2.3 36.4
    endloop
  endfacet
  facet normal -0 0 -1
    outer loop
      vertex 20.4 -2.3 36.4
      vertex 17.95 -2.41 36.4
      vertex 17.8739 -2.3 36.4
    endloop
  endfacet
  facet normal 0 0 1
    outer loop
      vertex 20.4 -2.3 35.6
      vertex 17.95 -2.41 35.6
      vertex 20.4 -2.76387 35.6
    endloop
  endfacet
  facet normal 0 -0 1
    outer loop
      vertex 17.95 -2.41 35.6
      vertex 20.4 -2.3 35.6
      vertex 17.8739 -2.3 35.6
    endloop
  endfacet
  facet normal 0 0 1
    outer loop
      vertex 20.4 -2.76387 35.6
      vertex 17.95 -2.41 35.6
      vertex 17.95 -2.76387 35.6
    endloop
  endfacet
  facet normal -0 0 1
    outer loop
      vertex 5 -2.3 35.6
      vertex 7.45 -2.41 35.6
      vertex 7.52611 -2.3 35.6
    endloop
  endfacet
  facet normal 0 0 1
    outer loop
      vertex 5 -3 35.6
      vertex 7.45 -2.41 35.6
      vertex 5 -2.3 35.6
    endloop
  endfacet
  facet normal 0 0 1
    outer loop
      vertex 7.45 -2.41 35.6
      vertex 5 -3 35.6
      vertex 7.45 -3 35.6
    endloop
  endfacet
  facet normal 1 -0 0
    outer loop
      vertex 5 -3 36.4
      vertex 5 -2.3 35.6
      vertex 5 -2.3 36.4
    endloop
  endfacet
  facet normal 1 0 0
    outer loop
      vertex 5 -2.3 35.6
      vertex 5 -3 36.4
      vertex 5 -3 35.6
    endloop
  endfacet
  facet normal -1 0 0
    outer loop
      vertex 20.4 -2.3 39.6
      vertex 20.4 -2.80521 40.4
      vertex 20.4 -2.3 40.4
    endloop
  endfacet
  facet normal -1 -0 0
    outer loop
      vertex 20.4 -2.80521 40.4
      vertex 20.4 -3 39.6
      vertex 20.4 -2.80521 43.6
    endloop
  endfacet
  facet normal -1 0 0
    outer loop
      vertex 20.4 -3 39.6
      vertex 20.4 -2.80521 40.4
      vertex 20.4 -2.3 39.6
    endloop
  endfacet
  facet normal -1 0 0
    outer loop
      vertex 20.4 -2.3 43.6
      vertex 20.4 -2.78574 44.4
      vertex 20.4 -2.3 44.4
    endloop
  endfacet
  facet normal -1 0 0
    outer loop
      vertex 20.4 -2.80521 43.6
      vertex 20.4 -2.78574 44.4
      vertex 20.4 -2.3 43.6
    endloop
  endfacet
  facet normal -1 0 0
    outer loop
      vertex 20.4 -3 48
      vertex 20.4 -2.78574 44.4
      vertex 20.4 -2.80521 43.6
    endloop
  endfacet
  facet normal -1 0 0
    outer loop
      vertex 20.4 -3 48
      vertex 20.4 -2.80521 43.6
      vertex 20.4 -3 39.6
    endloop
  endfacet
  facet normal -1 0 0
    outer loop
      vertex 20.4 -2.78574 44.4
      vertex 20.4 -3 48
      vertex 20.4 -2.78574 48
    endloop
  endfacet
  facet normal 0 0 -1
    outer loop
      vertex 5 -3 40.4
      vertex 12.7544 -2.3 40.4
      vertex 12.7544 -3 40.4
    endloop
  endfacet
  facet normal -0 0 -1
    outer loop
      vertex 12.7544 -2.3 40.4
      vertex 5 -3 40.4
      vertex 5 -2.3 40.4
    endloop
  endfacet
  facet normal 0 0 -1
    outer loop
      vertex 13.5544 -2.80521 40.4
      vertex 20.4 -2.3 40.4
      vertex 20.4 -2.80521 40.4
    endloop
  endfacet
  facet normal -0 0 -1
    outer loop
      vertex 20.4 -2.3 40.4
      vertex 13.5544 -2.80521 40.4
      vertex 13.5544 -2.3 40.4
    endloop
  endfacet
  facet normal 0 0 1
    outer loop
      vertex 20.4 -2.3 39.6
      vertex 17.95 -2.41 39.6
      vertex 20.4 -3 39.6
    endloop
  endfacet
  facet normal 0 -0 1
    outer loop
      vertex 17.95 -2.41 39.6
      vertex 20.4 -2.3 39.6
      vertex 17.8739 -2.3 39.6
    endloop
  endfacet
  facet normal 0 0 1
    outer loop
      vertex 20.4 -3 39.6
      vertex 17.95 -2.41 39.6
      vertex 17.95 -3 39.6
    endloop
  endfacet
  facet normal -0 0 1
    outer loop
      vertex 5 -2.3 39.6
      vertex 7.45 -2.41 39.6
      vertex 7.52611 -2.3 39.6
    endloop
  endfacet
  facet normal 0 0 1
    outer loop
      vertex 5 -3 39.6
      vertex 7.45 -2.41 39.6
      vertex 5 -2.3 39.6
    endloop
  endfacet
  facet normal 0 0 1
    outer loop
      vertex 7.45 -2.41 39.6
      vertex 5 -3 39.6
      vertex 7.45 -3 39.6
    endloop
  endfacet
  facet normal 1 -0 0
    outer loop
      vertex 5 -3 40.4
      vertex 5 -2.3 39.6
      vertex 5 -2.3 40.4
    endloop
  endfacet
  facet normal 1 0 0
    outer loop
      vertex 5 -2.3 39.6
      vertex 5 -3 40.4
      vertex 5 -3 39.6
    endloop
  endfacet
  facet normal 0 0 -1
    outer loop
      vertex 5 -3 44.4
      vertex 8.89627 -2.3 44.4
      vertex 8.89627 -3 44.4
    endloop
  endfacet
  facet normal -0 0 -1
    outer loop
      vertex 8.89627 -2.3 44.4
      vertex 5 -3 44.4
      vertex 5 -2.3 44.4
    endloop
  endfacet
  facet normal 0 0 -1
    outer loop
      vertex 17.0731 -2.78574 44.4
      vertex 20.4 -2.3 44.4
      vertex 20.4 -2.78574 44.4
    endloop
  endfacet
  facet normal -0 0 -1
    outer loop
      vertex 20.4 -2.3 44.4
      vertex 17.0731 -2.78574 44.4
      vertex 17.0731 -2.3 44.4
    endloop
  endfacet
  facet normal 0 0 -1
    outer loop
      vertex 9.69627 -2.82012 44.4
      vertex 16.2731 -2.3 44.4
      vertex 16.2731 -2.82012 44.4
    endloop
  endfacet
  facet normal -0 0 -1
    outer loop
      vertex 16.2731 -2.3 44.4
      vertex 9.69627 -2.82012 44.4
      vertex 9.69627 -2.3 44.4
    endloop
  endfacet
  facet normal -0 0 1
    outer loop
      vertex 13.5544 -2.3 43.6
      vertex 20.4 -2.80521 43.6
      vertex 20.4 -2.3 43.6
    endloop
  endfacet
  facet normal 0 0 1
    outer loop
      vertex 20.4 -2.80521 43.6
      vertex 13.5544 -2.3 43.6
      vertex 13.5544 -2.80521 43.6
    endloop
  endfacet
  facet normal -0 0 1
    outer loop
      vertex 5 -2.3 43.6
      vertex 12.7544 -3 43.6
      vertex 12.7544 -2.3 43.6
    endloop
  endfacet
  facet normal 0 0 1
    outer loop
      vertex 12.7544 -3 43.6
      vertex 5 -2.3 43.6
      vertex 5 -3 43.6
    endloop
  endfacet
  facet normal 1 -0 0
    outer loop
      vertex 5 -3 44.4
      vertex 5 -2.3 43.6
      vertex 5 -2.3 44.4
    endloop
  endfacet
  facet normal 1 0 0
    outer loop
      vertex 5 -2.3 43.6
      vertex 5 -3 44.4
      vertex 5 -3 43.6
    endloop
  endfacet
  facet normal -1 0 0
    outer loop
      vertex 9.47125 -3 4.4
      vertex 9.47125 -2.3 7.6
      vertex 9.47125 -2.3 4.4
    endloop
  endfacet
  facet normal -1 -0 0
    outer loop
      vertex 9.47125 -2.3 7.6
      vertex 9.47125 -3 4.4
      vertex 9.47125 -3 7.6
    endloop
  endfacet
  facet normal 1 -0 0
    outer loop
      vertex 8.67125 -3 7.6
      vertex 8.67125 -2.3 4.4
      vertex 8.67125 -2.3 7.6
    endloop
  endfacet
  facet normal 1 0 0
    outer loop
      vertex 8.67125 -2.3 4.4
      vertex 8.67125 -3 7.6
      vertex 8.67125 -3 4.4
    endloop
  endfacet
  facet normal -1 0 0
    outer loop
      vertex 17.3556 -2.79358 4.4
      vertex 17.3556 -2.3 7.6
      vertex 17.3556 -2.3 4.4
    endloop
  endfacet
  facet normal -1 -0 0
    outer loop
      vertex 17.3556 -2.3 7.6
      vertex 17.3556 -2.79358 4.4
      vertex 17.3556 -2.79358 7.6
    endloop
  endfacet
  facet normal 1 -0 0
    outer loop
      vertex 16.5556 -3 7.6
      vertex 16.5556 -2.3 4.4
      vertex 16.5556 -2.3 7.6
    endloop
  endfacet
  facet normal 1 0 0
    outer loop
      vertex 16.5556 -2.3 4.4
      vertex 16.5556 -3 7.6
      vertex 16.5556 -3 4.4
    endloop
  endfacet
  facet normal -1 0 0
    outer loop
      vertex 9.69627 -2.82012 44.4
      vertex 9.69627 -2.3 48
      vertex 9.69627 -2.3 44.4
    endloop
  endfacet
  facet normal -1 -0 0
    outer loop
      vertex 9.69627 -2.3 48
      vertex 9.69627 -2.82012 44.4
      vertex 9.69627 -2.82012 48
    endloop
  endfacet
  facet normal 0 0 -1
    outer loop
      vertex 20.4 -3 48
      vertex 17.0731 -2.78574 48
      vertex 20.4 -2.78574 48
    endloop
  endfacet
  facet normal 0 0 -1
    outer loop
      vertex 16.2731 -2.3 48
      vertex 17.0731 -2.78574 48
      vertex 16.2731 -2.82012 48
    endloop
  endfacet
  facet normal 0 0 -1
    outer loop
      vertex 20.4 -3 48
      vertex 16.2731 -2.82012 48
      vertex 17.0731 -2.78574 48
    endloop
  endfacet
  facet normal 0 0 -1
    outer loop
      vertex 8.89627 -3 48
      vertex 16.2731 -2.82012 48
      vertex 20.4 -3 48
    endloop
  endfacet
  facet normal -0 0 -1
    outer loop
      vertex 16.2731 -2.82012 48
      vertex 8.89627 -3 48
      vertex 9.69627 -2.82012 48
    endloop
  endfacet
  facet normal 0 0 -1
    outer loop
      vertex 8.89627 -2.3 48
      vertex 9.69627 -2.82012 48
      vertex 8.89627 -3 48
    endloop
  endfacet
  facet normal 0 0 -1
    outer loop
      vertex 9.69627 -2.82012 48
      vertex 8.89627 -2.3 48
      vertex 9.69627 -2.3 48
    endloop
  endfacet
  facet normal 0 0 -1
    outer loop
      vertex 17.0731 -2.78574 48
      vertex 16.2731 -2.3 48
      vertex 17.0731 -2.3 48
    endloop
  endfacet
  facet normal 1 -0 0
    outer loop
      vertex 8.89627 -3 48
      vertex 8.89627 -2.3 44.4
      vertex 8.89627 -2.3 48
    endloop
  endfacet
  facet normal 1 0 0
    outer loop
      vertex 8.89627 -2.3 44.4
      vertex 8.89627 -3 48
      vertex 8.89627 -3 44.4
    endloop
  endfacet
  facet normal -1 0 0
    outer loop
      vertex 17.0731 -2.78574 44.4
      vertex 17.0731 -2.3 48
      vertex 17.0731 -2.3 44.4
    endloop
  endfacet
  facet normal -1 -0 0
    outer loop
      vertex 17.0731 -2.3 48
      vertex 17.0731 -2.78574 44.4
      vertex 17.0731 -2.78574 48
    endloop
  endfacet
  facet normal 1 -0 0
    outer loop
      vertex 16.2731 -2.82012 48
      vertex 16.2731 -2.3 44.4
      vertex 16.2731 -2.3 48
    endloop
  endfacet
  facet normal 1 0 0
    outer loop
      vertex 16.2731 -2.3 44.4
      vertex 16.2731 -2.82012 48
      vertex 16.2731 -2.82012 44.4
    endloop
  endfacet
  facet normal -1 0 0
    outer loop
      vertex 13.413 -3 0
      vertex 13.413 -2.3 3.6
      vertex 13.413 -2.3 0
    endloop
  endfacet
  facet normal -1 -0 0
    outer loop
      vertex 13.413 -2.3 3.6
      vertex 13.413 -3 0
      vertex 13.413 -3 3.6
    endloop
  endfacet
  facet normal 1 -0 0
    outer loop
      vertex 12.613 -2.76868 3.6
      vertex 12.613 -2.3 0
      vertex 12.613 -2.3 3.6
    endloop
  endfacet
  facet normal 1 0 0
    outer loop
      vertex 12.613 -2.3 0
      vertex 12.613 -2.76868 3.6
      vertex 12.613 -2.76868 0
    endloop
  endfacet
  facet normal -1 0 0
    outer loop
      vertex 13.6715 -2.78703 8.4
      vertex 13.6715 -2.3 11.6
      vertex 13.6715 -2.3 8.4
    endloop
  endfacet
  facet normal -1 -0 0
    outer loop
      vertex 13.6715 -2.3 11.6
      vertex 13.6715 -2.78703 8.4
      vertex 13.6715 -2.78703 11.6
    endloop
  endfacet
  facet normal 1 -0 0
    outer loop
      vertex 12.8715 -2.79282 11.6
      vertex 12.8715 -2.3 8.4
      vertex 12.8715 -2.3 11.6
    endloop
  endfacet
  facet normal 1 0 0
    outer loop
      vertex 12.8715 -2.3 8.4
      vertex 12.8715 -2.79282 11.6
      vertex 12.8715 -2.79282 8.4
    endloop
  endfacet
  facet normal -1 0 0
    outer loop
      vertex 13.5544 -2.80521 40.4
      vertex 13.5544 -2.3 43.6
      vertex 13.5544 -2.3 40.4
    endloop
  endfacet
  facet normal -1 -0 0
    outer loop
      vertex 13.5544 -2.3 43.6
      vertex 13.5544 -2.80521 40.4
      vertex 13.5544 -2.80521 43.6
    endloop
  endfacet
  facet normal 1 -0 0
    outer loop
      vertex 12.7544 -3 43.6
      vertex 12.7544 -2.3 40.4
      vertex 12.7544 -2.3 43.6
    endloop
  endfacet
  facet normal 1 0 0
    outer loop
      vertex 12.7544 -2.3 40.4
      vertex 12.7544 -3 43.6
      vertex 12.7544 -3 40.4
    endloop
  endfacet
  facet normal 0 -1 0
    outer loop
      vertex 5 -2.79282 8.4
      vertex 12.8715 -2.79282 11.6
      vertex 5 -2.79282 11.6
    endloop
  endfacet
  facet normal 0 -1 -0
    outer loop
      vertex 12.8715 -2.79282 11.6
      vertex 5 -2.79282 8.4
      vertex 12.8715 -2.79282 8.4
    endloop
  endfacet
  facet normal 0 -1 0
    outer loop
      vertex 13.6715 -2.78703 8.4
      vertex 20.4 -2.78703 11.6
      vertex 13.6715 -2.78703 11.6
    endloop
  endfacet
  facet normal 0 -1 -0
    outer loop
      vertex 20.4 -2.78703 11.6
      vertex 13.6715 -2.78703 8.4
      vertex 20.4 -2.78703 8.4
    endloop
  endfacet
  facet normal 0 -1 0
    outer loop
      vertex 17.95 -2.70474 20.4
      vertex 20.4 -2.70474 23.6
      vertex 17.95 -2.70474 23.6
    endloop
  endfacet
  facet normal 0 -1 -0
    outer loop
      vertex 20.4 -2.70474 23.6
      vertex 17.95 -2.70474 20.4
      vertex 20.4 -2.70474 20.4
    endloop
  endfacet
  facet normal 0 -1 0
    outer loop
      vertex 9.69627 -2.82012 44.4
      vertex 16.2731 -2.82012 48
      vertex 9.69627 -2.82012 48
    endloop
  endfacet
  facet normal 0 -1 -0
    outer loop
      vertex 16.2731 -2.82012 48
      vertex 9.69627 -2.82012 44.4
      vertex 16.2731 -2.82012 44.4
    endloop
  endfacet
  facet normal 0 -1 0
    outer loop
      vertex 17.0731 -2.78574 44.4
      vertex 20.4 -2.78574 48
      vertex 17.0731 -2.78574 48
    endloop
  endfacet
  facet normal 0 -1 -0
    outer loop
      vertex 20.4 -2.78574 48
      vertex 17.0731 -2.78574 44.4
      vertex 20.4 -2.78574 44.4
    endloop
  endfacet
  facet normal 0 -1 0
    outer loop
      vertex 5 -2.76868 0
      vertex 12.613 -2.76868 3.6
      vertex 5 -2.76868 3.6
    endloop
  endfacet
  facet normal 0 -1 -0
    outer loop
      vertex 12.613 -2.76868 3.6
      vertex 5 -2.76868 0
      vertex 12.613 -2.76868 0
    endloop
  endfacet
  facet normal 0 -1 0
    outer loop
      vertex 17.3556 -2.79358 4.4
      vertex 20.4 -2.79358 7.6
      vertex 17.3556 -2.79358 7.6
    endloop
  endfacet
  facet normal 0 -1 -0
    outer loop
      vertex 20.4 -2.79358 7.6
      vertex 17.3556 -2.79358 4.4
      vertex 20.4 -2.79358 4.4
    endloop
  endfacet
  facet normal 0 -1 0
    outer loop
      vertex 5 -2.76284 24.4
      vertex 7.45 -2.76284 27.6
      vertex 5 -2.76284 27.6
    endloop
  endfacet
  facet normal 0 -1 -0
    outer loop
      vertex 7.45 -2.76284 27.6
      vertex 5 -2.76284 24.4
      vertex 7.45 -2.76284 24.4
    endloop
  endfacet
  facet normal 0 -1 0
    outer loop
      vertex 17.95 -2.76387 32.4
      vertex 20.4 -2.76387 35.6
      vertex 17.95 -2.76387 35.6
    endloop
  endfacet
  facet normal 0 -1 -0
    outer loop
      vertex 20.4 -2.76387 35.6
      vertex 17.95 -2.76387 32.4
      vertex 20.4 -2.76387 32.4
    endloop
  endfacet
  facet normal 0 -1 0
    outer loop
      vertex 13.5544 -2.80521 40.4
      vertex 20.4 -2.80521 43.6
      vertex 13.5544 -2.80521 43.6
    endloop
  endfacet
  facet normal 0 -1 -0
    outer loop
      vertex 20.4 -2.80521 43.6
      vertex 13.5544 -2.80521 40.4
      vertex 20.4 -2.80521 40.4
    endloop
  endfacet
  facet normal -0 0 1
    outer loop
      vertex 0 1.5 -0.00999928
      vertex 4.14999 -1.5 -0.00999928
      vertex 4.14999 1.5 -0.00999928
    endloop
  endfacet
  facet normal 0 0 1
    outer loop
      vertex 4.14999 -1.5 -0.00999928
      vertex 0 1.5 -0.00999928
      vertex 0 -1.5 -0.00999928
    endloop
  endfacet
  facet normal -1 0 0
    outer loop
      vertex 4.14999 1.5 -0.00999928
      vertex 4.14999 -1.5 -0.00999928
      vertex 4.14999 1.5 0
    endloop
  endfacet
  facet normal -1 0 0
    outer loop
      vertex 4.14999 1.5 0
      vertex 4.14999 2.54999 50.8
      vertex 4.14999 2.54999 0
    endloop
  endfacet
  facet normal -1 0 0
    outer loop
      vertex 4.14999 -1.5 0
      vertex 4.14999 1.5 0
      vertex 4.14999 -1.5 -0.00999928
    endloop
  endfacet
  facet normal -1 0 0
    outer loop
      vertex 4.14999 1.5 0
      vertex 4.14999 -1.5 0
      vertex 4.14999 2.54999 50.8
    endloop
  endfacet
  facet normal -1 0 0
    outer loop
      vertex 4.14999 -2.54999 50.8
      vertex 4.14999 -1.5 0
      vertex 4.14999 -2.54999 0
    endloop
  endfacet
  facet normal -1 0 0
    outer loop
      vertex 4.14999 -1.5 0
      vertex 4.14999 -2.54999 50.8
      vertex 4.14999 2.54999 50.8
    endloop
  endfacet
  facet normal 0.211453 0.977388 -0
    outer loop
      vertex 4.14999 -2.54999 0
      vertex 0 -1.65216 50.8
      vertex 4.14999 -2.54999 50.8
    endloop
  endfacet
  facet normal 0.211453 0.977388 0
    outer loop
      vertex 0 -1.65216 50.8
      vertex 4.14999 -2.54999 0
      vertex 0 -1.65216 0
    endloop
  endfacet
  facet normal 0.211453 -0.977388 0
    outer loop
      vertex 0 1.65216 0
      vertex 4.14999 2.54999 50.8
      vertex 0 1.65216 50.8
    endloop
  endfacet
  facet normal 0.211453 -0.977388 0
    outer loop
      vertex 4.14999 2.54999 50.8
      vertex 0 1.65216 0
      vertex 4.14999 2.54999 0
    endloop
  endfacet
  facet normal 1 -0 0
    outer loop
      vertex 7.45 -3 15.6
      vertex 7.45 -2.41 12.4
      vertex 7.45 -2.41 15.6
    endloop
  endfacet
  facet normal 1 0 0
    outer loop
      vertex 7.45 -2.41 12.4
      vertex 7.45 -3 15.6
      vertex 7.45 -3 12.4
    endloop
  endfacet
  facet normal 1 -0 0
    outer loop
      vertex 7.45 -3 19.6
      vertex 7.45 -2.41 16.4
      vertex 7.45 -2.41 19.6
    endloop
  endfacet
  facet normal 1 0 0
    outer loop
      vertex 7.45 -2.41 16.4
      vertex 7.45 -3 19.6
      vertex 7.45 -3 16.4
    endloop
  endfacet
  facet normal 1 -0 0
    outer loop
      vertex 7.45 -3 23.6
      vertex 7.45 -2.41 20.4
      vertex 7.45 -2.41 23.6
    endloop
  endfacet
  facet normal 1 0 0
    outer loop
      vertex 7.45 -2.41 20.4
      vertex 7.45 -3 23.6
      vertex 7.45 -3 20.4
    endloop
  endfacet
  facet normal 1 -0 0
    outer loop
      vertex 7.45 -2.76284 27.6
      vertex 7.45 -2.41 24.4
      vertex 7.45 -2.41 27.6
    endloop
  endfacet
  facet normal 1 0 0
    outer loop
      vertex 7.45 -2.41 24.4
      vertex 7.45 -2.76284 27.6
      vertex 7.45 -2.76284 24.4
    endloop
  endfacet
  facet normal 1 -0 0
    outer loop
      vertex 7.45 -3 31.6
      vertex 7.45 -2.41 28.4
      vertex 7.45 -2.41 31.6
    endloop
  endfacet
  facet normal 1 0 0
    outer loop
      vertex 7.45 -2.41 28.4
      vertex 7.45 -3 31.6
      vertex 7.45 -3 28.4
    endloop
  endfacet
  facet normal 1 -0 0
    outer loop
      vertex 7.45 -3 35.6
      vertex 7.45 -2.41 32.4
      vertex 7.45 -2.41 35.6
    endloop
  endfacet
  facet normal 1 0 0
    outer loop
      vertex 7.45 -2.41 32.4
      vertex 7.45 -3 35.6
      vertex 7.45 -3 32.4
    endloop
  endfacet
  facet normal 1 -0 0
    outer loop
      vertex 7.45 -3 39.6
      vertex 7.45 -2.41 36.4
      vertex 7.45 -2.41 39.6
    endloop
  endfacet
  facet normal 1 0 0
    outer loop
      vertex 7.45 -2.41 36.4
      vertex 7.45 -3 39.6
      vertex 7.45 -3 36.4
    endloop
  endfacet
  facet normal 0.822366 -0.568959 0
    outer loop
      vertex 11.1931 3 38.0037
      vertex 10.7088 2.3 36.4
      vertex 11.1931 3 36.4
    endloop
  endfacet
  facet normal 0.822353 -0.568977 0
    outer loop
      vertex 7.52611 -2.3 35.6
      vertex 10.7088 2.3 35.6
      vertex 10.7088 2.3 36.4
    endloop
  endfacet
  facet normal 0.822353 -0.568977 0
    outer loop
      vertex 10.7088 2.3 35.6
      vertex 7.52611 -2.3 35.6
      vertex 10.7088 2.3 32.4
    endloop
  endfacet
  facet normal 0.822353 -0.568977 0
    outer loop
      vertex 10.7088 2.3 32.4
      vertex 7.52611 -2.3 32.4
      vertex 10.7088 2.3 31.6
    endloop
  endfacet
  facet normal 0.822353 -0.568977 0
    outer loop
      vertex 7.52611 -2.3 31.6
      vertex 10.7088 2.3 31.6
      vertex 7.52611 -2.3 32.4
    endloop
  endfacet
  facet normal 0.822353 -0.568977 0
    outer loop
      vertex 7.52611 -2.3 28.4
      vertex 10.7088 2.3 28.4
      vertex 7.52611 -2.3 31.6
    endloop
  endfacet
  facet normal 0.822353 -0.568977 0
    outer loop
      vertex 10.7088 2.3 28.4
      vertex 7.52611 -2.3 28.4
      vertex 10.7088 2.3 27.6
    endloop
  endfacet
  facet normal 0.822353 -0.568977 0
    outer loop
      vertex 10.7088 2.3 27.6
      vertex 7.52611 -2.3 27.6
      vertex 10.7088 2.3 24.4
    endloop
  endfacet
  facet normal 0.822353 -0.568977 0
    outer loop
      vertex 7.52611 -2.3 24.4
      vertex 10.7088 2.3 24.4
      vertex 7.52611 -2.3 27.6
    endloop
  endfacet
  facet normal 0.822353 -0.568977 0
    outer loop
      vertex 7.52611 -2.3 23.6
      vertex 10.7088 2.3 23.6
      vertex 7.52611 -2.3 24.4
    endloop
  endfacet
  facet normal 0.822353 -0.568977 0
    outer loop
      vertex 10.7088 2.3 23.6
      vertex 7.52611 -2.3 23.6
      vertex 10.7088 2.3 20.4
    endloop
  endfacet
  facet normal 0.822356 -0.568973 8.80758e-06
    outer loop
      vertex 11.1931 3 38.0037
      vertex 7.52611 -2.3 39.6
      vertex 10.7088 2.3 36.4
    endloop
  endfacet
  facet normal 0.822355 -0.568975 0
    outer loop
      vertex 7.52611 -2.3 39.6
      vertex 11.1931 3 38.0037
      vertex 7.52611 -2.3 39.9594
    endloop
  endfacet
  facet normal 0.822366 -0.568959 0
    outer loop
      vertex 10.7088 2.3 35.6
      vertex 11.1931 3 32.4
      vertex 11.1931 3 35.6
    endloop
  endfacet
  facet normal 0.822366 -0.568959 0
    outer loop
      vertex 11.1931 3 32.4
      vertex 10.7088 2.3 35.6
      vertex 10.7088 2.3 32.4
    endloop
  endfacet
  facet normal 0.822366 -0.568959 0
    outer loop
      vertex 10.7088 2.3 31.6
      vertex 11.1931 3 28.4
      vertex 11.1931 3 31.6
    endloop
  endfacet
  facet normal 0.822366 -0.568959 0
    outer loop
      vertex 11.1931 3 28.4
      vertex 10.7088 2.3 31.6
      vertex 10.7088 2.3 28.4
    endloop
  endfacet
  facet normal 0.822366 -0.568959 0
    outer loop
      vertex 10.7088 2.3 27.6
      vertex 11.1931 3 24.4
      vertex 11.1931 3 27.6
    endloop
  endfacet
  facet normal 0.822366 -0.568959 0
    outer loop
      vertex 11.1931 3 24.4
      vertex 10.7088 2.3 27.6
      vertex 10.7088 2.3 24.4
    endloop
  endfacet
  facet normal 0.822375 -0.568945 0
    outer loop
      vertex 10.7088 2.3 23.6
      vertex 11.0541 2.79911 20.4
      vertex 11.0541 2.79911 23.6
    endloop
  endfacet
  facet normal 0.822375 -0.568945 0
    outer loop
      vertex 11.0541 2.79911 20.4
      vertex 10.7088 2.3 23.6
      vertex 10.7088 2.3 20.4
    endloop
  endfacet
  facet normal 0.822364 -0.568962 0
    outer loop
      vertex 10.7088 2.3 19.6
      vertex 11.0625 2.81123 16.4
      vertex 11.0625 2.81123 19.6
    endloop
  endfacet
  facet normal 0.822364 -0.568962 0
    outer loop
      vertex 11.0625 2.81123 16.4
      vertex 10.7088 2.3 19.6
      vertex 10.7088 2.3 16.4
    endloop
  endfacet
  facet normal 0.822355 -0.568975 0
    outer loop
      vertex 10.7088 2.3 15.6
      vertex 11.017 2.74545 13.9024
      vertex 11.017 2.74545 15.6
    endloop
  endfacet
  facet normal 0.822353 -0.568977 0
    outer loop
      vertex 7.52611 -2.3 36.4
      vertex 10.7088 2.3 36.4
      vertex 7.52611 -2.3 39.6
    endloop
  endfacet
  facet normal 0.822353 -0.568977 0
    outer loop
      vertex 7.52611 -2.3 35.6
      vertex 10.7088 2.3 36.4
      vertex 7.52611 -2.3 36.4
    endloop
  endfacet
  facet normal 0.822353 -0.568977 0
    outer loop
      vertex 10.7088 2.3 32.4
      vertex 7.52611 -2.3 35.6
      vertex 7.52611 -2.3 32.4
    endloop
  endfacet
  facet normal 0.822353 -0.568977 0
    outer loop
      vertex 10.7088 2.3 31.6
      vertex 7.52611 -2.3 31.6
      vertex 10.7088 2.3 28.4
    endloop
  endfacet
  facet normal 0.822353 -0.568977 0
    outer loop
      vertex 7.52611 -2.3 27.6
      vertex 10.7088 2.3 27.6
      vertex 7.52611 -2.3 28.4
    endloop
  endfacet
  facet normal 0.822353 -0.568977 0
    outer loop
      vertex 10.7088 2.3 24.4
      vertex 7.52611 -2.3 24.4
      vertex 10.7088 2.3 23.6
    endloop
  endfacet
  facet normal 0.822353 -0.568977 0
    outer loop
      vertex 7.52611 -2.3 20.4
      vertex 10.7088 2.3 20.4
      vertex 7.52611 -2.3 23.6
    endloop
  endfacet
  facet normal 0.822353 -0.568977 0
    outer loop
      vertex 10.7088 2.3 20.4
      vertex 7.52611 -2.3 20.4
      vertex 10.7088 2.3 19.6
    endloop
  endfacet
  facet normal 0.822353 -0.568977 0
    outer loop
      vertex 7.52611 -2.3 19.6
      vertex 10.7088 2.3 19.6
      vertex 7.52611 -2.3 20.4
    endloop
  endfacet
  facet normal 0.822353 -0.568977 0
    outer loop
      vertex 10.7088 2.3 19.6
      vertex 7.52611 -2.3 19.6
      vertex 10.7088 2.3 16.4
    endloop
  endfacet
  facet normal 0.822353 -0.568977 0
    outer loop
      vertex 7.52611 -2.3 16.4
      vertex 10.7088 2.3 16.4
      vertex 7.52611 -2.3 19.6
    endloop
  endfacet
  facet normal 0.822353 -0.568977 0
    outer loop
      vertex 10.7088 2.3 16.4
      vertex 7.52611 -2.3 16.4
      vertex 10.7088 2.3 15.6
    endloop
  endfacet
  facet normal 0.822353 -0.568977 0
    outer loop
      vertex 7.52611 -2.3 15.6
      vertex 10.7088 2.3 15.6
      vertex 7.52611 -2.3 16.4
    endloop
  endfacet
  facet normal 0.822353 -0.568977 -9.75213e-07
    outer loop
      vertex 10.7088 2.3 15.6
      vertex 7.52611 -2.3 15.6
      vertex 11.017 2.74545 13.9024
    endloop
  endfacet
  facet normal 0.822353 -0.568977 0
    outer loop
      vertex 7.52611 -2.3 12.4
      vertex 11.017 2.74545 13.9024
      vertex 7.52611 -2.3 15.6
    endloop
  endfacet
  facet normal 0.822353 -0.568977 0
    outer loop
      vertex 11.017 2.74545 13.9024
      vertex 7.52611 -2.3 12.4
      vertex 7.52611 -2.3 12.0406
    endloop
  endfacet
  facet normal 0.822346 -0.568988 0
    outer loop
      vertex 7.45 -2.41 15.6
      vertex 7.52611 -2.3 12.4
      vertex 7.52611 -2.3 15.6
    endloop
  endfacet
  facet normal 0.822346 -0.568988 0
    outer loop
      vertex 7.52611 -2.3 12.4
      vertex 7.45 -2.41 15.6
      vertex 7.45 -2.41 12.4
    endloop
  endfacet
  facet normal 0.822346 -0.568988 0
    outer loop
      vertex 7.45 -2.41 19.6
      vertex 7.52611 -2.3 16.4
      vertex 7.52611 -2.3 19.6
    endloop
  endfacet
  facet normal 0.822346 -0.568988 0
    outer loop
      vertex 7.52611 -2.3 16.4
      vertex 7.45 -2.41 19.6
      vertex 7.45 -2.41 16.4
    endloop
  endfacet
  facet normal 0.822346 -0.568988 0
    outer loop
      vertex 7.45 -2.41 23.6
      vertex 7.52611 -2.3 20.4
      vertex 7.52611 -2.3 23.6
    endloop
  endfacet
  facet normal 0.822346 -0.568988 0
    outer loop
      vertex 7.52611 -2.3 20.4
      vertex 7.45 -2.41 23.6
      vertex 7.45 -2.41 20.4
    endloop
  endfacet
  facet normal 0.822346 -0.568988 0
    outer loop
      vertex 7.45 -2.41 27.6
      vertex 7.52611 -2.3 24.4
      vertex 7.52611 -2.3 27.6
    endloop
  endfacet
  facet normal 0.822346 -0.568988 0
    outer loop
      vertex 7.52611 -2.3 24.4
      vertex 7.45 -2.41 27.6
      vertex 7.45 -2.41 24.4
    endloop
  endfacet
  facet normal 0.822346 -0.568988 0
    outer loop
      vertex 7.45 -2.41 31.6
      vertex 7.52611 -2.3 28.4
      vertex 7.52611 -2.3 31.6
    endloop
  endfacet
  facet normal 0.822346 -0.568988 0
    outer loop
      vertex 7.52611 -2.3 28.4
      vertex 7.45 -2.41 31.6
      vertex 7.45 -2.41 28.4
    endloop
  endfacet
  facet normal 0.822346 -0.568988 0
    outer loop
      vertex 7.45 -2.41 35.6
      vertex 7.52611 -2.3 32.4
      vertex 7.52611 -2.3 35.6
    endloop
  endfacet
  facet normal 0.822346 -0.568988 0
    outer loop
      vertex 7.52611 -2.3 32.4
      vertex 7.45 -2.41 35.6
      vertex 7.45 -2.41 32.4
    endloop
  endfacet
  facet normal 0.822346 -0.568988 0
    outer loop
      vertex 7.45 -2.41 39.6
      vertex 7.52611 -2.3 36.4
      vertex 7.52611 -2.3 39.6
    endloop
  endfacet
  facet normal 0.822346 -0.568988 0
    outer loop
      vertex 7.52611 -2.3 36.4
      vertex 7.45 -2.41 39.6
      vertex 7.45 -2.41 36.4
    endloop
  endfacet
  facet normal -0.822355 -0.568975 0
    outer loop
      vertex 14.383 2.74545 13.9024
      vertex 14.6912 2.3 15.6
      vertex 14.383 2.74545 15.6
    endloop
  endfacet
  facet normal -0.822352 -0.568978 0
    outer loop
      vertex 17.8739 -2.3 16.4
      vertex 14.6912 2.3 16.4
      vertex 14.6912 2.3 15.6
    endloop
  endfacet
  facet normal -0.822352 -0.568978 0
    outer loop
      vertex 14.6912 2.3 16.4
      vertex 17.8739 -2.3 16.4
      vertex 14.6912 2.3 19.6
    endloop
  endfacet
  facet normal -0.822352 -0.568978 0
    outer loop
      vertex 14.6912 2.3 19.6
      vertex 17.8739 -2.3 19.6
      vertex 14.6912 2.3 20.4
    endloop
  endfacet
  facet normal -0.822352 -0.568978 -0
    outer loop
      vertex 17.8739 -2.3 20.4
      vertex 14.6912 2.3 20.4
      vertex 17.8739 -2.3 19.6
    endloop
  endfacet
  facet normal -0.822352 -0.568978 -0
    outer loop
      vertex 17.8739 -2.3 23.6
      vertex 14.6912 2.3 23.6
      vertex 17.8739 -2.3 20.4
    endloop
  endfacet
  facet normal -0.822352 -0.568978 0
    outer loop
      vertex 14.6912 2.3 23.6
      vertex 17.8739 -2.3 23.6
      vertex 14.6912 2.3 24.4
    endloop
  endfacet
  facet normal -0.822352 -0.568978 0
    outer loop
      vertex 14.6912 2.3 24.4
      vertex 17.8739 -2.3 24.4
      vertex 14.6912 2.3 27.6
    endloop
  endfacet
  facet normal -0.822352 -0.568978 -0
    outer loop
      vertex 17.8739 -2.3 27.6
      vertex 14.6912 2.3 27.6
      vertex 17.8739 -2.3 24.4
    endloop
  endfacet
  facet normal -0.822352 -0.568978 -0
    outer loop
      vertex 17.8739 -2.3 28.4
      vertex 14.6912 2.3 28.4
      vertex 17.8739 -2.3 27.6
    endloop
  endfacet
  facet normal -0.822352 -0.568978 0
    outer loop
      vertex 14.6912 2.3 28.4
      vertex 17.8739 -2.3 28.4
      vertex 14.6912 2.3 31.6
    endloop
  endfacet
  facet normal -0.822353 -0.568978 -0
    outer loop
      vertex 17.8739 -2.3 15.6
      vertex 14.383 2.74545 13.9024
      vertex 17.8739 -2.3 12.4
    endloop
  endfacet
  facet normal -0.822353 -0.568978 -0
    outer loop
      vertex 17.8739 -2.3 12.4
      vertex 14.383 2.74545 13.9024
      vertex 17.8739 -2.3 12.0406
    endloop
  endfacet
  facet normal -0.822348 -0.568984 0
    outer loop
      vertex 14.6912 2.3 16.4
      vertex 14.3514 2.79111 19.6
      vertex 14.3514 2.79111 16.4
    endloop
  endfacet
  facet normal -0.822348 -0.568984 0
    outer loop
      vertex 14.3514 2.79111 19.6
      vertex 14.6912 2.3 16.4
      vertex 14.6912 2.3 19.6
    endloop
  endfacet
  facet normal -0.822375 -0.568945 0
    outer loop
      vertex 14.6912 2.3 20.4
      vertex 14.3459 2.79911 23.6
      vertex 14.3459 2.79911 20.4
    endloop
  endfacet
  facet normal -0.822375 -0.568945 0
    outer loop
      vertex 14.3459 2.79911 23.6
      vertex 14.6912 2.3 20.4
      vertex 14.6912 2.3 23.6
    endloop
  endfacet
  facet normal -0.822366 -0.568959 0
    outer loop
      vertex 14.6912 2.3 24.4
      vertex 14.2069 3 27.6
      vertex 14.2069 3 24.4
    endloop
  endfacet
  facet normal -0.822366 -0.568959 0
    outer loop
      vertex 14.2069 3 27.6
      vertex 14.6912 2.3 24.4
      vertex 14.6912 2.3 27.6
    endloop
  endfacet
  facet normal -0.822366 -0.568959 0
    outer loop
      vertex 14.6912 2.3 28.4
      vertex 14.2069 3 31.6
      vertex 14.2069 3 28.4
    endloop
  endfacet
  facet normal -0.822366 -0.568959 0
    outer loop
      vertex 14.2069 3 31.6
      vertex 14.6912 2.3 28.4
      vertex 14.6912 2.3 31.6
    endloop
  endfacet
  facet normal -0.822416 -0.568886 0
    outer loop
      vertex 14.6912 2.3 32.4
      vertex 14.3132 2.84646 35.6
      vertex 14.3132 2.84646 32.4
    endloop
  endfacet
  facet normal -0.822416 -0.568886 0
    outer loop
      vertex 14.3132 2.84646 35.6
      vertex 14.6912 2.3 32.4
      vertex 14.6912 2.3 35.6
    endloop
  endfacet
  facet normal -0.822366 -0.568959 0
    outer loop
      vertex 14.6912 2.3 36.4
      vertex 14.2069 3 38.0037
      vertex 14.2069 3 36.4
    endloop
  endfacet
  facet normal -0.822352 -0.568978 -1.44431e-06
    outer loop
      vertex 14.383 2.74545 13.9024
      vertex 17.8739 -2.3 15.6
      vertex 14.6912 2.3 15.6
    endloop
  endfacet
  facet normal -0.822352 -0.568978 -0
    outer loop
      vertex 17.8739 -2.3 16.4
      vertex 14.6912 2.3 15.6
      vertex 17.8739 -2.3 15.6
    endloop
  endfacet
  facet normal -0.822352 -0.568978 0
    outer loop
      vertex 14.6912 2.3 19.6
      vertex 17.8739 -2.3 16.4
      vertex 17.8739 -2.3 19.6
    endloop
  endfacet
  facet normal -0.822352 -0.568978 0
    outer loop
      vertex 14.6912 2.3 20.4
      vertex 17.8739 -2.3 20.4
      vertex 14.6912 2.3 23.6
    endloop
  endfacet
  facet normal -0.822352 -0.568978 -0
    outer loop
      vertex 17.8739 -2.3 24.4
      vertex 14.6912 2.3 24.4
      vertex 17.8739 -2.3 23.6
    endloop
  endfacet
  facet normal -0.822352 -0.568978 0
    outer loop
      vertex 14.6912 2.3 27.6
      vertex 17.8739 -2.3 27.6
      vertex 14.6912 2.3 28.4
    endloop
  endfacet
  facet normal -0.822352 -0.568978 -0
    outer loop
      vertex 17.8739 -2.3 31.6
      vertex 14.6912 2.3 31.6
      vertex 17.8739 -2.3 28.4
    endloop
  endfacet
  facet normal -0.822352 -0.568978 0
    outer loop
      vertex 14.6912 2.3 31.6
      vertex 17.8739 -2.3 31.6
      vertex 14.6912 2.3 32.4
    endloop
  endfacet
  facet normal -0.822352 -0.568978 -0
    outer loop
      vertex 17.8739 -2.3 32.4
      vertex 14.6912 2.3 32.4
      vertex 17.8739 -2.3 31.6
    endloop
  endfacet
  facet normal -0.822352 -0.568978 0
    outer loop
      vertex 14.6912 2.3 32.4
      vertex 17.8739 -2.3 32.4
      vertex 14.6912 2.3 35.6
    endloop
  endfacet
  facet normal -0.822352 -0.568978 -0
    outer loop
      vertex 17.8739 -2.3 35.6
      vertex 14.6912 2.3 35.6
      vertex 17.8739 -2.3 32.4
    endloop
  endfacet
  facet normal -0.822352 -0.568978 0
    outer loop
      vertex 14.6912 2.3 35.6
      vertex 17.8739 -2.3 35.6
      vertex 14.6912 2.3 36.4
    endloop
  endfacet
  facet normal -0.822352 -0.568978 -0
    outer loop
      vertex 17.8739 -2.3 36.4
      vertex 14.6912 2.3 36.4
      vertex 17.8739 -2.3 35.6
    endloop
  endfacet
  facet normal -0.822352 -0.568978 -0
    outer loop
      vertex 17.8739 -2.3 39.6
      vertex 14.6912 2.3 36.4
      vertex 17.8739 -2.3 36.4
    endloop
  endfacet
  facet normal -0.822355 -0.568974 9.40615e-06
    outer loop
      vertex 14.6912 2.3 36.4
      vertex 17.8739 -2.3 39.6
      vertex 14.2069 3 38.0037
    endloop
  endfacet
  facet normal -0.822354 -0.568976 0
    outer loop
      vertex 14.2069 3 38.0037
      vertex 17.8739 -2.3 39.6
      vertex 17.8739 -2.3 39.9594
    endloop
  endfacet
  facet normal -0.822381 -0.568938 0
    outer loop
      vertex 17.95 -2.41 36.4
      vertex 17.8739 -2.3 39.6
      vertex 17.8739 -2.3 36.4
    endloop
  endfacet
  facet normal -0.822381 -0.568938 0
    outer loop
      vertex 17.8739 -2.3 39.6
      vertex 17.95 -2.41 36.4
      vertex 17.95 -2.41 39.6
    endloop
  endfacet
  facet normal -0.822381 -0.568938 0
    outer loop
      vertex 17.95 -2.41 32.4
      vertex 17.8739 -2.3 35.6
      vertex 17.8739 -2.3 32.4
    endloop
  endfacet
  facet normal -0.822381 -0.568938 0
    outer loop
      vertex 17.8739 -2.3 35.6
      vertex 17.95 -2.41 32.4
      vertex 17.95 -2.41 35.6
    endloop
  endfacet
  facet normal -0.822381 -0.568938 0
    outer loop
      vertex 17.95 -2.41 28.4
      vertex 17.8739 -2.3 31.6
      vertex 17.8739 -2.3 28.4
    endloop
  endfacet
  facet normal -0.822381 -0.568938 0
    outer loop
      vertex 17.8739 -2.3 31.6
      vertex 17.95 -2.41 28.4
      vertex 17.95 -2.41 31.6
    endloop
  endfacet
  facet normal -0.822381 -0.568938 0
    outer loop
      vertex 17.95 -2.41 24.4
      vertex 17.8739 -2.3 27.6
      vertex 17.8739 -2.3 24.4
    endloop
  endfacet
  facet normal -0.822381 -0.568938 0
    outer loop
      vertex 17.8739 -2.3 27.6
      vertex 17.95 -2.41 24.4
      vertex 17.95 -2.41 27.6
    endloop
  endfacet
  facet normal -0.822381 -0.568938 0
    outer loop
      vertex 17.95 -2.41 20.4
      vertex 17.8739 -2.3 23.6
      vertex 17.8739 -2.3 20.4
    endloop
  endfacet
  facet normal -0.822381 -0.568938 0
    outer loop
      vertex 17.8739 -2.3 23.6
      vertex 17.95 -2.41 20.4
      vertex 17.95 -2.41 23.6
    endloop
  endfacet
  facet normal -0.822381 -0.568938 0
    outer loop
      vertex 17.95 -2.41 16.4
      vertex 17.8739 -2.3 19.6
      vertex 17.8739 -2.3 16.4
    endloop
  endfacet
  facet normal -0.822381 -0.568938 0
    outer loop
      vertex 17.8739 -2.3 19.6
      vertex 17.95 -2.41 16.4
      vertex 17.95 -2.41 19.6
    endloop
  endfacet
  facet normal -0.822381 -0.568938 0
    outer loop
      vertex 17.95 -2.41 12.4
      vertex 17.8739 -2.3 15.6
      vertex 17.8739 -2.3 12.4
    endloop
  endfacet
  facet normal -0.822381 -0.568938 0
    outer loop
      vertex 17.8739 -2.3 15.6
      vertex 17.95 -2.41 12.4
      vertex 17.95 -2.41 15.6
    endloop
  endfacet
  facet normal -1 0 0
    outer loop
      vertex 17.95 -3 16.4
      vertex 17.95 -2.41 19.6
      vertex 17.95 -2.41 16.4
    endloop
  endfacet
  facet normal -1 -0 0
    outer loop
      vertex 17.95 -2.41 19.6
      vertex 17.95 -3 16.4
      vertex 17.95 -3 19.6
    endloop
  endfacet
  facet normal -1 0 0
    outer loop
      vertex 17.95 -2.70474 20.4
      vertex 17.95 -2.41 23.6
      vertex 17.95 -2.41 20.4
    endloop
  endfacet
  facet normal -1 -0 0
    outer loop
      vertex 17.95 -2.41 23.6
      vertex 17.95 -2.70474 20.4
      vertex 17.95 -2.70474 23.6
    endloop
  endfacet
  facet normal -1 0 0
    outer loop
      vertex 17.95 -3 12.4
      vertex 17.95 -2.41 15.6
      vertex 17.95 -2.41 12.4
    endloop
  endfacet
  facet normal -1 -0 0
    outer loop
      vertex 17.95 -2.41 15.6
      vertex 17.95 -3 12.4
      vertex 17.95 -3 15.6
    endloop
  endfacet
  facet normal -1 0 0
    outer loop
      vertex 17.95 -3 24.4
      vertex 17.95 -2.41 27.6
      vertex 17.95 -2.41 24.4
    endloop
  endfacet
  facet normal -1 -0 0
    outer loop
      vertex 17.95 -2.41 27.6
      vertex 17.95 -3 24.4
      vertex 17.95 -3 27.6
    endloop
  endfacet
  facet normal -1 0 0
    outer loop
      vertex 17.95 -3 28.4
      vertex 17.95 -2.41 31.6
      vertex 17.95 -2.41 28.4
    endloop
  endfacet
  facet normal -1 -0 0
    outer loop
      vertex 17.95 -2.41 31.6
      vertex 17.95 -3 28.4
      vertex 17.95 -3 31.6
    endloop
  endfacet
  facet normal -1 0 0
    outer loop
      vertex 17.95 -2.76387 32.4
      vertex 17.95 -2.41 35.6
      vertex 17.95 -2.41 32.4
    endloop
  endfacet
  facet normal -1 -0 0
    outer loop
      vertex 17.95 -2.41 35.6
      vertex 17.95 -2.76387 32.4
      vertex 17.95 -2.76387 35.6
    endloop
  endfacet
  facet normal -1 0 0
    outer loop
      vertex 17.95 -3 36.4
      vertex 17.95 -2.41 39.6
      vertex 17.95 -2.41 36.4
    endloop
  endfacet
  facet normal -1 -0 0
    outer loop
      vertex 17.95 -2.41 39.6
      vertex 17.95 -3 36.4
      vertex 17.95 -3 39.6
    endloop
  endfacet
  facet normal 0 -0.346184 -0.938167
    outer loop
      vertex 17.8739 -2.3 39.9594
      vertex 11.1931 3 38.0037
      vertex 14.2069 3 38.0037
    endloop
  endfacet
  facet normal 0 -0.346184 -0.938167
    outer loop
      vertex 11.1931 3 38.0037
      vertex 17.8739 -2.3 39.9594
      vertex 7.52611 -2.3 39.9594
    endloop
  endfacet
  facet normal 0 -0.346188 0.938165
    outer loop
      vertex 11.017 2.74545 13.9024
      vertex 17.8739 -2.3 12.0406
      vertex 14.383 2.74545 13.9024
    endloop
  endfacet
  facet normal 0 -0.346188 0.938165
    outer loop
      vertex 17.8739 -2.3 12.0406
      vertex 11.017 2.74545 13.9024
      vertex 7.52611 -2.3 12.0406
    endloop
  endfacet
  facet normal 0 0 -1
    outer loop
      vertex 12.294 -0.776611 -1.05
      vertex 12.6561 1.13541 -1.05
      vertex 12.6561 -0.776611 -1.05
    endloop
  endfacet
  facet normal -0 0 -1
    outer loop
      vertex 12.6561 1.13541 -1.05
      vertex 12.294 -0.776611 -1.05
      vertex 12.294 1.13541 -1.05
    endloop
  endfacet
  facet normal 0 0 -1
    outer loop
      vertex 5.91072 -0.0808563 -1.05
      vertex 6.28824 -0.0808563 -1.05
      vertex 6.27994 -0.242111 -1.05
    endloop
  endfacet
  facet normal 0 0 -1
    outer loop
      vertex 5.89293 -0.2883 -1.05
      vertex 6.27994 -0.242111 -1.05
      vertex 6.25505 -0.384445 -1.05
    endloop
  endfacet
  facet normal 0 0 -1
    outer loop
      vertex 5.9063 0.0324707 -1.05
      vertex 6.28824 -0.0808563 -1.05
      vertex 5.91072 -0.0808563 -1.05
    endloop
  endfacet
  facet normal 0 0 -1
    outer loop
      vertex 5.89293 -0.2883 -1.05
      vertex 6.25505 -0.384445 -1.05
      vertex 6.21358 -0.507858 -1.05
    endloop
  endfacet
  facet normal 0 0 -1
    outer loop
      vertex 6.28824 -0.0808563 -1.05
      vertex 5.9063 0.0324707 -1.05
      vertex 6.2795 0.08255 -1.05
    endloop
  endfacet
  facet normal 0 0 -1
    outer loop
      vertex 5.83954 -0.436462 -1.05
      vertex 6.21358 -0.507858 -1.05
      vertex 6.15552 -0.61235 -1.05
    endloop
  endfacet
  facet normal 0 0 -1
    outer loop
      vertex 5.89301 0.130264 -1.05
      vertex 6.2795 0.08255 -1.05
      vertex 5.9063 0.0324707 -1.05
    endloop
  endfacet
  facet normal 0 0 -1
    outer loop
      vertex 5.83954 -0.436462 -1.05
      vertex 6.15552 -0.61235 -1.05
      vertex 6.08223 -0.69548 -1.05
    endloop
  endfacet
  facet normal 0 0 -1
    outer loop
      vertex 6.2795 0.08255 -1.05
      vertex 5.89301 0.130264 -1.05
      vertex 6.25328 0.226242 -1.05
    endloop
  endfacet
  facet normal 0 0 -1
    outer loop
      vertex 5.83954 -0.436462 -1.05
      vertex 6.08223 -0.69548 -1.05
      vertex 5.9951 -0.754868 -1.05
    endloop
  endfacet
  facet normal 0 0 -1
    outer loop
      vertex 5.87087 0.212524 -1.05
      vertex 6.25328 0.226242 -1.05
      vertex 5.89301 0.130264 -1.05
    endloop
  endfacet
  facet normal -0 0 -1
    outer loop
      vertex 6.25328 0.226242 -1.05
      vertex 5.87087 0.212524 -1.05
      vertex 6.2096 0.35022 -1.05
    endloop
  endfacet
  facet normal 0 0 -1
    outer loop
      vertex 5.75055 -0.52536 -1.05
      vertex 5.9951 -0.754868 -1.05
      vertex 5.89414 -0.790497 -1.05
    endloop
  endfacet
  facet normal -0 0 -1
    outer loop
      vertex 6.27994 -0.242111 -1.05
      vertex 5.89293 -0.2883 -1.05
      vertex 5.91072 -0.0808563 -1.05
    endloop
  endfacet
  facet normal 0 0 -1
    outer loop
      vertex 6.21358 -0.507858 -1.05
      vertex 5.83954 -0.436462 -1.05
      vertex 5.89293 -0.2883 -1.05
    endloop
  endfacet
  facet normal 0 0 -1
    outer loop
      vertex 5.75055 -0.52536 -1.05
      vertex 5.89414 -0.790497 -1.05
      vertex 5.7793 -0.802383 -1.05
    endloop
  endfacet
  facet normal 0 0 -1
    outer loop
      vertex 5.9951 -0.754868 -1.05
      vertex 5.75055 -0.52536 -1.05
      vertex 5.83954 -0.436462 -1.05
    endloop
  endfacet
  facet normal 0 0 -1
    outer loop
      vertex 5.62598 -0.555008 -1.05
      vertex 5.7793 -0.802383 -1.05
      vertex 5.62824 -0.786606 -1.05
    endloop
  endfacet
  facet normal 0 0 -1
    outer loop
      vertex 5.7793 -0.802383 -1.05
      vertex 5.62598 -0.555008 -1.05
      vertex 5.75055 -0.52536 -1.05
    endloop
  endfacet
  facet normal 0 0 -1
    outer loop
      vertex 5.50357 -0.739243 -1.05
      vertex 5.62598 -0.555008 -1.05
      vertex 5.62824 -0.786606 -1.05
    endloop
  endfacet
  facet normal -0 0 -1
    outer loop
      vertex 5.62598 -0.555008 -1.05
      vertex 5.50357 -0.739243 -1.05
      vertex 5.55849 -0.54715 -1.05
    endloop
  endfacet
  facet normal 0 0 -1
    outer loop
      vertex 5.40534 -0.660339 -1.05
      vertex 5.55849 -0.54715 -1.05
      vertex 5.50357 -0.739243 -1.05
    endloop
  endfacet
  facet normal -0 0 -1
    outer loop
      vertex 5.55849 -0.54715 -1.05
      vertex 5.40534 -0.660339 -1.05
      vertex 5.49907 -0.523605 -1.05
    endloop
  endfacet
  facet normal -0 0 -1
    outer loop
      vertex 5.49907 -0.523605 -1.05
      vertex 5.40534 -0.660339 -1.05
      vertex 5.4477 -0.484344 -1.05
    endloop
  endfacet
  facet normal 0 0 -1
    outer loop
      vertex 5.3335 -0.54985 -1.05
      vertex 5.4477 -0.484344 -1.05
      vertex 5.40534 -0.660339 -1.05
    endloop
  endfacet
  facet normal -0 0 -1
    outer loop
      vertex 5.4477 -0.484344 -1.05
      vertex 5.3335 -0.54985 -1.05
      vertex 5.40438 -0.429398 -1.05
    endloop
  endfacet
  facet normal 0 0 -1
    outer loop
      vertex 5.32834 -0.54985 -1.05
      vertex 5.40438 -0.429398 -1.05
      vertex 5.3335 -0.54985 -1.05
    endloop
  endfacet
  facet normal -0 0 -1
    outer loop
      vertex 5.40438 -0.429398 -1.05
      vertex 5.32834 -0.54985 -1.05
      vertex 5.36998 -0.35994 -1.05
    endloop
  endfacet
  facet normal 0 0 -1
    outer loop
      vertex 4.96887 -0.472534 -1.05
      vertex 5.36998 -0.35994 -1.05
      vertex 5.32834 -0.54985 -1.05
    endloop
  endfacet
  facet normal -0 0 -1
    outer loop
      vertex 5.36998 -0.35994 -1.05
      vertex 4.96887 -0.472534 -1.05
      vertex 5.34542 -0.277191 -1.05
    endloop
  endfacet
  facet normal 0 0 -1
    outer loop
      vertex 4.96823 -0.539856 -1.05
      vertex 5.32834 -0.54985 -1.05
      vertex 5.3279 -0.577271 -1.05
    endloop
  endfacet
  facet normal 0 0 -1
    outer loop
      vertex 4.9663 -0.612976 -1.05
      vertex 5.3279 -0.577271 -1.05
      vertex 5.32657 -0.607986 -1.05
    endloop
  endfacet
  facet normal -0 0 -1
    outer loop
      vertex 5.34542 -0.277191 -1.05
      vertex 4.96887 -0.472534 -1.05
      vertex 5.33069 -0.181168 -1.05
    endloop
  endfacet
  facet normal 0 0 -1
    outer loop
      vertex 4.9663 -0.612976 -1.05
      vertex 5.32657 -0.607986 -1.05
      vertex 5.32434 -0.642014 -1.05
    endloop
  endfacet
  facet normal -0 0 -1
    outer loop
      vertex 6.2096 0.35022 -1.05
      vertex 5.87087 0.212524 -1.05
      vertex 6.14844 0.454453 -1.05
    endloop
  endfacet
  facet normal 0 0 -1
    outer loop
      vertex 5.83986 0.279236 -1.05
      vertex 6.14844 0.454453 -1.05
      vertex 5.87087 0.212524 -1.05
    endloop
  endfacet
  facet normal -0 0 -1
    outer loop
      vertex 6.14844 0.454453 -1.05
      vertex 5.83986 0.279236 -1.05
      vertex 6.07125 0.537033 -1.05
    endloop
  endfacet
  facet normal 0 0 -1
    outer loop
      vertex 5.79975 0.330811 -1.05
      vertex 6.07125 0.537033 -1.05
      vertex 5.83986 0.279236 -1.05
    endloop
  endfacet
  facet normal -0 0 -1
    outer loop
      vertex 6.07125 0.537033 -1.05
      vertex 5.79975 0.330811 -1.05
      vertex 5.97948 0.596024 -1.05
    endloop
  endfacet
  facet normal -0 0 -1
    outer loop
      vertex 5.97948 0.596024 -1.05
      vertex 5.79975 0.330811 -1.05
      vertex 5.87316 0.631424 -1.05
    endloop
  endfacet
  facet normal 0 0 -1
    outer loop
      vertex 5.75031 0.367661 -1.05
      vertex 5.87316 0.631424 -1.05
      vertex 5.79975 0.330811 -1.05
    endloop
  endfacet
  facet normal -0 0 -1
    outer loop
      vertex 5.87316 0.631424 -1.05
      vertex 5.75031 0.367661 -1.05
      vertex 5.75225 0.643219 -1.05
    endloop
  endfacet
  facet normal 0 0 -1
    outer loop
      vertex 5.69152 0.389755 -1.05
      vertex 5.75225 0.643219 -1.05
      vertex 5.75031 0.367661 -1.05
    endloop
  endfacet
  facet normal 0 0 -1
    outer loop
      vertex 5.69152 0.389755 -1.05
      vertex 5.6807 0.639359 -1.05
      vertex 5.75225 0.643219 -1.05
    endloop
  endfacet
  facet normal 0 0 -1
    outer loop
      vertex 5.62339 0.397125 -1.05
      vertex 5.6807 0.639359 -1.05
      vertex 5.69152 0.389755 -1.05
    endloop
  endfacet
  facet normal 0 0 -1
    outer loop
      vertex 5.62339 0.397125 -1.05
      vertex 5.61421 0.627762 -1.05
      vertex 5.6807 0.639359 -1.05
    endloop
  endfacet
  facet normal 0 0 -1
    outer loop
      vertex 5.55281 0.608429 -1.05
      vertex 5.62339 0.397125 -1.05
      vertex 5.55442 0.389526 -1.05
    endloop
  endfacet
  facet normal 0 0 -1
    outer loop
      vertex 5.62339 0.397125 -1.05
      vertex 5.55281 0.608429 -1.05
      vertex 5.61421 0.627762 -1.05
    endloop
  endfacet
  facet normal 0 0 -1
    outer loop
      vertex 5.55442 0.389526 -1.05
      vertex 5.49649 0.581375 -1.05
      vertex 5.55281 0.608429 -1.05
    endloop
  endfacet
  facet normal 0 0 -1
    outer loop
      vertex 5.4458 0.546661 -1.05
      vertex 5.55442 0.389526 -1.05
      vertex 5.49439 0.366699 -1.05
    endloop
  endfacet
  facet normal 0 0 -1
    outer loop
      vertex 5.55442 0.389526 -1.05
      vertex 5.4458 0.546661 -1.05
      vertex 5.49649 0.581375 -1.05
    endloop
  endfacet
  facet normal 0 0 -1
    outer loop
      vertex 5.36301 0.454544 -1.05
      vertex 5.49439 0.366699 -1.05
      vertex 5.4433 0.328644 -1.05
    endloop
  endfacet
  facet normal 0 0 -1
    outer loop
      vertex 5.49439 0.366699 -1.05
      vertex 5.40131 0.504395 -1.05
      vertex 5.4458 0.546661 -1.05
    endloop
  endfacet
  facet normal 0 0 -1
    outer loop
      vertex 5.33092 0.397125 -1.05
      vertex 5.4433 0.328644 -1.05
      vertex 5.40114 0.275375 -1.05
    endloop
  endfacet
  facet normal 0 0 -1
    outer loop
      vertex 5.32834 0.397125 -1.05
      vertex 5.40114 0.275375 -1.05
      vertex 5.36817 0.208023 -1.05
    endloop
  endfacet
  facet normal 0 0 -1
    outer loop
      vertex 5.49439 0.366699 -1.05
      vertex 5.36301 0.454544 -1.05
      vertex 5.40131 0.504395 -1.05
    endloop
  endfacet
  facet normal 0 0 -1
    outer loop
      vertex 5.32834 0.397125 -1.05
      vertex 5.36817 0.208023 -1.05
      vertex 5.34462 0.127686 -1.05
    endloop
  endfacet
  facet normal 0 0 -1
    outer loop
      vertex 5.4433 0.328644 -1.05
      vertex 5.33092 0.397125 -1.05
      vertex 5.36301 0.454544 -1.05
    endloop
  endfacet
  facet normal 0 0 -1
    outer loop
      vertex 4.96887 -0.472534 -1.05
      vertex 5.34462 0.127686 -1.05
      vertex 5.33048 0.0343933 -1.05
    endloop
  endfacet
  facet normal 0 0 -1
    outer loop
      vertex 5.40114 0.275375 -1.05
      vertex 5.32834 0.397125 -1.05
      vertex 5.33092 0.397125 -1.05
    endloop
  endfacet
  facet normal 0 0 -1
    outer loop
      vertex 4.96887 -0.472534 -1.05
      vertex 5.33048 0.0343933 -1.05
      vertex 5.32578 -0.0718536 -1.05
    endloop
  endfacet
  facet normal 0 0 -1
    outer loop
      vertex 4.96887 1.13541 -1.05
      vertex 5.33092 0.62648 -1.05
      vertex 5.32834 0.397125 -1.05
    endloop
  endfacet
  facet normal -0 0 -1
    outer loop
      vertex 5.34462 0.127686 -1.05
      vertex 4.96887 -0.472534 -1.05
      vertex 5.32834 0.397125 -1.05
    endloop
  endfacet
  facet normal 0 0 -1
    outer loop
      vertex 4.9663 -0.612976 -1.05
      vertex 5.32434 -0.642014 -1.05
      vertex 5.32125 -0.679337 -1.05
    endloop
  endfacet
  facet normal -0 0 -1
    outer loop
      vertex 5.33069 -0.181168 -1.05
      vertex 4.96887 -0.472534 -1.05
      vertex 5.32578 -0.0718536 -1.05
    endloop
  endfacet
  facet normal 0 0 -1
    outer loop
      vertex 4.96308 -0.691895 -1.05
      vertex 5.32125 -0.679337 -1.05
      vertex 5.31783 -0.714645 -1.05
    endloop
  endfacet
  facet normal 0 0 -1
    outer loop
      vertex 4.96308 -0.691895 -1.05
      vertex 5.31783 -0.714645 -1.05
      vertex 5.31465 -0.74263 -1.05
    endloop
  endfacet
  facet normal 0 0 -1
    outer loop
      vertex 4.96308 -0.691895 -1.05
      vertex 5.31465 -0.74263 -1.05
      vertex 5.31171 -0.76329 -1.05
    endloop
  endfacet
  facet normal 0 0 -1
    outer loop
      vertex 4.96308 -0.691895 -1.05
      vertex 5.31171 -0.76329 -1.05
      vertex 5.30901 -0.776611 -1.05
    endloop
  endfacet
  facet normal -0 0 -1
    outer loop
      vertex 5.32834 0.397125 -1.05
      vertex 4.96887 -0.472534 -1.05
      vertex 4.96887 1.13541 -1.05
    endloop
  endfacet
  facet normal 0 0 -1
    outer loop
      vertex 5.33092 0.62648 -1.05
      vertex 4.96887 1.13541 -1.05
      vertex 5.33092 1.13541 -1.05
    endloop
  endfacet
  facet normal 0 0 -1
    outer loop
      vertex 5.32834 -0.54985 -1.05
      vertex 4.96823 -0.539856 -1.05
      vertex 4.96887 -0.472534 -1.05
    endloop
  endfacet
  facet normal -0 0 -1
    outer loop
      vertex 5.3279 -0.577271 -1.05
      vertex 4.9663 -0.612976 -1.05
      vertex 4.96823 -0.539856 -1.05
    endloop
  endfacet
  facet normal -0 0 -1
    outer loop
      vertex 5.32125 -0.679337 -1.05
      vertex 4.96308 -0.691895 -1.05
      vertex 4.9663 -0.612976 -1.05
    endloop
  endfacet
  facet normal 0 -0 -1
    outer loop
      vertex 4.96308 -0.691895 -1.05
      vertex 5.30901 -0.776611 -1.05
      vertex 4.95856 -0.776611 -1.05
    endloop
  endfacet
  facet normal 0 0 -1
    outer loop
      vertex 8.14031 0.868713 -1.05
      vertex 8.50237 1.13541 -1.05
      vertex 8.50237 0.868713 -1.05
    endloop
  endfacet
  facet normal -0 0 -1
    outer loop
      vertex 8.50237 1.13541 -1.05
      vertex 8.14031 0.868713 -1.05
      vertex 8.14031 1.13541 -1.05
    endloop
  endfacet
  facet normal 0 0 -1
    outer loop
      vertex 13.01 -0.776611 -1.05
      vertex 13.372 1.13541 -1.05
      vertex 13.372 -0.776611 -1.05
    endloop
  endfacet
  facet normal -0 0 -1
    outer loop
      vertex 13.372 1.13541 -1.05
      vertex 13.01 -0.776611 -1.05
      vertex 13.01 1.13541 -1.05
    endloop
  endfacet
  facet normal 0 0 -1
    outer loop
      vertex 23.69 -0.31041 -1.05
      vertex 24.0431 -0.421417 -1.05
      vertex 23.9882 -0.523117 -1.05
    endloop
  endfacet
  facet normal 0 0 -1
    outer loop
      vertex 23.6581 -0.367706 -1.05
      vertex 23.9882 -0.523117 -1.05
      vertex 23.9156 -0.608871 -1.05
    endloop
  endfacet
  facet normal 0 0 -1
    outer loop
      vertex 23.6172 -0.4151 -1.05
      vertex 23.9156 -0.608871 -1.05
      vertex 23.8252 -0.678696 -1.05
    endloop
  endfacet
  facet normal 0 0 -1
    outer loop
      vertex 23.6172 -0.4151 -1.05
      vertex 23.8252 -0.678696 -1.05
      vertex 23.7166 -0.732803 -1.05
    endloop
  endfacet
  facet normal 0 0 -1
    outer loop
      vertex 23.9882 -0.523117 -1.05
      vertex 23.6581 -0.367706 -1.05
      vertex 23.69 -0.31041 -1.05
    endloop
  endfacet
  facet normal 0 0 -1
    outer loop
      vertex 24.0431 -0.421417 -1.05
      vertex 23.7131 -0.24321 -1.05
      vertex 24.0803 -0.303772 -1.05
    endloop
  endfacet
  facet normal 0 -0 -1
    outer loop
      vertex 23.7131 -0.24321 -1.05
      vertex 24.0431 -0.421417 -1.05
      vertex 23.69 -0.31041 -1.05
    endloop
  endfacet
  facet normal 0 0 -1
    outer loop
      vertex 23.9156 -0.608871 -1.05
      vertex 23.6172 -0.4151 -1.05
      vertex 23.6581 -0.367706 -1.05
    endloop
  endfacet
  facet normal 0 0 -1
    outer loop
      vertex 23.5676 -0.452591 -1.05
      vertex 23.7166 -0.732803 -1.05
      vertex 23.5891 -0.771454 -1.05
    endloop
  endfacet
  facet normal 0 0 -1
    outer loop
      vertex 23.7166 -0.732803 -1.05
      vertex 23.5676 -0.452591 -1.05
      vertex 23.6172 -0.4151 -1.05
    endloop
  endfacet
  facet normal 0 0 -1
    outer loop
      vertex 23.5891 -0.771454 -1.05
      vertex 23.5082 -0.481049 -1.05
      vertex 23.5676 -0.452591 -1.05
    endloop
  endfacet
  facet normal 0 0 -1
    outer loop
      vertex 23.4384 -0.501389 -1.05
      vertex 23.5891 -0.771454 -1.05
      vertex 23.4428 -0.794647 -1.05
    endloop
  endfacet
  facet normal 0 0 -1
    outer loop
      vertex 23.5891 -0.771454 -1.05
      vertex 23.4384 -0.501389 -1.05
      vertex 23.5082 -0.481049 -1.05
    endloop
  endfacet
  facet normal 0 0 -1
    outer loop
      vertex 23.4428 -0.794647 -1.05
      vertex 23.3581 -0.51358 -1.05
      vertex 23.4384 -0.501389 -1.05
    endloop
  endfacet
  facet normal 0 0 -1
    outer loop
      vertex 23.2777 -0.802383 -1.05
      vertex 23.3581 -0.51358 -1.05
      vertex 23.4428 -0.794647 -1.05
    endloop
  endfacet
  facet normal 0 0 -1
    outer loop
      vertex 23.2777 -0.802383 -1.05
      vertex 23.2673 -0.517654 -1.05
      vertex 23.3581 -0.51358 -1.05
    endloop
  endfacet
  facet normal 0 0 -1
    outer loop
      vertex 23.0979 -0.793564 -1.05
      vertex 23.2673 -0.517654 -1.05
      vertex 23.2777 -0.802383 -1.05
    endloop
  endfacet
  facet normal 0 0 -1
    outer loop
      vertex 23.0979 -0.793564 -1.05
      vertex 23.0932 -0.502502 -1.05
      vertex 23.2673 -0.517654 -1.05
    endloop
  endfacet
  facet normal 0 0 -1
    outer loop
      vertex 22.9412 -0.767105 -1.05
      vertex 23.0932 -0.502502 -1.05
      vertex 23.0979 -0.793564 -1.05
    endloop
  endfacet
  facet normal -0 0 -1
    outer loop
      vertex 23.0932 -0.502502 -1.05
      vertex 22.9412 -0.767105 -1.05
      vertex 22.9687 -0.457092 -1.05
    endloop
  endfacet
  facet normal 0 0 -1
    outer loop
      vertex 22.8077 -0.723022 -1.05
      vertex 22.9687 -0.457092 -1.05
      vertex 22.9412 -0.767105 -1.05
    endloop
  endfacet
  facet normal 0 0 -1
    outer loop
      vertex 22.6972 -0.661301 -1.05
      vertex 22.9687 -0.457092 -1.05
      vertex 22.8077 -0.723022 -1.05
    endloop
  endfacet
  facet normal -0 0 -1
    outer loop
      vertex 22.9687 -0.457092 -1.05
      vertex 22.6972 -0.661301 -1.05
      vertex 22.8941 -0.381393 -1.05
    endloop
  endfacet
  facet normal 0 0 -1
    outer loop
      vertex 22.6107 -0.582916 -1.05
      vertex 22.8941 -0.381393 -1.05
      vertex 22.6972 -0.661301 -1.05
    endloop
  endfacet
  facet normal 0 -0 -1
    outer loop
      vertex 22.5016 -0.198471 -1.05
      vertex 22.8692 -0.275421 -1.05
      vertex 22.4994 -0.25351 -1.05
    endloop
  endfacet
  facet normal 0 0 -1
    outer loop
      vertex 22.8692 -0.275421 -1.05
      vertex 22.7597 0.18132 -1.05
      vertex 22.8132 0.205795 -1.05
    endloop
  endfacet
  facet normal 0 0 -1
    outer loop
      vertex 22.5489 -0.488815 -1.05
      vertex 22.8941 -0.381393 -1.05
      vertex 22.6107 -0.582916 -1.05
    endloop
  endfacet
  facet normal 0 -0 -1
    outer loop
      vertex 22.5081 -0.146744 -1.05
      vertex 22.8692 -0.275421 -1.05
      vertex 22.5016 -0.198471 -1.05
    endloop
  endfacet
  facet normal 0 0 -1
    outer loop
      vertex 22.8692 -0.275421 -1.05
      vertex 22.7122 0.154907 -1.05
      vertex 22.7597 0.18132 -1.05
    endloop
  endfacet
  facet normal 0 0 -1
    outer loop
      vertex 22.5118 -0.379013 -1.05
      vertex 22.8941 -0.381393 -1.05
      vertex 22.5489 -0.488815 -1.05
    endloop
  endfacet
  facet normal 0 0 -1
    outer loop
      vertex 22.8692 -0.275421 -1.05
      vertex 22.6705 0.126556 -1.05
      vertex 22.7122 0.154907 -1.05
    endloop
  endfacet
  facet normal 0 0 -1
    outer loop
      vertex 22.8692 -0.275421 -1.05
      vertex 22.6347 0.096283 -1.05
      vertex 22.6705 0.126556 -1.05
    endloop
  endfacet
  facet normal 0 0 -1
    outer loop
      vertex 22.8692 -0.275421 -1.05
      vertex 22.6038 0.0635071 -1.05
      vertex 22.6347 0.096283 -1.05
    endloop
  endfacet
  facet normal 0 0 -1
    outer loop
      vertex 22.8941 -0.381393 -1.05
      vertex 22.5118 -0.379013 -1.05
      vertex 22.8692 -0.275421 -1.05
    endloop
  endfacet
  facet normal 0 0 -1
    outer loop
      vertex 22.8692 -0.275421 -1.05
      vertex 22.5767 0.0276642 -1.05
      vertex 22.6038 0.0635071 -1.05
    endloop
  endfacet
  facet normal 0 0 -1
    outer loop
      vertex 22.8692 -0.275421 -1.05
      vertex 22.5342 -0.0531769 -1.05
      vertex 22.5535 -0.0112152 -1.05
    endloop
  endfacet
  facet normal -0 0 -1
    outer loop
      vertex 22.8692 -0.275421 -1.05
      vertex 22.5118 -0.379013 -1.05
      vertex 22.4994 -0.25351 -1.05
    endloop
  endfacet
  facet normal 0 0 -1
    outer loop
      vertex 22.8692 -0.275421 -1.05
      vertex 22.519 -0.0983124 -1.05
      vertex 22.5342 -0.0531769 -1.05
    endloop
  endfacet
  facet normal 0 0 -1
    outer loop
      vertex 22.8692 -0.275421 -1.05
      vertex 22.5081 -0.146744 -1.05
      vertex 22.519 -0.0983124 -1.05
    endloop
  endfacet
  facet normal 0 0 -1
    outer loop
      vertex 22.8692 -0.275421 -1.05
      vertex 22.5535 -0.0112152 -1.05
      vertex 22.5767 0.0276642 -1.05
    endloop
  endfacet
  facet normal -0 0 -1
    outer loop
      vertex 23.9953 0.558197 -1.05
      vertex 23.6232 0.54628 -1.05
      vertex 23.6255 0.580093 -1.05
    endloop
  endfacet
  facet normal 0 0 -1
    outer loop
      vertex 23.6851 0.108841 -1.05
      vertex 23.6163 0.515671 -1.05
      vertex 23.6232 0.54628 -1.05
    endloop
  endfacet
  facet normal 0 0 -1
    outer loop
      vertex 23.6851 0.108841 -1.05
      vertex 23.6049 0.488281 -1.05
      vertex 23.6163 0.515671 -1.05
    endloop
  endfacet
  facet normal 0 0 -1
    outer loop
      vertex 23.5138 0.404099 -1.05
      vertex 23.6462 0.0937042 -1.05
      vertex 23.5985 0.0780487 -1.05
    endloop
  endfacet
  facet normal 0 0 -1
    outer loop
      vertex 23.6851 0.108841 -1.05
      vertex 23.5888 0.464127 -1.05
      vertex 23.6049 0.488281 -1.05
    endloop
  endfacet
  facet normal 0 0 -1
    outer loop
      vertex 23.6851 0.108841 -1.05
      vertex 23.5682 0.442429 -1.05
      vertex 23.5888 0.464127 -1.05
    endloop
  endfacet
  facet normal 0 0 -1
    outer loop
      vertex 23.6851 0.108841 -1.05
      vertex 23.5432 0.422409 -1.05
      vertex 23.5682 0.442429 -1.05
    endloop
  endfacet
  facet normal 0 0 -1
    outer loop
      vertex 23.4799 0.387466 -1.05
      vertex 23.5985 0.0780487 -1.05
      vertex 23.5353 0.0600586 -1.05
    endloop
  endfacet
  facet normal 0 0 -1
    outer loop
      vertex 23.6851 0.108841 -1.05
      vertex 23.5138 0.404099 -1.05
      vertex 23.5432 0.422409 -1.05
    endloop
  endfacet
  facet normal 0 0 -1
    outer loop
      vertex 23.5985 0.0780487 -1.05
      vertex 23.4799 0.387466 -1.05
      vertex 23.5138 0.404099 -1.05
    endloop
  endfacet
  facet normal 0 0 -1
    outer loop
      vertex 23.4346 0.370667 -1.05
      vertex 23.5353 0.0600586 -1.05
      vertex 23.4567 0.0397186 -1.05
    endloop
  endfacet
  facet normal 0 0 -1
    outer loop
      vertex 23.5353 0.0600586 -1.05
      vertex 23.4346 0.370667 -1.05
      vertex 23.4799 0.387466 -1.05
    endloop
  endfacet
  facet normal 0 0 -1
    outer loop
      vertex 23.4567 0.0397186 -1.05
      vertex 23.3707 0.351868 -1.05
      vertex 23.4346 0.370667 -1.05
    endloop
  endfacet
  facet normal 0 0 -1
    outer loop
      vertex 23.3627 0.0170593 -1.05
      vertex 23.3707 0.351868 -1.05
      vertex 23.4567 0.0397186 -1.05
    endloop
  endfacet
  facet normal 0 0 -1
    outer loop
      vertex 23.3627 0.0170593 -1.05
      vertex 23.2884 0.331055 -1.05
      vertex 23.3707 0.351868 -1.05
    endloop
  endfacet
  facet normal 0 0 -1
    outer loop
      vertex 23.2543 -0.00588989 -1.05
      vertex 23.2884 0.331055 -1.05
      vertex 23.3627 0.0170593 -1.05
    endloop
  endfacet
  facet normal 0 0 -1
    outer loop
      vertex 23.2543 -0.00588989 -1.05
      vertex 23.1875 0.308228 -1.05
      vertex 23.2884 0.331055 -1.05
    endloop
  endfacet
  facet normal 0 0 -1
    outer loop
      vertex 23.1651 -0.0270691 -1.05
      vertex 23.1875 0.308228 -1.05
      vertex 23.2543 -0.00588989 -1.05
    endloop
  endfacet
  facet normal 0 0 -1
    outer loop
      vertex 23.066 0.281052 -1.05
      vertex 23.1651 -0.0270691 -1.05
      vertex 23.0949 -0.0464783 -1.05
    endloop
  endfacet
  facet normal 0 0 -1
    outer loop
      vertex 23.1651 -0.0270691 -1.05
      vertex 23.066 0.281052 -1.05
      vertex 23.1875 0.308228 -1.05
    endloop
  endfacet
  facet normal 0 0 -1
    outer loop
      vertex 22.9631 0.254913 -1.05
      vertex 23.0949 -0.0464783 -1.05
      vertex 23.0438 -0.0641174 -1.05
    endloop
  endfacet
  facet normal 0 0 -1
    outer loop
      vertex 22.8788 0.229843 -1.05
      vertex 23.0438 -0.0641174 -1.05
      vertex 23.0046 -0.0819092 -1.05
    endloop
  endfacet
  facet normal 0 0 -1
    outer loop
      vertex 22.8132 0.205795 -1.05
      vertex 23.0046 -0.0819092 -1.05
      vertex 22.97 -0.101807 -1.05
    endloop
  endfacet
  facet normal 0 0 -1
    outer loop
      vertex 23.0949 -0.0464783 -1.05
      vertex 22.9631 0.254913 -1.05
      vertex 23.066 0.281052 -1.05
    endloop
  endfacet
  facet normal 0 0 -1
    outer loop
      vertex 22.8132 0.205795 -1.05
      vertex 22.97 -0.101807 -1.05
      vertex 22.9402 -0.123795 -1.05
    endloop
  endfacet
  facet normal 0 0 -1
    outer loop
      vertex 22.8132 0.205795 -1.05
      vertex 22.9402 -0.123795 -1.05
      vertex 22.915 -0.147873 -1.05
    endloop
  endfacet
  facet normal 0 0 -1
    outer loop
      vertex 22.8132 0.205795 -1.05
      vertex 22.915 -0.147873 -1.05
      vertex 22.8949 -0.174683 -1.05
    endloop
  endfacet
  facet normal 0 0 -1
    outer loop
      vertex 22.8132 0.205795 -1.05
      vertex 22.8949 -0.174683 -1.05
      vertex 22.8806 -0.20488 -1.05
    endloop
  endfacet
  facet normal 0 0 -1
    outer loop
      vertex 23.0438 -0.0641174 -1.05
      vertex 22.8788 0.229843 -1.05
      vertex 22.9631 0.254913 -1.05
    endloop
  endfacet
  facet normal 0 0 -1
    outer loop
      vertex 22.8132 0.205795 -1.05
      vertex 22.8806 -0.20488 -1.05
      vertex 22.8721 -0.238449 -1.05
    endloop
  endfacet
  facet normal 0 0 -1
    outer loop
      vertex 22.8132 0.205795 -1.05
      vertex 22.8721 -0.238449 -1.05
      vertex 22.8692 -0.275421 -1.05
    endloop
  endfacet
  facet normal 0 0 -1
    outer loop
      vertex 23.0046 -0.0819092 -1.05
      vertex 22.8132 0.205795 -1.05
      vertex 22.8788 0.229843 -1.05
    endloop
  endfacet
  facet normal 0 0 -1
    outer loop
      vertex 23.6232 0.54628 -1.05
      vertex 23.9937 0.511246 -1.05
      vertex 23.989 0.467041 -1.05
    endloop
  endfacet
  facet normal 0 0 -1
    outer loop
      vertex 23.6232 0.54628 -1.05
      vertex 23.9953 0.558197 -1.05
      vertex 23.9937 0.511246 -1.05
    endloop
  endfacet
  facet normal 0 0 -1
    outer loop
      vertex 23.6232 0.54628 -1.05
      vertex 23.989 0.467041 -1.05
      vertex 23.9812 0.425568 -1.05
    endloop
  endfacet
  facet normal 0 0 -1
    outer loop
      vertex 23.6232 0.54628 -1.05
      vertex 23.9812 0.425568 -1.05
      vertex 23.9702 0.386826 -1.05
    endloop
  endfacet
  facet normal 0 0 -1
    outer loop
      vertex 23.6232 0.54628 -1.05
      vertex 23.9702 0.386826 -1.05
      vertex 23.9564 0.350677 -1.05
    endloop
  endfacet
  facet normal 0 0 -1
    outer loop
      vertex 23.9953 0.558197 -1.05
      vertex 23.6255 0.580093 -1.05
      vertex 23.9837 0.674026 -1.05
    endloop
  endfacet
  facet normal 0 0 -1
    outer loop
      vertex 23.6232 0.54628 -1.05
      vertex 23.9564 0.350677 -1.05
      vertex 23.9401 0.31694 -1.05
    endloop
  endfacet
  facet normal 0 0 -1
    outer loop
      vertex 23.6232 0.54628 -1.05
      vertex 23.9401 0.31694 -1.05
      vertex 23.9213 0.285614 -1.05
    endloop
  endfacet
  facet normal 0 0 -1
    outer loop
      vertex 23.6232 0.54628 -1.05
      vertex 23.9213 0.285614 -1.05
      vertex 23.9 0.256699 -1.05
    endloop
  endfacet
  facet normal -0 0 -1
    outer loop
      vertex 23.9837 0.674026 -1.05
      vertex 23.6255 0.580093 -1.05
      vertex 23.9491 0.775452 -1.05
    endloop
  endfacet
  facet normal 0 0 -1
    outer loop
      vertex 23.6232 0.54628 -1.05
      vertex 23.9 0.256699 -1.05
      vertex 23.8762 0.230011 -1.05
    endloop
  endfacet
  facet normal 0 0 -1
    outer loop
      vertex 23.6232 0.54628 -1.05
      vertex 23.8762 0.230011 -1.05
      vertex 23.85 0.205322 -1.05
    endloop
  endfacet
  facet normal 0 0 -1
    outer loop
      vertex 23.6232 0.54628 -1.05
      vertex 23.85 0.205322 -1.05
      vertex 23.8215 0.182648 -1.05
    endloop
  endfacet
  facet normal 0 0 -1
    outer loop
      vertex 23.6039 0.674789 -1.05
      vertex 23.9491 0.775452 -1.05
      vertex 23.6255 0.580093 -1.05
    endloop
  endfacet
  facet normal 0 0 -1
    outer loop
      vertex 23.6232 0.54628 -1.05
      vertex 23.8215 0.182648 -1.05
      vertex 23.7905 0.161987 -1.05
    endloop
  endfacet
  facet normal 0 0 -1
    outer loop
      vertex 23.6232 0.54628 -1.05
      vertex 23.7905 0.161987 -1.05
      vertex 23.7573 0.14299 -1.05
    endloop
  endfacet
  facet normal 0 0 -1
    outer loop
      vertex 23.6232 0.54628 -1.05
      vertex 23.7573 0.14299 -1.05
      vertex 23.7222 0.125275 -1.05
    endloop
  endfacet
  facet normal -0 0 -1
    outer loop
      vertex 23.9491 0.775452 -1.05
      vertex 23.6039 0.674789 -1.05
      vertex 23.8913 0.862457 -1.05
    endloop
  endfacet
  facet normal 0 0 -1
    outer loop
      vertex 23.6232 0.54628 -1.05
      vertex 23.7222 0.125275 -1.05
      vertex 23.6851 0.108841 -1.05
    endloop
  endfacet
  facet normal 0 0 -1
    outer loop
      vertex 23.5138 0.404099 -1.05
      vertex 23.6851 0.108841 -1.05
      vertex 23.6462 0.0937042 -1.05
    endloop
  endfacet
  facet normal -0 0 -1
    outer loop
      vertex 23.8913 0.862457 -1.05
      vertex 23.6039 0.674789 -1.05
      vertex 23.8104 0.935059 -1.05
    endloop
  endfacet
  facet normal 0 0 -1
    outer loop
      vertex 23.5392 0.742432 -1.05
      vertex 23.8104 0.935059 -1.05
      vertex 23.6039 0.674789 -1.05
    endloop
  endfacet
  facet normal -0 0 -1
    outer loop
      vertex 23.8104 0.935059 -1.05
      vertex 23.5392 0.742432 -1.05
      vertex 23.7075 0.992279 -1.05
    endloop
  endfacet
  facet normal -0 0 -1
    outer loop
      vertex 23.7075 0.992279 -1.05
      vertex 23.5392 0.742432 -1.05
      vertex 23.5835 1.03314 -1.05
    endloop
  endfacet
  facet normal 0 0 -1
    outer loop
      vertex 23.4313 0.78302 -1.05
      vertex 23.5835 1.03314 -1.05
      vertex 23.5392 0.742432 -1.05
    endloop
  endfacet
  facet normal -0 0 -1
    outer loop
      vertex 23.5835 1.03314 -1.05
      vertex 23.4313 0.78302 -1.05
      vertex 23.4385 1.05766 -1.05
    endloop
  endfacet
  facet normal 0 0 -1
    outer loop
      vertex 23.2802 0.796555 -1.05
      vertex 23.4385 1.05766 -1.05
      vertex 23.4313 0.78302 -1.05
    endloop
  endfacet
  facet normal 0 0 -1
    outer loop
      vertex 23.2802 0.796555 -1.05
      vertex 23.2725 1.06584 -1.05
      vertex 23.4385 1.05766 -1.05
    endloop
  endfacet
  facet normal 0 0 -1
    outer loop
      vertex 23.2038 0.792847 -1.05
      vertex 23.2725 1.06584 -1.05
      vertex 23.2802 0.796555 -1.05
    endloop
  endfacet
  facet normal 0 0 -1
    outer loop
      vertex 23.1142 1.05923 -1.05
      vertex 23.2038 0.792847 -1.05
      vertex 23.1367 0.781723 -1.05
    endloop
  endfacet
  facet normal 0 0 -1
    outer loop
      vertex 23.2038 0.792847 -1.05
      vertex 23.1142 1.05923 -1.05
      vertex 23.2725 1.06584 -1.05
    endloop
  endfacet
  facet normal 0 0 -1
    outer loop
      vertex 22.977 1.03941 -1.05
      vertex 23.1367 0.781723 -1.05
      vertex 23.0791 0.763199 -1.05
    endloop
  endfacet
  facet normal 0 0 -1
    outer loop
      vertex 22.977 1.03941 -1.05
      vertex 23.0791 0.763199 -1.05
      vertex 23.0309 0.737274 -1.05
    endloop
  endfacet
  facet normal 0 0 -1
    outer loop
      vertex 22.8607 1.00641 -1.05
      vertex 23.0309 0.737274 -1.05
      vertex 22.9911 0.70401 -1.05
    endloop
  endfacet
  facet normal 0 0 -1
    outer loop
      vertex 23.1367 0.781723 -1.05
      vertex 22.977 1.03941 -1.05
      vertex 23.1142 1.05923 -1.05
    endloop
  endfacet
  facet normal 0 0 -1
    outer loop
      vertex 22.7655 0.960175 -1.05
      vertex 22.9911 0.70401 -1.05
      vertex 22.9586 0.663513 -1.05
    endloop
  endfacet
  facet normal 0 0 -1
    outer loop
      vertex 22.6262 0.820068 -1.05
      vertex 22.9586 0.663513 -1.05
      vertex 22.9334 0.615753 -1.05
    endloop
  endfacet
  facet normal 0 0 -1
    outer loop
      vertex 22.5791 0.724152 -1.05
      vertex 22.9334 0.615753 -1.05
      vertex 22.9156 0.56076 -1.05
    endloop
  endfacet
  facet normal 0 0 -1
    outer loop
      vertex 23.0309 0.737274 -1.05
      vertex 22.8607 1.00641 -1.05
      vertex 22.977 1.03941 -1.05
    endloop
  endfacet
  facet normal 0 0 -1
    outer loop
      vertex 22.9911 0.70401 -1.05
      vertex 22.7655 0.960175 -1.05
      vertex 22.8607 1.00641 -1.05
    endloop
  endfacet
  facet normal 0 0 -1
    outer loop
      vertex 22.9586 0.663513 -1.05
      vertex 22.6883 0.898743 -1.05
      vertex 22.7655 0.960175 -1.05
    endloop
  endfacet
  facet normal 0 0 -1
    outer loop
      vertex 22.9586 0.663513 -1.05
      vertex 22.6262 0.820068 -1.05
      vertex 22.6883 0.898743 -1.05
    endloop
  endfacet
  facet normal 0 0 -1
    outer loop
      vertex 22.9334 0.615753 -1.05
      vertex 22.5791 0.724152 -1.05
      vertex 22.6262 0.820068 -1.05
    endloop
  endfacet
  facet normal 0 -0 -1
    outer loop
      vertex 22.5791 0.724152 -1.05
      vertex 22.9156 0.56076 -1.05
      vertex 22.5471 0.611008 -1.05
    endloop
  endfacet
  facet normal 0 0 -1
    outer loop
      vertex 6.52242 -0.776611 -1.05
      vertex 6.88318 0.00544739 -1.05
      vertex 6.88318 -0.776611 -1.05
    endloop
  endfacet
  facet normal 0 -0 -1
    outer loop
      vertex 6.52983 0.232056 -1.05
      vertex 6.88318 0.00544739 -1.05
      vertex 6.52242 0.108521 -1.05
    endloop
  endfacet
  facet normal 0 -0 -1
    outer loop
      vertex 6.55205 0.339798 -1.05
      vertex 6.88318 0.00544739 -1.05
      vertex 6.52983 0.232056 -1.05
    endloop
  endfacet
  facet normal 0 -0 -1
    outer loop
      vertex 6.5891 0.431763 -1.05
      vertex 6.88318 0.00544739 -1.05
      vertex 6.55205 0.339798 -1.05
    endloop
  endfacet
  facet normal 0 -0 -1
    outer loop
      vertex 6.64096 0.507935 -1.05
      vertex 6.88318 0.00544739 -1.05
      vertex 6.5891 0.431763 -1.05
    endloop
  endfacet
  facet normal 0 0 -1
    outer loop
      vertex 6.88318 0.00544739 -1.05
      vertex 6.78527 0.610367 -1.05
      vertex 6.87674 0.635971 -1.05
    endloop
  endfacet
  facet normal 0 0 -1
    outer loop
      vertex 6.88318 0.00544739 -1.05
      vertex 6.70667 0.567688 -1.05
      vertex 6.78527 0.610367 -1.05
    endloop
  endfacet
  facet normal -0 0 -1
    outer loop
      vertex 6.88318 0.00544739 -1.05
      vertex 6.52242 -0.776611 -1.05
      vertex 6.52242 0.108521 -1.05
    endloop
  endfacet
  facet normal 0 0 -1
    outer loop
      vertex 6.88318 0.00544739 -1.05
      vertex 6.64096 0.507935 -1.05
      vertex 6.70667 0.567688 -1.05
    endloop
  endfacet
  facet normal 0 0 -1
    outer loop
      vertex 7.42432 -0.0293274 -1.05
      vertex 7.78638 0.305664 -1.05
      vertex 7.78638 -0.776611 -1.05
    endloop
  endfacet
  facet normal 0 -0 -1
    outer loop
      vertex 7.4493 0.600098 -1.05
      vertex 7.78638 0.305664 -1.05
      vertex 7.44687 0.572525 -1.05
    endloop
  endfacet
  facet normal 0 0 -1
    outer loop
      vertex 7.78638 0.305664 -1.05
      vertex 7.4493 0.600098 -1.05
      vertex 7.45139 0.617447 -1.05
    endloop
  endfacet
  facet normal 0 0 -1
    outer loop
      vertex 7.78638 0.305664 -1.05
      vertex 7.44414 0.534714 -1.05
      vertex 7.44687 0.572525 -1.05
    endloop
  endfacet
  facet normal 0 0 -1
    outer loop
      vertex 7.78638 0.305664 -1.05
      vertex 7.44107 0.486679 -1.05
      vertex 7.44414 0.534714 -1.05
    endloop
  endfacet
  facet normal 0 0 -1
    outer loop
      vertex 7.78638 0.305664 -1.05
      vertex 7.43825 0.437683 -1.05
      vertex 7.44107 0.486679 -1.05
    endloop
  endfacet
  facet normal 0 0 -1
    outer loop
      vertex 7.78638 0.305664 -1.05
      vertex 7.43624 0.396973 -1.05
      vertex 7.43825 0.437683 -1.05
    endloop
  endfacet
  facet normal 0 0 -1
    outer loop
      vertex 7.78638 0.305664 -1.05
      vertex 7.43503 0.364563 -1.05
      vertex 7.43624 0.396973 -1.05
    endloop
  endfacet
  facet normal 0 0 -1
    outer loop
      vertex 7.78638 0.305664 -1.05
      vertex 7.43463 0.340439 -1.05
      vertex 7.43503 0.364563 -1.05
    endloop
  endfacet
  facet normal 0 0 -1
    outer loop
      vertex 7.40418 0.131241 -1.05
      vertex 7.78638 0.305664 -1.05
      vertex 7.41928 0.0549316 -1.05
    endloop
  endfacet
  facet normal 0 0 -1
    outer loop
      vertex 7.42432 -0.0293274 -1.05
      vertex 7.78638 -0.776611 -1.05
      vertex 7.42432 -0.776611 -1.05
    endloop
  endfacet
  facet normal 0 0 -1
    outer loop
      vertex 7.78638 0.305664 -1.05
      vertex 7.42432 -0.0293274 -1.05
      vertex 7.41928 0.0549316 -1.05
    endloop
  endfacet
  facet normal -0 0 -1
    outer loop
      vertex 7.78638 0.305664 -1.05
      vertex 7.40418 0.131241 -1.05
      vertex 7.43463 0.340439 -1.05
    endloop
  endfacet
  facet normal 0 0 -1
    outer loop
      vertex 7.37902 0.199554 -1.05
      vertex 7.43463 0.340439 -1.05
      vertex 7.40418 0.131241 -1.05
    endloop
  endfacet
  facet normal -0 0 -1
    outer loop
      vertex 7.43463 0.340439 -1.05
      vertex 7.37902 0.199554 -1.05
      vertex 7.42948 0.340439 -1.05
    endloop
  endfacet
  facet normal 0 0 -1
    outer loop
      vertex 7.3438 0.259918 -1.05
      vertex 7.42948 0.340439 -1.05
      vertex 7.37902 0.199554 -1.05
    endloop
  endfacet
  facet normal 0 0 -1
    outer loop
      vertex 7.30036 0.309235 -1.05
      vertex 7.42948 0.340439 -1.05
      vertex 7.3438 0.259918 -1.05
    endloop
  endfacet
  facet normal -0 0 -1
    outer loop
      vertex 7.42948 0.340439 -1.05
      vertex 7.30036 0.309235 -1.05
      vertex 7.39043 0.414841 -1.05
    endloop
  endfacet
  facet normal 0 0 -1
    outer loop
      vertex 7.25055 0.344467 -1.05
      vertex 7.39043 0.414841 -1.05
      vertex 7.30036 0.309235 -1.05
    endloop
  endfacet
  facet normal -0 0 -1
    outer loop
      vertex 7.39043 0.414841 -1.05
      vertex 7.25055 0.344467 -1.05
      vertex 7.3467 0.478302 -1.05
    endloop
  endfacet
  facet normal -0 0 -1
    outer loop
      vertex 7.3467 0.478302 -1.05
      vertex 7.25055 0.344467 -1.05
      vertex 7.2983 0.530807 -1.05
    endloop
  endfacet
  facet normal 0 0 -1
    outer loop
      vertex 7.19438 0.365616 -1.05
      vertex 7.2983 0.530807 -1.05
      vertex 7.25055 0.344467 -1.05
    endloop
  endfacet
  facet normal -0 0 -1
    outer loop
      vertex 7.2983 0.530807 -1.05
      vertex 7.19438 0.365616 -1.05
      vertex 7.24524 0.572342 -1.05
    endloop
  endfacet
  facet normal 0 0 -1
    outer loop
      vertex 7.13185 0.372665 -1.05
      vertex 7.24524 0.572342 -1.05
      vertex 7.19438 0.365616 -1.05
    endloop
  endfacet
  facet normal -0 0 -1
    outer loop
      vertex 7.24524 0.572342 -1.05
      vertex 7.13185 0.372665 -1.05
      vertex 7.18718 0.603912 -1.05
    endloop
  endfacet
  facet normal 0 0 -1
    outer loop
      vertex 7.13185 0.372665 -1.05
      vertex 7.1238 0.626465 -1.05
      vertex 7.18718 0.603912 -1.05
    endloop
  endfacet
  facet normal 0 0 -1
    outer loop
      vertex 7.13185 0.372665 -1.05
      vertex 7.0551 0.639999 -1.05
      vertex 7.1238 0.626465 -1.05
    endloop
  endfacet
  facet normal 0 0 -1
    outer loop
      vertex 7.02306 0.349701 -1.05
      vertex 7.0551 0.639999 -1.05
      vertex 7.13185 0.372665 -1.05
    endloop
  endfacet
  facet normal 0 0 -1
    outer loop
      vertex 7.02306 0.349701 -1.05
      vertex 6.9811 0.644516 -1.05
      vertex 7.0551 0.639999 -1.05
    endloop
  endfacet
  facet normal 0 0 -1
    outer loop
      vertex 6.87674 0.635971 -1.05
      vertex 7.02306 0.349701 -1.05
      vertex 6.94535 0.280853 -1.05
    endloop
  endfacet
  facet normal 0 0 -1
    outer loop
      vertex 6.87674 0.635971 -1.05
      vertex 6.94535 0.280853 -1.05
      vertex 6.89872 0.166107 -1.05
    endloop
  endfacet
  facet normal 0 0 -1
    outer loop
      vertex 7.02306 0.349701 -1.05
      vertex 6.87674 0.635971 -1.05
      vertex 6.9811 0.644516 -1.05
    endloop
  endfacet
  facet normal 0 0 -1
    outer loop
      vertex 6.87674 0.635971 -1.05
      vertex 6.89872 0.166107 -1.05
      vertex 6.88318 0.00544739 -1.05
    endloop
  endfacet
  facet normal 0 0 -1
    outer loop
      vertex 7.79479 0.588181 -1.05
      vertex 7.45139 0.617447 -1.05
      vertex 7.79668 0.617447 -1.05
    endloop
  endfacet
  facet normal 0 0 -1
    outer loop
      vertex 7.79299 0.557053 -1.05
      vertex 7.45139 0.617447 -1.05
      vertex 7.79479 0.588181 -1.05
    endloop
  endfacet
  facet normal 0 0 -1
    outer loop
      vertex 7.79125 0.524078 -1.05
      vertex 7.45139 0.617447 -1.05
      vertex 7.79299 0.557053 -1.05
    endloop
  endfacet
  facet normal 0 0 -1
    outer loop
      vertex 7.78961 0.489243 -1.05
      vertex 7.45139 0.617447 -1.05
      vertex 7.79125 0.524078 -1.05
    endloop
  endfacet
  facet normal 0 0 -1
    outer loop
      vertex 7.7882 0.450958 -1.05
      vertex 7.45139 0.617447 -1.05
      vertex 7.78961 0.489243 -1.05
    endloop
  endfacet
  facet normal 0 0 -1
    outer loop
      vertex 7.78719 0.407593 -1.05
      vertex 7.45139 0.617447 -1.05
      vertex 7.7882 0.450958 -1.05
    endloop
  endfacet
  facet normal 0 0 -1
    outer loop
      vertex 7.78658 0.359161 -1.05
      vertex 7.45139 0.617447 -1.05
      vertex 7.78719 0.407593 -1.05
    endloop
  endfacet
  facet normal 0 0 -1
    outer loop
      vertex 7.45139 0.617447 -1.05
      vertex 7.78658 0.359161 -1.05
      vertex 7.78638 0.305664 -1.05
    endloop
  endfacet
  facet normal 0 0 -1
    outer loop
      vertex 18.624 -0.478989 -1.05
      vertex 19.0517 -0.525375 -1.05
      vertex 19.0517 -0.776611 -1.05
    endloop
  endfacet
  facet normal 0 0 -1
    outer loop
      vertex 19.0517 -0.525375 -1.05
      vertex 18.624 -0.478989 -1.05
      vertex 19.0126 -0.447906 -1.05
    endloop
  endfacet
  facet normal -0 0 -1
    outer loop
      vertex 19.0126 -0.447906 -1.05
      vertex 18.624 -0.478989 -1.05
      vertex 18.9659 -0.371399 -1.05
    endloop
  endfacet
  facet normal -0 0 -1
    outer loop
      vertex 18.9659 -0.371399 -1.05
      vertex 18.624 -0.478989 -1.05
      vertex 18.9117 -0.295868 -1.05
    endloop
  endfacet
  facet normal 0 0 -1
    outer loop
      vertex 18.6036 -0.437744 -1.05
      vertex 18.9117 -0.295868 -1.05
      vertex 18.624 -0.478989 -1.05
    endloop
  endfacet
  facet normal -0 0 -1
    outer loop
      vertex 18.9117 -0.295868 -1.05
      vertex 18.6036 -0.437744 -1.05
      vertex 18.8501 -0.221298 -1.05
    endloop
  endfacet
  facet normal 0 0 -1
    outer loop
      vertex 18.5784 -0.397812 -1.05
      vertex 18.8501 -0.221298 -1.05
      vertex 18.6036 -0.437744 -1.05
    endloop
  endfacet
  facet normal 0 0 -1
    outer loop
      vertex 17.7813 -0.776611 -1.05
      vertex 18.624 -0.478989 -1.05
      vertex 19.0517 -0.776611 -1.05
    endloop
  endfacet
  facet normal -0 0 -1
    outer loop
      vertex 18.624 -0.478989 -1.05
      vertex 17.7813 -0.776611 -1.05
      vertex 17.7813 -0.478989 -1.05
    endloop
  endfacet
  facet normal -0 0 -1
    outer loop
      vertex 18.8501 -0.221298 -1.05
      vertex 18.5784 -0.397812 -1.05
      vertex 18.7805 -0.146408 -1.05
    endloop
  endfacet
  facet normal 0 0 -1
    outer loop
      vertex 18.5485 -0.359161 -1.05
      vertex 18.7805 -0.146408 -1.05
      vertex 18.5784 -0.397812 -1.05
    endloop
  endfacet
  facet normal 0 0 -1
    outer loop
      vertex 18.5138 -0.321793 -1.05
      vertex 18.7805 -0.146408 -1.05
      vertex 18.5485 -0.359161 -1.05
    endloop
  endfacet
  facet normal -0 0 -1
    outer loop
      vertex 18.7805 -0.146408 -1.05
      vertex 18.5138 -0.321793 -1.05
      vertex 18.7024 -0.0699005 -1.05
    endloop
  endfacet
  facet normal 0 0 -1
    outer loop
      vertex 18.4758 -0.285156 -1.05
      vertex 18.7024 -0.0699005 -1.05
      vertex 18.5138 -0.321793 -1.05
    endloop
  endfacet
  facet normal 0 0 -1
    outer loop
      vertex 18.4357 -0.248688 -1.05
      vertex 18.7024 -0.0699005 -1.05
      vertex 18.4758 -0.285156 -1.05
    endloop
  endfacet
  facet normal -0 0 -1
    outer loop
      vertex 18.7024 -0.0699005 -1.05
      vertex 18.4357 -0.248688 -1.05
      vertex 18.6159 0.00819397 -1.05
    endloop
  endfacet
  facet normal 0 0 -1
    outer loop
      vertex 18.3936 -0.212372 -1.05
      vertex 18.6159 0.00819397 -1.05
      vertex 18.4357 -0.248688 -1.05
    endloop
  endfacet
  facet normal 0 0 -1
    outer loop
      vertex 18.3496 -0.176224 -1.05
      vertex 18.6159 0.00819397 -1.05
      vertex 18.3936 -0.212372 -1.05
    endloop
  endfacet
  facet normal -0 0 -1
    outer loop
      vertex 18.6159 0.00819397 -1.05
      vertex 18.3496 -0.176224 -1.05
      vertex 18.5209 0.0879059 -1.05
    endloop
  endfacet
  facet normal 0 0 -1
    outer loop
      vertex 18.3041 -0.139893 -1.05
      vertex 18.5209 0.0879059 -1.05
      vertex 18.3496 -0.176224 -1.05
    endloop
  endfacet
  facet normal 0 0 -1
    outer loop
      vertex 18.2579 -0.103088 -1.05
      vertex 18.5209 0.0879059 -1.05
      vertex 18.3041 -0.139893 -1.05
    endloop
  endfacet
  facet normal -0 0 -1
    outer loop
      vertex 18.5209 0.0879059 -1.05
      vertex 18.2579 -0.103088 -1.05
      vertex 18.4327 0.161835 -1.05
    endloop
  endfacet
  facet normal 0 0 -1
    outer loop
      vertex 18.211 -0.0658112 -1.05
      vertex 18.4327 0.161835 -1.05
      vertex 18.2579 -0.103088 -1.05
    endloop
  endfacet
  facet normal -0 0 -1
    outer loop
      vertex 18.4327 0.161835 -1.05
      vertex 18.211 -0.0658112 -1.05
      vertex 18.3587 0.228989 -1.05
    endloop
  endfacet
  facet normal 0 0 -1
    outer loop
      vertex 18.1634 -0.0280304 -1.05
      vertex 18.3587 0.228989 -1.05
      vertex 18.211 -0.0658112 -1.05
    endloop
  endfacet
  facet normal 0 0 -1
    outer loop
      vertex 18.1165 0.0106354 -1.05
      vertex 18.3587 0.228989 -1.05
      vertex 18.1634 -0.0280304 -1.05
    endloop
  endfacet
  facet normal -0 0 -1
    outer loop
      vertex 18.3587 0.228989 -1.05
      vertex 18.1165 0.0106354 -1.05
      vertex 18.299 0.289383 -1.05
    endloop
  endfacet
  facet normal 0 0 -1
    outer loop
      vertex 18.0717 0.050705 -1.05
      vertex 18.299 0.289383 -1.05
      vertex 18.1165 0.0106354 -1.05
    endloop
  endfacet
  facet normal 0 0 -1
    outer loop
      vertex 18.0292 0.0921326 -1.05
      vertex 18.299 0.289383 -1.05
      vertex 18.0717 0.050705 -1.05
    endloop
  endfacet
  facet normal -0 0 -1
    outer loop
      vertex 18.299 0.289383 -1.05
      vertex 18.0292 0.0921326 -1.05
      vertex 18.2536 0.343018 -1.05
    endloop
  endfacet
  facet normal 0 0 -1
    outer loop
      vertex 17.9888 0.134933 -1.05
      vertex 18.2536 0.343018 -1.05
      vertex 18.0292 0.0921326 -1.05
    endloop
  endfacet
  facet normal 0 0 -1
    outer loop
      vertex 18.6717 0.527267 -1.05
      vertex 19.0129 0.666656 -1.05
      vertex 19.0363 0.547882 -1.05
    endloop
  endfacet
  facet normal -0 0 -1
    outer loop
      vertex 19.0129 0.666656 -1.05
      vertex 18.6599 0.585846 -1.05
      vertex 18.9736 0.770462 -1.05
    endloop
  endfacet
  facet normal 0 0 -1
    outer loop
      vertex 18.6428 0.636627 -1.05
      vertex 18.9736 0.770462 -1.05
      vertex 18.6599 0.585846 -1.05
    endloop
  endfacet
  facet normal 0 0 -1
    outer loop
      vertex 18.6203 0.679581 -1.05
      vertex 18.9185 0.859283 -1.05
      vertex 18.6428 0.636627 -1.05
    endloop
  endfacet
  facet normal 0 0 -1
    outer loop
      vertex 19.0129 0.666656 -1.05
      vertex 18.6717 0.527267 -1.05
      vertex 18.6599 0.585846 -1.05
    endloop
  endfacet
  facet normal -0 0 -1
    outer loop
      vertex 18.9736 0.770462 -1.05
      vertex 18.6428 0.636627 -1.05
      vertex 18.9185 0.859283 -1.05
    endloop
  endfacet
  facet normal -0 0 -1
    outer loop
      vertex 18.9185 0.859283 -1.05
      vertex 18.6203 0.679581 -1.05
      vertex 18.8475 0.933121 -1.05
    endloop
  endfacet
  facet normal 0 0 -1
    outer loop
      vertex 18.5924 0.714737 -1.05
      vertex 18.8475 0.933121 -1.05
      vertex 18.6203 0.679581 -1.05
    endloop
  endfacet
  facet normal -0 0 -1
    outer loop
      vertex 18.8475 0.933121 -1.05
      vertex 18.5924 0.714737 -1.05
      vertex 18.7615 0.99118 -1.05
    endloop
  endfacet
  facet normal 0 0 -1
    outer loop
      vertex 18.5584 0.742081 -1.05
      vertex 18.7615 0.99118 -1.05
      vertex 18.5924 0.714737 -1.05
    endloop
  endfacet
  facet normal -0 0 -1
    outer loop
      vertex 18.7615 0.99118 -1.05
      vertex 18.5584 0.742081 -1.05
      vertex 18.6612 1.03265 -1.05
    endloop
  endfacet
  facet normal 0 0 -1
    outer loop
      vertex 18.5175 0.761597 -1.05
      vertex 18.6612 1.03265 -1.05
      vertex 18.5584 0.742081 -1.05
    endloop
  endfacet
  facet normal -0 0 -1
    outer loop
      vertex 18.6612 1.03265 -1.05
      vertex 18.5175 0.761597 -1.05
      vertex 18.5466 1.05754 -1.05
    endloop
  endfacet
  facet normal 0 0 -1
    outer loop
      vertex 18.4698 0.773315 -1.05
      vertex 18.5466 1.05754 -1.05
      vertex 18.5175 0.761597 -1.05
    endloop
  endfacet
  facet normal 0 0 -1
    outer loop
      vertex 18.4698 0.773315 -1.05
      vertex 18.4178 1.06584 -1.05
      vertex 18.5466 1.05754 -1.05
    endloop
  endfacet
  facet normal 0 0 -1
    outer loop
      vertex 18.4153 0.777222 -1.05
      vertex 18.4178 1.06584 -1.05
      vertex 18.4698 0.773315 -1.05
    endloop
  endfacet
  facet normal 0 0 -1
    outer loop
      vertex 18.2795 1.05746 -1.05
      vertex 18.4153 0.777222 -1.05
      vertex 18.311 0.762405 -1.05
    endloop
  endfacet
  facet normal 0 0 -1
    outer loop
      vertex 18.4153 0.777222 -1.05
      vertex 18.2795 1.05746 -1.05
      vertex 18.4178 1.06584 -1.05
    endloop
  endfacet
  facet normal 0 0 -1
    outer loop
      vertex 18.1582 1.03233 -1.05
      vertex 18.311 0.762405 -1.05
      vertex 18.2365 0.717957 -1.05
    endloop
  endfacet
  facet normal 0 0 -1
    outer loop
      vertex 17.9669 0.931824 -1.05
      vertex 18.2365 0.717957 -1.05
      vertex 18.1918 0.64386 -1.05
    endloop
  endfacet
  facet normal 0 0 -1
    outer loop
      vertex 18.311 0.762405 -1.05
      vertex 18.1582 1.03233 -1.05
      vertex 18.2795 1.05746 -1.05
    endloop
  endfacet
  facet normal 0 0 -1
    outer loop
      vertex 17.8195 0.669952 -1.05
      vertex 18.1918 0.64386 -1.05
      vertex 18.1769 0.540146 -1.05
    endloop
  endfacet
  facet normal 0 0 -1
    outer loop
      vertex 17.9513 0.179428 -1.05
      vertex 18.2536 0.343018 -1.05
      vertex 17.9888 0.134933 -1.05
    endloop
  endfacet
  facet normal -0 0 -1
    outer loop
      vertex 18.2536 0.343018 -1.05
      vertex 17.9513 0.179428 -1.05
      vertex 18.22 0.393021 -1.05
    endloop
  endfacet
  facet normal 0 0 -1
    outer loop
      vertex 17.9173 0.225937 -1.05
      vertex 18.22 0.393021 -1.05
      vertex 17.9513 0.179428 -1.05
    endloop
  endfacet
  facet normal -0 0 -1
    outer loop
      vertex 18.22 0.393021 -1.05
      vertex 17.9173 0.225937 -1.05
      vertex 18.1961 0.442551 -1.05
    endloop
  endfacet
  facet normal 0 0 -1
    outer loop
      vertex 17.8868 0.27446 -1.05
      vertex 18.1961 0.442551 -1.05
      vertex 17.9173 0.225937 -1.05
    endloop
  endfacet
  facet normal 0 0 -1
    outer loop
      vertex 17.8599 0.324982 -1.05
      vertex 18.1961 0.442551 -1.05
      vertex 17.8868 0.27446 -1.05
    endloop
  endfacet
  facet normal -0 0 -1
    outer loop
      vertex 18.1961 0.442551 -1.05
      vertex 17.8599 0.324982 -1.05
      vertex 18.1817 0.491592 -1.05
    endloop
  endfacet
  facet normal 0 0 -1
    outer loop
      vertex 17.838 0.378052 -1.05
      vertex 18.1817 0.491592 -1.05
      vertex 17.8599 0.324982 -1.05
    endloop
  endfacet
  facet normal 0 0 -1
    outer loop
      vertex 17.8223 0.434174 -1.05
      vertex 18.1817 0.491592 -1.05
      vertex 17.838 0.378052 -1.05
    endloop
  endfacet
  facet normal 0 -0 -1
    outer loop
      vertex 17.8195 0.669952 -1.05
      vertex 18.1769 0.540146 -1.05
      vertex 17.8097 0.555603 -1.05
    endloop
  endfacet
  facet normal 0 0 -1
    outer loop
      vertex 18.1918 0.64386 -1.05
      vertex 17.8195 0.669952 -1.05
      vertex 17.849 0.770782 -1.05
    endloop
  endfacet
  facet normal 0 0 -1
    outer loop
      vertex 18.2365 0.717957 -1.05
      vertex 18.054 0.990463 -1.05
      vertex 18.1582 1.03233 -1.05
    endloop
  endfacet
  facet normal 0 0 -1
    outer loop
      vertex 18.2365 0.717957 -1.05
      vertex 17.9669 0.931824 -1.05
      vertex 18.054 0.990463 -1.05
    endloop
  endfacet
  facet normal 0 0 -1
    outer loop
      vertex 17.8128 0.493362 -1.05
      vertex 18.1817 0.491592 -1.05
      vertex 17.8223 0.434174 -1.05
    endloop
  endfacet
  facet normal 0 0 -1
    outer loop
      vertex 18.1817 0.491592 -1.05
      vertex 17.8128 0.493362 -1.05
      vertex 18.1769 0.540146 -1.05
    endloop
  endfacet
  facet normal 0 0 -1
    outer loop
      vertex 18.1918 0.64386 -1.05
      vertex 17.8981 0.858063 -1.05
      vertex 17.9669 0.931824 -1.05
    endloop
  endfacet
  facet normal -0 0 -1
    outer loop
      vertex 18.1769 0.540146 -1.05
      vertex 17.8128 0.493362 -1.05
      vertex 17.8097 0.555603 -1.05
    endloop
  endfacet
  facet normal 0 0 -1
    outer loop
      vertex 18.1918 0.64386 -1.05
      vertex 17.849 0.770782 -1.05
      vertex 17.8981 0.858063 -1.05
    endloop
  endfacet
  facet normal 0 0 -1
    outer loop
      vertex 19.1231 -0.406845 -1.05
      vertex 19.3653 -0.137558 -1.05
      vertex 19.3653 -0.406845 -1.05
    endloop
  endfacet
  facet normal -0 0 -1
    outer loop
      vertex 19.3653 -0.137558 -1.05
      vertex 19.1231 -0.406845 -1.05
      vertex 19.1231 -0.137558 -1.05
    endloop
  endfacet
  facet normal 0 0 -1
    outer loop
      vertex 19.3653 -0.406845 -1.05
      vertex 19.7106 -0.406845 -1.05
      vertex 19.7106 -0.776611 -1.05
    endloop
  endfacet
  facet normal 0 0 -1
    outer loop
      vertex 19.7106 -0.406845 -1.05
      vertex 19.3653 -0.406845 -1.05
      vertex 19.7106 -0.137558 -1.05
    endloop
  endfacet
  facet normal 0 0 -1
    outer loop
      vertex 19.7106 -0.137558 -1.05
      vertex 19.3653 -0.137558 -1.05
      vertex 19.7106 0.456406 -1.05
    endloop
  endfacet
  facet normal 0 0 -1
    outer loop
      vertex 19.3653 1.03877 -1.05
      vertex 19.7106 0.456406 -1.05
      vertex 19.3653 -0.137558 -1.05
    endloop
  endfacet
  facet normal 0 0 -1
    outer loop
      vertex 19.7106 0.456406 -1.05
      vertex 19.3653 1.03877 -1.05
      vertex 19.7103 0.491913 -1.05
    endloop
  endfacet
  facet normal 0 0 -1
    outer loop
      vertex 19.7103 0.491913 -1.05
      vertex 19.3653 1.03877 -1.05
      vertex 19.7095 0.52887 -1.05
    endloop
  endfacet
  facet normal 0 0 -1
    outer loop
      vertex 19.7095 0.52887 -1.05
      vertex 19.3653 1.03877 -1.05
      vertex 19.7081 0.567276 -1.05
    endloop
  endfacet
  facet normal 0 0 -1
    outer loop
      vertex 19.7081 0.567276 -1.05
      vertex 19.3653 1.03877 -1.05
      vertex 19.7061 0.607132 -1.05
    endloop
  endfacet
  facet normal 0 0 -1
    outer loop
      vertex 19.7061 0.607132 -1.05
      vertex 19.3653 1.03877 -1.05
      vertex 19.704 0.644104 -1.05
    endloop
  endfacet
  facet normal 0 0 -1
    outer loop
      vertex 19.704 0.644104 -1.05
      vertex 19.3653 1.03877 -1.05
      vertex 19.7021 0.673828 -1.05
    endloop
  endfacet
  facet normal 0 0 -1
    outer loop
      vertex 19.3653 -0.406845 -1.05
      vertex 19.7106 -0.776611 -1.05
      vertex 19.3653 -0.776611 -1.05
    endloop
  endfacet
  facet normal 0 0 -1
    outer loop
      vertex 20.5365 -0.406845 -1.05
      vertex 20.2414 -0.137558 -1.05
      vertex 20.5365 -0.134964 -1.05
    endloop
  endfacet
  facet normal 0 0 -1
    outer loop
      vertex 19.7106 -0.406845 -1.05
      vertex 20.2414 -0.137558 -1.05
      vertex 20.5365 -0.406845 -1.05
    endloop
  endfacet
  facet normal -0 0 -1
    outer loop
      vertex 20.2414 -0.137558 -1.05
      vertex 19.7106 -0.406845 -1.05
      vertex 19.7106 -0.137558 -1.05
    endloop
  endfacet
  facet normal 0 0 -1
    outer loop
      vertex 19.8201 0.502792 -1.05
      vertex 20.5365 -0.134964 -1.05
      vertex 20.2414 -0.137558 -1.05
    endloop
  endfacet
  facet normal 0 0 -1
    outer loop
      vertex 19.7699 1.03877 -1.05
      vertex 19.8201 0.502792 -1.05
      vertex 19.7797 0.567047 -1.05
    endloop
  endfacet
  facet normal 0 0 -1
    outer loop
      vertex 19.8201 0.502792 -1.05
      vertex 19.7699 1.03877 -1.05
      vertex 20.5365 -0.134964 -1.05
    endloop
  endfacet
  facet normal 0 0 -1
    outer loop
      vertex 19.7461 0.62326 -1.05
      vertex 19.7699 1.03877 -1.05
      vertex 19.7797 0.567047 -1.05
    endloop
  endfacet
  facet normal 0 0 -1
    outer loop
      vertex 19.7192 0.671402 -1.05
      vertex 19.7699 1.03877 -1.05
      vertex 19.7461 0.62326 -1.05
    endloop
  endfacet
  facet normal 0 0 -1
    outer loop
      vertex 19.699 0.711502 -1.05
      vertex 19.7699 1.03877 -1.05
      vertex 19.7192 0.671402 -1.05
    endloop
  endfacet
  facet normal -0 0 -1
    outer loop
      vertex 19.7106 -0.137558 -1.05
      vertex 19.3653 -0.406845 -1.05
      vertex 19.3653 -0.137558 -1.05
    endloop
  endfacet
  facet normal 0 0 -1
    outer loop
      vertex 19.7021 0.673828 -1.05
      vertex 19.3653 1.03877 -1.05
      vertex 19.7004 0.696289 -1.05
    endloop
  endfacet
  facet normal 0 0 -1
    outer loop
      vertex 19.7004 0.696289 -1.05
      vertex 19.3653 1.03877 -1.05
      vertex 19.699 0.711502 -1.05
    endloop
  endfacet
  facet normal 0 0 -1
    outer loop
      vertex 19.699 0.711502 -1.05
      vertex 19.3653 1.03877 -1.05
      vertex 19.7699 1.03877 -1.05
    endloop
  endfacet
  facet normal 0 0 -1
    outer loop
      vertex 21.0047 -0.776611 -1.05
      vertex 21.3952 0.270874 -1.05
      vertex 21.6567 0.0569916 -1.05
    endloop
  endfacet
  facet normal 0 0 -1
    outer loop
      vertex 21.3952 0.270874 -1.05
      vertex 21.0047 -0.776611 -1.05
      vertex 20.5564 -0.776611 -1.05
    endloop
  endfacet
  facet normal 0 0 -1
    outer loop
      vertex 21.6567 0.0569916 -1.05
      vertex 21.8809 0.215469 -1.05
      vertex 21.8809 -0.114349 -1.05
    endloop
  endfacet
  facet normal 0 0 -1
    outer loop
      vertex 21.3952 0.270874 -1.05
      vertex 21.8809 0.215469 -1.05
      vertex 21.6567 0.0569916 -1.05
    endloop
  endfacet
  facet normal 0 0 -1
    outer loop
      vertex 21.3952 0.270874 -1.05
      vertex 21.0627 1.03877 -1.05
      vertex 21.8809 0.215469 -1.05
    endloop
  endfacet
  facet normal -0 -0 -1
    outer loop
      vertex 21.0627 1.03877 -1.05
      vertex 21.3952 0.270874 -1.05
      vertex 20.6195 1.03877 -1.05
    endloop
  endfacet
  facet normal 0 0 -1
    outer loop
      vertex 21.8809 -0.114349 -1.05
      vertex 22.261 -0.776611 -1.05
      vertex 21.8809 -0.776611 -1.05
    endloop
  endfacet
  facet normal 0 0 -1
    outer loop
      vertex 21.8809 0.215469 -1.05
      vertex 22.261 -0.776611 -1.05
      vertex 21.8809 -0.114349 -1.05
    endloop
  endfacet
  facet normal 0 0 -1
    outer loop
      vertex 22.261 -0.776611 -1.05
      vertex 21.8809 0.215469 -1.05
      vertex 22.261 1.03877 -1.05
    endloop
  endfacet
  facet normal -0 0 -1
    outer loop
      vertex 22.261 1.03877 -1.05
      vertex 21.8809 0.215469 -1.05
      vertex 21.8809 1.03877 -1.05
    endloop
  endfacet
  facet normal 0 0 -1
    outer loop
      vertex 4.33409 -0.187927 -1.05
      vertex 4.71923 -0.0782928 -1.05
      vertex 4.70763 -0.238052 -1.05
    endloop
  endfacet
  facet normal 0 0 -1
    outer loop
      vertex 4.33409 -0.187927 -1.05
      vertex 4.70763 -0.238052 -1.05
      vertex 4.67284 -0.379776 -1.05
    endloop
  endfacet
  facet normal 0 0 -1
    outer loop
      vertex 4.71923 -0.0782928 -1.05
      vertex 4.33913 -0.0782928 -1.05
      vertex 4.70763 0.0808563 -1.05
    endloop
  endfacet
  facet normal 0 0 -1
    outer loop
      vertex 4.319 -0.28363 -1.05
      vertex 4.67284 -0.379776 -1.05
      vertex 4.61486 -0.503464 -1.05
    endloop
  endfacet
  facet normal 0 0 -1
    outer loop
      vertex 4.31851 0.128571 -1.05
      vertex 4.70763 0.0808563 -1.05
      vertex 4.33913 -0.0782928 -1.05
    endloop
  endfacet
  facet normal 0 0 -1
    outer loop
      vertex 4.29384 -0.365402 -1.05
      vertex 4.61486 -0.503464 -1.05
      vertex 4.53369 -0.609116 -1.05
    endloop
  endfacet
  facet normal 0 0 -1
    outer loop
      vertex 4.70763 0.0808563 -1.05
      vertex 4.31851 0.128571 -1.05
      vertex 4.67284 0.222061 -1.05
    endloop
  endfacet
  facet normal 0 0 -1
    outer loop
      vertex 4.25861 -0.433243 -1.05
      vertex 4.53369 -0.609116 -1.05
      vertex 4.43215 -0.693665 -1.05
    endloop
  endfacet
  facet normal -0 0 -1
    outer loop
      vertex 4.71923 -0.0782928 -1.05
      vertex 4.33409 -0.187927 -1.05
      vertex 4.33913 -0.0782928 -1.05
    endloop
  endfacet
  facet normal 0 0 -1
    outer loop
      vertex 4.25667 0.276352 -1.05
      vertex 4.61486 0.345306 -1.05
      vertex 4.31851 0.128571 -1.05
    endloop
  endfacet
  facet normal -0 0 -1
    outer loop
      vertex 4.67284 0.222061 -1.05
      vertex 4.31851 0.128571 -1.05
      vertex 4.61486 0.345306 -1.05
    endloop
  endfacet
  facet normal 0 0 -1
    outer loop
      vertex 4.67284 -0.379776 -1.05
      vertex 4.319 -0.28363 -1.05
      vertex 4.33409 -0.187927 -1.05
    endloop
  endfacet
  facet normal 0 0 -1
    outer loop
      vertex 4.21387 -0.486511 -1.05
      vertex 4.43215 -0.693665 -1.05
      vertex 4.31304 -0.754059 -1.05
    endloop
  endfacet
  facet normal 0 0 -1
    outer loop
      vertex 4.61486 -0.503464 -1.05
      vertex 4.29384 -0.365402 -1.05
      vertex 4.319 -0.28363 -1.05
    endloop
  endfacet
  facet normal 0 0 -1
    outer loop
      vertex 4.53369 -0.609116 -1.05
      vertex 4.25861 -0.433243 -1.05
      vertex 4.29384 -0.365402 -1.05
    endloop
  endfacet
  facet normal 0 0 -1
    outer loop
      vertex 4.43215 -0.693665 -1.05
      vertex 4.21387 -0.486511 -1.05
      vertex 4.25861 -0.433243 -1.05
    endloop
  endfacet
  facet normal 0 0 -1
    outer loop
      vertex 4.1602 -0.524567 -1.05
      vertex 4.31304 -0.754059 -1.05
      vertex 4.17638 -0.790298 -1.05
    endloop
  endfacet
  facet normal 0 0 -1
    outer loop
      vertex 4.31304 -0.754059 -1.05
      vertex 4.1602 -0.524567 -1.05
      vertex 4.21387 -0.486511 -1.05
    endloop
  endfacet
  facet normal 0 0 -1
    outer loop
      vertex 4.17638 -0.790298 -1.05
      vertex 4.0976 -0.547394 -1.05
      vertex 4.1602 -0.524567 -1.05
    endloop
  endfacet
  facet normal 0 0 -1
    outer loop
      vertex 4.02217 -0.802383 -1.05
      vertex 4.0976 -0.547394 -1.05
      vertex 4.17638 -0.790298 -1.05
    endloop
  endfacet
  facet normal 0 0 -1
    outer loop
      vertex 4.0976 -0.547394 -1.05
      vertex 4.02217 -0.802383 -1.05
      vertex 4.02605 -0.555008 -1.05
    endloop
  endfacet
  facet normal 0 0 -1
    outer loop
      vertex 3.86499 -0.790344 -1.05
      vertex 4.02605 -0.555008 -1.05
      vertex 4.02217 -0.802383 -1.05
    endloop
  endfacet
  facet normal -0 0 -1
    outer loop
      vertex 4.02605 -0.555008 -1.05
      vertex 3.86499 -0.790344 -1.05
      vertex 3.88005 -0.525208 -1.05
    endloop
  endfacet
  facet normal 0 0 -1
    outer loop
      vertex 3.72585 -0.754227 -1.05
      vertex 3.88005 -0.525208 -1.05
      vertex 3.86499 -0.790344 -1.05
    endloop
  endfacet
  facet normal -0 0 -1
    outer loop
      vertex 3.88005 -0.525208 -1.05
      vertex 3.72585 -0.754227 -1.05
      vertex 3.77576 -0.435822 -1.05
    endloop
  endfacet
  facet normal 0 0 -1
    outer loop
      vertex 3.60474 -0.694031 -1.05
      vertex 3.77576 -0.435822 -1.05
      vertex 3.72585 -0.754227 -1.05
    endloop
  endfacet
  facet normal 0 0 -1
    outer loop
      vertex 3.50167 -0.609756 -1.05
      vertex 3.77576 -0.435822 -1.05
      vertex 3.60474 -0.694031 -1.05
    endloop
  endfacet
  facet normal 0 0 -1
    outer loop
      vertex 3.41936 -0.504303 -1.05
      vertex 3.77576 -0.435822 -1.05
      vertex 3.50167 -0.609756 -1.05
    endloop
  endfacet
  facet normal -0 0 -1
    outer loop
      vertex 4.61486 0.345306 -1.05
      vertex 4.25667 0.276352 -1.05
      vertex 4.53369 0.450592 -1.05
    endloop
  endfacet
  facet normal -0 0 -1
    outer loop
      vertex 4.53369 0.450592 -1.05
      vertex 4.25667 0.276352 -1.05
      vertex 4.43166 0.534866 -1.05
    endloop
  endfacet
  facet normal -0 0 -1
    outer loop
      vertex 4.43166 0.534866 -1.05
      vertex 4.25667 0.276352 -1.05
      vertex 4.31111 0.595062 -1.05
    endloop
  endfacet
  facet normal 0 0 -1
    outer loop
      vertex 4.1536 0.365005 -1.05
      vertex 4.31111 0.595062 -1.05
      vertex 4.25667 0.276352 -1.05
    endloop
  endfacet
  facet normal -0 0 -1
    outer loop
      vertex 4.31111 0.595062 -1.05
      vertex 4.1536 0.365005 -1.05
      vertex 4.17205 0.63118 -1.05
    endloop
  endfacet
  facet normal 0 0 -1
    outer loop
      vertex 4.0093 0.394562 -1.05
      vertex 4.17205 0.63118 -1.05
      vertex 4.1536 0.365005 -1.05
    endloop
  endfacet
  facet normal -0 0 -1
    outer loop
      vertex 4.17205 0.63118 -1.05
      vertex 4.0093 0.394562 -1.05
      vertex 4.01445 0.643219 -1.05
    endloop
  endfacet
  facet normal 0 0 -1
    outer loop
      vertex 3.93657 0.387558 -1.05
      vertex 4.01445 0.643219 -1.05
      vertex 4.0093 0.394562 -1.05
    endloop
  endfacet
  facet normal 0 0 -1
    outer loop
      vertex 3.85384 0.631577 -1.05
      vertex 3.93657 0.387558 -1.05
      vertex 3.87305 0.366547 -1.05
    endloop
  endfacet
  facet normal 0 0 -1
    outer loop
      vertex 3.93657 0.387558 -1.05
      vertex 3.85384 0.631577 -1.05
      vertex 4.01445 0.643219 -1.05
    endloop
  endfacet
  facet normal 0 0 -1
    outer loop
      vertex 3.71344 0.59668 -1.05
      vertex 3.87305 0.366547 -1.05
      vertex 3.8187 0.331512 -1.05
    endloop
  endfacet
  facet normal 0 0 -1
    outer loop
      vertex 3.59325 0.538498 -1.05
      vertex 3.8187 0.331512 -1.05
      vertex 3.77352 0.282471 -1.05
    endloop
  endfacet
  facet normal 0 0 -1
    outer loop
      vertex 3.49329 0.457031 -1.05
      vertex 3.77352 0.282471 -1.05
      vertex 3.73799 0.21788 -1.05
    endloop
  endfacet
  facet normal 0 0 -1
    outer loop
      vertex 3.87305 0.366547 -1.05
      vertex 3.71344 0.59668 -1.05
      vertex 3.85384 0.631577 -1.05
    endloop
  endfacet
  facet normal 0 0 -1
    outer loop
      vertex 3.41465 0.353775 -1.05
      vertex 3.73799 0.21788 -1.05
      vertex 3.71263 0.136215 -1.05
    endloop
  endfacet
  facet normal 0 0 -1
    outer loop
      vertex 3.35848 0.230118 -1.05
      vertex 3.71263 0.136215 -1.05
      vertex 3.69741 0.0374908 -1.05
    endloop
  endfacet
  facet normal 0 0 -1
    outer loop
      vertex 3.31354 -0.0782928 -1.05
      vertex 3.69741 0.0374908 -1.05
      vertex 3.69232 -0.0782928 -1.05
    endloop
  endfacet
  facet normal -0 0 -1
    outer loop
      vertex 3.77576 -0.435822 -1.05
      vertex 3.41936 -0.504303 -1.05
      vertex 3.71318 -0.28685 -1.05
    endloop
  endfacet
  facet normal -0 0 -1
    outer loop
      vertex 3.69741 0.0374908 -1.05
      vertex 3.31354 -0.0782928 -1.05
      vertex 3.32479 0.0860901 -1.05
    endloop
  endfacet
  facet normal 0 0 -1
    outer loop
      vertex 3.36058 -0.380585 -1.05
      vertex 3.71318 -0.28685 -1.05
      vertex 3.41936 -0.504303 -1.05
    endloop
  endfacet
  facet normal 0 0 -1
    outer loop
      vertex 3.69741 0.0374908 -1.05
      vertex 3.32479 0.0860901 -1.05
      vertex 3.35848 0.230118 -1.05
    endloop
  endfacet
  facet normal 0 0 -1
    outer loop
      vertex 3.3253 -0.238571 -1.05
      vertex 3.71318 -0.28685 -1.05
      vertex 3.36058 -0.380585 -1.05
    endloop
  endfacet
  facet normal 0 0 -1
    outer loop
      vertex 3.71263 0.136215 -1.05
      vertex 3.35848 0.230118 -1.05
      vertex 3.41465 0.353775 -1.05
    endloop
  endfacet
  facet normal 0 0 -1
    outer loop
      vertex 3.71318 -0.28685 -1.05
      vertex 3.3253 -0.238571 -1.05
      vertex 3.69232 -0.0782928 -1.05
    endloop
  endfacet
  facet normal 0 0 -1
    outer loop
      vertex 3.8187 0.331512 -1.05
      vertex 3.59325 0.538498 -1.05
      vertex 3.71344 0.59668 -1.05
    endloop
  endfacet
  facet normal -0 0 -1
    outer loop
      vertex 3.69232 -0.0782928 -1.05
      vertex 3.3253 -0.238571 -1.05
      vertex 3.31354 -0.0782928 -1.05
    endloop
  endfacet
  facet normal 0 0 -1
    outer loop
      vertex 3.73799 0.21788 -1.05
      vertex 3.41465 0.353775 -1.05
      vertex 3.49329 0.457031 -1.05
    endloop
  endfacet
  facet normal 0 0 -1
    outer loop
      vertex 3.77352 0.282471 -1.05
      vertex 3.49329 0.457031 -1.05
      vertex 3.59325 0.538498 -1.05
    endloop
  endfacet
  facet normal -0 0 -1
    outer loop
      vertex 14.9122 -0.382355 -1.05
      vertex 14.5318 -0.400421 -1.05
      vertex 14.5347 -0.354004 -1.05
    endloop
  endfacet
  facet normal 0 0 -1
    outer loop
      vertex 14.6632 -0.774841 -1.05
      vertex 14.5233 -0.440491 -1.05
      vertex 14.5318 -0.400421 -1.05
    endloop
  endfacet
  facet normal 0 0 -1
    outer loop
      vertex 14.6632 -0.774841 -1.05
      vertex 14.509 -0.474197 -1.05
      vertex 14.5233 -0.440491 -1.05
    endloop
  endfacet
  facet normal 0 0 -1
    outer loop
      vertex 14.6632 -0.774841 -1.05
      vertex 14.489 -0.501541 -1.05
      vertex 14.509 -0.474197 -1.05
    endloop
  endfacet
  facet normal 0 0 -1
    outer loop
      vertex 14.4642 -0.522675 -1.05
      vertex 14.5787 -0.795502 -1.05
      vertex 14.4832 -0.802383 -1.05
    endloop
  endfacet
  facet normal 0 0 -1
    outer loop
      vertex 14.5787 -0.795502 -1.05
      vertex 14.4642 -0.522675 -1.05
      vertex 14.489 -0.501541 -1.05
    endloop
  endfacet
  facet normal 0 0 -1
    outer loop
      vertex 14.4832 -0.802383 -1.05
      vertex 14.4356 -0.537766 -1.05
      vertex 14.4642 -0.522675 -1.05
    endloop
  endfacet
  facet normal 0 0 -1
    outer loop
      vertex 14.4832 -0.802383 -1.05
      vertex 14.4033 -0.546829 -1.05
      vertex 14.4356 -0.537766 -1.05
    endloop
  endfacet
  facet normal 0 0 -1
    outer loop
      vertex 14.3395 -0.785233 -1.05
      vertex 14.4033 -0.546829 -1.05
      vertex 14.4832 -0.802383 -1.05
    endloop
  endfacet
  facet normal 0 0 -1
    outer loop
      vertex 14.4033 -0.546829 -1.05
      vertex 14.3395 -0.785233 -1.05
      vertex 14.3672 -0.54985 -1.05
    endloop
  endfacet
  facet normal 0 0 -1
    outer loop
      vertex 14.3395 -0.785233 -1.05
      vertex 14.3256 -0.546951 -1.05
      vertex 14.3672 -0.54985 -1.05
    endloop
  endfacet
  facet normal 0 0 -1
    outer loop
      vertex 14.2152 -0.73378 -1.05
      vertex 14.3256 -0.546951 -1.05
      vertex 14.3395 -0.785233 -1.05
    endloop
  endfacet
  facet normal -0 0 -1
    outer loop
      vertex 14.3256 -0.546951 -1.05
      vertex 14.2152 -0.73378 -1.05
      vertex 14.2859 -0.538254 -1.05
    endloop
  endfacet
  facet normal -0 0 -1
    outer loop
      vertex 14.2859 -0.538254 -1.05
      vertex 14.2152 -0.73378 -1.05
      vertex 14.248 -0.523758 -1.05
    endloop
  endfacet
  facet normal 0 0 -1
    outer loop
      vertex 14.1101 -0.64801 -1.05
      vertex 14.248 -0.523758 -1.05
      vertex 14.2152 -0.73378 -1.05
    endloop
  endfacet
  facet normal -0 0 -1
    outer loop
      vertex 14.248 -0.523758 -1.05
      vertex 14.1101 -0.64801 -1.05
      vertex 14.2119 -0.503479 -1.05
    endloop
  endfacet
  facet normal -0 0 -1
    outer loop
      vertex 14.2119 -0.503479 -1.05
      vertex 14.1101 -0.64801 -1.05
      vertex 14.1787 -0.478058 -1.05
    endloop
  endfacet
  facet normal 0 0 -1
    outer loop
      vertex 14.0245 -0.527939 -1.05
      vertex 14.1787 -0.478058 -1.05
      vertex 14.1101 -0.64801 -1.05
    endloop
  endfacet
  facet normal -0 0 -1
    outer loop
      vertex 14.1787 -0.478058 -1.05
      vertex 14.0245 -0.527939 -1.05
      vertex 14.1493 -0.448227 -1.05
    endloop
  endfacet
  facet normal -0 0 -1
    outer loop
      vertex 14.1493 -0.448227 -1.05
      vertex 14.0245 -0.527939 -1.05
      vertex 14.1236 -0.413956 -1.05
    endloop
  endfacet
  facet normal -0 0 -1
    outer loop
      vertex 14.1236 -0.413956 -1.05
      vertex 14.0245 -0.527939 -1.05
      vertex 14.1018 -0.375259 -1.05
    endloop
  endfacet
  facet normal 0 0 -1
    outer loop
      vertex 14.0167 -0.527939 -1.05
      vertex 14.1018 -0.375259 -1.05
      vertex 14.0245 -0.527939 -1.05
    endloop
  endfacet
  facet normal -0 0 -1
    outer loop
      vertex 14.1018 -0.375259 -1.05
      vertex 14.0167 -0.527939 -1.05
      vertex 14.0843 -0.333755 -1.05
    endloop
  endfacet
  facet normal 0 0 -1
    outer loop
      vertex 13.6998 -0.364319 -1.05
      vertex 14.0618 -0.131119 -1.05
      vertex 14.0618 -0.201981 -1.05
    endloop
  endfacet
  facet normal 0 0 -1
    outer loop
      vertex 14.0618 -0.131119 -1.05
      vertex 13.6998 0.143311 -1.05
      vertex 14.0618 0.0685883 -1.05
    endloop
  endfacet
  facet normal -0 0 -1
    outer loop
      vertex 14.0718 -0.291031 -1.05
      vertex 13.6998 -0.364319 -1.05
      vertex 14.0643 -0.247116 -1.05
    endloop
  endfacet
  facet normal -0 0 -1
    outer loop
      vertex 14.0843 -0.333755 -1.05
      vertex 13.6998 -0.364319 -1.05
      vertex 14.0718 -0.291031 -1.05
    endloop
  endfacet
  facet normal 0 0 -1
    outer loop
      vertex 13.6998 -0.364319 -1.05
      vertex 14.0843 -0.333755 -1.05
      vertex 14.0167 -0.527939 -1.05
    endloop
  endfacet
  facet normal 0 0 -1
    outer loop
      vertex 14.5318 -0.400421 -1.05
      vertex 14.9122 -0.382355 -1.05
      vertex 14.9051 -0.476608 -1.05
    endloop
  endfacet
  facet normal 0 0 -1
    outer loop
      vertex 14.5318 -0.400421 -1.05
      vertex 14.9051 -0.476608 -1.05
      vertex 14.8839 -0.559677 -1.05
    endloop
  endfacet
  facet normal 0 0 -1
    outer loop
      vertex 14.9122 -0.382355 -1.05
      vertex 14.5347 -0.354004 -1.05
      vertex 14.9034 -0.280563 -1.05
    endloop
  endfacet
  facet normal 0 0 -1
    outer loop
      vertex 14.5318 -0.400421 -1.05
      vertex 14.8839 -0.559677 -1.05
      vertex 14.8484 -0.631546 -1.05
    endloop
  endfacet
  facet normal 0 0 -1
    outer loop
      vertex 14.533 -0.317291 -1.05
      vertex 14.9034 -0.280563 -1.05
      vertex 14.5347 -0.354004 -1.05
    endloop
  endfacet
  facet normal 0 0 -1
    outer loop
      vertex 14.5318 -0.400421 -1.05
      vertex 14.8484 -0.631546 -1.05
      vertex 14.7988 -0.692215 -1.05
    endloop
  endfacet
  facet normal -0 0 -1
    outer loop
      vertex 14.9034 -0.280563 -1.05
      vertex 14.533 -0.317291 -1.05
      vertex 14.8769 -0.191666 -1.05
    endloop
  endfacet
  facet normal 0 0 -1
    outer loop
      vertex 14.5318 -0.400421 -1.05
      vertex 14.7988 -0.692215 -1.05
      vertex 14.7366 -0.740417 -1.05
    endloop
  endfacet
  facet normal 0 0 -1
    outer loop
      vertex 14.5278 -0.284439 -1.05
      vertex 14.8769 -0.191666 -1.05
      vertex 14.533 -0.317291 -1.05
    endloop
  endfacet
  facet normal 0 0 -1
    outer loop
      vertex 14.5318 -0.400421 -1.05
      vertex 14.7366 -0.740417 -1.05
      vertex 14.6632 -0.774841 -1.05
    endloop
  endfacet
  facet normal -0 0 -1
    outer loop
      vertex 14.8769 -0.191666 -1.05
      vertex 14.5278 -0.284439 -1.05
      vertex 14.8328 -0.115662 -1.05
    endloop
  endfacet
  facet normal 0 0 -1
    outer loop
      vertex 14.489 -0.501541 -1.05
      vertex 14.6632 -0.774841 -1.05
      vertex 14.5787 -0.795502 -1.05
    endloop
  endfacet
  facet normal 0 0 -1
    outer loop
      vertex 14.5191 -0.255447 -1.05
      vertex 14.8328 -0.115662 -1.05
      vertex 14.5278 -0.284439 -1.05
    endloop
  endfacet
  facet normal -0 0 -1
    outer loop
      vertex 14.8328 -0.115662 -1.05
      vertex 14.5191 -0.255447 -1.05
      vertex 14.7711 -0.0525208 -1.05
    endloop
  endfacet
  facet normal 0 0 -1
    outer loop
      vertex 14.507 -0.230331 -1.05
      vertex 14.7711 -0.0525208 -1.05
      vertex 14.5191 -0.255447 -1.05
    endloop
  endfacet
  facet normal -0 0 -1
    outer loop
      vertex 14.7711 -0.0525208 -1.05
      vertex 14.507 -0.230331 -1.05
      vertex 14.6926 -0.00276184 -1.05
    endloop
  endfacet
  facet normal 0 0 -1
    outer loop
      vertex 14.4916 -0.208618 -1.05
      vertex 14.6926 -0.00276184 -1.05
      vertex 14.507 -0.230331 -1.05
    endloop
  endfacet
  facet normal -0 0 -1
    outer loop
      vertex 14.6926 -0.00276184 -1.05
      vertex 14.4916 -0.208618 -1.05
      vertex 14.5983 0.0331421 -1.05
    endloop
  endfacet
  facet normal 0 0 -1
    outer loop
      vertex 14.473 -0.189896 -1.05
      vertex 14.5983 0.0331421 -1.05
      vertex 14.4916 -0.208618 -1.05
    endloop
  endfacet
  facet normal 0 0 -1
    outer loop
      vertex 14.4513 -0.174149 -1.05
      vertex 14.5983 0.0331421 -1.05
      vertex 14.473 -0.189896 -1.05
    endloop
  endfacet
  facet normal -0 0 -1
    outer loop
      vertex 14.5983 0.0331421 -1.05
      vertex 14.4513 -0.174149 -1.05
      vertex 14.4881 0.0552216 -1.05
    endloop
  endfacet
  facet normal 0 0 -1
    outer loop
      vertex 14.4265 -0.161392 -1.05
      vertex 14.4881 0.0552216 -1.05
      vertex 14.4513 -0.174149 -1.05
    endloop
  endfacet
  facet normal 0 0 -1
    outer loop
      vertex 14.3955 -0.151215 -1.05
      vertex 14.4881 0.0552216 -1.05
      vertex 14.4265 -0.161392 -1.05
    endloop
  endfacet
  facet normal 0 0 -1
    outer loop
      vertex 14.3955 -0.151215 -1.05
      vertex 14.362 0.0634308 -1.05
      vertex 14.4881 0.0552216 -1.05
    endloop
  endfacet
  facet normal 0 0 -1
    outer loop
      vertex 14.3553 -0.143188 -1.05
      vertex 14.362 0.0634308 -1.05
      vertex 14.3955 -0.151215 -1.05
    endloop
  endfacet
  facet normal 0 0 -1
    outer loop
      vertex 14.3059 -0.13736 -1.05
      vertex 14.362 0.0634308 -1.05
      vertex 14.3553 -0.143188 -1.05
    endloop
  endfacet
  facet normal 0 0 -1
    outer loop
      vertex 14.2474 -0.133698 -1.05
      vertex 14.362 0.0634308 -1.05
      vertex 14.3059 -0.13736 -1.05
    endloop
  endfacet
  facet normal 0 0 -1
    outer loop
      vertex 14.0618 0.0685883 -1.05
      vertex 14.2474 -0.133698 -1.05
      vertex 14.0618 -0.131119 -1.05
    endloop
  endfacet
  facet normal 0 0 -1
    outer loop
      vertex 14.2474 -0.133698 -1.05
      vertex 14.0618 0.0685883 -1.05
      vertex 14.362 0.0634308 -1.05
    endloop
  endfacet
  facet normal 0 0 -1
    outer loop
      vertex 14.4715 0.211594 -1.05
      vertex 14.8244 0.325272 -1.05
      vertex 14.8491 0.229645 -1.05
    endloop
  endfacet
  facet normal 0 0 -1
    outer loop
      vertex 14.4635 0.260681 -1.05
      vertex 14.8244 0.325272 -1.05
      vertex 14.4715 0.211594 -1.05
    endloop
  endfacet
  facet normal 0 0 -1
    outer loop
      vertex 14.4511 0.302277 -1.05
      vertex 14.7851 0.408569 -1.05
      vertex 14.4635 0.260681 -1.05
    endloop
  endfacet
  facet normal -0 0 -1
    outer loop
      vertex 14.7851 0.408569 -1.05
      vertex 14.4511 0.302277 -1.05
      vertex 14.7313 0.479553 -1.05
    endloop
  endfacet
  facet normal 0 0 -1
    outer loop
      vertex 14.4342 0.33638 -1.05
      vertex 14.6629 0.538208 -1.05
      vertex 14.4511 0.302277 -1.05
    endloop
  endfacet
  facet normal -0 0 -1
    outer loop
      vertex 14.8244 0.325272 -1.05
      vertex 14.4635 0.260681 -1.05
      vertex 14.7851 0.408569 -1.05
    endloop
  endfacet
  facet normal -0 0 -1
    outer loop
      vertex 14.7313 0.479553 -1.05
      vertex 14.4511 0.302277 -1.05
      vertex 14.6629 0.538208 -1.05
    endloop
  endfacet
  facet normal -0 0 -1
    outer loop
      vertex 14.6629 0.538208 -1.05
      vertex 14.4342 0.33638 -1.05
      vertex 14.5803 0.584152 -1.05
    endloop
  endfacet
  facet normal 0 0 -1
    outer loop
      vertex 14.4129 0.362991 -1.05
      vertex 14.5803 0.584152 -1.05
      vertex 14.4342 0.33638 -1.05
    endloop
  endfacet
  facet normal -0 0 -1
    outer loop
      vertex 14.5803 0.584152 -1.05
      vertex 14.4129 0.362991 -1.05
      vertex 14.484 0.616959 -1.05
    endloop
  endfacet
  facet normal 0 0 -1
    outer loop
      vertex 14.3861 0.383011 -1.05
      vertex 14.484 0.616959 -1.05
      vertex 14.4129 0.362991 -1.05
    endloop
  endfacet
  facet normal 0 0 -1
    outer loop
      vertex 14.3525 0.397308 -1.05
      vertex 14.484 0.616959 -1.05
      vertex 14.3861 0.383011 -1.05
    endloop
  endfacet
  facet normal -0 0 -1
    outer loop
      vertex 14.484 0.616959 -1.05
      vertex 14.3525 0.397308 -1.05
      vertex 14.3738 0.636658 -1.05
    endloop
  endfacet
  facet normal 0 0 -1
    outer loop
      vertex 14.3123 0.405884 -1.05
      vertex 14.3738 0.636658 -1.05
      vertex 14.3525 0.397308 -1.05
    endloop
  endfacet
  facet normal 0 0 -1
    outer loop
      vertex 14.25 0.643219 -1.05
      vertex 14.3123 0.405884 -1.05
      vertex 14.2654 0.408737 -1.05
    endloop
  endfacet
  facet normal 0 0 -1
    outer loop
      vertex 14.3123 0.405884 -1.05
      vertex 14.25 0.643219 -1.05
      vertex 14.3738 0.636658 -1.05
    endloop
  endfacet
  facet normal 0 0 -1
    outer loop
      vertex 14.2151 0.404587 -1.05
      vertex 14.25 0.643219 -1.05
      vertex 14.2654 0.408737 -1.05
    endloop
  endfacet
  facet normal 0 0 -1
    outer loop
      vertex 14.1255 0.635086 -1.05
      vertex 14.2151 0.404587 -1.05
      vertex 14.1723 0.392151 -1.05
    endloop
  endfacet
  facet normal 0 0 -1
    outer loop
      vertex 14.0161 0.610687 -1.05
      vertex 14.1723 0.392151 -1.05
      vertex 14.1371 0.371414 -1.05
    endloop
  endfacet
  facet normal 0 0 -1
    outer loop
      vertex 14.2151 0.404587 -1.05
      vertex 14.1255 0.635086 -1.05
      vertex 14.25 0.643219 -1.05
    endloop
  endfacet
  facet normal 0 0 -1
    outer loop
      vertex 13.9219 0.570023 -1.05
      vertex 14.1371 0.371414 -1.05
      vertex 14.1095 0.342377 -1.05
    endloop
  endfacet
  facet normal 0 0 -1
    outer loop
      vertex 13.8428 0.513092 -1.05
      vertex 14.1095 0.342377 -1.05
      vertex 14.0887 0.30481 -1.05
    endloop
  endfacet
  facet normal 0 0 -1
    outer loop
      vertex 13.7802 0.441177 -1.05
      vertex 14.0887 0.30481 -1.05
      vertex 14.0737 0.258469 -1.05
    endloop
  endfacet
  facet normal 0 0 -1
    outer loop
      vertex 13.7355 0.355576 -1.05
      vertex 14.0737 0.258469 -1.05
      vertex 14.0648 0.203354 -1.05
    endloop
  endfacet
  facet normal -0 0 -1
    outer loop
      vertex 14.0643 -0.247116 -1.05
      vertex 13.6998 -0.364319 -1.05
      vertex 14.0618 -0.201981 -1.05
    endloop
  endfacet
  facet normal -0 0 -1
    outer loop
      vertex 14.0618 -0.131119 -1.05
      vertex 13.6998 -0.364319 -1.05
      vertex 13.6998 0.143311 -1.05
    endloop
  endfacet
  facet normal 0 0 -1
    outer loop
      vertex 14.1723 0.392151 -1.05
      vertex 14.0161 0.610687 -1.05
      vertex 14.1255 0.635086 -1.05
    endloop
  endfacet
  facet normal 0 0 -1
    outer loop
      vertex 14.0618 0.0685883 -1.05
      vertex 13.6998 0.143311 -1.05
      vertex 14.0618 0.13945 -1.05
    endloop
  endfacet
  facet normal 0 0 -1
    outer loop
      vertex 13.6849 -0.499252 -1.05
      vertex 14.0167 -0.527939 -1.05
      vertex 14.007 -0.589066 -1.05
    endloop
  endfacet
  facet normal 0 0 -1
    outer loop
      vertex 13.6849 -0.499252 -1.05
      vertex 14.007 -0.589066 -1.05
      vertex 13.9908 -0.642303 -1.05
    endloop
  endfacet
  facet normal 0 0 -1
    outer loop
      vertex 13.6734 -0.526031 -1.05
      vertex 13.9908 -0.642303 -1.05
      vertex 13.9681 -0.687637 -1.05
    endloop
  endfacet
  facet normal 0 0 -1
    outer loop
      vertex 13.6734 -0.526031 -1.05
      vertex 13.9681 -0.687637 -1.05
      vertex 13.9388 -0.725082 -1.05
    endloop
  endfacet
  facet normal 0 -0 -1
    outer loop
      vertex 13.7087 0.256287 -1.05
      vertex 14.0648 0.203354 -1.05
      vertex 13.6998 0.143311 -1.05
    endloop
  endfacet
  facet normal 0 0 -1
    outer loop
      vertex 13.6734 -0.526031 -1.05
      vertex 13.9388 -0.725082 -1.05
      vertex 13.9018 -0.754395 -1.05
    endloop
  endfacet
  facet normal 0 0 -1
    outer loop
      vertex 13.6734 -0.526031 -1.05
      vertex 13.9018 -0.754395 -1.05
      vertex 13.8558 -0.77533 -1.05
    endloop
  endfacet
  facet normal 0 0 -1
    outer loop
      vertex 14.0618 0.13945 -1.05
      vertex 13.6998 0.143311 -1.05
      vertex 14.0648 0.203354 -1.05
    endloop
  endfacet
  facet normal 0 0 -1
    outer loop
      vertex 13.6734 -0.526031 -1.05
      vertex 13.8558 -0.77533 -1.05
      vertex 13.801 -0.787903 -1.05
    endloop
  endfacet
  facet normal 0 -0 -1
    outer loop
      vertex 13.7355 0.355576 -1.05
      vertex 14.0648 0.203354 -1.05
      vertex 13.7087 0.256287 -1.05
    endloop
  endfacet
  facet normal 0 0 -1
    outer loop
      vertex 13.6579 -0.545471 -1.05
      vertex 13.801 -0.787903 -1.05
      vertex 13.7371 -0.792084 -1.05
    endloop
  endfacet
  facet normal 0 0 -1
    outer loop
      vertex 14.1371 0.371414 -1.05
      vertex 13.9219 0.570023 -1.05
      vertex 14.0161 0.610687 -1.05
    endloop
  endfacet
  facet normal 0 0 -1
    outer loop
      vertex 13.6579 -0.545471 -1.05
      vertex 13.7371 -0.792084 -1.05
      vertex 13.7184 -0.791916 -1.05
    endloop
  endfacet
  facet normal 0 0 -1
    outer loop
      vertex 14.0737 0.258469 -1.05
      vertex 13.7355 0.355576 -1.05
      vertex 13.7802 0.441177 -1.05
    endloop
  endfacet
  facet normal 0 0 -1
    outer loop
      vertex 13.6381 -0.559357 -1.05
      vertex 13.7184 -0.791916 -1.05
      vertex 13.7009 -0.791443 -1.05
    endloop
  endfacet
  facet normal 0 0 -1
    outer loop
      vertex 14.1095 0.342377 -1.05
      vertex 13.8428 0.513092 -1.05
      vertex 13.9219 0.570023 -1.05
    endloop
  endfacet
  facet normal 0 0 -1
    outer loop
      vertex 14.0887 0.30481 -1.05
      vertex 13.7802 0.441177 -1.05
      vertex 13.8428 0.513092 -1.05
    endloop
  endfacet
  facet normal 0 0 -1
    outer loop
      vertex 14.0167 -0.527939 -1.05
      vertex 13.6981 -0.418396 -1.05
      vertex 13.6998 -0.364319 -1.05
    endloop
  endfacet
  facet normal 0 0 -1
    outer loop
      vertex 14.0167 -0.527939 -1.05
      vertex 13.6932 -0.463364 -1.05
      vertex 13.6981 -0.418396 -1.05
    endloop
  endfacet
  facet normal 0 0 -1
    outer loop
      vertex 14.0167 -0.527939 -1.05
      vertex 13.6849 -0.499252 -1.05
      vertex 13.6932 -0.463364 -1.05
    endloop
  endfacet
  facet normal 0 0 -1
    outer loop
      vertex 13.6381 -0.559357 -1.05
      vertex 13.7009 -0.791443 -1.05
      vertex 13.6846 -0.790634 -1.05
    endloop
  endfacet
  facet normal 0 0 -1
    outer loop
      vertex 13.9908 -0.642303 -1.05
      vertex 13.6734 -0.526031 -1.05
      vertex 13.6849 -0.499252 -1.05
    endloop
  endfacet
  facet normal 0 0 -1
    outer loop
      vertex 13.6381 -0.559357 -1.05
      vertex 13.6846 -0.790634 -1.05
      vertex 13.6695 -0.789505 -1.05
    endloop
  endfacet
  facet normal 0 0 -1
    outer loop
      vertex 13.801 -0.787903 -1.05
      vertex 13.6579 -0.545471 -1.05
      vertex 13.6734 -0.526031 -1.05
    endloop
  endfacet
  facet normal 0 0 -1
    outer loop
      vertex 13.6381 -0.559357 -1.05
      vertex 13.6695 -0.789505 -1.05
      vertex 13.6552 -0.788132 -1.05
    endloop
  endfacet
  facet normal 0 0 -1
    outer loop
      vertex 13.6138 -0.567688 -1.05
      vertex 13.6552 -0.788132 -1.05
      vertex 13.6413 -0.786606 -1.05
    endloop
  endfacet
  facet normal 0 0 -1
    outer loop
      vertex 13.7184 -0.791916 -1.05
      vertex 13.6381 -0.559357 -1.05
      vertex 13.6579 -0.545471 -1.05
    endloop
  endfacet
  facet normal 0 0 -1
    outer loop
      vertex 13.6138 -0.567688 -1.05
      vertex 13.6413 -0.786606 -1.05
      vertex 13.6278 -0.784912 -1.05
    endloop
  endfacet
  facet normal 0 0 -1
    outer loop
      vertex 13.6138 -0.567688 -1.05
      vertex 13.6278 -0.784912 -1.05
      vertex 13.6147 -0.783066 -1.05
    endloop
  endfacet
  facet normal 0 0 -1
    outer loop
      vertex 13.6552 -0.788132 -1.05
      vertex 13.6138 -0.567688 -1.05
      vertex 13.6381 -0.559357 -1.05
    endloop
  endfacet
  facet normal 0 0 -1
    outer loop
      vertex 13.6019 -0.780975 -1.05
      vertex 13.6138 -0.567688 -1.05
      vertex 13.6147 -0.783066 -1.05
    endloop
  endfacet
  facet normal 0 0 -1
    outer loop
      vertex 13.589 -0.778549 -1.05
      vertex 13.6138 -0.567688 -1.05
      vertex 13.6019 -0.780975 -1.05
    endloop
  endfacet
  facet normal 0 0 -1
    outer loop
      vertex 13.589 -0.778549 -1.05
      vertex 13.5851 -0.570465 -1.05
      vertex 13.6138 -0.567688 -1.05
    endloop
  endfacet
  facet normal 0 0 -1
    outer loop
      vertex 13.5761 -0.775818 -1.05
      vertex 13.5851 -0.570465 -1.05
      vertex 13.589 -0.778549 -1.05
    endloop
  endfacet
  facet normal 0 0 -1
    outer loop
      vertex 13.5632 -0.772766 -1.05
      vertex 13.5851 -0.570465 -1.05
      vertex 13.5761 -0.775818 -1.05
    endloop
  endfacet
  facet normal 0 0 -1
    outer loop
      vertex 13.5499 -0.769455 -1.05
      vertex 13.5851 -0.570465 -1.05
      vertex 13.5632 -0.772766 -1.05
    endloop
  endfacet
  facet normal -0 0 -1
    outer loop
      vertex 13.5851 -0.570465 -1.05
      vertex 13.5499 -0.769455 -1.05
      vertex 13.5647 -0.569977 -1.05
    endloop
  endfacet
  facet normal 0 0 -1
    outer loop
      vertex 13.5209 -0.76236 -1.05
      vertex 13.5647 -0.569977 -1.05
      vertex 13.5499 -0.769455 -1.05
    endloop
  endfacet
  facet normal -0 0 -1
    outer loop
      vertex 13.5647 -0.569977 -1.05
      vertex 13.5209 -0.76236 -1.05
      vertex 13.5445 -0.568527 -1.05
    endloop
  endfacet
  facet normal 0 0 -1
    outer loop
      vertex 13.5052 -0.758591 -1.05
      vertex 13.5445 -0.568527 -1.05
      vertex 13.5209 -0.76236 -1.05
    endloop
  endfacet
  facet normal -0 0 -1
    outer loop
      vertex 13.5445 -0.568527 -1.05
      vertex 13.5052 -0.758591 -1.05
      vertex 13.5247 -0.566116 -1.05
    endloop
  endfacet
  facet normal -0 0 -1
    outer loop
      vertex 13.5247 -0.566116 -1.05
      vertex 13.5052 -0.758591 -1.05
      vertex 13.5052 -0.562729 -1.05
    endloop
  endfacet
  facet normal 0 0 -1
    outer loop
      vertex 10.1294 -0.448074 -1.05
      vertex 10.6988 0.617447 -1.05
      vertex 10.3381 -0.776611 -1.05
    endloop
  endfacet
  facet normal -0 0 -1
    outer loop
      vertex 10.6988 0.617447 -1.05
      vertex 10.1294 -0.448074 -1.05
      vertex 10.3587 0.617447 -1.05
    endloop
  endfacet
  facet normal 0 0 -1
    outer loop
      vertex 9.95542 -0.776611 -1.05
      vertex 10.1113 -0.352722 -1.05
      vertex 10.1294 -0.448074 -1.05
    endloop
  endfacet
  facet normal 0 0 -1
    outer loop
      vertex 9.95542 -0.776611 -1.05
      vertex 10.1294 -0.448074 -1.05
      vertex 10.3381 -0.776611 -1.05
    endloop
  endfacet
  facet normal 0 0 -1
    outer loop
      vertex 9.73123 0.071167 -1.05
      vertex 10.1113 -0.352722 -1.05
      vertex 9.95542 -0.776611 -1.05
    endloop
  endfacet
  facet normal 0 0 -1
    outer loop
      vertex 10.1113 -0.352722 -1.05
      vertex 9.73123 0.071167 -1.05
      vertex 10.0791 -0.201981 -1.05
    endloop
  endfacet
  facet normal 0 0 -1
    outer loop
      vertex 10.0791 -0.201981 -1.05
      vertex 9.73123 0.071167 -1.05
      vertex 9.86006 0.617447 -1.05
    endloop
  endfacet
  facet normal 0 0 -1
    outer loop
      vertex 9.66422 0.359772 -1.05
      vertex 9.86006 0.617447 -1.05
      vertex 9.73123 0.071167 -1.05
    endloop
  endfacet
  facet normal 0 0 -1
    outer loop
      vertex 9.47225 0.617447 -1.05
      vertex 9.64353 0.256378 -1.05
      vertex 9.62653 0.17424 -1.05
    endloop
  endfacet
  facet normal 0 0 -1
    outer loop
      vertex 9.25836 -0.201981 -1.05
      vertex 9.62653 0.17424 -1.05
      vertex 9.61325 0.113358 -1.05
    endloop
  endfacet
  facet normal 0 0 -1
    outer loop
      vertex 9.25836 -0.201981 -1.05
      vertex 9.61325 0.113358 -1.05
      vertex 9.60367 0.0737305 -1.05
    endloop
  endfacet
  facet normal 0 0 -1
    outer loop
      vertex 9.66422 0.359772 -1.05
      vertex 9.47225 0.617447 -1.05
      vertex 9.86006 0.617447 -1.05
    endloop
  endfacet
  facet normal 0 0 -1
    outer loop
      vertex 9.64353 0.256378 -1.05
      vertex 9.47225 0.617447 -1.05
      vertex 9.66422 0.359772 -1.05
    endloop
  endfacet
  facet normal 0 0 -1
    outer loop
      vertex 9.23613 -0.296997 -1.05
      vertex 9.60367 0.0737305 -1.05
      vertex 9.38205 -0.776611 -1.05
    endloop
  endfacet
  facet normal -0 0 -1
    outer loop
      vertex 9.62653 0.17424 -1.05
      vertex 9.25836 -0.201981 -1.05
      vertex 9.47225 0.617447 -1.05
    endloop
  endfacet
  facet normal 0 0 -1
    outer loop
      vertex 9.60367 0.0737305 -1.05
      vertex 9.24829 -0.242477 -1.05
      vertex 9.25836 -0.201981 -1.05
    endloop
  endfacet
  facet normal 0 0 -1
    outer loop
      vertex 9.60367 0.0737305 -1.05
      vertex 9.23613 -0.296997 -1.05
      vertex 9.24829 -0.242477 -1.05
    endloop
  endfacet
  facet normal 0 0 -1
    outer loop
      vertex 9.38205 -0.776611 -1.05
      vertex 9.22188 -0.365524 -1.05
      vertex 9.23613 -0.296997 -1.05
    endloop
  endfacet
  facet normal 0 0 -1
    outer loop
      vertex 9.38205 -0.776611 -1.05
      vertex 9.20554 -0.448074 -1.05
      vertex 9.22188 -0.365524 -1.05
    endloop
  endfacet
  facet normal 0 0 -1
    outer loop
      vertex 8.99939 -0.776611 -1.05
      vertex 9.20554 -0.448074 -1.05
      vertex 9.38205 -0.776611 -1.05
    endloop
  endfacet
  facet normal 0 0 -1
    outer loop
      vertex 8.99939 -0.776611 -1.05
      vertex 9.16945 -0.278 -1.05
      vertex 9.20554 -0.448074 -1.05
    endloop
  endfacet
  facet normal 0 0 -1
    outer loop
      vertex 8.63347 0.617447 -1.05
      vertex 9.16945 -0.278 -1.05
      vertex 8.99939 -0.776611 -1.05
    endloop
  endfacet
  facet normal 0 0 -1
    outer loop
      vertex 9.16945 -0.278 -1.05
      vertex 8.63347 0.617447 -1.05
      vertex 8.96848 0.617447 -1.05
    endloop
  endfacet
  facet normal 0 0 -1
    outer loop
      vertex 8.14031 -0.776611 -1.05
      vertex 8.50237 0.617447 -1.05
      vertex 8.50237 -0.776611 -1.05
    endloop
  endfacet
  facet normal -0 0 -1
    outer loop
      vertex 8.50237 0.617447 -1.05
      vertex 8.14031 -0.776611 -1.05
      vertex 8.14031 0.617447 -1.05
    endloop
  endfacet
  facet normal 0 0 -1
    outer loop
      vertex 2.68639 -0.448074 -1.05
      vertex 3.25588 0.617447 -1.05
      vertex 2.8951 -0.776611 -1.05
    endloop
  endfacet
  facet normal -0 0 -1
    outer loop
      vertex 3.25588 0.617447 -1.05
      vertex 2.68639 -0.448074 -1.05
      vertex 2.91571 0.617447 -1.05
    endloop
  endfacet
  facet normal 0 0 -1
    outer loop
      vertex 2.51244 -0.776611 -1.05
      vertex 2.66834 -0.352722 -1.05
      vertex 2.68639 -0.448074 -1.05
    endloop
  endfacet
  facet normal 0 0 -1
    outer loop
      vertex 2.51244 -0.776611 -1.05
      vertex 2.68639 -0.448074 -1.05
      vertex 2.8951 -0.776611 -1.05
    endloop
  endfacet
  facet normal 0 0 -1
    outer loop
      vertex 2.28826 0.071167 -1.05
      vertex 2.66834 -0.352722 -1.05
      vertex 2.51244 -0.776611 -1.05
    endloop
  endfacet
  facet normal 0 0 -1
    outer loop
      vertex 2.66834 -0.352722 -1.05
      vertex 2.28826 0.071167 -1.05
      vertex 2.63613 -0.201981 -1.05
    endloop
  endfacet
  facet normal 0 0 -1
    outer loop
      vertex 2.63613 -0.201981 -1.05
      vertex 2.28826 0.071167 -1.05
      vertex 2.4171 0.617447 -1.05
    endloop
  endfacet
  facet normal 0 0 -1
    outer loop
      vertex 2.22124 0.359772 -1.05
      vertex 2.4171 0.617447 -1.05
      vertex 2.28826 0.071167 -1.05
    endloop
  endfacet
  facet normal 0 0 -1
    outer loop
      vertex 2.02927 0.617447 -1.05
      vertex 2.20055 0.256378 -1.05
      vertex 2.18357 0.17424 -1.05
    endloop
  endfacet
  facet normal 0 0 -1
    outer loop
      vertex 1.81539 -0.201981 -1.05
      vertex 2.18357 0.17424 -1.05
      vertex 2.17028 0.113358 -1.05
    endloop
  endfacet
  facet normal 0 0 -1
    outer loop
      vertex 1.81539 -0.201981 -1.05
      vertex 2.17028 0.113358 -1.05
      vertex 2.16069 0.0737305 -1.05
    endloop
  endfacet
  facet normal 0 0 -1
    outer loop
      vertex 2.22124 0.359772 -1.05
      vertex 2.02927 0.617447 -1.05
      vertex 2.4171 0.617447 -1.05
    endloop
  endfacet
  facet normal 0 0 -1
    outer loop
      vertex 2.20055 0.256378 -1.05
      vertex 2.02927 0.617447 -1.05
      vertex 2.22124 0.359772 -1.05
    endloop
  endfacet
  facet normal 0 0 -1
    outer loop
      vertex 1.79317 -0.296997 -1.05
      vertex 2.16069 0.0737305 -1.05
      vertex 1.93907 -0.776611 -1.05
    endloop
  endfacet
  facet normal -0 0 -1
    outer loop
      vertex 2.18357 0.17424 -1.05
      vertex 1.81539 -0.201981 -1.05
      vertex 2.02927 0.617447 -1.05
    endloop
  endfacet
  facet normal 0 0 -1
    outer loop
      vertex 2.16069 0.0737305 -1.05
      vertex 1.80532 -0.242477 -1.05
      vertex 1.81539 -0.201981 -1.05
    endloop
  endfacet
  facet normal 0 0 -1
    outer loop
      vertex 2.16069 0.0737305 -1.05
      vertex 1.79317 -0.296997 -1.05
      vertex 1.80532 -0.242477 -1.05
    endloop
  endfacet
  facet normal 0 0 -1
    outer loop
      vertex 1.93907 -0.776611 -1.05
      vertex 1.77892 -0.365524 -1.05
      vertex 1.79317 -0.296997 -1.05
    endloop
  endfacet
  facet normal 0 0 -1
    outer loop
      vertex 1.93907 -0.776611 -1.05
      vertex 1.76256 -0.448074 -1.05
      vertex 1.77892 -0.365524 -1.05
    endloop
  endfacet
  facet normal 0 0 -1
    outer loop
      vertex 1.55641 -0.776611 -1.05
      vertex 1.76256 -0.448074 -1.05
      vertex 1.93907 -0.776611 -1.05
    endloop
  endfacet
  facet normal 0 0 -1
    outer loop
      vertex 1.55641 -0.776611 -1.05
      vertex 1.72649 -0.278 -1.05
      vertex 1.76256 -0.448074 -1.05
    endloop
  endfacet
  facet normal 0 0 -1
    outer loop
      vertex 1.19049 0.617447 -1.05
      vertex 1.72649 -0.278 -1.05
      vertex 1.55641 -0.776611 -1.05
    endloop
  endfacet
  facet normal 0 0 -1
    outer loop
      vertex 1.72649 -0.278 -1.05
      vertex 1.19049 0.617447 -1.05
      vertex 1.5255 0.617447 -1.05
    endloop
  endfacet
  facet normal 0 0 -1
    outer loop
      vertex 10.6336 -1.09872 -1.05
      vertex 12.1501 -0.99823 -1.05
      vertex 12.1501 -1.09872 -1.05
    endloop
  endfacet
  facet normal -0 0 -1
    outer loop
      vertex 12.1501 -0.99823 -1.05
      vertex 10.6336 -1.09872 -1.05
      vertex 10.6336 -0.99823 -1.05
    endloop
  endfacet
  facet normal 0 0 -1
    outer loop
      vertex 16.4323 -0.448074 -1.05
      vertex 17.0017 0.617447 -1.05
      vertex 16.641 -0.776611 -1.05
    endloop
  endfacet
  facet normal -0 0 -1
    outer loop
      vertex 17.0017 0.617447 -1.05
      vertex 16.4323 -0.448074 -1.05
      vertex 16.6616 0.617447 -1.05
    endloop
  endfacet
  facet normal 0 0 -1
    outer loop
      vertex 16.2583 -0.776611 -1.05
      vertex 16.4142 -0.352722 -1.05
      vertex 16.4323 -0.448074 -1.05
    endloop
  endfacet
  facet normal 0 0 -1
    outer loop
      vertex 16.2583 -0.776611 -1.05
      vertex 16.4323 -0.448074 -1.05
      vertex 16.641 -0.776611 -1.05
    endloop
  endfacet
  facet normal 0 0 -1
    outer loop
      vertex 16.0341 0.071167 -1.05
      vertex 16.4142 -0.352722 -1.05
      vertex 16.2583 -0.776611 -1.05
    endloop
  endfacet
  facet normal 0 0 -1
    outer loop
      vertex 16.4142 -0.352722 -1.05
      vertex 16.0341 0.071167 -1.05
      vertex 16.382 -0.201981 -1.05
    endloop
  endfacet
  facet normal 0 0 -1
    outer loop
      vertex 16.382 -0.201981 -1.05
      vertex 16.0341 0.071167 -1.05
      vertex 16.163 0.617447 -1.05
    endloop
  endfacet
  facet normal 0 0 -1
    outer loop
      vertex 15.9671 0.359772 -1.05
      vertex 16.163 0.617447 -1.05
      vertex 16.0341 0.071167 -1.05
    endloop
  endfacet
  facet normal 0 0 -1
    outer loop
      vertex 15.7751 0.617447 -1.05
      vertex 15.9464 0.256378 -1.05
      vertex 15.9294 0.17424 -1.05
    endloop
  endfacet
  facet normal 0 0 -1
    outer loop
      vertex 15.5613 -0.201981 -1.05
      vertex 15.9294 0.17424 -1.05
      vertex 15.9162 0.113358 -1.05
    endloop
  endfacet
  facet normal 0 0 -1
    outer loop
      vertex 15.5613 -0.201981 -1.05
      vertex 15.9162 0.113358 -1.05
      vertex 15.9066 0.0737305 -1.05
    endloop
  endfacet
  facet normal 0 0 -1
    outer loop
      vertex 15.9671 0.359772 -1.05
      vertex 15.7751 0.617447 -1.05
      vertex 16.163 0.617447 -1.05
    endloop
  endfacet
  facet normal 0 0 -1
    outer loop
      vertex 15.9464 0.256378 -1.05
      vertex 15.7751 0.617447 -1.05
      vertex 15.9671 0.359772 -1.05
    endloop
  endfacet
  facet normal 0 0 -1
    outer loop
      vertex 15.539 -0.296997 -1.05
      vertex 15.9066 0.0737305 -1.05
      vertex 15.685 -0.776611 -1.05
    endloop
  endfacet
  facet normal -0 0 -1
    outer loop
      vertex 15.9294 0.17424 -1.05
      vertex 15.5613 -0.201981 -1.05
      vertex 15.7751 0.617447 -1.05
    endloop
  endfacet
  facet normal 0 0 -1
    outer loop
      vertex 15.9066 0.0737305 -1.05
      vertex 15.5512 -0.242477 -1.05
      vertex 15.5613 -0.201981 -1.05
    endloop
  endfacet
  facet normal 0 0 -1
    outer loop
      vertex 15.9066 0.0737305 -1.05
      vertex 15.539 -0.296997 -1.05
      vertex 15.5512 -0.242477 -1.05
    endloop
  endfacet
  facet normal 0 0 -1
    outer loop
      vertex 15.685 -0.776611 -1.05
      vertex 15.5248 -0.365524 -1.05
      vertex 15.539 -0.296997 -1.05
    endloop
  endfacet
  facet normal 0 0 -1
    outer loop
      vertex 15.685 -0.776611 -1.05
      vertex 15.5084 -0.448074 -1.05
      vertex 15.5248 -0.365524 -1.05
    endloop
  endfacet
  facet normal 0 0 -1
    outer loop
      vertex 15.3023 -0.776611 -1.05
      vertex 15.5084 -0.448074 -1.05
      vertex 15.685 -0.776611 -1.05
    endloop
  endfacet
  facet normal 0 0 -1
    outer loop
      vertex 15.3023 -0.776611 -1.05
      vertex 15.4724 -0.278 -1.05
      vertex 15.5084 -0.448074 -1.05
    endloop
  endfacet
  facet normal 0 0 -1
    outer loop
      vertex 14.9364 0.617447 -1.05
      vertex 15.4724 -0.278 -1.05
      vertex 15.3023 -0.776611 -1.05
    endloop
  endfacet
  facet normal 0 0 -1
    outer loop
      vertex 15.4724 -0.278 -1.05
      vertex 14.9364 0.617447 -1.05
      vertex 15.2714 0.617447 -1.05
    endloop
  endfacet
  facet normal -0.332787 0.943002 0
    outer loop
      vertex 5.9951 -0.754868 -1.4
      vertex 5.89414 -0.790497 -1.05
      vertex 5.9951 -0.754868 -1.05
    endloop
  endfacet
  facet normal -0.332787 0.943002 0
    outer loop
      vertex 5.89414 -0.790497 -1.05
      vertex 5.9951 -0.754868 -1.4
      vertex 5.89414 -0.790497 -1.4
    endloop
  endfacet
  facet normal -0.563215 0.82631 0
    outer loop
      vertex 6.08223 -0.69548 -1.4
      vertex 5.9951 -0.754868 -1.05
      vertex 6.08223 -0.69548 -1.05
    endloop
  endfacet
  facet normal -0.563215 0.82631 0
    outer loop
      vertex 5.9951 -0.754868 -1.05
      vertex 6.08223 -0.69548 -1.4
      vertex 5.9951 -0.754868 -1.4
    endloop
  endfacet
  facet normal -0.750106 0.661317 0
    outer loop
      vertex 6.08223 -0.69548 -1.4
      vertex 6.15552 -0.61235 -1.05
      vertex 6.15552 -0.61235 -1.4
    endloop
  endfacet
  facet normal -0.750106 0.661317 0
    outer loop
      vertex 6.15552 -0.61235 -1.05
      vertex 6.08223 -0.69548 -1.4
      vertex 6.08223 -0.69548 -1.05
    endloop
  endfacet
  facet normal -0.874126 0.4857 0
    outer loop
      vertex 6.15552 -0.61235 -1.4
      vertex 6.21358 -0.507858 -1.05
      vertex 6.21358 -0.507858 -1.4
    endloop
  endfacet
  facet normal -0.874126 0.4857 0
    outer loop
      vertex 6.21358 -0.507858 -1.05
      vertex 6.15552 -0.61235 -1.4
      vertex 6.15552 -0.61235 -1.05
    endloop
  endfacet
  facet normal -0.947915 0.318524 0
    outer loop
      vertex 6.21358 -0.507858 -1.4
      vertex 6.25505 -0.384445 -1.05
      vertex 6.25505 -0.384445 -1.4
    endloop
  endfacet
  facet normal -0.947915 0.318524 0
    outer loop
      vertex 6.25505 -0.384445 -1.05
      vertex 6.21358 -0.507858 -1.4
      vertex 6.21358 -0.507858 -1.05
    endloop
  endfacet
  facet normal -0.985052 0.172256 0
    outer loop
      vertex 6.25505 -0.384445 -1.4
      vertex 6.27994 -0.242111 -1.05
      vertex 6.27994 -0.242111 -1.4
    endloop
  endfacet
  facet normal -0.985052 0.172256 0
    outer loop
      vertex 6.27994 -0.242111 -1.05
      vertex 6.25505 -0.384445 -1.4
      vertex 6.25505 -0.384445 -1.05
    endloop
  endfacet
  facet normal -0.998678 0.0514033 0
    outer loop
      vertex 6.27994 -0.242111 -1.4
      vertex 6.28824 -0.0808563 -1.05
      vertex 6.28824 -0.0808563 -1.4
    endloop
  endfacet
  facet normal -0.998678 0.0514033 0
    outer loop
      vertex 6.28824 -0.0808563 -1.05
      vertex 6.27994 -0.242111 -1.4
      vertex 6.27994 -0.242111 -1.05
    endloop
  endfacet
  facet normal -0.998573 -0.05341 0
    outer loop
      vertex 6.28824 -0.0808563 -1.4
      vertex 6.2795 0.08255 -1.05
      vertex 6.2795 0.08255 -1.4
    endloop
  endfacet
  facet normal -0.998573 -0.05341 0
    outer loop
      vertex 6.2795 0.08255 -1.05
      vertex 6.28824 -0.0808563 -1.4
      vertex 6.28824 -0.0808563 -1.05
    endloop
  endfacet
  facet normal -0.983756 -0.17951 0
    outer loop
      vertex 6.2795 0.08255 -1.4
      vertex 6.25328 0.226242 -1.05
      vertex 6.25328 0.226242 -1.4
    endloop
  endfacet
  facet normal -0.983756 -0.17951 0
    outer loop
      vertex 6.25328 0.226242 -1.05
      vertex 6.2795 0.08255 -1.4
      vertex 6.2795 0.08255 -1.05
    endloop
  endfacet
  facet normal -0.943174 -0.3323 0
    outer loop
      vertex 6.25328 0.226242 -1.4
      vertex 6.2096 0.35022 -1.05
      vertex 6.2096 0.35022 -1.4
    endloop
  endfacet
  facet normal -0.943174 -0.3323 0
    outer loop
      vertex 6.2096 0.35022 -1.05
      vertex 6.25328 0.226242 -1.4
      vertex 6.25328 0.226242 -1.05
    endloop
  endfacet
  facet normal -0.862489 -0.506076 0
    outer loop
      vertex 6.2096 0.35022 -1.4
      vertex 6.14844 0.454453 -1.05
      vertex 6.14844 0.454453 -1.4
    endloop
  endfacet
  facet normal -0.862489 -0.506076 0
    outer loop
      vertex 6.14844 0.454453 -1.05
      vertex 6.2096 0.35022 -1.4
      vertex 6.2096 0.35022 -1.05
    endloop
  endfacet
  facet normal -0.730546 -0.682863 0
    outer loop
      vertex 6.14844 0.454453 -1.4
      vertex 6.07125 0.537033 -1.05
      vertex 6.07125 0.537033 -1.4
    endloop
  endfacet
  facet normal -0.730546 -0.682863 0
    outer loop
      vertex 6.07125 0.537033 -1.05
      vertex 6.14844 0.454453 -1.4
      vertex 6.14844 0.454453 -1.05
    endloop
  endfacet
  facet normal -0.540732 -0.841195 0
    outer loop
      vertex 5.97948 0.596024 -1.4
      vertex 6.07125 0.537033 -1.05
      vertex 5.97948 0.596024 -1.05
    endloop
  endfacet
  facet normal -0.540732 -0.841195 -0
    outer loop
      vertex 6.07125 0.537033 -1.05
      vertex 5.97948 0.596024 -1.4
      vertex 6.07125 0.537033 -1.4
    endloop
  endfacet
  facet normal -0.315906 -0.94879 0
    outer loop
      vertex 5.87316 0.631424 -1.4
      vertex 5.97948 0.596024 -1.05
      vertex 5.87316 0.631424 -1.05
    endloop
  endfacet
  facet normal -0.315906 -0.94879 -0
    outer loop
      vertex 5.97948 0.596024 -1.05
      vertex 5.87316 0.631424 -1.4
      vertex 5.97948 0.596024 -1.4
    endloop
  endfacet
  facet normal -0.097091 -0.995276 0
    outer loop
      vertex 5.75225 0.643219 -1.4
      vertex 5.87316 0.631424 -1.05
      vertex 5.75225 0.643219 -1.05
    endloop
  endfacet
  facet normal -0.097091 -0.995276 -0
    outer loop
      vertex 5.87316 0.631424 -1.05
      vertex 5.75225 0.643219 -1.4
      vertex 5.87316 0.631424 -1.4
    endloop
  endfacet
  facet normal 0.05387 -0.998548 0
    outer loop
      vertex 5.6807 0.639359 -1.4
      vertex 5.75225 0.643219 -1.05
      vertex 5.6807 0.639359 -1.05
    endloop
  endfacet
  facet normal 0.05387 -0.998548 0
    outer loop
      vertex 5.75225 0.643219 -1.05
      vertex 5.6807 0.639359 -1.4
      vertex 5.75225 0.643219 -1.4
    endloop
  endfacet
  facet normal 0.171823 -0.985128 0
    outer loop
      vertex 5.61421 0.627762 -1.4
      vertex 5.6807 0.639359 -1.05
      vertex 5.61421 0.627762 -1.05
    endloop
  endfacet
  facet normal 0.171823 -0.985128 0
    outer loop
      vertex 5.6807 0.639359 -1.05
      vertex 5.61421 0.627762 -1.4
      vertex 5.6807 0.639359 -1.4
    endloop
  endfacet
  facet normal 0.300334 -0.953834 0
    outer loop
      vertex 5.55281 0.608429 -1.4
      vertex 5.61421 0.627762 -1.05
      vertex 5.55281 0.608429 -1.05
    endloop
  endfacet
  facet normal 0.300334 -0.953834 0
    outer loop
      vertex 5.61421 0.627762 -1.05
      vertex 5.55281 0.608429 -1.4
      vertex 5.61421 0.627762 -1.4
    endloop
  endfacet
  facet normal 0.432996 -0.901396 0
    outer loop
      vertex 5.49649 0.581375 -1.4
      vertex 5.55281 0.608429 -1.05
      vertex 5.49649 0.581375 -1.05
    endloop
  endfacet
  facet normal 0.432996 -0.901396 0
    outer loop
      vertex 5.55281 0.608429 -1.05
      vertex 5.49649 0.581375 -1.4
      vertex 5.55281 0.608429 -1.4
    endloop
  endfacet
  facet normal 0.565032 -0.825069 0
    outer loop
      vertex 5.4458 0.546661 -1.4
      vertex 5.49649 0.581375 -1.05
      vertex 5.4458 0.546661 -1.05
    endloop
  endfacet
  facet normal 0.565032 -0.825069 0
    outer loop
      vertex 5.49649 0.581375 -1.05
      vertex 5.4458 0.546661 -1.4
      vertex 5.49649 0.581375 -1.4
    endloop
  endfacet
  facet normal 0.688754 -0.724995 0
    outer loop
      vertex 5.40131 0.504395 -1.4
      vertex 5.4458 0.546661 -1.05
      vertex 5.40131 0.504395 -1.05
    endloop
  endfacet
  facet normal 0.688754 -0.724995 0
    outer loop
      vertex 5.4458 0.546661 -1.05
      vertex 5.40131 0.504395 -1.4
      vertex 5.4458 0.546661 -1.4
    endloop
  endfacet
  facet normal 0.792985 -0.609242 0
    outer loop
      vertex 5.36301 0.454544 -1.05
      vertex 5.40131 0.504395 -1.4
      vertex 5.40131 0.504395 -1.05
    endloop
  endfacet
  facet normal 0.792985 -0.609242 0
    outer loop
      vertex 5.40131 0.504395 -1.4
      vertex 5.36301 0.454544 -1.05
      vertex 5.36301 0.454544 -1.4
    endloop
  endfacet
  facet normal 0.872925 -0.487855 0
    outer loop
      vertex 5.33092 0.397125 -1.05
      vertex 5.36301 0.454544 -1.4
      vertex 5.36301 0.454544 -1.05
    endloop
  endfacet
  facet normal 0.872925 -0.487855 0
    outer loop
      vertex 5.36301 0.454544 -1.4
      vertex 5.33092 0.397125 -1.05
      vertex 5.33092 0.397125 -1.4
    endloop
  endfacet
  facet normal 0 -1 0
    outer loop
      vertex 5.32834 0.397125 -1.4
      vertex 5.33092 0.397125 -1.05
      vertex 5.32834 0.397125 -1.05
    endloop
  endfacet
  facet normal 0 -1 -0
    outer loop
      vertex 5.33092 0.397125 -1.05
      vertex 5.32834 0.397125 -1.4
      vertex 5.33092 0.397125 -1.4
    endloop
  endfacet
  facet normal -0.999937 0.0112482 0
    outer loop
      vertex 5.32834 0.397125 -1.4
      vertex 5.33092 0.62648 -1.05
      vertex 5.33092 0.62648 -1.4
    endloop
  endfacet
  facet normal -0.999937 0.0112482 0
    outer loop
      vertex 5.33092 0.62648 -1.05
      vertex 5.32834 0.397125 -1.4
      vertex 5.32834 0.397125 -1.05
    endloop
  endfacet
  facet normal -1 0 0
    outer loop
      vertex 5.33092 0.62648 -1.4
      vertex 5.33092 1.13541 -1.05
      vertex 5.33092 1.13541 -1.4
    endloop
  endfacet
  facet normal -1 -0 0
    outer loop
      vertex 5.33092 1.13541 -1.05
      vertex 5.33092 0.62648 -1.4
      vertex 5.33092 0.62648 -1.05
    endloop
  endfacet
  facet normal 0 -1 0
    outer loop
      vertex 4.96887 1.13541 -1.4
      vertex 5.33092 1.13541 -1.05
      vertex 4.96887 1.13541 -1.05
    endloop
  endfacet
  facet normal 0 -1 -0
    outer loop
      vertex 5.33092 1.13541 -1.05
      vertex 4.96887 1.13541 -1.4
      vertex 5.33092 1.13541 -1.4
    endloop
  endfacet
  facet normal 1 -0 0
    outer loop
      vertex 4.96887 -0.472534 -1.05
      vertex 4.96887 1.13541 -1.4
      vertex 4.96887 1.13541 -1.05
    endloop
  endfacet
  facet normal 1 0 0
    outer loop
      vertex 4.96887 1.13541 -1.4
      vertex 4.96887 -0.472534 -1.05
      vertex 4.96887 -0.472534 -1.4
    endloop
  endfacet
  facet normal 0.999955 -0.00950612 0
    outer loop
      vertex 4.96823 -0.539856 -1.05
      vertex 4.96887 -0.472534 -1.4
      vertex 4.96887 -0.472534 -1.05
    endloop
  endfacet
  facet normal 0.999955 -0.00950612 0
    outer loop
      vertex 4.96887 -0.472534 -1.4
      vertex 4.96823 -0.539856 -1.05
      vertex 4.96823 -0.539856 -1.4
    endloop
  endfacet
  facet normal 0.999652 -0.0263858 0
    outer loop
      vertex 4.9663 -0.612976 -1.05
      vertex 4.96823 -0.539856 -1.4
      vertex 4.96823 -0.539856 -1.05
    endloop
  endfacet
  facet normal 0.999652 -0.0263858 0
    outer loop
      vertex 4.96823 -0.539856 -1.4
      vertex 4.9663 -0.612976 -1.05
      vertex 4.9663 -0.612976 -1.4
    endloop
  endfacet
  facet normal 0.999169 -0.0407674 0
    outer loop
      vertex 4.96308 -0.691895 -1.05
      vertex 4.9663 -0.612976 -1.4
      vertex 4.9663 -0.612976 -1.05
    endloop
  endfacet
  facet normal 0.999169 -0.0407674 0
    outer loop
      vertex 4.9663 -0.612976 -1.4
      vertex 4.96308 -0.691895 -1.05
      vertex 4.96308 -0.691895 -1.4
    endloop
  endfacet
  facet normal 0.99858 -0.053279 0
    outer loop
      vertex 4.95856 -0.776611 -1.05
      vertex 4.96308 -0.691895 -1.4
      vertex 4.96308 -0.691895 -1.05
    endloop
  endfacet
  facet normal 0.99858 -0.053279 0
    outer loop
      vertex 4.96308 -0.691895 -1.4
      vertex 4.95856 -0.776611 -1.05
      vertex 4.95856 -0.776611 -1.4
    endloop
  endfacet
  facet normal 0 1 -0
    outer loop
      vertex 5.30901 -0.776611 -1.4
      vertex 4.95856 -0.776611 -1.05
      vertex 5.30901 -0.776611 -1.05
    endloop
  endfacet
  facet normal 0 1 0
    outer loop
      vertex 4.95856 -0.776611 -1.05
      vertex 5.30901 -0.776611 -1.4
      vertex 4.95856 -0.776611 -1.4
    endloop
  endfacet
  facet normal -0.980071 0.198648 0
    outer loop
      vertex 5.30901 -0.776611 -1.4
      vertex 5.31171 -0.76329 -1.05
      vertex 5.31171 -0.76329 -1.4
    endloop
  endfacet
  facet normal -0.980071 0.198648 0
    outer loop
      vertex 5.31171 -0.76329 -1.05
      vertex 5.30901 -0.776611 -1.4
      vertex 5.30901 -0.776611 -1.05
    endloop
  endfacet
  facet normal -0.990026 0.140885 0
    outer loop
      vertex 5.31171 -0.76329 -1.4
      vertex 5.31465 -0.74263 -1.05
      vertex 5.31465 -0.74263 -1.4
    endloop
  endfacet
  facet normal -0.990026 0.140885 0
    outer loop
      vertex 5.31465 -0.74263 -1.05
      vertex 5.31171 -0.76329 -1.4
      vertex 5.31171 -0.76329 -1.05
    endloop
  endfacet
  facet normal -0.993606 0.112906 0
    outer loop
      vertex 5.31465 -0.74263 -1.4
      vertex 5.31783 -0.714645 -1.05
      vertex 5.31783 -0.714645 -1.4
    endloop
  endfacet
  facet normal -0.993606 0.112906 0
    outer loop
      vertex 5.31783 -0.714645 -1.05
      vertex 5.31465 -0.74263 -1.4
      vertex 5.31465 -0.74263 -1.05
    endloop
  endfacet
  facet normal -0.995342 0.0964107 0
    outer loop
      vertex 5.31783 -0.714645 -1.4
      vertex 5.32125 -0.679337 -1.05
      vertex 5.32125 -0.679337 -1.4
    endloop
  endfacet
  facet normal -0.995342 0.0964107 0
    outer loop
      vertex 5.32125 -0.679337 -1.05
      vertex 5.31783 -0.714645 -1.4
      vertex 5.31783 -0.714645 -1.05
    endloop
  endfacet
  facet normal -0.99659 0.0825085 0
    outer loop
      vertex 5.32125 -0.679337 -1.4
      vertex 5.32434 -0.642014 -1.05
      vertex 5.32434 -0.642014 -1.4
    endloop
  endfacet
  facet normal -0.99659 0.0825085 0
    outer loop
      vertex 5.32434 -0.642014 -1.05
      vertex 5.32125 -0.679337 -1.4
      vertex 5.32125 -0.679337 -1.05
    endloop
  endfacet
  facet normal -0.99786 0.065394 0
    outer loop
      vertex 5.32434 -0.642014 -1.4
      vertex 5.32657 -0.607986 -1.05
      vertex 5.32657 -0.607986 -1.4
    endloop
  endfacet
  facet normal -0.99786 0.065394 0
    outer loop
      vertex 5.32657 -0.607986 -1.05
      vertex 5.32434 -0.642014 -1.4
      vertex 5.32434 -0.642014 -1.05
    endloop
  endfacet
  facet normal -0.999064 0.0432608 0
    outer loop
      vertex 5.32657 -0.607986 -1.4
      vertex 5.3279 -0.577271 -1.05
      vertex 5.3279 -0.577271 -1.4
    endloop
  endfacet
  facet normal -0.999064 0.0432608 0
    outer loop
      vertex 5.3279 -0.577271 -1.05
      vertex 5.32657 -0.607986 -1.4
      vertex 5.32657 -0.607986 -1.05
    endloop
  endfacet
  facet normal -0.999871 0.016044 0
    outer loop
      vertex 5.3279 -0.577271 -1.4
      vertex 5.32834 -0.54985 -1.05
      vertex 5.32834 -0.54985 -1.4
    endloop
  endfacet
  facet normal -0.999871 0.016044 0
    outer loop
      vertex 5.32834 -0.54985 -1.05
      vertex 5.3279 -0.577271 -1.4
      vertex 5.3279 -0.577271 -1.05
    endloop
  endfacet
  facet normal 0 1 -0
    outer loop
      vertex 5.3335 -0.54985 -1.4
      vertex 5.32834 -0.54985 -1.05
      vertex 5.3335 -0.54985 -1.05
    endloop
  endfacet
  facet normal 0 1 0
    outer loop
      vertex 5.32834 -0.54985 -1.05
      vertex 5.3335 -0.54985 -1.4
      vertex 5.32834 -0.54985 -1.4
    endloop
  endfacet
  facet normal 0.838367 0.545106 0
    outer loop
      vertex 5.40534 -0.660339 -1.05
      vertex 5.3335 -0.54985 -1.4
      vertex 5.3335 -0.54985 -1.05
    endloop
  endfacet
  facet normal 0.838367 0.545106 0
    outer loop
      vertex 5.3335 -0.54985 -1.4
      vertex 5.40534 -0.660339 -1.05
      vertex 5.40534 -0.660339 -1.4
    endloop
  endfacet
  facet normal 0.626242 0.779628 -0
    outer loop
      vertex 5.50357 -0.739243 -1.4
      vertex 5.40534 -0.660339 -1.05
      vertex 5.50357 -0.739243 -1.05
    endloop
  endfacet
  facet normal 0.626242 0.779628 0
    outer loop
      vertex 5.40534 -0.660339 -1.05
      vertex 5.50357 -0.739243 -1.4
      vertex 5.40534 -0.660339 -1.4
    endloop
  endfacet
  facet normal 0.355142 0.934812 -0
    outer loop
      vertex 5.62824 -0.786606 -1.4
      vertex 5.50357 -0.739243 -1.05
      vertex 5.62824 -0.786606 -1.05
    endloop
  endfacet
  facet normal 0.355142 0.934812 0
    outer loop
      vertex 5.50357 -0.739243 -1.05
      vertex 5.62824 -0.786606 -1.4
      vertex 5.50357 -0.739243 -1.4
    endloop
  endfacet
  facet normal 0.103877 0.99459 -0
    outer loop
      vertex 5.7793 -0.802383 -1.4
      vertex 5.62824 -0.786606 -1.05
      vertex 5.7793 -0.802383 -1.05
    endloop
  endfacet
  facet normal 0.103877 0.99459 0
    outer loop
      vertex 5.62824 -0.786606 -1.05
      vertex 5.7793 -0.802383 -1.4
      vertex 5.62824 -0.786606 -1.4
    endloop
  endfacet
  facet normal -0.102951 0.994686 0
    outer loop
      vertex 5.89414 -0.790497 -1.4
      vertex 5.7793 -0.802383 -1.05
      vertex 5.89414 -0.790497 -1.05
    endloop
  endfacet
  facet normal -0.102951 0.994686 0
    outer loop
      vertex 5.7793 -0.802383 -1.05
      vertex 5.89414 -0.790497 -1.4
      vertex 5.7793 -0.802383 -1.4
    endloop
  endfacet
  facet normal -0.368381 -0.929675 0
    outer loop
      vertex 5.49907 -0.523605 -1.4
      vertex 5.55849 -0.54715 -1.05
      vertex 5.49907 -0.523605 -1.05
    endloop
  endfacet
  facet normal -0.368381 -0.929675 -0
    outer loop
      vertex 5.55849 -0.54715 -1.05
      vertex 5.49907 -0.523605 -1.4
      vertex 5.55849 -0.54715 -1.4
    endloop
  endfacet
  facet normal -0.607236 -0.794522 0
    outer loop
      vertex 5.4477 -0.484344 -1.4
      vertex 5.49907 -0.523605 -1.05
      vertex 5.4477 -0.484344 -1.05
    endloop
  endfacet
  facet normal -0.607236 -0.794522 -0
    outer loop
      vertex 5.49907 -0.523605 -1.05
      vertex 5.4477 -0.484344 -1.4
      vertex 5.49907 -0.523605 -1.4
    endloop
  endfacet
  facet normal -0.785289 -0.61913 0
    outer loop
      vertex 5.4477 -0.484344 -1.4
      vertex 5.40438 -0.429398 -1.05
      vertex 5.40438 -0.429398 -1.4
    endloop
  endfacet
  facet normal -0.785289 -0.61913 0
    outer loop
      vertex 5.40438 -0.429398 -1.05
      vertex 5.4477 -0.484344 -1.4
      vertex 5.4477 -0.484344 -1.05
    endloop
  endfacet
  facet normal -0.896119 -0.443815 0
    outer loop
      vertex 5.40438 -0.429398 -1.4
      vertex 5.36998 -0.35994 -1.05
      vertex 5.36998 -0.35994 -1.4
    endloop
  endfacet
  facet normal -0.896119 -0.443815 0
    outer loop
      vertex 5.36998 -0.35994 -1.05
      vertex 5.40438 -0.429398 -1.4
      vertex 5.40438 -0.429398 -1.05
    endloop
  endfacet
  facet normal -0.958666 -0.284533 0
    outer loop
      vertex 5.36998 -0.35994 -1.4
      vertex 5.34542 -0.277191 -1.05
      vertex 5.34542 -0.277191 -1.4
    endloop
  endfacet
  facet normal -0.958666 -0.284533 0
    outer loop
      vertex 5.34542 -0.277191 -1.05
      vertex 5.36998 -0.35994 -1.4
      vertex 5.36998 -0.35994 -1.05
    endloop
  endfacet
  facet normal -0.988438 -0.151627 0
    outer loop
      vertex 5.34542 -0.277191 -1.4
      vertex 5.33069 -0.181168 -1.05
      vertex 5.33069 -0.181168 -1.4
    endloop
  endfacet
  facet normal -0.988438 -0.151627 0
    outer loop
      vertex 5.33069 -0.181168 -1.05
      vertex 5.34542 -0.277191 -1.4
      vertex 5.34542 -0.277191 -1.05
    endloop
  endfacet
  facet normal -0.998993 -0.0448711 0
    outer loop
      vertex 5.33069 -0.181168 -1.4
      vertex 5.32578 -0.0718536 -1.05
      vertex 5.32578 -0.0718536 -1.4
    endloop
  endfacet
  facet normal -0.998993 -0.0448711 0
    outer loop
      vertex 5.32578 -0.0718536 -1.05
      vertex 5.33069 -0.181168 -1.4
      vertex 5.33069 -0.181168 -1.05
    endloop
  endfacet
  facet normal -0.999023 0.0441934 0
    outer loop
      vertex 5.32578 -0.0718536 -1.4
      vertex 5.33048 0.0343933 -1.05
      vertex 5.33048 0.0343933 -1.4
    endloop
  endfacet
  facet normal -0.999023 0.0441934 0
    outer loop
      vertex 5.33048 0.0343933 -1.05
      vertex 5.32578 -0.0718536 -1.4
      vertex 5.32578 -0.0718536 -1.05
    endloop
  endfacet
  facet normal -0.988708 0.149855 0
    outer loop
      vertex 5.33048 0.0343933 -1.4
      vertex 5.34462 0.127686 -1.05
      vertex 5.34462 0.127686 -1.4
    endloop
  endfacet
  facet normal -0.988708 0.149855 0
    outer loop
      vertex 5.34462 0.127686 -1.05
      vertex 5.33048 0.0343933 -1.4
      vertex 5.33048 0.0343933 -1.05
    endloop
  endfacet
  facet normal -0.959619 0.281303 0
    outer loop
      vertex 5.34462 0.127686 -1.4
      vertex 5.36817 0.208023 -1.05
      vertex 5.36817 0.208023 -1.4
    endloop
  endfacet
  facet normal -0.959619 0.281303 0
    outer loop
      vertex 5.36817 0.208023 -1.05
      vertex 5.34462 0.127686 -1.4
      vertex 5.34462 0.127686 -1.05
    endloop
  endfacet
  facet normal -0.898161 0.439666 0
    outer loop
      vertex 5.36817 0.208023 -1.4
      vertex 5.40114 0.275375 -1.05
      vertex 5.40114 0.275375 -1.4
    endloop
  endfacet
  facet normal -0.898161 0.439666 0
    outer loop
      vertex 5.40114 0.275375 -1.05
      vertex 5.36817 0.208023 -1.4
      vertex 5.36817 0.208023 -1.05
    endloop
  endfacet
  facet normal -0.784127 0.620601 0
    outer loop
      vertex 5.40114 0.275375 -1.4
      vertex 5.4433 0.328644 -1.05
      vertex 5.4433 0.328644 -1.4
    endloop
  endfacet
  facet normal -0.784127 0.620601 0
    outer loop
      vertex 5.4433 0.328644 -1.05
      vertex 5.40114 0.275375 -1.4
      vertex 5.40114 0.275375 -1.05
    endloop
  endfacet
  facet normal -0.59736 0.801974 0
    outer loop
      vertex 5.49439 0.366699 -1.4
      vertex 5.4433 0.328644 -1.05
      vertex 5.49439 0.366699 -1.05
    endloop
  endfacet
  facet normal -0.59736 0.801974 0
    outer loop
      vertex 5.4433 0.328644 -1.05
      vertex 5.49439 0.366699 -1.4
      vertex 5.4433 0.328644 -1.4
    endloop
  endfacet
  facet normal -0.35543 0.934703 0
    outer loop
      vertex 5.55442 0.389526 -1.4
      vertex 5.49439 0.366699 -1.05
      vertex 5.55442 0.389526 -1.05
    endloop
  endfacet
  facet normal -0.35543 0.934703 0
    outer loop
      vertex 5.49439 0.366699 -1.05
      vertex 5.55442 0.389526 -1.4
      vertex 5.49439 0.366699 -1.4
    endloop
  endfacet
  facet normal -0.109516 0.993985 0
    outer loop
      vertex 5.62339 0.397125 -1.4
      vertex 5.55442 0.389526 -1.05
      vertex 5.62339 0.397125 -1.05
    endloop
  endfacet
  facet normal -0.109516 0.993985 0
    outer loop
      vertex 5.55442 0.389526 -1.05
      vertex 5.62339 0.397125 -1.4
      vertex 5.55442 0.389526 -1.4
    endloop
  endfacet
  facet normal 0.107548 0.9942 -0
    outer loop
      vertex 5.69152 0.389755 -1.4
      vertex 5.62339 0.397125 -1.05
      vertex 5.69152 0.389755 -1.05
    endloop
  endfacet
  facet normal 0.107548 0.9942 0
    outer loop
      vertex 5.62339 0.397125 -1.05
      vertex 5.69152 0.389755 -1.4
      vertex 5.62339 0.397125 -1.4
    endloop
  endfacet
  facet normal 0.35179 0.936079 -0
    outer loop
      vertex 5.75031 0.367661 -1.4
      vertex 5.69152 0.389755 -1.05
      vertex 5.75031 0.367661 -1.05
    endloop
  endfacet
  facet normal 0.35179 0.936079 0
    outer loop
      vertex 5.69152 0.389755 -1.05
      vertex 5.75031 0.367661 -1.4
      vertex 5.69152 0.389755 -1.4
    endloop
  endfacet
  facet normal 0.59761 0.801787 -0
    outer loop
      vertex 5.79975 0.330811 -1.4
      vertex 5.75031 0.367661 -1.05
      vertex 5.79975 0.330811 -1.05
    endloop
  endfacet
  facet normal 0.59761 0.801787 0
    outer loop
      vertex 5.75031 0.367661 -1.05
      vertex 5.79975 0.330811 -1.4
      vertex 5.75031 0.367661 -1.4
    endloop
  endfacet
  facet normal 0.789381 0.613904 0
    outer loop
      vertex 5.83986 0.279236 -1.05
      vertex 5.79975 0.330811 -1.4
      vertex 5.79975 0.330811 -1.05
    endloop
  endfacet
  facet normal 0.789381 0.613904 0
    outer loop
      vertex 5.79975 0.330811 -1.4
      vertex 5.83986 0.279236 -1.05
      vertex 5.83986 0.279236 -1.4
    endloop
  endfacet
  facet normal 0.906819 0.42152 0
    outer loop
      vertex 5.87087 0.212524 -1.05
      vertex 5.83986 0.279236 -1.4
      vertex 5.83986 0.279236 -1.05
    endloop
  endfacet
  facet normal 0.906819 0.42152 0
    outer loop
      vertex 5.83986 0.279236 -1.4
      vertex 5.87087 0.212524 -1.05
      vertex 5.87087 0.212524 -1.4
    endloop
  endfacet
  facet normal 0.965636 0.259898 0
    outer loop
      vertex 5.89301 0.130264 -1.05
      vertex 5.87087 0.212524 -1.4
      vertex 5.87087 0.212524 -1.05
    endloop
  endfacet
  facet normal 0.965636 0.259898 0
    outer loop
      vertex 5.87087 0.212524 -1.4
      vertex 5.89301 0.130264 -1.05
      vertex 5.89301 0.130264 -1.4
    endloop
  endfacet
  facet normal 0.990892 0.134661 0
    outer loop
      vertex 5.9063 0.0324707 -1.05
      vertex 5.89301 0.130264 -1.4
      vertex 5.89301 0.130264 -1.05
    endloop
  endfacet
  facet normal 0.990892 0.134661 0
    outer loop
      vertex 5.89301 0.130264 -1.4
      vertex 5.9063 0.0324707 -1.05
      vertex 5.9063 0.0324707 -1.4
    endloop
  endfacet
  facet normal 0.99924 0.0389725 0
    outer loop
      vertex 5.91072 -0.0808563 -1.05
      vertex 5.9063 0.0324707 -1.4
      vertex 5.9063 0.0324707 -1.05
    endloop
  endfacet
  facet normal 0.99924 0.0389725 0
    outer loop
      vertex 5.9063 0.0324707 -1.4
      vertex 5.91072 -0.0808563 -1.05
      vertex 5.91072 -0.0808563 -1.4
    endloop
  endfacet
  facet normal 0.996343 -0.0854446 0
    outer loop
      vertex 5.89293 -0.2883 -1.05
      vertex 5.91072 -0.0808563 -1.4
      vertex 5.91072 -0.0808563 -1.05
    endloop
  endfacet
  facet normal 0.996343 -0.0854446 0
    outer loop
      vertex 5.91072 -0.0808563 -1.4
      vertex 5.89293 -0.2883 -1.05
      vertex 5.89293 -0.2883 -1.4
    endloop
  endfacet
  facet normal 0.940783 -0.33901 0
    outer loop
      vertex 5.83954 -0.436462 -1.05
      vertex 5.89293 -0.2883 -1.4
      vertex 5.89293 -0.2883 -1.05
    endloop
  endfacet
  facet normal 0.940783 -0.33901 0
    outer loop
      vertex 5.89293 -0.2883 -1.4
      vertex 5.83954 -0.436462 -1.05
      vertex 5.83954 -0.436462 -1.4
    endloop
  endfacet
  facet normal 0.706741 -0.707472 0
    outer loop
      vertex 5.75055 -0.52536 -1.4
      vertex 5.83954 -0.436462 -1.05
      vertex 5.75055 -0.52536 -1.05
    endloop
  endfacet
  facet normal 0.706741 -0.707472 0
    outer loop
      vertex 5.83954 -0.436462 -1.05
      vertex 5.75055 -0.52536 -1.4
      vertex 5.83954 -0.436462 -1.4
    endloop
  endfacet
  facet normal 0.231535 -0.972826 0
    outer loop
      vertex 5.62598 -0.555008 -1.4
      vertex 5.75055 -0.52536 -1.05
      vertex 5.62598 -0.555008 -1.05
    endloop
  endfacet
  facet normal 0.231535 -0.972826 0
    outer loop
      vertex 5.75055 -0.52536 -1.05
      vertex 5.62598 -0.555008 -1.4
      vertex 5.75055 -0.52536 -1.4
    endloop
  endfacet
  facet normal -0.115651 -0.99329 0
    outer loop
      vertex 5.55849 -0.54715 -1.4
      vertex 5.62598 -0.555008 -1.05
      vertex 5.55849 -0.54715 -1.05
    endloop
  endfacet
  facet normal -0.115651 -0.99329 -0
    outer loop
      vertex 5.62598 -0.555008 -1.05
      vertex 5.55849 -0.54715 -1.4
      vertex 5.62598 -0.555008 -1.4
    endloop
  endfacet
  facet normal 0 -1 0
    outer loop
      vertex 8.14031 1.13541 -1.4
      vertex 8.50237 1.13541 -1.05
      vertex 8.14031 1.13541 -1.05
    endloop
  endfacet
  facet normal 0 -1 -0
    outer loop
      vertex 8.50237 1.13541 -1.05
      vertex 8.14031 1.13541 -1.4
      vertex 8.50237 1.13541 -1.4
    endloop
  endfacet
  facet normal 1 -0 0
    outer loop
      vertex 8.14031 0.868713 -1.05
      vertex 8.14031 1.13541 -1.4
      vertex 8.14031 1.13541 -1.05
    endloop
  endfacet
  facet normal 1 0 0
    outer loop
      vertex 8.14031 1.13541 -1.4
      vertex 8.14031 0.868713 -1.05
      vertex 8.14031 0.868713 -1.4
    endloop
  endfacet
  facet normal 0 1 -0
    outer loop
      vertex 8.50237 0.868713 -1.4
      vertex 8.14031 0.868713 -1.05
      vertex 8.50237 0.868713 -1.05
    endloop
  endfacet
  facet normal 0 1 0
    outer loop
      vertex 8.14031 0.868713 -1.05
      vertex 8.50237 0.868713 -1.4
      vertex 8.14031 0.868713 -1.4
    endloop
  endfacet
  facet normal -1 0 0
    outer loop
      vertex 8.50237 0.868713 -1.4
      vertex 8.50237 1.13541 -1.05
      vertex 8.50237 1.13541 -1.4
    endloop
  endfacet
  facet normal -1 -0 0
    outer loop
      vertex 8.50237 1.13541 -1.05
      vertex 8.50237 0.868713 -1.4
      vertex 8.50237 0.868713 -1.05
    endloop
  endfacet
  facet normal 0 -1 0
    outer loop
      vertex 12.294 1.13541 -1.4
      vertex 12.6561 1.13541 -1.05
      vertex 12.294 1.13541 -1.05
    endloop
  endfacet
  facet normal 0 -1 -0
    outer loop
      vertex 12.6561 1.13541 -1.05
      vertex 12.294 1.13541 -1.4
      vertex 12.6561 1.13541 -1.4
    endloop
  endfacet
  facet normal 1 -0 0
    outer loop
      vertex 12.294 -0.776611 -1.05
      vertex 12.294 1.13541 -1.4
      vertex 12.294 1.13541 -1.05
    endloop
  endfacet
  facet normal 1 0 0
    outer loop
      vertex 12.294 1.13541 -1.4
      vertex 12.294 -0.776611 -1.05
      vertex 12.294 -0.776611 -1.4
    endloop
  endfacet
  facet normal 0 1 -0
    outer loop
      vertex 12.6561 -0.776611 -1.4
      vertex 12.294 -0.776611 -1.05
      vertex 12.6561 -0.776611 -1.05
    endloop
  endfacet
  facet normal 0 1 0
    outer loop
      vertex 12.294 -0.776611 -1.05
      vertex 12.6561 -0.776611 -1.4
      vertex 12.294 -0.776611 -1.4
    endloop
  endfacet
  facet normal -1 0 0
    outer loop
      vertex 12.6561 -0.776611 -1.4
      vertex 12.6561 1.13541 -1.05
      vertex 12.6561 1.13541 -1.4
    endloop
  endfacet
  facet normal -1 -0 0
    outer loop
      vertex 12.6561 1.13541 -1.05
      vertex 12.6561 -0.776611 -1.4
      vertex 12.6561 -0.776611 -1.05
    endloop
  endfacet
  facet normal 0 -1 0
    outer loop
      vertex 13.01 1.13541 -1.4
      vertex 13.372 1.13541 -1.05
      vertex 13.01 1.13541 -1.05
    endloop
  endfacet
  facet normal 0 -1 -0
    outer loop
      vertex 13.372 1.13541 -1.05
      vertex 13.01 1.13541 -1.4
      vertex 13.372 1.13541 -1.4
    endloop
  endfacet
  facet normal 1 -0 0
    outer loop
      vertex 13.01 -0.776611 -1.05
      vertex 13.01 1.13541 -1.4
      vertex 13.01 1.13541 -1.05
    endloop
  endfacet
  facet normal 1 0 0
    outer loop
      vertex 13.01 1.13541 -1.4
      vertex 13.01 -0.776611 -1.05
      vertex 13.01 -0.776611 -1.4
    endloop
  endfacet
  facet normal 0 1 -0
    outer loop
      vertex 13.372 -0.776611 -1.4
      vertex 13.01 -0.776611 -1.05
      vertex 13.372 -0.776611 -1.05
    endloop
  endfacet
  facet normal 0 1 0
    outer loop
      vertex 13.01 -0.776611 -1.05
      vertex 13.372 -0.776611 -1.4
      vertex 13.01 -0.776611 -1.4
    endloop
  endfacet
  facet normal -1 0 0
    outer loop
      vertex 13.372 -0.776611 -1.4
      vertex 13.372 1.13541 -1.05
      vertex 13.372 1.13541 -1.4
    endloop
  endfacet
  facet normal -1 -0 0
    outer loop
      vertex 13.372 1.13541 -1.05
      vertex 13.372 -0.776611 -1.4
      vertex 13.372 -0.776611 -1.05
    endloop
  endfacet
  facet normal -0.156575 0.987666 0
    outer loop
      vertex 23.5891 -0.771454 -1.4
      vertex 23.4428 -0.794647 -1.05
      vertex 23.5891 -0.771454 -1.05
    endloop
  endfacet
  facet normal -0.156575 0.987666 0
    outer loop
      vertex 23.4428 -0.794647 -1.05
      vertex 23.5891 -0.771454 -1.4
      vertex 23.4428 -0.794647 -1.4
    endloop
  endfacet
  facet normal -0.290108 0.956994 0
    outer loop
      vertex 23.7166 -0.732803 -1.4
      vertex 23.5891 -0.771454 -1.05
      vertex 23.7166 -0.732803 -1.05
    endloop
  endfacet
  facet normal -0.290108 0.956994 0
    outer loop
      vertex 23.5891 -0.771454 -1.05
      vertex 23.7166 -0.732803 -1.4
      vertex 23.5891 -0.771454 -1.4
    endloop
  endfacet
  facet normal -0.445941 0.895063 0
    outer loop
      vertex 23.8252 -0.678696 -1.4
      vertex 23.7166 -0.732803 -1.05
      vertex 23.8252 -0.678696 -1.05
    endloop
  endfacet
  facet normal -0.445941 0.895063 0
    outer loop
      vertex 23.7166 -0.732803 -1.05
      vertex 23.8252 -0.678696 -1.4
      vertex 23.7166 -0.732803 -1.4
    endloop
  endfacet
  facet normal -0.611286 0.79141 0
    outer loop
      vertex 23.9156 -0.608871 -1.4
      vertex 23.8252 -0.678696 -1.05
      vertex 23.9156 -0.608871 -1.05
    endloop
  endfacet
  facet normal -0.611286 0.79141 0
    outer loop
      vertex 23.8252 -0.678696 -1.05
      vertex 23.9156 -0.608871 -1.4
      vertex 23.8252 -0.678696 -1.4
    endloop
  endfacet
  facet normal -0.763215 0.646144 0
    outer loop
      vertex 23.9156 -0.608871 -1.4
      vertex 23.9882 -0.523117 -1.05
      vertex 23.9882 -0.523117 -1.4
    endloop
  endfacet
  facet normal -0.763215 0.646144 0
    outer loop
      vertex 23.9882 -0.523117 -1.05
      vertex 23.9156 -0.608871 -1.4
      vertex 23.9156 -0.608871 -1.05
    endloop
  endfacet
  facet normal -0.879971 0.475028 0
    outer loop
      vertex 23.9882 -0.523117 -1.4
      vertex 24.0431 -0.421417 -1.05
      vertex 24.0431 -0.421417 -1.4
    endloop
  endfacet
  facet normal -0.879971 0.475028 0
    outer loop
      vertex 24.0431 -0.421417 -1.05
      vertex 23.9882 -0.523117 -1.4
      vertex 23.9882 -0.523117 -1.05
    endloop
  endfacet
  facet normal -0.953469 0.301492 0
    outer loop
      vertex 24.0431 -0.421417 -1.4
      vertex 24.0803 -0.303772 -1.05
      vertex 24.0803 -0.303772 -1.4
    endloop
  endfacet
  facet normal -0.953469 0.301492 0
    outer loop
      vertex 24.0803 -0.303772 -1.05
      vertex 24.0431 -0.421417 -1.4
      vertex 24.0431 -0.421417 -1.05
    endloop
  endfacet
  facet normal -0.162731 -0.986671 0
    outer loop
      vertex 23.7131 -0.24321 -1.4
      vertex 24.0803 -0.303772 -1.05
      vertex 23.7131 -0.24321 -1.05
    endloop
  endfacet
  facet normal -0.162731 -0.986671 -0
    outer loop
      vertex 24.0803 -0.303772 -1.05
      vertex 23.7131 -0.24321 -1.4
      vertex 24.0803 -0.303772 -1.4
    endloop
  endfacet
  facet normal 0.945687 -0.32508 0
    outer loop
      vertex 23.69 -0.31041 -1.05
      vertex 23.7131 -0.24321 -1.4
      vertex 23.7131 -0.24321 -1.05
    endloop
  endfacet
  facet normal 0.945687 -0.32508 0
    outer loop
      vertex 23.7131 -0.24321 -1.4
      vertex 23.69 -0.31041 -1.05
      vertex 23.69 -0.31041 -1.4
    endloop
  endfacet
  facet normal 0.873711 -0.486445 0
    outer loop
      vertex 23.6581 -0.367706 -1.05
      vertex 23.69 -0.31041 -1.4
      vertex 23.69 -0.31041 -1.05
    endloop
  endfacet
  facet normal 0.873711 -0.486445 0
    outer loop
      vertex 23.69 -0.31041 -1.4
      vertex 23.6581 -0.367706 -1.05
      vertex 23.6581 -0.367706 -1.4
    endloop
  endfacet
  facet normal 0.757069 -0.653335 0
    outer loop
      vertex 23.6172 -0.4151 -1.05
      vertex 23.6581 -0.367706 -1.4
      vertex 23.6581 -0.367706 -1.05
    endloop
  endfacet
  facet normal 0.757069 -0.653335 0
    outer loop
      vertex 23.6581 -0.367706 -1.4
      vertex 23.6172 -0.4151 -1.05
      vertex 23.6172 -0.4151 -1.4
    endloop
  endfacet
  facet normal 0.602991 -0.797748 0
    outer loop
      vertex 23.5676 -0.452591 -1.4
      vertex 23.6172 -0.4151 -1.05
      vertex 23.5676 -0.452591 -1.05
    endloop
  endfacet
  facet normal 0.602991 -0.797748 0
    outer loop
      vertex 23.6172 -0.4151 -1.05
      vertex 23.5676 -0.452591 -1.4
      vertex 23.6172 -0.4151 -1.4
    endloop
  endfacet
  facet normal 0.432065 -0.901843 0
    outer loop
      vertex 23.5082 -0.481049 -1.4
      vertex 23.5676 -0.452591 -1.05
      vertex 23.5082 -0.481049 -1.05
    endloop
  endfacet
  facet normal 0.432065 -0.901843 0
    outer loop
      vertex 23.5676 -0.452591 -1.05
      vertex 23.5082 -0.481049 -1.4
      vertex 23.5676 -0.452591 -1.4
    endloop
  endfacet
  facet normal 0.279768 -0.960068 0
    outer loop
      vertex 23.4384 -0.501389 -1.4
      vertex 23.5082 -0.481049 -1.05
      vertex 23.4384 -0.501389 -1.05
    endloop
  endfacet
  facet normal 0.279768 -0.960068 0
    outer loop
      vertex 23.5082 -0.481049 -1.05
      vertex 23.4384 -0.501389 -1.4
      vertex 23.5082 -0.481049 -1.4
    endloop
  endfacet
  facet normal 0.150098 -0.988671 0
    outer loop
      vertex 23.3581 -0.51358 -1.4
      vertex 23.4384 -0.501389 -1.05
      vertex 23.3581 -0.51358 -1.05
    endloop
  endfacet
  facet normal 0.150098 -0.988671 0
    outer loop
      vertex 23.4384 -0.501389 -1.05
      vertex 23.3581 -0.51358 -1.4
      vertex 23.4384 -0.501389 -1.4
    endloop
  endfacet
  facet normal 0.0448227 -0.998995 0
    outer loop
      vertex 23.2673 -0.517654 -1.4
      vertex 23.3581 -0.51358 -1.05
      vertex 23.2673 -0.517654 -1.05
    endloop
  endfacet
  facet normal 0.0448227 -0.998995 0
    outer loop
      vertex 23.3581 -0.51358 -1.05
      vertex 23.2673 -0.517654 -1.4
      vertex 23.3581 -0.51358 -1.4
    endloop
  endfacet
  facet normal -0.0867027 -0.996234 0
    outer loop
      vertex 23.0932 -0.502502 -1.4
      vertex 23.2673 -0.517654 -1.05
      vertex 23.0932 -0.502502 -1.05
    endloop
  endfacet
  facet normal -0.0867027 -0.996234 -0
    outer loop
      vertex 23.2673 -0.517654 -1.05
      vertex 23.0932 -0.502502 -1.4
      vertex 23.2673 -0.517654 -1.4
    endloop
  endfacet
  facet normal -0.342658 -0.93946 0
    outer loop
      vertex 22.9687 -0.457092 -1.4
      vertex 23.0932 -0.502502 -1.05
      vertex 22.9687 -0.457092 -1.05
    endloop
  endfacet
  facet normal -0.342658 -0.93946 -0
    outer loop
      vertex 23.0932 -0.502502 -1.05
      vertex 22.9687 -0.457092 -1.4
      vertex 23.0932 -0.502502 -1.4
    endloop
  endfacet
  facet normal -0.712258 -0.701918 0
    outer loop
      vertex 22.9687 -0.457092 -1.4
      vertex 22.8941 -0.381393 -1.05
      vertex 22.8941 -0.381393 -1.4
    endloop
  endfacet
  facet normal -0.712258 -0.701918 0
    outer loop
      vertex 22.8941 -0.381393 -1.05
      vertex 22.9687 -0.457092 -1.4
      vertex 22.9687 -0.457092 -1.05
    endloop
  endfacet
  facet normal -0.973488 -0.228738 0
    outer loop
      vertex 22.8941 -0.381393 -1.4
      vertex 22.8692 -0.275421 -1.05
      vertex 22.8692 -0.275421 -1.4
    endloop
  endfacet
  facet normal -0.973488 -0.228738 0
    outer loop
      vertex 22.8692 -0.275421 -1.05
      vertex 22.8941 -0.381393 -1.4
      vertex 22.8941 -0.381393 -1.05
    endloop
  endfacet
  facet normal -0.996938 0.0781976 0
    outer loop
      vertex 22.8692 -0.275421 -1.4
      vertex 22.8721 -0.238449 -1.05
      vertex 22.8721 -0.238449 -1.4
    endloop
  endfacet
  facet normal -0.996938 0.0781976 0
    outer loop
      vertex 22.8721 -0.238449 -1.05
      vertex 22.8692 -0.275421 -1.4
      vertex 22.8692 -0.275421 -1.05
    endloop
  endfacet
  facet normal -0.969406 0.245463 0
    outer loop
      vertex 22.8721 -0.238449 -1.4
      vertex 22.8806 -0.20488 -1.05
      vertex 22.8806 -0.20488 -1.4
    endloop
  endfacet
  facet normal -0.969406 0.245463 0
    outer loop
      vertex 22.8806 -0.20488 -1.05
      vertex 22.8721 -0.238449 -1.4
      vertex 22.8721 -0.238449 -1.05
    endloop
  endfacet
  facet normal -0.903782 0.427992 0
    outer loop
      vertex 22.8806 -0.20488 -1.4
      vertex 22.8949 -0.174683 -1.05
      vertex 22.8949 -0.174683 -1.4
    endloop
  endfacet
  facet normal -0.903782 0.427992 0
    outer loop
      vertex 22.8949 -0.174683 -1.05
      vertex 22.8806 -0.20488 -1.4
      vertex 22.8806 -0.20488 -1.05
    endloop
  endfacet
  facet normal -0.800107 0.599857 0
    outer loop
      vertex 22.8949 -0.174683 -1.4
      vertex 22.915 -0.147873 -1.05
      vertex 22.915 -0.147873 -1.4
    endloop
  endfacet
  facet normal -0.800107 0.599857 0
    outer loop
      vertex 22.915 -0.147873 -1.05
      vertex 22.8949 -0.174683 -1.4
      vertex 22.8949 -0.174683 -1.05
    endloop
  endfacet
  facet normal -0.690828 0.723019 0
    outer loop
      vertex 22.9402 -0.123795 -1.4
      vertex 22.915 -0.147873 -1.05
      vertex 22.9402 -0.123795 -1.05
    endloop
  endfacet
  facet normal -0.690828 0.723019 0
    outer loop
      vertex 22.915 -0.147873 -1.05
      vertex 22.9402 -0.123795 -1.4
      vertex 22.915 -0.147873 -1.4
    endloop
  endfacet
  facet normal -0.593726 0.804667 0
    outer loop
      vertex 22.97 -0.101807 -1.4
      vertex 22.9402 -0.123795 -1.05
      vertex 22.97 -0.101807 -1.05
    endloop
  endfacet
  facet normal -0.593726 0.804667 0
    outer loop
      vertex 22.9402 -0.123795 -1.05
      vertex 22.97 -0.101807 -1.4
      vertex 22.9402 -0.123795 -1.4
    endloop
  endfacet
  facet normal -0.498524 0.866876 0
    outer loop
      vertex 23.0046 -0.0819092 -1.4
      vertex 22.97 -0.101807 -1.05
      vertex 23.0046 -0.0819092 -1.05
    endloop
  endfacet
  facet normal -0.498524 0.866876 0
    outer loop
      vertex 22.97 -0.101807 -1.05
      vertex 23.0046 -0.0819092 -1.4
      vertex 22.97 -0.101807 -1.4
    endloop
  endfacet
  facet normal -0.413295 0.910597 0
    outer loop
      vertex 23.0438 -0.0641174 -1.4
      vertex 23.0046 -0.0819092 -1.05
      vertex 23.0438 -0.0641174 -1.05
    endloop
  endfacet
  facet normal -0.413295 0.910597 0
    outer loop
      vertex 23.0046 -0.0819092 -1.05
      vertex 23.0438 -0.0641174 -1.4
      vertex 23.0046 -0.0819092 -1.4
    endloop
  endfacet
  facet normal -0.326295 0.945268 0
    outer loop
      vertex 23.0949 -0.0464783 -1.4
      vertex 23.0438 -0.0641174 -1.05
      vertex 23.0949 -0.0464783 -1.05
    endloop
  endfacet
  facet normal -0.326295 0.945268 0
    outer loop
      vertex 23.0438 -0.0641174 -1.05
      vertex 23.0949 -0.0464783 -1.4
      vertex 23.0438 -0.0641174 -1.4
    endloop
  endfacet
  facet normal -0.266486 0.963839 0
    outer loop
      vertex 23.1651 -0.0270691 -1.4
      vertex 23.0949 -0.0464783 -1.05
      vertex 23.1651 -0.0270691 -1.05
    endloop
  endfacet
  facet normal -0.266486 0.963839 0
    outer loop
      vertex 23.0949 -0.0464783 -1.05
      vertex 23.1651 -0.0270691 -1.4
      vertex 23.0949 -0.0464783 -1.4
    endloop
  endfacet
  facet normal -0.231013 0.972951 0
    outer loop
      vertex 23.2543 -0.00588989 -1.4
      vertex 23.1651 -0.0270691 -1.05
      vertex 23.2543 -0.00588989 -1.05
    endloop
  endfacet
  facet normal -0.231013 0.972951 0
    outer loop
      vertex 23.1651 -0.0270691 -1.05
      vertex 23.2543 -0.00588989 -1.4
      vertex 23.1651 -0.0270691 -1.4
    endloop
  endfacet
  facet normal -0.207118 0.978316 0
    outer loop
      vertex 23.3627 0.0170593 -1.4
      vertex 23.2543 -0.00588989 -1.05
      vertex 23.3627 0.0170593 -1.05
    endloop
  endfacet
  facet normal -0.207118 0.978316 0
    outer loop
      vertex 23.2543 -0.00588989 -1.05
      vertex 23.3627 0.0170593 -1.4
      vertex 23.2543 -0.00588989 -1.4
    endloop
  endfacet
  facet normal -0.234344 0.972154 0
    outer loop
      vertex 23.4567 0.0397186 -1.4
      vertex 23.3627 0.0170593 -1.05
      vertex 23.4567 0.0397186 -1.05
    endloop
  endfacet
  facet normal -0.234344 0.972154 0
    outer loop
      vertex 23.3627 0.0170593 -1.05
      vertex 23.4567 0.0397186 -1.4
      vertex 23.3627 0.0170593 -1.4
    endloop
  endfacet
  facet normal -0.250526 0.96811 0
    outer loop
      vertex 23.5353 0.0600586 -1.4
      vertex 23.4567 0.0397186 -1.05
      vertex 23.5353 0.0600586 -1.05
    endloop
  endfacet
  facet normal -0.250526 0.96811 0
    outer loop
      vertex 23.4567 0.0397186 -1.05
      vertex 23.5353 0.0600586 -1.4
      vertex 23.4567 0.0397186 -1.4
    endloop
  endfacet
  facet normal -0.273778 0.961793 0
    outer loop
      vertex 23.5985 0.0780487 -1.4
      vertex 23.5353 0.0600586 -1.05
      vertex 23.5985 0.0780487 -1.05
    endloop
  endfacet
  facet normal -0.273778 0.961793 0
    outer loop
      vertex 23.5353 0.0600586 -1.05
      vertex 23.5985 0.0780487 -1.4
      vertex 23.5353 0.0600586 -1.4
    endloop
  endfacet
  facet normal -0.311841 0.950134 0
    outer loop
      vertex 23.6462 0.0937042 -1.4
      vertex 23.5985 0.0780487 -1.05
      vertex 23.6462 0.0937042 -1.05
    endloop
  endfacet
  facet normal -0.311841 0.950134 0
    outer loop
      vertex 23.5985 0.0780487 -1.05
      vertex 23.6462 0.0937042 -1.4
      vertex 23.5985 0.0780487 -1.4
    endloop
  endfacet
  facet normal -0.362634 0.931932 0
    outer loop
      vertex 23.6851 0.108841 -1.4
      vertex 23.6462 0.0937042 -1.05
      vertex 23.6851 0.108841 -1.05
    endloop
  endfacet
  facet normal -0.362634 0.931932 0
    outer loop
      vertex 23.6462 0.0937042 -1.05
      vertex 23.6851 0.108841 -1.4
      vertex 23.6462 0.0937042 -1.4
    endloop
  endfacet
  facet normal -0.405009 0.914313 0
    outer loop
      vertex 23.7222 0.125275 -1.4
      vertex 23.6851 0.108841 -1.05
      vertex 23.7222 0.125275 -1.05
    endloop
  endfacet
  facet normal -0.405009 0.914313 0
    outer loop
      vertex 23.6851 0.108841 -1.05
      vertex 23.7222 0.125275 -1.4
      vertex 23.6851 0.108841 -1.4
    endloop
  endfacet
  facet normal -0.450568 0.892742 0
    outer loop
      vertex 23.7573 0.14299 -1.4
      vertex 23.7222 0.125275 -1.05
      vertex 23.7573 0.14299 -1.05
    endloop
  endfacet
  facet normal -0.450568 0.892742 0
    outer loop
      vertex 23.7222 0.125275 -1.05
      vertex 23.7573 0.14299 -1.4
      vertex 23.7222 0.125275 -1.4
    endloop
  endfacet
  facet normal -0.496643 0.867955 0
    outer loop
      vertex 23.7905 0.161987 -1.4
      vertex 23.7573 0.14299 -1.05
      vertex 23.7905 0.161987 -1.05
    endloop
  endfacet
  facet normal -0.496643 0.867955 0
    outer loop
      vertex 23.7573 0.14299 -1.05
      vertex 23.7905 0.161987 -1.4
      vertex 23.7573 0.14299 -1.4
    endloop
  endfacet
  facet normal -0.554595 0.83212 0
    outer loop
      vertex 23.8215 0.182648 -1.4
      vertex 23.7905 0.161987 -1.05
      vertex 23.8215 0.182648 -1.05
    endloop
  endfacet
  facet normal -0.554595 0.83212 0
    outer loop
      vertex 23.7905 0.161987 -1.05
      vertex 23.8215 0.182648 -1.4
      vertex 23.7905 0.161987 -1.4
    endloop
  endfacet
  facet normal -0.622583 0.782554 0
    outer loop
      vertex 23.85 0.205322 -1.4
      vertex 23.8215 0.182648 -1.05
      vertex 23.85 0.205322 -1.05
    endloop
  endfacet
  facet normal -0.622583 0.782554 0
    outer loop
      vertex 23.8215 0.182648 -1.05
      vertex 23.85 0.205322 -1.4
      vertex 23.8215 0.182648 -1.4
    endloop
  endfacet
  facet normal -0.685809 0.727782 0
    outer loop
      vertex 23.8762 0.230011 -1.4
      vertex 23.85 0.205322 -1.05
      vertex 23.8762 0.230011 -1.05
    endloop
  endfacet
  facet normal -0.685809 0.727782 0
    outer loop
      vertex 23.85 0.205322 -1.05
      vertex 23.8762 0.230011 -1.4
      vertex 23.85 0.205322 -1.4
    endloop
  endfacet
  facet normal -0.746334 0.665571 0
    outer loop
      vertex 23.8762 0.230011 -1.4
      vertex 23.9 0.256699 -1.05
      vertex 23.9 0.256699 -1.4
    endloop
  endfacet
  facet normal -0.746334 0.665571 0
    outer loop
      vertex 23.9 0.256699 -1.05
      vertex 23.8762 0.230011 -1.4
      vertex 23.8762 0.230011 -1.05
    endloop
  endfacet
  facet normal -0.805133 0.593095 0
    outer loop
      vertex 23.9 0.256699 -1.4
      vertex 23.9213 0.285614 -1.05
      vertex 23.9213 0.285614 -1.4
    endloop
  endfacet
  facet normal -0.805133 0.593095 0
    outer loop
      vertex 23.9213 0.285614 -1.05
      vertex 23.9 0.256699 -1.4
      vertex 23.9 0.256699 -1.05
    endloop
  endfacet
  facet normal -0.85744 0.514584 0
    outer loop
      vertex 23.9213 0.285614 -1.4
      vertex 23.9401 0.31694 -1.05
      vertex 23.9401 0.31694 -1.4
    endloop
  endfacet
  facet normal -0.85744 0.514584 0
    outer loop
      vertex 23.9401 0.31694 -1.05
      vertex 23.9213 0.285614 -1.4
      vertex 23.9213 0.285614 -1.05
    endloop
  endfacet
  facet normal -0.900414 0.435034 0
    outer loop
      vertex 23.9401 0.31694 -1.4
      vertex 23.9564 0.350677 -1.05
      vertex 23.9564 0.350677 -1.4
    endloop
  endfacet
  facet normal -0.900414 0.435034 0
    outer loop
      vertex 23.9564 0.350677 -1.05
      vertex 23.9401 0.31694 -1.4
      vertex 23.9401 0.31694 -1.05
    endloop
  endfacet
  facet normal -0.934239 0.356649 0
    outer loop
      vertex 23.9564 0.350677 -1.4
      vertex 23.9702 0.386826 -1.05
      vertex 23.9702 0.386826 -1.4
    endloop
  endfacet
  facet normal -0.934239 0.356649 0
    outer loop
      vertex 23.9702 0.386826 -1.05
      vertex 23.9564 0.350677 -1.4
      vertex 23.9564 0.350677 -1.05
    endloop
  endfacet
  facet normal -0.961976 0.273133 0
    outer loop
      vertex 23.9702 0.386826 -1.4
      vertex 23.9812 0.425568 -1.05
      vertex 23.9812 0.425568 -1.4
    endloop
  endfacet
  facet normal -0.961976 0.273133 0
    outer loop
      vertex 23.9812 0.425568 -1.05
      vertex 23.9702 0.386826 -1.4
      vertex 23.9702 0.386826 -1.05
    endloop
  endfacet
  facet normal -0.98277 0.184834 0
    outer loop
      vertex 23.9812 0.425568 -1.4
      vertex 23.989 0.467041 -1.05
      vertex 23.989 0.467041 -1.4
    endloop
  endfacet
  facet normal -0.98277 0.184834 0
    outer loop
      vertex 23.989 0.467041 -1.05
      vertex 23.9812 0.425568 -1.4
      vertex 23.9812 0.425568 -1.05
    endloop
  endfacet
  facet normal -0.994395 0.105727 0
    outer loop
      vertex 23.989 0.467041 -1.4
      vertex 23.9937 0.511246 -1.05
      vertex 23.9937 0.511246 -1.4
    endloop
  endfacet
  facet normal -0.994395 0.105727 0
    outer loop
      vertex 23.9937 0.511246 -1.05
      vertex 23.989 0.467041 -1.4
      vertex 23.989 0.467041 -1.05
    endloop
  endfacet
  facet normal -0.99942 0.0340583 0
    outer loop
      vertex 23.9937 0.511246 -1.4
      vertex 23.9953 0.558197 -1.05
      vertex 23.9953 0.558197 -1.4
    endloop
  endfacet
  facet normal -0.99942 0.0340583 0
    outer loop
      vertex 23.9953 0.558197 -1.05
      vertex 23.9937 0.511246 -1.4
      vertex 23.9937 0.511246 -1.05
    endloop
  endfacet
  facet normal -0.995023 -0.0996492 0
    outer loop
      vertex 23.9953 0.558197 -1.4
      vertex 23.9837 0.674026 -1.05
      vertex 23.9837 0.674026 -1.4
    endloop
  endfacet
  facet normal -0.995023 -0.0996492 0
    outer loop
      vertex 23.9837 0.674026 -1.05
      vertex 23.9953 0.558197 -1.4
      vertex 23.9953 0.558197 -1.05
    endloop
  endfacet
  facet normal -0.946445 -0.322866 0
    outer loop
      vertex 23.9837 0.674026 -1.4
      vertex 23.9491 0.775452 -1.05
      vertex 23.9491 0.775452 -1.4
    endloop
  endfacet
  facet normal -0.946445 -0.322866 0
    outer loop
      vertex 23.9491 0.775452 -1.05
      vertex 23.9837 0.674026 -1.4
      vertex 23.9837 0.674026 -1.05
    endloop
  endfacet
  facet normal -0.832948 -0.553352 0
    outer loop
      vertex 23.9491 0.775452 -1.4
      vertex 23.8913 0.862457 -1.05
      vertex 23.8913 0.862457 -1.4
    endloop
  endfacet
  facet normal -0.832948 -0.553352 0
    outer loop
      vertex 23.8913 0.862457 -1.05
      vertex 23.9491 0.775452 -1.4
      vertex 23.9491 0.775452 -1.05
    endloop
  endfacet
  facet normal -0.667907 -0.744245 0
    outer loop
      vertex 23.8104 0.935059 -1.4
      vertex 23.8913 0.862457 -1.05
      vertex 23.8104 0.935059 -1.05
    endloop
  endfacet
  facet normal -0.667907 -0.744245 -0
    outer loop
      vertex 23.8913 0.862457 -1.05
      vertex 23.8104 0.935059 -1.4
      vertex 23.8913 0.862457 -1.4
    endloop
  endfacet
  facet normal -0.485989 -0.873965 0
    outer loop
      vertex 23.7075 0.992279 -1.4
      vertex 23.8104 0.935059 -1.05
      vertex 23.7075 0.992279 -1.05
    endloop
  endfacet
  facet normal -0.485989 -0.873965 -0
    outer loop
      vertex 23.8104 0.935059 -1.05
      vertex 23.7075 0.992279 -1.4
      vertex 23.8104 0.935059 -1.4
    endloop
  endfacet
  facet normal -0.31297 -0.949763 0
    outer loop
      vertex 23.5835 1.03314 -1.4
      vertex 23.7075 0.992279 -1.05
      vertex 23.5835 1.03314 -1.05
    endloop
  endfacet
  facet normal -0.31297 -0.949763 -0
    outer loop
      vertex 23.7075 0.992279 -1.05
      vertex 23.5835 1.03314 -1.4
      vertex 23.7075 0.992279 -1.4
    endloop
  endfacet
  facet normal -0.166736 -0.986002 0
    outer loop
      vertex 23.4385 1.05766 -1.4
      vertex 23.5835 1.03314 -1.05
      vertex 23.4385 1.05766 -1.05
    endloop
  endfacet
  facet normal -0.166736 -0.986002 -0
    outer loop
      vertex 23.5835 1.03314 -1.05
      vertex 23.4385 1.05766 -1.4
      vertex 23.5835 1.03314 -1.4
    endloop
  endfacet
  facet normal -0.0492174 -0.998788 0
    outer loop
      vertex 23.2725 1.06584 -1.4
      vertex 23.4385 1.05766 -1.05
      vertex 23.2725 1.06584 -1.05
    endloop
  endfacet
  facet normal -0.0492174 -0.998788 -0
    outer loop
      vertex 23.4385 1.05766 -1.05
      vertex 23.2725 1.06584 -1.4
      vertex 23.4385 1.05766 -1.4
    endloop
  endfacet
  facet normal 0.0417198 -0.999129 0
    outer loop
      vertex 23.1142 1.05923 -1.4
      vertex 23.2725 1.06584 -1.05
      vertex 23.1142 1.05923 -1.05
    endloop
  endfacet
  facet normal 0.0417198 -0.999129 0
    outer loop
      vertex 23.2725 1.06584 -1.05
      vertex 23.1142 1.05923 -1.4
      vertex 23.2725 1.06584 -1.4
    endloop
  endfacet
  facet normal 0.142976 -0.989726 0
    outer loop
      vertex 22.977 1.03941 -1.4
      vertex 23.1142 1.05923 -1.05
      vertex 22.977 1.03941 -1.05
    endloop
  endfacet
  facet normal 0.142976 -0.989726 0
    outer loop
      vertex 23.1142 1.05923 -1.05
      vertex 22.977 1.03941 -1.4
      vertex 23.1142 1.05923 -1.4
    endloop
  endfacet
  facet normal 0.272973 -0.962022 0
    outer loop
      vertex 22.8607 1.00641 -1.4
      vertex 22.977 1.03941 -1.05
      vertex 22.8607 1.00641 -1.05
    endloop
  endfacet
  facet normal 0.272973 -0.962022 0
    outer loop
      vertex 22.977 1.03941 -1.05
      vertex 22.8607 1.00641 -1.4
      vertex 22.977 1.03941 -1.4
    endloop
  endfacet
  facet normal 0.436866 -0.899527 0
    outer loop
      vertex 22.7655 0.960175 -1.4
      vertex 22.8607 1.00641 -1.05
      vertex 22.7655 0.960175 -1.05
    endloop
  endfacet
  facet normal 0.436866 -0.899527 0
    outer loop
      vertex 22.8607 1.00641 -1.05
      vertex 22.7655 0.960175 -1.4
      vertex 22.8607 1.00641 -1.4
    endloop
  endfacet
  facet normal 0.622666 -0.782488 0
    outer loop
      vertex 22.6883 0.898743 -1.4
      vertex 22.7655 0.960175 -1.05
      vertex 22.6883 0.898743 -1.05
    endloop
  endfacet
  facet normal 0.622666 -0.782488 0
    outer loop
      vertex 22.7655 0.960175 -1.05
      vertex 22.6883 0.898743 -1.4
      vertex 22.7655 0.960175 -1.4
    endloop
  endfacet
  facet normal 0.78494 -0.619572 0
    outer loop
      vertex 22.6262 0.820068 -1.05
      vertex 22.6883 0.898743 -1.4
      vertex 22.6883 0.898743 -1.05
    endloop
  endfacet
  facet normal 0.78494 -0.619572 0
    outer loop
      vertex 22.6883 0.898743 -1.4
      vertex 22.6262 0.820068 -1.05
      vertex 22.6262 0.820068 -1.4
    endloop
  endfacet
  facet normal 0.897616 -0.440778 0
    outer loop
      vertex 22.5791 0.724152 -1.05
      vertex 22.6262 0.820068 -1.4
      vertex 22.6262 0.820068 -1.05
    endloop
  endfacet
  facet normal 0.897616 -0.440778 0
    outer loop
      vertex 22.6262 0.820068 -1.4
      vertex 22.5791 0.724152 -1.05
      vertex 22.5791 0.724152 -1.4
    endloop
  endfacet
  facet normal 0.962255 -0.27215 0
    outer loop
      vertex 22.5471 0.611008 -1.05
      vertex 22.5791 0.724152 -1.4
      vertex 22.5791 0.724152 -1.05
    endloop
  endfacet
  facet normal 0.962255 -0.27215 0
    outer loop
      vertex 22.5791 0.724152 -1.4
      vertex 22.5471 0.611008 -1.05
      vertex 22.5471 0.611008 -1.4
    endloop
  endfacet
  facet normal 0.135108 0.990831 -0
    outer loop
      vertex 22.9156 0.56076 -1.4
      vertex 22.5471 0.611008 -1.05
      vertex 22.9156 0.56076 -1.05
    endloop
  endfacet
  facet normal 0.135108 0.990831 0
    outer loop
      vertex 22.5471 0.611008 -1.05
      vertex 22.9156 0.56076 -1.4
      vertex 22.5471 0.611008 -1.4
    endloop
  endfacet
  facet normal -0.951403 0.307948 0
    outer loop
      vertex 22.9156 0.56076 -1.4
      vertex 22.9334 0.615753 -1.05
      vertex 22.9334 0.615753 -1.4
    endloop
  endfacet
  facet normal -0.951403 0.307948 0
    outer loop
      vertex 22.9334 0.615753 -1.05
      vertex 22.9156 0.56076 -1.4
      vertex 22.9156 0.56076 -1.05
    endloop
  endfacet
  facet normal -0.884436 0.466662 0
    outer loop
      vertex 22.9334 0.615753 -1.4
      vertex 22.9586 0.663513 -1.05
      vertex 22.9586 0.663513 -1.4
    endloop
  endfacet
  facet normal -0.884436 0.466662 0
    outer loop
      vertex 22.9586 0.663513 -1.05
      vertex 22.9334 0.615753 -1.4
      vertex 22.9334 0.615753 -1.05
    endloop
  endfacet
  facet normal -0.779906 0.625897 0
    outer loop
      vertex 22.9586 0.663513 -1.4
      vertex 22.9911 0.70401 -1.05
      vertex 22.9911 0.70401 -1.4
    endloop
  endfacet
  facet normal -0.779906 0.625897 0
    outer loop
      vertex 22.9911 0.70401 -1.05
      vertex 22.9586 0.663513 -1.4
      vertex 22.9586 0.663513 -1.05
    endloop
  endfacet
  facet normal -0.641291 0.767298 0
    outer loop
      vertex 23.0309 0.737274 -1.4
      vertex 22.9911 0.70401 -1.05
      vertex 23.0309 0.737274 -1.05
    endloop
  endfacet
  facet normal -0.641291 0.767298 0
    outer loop
      vertex 22.9911 0.70401 -1.05
      vertex 23.0309 0.737274 -1.4
      vertex 22.9911 0.70401 -1.4
    endloop
  endfacet
  facet normal -0.473691 0.880691 0
    outer loop
      vertex 23.0791 0.763199 -1.4
      vertex 23.0309 0.737274 -1.05
      vertex 23.0791 0.763199 -1.05
    endloop
  endfacet
  facet normal -0.473691 0.880691 0
    outer loop
      vertex 23.0309 0.737274 -1.05
      vertex 23.0791 0.763199 -1.4
      vertex 23.0309 0.737274 -1.4
    endloop
  endfacet
  facet normal -0.306155 0.951982 0
    outer loop
      vertex 23.1367 0.781723 -1.4
      vertex 23.0791 0.763199 -1.05
      vertex 23.1367 0.781723 -1.05
    endloop
  endfacet
  facet normal -0.306155 0.951982 0
    outer loop
      vertex 23.0791 0.763199 -1.05
      vertex 23.1367 0.781723 -1.4
      vertex 23.0791 0.763199 -1.4
    endloop
  endfacet
  facet normal -0.16355 0.986535 0
    outer loop
      vertex 23.2038 0.792847 -1.4
      vertex 23.1367 0.781723 -1.05
      vertex 23.2038 0.792847 -1.05
    endloop
  endfacet
  facet normal -0.16355 0.986535 0
    outer loop
      vertex 23.1367 0.781723 -1.05
      vertex 23.2038 0.792847 -1.4
      vertex 23.1367 0.781723 -1.4
    endloop
  endfacet
  facet normal -0.048477 0.998824 0
    outer loop
      vertex 23.2802 0.796555 -1.4
      vertex 23.2038 0.792847 -1.05
      vertex 23.2802 0.796555 -1.05
    endloop
  endfacet
  facet normal -0.048477 0.998824 0
    outer loop
      vertex 23.2038 0.792847 -1.05
      vertex 23.2802 0.796555 -1.4
      vertex 23.2038 0.792847 -1.4
    endloop
  endfacet
  facet normal 0.0892192 0.996012 -0
    outer loop
      vertex 23.4313 0.78302 -1.4
      vertex 23.2802 0.796555 -1.05
      vertex 23.4313 0.78302 -1.05
    endloop
  endfacet
  facet normal 0.0892192 0.996012 0
    outer loop
      vertex 23.2802 0.796555 -1.05
      vertex 23.4313 0.78302 -1.4
      vertex 23.2802 0.796555 -1.4
    endloop
  endfacet
  facet normal 0.352078 0.935971 -0
    outer loop
      vertex 23.5392 0.742432 -1.4
      vertex 23.4313 0.78302 -1.05
      vertex 23.5392 0.742432 -1.05
    endloop
  endfacet
  facet normal 0.352078 0.935971 0
    outer loop
      vertex 23.4313 0.78302 -1.05
      vertex 23.5392 0.742432 -1.4
      vertex 23.4313 0.78302 -1.4
    endloop
  endfacet
  facet normal 0.722653 0.691211 0
    outer loop
      vertex 23.6039 0.674789 -1.05
      vertex 23.5392 0.742432 -1.4
      vertex 23.5392 0.742432 -1.05
    endloop
  endfacet
  facet normal 0.722653 0.691211 0
    outer loop
      vertex 23.5392 0.742432 -1.4
      vertex 23.6039 0.674789 -1.05
      vertex 23.6039 0.674789 -1.4
    endloop
  endfacet
  facet normal 0.974959 0.222386 0
    outer loop
      vertex 23.6255 0.580093 -1.05
      vertex 23.6039 0.674789 -1.4
      vertex 23.6039 0.674789 -1.05
    endloop
  endfacet
  facet normal 0.974959 0.222386 0
    outer loop
      vertex 23.6039 0.674789 -1.4
      vertex 23.6255 0.580093 -1.05
      vertex 23.6255 0.580093 -1.4
    endloop
  endfacet
  facet normal 0.997695 -0.0678644 0
    outer loop
      vertex 23.6232 0.54628 -1.05
      vertex 23.6255 0.580093 -1.4
      vertex 23.6255 0.580093 -1.05
    endloop
  endfacet
  facet normal 0.997695 -0.0678644 0
    outer loop
      vertex 23.6255 0.580093 -1.4
      vertex 23.6232 0.54628 -1.05
      vertex 23.6232 0.54628 -1.4
    endloop
  endfacet
  facet normal 0.975521 -0.219906 0
    outer loop
      vertex 23.6163 0.515671 -1.05
      vertex 23.6232 0.54628 -1.4
      vertex 23.6232 0.54628 -1.05
    endloop
  endfacet
  facet normal 0.975521 -0.219906 0
    outer loop
      vertex 23.6232 0.54628 -1.4
      vertex 23.6163 0.515671 -1.05
      vertex 23.6163 0.515671 -1.4
    endloop
  endfacet
  facet normal 0.923226 -0.384256 0
    outer loop
      vertex 23.6049 0.488281 -1.05
      vertex 23.6163 0.515671 -1.4
      vertex 23.6163 0.515671 -1.05
    endloop
  endfacet
  facet normal 0.923226 -0.384256 0
    outer loop
      vertex 23.6163 0.515671 -1.4
      vertex 23.6049 0.488281 -1.05
      vertex 23.6049 0.488281 -1.4
    endloop
  endfacet
  facet normal 0.832093 -0.554637 0
    outer loop
      vertex 23.5888 0.464127 -1.05
      vertex 23.6049 0.488281 -1.4
      vertex 23.6049 0.488281 -1.05
    endloop
  endfacet
  facet normal 0.832093 -0.554637 0
    outer loop
      vertex 23.6049 0.488281 -1.4
      vertex 23.5888 0.464127 -1.05
      vertex 23.5888 0.464127 -1.4
    endloop
  endfacet
  facet normal 0.725218 -0.688519 0
    outer loop
      vertex 23.5682 0.442429 -1.05
      vertex 23.5888 0.464127 -1.4
      vertex 23.5888 0.464127 -1.05
    endloop
  endfacet
  facet normal 0.725218 -0.688519 0
    outer loop
      vertex 23.5888 0.464127 -1.4
      vertex 23.5682 0.442429 -1.05
      vertex 23.5682 0.442429 -1.4
    endloop
  endfacet
  facet normal 0.625076 -0.780564 0
    outer loop
      vertex 23.5432 0.422409 -1.4
      vertex 23.5682 0.442429 -1.05
      vertex 23.5432 0.422409 -1.05
    endloop
  endfacet
  facet normal 0.625076 -0.780564 0
    outer loop
      vertex 23.5682 0.442429 -1.05
      vertex 23.5432 0.422409 -1.4
      vertex 23.5682 0.442429 -1.4
    endloop
  endfacet
  facet normal 0.528649 -0.848841 0
    outer loop
      vertex 23.5138 0.404099 -1.4
      vertex 23.5432 0.422409 -1.05
      vertex 23.5138 0.404099 -1.05
    endloop
  endfacet
  facet normal 0.528649 -0.848841 0
    outer loop
      vertex 23.5432 0.422409 -1.05
      vertex 23.5138 0.404099 -1.4
      vertex 23.5432 0.422409 -1.4
    endloop
  endfacet
  facet normal 0.440485 -0.89776 0
    outer loop
      vertex 23.4799 0.387466 -1.4
      vertex 23.5138 0.404099 -1.05
      vertex 23.4799 0.387466 -1.05
    endloop
  endfacet
  facet normal 0.440485 -0.89776 0
    outer loop
      vertex 23.5138 0.404099 -1.05
      vertex 23.4799 0.387466 -1.4
      vertex 23.5138 0.404099 -1.4
    endloop
  endfacet
  facet normal 0.347701 -0.937606 0
    outer loop
      vertex 23.4346 0.370667 -1.4
      vertex 23.4799 0.387466 -1.05
      vertex 23.4346 0.370667 -1.05
    endloop
  endfacet
  facet normal 0.347701 -0.937606 0
    outer loop
      vertex 23.4799 0.387466 -1.05
      vertex 23.4346 0.370667 -1.4
      vertex 23.4799 0.387466 -1.4
    endloop
  endfacet
  facet normal 0.282234 -0.959346 0
    outer loop
      vertex 23.3707 0.351868 -1.4
      vertex 23.4346 0.370667 -1.05
      vertex 23.3707 0.351868 -1.05
    endloop
  endfacet
  facet normal 0.282234 -0.959346 0
    outer loop
      vertex 23.4346 0.370667 -1.05
      vertex 23.3707 0.351868 -1.4
      vertex 23.4346 0.370667 -1.4
    endloop
  endfacet
  facet normal 0.245173 -0.969479 0
    outer loop
      vertex 23.2884 0.331055 -1.4
      vertex 23.3707 0.351868 -1.05
      vertex 23.2884 0.331055 -1.05
    endloop
  endfacet
  facet normal 0.245173 -0.969479 0
    outer loop
      vertex 23.3707 0.351868 -1.05
      vertex 23.2884 0.331055 -1.4
      vertex 23.3707 0.351868 -1.4
    endloop
  endfacet
  facet normal 0.220658 -0.975351 0
    outer loop
      vertex 23.1875 0.308228 -1.4
      vertex 23.2884 0.331055 -1.05
      vertex 23.1875 0.308228 -1.05
    endloop
  endfacet
  facet normal 0.220658 -0.975351 0
    outer loop
      vertex 23.2884 0.331055 -1.05
      vertex 23.1875 0.308228 -1.4
      vertex 23.2884 0.331055 -1.4
    endloop
  endfacet
  facet normal 0.218277 -0.975887 0
    outer loop
      vertex 23.066 0.281052 -1.4
      vertex 23.1875 0.308228 -1.05
      vertex 23.066 0.281052 -1.05
    endloop
  endfacet
  facet normal 0.218277 -0.975887 0
    outer loop
      vertex 23.1875 0.308228 -1.05
      vertex 23.066 0.281052 -1.4
      vertex 23.1875 0.308228 -1.4
    endloop
  endfacet
  facet normal 0.246204 -0.969218 0
    outer loop
      vertex 22.9631 0.254913 -1.4
      vertex 23.066 0.281052 -1.05
      vertex 22.9631 0.254913 -1.05
    endloop
  endfacet
  facet normal 0.246204 -0.969218 0
    outer loop
      vertex 23.066 0.281052 -1.05
      vertex 22.9631 0.254913 -1.4
      vertex 23.066 0.281052 -1.4
    endloop
  endfacet
  facet normal 0.285052 -0.958512 0
    outer loop
      vertex 22.8788 0.229843 -1.4
      vertex 22.9631 0.254913 -1.05
      vertex 22.8788 0.229843 -1.05
    endloop
  endfacet
  facet normal 0.285052 -0.958512 0
    outer loop
      vertex 22.9631 0.254913 -1.05
      vertex 22.8788 0.229843 -1.4
      vertex 22.9631 0.254913 -1.4
    endloop
  endfacet
  facet normal 0.344187 -0.938901 0
    outer loop
      vertex 22.8132 0.205795 -1.4
      vertex 22.8788 0.229843 -1.05
      vertex 22.8132 0.205795 -1.05
    endloop
  endfacet
  facet normal 0.344187 -0.938901 0
    outer loop
      vertex 22.8788 0.229843 -1.05
      vertex 22.8132 0.205795 -1.4
      vertex 22.8788 0.229843 -1.4
    endloop
  endfacet
  facet normal 0.416011 -0.90936 0
    outer loop
      vertex 22.7597 0.18132 -1.4
      vertex 22.8132 0.205795 -1.05
      vertex 22.7597 0.18132 -1.05
    endloop
  endfacet
  facet normal 0.416011 -0.90936 0
    outer loop
      vertex 22.8132 0.205795 -1.05
      vertex 22.7597 0.18132 -1.4
      vertex 22.8132 0.205795 -1.4
    endloop
  endfacet
  facet normal 0.485982 -0.873969 0
    outer loop
      vertex 22.7122 0.154907 -1.4
      vertex 22.7597 0.18132 -1.05
      vertex 22.7122 0.154907 -1.05
    endloop
  endfacet
  facet normal 0.485982 -0.873969 0
    outer loop
      vertex 22.7597 0.18132 -1.05
      vertex 22.7122 0.154907 -1.4
      vertex 22.7597 0.18132 -1.4
    endloop
  endfacet
  facet normal 0.562242 -0.826973 0
    outer loop
      vertex 22.6705 0.126556 -1.4
      vertex 22.7122 0.154907 -1.05
      vertex 22.6705 0.126556 -1.05
    endloop
  endfacet
  facet normal 0.562242 -0.826973 0
    outer loop
      vertex 22.7122 0.154907 -1.05
      vertex 22.6705 0.126556 -1.4
      vertex 22.7122 0.154907 -1.4
    endloop
  endfacet
  facet normal 0.645702 -0.763589 0
    outer loop
      vertex 22.6347 0.096283 -1.4
      vertex 22.6705 0.126556 -1.05
      vertex 22.6347 0.096283 -1.05
    endloop
  endfacet
  facet normal 0.645702 -0.763589 0
    outer loop
      vertex 22.6705 0.126556 -1.05
      vertex 22.6347 0.096283 -1.4
      vertex 22.6705 0.126556 -1.4
    endloop
  endfacet
  facet normal 0.727623 -0.685978 0
    outer loop
      vertex 22.6038 0.0635071 -1.05
      vertex 22.6347 0.096283 -1.4
      vertex 22.6347 0.096283 -1.05
    endloop
  endfacet
  facet normal 0.727623 -0.685978 0
    outer loop
      vertex 22.6347 0.096283 -1.4
      vertex 22.6038 0.0635071 -1.05
      vertex 22.6038 0.0635071 -1.4
    endloop
  endfacet
  facet normal 0.797667 -0.603098 0
    outer loop
      vertex 22.5767 0.0276642 -1.05
      vertex 22.6038 0.0635071 -1.4
      vertex 22.6038 0.0635071 -1.05
    endloop
  endfacet
  facet normal 0.797667 -0.603098 0
    outer loop
      vertex 22.6038 0.0635071 -1.4
      vertex 22.5767 0.0276642 -1.05
      vertex 22.5767 0.0276642 -1.4
    endloop
  endfacet
  facet normal 0.858734 -0.512421 0
    outer loop
      vertex 22.5535 -0.0112152 -1.05
      vertex 22.5767 0.0276642 -1.4
      vertex 22.5767 0.0276642 -1.05
    endloop
  endfacet
  facet normal 0.858734 -0.512421 0
    outer loop
      vertex 22.5767 0.0276642 -1.4
      vertex 22.5535 -0.0112152 -1.05
      vertex 22.5535 -0.0112152 -1.4
    endloop
  endfacet
  facet normal 0.90851 -0.417863 0
    outer loop
      vertex 22.5342 -0.0531769 -1.05
      vertex 22.5535 -0.0112152 -1.4
      vertex 22.5535 -0.0112152 -1.05
    endloop
  endfacet
  facet normal 0.90851 -0.417863 0
    outer loop
      vertex 22.5535 -0.0112152 -1.4
      vertex 22.5342 -0.0531769 -1.05
      vertex 22.5342 -0.0531769 -1.4
    endloop
  endfacet
  facet normal 0.947703 -0.319152 0
    outer loop
      vertex 22.519 -0.0983124 -1.05
      vertex 22.5342 -0.0531769 -1.4
      vertex 22.5342 -0.0531769 -1.05
    endloop
  endfacet
  facet normal 0.947703 -0.319152 0
    outer loop
      vertex 22.5342 -0.0531769 -1.4
      vertex 22.519 -0.0983124 -1.05
      vertex 22.519 -0.0983124 -1.4
    endloop
  endfacet
  facet normal 0.975597 -0.219568 0
    outer loop
      vertex 22.5081 -0.146744 -1.05
      vertex 22.519 -0.0983124 -1.4
      vertex 22.519 -0.0983124 -1.05
    endloop
  endfacet
  facet normal 0.975597 -0.219568 0
    outer loop
      vertex 22.519 -0.0983124 -1.4
      vertex 22.5081 -0.146744 -1.05
      vertex 22.5081 -0.146744 -1.4
    endloop
  endfacet
  facet normal 0.992197 -0.124679 0
    outer loop
      vertex 22.5016 -0.198471 -1.05
      vertex 22.5081 -0.146744 -1.4
      vertex 22.5081 -0.146744 -1.05
    endloop
  endfacet
  facet normal 0.992197 -0.124679 0
    outer loop
      vertex 22.5081 -0.146744 -1.4
      vertex 22.5016 -0.198471 -1.05
      vertex 22.5016 -0.198471 -1.4
    endloop
  endfacet
  facet normal 0.999202 -0.0399398 0
    outer loop
      vertex 22.4994 -0.25351 -1.05
      vertex 22.5016 -0.198471 -1.4
      vertex 22.5016 -0.198471 -1.05
    endloop
  endfacet
  facet normal 0.999202 -0.0399398 0
    outer loop
      vertex 22.5016 -0.198471 -1.4
      vertex 22.4994 -0.25351 -1.05
      vertex 22.4994 -0.25351 -1.4
    endloop
  endfacet
  facet normal 0.995154 0.0983237 0
    outer loop
      vertex 22.5118 -0.379013 -1.05
      vertex 22.4994 -0.25351 -1.4
      vertex 22.4994 -0.25351 -1.05
    endloop
  endfacet
  facet normal 0.995154 0.0983237 0
    outer loop
      vertex 22.4994 -0.25351 -1.4
      vertex 22.5118 -0.379013 -1.05
      vertex 22.5118 -0.379013 -1.4
    endloop
  endfacet
  facet normal 0.947383 0.320103 0
    outer loop
      vertex 22.5489 -0.488815 -1.05
      vertex 22.5118 -0.379013 -1.4
      vertex 22.5118 -0.379013 -1.05
    endloop
  endfacet
  facet normal 0.947383 0.320103 0
    outer loop
      vertex 22.5118 -0.379013 -1.4
      vertex 22.5489 -0.488815 -1.05
      vertex 22.5489 -0.488815 -1.4
    endloop
  endfacet
  facet normal 0.83586 0.548943 0
    outer loop
      vertex 22.6107 -0.582916 -1.05
      vertex 22.5489 -0.488815 -1.4
      vertex 22.5489 -0.488815 -1.05
    endloop
  endfacet
  facet normal 0.83586 0.548943 0
    outer loop
      vertex 22.5489 -0.488815 -1.4
      vertex 22.6107 -0.582916 -1.05
      vertex 22.6107 -0.582916 -1.4
    endloop
  endfacet
  facet normal 0.671493 0.741011 -0
    outer loop
      vertex 22.6972 -0.661301 -1.4
      vertex 22.6107 -0.582916 -1.05
      vertex 22.6972 -0.661301 -1.05
    endloop
  endfacet
  facet normal 0.671493 0.741011 0
    outer loop
      vertex 22.6107 -0.582916 -1.05
      vertex 22.6972 -0.661301 -1.4
      vertex 22.6107 -0.582916 -1.4
    endloop
  endfacet
  facet normal 0.487647 0.873041 -0
    outer loop
      vertex 22.8077 -0.723022 -1.4
      vertex 22.6972 -0.661301 -1.05
      vertex 22.8077 -0.723022 -1.05
    endloop
  endfacet
  facet normal 0.487647 0.873041 0
    outer loop
      vertex 22.6972 -0.661301 -1.05
      vertex 22.8077 -0.723022 -1.4
      vertex 22.6972 -0.661301 -1.4
    endloop
  endfacet
  facet normal 0.313557 0.949569 -0
    outer loop
      vertex 22.9412 -0.767105 -1.4
      vertex 22.8077 -0.723022 -1.05
      vertex 22.9412 -0.767105 -1.05
    endloop
  endfacet
  facet normal 0.313557 0.949569 0
    outer loop
      vertex 22.8077 -0.723022 -1.05
      vertex 22.9412 -0.767105 -1.4
      vertex 22.8077 -0.723022 -1.4
    endloop
  endfacet
  facet normal 0.166495 0.986042 -0
    outer loop
      vertex 23.0979 -0.793564 -1.4
      vertex 22.9412 -0.767105 -1.05
      vertex 23.0979 -0.793564 -1.05
    endloop
  endfacet
  facet normal 0.166495 0.986042 0
    outer loop
      vertex 22.9412 -0.767105 -1.05
      vertex 23.0979 -0.793564 -1.4
      vertex 22.9412 -0.767105 -1.4
    endloop
  endfacet
  facet normal 0.04899 0.998799 -0
    outer loop
      vertex 23.2777 -0.802383 -1.4
      vertex 23.0979 -0.793564 -1.05
      vertex 23.2777 -0.802383 -1.05
    endloop
  endfacet
  facet normal 0.04899 0.998799 0
    outer loop
      vertex 23.0979 -0.793564 -1.05
      vertex 23.2777 -0.802383 -1.4
      vertex 23.0979 -0.793564 -1.4
    endloop
  endfacet
  facet normal -0.0468051 0.998904 0
    outer loop
      vertex 23.4428 -0.794647 -1.4
      vertex 23.2777 -0.802383 -1.05
      vertex 23.4428 -0.794647 -1.05
    endloop
  endfacet
  facet normal -0.0468051 0.998904 0
    outer loop
      vertex 23.2777 -0.802383 -1.05
      vertex 23.4428 -0.794647 -1.4
      vertex 23.2777 -0.802383 -1.4
    endloop
  endfacet
  facet normal -0.892736 -0.45058 0
    outer loop
      vertex 19.0517 -0.525375 -1.4
      vertex 19.0126 -0.447906 -1.05
      vertex 19.0126 -0.447906 -1.4
    endloop
  endfacet
  facet normal -0.892736 -0.45058 0
    outer loop
      vertex 19.0126 -0.447906 -1.05
      vertex 19.0517 -0.525375 -1.4
      vertex 19.0517 -0.525375 -1.05
    endloop
  endfacet
  facet normal -0.853551 -0.521009 0
    outer loop
      vertex 19.0126 -0.447906 -1.4
      vertex 18.9659 -0.371399 -1.05
      vertex 18.9659 -0.371399 -1.4
    endloop
  endfacet
  facet normal -0.853551 -0.521009 0
    outer loop
      vertex 18.9659 -0.371399 -1.05
      vertex 19.0126 -0.447906 -1.4
      vertex 19.0126 -0.447906 -1.05
    endloop
  endfacet
  facet normal -0.812463 -0.583012 0
    outer loop
      vertex 18.9659 -0.371399 -1.4
      vertex 18.9117 -0.295868 -1.05
      vertex 18.9117 -0.295868 -1.4
    endloop
  endfacet
  facet normal -0.812463 -0.583012 0
    outer loop
      vertex 18.9117 -0.295868 -1.05
      vertex 18.9659 -0.371399 -1.4
      vertex 18.9659 -0.371399 -1.05
    endloop
  endfacet
  facet normal -0.770968 -0.636873 0
    outer loop
      vertex 18.9117 -0.295868 -1.4
      vertex 18.8501 -0.221298 -1.05
      vertex 18.8501 -0.221298 -1.4
    endloop
  endfacet
  facet normal -0.770968 -0.636873 0
    outer loop
      vertex 18.8501 -0.221298 -1.05
      vertex 18.9117 -0.295868 -1.4
      vertex 18.9117 -0.295868 -1.05
    endloop
  endfacet
  facet normal -0.732504 -0.680762 0
    outer loop
      vertex 18.8501 -0.221298 -1.4
      vertex 18.7805 -0.146408 -1.05
      vertex 18.7805 -0.146408 -1.4
    endloop
  endfacet
  facet normal -0.732504 -0.680762 0
    outer loop
      vertex 18.7805 -0.146408 -1.05
      vertex 18.8501 -0.221298 -1.4
      vertex 18.8501 -0.221298 -1.05
    endloop
  endfacet
  facet normal -0.699786 -0.714352 0
    outer loop
      vertex 18.7024 -0.0699005 -1.4
      vertex 18.7805 -0.146408 -1.05
      vertex 18.7024 -0.0699005 -1.05
    endloop
  endfacet
  facet normal -0.699786 -0.714352 -0
    outer loop
      vertex 18.7805 -0.146408 -1.05
      vertex 18.7024 -0.0699005 -1.4
      vertex 18.7805 -0.146408 -1.4
    endloop
  endfacet
  facet normal -0.670123 -0.74225 0
    outer loop
      vertex 18.6159 0.00819397 -1.4
      vertex 18.7024 -0.0699005 -1.05
      vertex 18.6159 0.00819397 -1.05
    endloop
  endfacet
  facet normal -0.670123 -0.74225 -0
    outer loop
      vertex 18.7024 -0.0699005 -1.05
      vertex 18.6159 0.00819397 -1.4
      vertex 18.7024 -0.0699005 -1.4
    endloop
  endfacet
  facet normal -0.642776 -0.766055 0
    outer loop
      vertex 18.5209 0.0879059 -1.4
      vertex 18.6159 0.00819397 -1.05
      vertex 18.5209 0.0879059 -1.05
    endloop
  endfacet
  facet normal -0.642776 -0.766055 -0
    outer loop
      vertex 18.6159 0.00819397 -1.05
      vertex 18.5209 0.0879059 -1.4
      vertex 18.6159 0.00819397 -1.4
    endloop
  endfacet
  facet normal -0.642382 -0.766384 0
    outer loop
      vertex 18.4327 0.161835 -1.4
      vertex 18.5209 0.0879059 -1.05
      vertex 18.4327 0.161835 -1.05
    endloop
  endfacet
  facet normal -0.642382 -0.766384 -0
    outer loop
      vertex 18.5209 0.0879059 -1.05
      vertex 18.4327 0.161835 -1.4
      vertex 18.5209 0.0879059 -1.4
    endloop
  endfacet
  facet normal -0.672022 -0.740531 0
    outer loop
      vertex 18.3587 0.228989 -1.4
      vertex 18.4327 0.161835 -1.05
      vertex 18.3587 0.228989 -1.05
    endloop
  endfacet
  facet normal -0.672022 -0.740531 -0
    outer loop
      vertex 18.4327 0.161835 -1.05
      vertex 18.3587 0.228989 -1.4
      vertex 18.4327 0.161835 -1.4
    endloop
  endfacet
  facet normal -0.711181 -0.703009 0
    outer loop
      vertex 18.3587 0.228989 -1.4
      vertex 18.299 0.289383 -1.05
      vertex 18.299 0.289383 -1.4
    endloop
  endfacet
  facet normal -0.711181 -0.703009 0
    outer loop
      vertex 18.299 0.289383 -1.05
      vertex 18.3587 0.228989 -1.4
      vertex 18.3587 0.228989 -1.05
    endloop
  endfacet
  facet normal -0.76327 -0.646079 0
    outer loop
      vertex 18.299 0.289383 -1.4
      vertex 18.2536 0.343018 -1.05
      vertex 18.2536 0.343018 -1.4
    endloop
  endfacet
  facet normal -0.76327 -0.646079 0
    outer loop
      vertex 18.2536 0.343018 -1.05
      vertex 18.299 0.289383 -1.4
      vertex 18.299 0.289383 -1.05
    endloop
  endfacet
  facet normal -0.830017 -0.557738 0
    outer loop
      vertex 18.2536 0.343018 -1.4
      vertex 18.22 0.393021 -1.05
      vertex 18.22 0.393021 -1.4
    endloop
  endfacet
  facet normal -0.830017 -0.557738 0
    outer loop
      vertex 18.22 0.393021 -1.05
      vertex 18.2536 0.343018 -1.4
      vertex 18.2536 0.343018 -1.05
    endloop
  endfacet
  facet normal -0.90063 -0.434586 0
    outer loop
      vertex 18.22 0.393021 -1.4
      vertex 18.1961 0.442551 -1.05
      vertex 18.1961 0.442551 -1.4
    endloop
  endfacet
  facet normal -0.90063 -0.434586 0
    outer loop
      vertex 18.1961 0.442551 -1.05
      vertex 18.22 0.393021 -1.4
      vertex 18.22 0.393021 -1.05
    endloop
  endfacet
  facet normal -0.959492 -0.281737 0
    outer loop
      vertex 18.1961 0.442551 -1.4
      vertex 18.1817 0.491592 -1.05
      vertex 18.1817 0.491592 -1.4
    endloop
  endfacet
  facet normal -0.959492 -0.281737 0
    outer loop
      vertex 18.1817 0.491592 -1.05
      vertex 18.1961 0.442551 -1.4
      vertex 18.1961 0.442551 -1.05
    endloop
  endfacet
  facet normal -0.995149 -0.0983794 0
    outer loop
      vertex 18.1817 0.491592 -1.4
      vertex 18.1769 0.540146 -1.05
      vertex 18.1769 0.540146 -1.4
    endloop
  endfacet
  facet normal -0.995149 -0.0983794 0
    outer loop
      vertex 18.1769 0.540146 -1.05
      vertex 18.1817 0.491592 -1.4
      vertex 18.1817 0.491592 -1.05
    endloop
  endfacet
  facet normal -0.989837 0.142204 0
    outer loop
      vertex 18.1769 0.540146 -1.4
      vertex 18.1918 0.64386 -1.05
      vertex 18.1918 0.64386 -1.4
    endloop
  endfacet
  facet normal -0.989837 0.142204 0
    outer loop
      vertex 18.1918 0.64386 -1.05
      vertex 18.1769 0.540146 -1.4
      vertex 18.1769 0.540146 -1.05
    endloop
  endfacet
  facet normal -0.856258 0.516549 0
    outer loop
      vertex 18.1918 0.64386 -1.4
      vertex 18.2365 0.717957 -1.05
      vertex 18.2365 0.717957 -1.4
    endloop
  endfacet
  facet normal -0.856258 0.516549 0
    outer loop
      vertex 18.2365 0.717957 -1.05
      vertex 18.1918 0.64386 -1.4
      vertex 18.1918 0.64386 -1.05
    endloop
  endfacet
  facet normal -0.512358 0.858772 0
    outer loop
      vertex 18.311 0.762405 -1.4
      vertex 18.2365 0.717957 -1.05
      vertex 18.311 0.762405 -1.05
    endloop
  endfacet
  facet normal -0.512358 0.858772 0
    outer loop
      vertex 18.2365 0.717957 -1.05
      vertex 18.311 0.762405 -1.4
      vertex 18.2365 0.717957 -1.4
    endloop
  endfacet
  facet normal -0.140649 0.990059 0
    outer loop
      vertex 18.4153 0.777222 -1.4
      vertex 18.311 0.762405 -1.05
      vertex 18.4153 0.777222 -1.05
    endloop
  endfacet
  facet normal -0.140649 0.990059 0
    outer loop
      vertex 18.311 0.762405 -1.05
      vertex 18.4153 0.777222 -1.4
      vertex 18.311 0.762405 -1.4
    endloop
  endfacet
  facet normal 0.0715046 0.99744 -0
    outer loop
      vertex 18.4698 0.773315 -1.4
      vertex 18.4153 0.777222 -1.05
      vertex 18.4698 0.773315 -1.05
    endloop
  endfacet
  facet normal 0.0715046 0.99744 0
    outer loop
      vertex 18.4153 0.777222 -1.05
      vertex 18.4698 0.773315 -1.4
      vertex 18.4153 0.777222 -1.4
    endloop
  endfacet
  facet normal 0.238567 0.971126 -0
    outer loop
      vertex 18.5175 0.761597 -1.4
      vertex 18.4698 0.773315 -1.05
      vertex 18.5175 0.761597 -1.05
    endloop
  endfacet
  facet normal 0.238567 0.971126 0
    outer loop
      vertex 18.4698 0.773315 -1.05
      vertex 18.5175 0.761597 -1.4
      vertex 18.4698 0.773315 -1.4
    endloop
  endfacet
  facet normal 0.43065 0.902519 -0
    outer loop
      vertex 18.5584 0.742081 -1.4
      vertex 18.5175 0.761597 -1.05
      vertex 18.5584 0.742081 -1.05
    endloop
  endfacet
  facet normal 0.43065 0.902519 0
    outer loop
      vertex 18.5175 0.761597 -1.05
      vertex 18.5584 0.742081 -1.4
      vertex 18.5175 0.761597 -1.4
    endloop
  endfacet
  facet normal 0.626705 0.779256 -0
    outer loop
      vertex 18.5924 0.714737 -1.4
      vertex 18.5584 0.742081 -1.05
      vertex 18.5924 0.714737 -1.05
    endloop
  endfacet
  facet normal 0.626705 0.779256 0
    outer loop
      vertex 18.5584 0.742081 -1.05
      vertex 18.5924 0.714737 -1.4
      vertex 18.5584 0.742081 -1.4
    endloop
  endfacet
  facet normal 0.783306 0.621636 0
    outer loop
      vertex 18.6203 0.679581 -1.05
      vertex 18.5924 0.714737 -1.4
      vertex 18.5924 0.714737 -1.05
    endloop
  endfacet
  facet normal 0.783306 0.621636 0
    outer loop
      vertex 18.5924 0.714737 -1.4
      vertex 18.6203 0.679581 -1.05
      vertex 18.6203 0.679581 -1.4
    endloop
  endfacet
  facet normal 0.885829 0.464012 0
    outer loop
      vertex 18.6428 0.636627 -1.05
      vertex 18.6203 0.679581 -1.4
      vertex 18.6203 0.679581 -1.05
    endloop
  endfacet
  facet normal 0.885829 0.464012 0
    outer loop
      vertex 18.6203 0.679581 -1.4
      vertex 18.6428 0.636627 -1.05
      vertex 18.6428 0.636627 -1.4
    endloop
  endfacet
  facet normal 0.94771 0.319132 0
    outer loop
      vertex 18.6599 0.585846 -1.05
      vertex 18.6428 0.636627 -1.4
      vertex 18.6428 0.636627 -1.05
    endloop
  endfacet
  facet normal 0.94771 0.319132 0
    outer loop
      vertex 18.6428 0.636627 -1.4
      vertex 18.6599 0.585846 -1.05
      vertex 18.6599 0.585846 -1.4
    endloop
  endfacet
  facet normal 0.980309 0.197471 0
    outer loop
      vertex 18.6717 0.527267 -1.05
      vertex 18.6599 0.585846 -1.4
      vertex 18.6599 0.585846 -1.05
    endloop
  endfacet
  facet normal 0.980309 0.197471 0
    outer loop
      vertex 18.6599 0.585846 -1.4
      vertex 18.6717 0.527267 -1.05
      vertex 18.6717 0.527267 -1.4
    endloop
  endfacet
  facet normal -0.0564513 0.998405 0
    outer loop
      vertex 19.0363 0.547882 -1.4
      vertex 18.6717 0.527267 -1.05
      vertex 19.0363 0.547882 -1.05
    endloop
  endfacet
  facet normal -0.0564513 0.998405 0
    outer loop
      vertex 18.6717 0.527267 -1.05
      vertex 19.0363 0.547882 -1.4
      vertex 18.6717 0.527267 -1.4
    endloop
  endfacet
  facet normal -0.98114 -0.193297 0
    outer loop
      vertex 19.0363 0.547882 -1.4
      vertex 19.0129 0.666656 -1.05
      vertex 19.0129 0.666656 -1.4
    endloop
  endfacet
  facet normal -0.98114 -0.193297 0
    outer loop
      vertex 19.0129 0.666656 -1.05
      vertex 19.0363 0.547882 -1.4
      vertex 19.0363 0.547882 -1.05
    endloop
  endfacet
  facet normal -0.93522 -0.354066 0
    outer loop
      vertex 19.0129 0.666656 -1.4
      vertex 18.9736 0.770462 -1.05
      vertex 18.9736 0.770462 -1.4
    endloop
  endfacet
  facet normal -0.93522 -0.354066 0
    outer loop
      vertex 18.9736 0.770462 -1.05
      vertex 19.0129 0.666656 -1.4
      vertex 19.0129 0.666656 -1.05
    endloop
  endfacet
  facet normal -0.84977 -0.527154 0
    outer loop
      vertex 18.9736 0.770462 -1.4
      vertex 18.9185 0.859283 -1.05
      vertex 18.9185 0.859283 -1.4
    endloop
  endfacet
  facet normal -0.84977 -0.527154 0
    outer loop
      vertex 18.9185 0.859283 -1.05
      vertex 18.9736 0.770462 -1.4
      vertex 18.9736 0.770462 -1.05
    endloop
  endfacet
  facet normal -0.720824 -0.693118 0
    outer loop
      vertex 18.9185 0.859283 -1.4
      vertex 18.8475 0.933121 -1.05
      vertex 18.8475 0.933121 -1.4
    endloop
  endfacet
  facet normal -0.720824 -0.693118 0
    outer loop
      vertex 18.8475 0.933121 -1.05
      vertex 18.9185 0.859283 -1.4
      vertex 18.9185 0.859283 -1.05
    endloop
  endfacet
  facet normal -0.559532 -0.828808 0
    outer loop
      vertex 18.7615 0.99118 -1.4
      vertex 18.8475 0.933121 -1.05
      vertex 18.7615 0.99118 -1.05
    endloop
  endfacet
  facet normal -0.559532 -0.828808 -0
    outer loop
      vertex 18.8475 0.933121 -1.05
      vertex 18.7615 0.99118 -1.4
      vertex 18.8475 0.933121 -1.4
    endloop
  endfacet
  facet normal -0.382089 -0.924126 0
    outer loop
      vertex 18.6612 1.03265 -1.4
      vertex 18.7615 0.99118 -1.05
      vertex 18.6612 1.03265 -1.05
    endloop
  endfacet
  facet normal -0.382089 -0.924126 -0
    outer loop
      vertex 18.7615 0.99118 -1.05
      vertex 18.6612 1.03265 -1.4
      vertex 18.7615 0.99118 -1.4
    endloop
  endfacet
  facet normal -0.212242 -0.977217 0
    outer loop
      vertex 18.5466 1.05754 -1.4
      vertex 18.6612 1.03265 -1.05
      vertex 18.5466 1.05754 -1.05
    endloop
  endfacet
  facet normal -0.212242 -0.977217 -0
    outer loop
      vertex 18.6612 1.03265 -1.05
      vertex 18.5466 1.05754 -1.4
      vertex 18.6612 1.03265 -1.4
    endloop
  endfacet
  facet normal -0.0643076 -0.99793 0
    outer loop
      vertex 18.4178 1.06584 -1.4
      vertex 18.5466 1.05754 -1.05
      vertex 18.4178 1.06584 -1.05
    endloop
  endfacet
  facet normal -0.0643076 -0.99793 -0
    outer loop
      vertex 18.5466 1.05754 -1.05
      vertex 18.4178 1.06584 -1.4
      vertex 18.5466 1.05754 -1.4
    endloop
  endfacet
  facet normal 0.060482 -0.998169 0
    outer loop
      vertex 18.2795 1.05746 -1.4
      vertex 18.4178 1.06584 -1.05
      vertex 18.2795 1.05746 -1.05
    endloop
  endfacet
  facet normal 0.060482 -0.998169 0
    outer loop
      vertex 18.4178 1.06584 -1.05
      vertex 18.2795 1.05746 -1.4
      vertex 18.4178 1.06584 -1.4
    endloop
  endfacet
  facet normal 0.202865 -0.979207 0
    outer loop
      vertex 18.1582 1.03233 -1.4
      vertex 18.2795 1.05746 -1.05
      vertex 18.1582 1.03233 -1.05
    endloop
  endfacet
  facet normal 0.202865 -0.979207 0
    outer loop
      vertex 18.2795 1.05746 -1.05
      vertex 18.1582 1.03233 -1.4
      vertex 18.2795 1.05746 -1.4
    endloop
  endfacet
  facet normal 0.372826 -0.927901 0
    outer loop
      vertex 18.054 0.990463 -1.4
      vertex 18.1582 1.03233 -1.05
      vertex 18.054 0.990463 -1.05
    endloop
  endfacet
  facet normal 0.372826 -0.927901 0
    outer loop
      vertex 18.1582 1.03233 -1.05
      vertex 18.054 0.990463 -1.4
      vertex 18.1582 1.03233 -1.4
    endloop
  endfacet
  facet normal 0.558468 -0.829526 0
    outer loop
      vertex 17.9669 0.931824 -1.4
      vertex 18.054 0.990463 -1.05
      vertex 17.9669 0.931824 -1.05
    endloop
  endfacet
  facet normal 0.558468 -0.829526 0
    outer loop
      vertex 18.054 0.990463 -1.05
      vertex 17.9669 0.931824 -1.4
      vertex 18.054 0.990463 -1.4
    endloop
  endfacet
  facet normal 0.731271 -0.682087 0
    outer loop
      vertex 17.8981 0.858063 -1.05
      vertex 17.9669 0.931824 -1.4
      vertex 17.9669 0.931824 -1.05
    endloop
  endfacet
  facet normal 0.731271 -0.682087 0
    outer loop
      vertex 17.9669 0.931824 -1.4
      vertex 17.8981 0.858063 -1.05
      vertex 17.8981 0.858063 -1.4
    endloop
  endfacet
  facet normal 0.871557 -0.490295 0
    outer loop
      vertex 17.849 0.770782 -1.05
      vertex 17.8981 0.858063 -1.4
      vertex 17.8981 0.858063 -1.05
    endloop
  endfacet
  facet normal 0.871557 -0.490295 0
    outer loop
      vertex 17.8981 0.858063 -1.4
      vertex 17.849 0.770782 -1.05
      vertex 17.849 0.770782 -1.4
    endloop
  endfacet
  facet normal 0.959766 -0.2808 0
    outer loop
      vertex 17.8195 0.669952 -1.05
      vertex 17.849 0.770782 -1.4
      vertex 17.849 0.770782 -1.05
    endloop
  endfacet
  facet normal 0.959766 -0.2808 0
    outer loop
      vertex 17.849 0.770782 -1.4
      vertex 17.8195 0.669952 -1.05
      vertex 17.8195 0.669952 -1.4
    endloop
  endfacet
  facet normal 0.996348 -0.0853895 0
    outer loop
      vertex 17.8097 0.555603 -1.05
      vertex 17.8195 0.669952 -1.4
      vertex 17.8195 0.669952 -1.05
    endloop
  endfacet
  facet normal 0.996348 -0.0853895 0
    outer loop
      vertex 17.8195 0.669952 -1.4
      vertex 17.8097 0.555603 -1.05
      vertex 17.8097 0.555603 -1.4
    endloop
  endfacet
  facet normal 0.998762 0.0497447 0
    outer loop
      vertex 17.8128 0.493362 -1.05
      vertex 17.8097 0.555603 -1.4
      vertex 17.8097 0.555603 -1.05
    endloop
  endfacet
  facet normal 0.998762 0.0497447 0
    outer loop
      vertex 17.8097 0.555603 -1.4
      vertex 17.8128 0.493362 -1.05
      vertex 17.8128 0.493362 -1.4
    endloop
  endfacet
  facet normal 0.987363 0.158477 0
    outer loop
      vertex 17.8223 0.434174 -1.05
      vertex 17.8128 0.493362 -1.4
      vertex 17.8128 0.493362 -1.05
    endloop
  endfacet
  facet normal 0.987363 0.158477 0
    outer loop
      vertex 17.8128 0.493362 -1.4
      vertex 17.8223 0.434174 -1.05
      vertex 17.8223 0.434174 -1.4
    endloop
  endfacet
  facet normal 0.963027 0.269405 0
    outer loop
      vertex 17.838 0.378052 -1.05
      vertex 17.8223 0.434174 -1.4
      vertex 17.8223 0.434174 -1.05
    endloop
  endfacet
  facet normal 0.963027 0.269405 0
    outer loop
      vertex 17.8223 0.434174 -1.4
      vertex 17.838 0.378052 -1.05
      vertex 17.838 0.378052 -1.4
    endloop
  endfacet
  facet normal 0.924386 0.381459 0
    outer loop
      vertex 17.8599 0.324982 -1.05
      vertex 17.838 0.378052 -1.4
      vertex 17.838 0.378052 -1.05
    endloop
  endfacet
  facet normal 0.924386 0.381459 0
    outer loop
      vertex 17.838 0.378052 -1.4
      vertex 17.8599 0.324982 -1.05
      vertex 17.8599 0.324982 -1.4
    endloop
  endfacet
  facet normal 0.88268 0.469975 0
    outer loop
      vertex 17.8868 0.27446 -1.05
      vertex 17.8599 0.324982 -1.4
      vertex 17.8599 0.324982 -1.05
    endloop
  endfacet
  facet normal 0.88268 0.469975 0
    outer loop
      vertex 17.8599 0.324982 -1.4
      vertex 17.8868 0.27446 -1.05
      vertex 17.8868 0.27446 -1.4
    endloop
  endfacet
  facet normal 0.846638 0.532169 0
    outer loop
      vertex 17.9173 0.225937 -1.05
      vertex 17.8868 0.27446 -1.4
      vertex 17.8868 0.27446 -1.05
    endloop
  endfacet
  facet normal 0.846638 0.532169 0
    outer loop
      vertex 17.8868 0.27446 -1.4
      vertex 17.9173 0.225937 -1.05
      vertex 17.9173 0.225937 -1.4
    endloop
  endfacet
  facet normal 0.807286 0.59016 0
    outer loop
      vertex 17.9513 0.179428 -1.05
      vertex 17.9173 0.225937 -1.4
      vertex 17.9173 0.225937 -1.05
    endloop
  endfacet
  facet normal 0.807286 0.59016 0
    outer loop
      vertex 17.9173 0.225937 -1.4
      vertex 17.9513 0.179428 -1.05
      vertex 17.9513 0.179428 -1.4
    endloop
  endfacet
  facet normal 0.764653 0.644443 0
    outer loop
      vertex 17.9888 0.134933 -1.05
      vertex 17.9513 0.179428 -1.4
      vertex 17.9513 0.179428 -1.05
    endloop
  endfacet
  facet normal 0.764653 0.644443 0
    outer loop
      vertex 17.9513 0.179428 -1.4
      vertex 17.9888 0.134933 -1.05
      vertex 17.9888 0.134933 -1.4
    endloop
  endfacet
  facet normal 0.727205 0.686421 0
    outer loop
      vertex 18.0292 0.0921326 -1.05
      vertex 17.9888 0.134933 -1.4
      vertex 17.9888 0.134933 -1.05
    endloop
  endfacet
  facet normal 0.727205 0.686421 0
    outer loop
      vertex 17.9888 0.134933 -1.4
      vertex 18.0292 0.0921326 -1.05
      vertex 18.0292 0.0921326 -1.4
    endloop
  endfacet
  facet normal 0.698015 0.716084 -0
    outer loop
      vertex 18.0717 0.050705 -1.4
      vertex 18.0292 0.0921326 -1.05
      vertex 18.0717 0.050705 -1.05
    endloop
  endfacet
  facet normal 0.698015 0.716084 0
    outer loop
      vertex 18.0292 0.0921326 -1.05
      vertex 18.0717 0.050705 -1.4
      vertex 18.0292 0.0921326 -1.4
    endloop
  endfacet
  facet normal 0.66666 0.745362 -0
    outer loop
      vertex 18.1165 0.0106354 -1.4
      vertex 18.0717 0.050705 -1.05
      vertex 18.1165 0.0106354 -1.05
    endloop
  endfacet
  facet normal 0.66666 0.745362 0
    outer loop
      vertex 18.0717 0.050705 -1.05
      vertex 18.1165 0.0106354 -1.4
      vertex 18.0717 0.050705 -1.4
    endloop
  endfacet
  facet normal 0.636122 0.771589 -0
    outer loop
      vertex 18.1634 -0.0280304 -1.4
      vertex 18.1165 0.0106354 -1.05
      vertex 18.1634 -0.0280304 -1.05
    endloop
  endfacet
  facet normal 0.636122 0.771589 0
    outer loop
      vertex 18.1165 0.0106354 -1.05
      vertex 18.1634 -0.0280304 -1.4
      vertex 18.1165 0.0106354 -1.4
    endloop
  endfacet
  facet normal 0.621688 0.783265 -0
    outer loop
      vertex 18.211 -0.0658112 -1.4
      vertex 18.1634 -0.0280304 -1.05
      vertex 18.211 -0.0658112 -1.05
    endloop
  endfacet
  facet normal 0.621688 0.783265 0
    outer loop
      vertex 18.1634 -0.0280304 -1.05
      vertex 18.211 -0.0658112 -1.4
      vertex 18.1634 -0.0280304 -1.4
    endloop
  endfacet
  facet normal 0.622217 0.782845 -0
    outer loop
      vertex 18.2579 -0.103088 -1.4
      vertex 18.211 -0.0658112 -1.05
      vertex 18.2579 -0.103088 -1.05
    endloop
  endfacet
  facet normal 0.622217 0.782845 0
    outer loop
      vertex 18.211 -0.0658112 -1.05
      vertex 18.2579 -0.103088 -1.4
      vertex 18.211 -0.0658112 -1.4
    endloop
  endfacet
  facet normal 0.623094 0.782147 -0
    outer loop
      vertex 18.3041 -0.139893 -1.4
      vertex 18.2579 -0.103088 -1.05
      vertex 18.3041 -0.139893 -1.05
    endloop
  endfacet
  facet normal 0.623094 0.782147 0
    outer loop
      vertex 18.2579 -0.103088 -1.05
      vertex 18.3041 -0.139893 -1.4
      vertex 18.2579 -0.103088 -1.4
    endloop
  endfacet
  facet normal 0.623972 0.781447 -0
    outer loop
      vertex 18.3496 -0.176224 -1.4
      vertex 18.3041 -0.139893 -1.05
      vertex 18.3496 -0.176224 -1.05
    endloop
  endfacet
  facet normal 0.623972 0.781447 0
    outer loop
      vertex 18.3041 -0.139893 -1.05
      vertex 18.3496 -0.176224 -1.4
      vertex 18.3041 -0.139893 -1.4
    endloop
  endfacet
  facet normal 0.634793 0.772682 -0
    outer loop
      vertex 18.3936 -0.212372 -1.4
      vertex 18.3496 -0.176224 -1.05
      vertex 18.3936 -0.212372 -1.05
    endloop
  endfacet
  facet normal 0.634793 0.772682 0
    outer loop
      vertex 18.3496 -0.176224 -1.05
      vertex 18.3936 -0.212372 -1.4
      vertex 18.3496 -0.176224 -1.4
    endloop
  endfacet
  facet normal 0.653176 0.757206 -0
    outer loop
      vertex 18.4357 -0.248688 -1.4
      vertex 18.3936 -0.212372 -1.05
      vertex 18.4357 -0.248688 -1.05
    endloop
  endfacet
  facet normal 0.653176 0.757206 0
    outer loop
      vertex 18.3936 -0.212372 -1.05
      vertex 18.4357 -0.248688 -1.4
      vertex 18.3936 -0.212372 -1.4
    endloop
  endfacet
  facet normal 0.672809 0.739817 -0
    outer loop
      vertex 18.4758 -0.285156 -1.4
      vertex 18.4357 -0.248688 -1.05
      vertex 18.4758 -0.285156 -1.05
    endloop
  endfacet
  facet normal 0.672809 0.739817 0
    outer loop
      vertex 18.4357 -0.248688 -1.05
      vertex 18.4758 -0.285156 -1.4
      vertex 18.4357 -0.248688 -1.4
    endloop
  endfacet
  facet normal 0.694078 0.7199 -0
    outer loop
      vertex 18.5138 -0.321793 -1.4
      vertex 18.4758 -0.285156 -1.05
      vertex 18.5138 -0.321793 -1.05
    endloop
  endfacet
  facet normal 0.694078 0.7199 0
    outer loop
      vertex 18.4758 -0.285156 -1.05
      vertex 18.5138 -0.321793 -1.4
      vertex 18.4758 -0.285156 -1.4
    endloop
  endfacet
  facet normal 0.732782 0.680463 0
    outer loop
      vertex 18.5485 -0.359161 -1.05
      vertex 18.5138 -0.321793 -1.4
      vertex 18.5138 -0.321793 -1.05
    endloop
  endfacet
  facet normal 0.732782 0.680463 0
    outer loop
      vertex 18.5138 -0.321793 -1.4
      vertex 18.5485 -0.359161 -1.05
      vertex 18.5485 -0.359161 -1.4
    endloop
  endfacet
  facet normal 0.790955 0.611874 0
    outer loop
      vertex 18.5784 -0.397812 -1.05
      vertex 18.5485 -0.359161 -1.4
      vertex 18.5485 -0.359161 -1.05
    endloop
  endfacet
  facet normal 0.790955 0.611874 0
    outer loop
      vertex 18.5485 -0.359161 -1.4
      vertex 18.5784 -0.397812 -1.05
      vertex 18.5784 -0.397812 -1.4
    endloop
  endfacet
  facet normal 0.845682 0.533687 0
    outer loop
      vertex 18.6036 -0.437744 -1.05
      vertex 18.5784 -0.397812 -1.4
      vertex 18.5784 -0.397812 -1.05
    endloop
  endfacet
  facet normal 0.845682 0.533687 0
    outer loop
      vertex 18.5784 -0.397812 -1.4
      vertex 18.6036 -0.437744 -1.05
      vertex 18.6036 -0.437744 -1.4
    endloop
  endfacet
  facet normal 0.896353 0.443341 0
    outer loop
      vertex 18.624 -0.478989 -1.05
      vertex 18.6036 -0.437744 -1.4
      vertex 18.6036 -0.437744 -1.05
    endloop
  endfacet
  facet normal 0.896353 0.443341 0
    outer loop
      vertex 18.6036 -0.437744 -1.4
      vertex 18.624 -0.478989 -1.05
      vertex 18.624 -0.478989 -1.4
    endloop
  endfacet
  facet normal 0 -1 0
    outer loop
      vertex 17.7813 -0.478989 -1.4
      vertex 18.624 -0.478989 -1.05
      vertex 17.7813 -0.478989 -1.05
    endloop
  endfacet
  facet normal 0 -1 -0
    outer loop
      vertex 18.624 -0.478989 -1.05
      vertex 17.7813 -0.478989 -1.4
      vertex 18.624 -0.478989 -1.4
    endloop
  endfacet
  facet normal 1 -0 0
    outer loop
      vertex 17.7813 -0.776611 -1.05
      vertex 17.7813 -0.478989 -1.4
      vertex 17.7813 -0.478989 -1.05
    endloop
  endfacet
  facet normal 1 0 0
    outer loop
      vertex 17.7813 -0.478989 -1.4
      vertex 17.7813 -0.776611 -1.05
      vertex 17.7813 -0.776611 -1.4
    endloop
  endfacet
  facet normal 0 1 -0
    outer loop
      vertex 19.0517 -0.776611 -1.4
      vertex 17.7813 -0.776611 -1.05
      vertex 19.0517 -0.776611 -1.05
    endloop
  endfacet
  facet normal 0 1 0
    outer loop
      vertex 17.7813 -0.776611 -1.05
      vertex 19.0517 -0.776611 -1.4
      vertex 17.7813 -0.776611 -1.4
    endloop
  endfacet
  facet normal -1 0 0
    outer loop
      vertex 19.0517 -0.776611 -1.4
      vertex 19.0517 -0.525375 -1.05
      vertex 19.0517 -0.525375 -1.4
    endloop
  endfacet
  facet normal -1 -0 0
    outer loop
      vertex 19.0517 -0.525375 -1.05
      vertex 19.0517 -0.776611 -1.4
      vertex 19.0517 -0.776611 -1.05
    endloop
  endfacet
  facet normal 0 1 -0
    outer loop
      vertex 20.5365 -0.406845 -1.4
      vertex 19.7106 -0.406845 -1.05
      vertex 20.5365 -0.406845 -1.05
    endloop
  endfacet
  facet normal 0 1 0
    outer loop
      vertex 19.7106 -0.406845 -1.05
      vertex 20.5365 -0.406845 -1.4
      vertex 19.7106 -0.406845 -1.4
    endloop
  endfacet
  facet normal -1 0 0
    outer loop
      vertex 20.5365 -0.406845 -1.4
      vertex 20.5365 -0.134964 -1.05
      vertex 20.5365 -0.134964 -1.4
    endloop
  endfacet
  facet normal -1 -0 0
    outer loop
      vertex 20.5365 -0.134964 -1.05
      vertex 20.5365 -0.406845 -1.4
      vertex 20.5365 -0.406845 -1.05
    endloop
  endfacet
  facet normal -0.837244 -0.546829 0
    outer loop
      vertex 20.5365 -0.134964 -1.4
      vertex 19.7699 1.03877 -1.05
      vertex 19.7699 1.03877 -1.4
    endloop
  endfacet
  facet normal -0.837244 -0.546829 0
    outer loop
      vertex 19.7699 1.03877 -1.05
      vertex 20.5365 -0.134964 -1.4
      vertex 20.5365 -0.134964 -1.05
    endloop
  endfacet
  facet normal 0 -1 0
    outer loop
      vertex 19.3653 1.03877 -1.4
      vertex 19.7699 1.03877 -1.05
      vertex 19.3653 1.03877 -1.05
    endloop
  endfacet
  facet normal 0 -1 -0
    outer loop
      vertex 19.7699 1.03877 -1.05
      vertex 19.3653 1.03877 -1.4
      vertex 19.7699 1.03877 -1.4
    endloop
  endfacet
  facet normal 1 -0 0
    outer loop
      vertex 19.3653 -0.137558 -1.05
      vertex 19.3653 1.03877 -1.4
      vertex 19.3653 1.03877 -1.05
    endloop
  endfacet
  facet normal 1 0 0
    outer loop
      vertex 19.3653 1.03877 -1.4
      vertex 19.3653 -0.137558 -1.05
      vertex 19.3653 -0.137558 -1.4
    endloop
  endfacet
  facet normal 0 -1 0
    outer loop
      vertex 19.1231 -0.137558 -1.4
      vertex 19.3653 -0.137558 -1.05
      vertex 19.1231 -0.137558 -1.05
    endloop
  endfacet
  facet normal 0 -1 -0
    outer loop
      vertex 19.3653 -0.137558 -1.05
      vertex 19.1231 -0.137558 -1.4
      vertex 19.3653 -0.137558 -1.4
    endloop
  endfacet
  facet normal 1 -0 0
    outer loop
      vertex 19.1231 -0.406845 -1.05
      vertex 19.1231 -0.137558 -1.4
      vertex 19.1231 -0.137558 -1.05
    endloop
  endfacet
  facet normal 1 0 0
    outer loop
      vertex 19.1231 -0.137558 -1.4
      vertex 19.1231 -0.406845 -1.05
      vertex 19.1231 -0.406845 -1.4
    endloop
  endfacet
  facet normal 0 1 -0
    outer loop
      vertex 19.3653 -0.406845 -1.4
      vertex 19.1231 -0.406845 -1.05
      vertex 19.3653 -0.406845 -1.05
    endloop
  endfacet
  facet normal 0 1 0
    outer loop
      vertex 19.1231 -0.406845 -1.05
      vertex 19.3653 -0.406845 -1.4
      vertex 19.1231 -0.406845 -1.4
    endloop
  endfacet
  facet normal 1 -0 0
    outer loop
      vertex 19.3653 -0.776611 -1.05
      vertex 19.3653 -0.406845 -1.4
      vertex 19.3653 -0.406845 -1.05
    endloop
  endfacet
  facet normal 1 0 0
    outer loop
      vertex 19.3653 -0.406845 -1.4
      vertex 19.3653 -0.776611 -1.05
      vertex 19.3653 -0.776611 -1.4
    endloop
  endfacet
  facet normal 0 1 -0
    outer loop
      vertex 19.7106 -0.776611 -1.4
      vertex 19.3653 -0.776611 -1.05
      vertex 19.7106 -0.776611 -1.05
    endloop
  endfacet
  facet normal 0 1 0
    outer loop
      vertex 19.3653 -0.776611 -1.05
      vertex 19.7106 -0.776611 -1.4
      vertex 19.3653 -0.776611 -1.4
    endloop
  endfacet
  facet normal -1 0 0
    outer loop
      vertex 19.7106 -0.776611 -1.4
      vertex 19.7106 -0.406845 -1.05
      vertex 19.7106 -0.406845 -1.4
    endloop
  endfacet
  facet normal -1 -0 0
    outer loop
      vertex 19.7106 -0.406845 -1.05
      vertex 19.7106 -0.776611 -1.4
      vertex 19.7106 -0.776611 -1.05
    endloop
  endfacet
  facet normal -1 0 0
    outer loop
      vertex 19.7106 -0.137558 -1.4
      vertex 19.7106 0.456406 -1.05
      vertex 19.7106 0.456406 -1.4
    endloop
  endfacet
  facet normal -1 -0 0
    outer loop
      vertex 19.7106 0.456406 -1.05
      vertex 19.7106 -0.137558 -1.4
      vertex 19.7106 -0.137558 -1.05
    endloop
  endfacet
  facet normal -0.999964 -0.00844874 0
    outer loop
      vertex 19.7106 0.456406 -1.4
      vertex 19.7103 0.491913 -1.05
      vertex 19.7103 0.491913 -1.4
    endloop
  endfacet
  facet normal -0.999964 -0.00844874 0
    outer loop
      vertex 19.7103 0.491913 -1.05
      vertex 19.7106 0.456406 -1.4
      vertex 19.7106 0.456406 -1.05
    endloop
  endfacet
  facet normal -0.999766 -0.0216417 0
    outer loop
      vertex 19.7103 0.491913 -1.4
      vertex 19.7095 0.52887 -1.05
      vertex 19.7095 0.52887 -1.4
    endloop
  endfacet
  facet normal -0.999766 -0.0216417 0
    outer loop
      vertex 19.7095 0.52887 -1.05
      vertex 19.7103 0.491913 -1.4
      vertex 19.7103 0.491913 -1.05
    endloop
  endfacet
  facet normal -0.999336 -0.0364284 0
    outer loop
      vertex 19.7095 0.52887 -1.4
      vertex 19.7081 0.567276 -1.05
      vertex 19.7081 0.567276 -1.4
    endloop
  endfacet
  facet normal -0.999336 -0.0364284 0
    outer loop
      vertex 19.7081 0.567276 -1.05
      vertex 19.7095 0.52887 -1.4
      vertex 19.7095 0.52887 -1.05
    endloop
  endfacet
  facet normal -0.998743 -0.0501176 0
    outer loop
      vertex 19.7081 0.567276 -1.4
      vertex 19.7061 0.607132 -1.05
      vertex 19.7061 0.607132 -1.4
    endloop
  endfacet
  facet normal -0.998743 -0.0501176 0
    outer loop
      vertex 19.7061 0.607132 -1.05
      vertex 19.7081 0.567276 -1.4
      vertex 19.7081 0.567276 -1.05
    endloop
  endfacet
  facet normal -0.998391 -0.0567083 0
    outer loop
      vertex 19.7061 0.607132 -1.4
      vertex 19.704 0.644104 -1.05
      vertex 19.704 0.644104 -1.4
    endloop
  endfacet
  facet normal -0.998391 -0.0567083 0
    outer loop
      vertex 19.704 0.644104 -1.05
      vertex 19.7061 0.607132 -1.4
      vertex 19.7061 0.607132 -1.05
    endloop
  endfacet
  facet normal -0.997963 -0.0637912 0
    outer loop
      vertex 19.704 0.644104 -1.4
      vertex 19.7021 0.673828 -1.05
      vertex 19.7021 0.673828 -1.4
    endloop
  endfacet
  facet normal -0.997963 -0.0637912 0
    outer loop
      vertex 19.7021 0.673828 -1.05
      vertex 19.704 0.644104 -1.4
      vertex 19.704 0.644104 -1.05
    endloop
  endfacet
  facet normal -0.997148 -0.0754709 0
    outer loop
      vertex 19.7021 0.673828 -1.4
      vertex 19.7004 0.696289 -1.05
      vertex 19.7004 0.696289 -1.4
    endloop
  endfacet
  facet normal -0.997148 -0.0754709 0
    outer loop
      vertex 19.7004 0.696289 -1.05
      vertex 19.7021 0.673828 -1.4
      vertex 19.7021 0.673828 -1.05
    endloop
  endfacet
  facet normal -0.995792 -0.0916393 0
    outer loop
      vertex 19.7004 0.696289 -1.4
      vertex 19.699 0.711502 -1.05
      vertex 19.699 0.711502 -1.4
    endloop
  endfacet
  facet normal -0.995792 -0.0916393 0
    outer loop
      vertex 19.699 0.711502 -1.05
      vertex 19.7004 0.696289 -1.4
      vertex 19.7004 0.696289 -1.05
    endloop
  endfacet
  facet normal 0.893087 0.449884 0
    outer loop
      vertex 19.7192 0.671402 -1.05
      vertex 19.699 0.711502 -1.4
      vertex 19.699 0.711502 -1.05
    endloop
  endfacet
  facet normal 0.893087 0.449884 0
    outer loop
      vertex 19.699 0.711502 -1.4
      vertex 19.7192 0.671402 -1.05
      vertex 19.7192 0.671402 -1.4
    endloop
  endfacet
  facet normal 0.872966 0.487782 0
    outer loop
      vertex 19.7461 0.62326 -1.05
      vertex 19.7192 0.671402 -1.4
      vertex 19.7192 0.671402 -1.05
    endloop
  endfacet
  facet normal 0.872966 0.487782 0
    outer loop
      vertex 19.7192 0.671402 -1.4
      vertex 19.7461 0.62326 -1.05
      vertex 19.7461 0.62326 -1.4
    endloop
  endfacet
  facet normal 0.858353 0.51306 0
    outer loop
      vertex 19.7797 0.567047 -1.05
      vertex 19.7461 0.62326 -1.4
      vertex 19.7461 0.62326 -1.05
    endloop
  endfacet
  facet normal 0.858353 0.51306 0
    outer loop
      vertex 19.7461 0.62326 -1.4
      vertex 19.7797 0.567047 -1.05
      vertex 19.7797 0.567047 -1.4
    endloop
  endfacet
  facet normal 0.84657 0.532277 0
    outer loop
      vertex 19.8201 0.502792 -1.05
      vertex 19.7797 0.567047 -1.4
      vertex 19.7797 0.567047 -1.05
    endloop
  endfacet
  facet normal 0.84657 0.532277 0
    outer loop
      vertex 19.7797 0.567047 -1.4
      vertex 19.8201 0.502792 -1.05
      vertex 19.8201 0.502792 -1.4
    endloop
  endfacet
  facet normal 0.835407 0.549632 0
    outer loop
      vertex 20.2414 -0.137558 -1.05
      vertex 19.8201 0.502792 -1.4
      vertex 19.8201 0.502792 -1.05
    endloop
  endfacet
  facet normal 0.835407 0.549632 0
    outer loop
      vertex 19.8201 0.502792 -1.4
      vertex 20.2414 -0.137558 -1.05
      vertex 20.2414 -0.137558 -1.4
    endloop
  endfacet
  facet normal 0 -1 0
    outer loop
      vertex 19.7106 -0.137558 -1.4
      vertex 20.2414 -0.137558 -1.05
      vertex 19.7106 -0.137558 -1.05
    endloop
  endfacet
  facet normal 0 -1 -0
    outer loop
      vertex 20.2414 -0.137558 -1.05
      vertex 19.7106 -0.137558 -1.4
      vertex 20.2414 -0.137558 -1.4
    endloop
  endfacet
  facet normal 0.607212 0.79454 -0
    outer loop
      vertex 21.8809 -0.114349 -1.4
      vertex 21.6567 0.0569916 -1.05
      vertex 21.8809 -0.114349 -1.05
    endloop
  endfacet
  facet normal 0.607212 0.79454 0
    outer loop
      vertex 21.6567 0.0569916 -1.05
      vertex 21.8809 -0.114349 -1.4
      vertex 21.6567 0.0569916 -1.4
    endloop
  endfacet
  facet normal 1 -0 0
    outer loop
      vertex 21.8809 -0.776611 -1.05
      vertex 21.8809 -0.114349 -1.4
      vertex 21.8809 -0.114349 -1.05
    endloop
  endfacet
  facet normal 1 0 0
    outer loop
      vertex 21.8809 -0.114349 -1.4
      vertex 21.8809 -0.776611 -1.05
      vertex 21.8809 -0.776611 -1.4
    endloop
  endfacet
  facet normal 0 1 -0
    outer loop
      vertex 22.261 -0.776611 -1.4
      vertex 21.8809 -0.776611 -1.05
      vertex 22.261 -0.776611 -1.05
    endloop
  endfacet
  facet normal 0 1 0
    outer loop
      vertex 21.8809 -0.776611 -1.05
      vertex 22.261 -0.776611 -1.4
      vertex 21.8809 -0.776611 -1.4
    endloop
  endfacet
  facet normal -1 0 0
    outer loop
      vertex 22.261 -0.776611 -1.4
      vertex 22.261 1.03877 -1.05
      vertex 22.261 1.03877 -1.4
    endloop
  endfacet
  facet normal -1 -0 0
    outer loop
      vertex 22.261 1.03877 -1.05
      vertex 22.261 -0.776611 -1.4
      vertex 22.261 -0.776611 -1.05
    endloop
  endfacet
  facet normal 0 -1 0
    outer loop
      vertex 21.8809 1.03877 -1.4
      vertex 22.261 1.03877 -1.05
      vertex 21.8809 1.03877 -1.05
    endloop
  endfacet
  facet normal 0 -1 -0
    outer loop
      vertex 22.261 1.03877 -1.05
      vertex 21.8809 1.03877 -1.4
      vertex 22.261 1.03877 -1.4
    endloop
  endfacet
  facet normal 1 -0 0
    outer loop
      vertex 21.8809 0.215469 -1.05
      vertex 21.8809 1.03877 -1.4
      vertex 21.8809 1.03877 -1.05
    endloop
  endfacet
  facet normal 1 0 0
    outer loop
      vertex 21.8809 1.03877 -1.4
      vertex 21.8809 0.215469 -1.05
      vertex 21.8809 0.215469 -1.4
    endloop
  endfacet
  facet normal -0.709301 -0.704906 0
    outer loop
      vertex 21.8809 0.215469 -1.4
      vertex 21.0627 1.03877 -1.05
      vertex 21.0627 1.03877 -1.4
    endloop
  endfacet
  facet normal -0.709301 -0.704906 0
    outer loop
      vertex 21.0627 1.03877 -1.05
      vertex 21.8809 0.215469 -1.4
      vertex 21.8809 0.215469 -1.05
    endloop
  endfacet
  facet normal 0 -1 0
    outer loop
      vertex 20.6195 1.03877 -1.4
      vertex 21.0627 1.03877 -1.05
      vertex 20.6195 1.03877 -1.05
    endloop
  endfacet
  facet normal 0 -1 -0
    outer loop
      vertex 21.0627 1.03877 -1.05
      vertex 20.6195 1.03877 -1.4
      vertex 21.0627 1.03877 -1.4
    endloop
  endfacet
  facet normal 0.703523 0.710673 -0
    outer loop
      vertex 21.3952 0.270874 -1.4
      vertex 20.6195 1.03877 -1.05
      vertex 21.3952 0.270874 -1.05
    endloop
  endfacet
  facet normal 0.703523 0.710673 0
    outer loop
      vertex 20.6195 1.03877 -1.05
      vertex 21.3952 0.270874 -1.4
      vertex 20.6195 1.03877 -1.4
    endloop
  endfacet
  facet normal 0.780574 -0.625064 0
    outer loop
      vertex 20.5564 -0.776611 -1.05
      vertex 21.3952 0.270874 -1.4
      vertex 21.3952 0.270874 -1.05
    endloop
  endfacet
  facet normal 0.780574 -0.625064 0
    outer loop
      vertex 21.3952 0.270874 -1.4
      vertex 20.5564 -0.776611 -1.05
      vertex 20.5564 -0.776611 -1.4
    endloop
  endfacet
  facet normal 0 1 -0
    outer loop
      vertex 21.0047 -0.776611 -1.4
      vertex 20.5564 -0.776611 -1.05
      vertex 21.0047 -0.776611 -1.05
    endloop
  endfacet
  facet normal 0 1 0
    outer loop
      vertex 20.5564 -0.776611 -1.05
      vertex 21.0047 -0.776611 -1.4
      vertex 20.5564 -0.776611 -1.4
    endloop
  endfacet
  facet normal -0.787681 0.616083 0
    outer loop
      vertex 21.0047 -0.776611 -1.4
      vertex 21.6567 0.0569916 -1.05
      vertex 21.6567 0.0569916 -1.4
    endloop
  endfacet
  facet normal -0.787681 0.616083 0
    outer loop
      vertex 21.6567 0.0569916 -1.05
      vertex 21.0047 -0.776611 -1.4
      vertex 21.0047 -0.776611 -1.05
    endloop
  endfacet
  facet normal -0.995355 0.0962769 0
    outer loop
      vertex 6.88318 0.00544739 -1.4
      vertex 6.89872 0.166107 -1.05
      vertex 6.89872 0.166107 -1.4
    endloop
  endfacet
  facet normal -0.995355 0.0962769 0
    outer loop
      vertex 6.89872 0.166107 -1.05
      vertex 6.88318 0.00544739 -1.4
      vertex 6.88318 0.00544739 -1.05
    endloop
  endfacet
  facet normal -0.926426 0.376477 0
    outer loop
      vertex 6.89872 0.166107 -1.4
      vertex 6.94535 0.280853 -1.05
      vertex 6.94535 0.280853 -1.4
    endloop
  endfacet
  facet normal -0.926426 0.376477 0
    outer loop
      vertex 6.94535 0.280853 -1.05
      vertex 6.89872 0.166107 -1.4
      vertex 6.89872 0.166107 -1.05
    endloop
  endfacet
  facet normal -0.663139 0.748497 0
    outer loop
      vertex 7.02306 0.349701 -1.4
      vertex 6.94535 0.280853 -1.05
      vertex 7.02306 0.349701 -1.05
    endloop
  endfacet
  facet normal -0.663139 0.748497 0
    outer loop
      vertex 6.94535 0.280853 -1.05
      vertex 7.02306 0.349701 -1.4
      vertex 6.94535 0.280853 -1.4
    endloop
  endfacet
  facet normal -0.206534 0.978439 0
    outer loop
      vertex 7.13185 0.372665 -1.4
      vertex 7.02306 0.349701 -1.05
      vertex 7.13185 0.372665 -1.05
    endloop
  endfacet
  facet normal -0.206534 0.978439 0
    outer loop
      vertex 7.02306 0.349701 -1.05
      vertex 7.13185 0.372665 -1.4
      vertex 7.02306 0.349701 -1.4
    endloop
  endfacet
  facet normal 0.11202 0.993706 -0
    outer loop
      vertex 7.19438 0.365616 -1.4
      vertex 7.13185 0.372665 -1.05
      vertex 7.19438 0.365616 -1.05
    endloop
  endfacet
  facet normal 0.11202 0.993706 0
    outer loop
      vertex 7.13185 0.372665 -1.05
      vertex 7.19438 0.365616 -1.4
      vertex 7.13185 0.372665 -1.4
    endloop
  endfacet
  facet normal 0.352368 0.935861 -0
    outer loop
      vertex 7.25055 0.344467 -1.4
      vertex 7.19438 0.365616 -1.05
      vertex 7.25055 0.344467 -1.05
    endloop
  endfacet
  facet normal 0.352368 0.935861 0
    outer loop
      vertex 7.19438 0.365616 -1.05
      vertex 7.25055 0.344467 -1.4
      vertex 7.19438 0.365616 -1.4
    endloop
  endfacet
  facet normal 0.577471 0.816411 -0
    outer loop
      vertex 7.30036 0.309235 -1.4
      vertex 7.25055 0.344467 -1.05
      vertex 7.30036 0.309235 -1.05
    endloop
  endfacet
  facet normal 0.577471 0.816411 0
    outer loop
      vertex 7.25055 0.344467 -1.05
      vertex 7.30036 0.309235 -1.4
      vertex 7.25055 0.344467 -1.4
    endloop
  endfacet
  facet normal 0.750404 0.66098 0
    outer loop
      vertex 7.3438 0.259918 -1.05
      vertex 7.30036 0.309235 -1.4
      vertex 7.30036 0.309235 -1.05
    endloop
  endfacet
  facet normal 0.750404 0.66098 0
    outer loop
      vertex 7.30036 0.309235 -1.4
      vertex 7.3438 0.259918 -1.05
      vertex 7.3438 0.259918 -1.4
    endloop
  endfacet
  facet normal 0.863731 0.503953 0
    outer loop
      vertex 7.37902 0.199554 -1.05
      vertex 7.3438 0.259918 -1.4
      vertex 7.3438 0.259918 -1.05
    endloop
  endfacet
  facet normal 0.863731 0.503953 0
    outer loop
      vertex 7.3438 0.259918 -1.4
      vertex 7.37902 0.199554 -1.05
      vertex 7.37902 0.199554 -1.4
    endloop
  endfacet
  facet normal 0.938379 0.345609 0
    outer loop
      vertex 7.40418 0.131241 -1.05
      vertex 7.37902 0.199554 -1.4
      vertex 7.37902 0.199554 -1.05
    endloop
  endfacet
  facet normal 0.938379 0.345609 0
    outer loop
      vertex 7.37902 0.199554 -1.4
      vertex 7.40418 0.131241 -1.05
      vertex 7.40418 0.131241 -1.4
    endloop
  endfacet
  facet normal 0.980979 0.194115 0
    outer loop
      vertex 7.41928 0.0549316 -1.05
      vertex 7.40418 0.131241 -1.4
      vertex 7.40418 0.131241 -1.05
    endloop
  endfacet
  facet normal 0.980979 0.194115 0
    outer loop
      vertex 7.40418 0.131241 -1.4
      vertex 7.41928 0.0549316 -1.05
      vertex 7.41928 0.0549316 -1.4
    endloop
  endfacet
  facet normal 0.998216 0.0597088 0
    outer loop
      vertex 7.42432 -0.0293274 -1.05
      vertex 7.41928 0.0549316 -1.4
      vertex 7.41928 0.0549316 -1.05
    endloop
  endfacet
  facet normal 0.998216 0.0597088 0
    outer loop
      vertex 7.41928 0.0549316 -1.4
      vertex 7.42432 -0.0293274 -1.05
      vertex 7.42432 -0.0293274 -1.4
    endloop
  endfacet
  facet normal 1 -0 0
    outer loop
      vertex 7.42432 -0.776611 -1.05
      vertex 7.42432 -0.0293274 -1.4
      vertex 7.42432 -0.0293274 -1.05
    endloop
  endfacet
  facet normal 1 0 0
    outer loop
      vertex 7.42432 -0.0293274 -1.4
      vertex 7.42432 -0.776611 -1.05
      vertex 7.42432 -0.776611 -1.4
    endloop
  endfacet
  facet normal 0 1 -0
    outer loop
      vertex 7.78638 -0.776611 -1.4
      vertex 7.42432 -0.776611 -1.05
      vertex 7.78638 -0.776611 -1.05
    endloop
  endfacet
  facet normal 0 1 0
    outer loop
      vertex 7.42432 -0.776611 -1.05
      vertex 7.78638 -0.776611 -1.4
      vertex 7.42432 -0.776611 -1.4
    endloop
  endfacet
  facet normal -1 0 0
    outer loop
      vertex 7.78638 -0.776611 -1.4
      vertex 7.78638 0.305664 -1.05
      vertex 7.78638 0.305664 -1.4
    endloop
  endfacet
  facet normal -1 -0 0
    outer loop
      vertex 7.78638 0.305664 -1.05
      vertex 7.78638 -0.776611 -1.4
      vertex 7.78638 -0.776611 -1.05
    endloop
  endfacet
  facet normal -0.999993 0.0037385 0
    outer loop
      vertex 7.78638 0.305664 -1.4
      vertex 7.78658 0.359161 -1.05
      vertex 7.78658 0.359161 -1.4
    endloop
  endfacet
  facet normal -0.999993 0.0037385 0
    outer loop
      vertex 7.78658 0.359161 -1.05
      vertex 7.78638 0.305664 -1.4
      vertex 7.78638 0.305664 -1.05
    endloop
  endfacet
  facet normal -0.999921 0.012594 0
    outer loop
      vertex 7.78658 0.359161 -1.4
      vertex 7.78719 0.407593 -1.05
      vertex 7.78719 0.407593 -1.4
    endloop
  endfacet
  facet normal -0.999921 0.012594 0
    outer loop
      vertex 7.78719 0.407593 -1.05
      vertex 7.78658 0.359161 -1.4
      vertex 7.78658 0.359161 -1.05
    endloop
  endfacet
  facet normal -0.999729 0.0232844 0
    outer loop
      vertex 7.78719 0.407593 -1.4
      vertex 7.7882 0.450958 -1.05
      vertex 7.7882 0.450958 -1.4
    endloop
  endfacet
  facet normal -0.999729 0.0232844 0
    outer loop
      vertex 7.7882 0.450958 -1.05
      vertex 7.78719 0.407593 -1.4
      vertex 7.78719 0.407593 -1.05
    endloop
  endfacet
  facet normal -0.999322 0.0368041 0
    outer loop
      vertex 7.7882 0.450958 -1.4
      vertex 7.78961 0.489243 -1.05
      vertex 7.78961 0.489243 -1.4
    endloop
  endfacet
  facet normal -0.999322 0.0368041 0
    outer loop
      vertex 7.78961 0.489243 -1.05
      vertex 7.7882 0.450958 -1.4
      vertex 7.7882 0.450958 -1.05
    endloop
  endfacet
  facet normal -0.998894 0.047027 0
    outer loop
      vertex 7.78961 0.489243 -1.4
      vertex 7.79125 0.524078 -1.05
      vertex 7.79125 0.524078 -1.4
    endloop
  endfacet
  facet normal -0.998894 0.047027 0
    outer loop
      vertex 7.79125 0.524078 -1.05
      vertex 7.78961 0.489243 -1.4
      vertex 7.78961 0.489243 -1.05
    endloop
  endfacet
  facet normal -0.998611 0.0526939 0
    outer loop
      vertex 7.79125 0.524078 -1.4
      vertex 7.79299 0.557053 -1.05
      vertex 7.79299 0.557053 -1.4
    endloop
  endfacet
  facet normal -0.998611 0.0526939 0
    outer loop
      vertex 7.79299 0.557053 -1.05
      vertex 7.79125 0.524078 -1.4
      vertex 7.79125 0.524078 -1.05
    endloop
  endfacet
  facet normal -0.998332 0.0577293 0
    outer loop
      vertex 7.79299 0.557053 -1.4
      vertex 7.79479 0.588181 -1.05
      vertex 7.79479 0.588181 -1.4
    endloop
  endfacet
  facet normal -0.998332 0.0577293 0
    outer loop
      vertex 7.79479 0.588181 -1.05
      vertex 7.79299 0.557053 -1.4
      vertex 7.79299 0.557053 -1.05
    endloop
  endfacet
  facet normal -0.997921 0.0644458 0
    outer loop
      vertex 7.79479 0.588181 -1.4
      vertex 7.79668 0.617447 -1.05
      vertex 7.79668 0.617447 -1.4
    endloop
  endfacet
  facet normal -0.997921 0.0644458 0
    outer loop
      vertex 7.79668 0.617447 -1.05
      vertex 7.79479 0.588181 -1.4
      vertex 7.79479 0.588181 -1.05
    endloop
  endfacet
  facet normal 0 -1 0
    outer loop
      vertex 7.45139 0.617447 -1.4
      vertex 7.79668 0.617447 -1.05
      vertex 7.45139 0.617447 -1.05
    endloop
  endfacet
  facet normal 0 -1 -0
    outer loop
      vertex 7.79668 0.617447 -1.05
      vertex 7.45139 0.617447 -1.4
      vertex 7.79668 0.617447 -1.4
    endloop
  endfacet
  facet normal 0.992822 -0.119603 0
    outer loop
      vertex 7.4493 0.600098 -1.05
      vertex 7.45139 0.617447 -1.4
      vertex 7.45139 0.617447 -1.05
    endloop
  endfacet
  facet normal 0.992822 -0.119603 0
    outer loop
      vertex 7.45139 0.617447 -1.4
      vertex 7.4493 0.600098 -1.05
      vertex 7.4493 0.600098 -1.4
    endloop
  endfacet
  facet normal 0.996139 -0.0877894 0
    outer loop
      vertex 7.44687 0.572525 -1.05
      vertex 7.4493 0.600098 -1.4
      vertex 7.4493 0.600098 -1.05
    endloop
  endfacet
  facet normal 0.996139 -0.0877894 0
    outer loop
      vertex 7.4493 0.600098 -1.4
      vertex 7.44687 0.572525 -1.05
      vertex 7.44687 0.572525 -1.4
    endloop
  endfacet
  facet normal 0.997404 -0.0720138 0
    outer loop
      vertex 7.44414 0.534714 -1.05
      vertex 7.44687 0.572525 -1.4
      vertex 7.44687 0.572525 -1.05
    endloop
  endfacet
  facet normal 0.997404 -0.0720138 0
    outer loop
      vertex 7.44687 0.572525 -1.4
      vertex 7.44414 0.534714 -1.05
      vertex 7.44414 0.534714 -1.4
    endloop
  endfacet
  facet normal 0.997964 -0.0637816 0
    outer loop
      vertex 7.44107 0.486679 -1.05
      vertex 7.44414 0.534714 -1.4
      vertex 7.44414 0.534714 -1.05
    endloop
  endfacet
  facet normal 0.997964 -0.0637816 0
    outer loop
      vertex 7.44414 0.534714 -1.4
      vertex 7.44107 0.486679 -1.05
      vertex 7.44107 0.486679 -1.4
    endloop
  endfacet
  facet normal 0.998348 -0.0574606 0
    outer loop
      vertex 7.43825 0.437683 -1.05
      vertex 7.44107 0.486679 -1.4
      vertex 7.44107 0.486679 -1.05
    endloop
  endfacet
  facet normal 0.998348 -0.0574606 0
    outer loop
      vertex 7.44107 0.486679 -1.4
      vertex 7.43825 0.437683 -1.05
      vertex 7.43825 0.437683 -1.4
    endloop
  endfacet
  facet normal 0.998783 -0.0493135 0
    outer loop
      vertex 7.43624 0.396973 -1.05
      vertex 7.43825 0.437683 -1.4
      vertex 7.43825 0.437683 -1.05
    endloop
  endfacet
  facet normal 0.998783 -0.0493135 0
    outer loop
      vertex 7.43825 0.437683 -1.4
      vertex 7.43624 0.396973 -1.05
      vertex 7.43624 0.396973 -1.4
    endloop
  endfacet
  facet normal 0.999304 -0.0373082 0
    outer loop
      vertex 7.43503 0.364563 -1.05
      vertex 7.43624 0.396973 -1.4
      vertex 7.43624 0.396973 -1.05
    endloop
  endfacet
  facet normal 0.999304 -0.0373082 0
    outer loop
      vertex 7.43624 0.396973 -1.4
      vertex 7.43503 0.364563 -1.05
      vertex 7.43503 0.364563 -1.4
    endloop
  endfacet
  facet normal 0.999863 -0.0165787 0
    outer loop
      vertex 7.43463 0.340439 -1.05
      vertex 7.43503 0.364563 -1.4
      vertex 7.43503 0.364563 -1.05
    endloop
  endfacet
  facet normal 0.999863 -0.0165787 0
    outer loop
      vertex 7.43503 0.364563 -1.4
      vertex 7.43463 0.340439 -1.05
      vertex 7.43463 0.340439 -1.4
    endloop
  endfacet
  facet normal 0 -1 0
    outer loop
      vertex 7.42948 0.340439 -1.4
      vertex 7.43463 0.340439 -1.05
      vertex 7.42948 0.340439 -1.05
    endloop
  endfacet
  facet normal 0 -1 -0
    outer loop
      vertex 7.43463 0.340439 -1.05
      vertex 7.42948 0.340439 -1.4
      vertex 7.43463 0.340439 -1.4
    endloop
  endfacet
  facet normal -0.885452 -0.464731 0
    outer loop
      vertex 7.42948 0.340439 -1.4
      vertex 7.39043 0.414841 -1.05
      vertex 7.39043 0.414841 -1.4
    endloop
  endfacet
  facet normal -0.885452 -0.464731 0
    outer loop
      vertex 7.39043 0.414841 -1.05
      vertex 7.42948 0.340439 -1.4
      vertex 7.42948 0.340439 -1.05
    endloop
  endfacet
  facet normal -0.823432 -0.567415 0
    outer loop
      vertex 7.39043 0.414841 -1.4
      vertex 7.3467 0.478302 -1.05
      vertex 7.3467 0.478302 -1.4
    endloop
  endfacet
  facet normal -0.823432 -0.567415 0
    outer loop
      vertex 7.3467 0.478302 -1.05
      vertex 7.39043 0.414841 -1.4
      vertex 7.39043 0.414841 -1.05
    endloop
  endfacet
  facet normal -0.735265 -0.67778 0
    outer loop
      vertex 7.3467 0.478302 -1.4
      vertex 7.2983 0.530807 -1.05
      vertex 7.2983 0.530807 -1.4
    endloop
  endfacet
  facet normal -0.735265 -0.67778 0
    outer loop
      vertex 7.2983 0.530807 -1.05
      vertex 7.3467 0.478302 -1.4
      vertex 7.3467 0.478302 -1.05
    endloop
  endfacet
  facet normal -0.616398 -0.787435 0
    outer loop
      vertex 7.24524 0.572342 -1.4
      vertex 7.2983 0.530807 -1.05
      vertex 7.24524 0.572342 -1.05
    endloop
  endfacet
  facet normal -0.616398 -0.787435 -0
    outer loop
      vertex 7.2983 0.530807 -1.05
      vertex 7.24524 0.572342 -1.4
      vertex 7.2983 0.530807 -1.4
    endloop
  endfacet
  facet normal -0.477696 -0.878525 0
    outer loop
      vertex 7.18718 0.603912 -1.4
      vertex 7.24524 0.572342 -1.05
      vertex 7.18718 0.603912 -1.05
    endloop
  endfacet
  facet normal -0.477696 -0.878525 -0
    outer loop
      vertex 7.24524 0.572342 -1.05
      vertex 7.18718 0.603912 -1.4
      vertex 7.24524 0.572342 -1.4
    endloop
  endfacet
  facet normal -0.335246 -0.942131 0
    outer loop
      vertex 7.1238 0.626465 -1.4
      vertex 7.18718 0.603912 -1.05
      vertex 7.1238 0.626465 -1.05
    endloop
  endfacet
  facet normal -0.335246 -0.942131 -0
    outer loop
      vertex 7.18718 0.603912 -1.05
      vertex 7.1238 0.626465 -1.4
      vertex 7.18718 0.603912 -1.4
    endloop
  endfacet
  facet normal -0.193286 -0.981142 0
    outer loop
      vertex 7.0551 0.639999 -1.4
      vertex 7.1238 0.626465 -1.05
      vertex 7.0551 0.639999 -1.05
    endloop
  endfacet
  facet normal -0.193286 -0.981142 -0
    outer loop
      vertex 7.1238 0.626465 -1.05
      vertex 7.0551 0.639999 -1.4
      vertex 7.1238 0.626465 -1.4
    endloop
  endfacet
  facet normal -0.0609271 -0.998142 0
    outer loop
      vertex 6.9811 0.644516 -1.4
      vertex 7.0551 0.639999 -1.05
      vertex 6.9811 0.644516 -1.05
    endloop
  endfacet
  facet normal -0.0609271 -0.998142 -0
    outer loop
      vertex 7.0551 0.639999 -1.05
      vertex 6.9811 0.644516 -1.4
      vertex 7.0551 0.639999 -1.4
    endloop
  endfacet
  facet normal 0.0816069 -0.996665 0
    outer loop
      vertex 6.87674 0.635971 -1.4
      vertex 6.9811 0.644516 -1.05
      vertex 6.87674 0.635971 -1.05
    endloop
  endfacet
  facet normal 0.0816069 -0.996665 0
    outer loop
      vertex 6.9811 0.644516 -1.05
      vertex 6.87674 0.635971 -1.4
      vertex 6.9811 0.644516 -1.4
    endloop
  endfacet
  facet normal 0.269556 -0.962985 0
    outer loop
      vertex 6.78527 0.610367 -1.4
      vertex 6.87674 0.635971 -1.05
      vertex 6.78527 0.610367 -1.05
    endloop
  endfacet
  facet normal 0.269556 -0.962985 0
    outer loop
      vertex 6.87674 0.635971 -1.05
      vertex 6.78527 0.610367 -1.4
      vertex 6.87674 0.635971 -1.4
    endloop
  endfacet
  facet normal 0.477182 -0.878805 0
    outer loop
      vertex 6.70667 0.567688 -1.4
      vertex 6.78527 0.610367 -1.05
      vertex 6.70667 0.567688 -1.05
    endloop
  endfacet
  facet normal 0.477182 -0.878805 0
    outer loop
      vertex 6.78527 0.610367 -1.05
      vertex 6.70667 0.567688 -1.4
      vertex 6.78527 0.610367 -1.4
    endloop
  endfacet
  facet normal 0.672775 -0.739847 0
    outer loop
      vertex 6.64096 0.507935 -1.4
      vertex 6.70667 0.567688 -1.05
      vertex 6.64096 0.507935 -1.05
    endloop
  endfacet
  facet normal 0.672775 -0.739847 0
    outer loop
      vertex 6.70667 0.567688 -1.05
      vertex 6.64096 0.507935 -1.4
      vertex 6.70667 0.567688 -1.4
    endloop
  endfacet
  facet normal 0.826608 -0.562778 0
    outer loop
      vertex 6.5891 0.431763 -1.05
      vertex 6.64096 0.507935 -1.4
      vertex 6.64096 0.507935 -1.05
    endloop
  endfacet
  facet normal 0.826608 -0.562778 0
    outer loop
      vertex 6.64096 0.507935 -1.4
      vertex 6.5891 0.431763 -1.05
      vertex 6.5891 0.431763 -1.4
    endloop
  endfacet
  facet normal 0.927556 -0.373685 0
    outer loop
      vertex 6.55205 0.339798 -1.05
      vertex 6.5891 0.431763 -1.4
      vertex 6.5891 0.431763 -1.05
    endloop
  endfacet
  facet normal 0.927556 -0.373685 0
    outer loop
      vertex 6.5891 0.431763 -1.4
      vertex 6.55205 0.339798 -1.05
      vertex 6.55205 0.339798 -1.4
    endloop
  endfacet
  facet normal 0.979389 -0.201983 0
    outer loop
      vertex 6.52983 0.232056 -1.05
      vertex 6.55205 0.339798 -1.4
      vertex 6.55205 0.339798 -1.05
    endloop
  endfacet
  facet normal 0.979389 -0.201983 0
    outer loop
      vertex 6.55205 0.339798 -1.4
      vertex 6.52983 0.232056 -1.05
      vertex 6.52983 0.232056 -1.4
    endloop
  endfacet
  facet normal 0.998206 -0.0598754 0
    outer loop
      vertex 6.52242 0.108521 -1.05
      vertex 6.52983 0.232056 -1.4
      vertex 6.52983 0.232056 -1.05
    endloop
  endfacet
  facet normal 0.998206 -0.0598754 0
    outer loop
      vertex 6.52983 0.232056 -1.4
      vertex 6.52242 0.108521 -1.05
      vertex 6.52242 0.108521 -1.4
    endloop
  endfacet
  facet normal 1 -0 0
    outer loop
      vertex 6.52242 -0.776611 -1.05
      vertex 6.52242 0.108521 -1.4
      vertex 6.52242 0.108521 -1.05
    endloop
  endfacet
  facet normal 1 0 0
    outer loop
      vertex 6.52242 0.108521 -1.4
      vertex 6.52242 -0.776611 -1.05
      vertex 6.52242 -0.776611 -1.4
    endloop
  endfacet
  facet normal 0 1 -0
    outer loop
      vertex 6.88318 -0.776611 -1.4
      vertex 6.52242 -0.776611 -1.05
      vertex 6.88318 -0.776611 -1.05
    endloop
  endfacet
  facet normal 0 1 0
    outer loop
      vertex 6.52242 -0.776611 -1.05
      vertex 6.88318 -0.776611 -1.4
      vertex 6.52242 -0.776611 -1.4
    endloop
  endfacet
  facet normal -1 0 0
    outer loop
      vertex 6.88318 -0.776611 -1.4
      vertex 6.88318 0.00544739 -1.05
      vertex 6.88318 0.00544739 -1.4
    endloop
  endfacet
  facet normal -1 -0 0
    outer loop
      vertex 6.88318 0.00544739 -1.05
      vertex 6.88318 -0.776611 -1.4
      vertex 6.88318 -0.776611 -1.05
    endloop
  endfacet
  facet normal -0.256318 0.966593 0
    outer loop
      vertex 4.31304 -0.754059 -1.4
      vertex 4.17638 -0.790298 -1.05
      vertex 4.31304 -0.754059 -1.05
    endloop
  endfacet
  facet normal -0.256318 0.966593 0
    outer loop
      vertex 4.17638 -0.790298 -1.05
      vertex 4.31304 -0.754059 -1.4
      vertex 4.17638 -0.790298 -1.4
    endloop
  endfacet
  facet normal -0.452233 0.8919 0
    outer loop
      vertex 4.43215 -0.693665 -1.4
      vertex 4.31304 -0.754059 -1.05
      vertex 4.43215 -0.693665 -1.05
    endloop
  endfacet
  facet normal -0.452233 0.8919 0
    outer loop
      vertex 4.31304 -0.754059 -1.05
      vertex 4.43215 -0.693665 -1.4
      vertex 4.31304 -0.754059 -1.4
    endloop
  endfacet
  facet normal -0.639882 0.768473 0
    outer loop
      vertex 4.53369 -0.609116 -1.4
      vertex 4.43215 -0.693665 -1.05
      vertex 4.53369 -0.609116 -1.05
    endloop
  endfacet
  facet normal -0.639882 0.768473 0
    outer loop
      vertex 4.43215 -0.693665 -1.05
      vertex 4.53369 -0.609116 -1.4
      vertex 4.43215 -0.693665 -1.4
    endloop
  endfacet
  facet normal -0.792989 0.609235 0
    outer loop
      vertex 4.53369 -0.609116 -1.4
      vertex 4.61486 -0.503464 -1.05
      vertex 4.61486 -0.503464 -1.4
    endloop
  endfacet
  facet normal -0.792989 0.609235 0
    outer loop
      vertex 4.61486 -0.503464 -1.05
      vertex 4.53369 -0.609116 -1.4
      vertex 4.53369 -0.609116 -1.05
    endloop
  endfacet
  facet normal -0.905455 0.424441 0
    outer loop
      vertex 4.61486 -0.503464 -1.4
      vertex 4.67284 -0.379776 -1.05
      vertex 4.67284 -0.379776 -1.4
    endloop
  endfacet
  facet normal -0.905455 0.424441 0
    outer loop
      vertex 4.67284 -0.379776 -1.05
      vertex 4.61486 -0.503464 -1.4
      vertex 4.61486 -0.503464 -1.05
    endloop
  endfacet
  facet normal -0.971167 0.238399 0
    outer loop
      vertex 4.67284 -0.379776 -1.4
      vertex 4.70763 -0.238052 -1.05
      vertex 4.70763 -0.238052 -1.4
    endloop
  endfacet
  facet normal -0.971167 0.238399 0
    outer loop
      vertex 4.70763 -0.238052 -1.05
      vertex 4.67284 -0.379776 -1.4
      vertex 4.67284 -0.379776 -1.05
    endloop
  endfacet
  facet normal -0.997374 0.0724186 0
    outer loop
      vertex 4.70763 -0.238052 -1.4
      vertex 4.71923 -0.0782928 -1.05
      vertex 4.71923 -0.0782928 -1.4
    endloop
  endfacet
  facet normal -0.997374 0.0724186 0
    outer loop
      vertex 4.71923 -0.0782928 -1.05
      vertex 4.70763 -0.238052 -1.4
      vertex 4.70763 -0.238052 -1.05
    endloop
  endfacet
  facet normal -0.997354 -0.0726948 0
    outer loop
      vertex 4.71923 -0.0782928 -1.4
      vertex 4.70763 0.0808563 -1.05
      vertex 4.70763 0.0808563 -1.4
    endloop
  endfacet
  facet normal -0.997354 -0.0726948 0
    outer loop
      vertex 4.70763 0.0808563 -1.05
      vertex 4.71923 -0.0782928 -1.4
      vertex 4.71923 -0.0782928 -1.05
    endloop
  endfacet
  facet normal -0.970964 -0.239226 0
    outer loop
      vertex 4.70763 0.0808563 -1.4
      vertex 4.67284 0.222061 -1.05
      vertex 4.67284 0.222061 -1.4
    endloop
  endfacet
  facet normal -0.970964 -0.239226 0
    outer loop
      vertex 4.67284 0.222061 -1.05
      vertex 4.70763 0.0808563 -1.4
      vertex 4.70763 0.0808563 -1.05
    endloop
  endfacet
  facet normal -0.904869 -0.425691 0
    outer loop
      vertex 4.67284 0.222061 -1.4
      vertex 4.61486 0.345306 -1.05
      vertex 4.61486 0.345306 -1.4
    endloop
  endfacet
  facet normal -0.904869 -0.425691 0
    outer loop
      vertex 4.61486 0.345306 -1.05
      vertex 4.67284 0.222061 -1.4
      vertex 4.67284 0.222061 -1.05
    endloop
  endfacet
  facet normal -0.791966 -0.610565 0
    outer loop
      vertex 4.61486 0.345306 -1.4
      vertex 4.53369 0.450592 -1.05
      vertex 4.53369 0.450592 -1.4
    endloop
  endfacet
  facet normal -0.791966 -0.610565 0
    outer loop
      vertex 4.53369 0.450592 -1.05
      vertex 4.61486 0.345306 -1.4
      vertex 4.61486 0.345306 -1.05
    endloop
  endfacet
  facet normal -0.636829 -0.771005 0
    outer loop
      vertex 4.43166 0.534866 -1.4
      vertex 4.53369 0.450592 -1.05
      vertex 4.43166 0.534866 -1.05
    endloop
  endfacet
  facet normal -0.636829 -0.771005 -0
    outer loop
      vertex 4.53369 0.450592 -1.05
      vertex 4.43166 0.534866 -1.4
      vertex 4.53369 0.450592 -1.4
    endloop
  endfacet
  facet normal -0.446744 -0.894662 0
    outer loop
      vertex 4.31111 0.595062 -1.4
      vertex 4.43166 0.534866 -1.05
      vertex 4.31111 0.595062 -1.05
    endloop
  endfacet
  facet normal -0.446744 -0.894662 -0
    outer loop
      vertex 4.43166 0.534866 -1.05
      vertex 4.31111 0.595062 -1.4
      vertex 4.43166 0.534866 -1.4
    endloop
  endfacet
  facet normal -0.251389 -0.967886 0
    outer loop
      vertex 4.17205 0.63118 -1.4
      vertex 4.31111 0.595062 -1.05
      vertex 4.17205 0.63118 -1.05
    endloop
  endfacet
  facet normal -0.251389 -0.967886 -0
    outer loop
      vertex 4.31111 0.595062 -1.05
      vertex 4.17205 0.63118 -1.4
      vertex 4.31111 0.595062 -1.4
    endloop
  endfacet
  facet normal -0.0761677 -0.997095 0
    outer loop
      vertex 4.01445 0.643219 -1.4
      vertex 4.17205 0.63118 -1.05
      vertex 4.01445 0.643219 -1.05
    endloop
  endfacet
  facet normal -0.0761677 -0.997095 -0
    outer loop
      vertex 4.17205 0.63118 -1.05
      vertex 4.01445 0.643219 -1.4
      vertex 4.17205 0.63118 -1.4
    endloop
  endfacet
  facet normal 0.0722965 -0.997383 0
    outer loop
      vertex 3.85384 0.631577 -1.4
      vertex 4.01445 0.643219 -1.05
      vertex 3.85384 0.631577 -1.05
    endloop
  endfacet
  facet normal 0.0722965 -0.997383 0
    outer loop
      vertex 4.01445 0.643219 -1.05
      vertex 3.85384 0.631577 -1.4
      vertex 4.01445 0.643219 -1.4
    endloop
  endfacet
  facet normal 0.241215 -0.970472 0
    outer loop
      vertex 3.71344 0.59668 -1.4
      vertex 3.85384 0.631577 -1.05
      vertex 3.71344 0.59668 -1.05
    endloop
  endfacet
  facet normal 0.241215 -0.970472 0
    outer loop
      vertex 3.85384 0.631577 -1.05
      vertex 3.71344 0.59668 -1.4
      vertex 3.85384 0.631577 -1.4
    endloop
  endfacet
  facet normal 0.435716 -0.900084 0
    outer loop
      vertex 3.59325 0.538498 -1.4
      vertex 3.71344 0.59668 -1.05
      vertex 3.59325 0.538498 -1.05
    endloop
  endfacet
  facet normal 0.435716 -0.900084 0
    outer loop
      vertex 3.71344 0.59668 -1.05
      vertex 3.59325 0.538498 -1.4
      vertex 3.71344 0.59668 -1.4
    endloop
  endfacet
  facet normal 0.631757 -0.775166 0
    outer loop
      vertex 3.49329 0.457031 -1.4
      vertex 3.59325 0.538498 -1.05
      vertex 3.49329 0.457031 -1.05
    endloop
  endfacet
  facet normal 0.631757 -0.775166 0
    outer loop
      vertex 3.59325 0.538498 -1.05
      vertex 3.49329 0.457031 -1.4
      vertex 3.59325 0.538498 -1.4
    endloop
  endfacet
  facet normal 0.795548 -0.605891 0
    outer loop
      vertex 3.41465 0.353775 -1.05
      vertex 3.49329 0.457031 -1.4
      vertex 3.49329 0.457031 -1.05
    endloop
  endfacet
  facet normal 0.795548 -0.605891 0
    outer loop
      vertex 3.49329 0.457031 -1.4
      vertex 3.41465 0.353775 -1.05
      vertex 3.41465 0.353775 -1.4
    endloop
  endfacet
  facet normal 0.910471 -0.413573 0
    outer loop
      vertex 3.35848 0.230118 -1.05
      vertex 3.41465 0.353775 -1.4
      vertex 3.41465 0.353775 -1.05
    endloop
  endfacet
  facet normal 0.910471 -0.413573 0
    outer loop
      vertex 3.41465 0.353775 -1.4
      vertex 3.35848 0.230118 -1.05
      vertex 3.35848 0.230118 -1.4
    endloop
  endfacet
  facet normal 0.973716 -0.227765 0
    outer loop
      vertex 3.32479 0.0860901 -1.05
      vertex 3.35848 0.230118 -1.4
      vertex 3.35848 0.230118 -1.05
    endloop
  endfacet
  facet normal 0.973716 -0.227765 0
    outer loop
      vertex 3.35848 0.230118 -1.4
      vertex 3.32479 0.0860901 -1.05
      vertex 3.32479 0.0860901 -1.4
    endloop
  endfacet
  facet normal 0.997666 -0.0682781 0
    outer loop
      vertex 3.31354 -0.0782928 -1.05
      vertex 3.32479 0.0860901 -1.4
      vertex 3.32479 0.0860901 -1.05
    endloop
  endfacet
  facet normal 0.997666 -0.0682781 0
    outer loop
      vertex 3.32479 0.0860901 -1.4
      vertex 3.31354 -0.0782928 -1.05
      vertex 3.31354 -0.0782928 -1.4
    endloop
  endfacet
  facet normal 0.997319 0.0731757 0
    outer loop
      vertex 3.3253 -0.238571 -1.05
      vertex 3.31354 -0.0782928 -1.4
      vertex 3.31354 -0.0782928 -1.05
    endloop
  endfacet
  facet normal 0.997319 0.0731757 0
    outer loop
      vertex 3.31354 -0.0782928 -1.4
      vertex 3.3253 -0.238571 -1.05
      vertex 3.3253 -0.238571 -1.4
    endloop
  endfacet
  facet normal 0.970501 0.241098 0
    outer loop
      vertex 3.36058 -0.380585 -1.05
      vertex 3.3253 -0.238571 -1.4
      vertex 3.3253 -0.238571 -1.05
    endloop
  endfacet
  facet normal 0.970501 0.241098 0
    outer loop
      vertex 3.3253 -0.238571 -1.4
      vertex 3.36058 -0.380585 -1.05
      vertex 3.36058 -0.380585 -1.4
    endloop
  endfacet
  facet normal 0.903238 0.42914 0
    outer loop
      vertex 3.41936 -0.504303 -1.05
      vertex 3.36058 -0.380585 -1.4
      vertex 3.36058 -0.380585 -1.05
    endloop
  endfacet
  facet normal 0.903238 0.42914 0
    outer loop
      vertex 3.36058 -0.380585 -1.4
      vertex 3.41936 -0.504303 -1.05
      vertex 3.41936 -0.504303 -1.4
    endloop
  endfacet
  facet normal 0.788297 0.615295 0
    outer loop
      vertex 3.50167 -0.609756 -1.05
      vertex 3.41936 -0.504303 -1.4
      vertex 3.41936 -0.504303 -1.05
    endloop
  endfacet
  facet normal 0.788297 0.615295 0
    outer loop
      vertex 3.41936 -0.504303 -1.4
      vertex 3.50167 -0.609756 -1.05
      vertex 3.50167 -0.609756 -1.4
    endloop
  endfacet
  facet normal 0.63299 0.77416 -0
    outer loop
      vertex 3.60474 -0.694031 -1.4
      vertex 3.50167 -0.609756 -1.05
      vertex 3.60474 -0.694031 -1.05
    endloop
  endfacet
  facet normal 0.63299 0.77416 0
    outer loop
      vertex 3.50167 -0.609756 -1.05
      vertex 3.60474 -0.694031 -1.4
      vertex 3.50167 -0.609756 -1.4
    endloop
  endfacet
  facet normal 0.445089 0.895486 -0
    outer loop
      vertex 3.72585 -0.754227 -1.4
      vertex 3.60474 -0.694031 -1.05
      vertex 3.72585 -0.754227 -1.05
    endloop
  endfacet
  facet normal 0.445089 0.895486 0
    outer loop
      vertex 3.60474 -0.694031 -1.05
      vertex 3.72585 -0.754227 -1.4
      vertex 3.60474 -0.694031 -1.4
    endloop
  endfacet
  facet normal 0.251247 0.967923 -0
    outer loop
      vertex 3.86499 -0.790344 -1.4
      vertex 3.72585 -0.754227 -1.05
      vertex 3.86499 -0.790344 -1.05
    endloop
  endfacet
  facet normal 0.251247 0.967923 0
    outer loop
      vertex 3.72585 -0.754227 -1.05
      vertex 3.86499 -0.790344 -1.4
      vertex 3.72585 -0.754227 -1.4
    endloop
  endfacet
  facet normal 0.07637 0.99708 -0
    outer loop
      vertex 4.02217 -0.802383 -1.4
      vertex 3.86499 -0.790344 -1.05
      vertex 4.02217 -0.802383 -1.05
    endloop
  endfacet
  facet normal 0.07637 0.99708 0
    outer loop
      vertex 3.86499 -0.790344 -1.05
      vertex 4.02217 -0.802383 -1.4
      vertex 3.86499 -0.790344 -1.4
    endloop
  endfacet
  facet normal -0.0781276 0.996943 0
    outer loop
      vertex 4.17638 -0.790298 -1.4
      vertex 4.02217 -0.802383 -1.05
      vertex 4.17638 -0.790298 -1.05
    endloop
  endfacet
  facet normal -0.0781276 0.996943 0
    outer loop
      vertex 4.02217 -0.802383 -1.05
      vertex 4.17638 -0.790298 -1.4
      vertex 4.02217 -0.802383 -1.4
    endloop
  endfacet
  facet normal -0.650769 -0.759276 0
    outer loop
      vertex 3.77576 -0.435822 -1.4
      vertex 3.88005 -0.525208 -1.05
      vertex 3.77576 -0.435822 -1.05
    endloop
  endfacet
  facet normal -0.650769 -0.759276 -0
    outer loop
      vertex 3.88005 -0.525208 -1.05
      vertex 3.77576 -0.435822 -1.4
      vertex 3.88005 -0.525208 -1.4
    endloop
  endfacet
  facet normal -0.921956 -0.387294 0
    outer loop
      vertex 3.77576 -0.435822 -1.4
      vertex 3.71318 -0.28685 -1.05
      vertex 3.71318 -0.28685 -1.4
    endloop
  endfacet
  facet normal -0.921956 -0.387294 0
    outer loop
      vertex 3.71318 -0.28685 -1.05
      vertex 3.77576 -0.435822 -1.4
      vertex 3.77576 -0.435822 -1.05
    endloop
  endfacet
  facet normal -0.995035 -0.0995239 0
    outer loop
      vertex 3.71318 -0.28685 -1.4
      vertex 3.69232 -0.0782928 -1.05
      vertex 3.69232 -0.0782928 -1.4
    endloop
  endfacet
  facet normal -0.995035 -0.0995239 0
    outer loop
      vertex 3.69232 -0.0782928 -1.05
      vertex 3.71318 -0.28685 -1.4
      vertex 3.71318 -0.28685 -1.05
    endloop
  endfacet
  facet normal -0.999035 0.0439189 0
    outer loop
      vertex 3.69232 -0.0782928 -1.4
      vertex 3.69741 0.0374908 -1.05
      vertex 3.69741 0.0374908 -1.4
    endloop
  endfacet
  facet normal -0.999035 0.0439189 0
    outer loop
      vertex 3.69741 0.0374908 -1.05
      vertex 3.69232 -0.0782928 -1.4
      vertex 3.69232 -0.0782928 -1.05
    endloop
  endfacet
  facet normal -0.988324 0.152367 0
    outer loop
      vertex 3.69741 0.0374908 -1.4
      vertex 3.71263 0.136215 -1.05
      vertex 3.71263 0.136215 -1.4
    endloop
  endfacet
  facet normal -0.988324 0.152367 0
    outer loop
      vertex 3.71263 0.136215 -1.05
      vertex 3.69741 0.0374908 -1.4
      vertex 3.69741 0.0374908 -1.05
    endloop
  endfacet
  facet normal -0.955012 0.296567 0
    outer loop
      vertex 3.71263 0.136215 -1.4
      vertex 3.73799 0.21788 -1.05
      vertex 3.73799 0.21788 -1.4
    endloop
  endfacet
  facet normal -0.955012 0.296567 0
    outer loop
      vertex 3.73799 0.21788 -1.05
      vertex 3.71263 0.136215 -1.4
      vertex 3.71263 0.136215 -1.05
    endloop
  endfacet
  facet normal -0.876188 0.48197 0
    outer loop
      vertex 3.73799 0.21788 -1.4
      vertex 3.77352 0.282471 -1.05
      vertex 3.77352 0.282471 -1.4
    endloop
  endfacet
  facet normal -0.876188 0.48197 0
    outer loop
      vertex 3.77352 0.282471 -1.05
      vertex 3.73799 0.21788 -1.4
      vertex 3.73799 0.21788 -1.05
    endloop
  endfacet
  facet normal -0.735465 0.677562 0
    outer loop
      vertex 3.77352 0.282471 -1.4
      vertex 3.8187 0.331512 -1.05
      vertex 3.8187 0.331512 -1.4
    endloop
  endfacet
  facet normal -0.735465 0.677562 0
    outer loop
      vertex 3.8187 0.331512 -1.05
      vertex 3.77352 0.282471 -1.4
      vertex 3.77352 0.282471 -1.05
    endloop
  endfacet
  facet normal -0.541805 0.840505 0
    outer loop
      vertex 3.87305 0.366547 -1.4
      vertex 3.8187 0.331512 -1.05
      vertex 3.87305 0.366547 -1.05
    endloop
  endfacet
  facet normal -0.541805 0.840505 0
    outer loop
      vertex 3.8187 0.331512 -1.05
      vertex 3.87305 0.366547 -1.4
      vertex 3.8187 0.331512 -1.4
    endloop
  endfacet
  facet normal -0.314043 0.949409 0
    outer loop
      vertex 3.93657 0.387558 -1.4
      vertex 3.87305 0.366547 -1.05
      vertex 3.93657 0.387558 -1.05
    endloop
  endfacet
  facet normal -0.314043 0.949409 0
    outer loop
      vertex 3.87305 0.366547 -1.05
      vertex 3.93657 0.387558 -1.4
      vertex 3.87305 0.366547 -1.4
    endloop
  endfacet
  facet normal -0.0958579 0.995395 0
    outer loop
      vertex 4.0093 0.394562 -1.4
      vertex 3.93657 0.387558 -1.05
      vertex 4.0093 0.394562 -1.05
    endloop
  endfacet
  facet normal -0.0958579 0.995395 0
    outer loop
      vertex 3.93657 0.387558 -1.05
      vertex 4.0093 0.394562 -1.4
      vertex 3.93657 0.387558 -1.4
    endloop
  endfacet
  facet normal 0.200664 0.97966 -0
    outer loop
      vertex 4.1536 0.365005 -1.4
      vertex 4.0093 0.394562 -1.05
      vertex 4.1536 0.365005 -1.05
    endloop
  endfacet
  facet normal 0.200664 0.97966 0
    outer loop
      vertex 4.0093 0.394562 -1.05
      vertex 4.1536 0.365005 -1.4
      vertex 4.0093 0.394562 -1.4
    endloop
  endfacet
  facet normal 0.652093 0.758139 -0
    outer loop
      vertex 4.25667 0.276352 -1.4
      vertex 4.1536 0.365005 -1.05
      vertex 4.25667 0.276352 -1.05
    endloop
  endfacet
  facet normal 0.652093 0.758139 0
    outer loop
      vertex 4.1536 0.365005 -1.05
      vertex 4.25667 0.276352 -1.4
      vertex 4.1536 0.365005 -1.4
    endloop
  endfacet
  facet normal 0.922489 0.386022 0
    outer loop
      vertex 4.31851 0.128571 -1.05
      vertex 4.25667 0.276352 -1.4
      vertex 4.25667 0.276352 -1.05
    endloop
  endfacet
  facet normal 0.922489 0.386022 0
    outer loop
      vertex 4.25667 0.276352 -1.4
      vertex 4.31851 0.128571 -1.05
      vertex 4.31851 0.128571 -1.4
    endloop
  endfacet
  facet normal 0.995069 0.0991876 0
    outer loop
      vertex 4.33913 -0.0782928 -1.05
      vertex 4.31851 0.128571 -1.4
      vertex 4.31851 0.128571 -1.05
    endloop
  endfacet
  facet normal 0.995069 0.0991876 0
    outer loop
      vertex 4.31851 0.128571 -1.4
      vertex 4.33913 -0.0782928 -1.05
      vertex 4.33913 -0.0782928 -1.4
    endloop
  endfacet
  facet normal 0.998945 -0.0459226 0
    outer loop
      vertex 4.33409 -0.187927 -1.05
      vertex 4.33913 -0.0782928 -1.4
      vertex 4.33913 -0.0782928 -1.05
    endloop
  endfacet
  facet normal 0.998945 -0.0459226 0
    outer loop
      vertex 4.33913 -0.0782928 -1.4
      vertex 4.33409 -0.187927 -1.05
      vertex 4.33409 -0.187927 -1.4
    endloop
  endfacet
  facet normal 0.987796 -0.155751 0
    outer loop
      vertex 4.319 -0.28363 -1.05
      vertex 4.33409 -0.187927 -1.4
      vertex 4.33409 -0.187927 -1.05
    endloop
  endfacet
  facet normal 0.987796 -0.155751 0
    outer loop
      vertex 4.33409 -0.187927 -1.4
      vertex 4.319 -0.28363 -1.05
      vertex 4.319 -0.28363 -1.4
    endloop
  endfacet
  facet normal 0.955781 -0.294079 0
    outer loop
      vertex 4.29384 -0.365402 -1.05
      vertex 4.319 -0.28363 -1.4
      vertex 4.319 -0.28363 -1.05
    endloop
  endfacet
  facet normal 0.955781 -0.294079 0
    outer loop
      vertex 4.319 -0.28363 -1.4
      vertex 4.29384 -0.365402 -1.05
      vertex 4.29384 -0.365402 -1.4
    endloop
  endfacet
  facet normal 0.88747 -0.460865 0
    outer loop
      vertex 4.25861 -0.433243 -1.05
      vertex 4.29384 -0.365402 -1.4
      vertex 4.29384 -0.365402 -1.05
    endloop
  endfacet
  facet normal 0.88747 -0.460865 0
    outer loop
      vertex 4.29384 -0.365402 -1.4
      vertex 4.25861 -0.433243 -1.05
      vertex 4.25861 -0.433243 -1.4
    endloop
  endfacet
  facet normal 0.765741 -0.643149 0
    outer loop
      vertex 4.21387 -0.486511 -1.05
      vertex 4.25861 -0.433243 -1.4
      vertex 4.25861 -0.433243 -1.05
    endloop
  endfacet
  facet normal 0.765741 -0.643149 0
    outer loop
      vertex 4.25861 -0.433243 -1.4
      vertex 4.21387 -0.486511 -1.05
      vertex 4.21387 -0.486511 -1.4
    endloop
  endfacet
  facet normal 0.57842 -0.815739 0
    outer loop
      vertex 4.1602 -0.524567 -1.4
      vertex 4.21387 -0.486511 -1.05
      vertex 4.1602 -0.524567 -1.05
    endloop
  endfacet
  facet normal 0.57842 -0.815739 0
    outer loop
      vertex 4.21387 -0.486511 -1.05
      vertex 4.1602 -0.524567 -1.4
      vertex 4.21387 -0.486511 -1.4
    endloop
  endfacet
  facet normal 0.342583 -0.939488 0
    outer loop
      vertex 4.0976 -0.547394 -1.4
      vertex 4.1602 -0.524567 -1.05
      vertex 4.0976 -0.547394 -1.05
    endloop
  endfacet
  facet normal 0.342583 -0.939488 0
    outer loop
      vertex 4.1602 -0.524567 -1.05
      vertex 4.0976 -0.547394 -1.4
      vertex 4.1602 -0.524567 -1.4
    endloop
  endfacet
  facet normal 0.105818 -0.994386 0
    outer loop
      vertex 4.02605 -0.555008 -1.4
      vertex 4.0976 -0.547394 -1.05
      vertex 4.02605 -0.555008 -1.05
    endloop
  endfacet
  facet normal 0.105818 -0.994386 0
    outer loop
      vertex 4.0976 -0.547394 -1.05
      vertex 4.02605 -0.555008 -1.4
      vertex 4.0976 -0.547394 -1.4
    endloop
  endfacet
  facet normal -0.199986 -0.979799 0
    outer loop
      vertex 3.88005 -0.525208 -1.4
      vertex 4.02605 -0.555008 -1.05
      vertex 3.88005 -0.525208 -1.05
    endloop
  endfacet
  facet normal -0.199986 -0.979799 -0
    outer loop
      vertex 4.02605 -0.555008 -1.05
      vertex 3.88005 -0.525208 -1.4
      vertex 4.02605 -0.555008 -1.4
    endloop
  endfacet
  facet normal -0.237512 0.971385 0
    outer loop
      vertex 14.6632 -0.774841 -1.4
      vertex 14.5787 -0.795502 -1.05
      vertex 14.6632 -0.774841 -1.05
    endloop
  endfacet
  facet normal -0.237512 0.971385 0
    outer loop
      vertex 14.5787 -0.795502 -1.05
      vertex 14.6632 -0.774841 -1.4
      vertex 14.5787 -0.795502 -1.4
    endloop
  endfacet
  facet normal -0.424613 0.905375 0
    outer loop
      vertex 14.7366 -0.740417 -1.4
      vertex 14.6632 -0.774841 -1.05
      vertex 14.7366 -0.740417 -1.05
    endloop
  endfacet
  facet normal -0.424613 0.905375 0
    outer loop
      vertex 14.6632 -0.774841 -1.05
      vertex 14.7366 -0.740417 -1.4
      vertex 14.6632 -0.774841 -1.4
    endloop
  endfacet
  facet normal -0.612548 0.790434 0
    outer loop
      vertex 14.7988 -0.692215 -1.4
      vertex 14.7366 -0.740417 -1.05
      vertex 14.7988 -0.692215 -1.05
    endloop
  endfacet
  facet normal -0.612548 0.790434 0
    outer loop
      vertex 14.7366 -0.740417 -1.05
      vertex 14.7988 -0.692215 -1.4
      vertex 14.7366 -0.740417 -1.4
    endloop
  endfacet
  facet normal -0.774197 0.632945 0
    outer loop
      vertex 14.7988 -0.692215 -1.4
      vertex 14.8484 -0.631546 -1.05
      vertex 14.8484 -0.631546 -1.4
    endloop
  endfacet
  facet normal -0.774197 0.632945 0
    outer loop
      vertex 14.8484 -0.631546 -1.05
      vertex 14.7988 -0.692215 -1.4
      vertex 14.7988 -0.692215 -1.05
    endloop
  endfacet
  facet normal -0.896585 0.442872 0
    outer loop
      vertex 14.8484 -0.631546 -1.4
      vertex 14.8839 -0.559677 -1.05
      vertex 14.8839 -0.559677 -1.4
    endloop
  endfacet
  facet normal -0.896585 0.442872 0
    outer loop
      vertex 14.8839 -0.559677 -1.05
      vertex 14.8484 -0.631546 -1.4
      vertex 14.8484 -0.631546 -1.05
    endloop
  endfacet
  facet normal -0.968943 0.247284 0
    outer loop
      vertex 14.8839 -0.559677 -1.4
      vertex 14.9051 -0.476608 -1.05
      vertex 14.9051 -0.476608 -1.4
    endloop
  endfacet
  facet normal -0.968943 0.247284 0
    outer loop
      vertex 14.9051 -0.476608 -1.05
      vertex 14.8839 -0.559677 -1.4
      vertex 14.8839 -0.559677 -1.05
    endloop
  endfacet
  facet normal -0.997175 0.0751163 0
    outer loop
      vertex 14.9051 -0.476608 -1.4
      vertex 14.9122 -0.382355 -1.05
      vertex 14.9122 -0.382355 -1.4
    endloop
  endfacet
  facet normal -0.997175 0.0751163 0
    outer loop
      vertex 14.9122 -0.382355 -1.05
      vertex 14.9051 -0.476608 -1.4
      vertex 14.9051 -0.476608 -1.05
    endloop
  endfacet
  facet normal -0.996284 -0.0861295 0
    outer loop
      vertex 14.9122 -0.382355 -1.4
      vertex 14.9034 -0.280563 -1.05
      vertex 14.9034 -0.280563 -1.4
    endloop
  endfacet
  facet normal -0.996284 -0.0861295 0
    outer loop
      vertex 14.9034 -0.280563 -1.05
      vertex 14.9122 -0.382355 -1.4
      vertex 14.9122 -0.382355 -1.05
    endloop
  endfacet
  facet normal -0.958327 -0.285675 0
    outer loop
      vertex 14.9034 -0.280563 -1.4
      vertex 14.8769 -0.191666 -1.05
      vertex 14.8769 -0.191666 -1.4
    endloop
  endfacet
  facet normal -0.958327 -0.285675 0
    outer loop
      vertex 14.8769 -0.191666 -1.05
      vertex 14.9034 -0.280563 -1.4
      vertex 14.9034 -0.280563 -1.05
    endloop
  endfacet
  facet normal -0.864944 -0.501869 0
    outer loop
      vertex 14.8769 -0.191666 -1.4
      vertex 14.8328 -0.115662 -1.05
      vertex 14.8328 -0.115662 -1.4
    endloop
  endfacet
  facet normal -0.864944 -0.501869 0
    outer loop
      vertex 14.8328 -0.115662 -1.05
      vertex 14.8769 -0.191666 -1.4
      vertex 14.8769 -0.191666 -1.05
    endloop
  endfacet
  facet normal -0.715222 -0.698897 0
    outer loop
      vertex 14.8328 -0.115662 -1.4
      vertex 14.7711 -0.0525208 -1.05
      vertex 14.7711 -0.0525208 -1.4
    endloop
  endfacet
  facet normal -0.715222 -0.698897 0
    outer loop
      vertex 14.7711 -0.0525208 -1.05
      vertex 14.8328 -0.115662 -1.4
      vertex 14.8328 -0.115662 -1.05
    endloop
  endfacet
  facet normal -0.535377 -0.844613 0
    outer loop
      vertex 14.6926 -0.00276184 -1.4
      vertex 14.7711 -0.0525208 -1.05
      vertex 14.6926 -0.00276184 -1.05
    endloop
  endfacet
  facet normal -0.535377 -0.844613 -0
    outer loop
      vertex 14.7711 -0.0525208 -1.05
      vertex 14.6926 -0.00276184 -1.4
      vertex 14.7711 -0.0525208 -1.4
    endloop
  endfacet
  facet normal -0.355823 -0.934553 0
    outer loop
      vertex 14.5983 0.0331421 -1.4
      vertex 14.6926 -0.00276184 -1.05
      vertex 14.5983 0.0331421 -1.05
    endloop
  endfacet
  facet normal -0.355823 -0.934553 -0
    outer loop
      vertex 14.6926 -0.00276184 -1.05
      vertex 14.5983 0.0331421 -1.4
      vertex 14.6926 -0.00276184 -1.4
    endloop
  endfacet
  facet normal -0.196454 -0.980513 0
    outer loop
      vertex 14.4881 0.0552216 -1.4
      vertex 14.5983 0.0331421 -1.05
      vertex 14.4881 0.0552216 -1.05
    endloop
  endfacet
  facet normal -0.196454 -0.980513 -0
    outer loop
      vertex 14.5983 0.0331421 -1.05
      vertex 14.4881 0.0552216 -1.4
      vertex 14.5983 0.0331421 -1.4
    endloop
  endfacet
  facet normal -0.0649632 -0.997888 0
    outer loop
      vertex 14.362 0.0634308 -1.4
      vertex 14.4881 0.0552216 -1.05
      vertex 14.362 0.0634308 -1.05
    endloop
  endfacet
  facet normal -0.0649632 -0.997888 -0
    outer loop
      vertex 14.4881 0.0552216 -1.05
      vertex 14.362 0.0634308 -1.4
      vertex 14.4881 0.0552216 -1.4
    endloop
  endfacet
  facet normal -0.0171777 -0.999852 0
    outer loop
      vertex 14.0618 0.0685883 -1.4
      vertex 14.362 0.0634308 -1.05
      vertex 14.0618 0.0685883 -1.05
    endloop
  endfacet
  facet normal -0.0171777 -0.999852 -0
    outer loop
      vertex 14.362 0.0634308 -1.05
      vertex 14.0618 0.0685883 -1.4
      vertex 14.362 0.0634308 -1.4
    endloop
  endfacet
  facet normal -1 0 0
    outer loop
      vertex 14.0618 0.0685883 -1.4
      vertex 14.0618 0.13945 -1.05
      vertex 14.0618 0.13945 -1.4
    endloop
  endfacet
  facet normal -1 -0 0
    outer loop
      vertex 14.0618 0.13945 -1.05
      vertex 14.0618 0.0685883 -1.4
      vertex 14.0618 0.0685883 -1.05
    endloop
  endfacet
  facet normal -0.9989 0.0468938 0
    outer loop
      vertex 14.0618 0.13945 -1.4
      vertex 14.0648 0.203354 -1.05
      vertex 14.0648 0.203354 -1.4
    endloop
  endfacet
  facet normal -0.9989 0.0468938 0
    outer loop
      vertex 14.0648 0.203354 -1.05
      vertex 14.0618 0.13945 -1.4
      vertex 14.0618 0.13945 -1.05
    endloop
  endfacet
  facet normal -0.987212 0.159415 0
    outer loop
      vertex 14.0648 0.203354 -1.4
      vertex 14.0737 0.258469 -1.05
      vertex 14.0737 0.258469 -1.4
    endloop
  endfacet
  facet normal -0.987212 0.159415 0
    outer loop
      vertex 14.0737 0.258469 -1.05
      vertex 14.0648 0.203354 -1.4
      vertex 14.0648 0.203354 -1.05
    endloop
  endfacet
  facet normal -0.9514 0.307956 0
    outer loop
      vertex 14.0737 0.258469 -1.4
      vertex 14.0887 0.30481 -1.05
      vertex 14.0887 0.30481 -1.4
    endloop
  endfacet
  facet normal -0.9514 0.307956 0
    outer loop
      vertex 14.0887 0.30481 -1.05
      vertex 14.0737 0.258469 -1.4
      vertex 14.0737 0.258469 -1.05
    endloop
  endfacet
  facet normal -0.874854 0.484387 0
    outer loop
      vertex 14.0887 0.30481 -1.4
      vertex 14.1095 0.342377 -1.05
      vertex 14.1095 0.342377 -1.4
    endloop
  endfacet
  facet normal -0.874854 0.484387 0
    outer loop
      vertex 14.1095 0.342377 -1.05
      vertex 14.0887 0.30481 -1.4
      vertex 14.0887 0.30481 -1.05
    endloop
  endfacet
  facet normal -0.724814 0.688944 0
    outer loop
      vertex 14.1095 0.342377 -1.4
      vertex 14.1371 0.371414 -1.05
      vertex 14.1371 0.371414 -1.4
    endloop
  endfacet
  facet normal -0.724814 0.688944 0
    outer loop
      vertex 14.1371 0.371414 -1.05
      vertex 14.1095 0.342377 -1.4
      vertex 14.1095 0.342377 -1.05
    endloop
  endfacet
  facet normal -0.507586 0.861601 0
    outer loop
      vertex 14.1723 0.392151 -1.4
      vertex 14.1371 0.371414 -1.05
      vertex 14.1723 0.392151 -1.05
    endloop
  endfacet
  facet normal -0.507586 0.861601 0
    outer loop
      vertex 14.1371 0.371414 -1.05
      vertex 14.1723 0.392151 -1.4
      vertex 14.1371 0.371414 -1.4
    endloop
  endfacet
  facet normal -0.279021 0.960285 0
    outer loop
      vertex 14.2151 0.404587 -1.4
      vertex 14.1723 0.392151 -1.05
      vertex 14.2151 0.404587 -1.05
    endloop
  endfacet
  facet normal -0.279021 0.960285 0
    outer loop
      vertex 14.1723 0.392151 -1.05
      vertex 14.2151 0.404587 -1.4
      vertex 14.1723 0.392151 -1.4
    endloop
  endfacet
  facet normal -0.0822256 0.996614 0
    outer loop
      vertex 14.2654 0.408737 -1.4
      vertex 14.2151 0.404587 -1.05
      vertex 14.2654 0.408737 -1.05
    endloop
  endfacet
  facet normal -0.0822256 0.996614 0
    outer loop
      vertex 14.2151 0.404587 -1.05
      vertex 14.2654 0.408737 -1.4
      vertex 14.2151 0.404587 -1.4
    endloop
  endfacet
  facet normal 0.0607193 0.998155 -0
    outer loop
      vertex 14.3123 0.405884 -1.4
      vertex 14.2654 0.408737 -1.05
      vertex 14.3123 0.405884 -1.05
    endloop
  endfacet
  facet normal 0.0607193 0.998155 0
    outer loop
      vertex 14.2654 0.408737 -1.05
      vertex 14.3123 0.405884 -1.4
      vertex 14.2654 0.408737 -1.4
    endloop
  endfacet
  facet normal 0.208638 0.977993 -0
    outer loop
      vertex 14.3525 0.397308 -1.4
      vertex 14.3123 0.405884 -1.05
      vertex 14.3525 0.397308 -1.05
    endloop
  endfacet
  facet normal 0.208638 0.977993 0
    outer loop
      vertex 14.3123 0.405884 -1.05
      vertex 14.3525 0.397308 -1.4
      vertex 14.3123 0.405884 -1.4
    endloop
  endfacet
  facet normal 0.391535 0.920163 -0
    outer loop
      vertex 14.3861 0.383011 -1.4
      vertex 14.3525 0.397308 -1.05
      vertex 14.3861 0.383011 -1.05
    endloop
  endfacet
  facet normal 0.391535 0.920163 0
    outer loop
      vertex 14.3525 0.397308 -1.05
      vertex 14.3861 0.383011 -1.4
      vertex 14.3525 0.397308 -1.4
    endloop
  endfacet
  facet normal 0.598468 0.801146 -0
    outer loop
      vertex 14.4129 0.362991 -1.4
      vertex 14.3861 0.383011 -1.05
      vertex 14.4129 0.362991 -1.05
    endloop
  endfacet
  facet normal 0.598468 0.801146 0
    outer loop
      vertex 14.3861 0.383011 -1.05
      vertex 14.4129 0.362991 -1.4
      vertex 14.3861 0.383011 -1.4
    endloop
  endfacet
  facet normal 0.780708 0.624895 0
    outer loop
      vertex 14.4342 0.33638 -1.05
      vertex 14.4129 0.362991 -1.4
      vertex 14.4129 0.362991 -1.05
    endloop
  endfacet
  facet normal 0.780708 0.624895 0
    outer loop
      vertex 14.4129 0.362991 -1.4
      vertex 14.4342 0.33638 -1.05
      vertex 14.4342 0.33638 -1.4
    endloop
  endfacet
  facet normal 0.896014 0.444026 0
    outer loop
      vertex 14.4511 0.302277 -1.05
      vertex 14.4342 0.33638 -1.4
      vertex 14.4342 0.33638 -1.05
    endloop
  endfacet
  facet normal 0.896014 0.444026 0
    outer loop
      vertex 14.4342 0.33638 -1.4
      vertex 14.4511 0.302277 -1.05
      vertex 14.4511 0.302277 -1.4
    endloop
  endfacet
  facet normal 0.958325 0.285682 0
    outer loop
      vertex 14.4635 0.260681 -1.05
      vertex 14.4511 0.302277 -1.4
      vertex 14.4511 0.302277 -1.05
    endloop
  endfacet
  facet normal 0.958325 0.285682 0
    outer loop
      vertex 14.4511 0.302277 -1.4
      vertex 14.4635 0.260681 -1.05
      vertex 14.4635 0.260681 -1.4
    endloop
  endfacet
  facet normal 0.986978 0.160854 0
    outer loop
      vertex 14.4715 0.211594 -1.05
      vertex 14.4635 0.260681 -1.4
      vertex 14.4635 0.260681 -1.05
    endloop
  endfacet
  facet normal 0.986978 0.160854 0
    outer loop
      vertex 14.4635 0.260681 -1.4
      vertex 14.4715 0.211594 -1.05
      vertex 14.4715 0.211594 -1.4
    endloop
  endfacet
  facet normal -0.04775 0.998859 0
    outer loop
      vertex 14.8491 0.229645 -1.4
      vertex 14.4715 0.211594 -1.05
      vertex 14.8491 0.229645 -1.05
    endloop
  endfacet
  facet normal -0.04775 0.998859 0
    outer loop
      vertex 14.4715 0.211594 -1.05
      vertex 14.8491 0.229645 -1.4
      vertex 14.4715 0.211594 -1.4
    endloop
  endfacet
  facet normal -0.968223 -0.250087 0
    outer loop
      vertex 14.8491 0.229645 -1.4
      vertex 14.8244 0.325272 -1.05
      vertex 14.8244 0.325272 -1.4
    endloop
  endfacet
  facet normal -0.968223 -0.250087 0
    outer loop
      vertex 14.8244 0.325272 -1.05
      vertex 14.8491 0.229645 -1.4
      vertex 14.8491 0.229645 -1.05
    endloop
  endfacet
  facet normal -0.904394 -0.426698 0
    outer loop
      vertex 14.8244 0.325272 -1.4
      vertex 14.7851 0.408569 -1.05
      vertex 14.7851 0.408569 -1.4
    endloop
  endfacet
  facet normal -0.904394 -0.426698 0
    outer loop
      vertex 14.7851 0.408569 -1.05
      vertex 14.8244 0.325272 -1.4
      vertex 14.8244 0.325272 -1.05
    endloop
  endfacet
  facet normal -0.796961 -0.604031 0
    outer loop
      vertex 14.7851 0.408569 -1.4
      vertex 14.7313 0.479553 -1.05
      vertex 14.7313 0.479553 -1.4
    endloop
  endfacet
  facet normal -0.796961 -0.604031 0
    outer loop
      vertex 14.7313 0.479553 -1.05
      vertex 14.7851 0.408569 -1.4
      vertex 14.7851 0.408569 -1.05
    endloop
  endfacet
  facet normal -0.65096 -0.759112 0
    outer loop
      vertex 14.6629 0.538208 -1.4
      vertex 14.7313 0.479553 -1.05
      vertex 14.6629 0.538208 -1.05
    endloop
  endfacet
  facet normal -0.65096 -0.759112 -0
    outer loop
      vertex 14.7313 0.479553 -1.05
      vertex 14.6629 0.538208 -1.4
      vertex 14.7313 0.479553 -1.4
    endloop
  endfacet
  facet normal -0.486088 -0.87391 0
    outer loop
      vertex 14.5803 0.584152 -1.4
      vertex 14.6629 0.538208 -1.05
      vertex 14.5803 0.584152 -1.05
    endloop
  endfacet
  facet normal -0.486088 -0.87391 -0
    outer loop
      vertex 14.6629 0.538208 -1.05
      vertex 14.5803 0.584152 -1.4
      vertex 14.6629 0.538208 -1.4
    endloop
  endfacet
  facet normal -0.322475 -0.946578 0
    outer loop
      vertex 14.484 0.616959 -1.4
      vertex 14.5803 0.584152 -1.05
      vertex 14.484 0.616959 -1.05
    endloop
  endfacet
  facet normal -0.322475 -0.946578 -0
    outer loop
      vertex 14.5803 0.584152 -1.05
      vertex 14.484 0.616959 -1.4
      vertex 14.5803 0.584152 -1.4
    endloop
  endfacet
  facet normal -0.175967 -0.984396 0
    outer loop
      vertex 14.3738 0.636658 -1.4
      vertex 14.484 0.616959 -1.05
      vertex 14.3738 0.636658 -1.05
    endloop
  endfacet
  facet normal -0.175967 -0.984396 -0
    outer loop
      vertex 14.484 0.616959 -1.05
      vertex 14.3738 0.636658 -1.4
      vertex 14.484 0.616959 -1.4
    endloop
  endfacet
  facet normal -0.0529225 -0.998599 0
    outer loop
      vertex 14.25 0.643219 -1.4
      vertex 14.3738 0.636658 -1.05
      vertex 14.25 0.643219 -1.05
    endloop
  endfacet
  facet normal -0.0529225 -0.998599 -0
    outer loop
      vertex 14.3738 0.636658 -1.05
      vertex 14.25 0.643219 -1.4
      vertex 14.3738 0.636658 -1.4
    endloop
  endfacet
  facet normal 0.0651864 -0.997873 0
    outer loop
      vertex 14.1255 0.635086 -1.4
      vertex 14.25 0.643219 -1.05
      vertex 14.1255 0.635086 -1.05
    endloop
  endfacet
  facet normal 0.0651864 -0.997873 0
    outer loop
      vertex 14.25 0.643219 -1.05
      vertex 14.1255 0.635086 -1.4
      vertex 14.25 0.643219 -1.4
    endloop
  endfacet
  facet normal 0.217678 -0.976021 0
    outer loop
      vertex 14.0161 0.610687 -1.4
      vertex 14.1255 0.635086 -1.05
      vertex 14.0161 0.610687 -1.05
    endloop
  endfacet
  facet normal 0.217678 -0.976021 0
    outer loop
      vertex 14.1255 0.635086 -1.05
      vertex 14.0161 0.610687 -1.4
      vertex 14.1255 0.635086 -1.4
    endloop
  endfacet
  facet normal 0.396327 -0.918109 0
    outer loop
      vertex 13.9219 0.570023 -1.4
      vertex 14.0161 0.610687 -1.05
      vertex 13.9219 0.570023 -1.05
    endloop
  endfacet
  facet normal 0.396327 -0.918109 0
    outer loop
      vertex 14.0161 0.610687 -1.05
      vertex 13.9219 0.570023 -1.4
      vertex 14.0161 0.610687 -1.4
    endloop
  endfacet
  facet normal 0.584163 -0.811637 0
    outer loop
      vertex 13.8428 0.513092 -1.4
      vertex 13.9219 0.570023 -1.05
      vertex 13.8428 0.513092 -1.05
    endloop
  endfacet
  facet normal 0.584163 -0.811637 0
    outer loop
      vertex 13.9219 0.570023 -1.05
      vertex 13.8428 0.513092 -1.4
      vertex 13.9219 0.570023 -1.4
    endloop
  endfacet
  facet normal 0.754267 -0.656568 0
    outer loop
      vertex 13.7802 0.441177 -1.05
      vertex 13.8428 0.513092 -1.4
      vertex 13.8428 0.513092 -1.05
    endloop
  endfacet
  facet normal 0.754267 -0.656568 0
    outer loop
      vertex 13.8428 0.513092 -1.4
      vertex 13.7802 0.441177 -1.05
      vertex 13.7802 0.441177 -1.4
    endloop
  endfacet
  facet normal 0.886421 -0.46288 0
    outer loop
      vertex 13.7355 0.355576 -1.05
      vertex 13.7802 0.441177 -1.4
      vertex 13.7802 0.441177 -1.05
    endloop
  endfacet
  facet normal 0.886421 -0.46288 0
    outer loop
      vertex 13.7802 0.441177 -1.4
      vertex 13.7355 0.355576 -1.05
      vertex 13.7355 0.355576 -1.4
    endloop
  endfacet
  facet normal 0.965449 -0.260593 0
    outer loop
      vertex 13.7087 0.256287 -1.05
      vertex 13.7355 0.355576 -1.4
      vertex 13.7355 0.355576 -1.05
    endloop
  endfacet
  facet normal 0.965449 -0.260593 0
    outer loop
      vertex 13.7355 0.355576 -1.4
      vertex 13.7087 0.256287 -1.05
      vertex 13.7087 0.256287 -1.4
    endloop
  endfacet
  facet normal 0.996911 -0.0785345 0
    outer loop
      vertex 13.6998 0.143311 -1.05
      vertex 13.7087 0.256287 -1.4
      vertex 13.7087 0.256287 -1.05
    endloop
  endfacet
  facet normal 0.996911 -0.0785345 0
    outer loop
      vertex 13.7087 0.256287 -1.4
      vertex 13.6998 0.143311 -1.05
      vertex 13.6998 0.143311 -1.4
    endloop
  endfacet
  facet normal 1 -0 0
    outer loop
      vertex 13.6998 -0.364319 -1.05
      vertex 13.6998 0.143311 -1.4
      vertex 13.6998 0.143311 -1.05
    endloop
  endfacet
  facet normal 1 0 0
    outer loop
      vertex 13.6998 0.143311 -1.4
      vertex 13.6998 -0.364319 -1.05
      vertex 13.6998 -0.364319 -1.4
    endloop
  endfacet
  facet normal 0.999506 -0.0314211 0
    outer loop
      vertex 13.6981 -0.418396 -1.05
      vertex 13.6998 -0.364319 -1.4
      vertex 13.6998 -0.364319 -1.05
    endloop
  endfacet
  facet normal 0.999506 -0.0314211 0
    outer loop
      vertex 13.6998 -0.364319 -1.4
      vertex 13.6981 -0.418396 -1.05
      vertex 13.6981 -0.418396 -1.4
    endloop
  endfacet
  facet normal 0.994116 -0.108325 0
    outer loop
      vertex 13.6932 -0.463364 -1.05
      vertex 13.6981 -0.418396 -1.4
      vertex 13.6981 -0.418396 -1.05
    endloop
  endfacet
  facet normal 0.994116 -0.108325 0
    outer loop
      vertex 13.6981 -0.418396 -1.4
      vertex 13.6932 -0.463364 -1.05
      vertex 13.6932 -0.463364 -1.4
    endloop
  endfacet
  facet normal 0.974283 -0.225327 0
    outer loop
      vertex 13.6849 -0.499252 -1.05
      vertex 13.6932 -0.463364 -1.4
      vertex 13.6932 -0.463364 -1.05
    endloop
  endfacet
  facet normal 0.974283 -0.225327 0
    outer loop
      vertex 13.6932 -0.463364 -1.4
      vertex 13.6849 -0.499252 -1.05
      vertex 13.6849 -0.499252 -1.4
    endloop
  endfacet
  facet normal 0.918855 -0.394594 0
    outer loop
      vertex 13.6734 -0.526031 -1.05
      vertex 13.6849 -0.499252 -1.4
      vertex 13.6849 -0.499252 -1.05
    endloop
  endfacet
  facet normal 0.918855 -0.394594 0
    outer loop
      vertex 13.6849 -0.499252 -1.4
      vertex 13.6734 -0.526031 -1.05
      vertex 13.6734 -0.526031 -1.4
    endloop
  endfacet
  facet normal 0.781888 -0.623419 0
    outer loop
      vertex 13.6579 -0.545471 -1.05
      vertex 13.6734 -0.526031 -1.4
      vertex 13.6734 -0.526031 -1.05
    endloop
  endfacet
  facet normal 0.781888 -0.623419 0
    outer loop
      vertex 13.6734 -0.526031 -1.4
      vertex 13.6579 -0.545471 -1.05
      vertex 13.6579 -0.545471 -1.4
    endloop
  endfacet
  facet normal 0.574184 -0.818727 0
    outer loop
      vertex 13.6381 -0.559357 -1.4
      vertex 13.6579 -0.545471 -1.05
      vertex 13.6381 -0.559357 -1.05
    endloop
  endfacet
  facet normal 0.574184 -0.818727 0
    outer loop
      vertex 13.6579 -0.545471 -1.05
      vertex 13.6381 -0.559357 -1.4
      vertex 13.6579 -0.545471 -1.4
    endloop
  endfacet
  facet normal 0.324309 -0.945951 0
    outer loop
      vertex 13.6138 -0.567688 -1.4
      vertex 13.6381 -0.559357 -1.05
      vertex 13.6138 -0.567688 -1.05
    endloop
  endfacet
  facet normal 0.324309 -0.945951 0
    outer loop
      vertex 13.6381 -0.559357 -1.05
      vertex 13.6138 -0.567688 -1.4
      vertex 13.6381 -0.559357 -1.4
    endloop
  endfacet
  facet normal 0.0963098 -0.995351 0
    outer loop
      vertex 13.5851 -0.570465 -1.4
      vertex 13.6138 -0.567688 -1.05
      vertex 13.5851 -0.570465 -1.05
    endloop
  endfacet
  facet normal 0.0963098 -0.995351 0
    outer loop
      vertex 13.6138 -0.567688 -1.05
      vertex 13.5851 -0.570465 -1.4
      vertex 13.6138 -0.567688 -1.4
    endloop
  endfacet
  facet normal -0.0239147 -0.999714 0
    outer loop
      vertex 13.5647 -0.569977 -1.4
      vertex 13.5851 -0.570465 -1.05
      vertex 13.5647 -0.569977 -1.05
    endloop
  endfacet
  facet normal -0.0239147 -0.999714 -0
    outer loop
      vertex 13.5851 -0.570465 -1.05
      vertex 13.5647 -0.569977 -1.4
      vertex 13.5851 -0.570465 -1.4
    endloop
  endfacet
  facet normal -0.071598 -0.997434 0
    outer loop
      vertex 13.5445 -0.568527 -1.4
      vertex 13.5647 -0.569977 -1.05
      vertex 13.5445 -0.568527 -1.05
    endloop
  endfacet
  facet normal -0.071598 -0.997434 -0
    outer loop
      vertex 13.5647 -0.569977 -1.05
      vertex 13.5445 -0.568527 -1.4
      vertex 13.5647 -0.569977 -1.4
    endloop
  endfacet
  facet normal -0.120875 -0.992668 0
    outer loop
      vertex 13.5247 -0.566116 -1.4
      vertex 13.5445 -0.568527 -1.05
      vertex 13.5247 -0.566116 -1.05
    endloop
  endfacet
  facet normal -0.120875 -0.992668 -0
    outer loop
      vertex 13.5445 -0.568527 -1.05
      vertex 13.5247 -0.566116 -1.4
      vertex 13.5445 -0.568527 -1.4
    endloop
  endfacet
  facet normal -0.17113 -0.985248 0
    outer loop
      vertex 13.5052 -0.562729 -1.4
      vertex 13.5247 -0.566116 -1.05
      vertex 13.5052 -0.562729 -1.05
    endloop
  endfacet
  facet normal -0.17113 -0.985248 -0
    outer loop
      vertex 13.5247 -0.566116 -1.05
      vertex 13.5052 -0.562729 -1.4
      vertex 13.5247 -0.566116 -1.4
    endloop
  endfacet
  facet normal 1 -0 0
    outer loop
      vertex 13.5052 -0.758591 -1.05
      vertex 13.5052 -0.562729 -1.4
      vertex 13.5052 -0.562729 -1.05
    endloop
  endfacet
  facet normal 1 0 0
    outer loop
      vertex 13.5052 -0.562729 -1.4
      vertex 13.5052 -0.758591 -1.05
      vertex 13.5052 -0.758591 -1.4
    endloop
  endfacet
  facet normal 0.233432 0.972373 -0
    outer loop
      vertex 13.5209 -0.76236 -1.4
      vertex 13.5052 -0.758591 -1.05
      vertex 13.5209 -0.76236 -1.05
    endloop
  endfacet
  facet normal 0.233432 0.972373 0
    outer loop
      vertex 13.5052 -0.758591 -1.05
      vertex 13.5209 -0.76236 -1.4
      vertex 13.5052 -0.758591 -1.4
    endloop
  endfacet
  facet normal 0.237646 0.971352 -0
    outer loop
      vertex 13.5499 -0.769455 -1.4
      vertex 13.5209 -0.76236 -1.05
      vertex 13.5499 -0.769455 -1.05
    endloop
  endfacet
  facet normal 0.237646 0.971352 0
    outer loop
      vertex 13.5209 -0.76236 -1.05
      vertex 13.5499 -0.769455 -1.4
      vertex 13.5209 -0.76236 -1.4
    endloop
  endfacet
  facet normal 0.241574 0.970382 -0
    outer loop
      vertex 13.5632 -0.772766 -1.4
      vertex 13.5499 -0.769455 -1.05
      vertex 13.5632 -0.772766 -1.05
    endloop
  endfacet
  facet normal 0.241574 0.970382 0
    outer loop
      vertex 13.5499 -0.769455 -1.05
      vertex 13.5632 -0.772766 -1.4
      vertex 13.5499 -0.769455 -1.4
    endloop
  endfacet
  facet normal 0.230233 0.973135 -0
    outer loop
      vertex 13.5761 -0.775818 -1.4
      vertex 13.5632 -0.772766 -1.05
      vertex 13.5761 -0.775818 -1.05
    endloop
  endfacet
  facet normal 0.230233 0.973135 0
    outer loop
      vertex 13.5632 -0.772766 -1.05
      vertex 13.5761 -0.775818 -1.4
      vertex 13.5632 -0.772766 -1.4
    endloop
  endfacet
  facet normal 0.207115 0.978317 -0
    outer loop
      vertex 13.589 -0.778549 -1.4
      vertex 13.5761 -0.775818 -1.05
      vertex 13.589 -0.778549 -1.05
    endloop
  endfacet
  facet normal 0.207115 0.978317 0
    outer loop
      vertex 13.5761 -0.775818 -1.05
      vertex 13.589 -0.778549 -1.4
      vertex 13.5761 -0.775818 -1.4
    endloop
  endfacet
  facet normal 0.184822 0.982772 -0
    outer loop
      vertex 13.6019 -0.780975 -1.4
      vertex 13.589 -0.778549 -1.05
      vertex 13.6019 -0.780975 -1.05
    endloop
  endfacet
  facet normal 0.184822 0.982772 0
    outer loop
      vertex 13.589 -0.778549 -1.05
      vertex 13.6019 -0.780975 -1.4
      vertex 13.589 -0.778549 -1.4
    endloop
  endfacet
  facet normal 0.161222 0.986918 -0
    outer loop
      vertex 13.6147 -0.783066 -1.4
      vertex 13.6019 -0.780975 -1.05
      vertex 13.6147 -0.783066 -1.05
    endloop
  endfacet
  facet normal 0.161222 0.986918 0
    outer loop
      vertex 13.6019 -0.780975 -1.05
      vertex 13.6147 -0.783066 -1.4
      vertex 13.6019 -0.780975 -1.4
    endloop
  endfacet
  facet normal 0.139537 0.990217 -0
    outer loop
      vertex 13.6278 -0.784912 -1.4
      vertex 13.6147 -0.783066 -1.05
      vertex 13.6278 -0.784912 -1.05
    endloop
  endfacet
  facet normal 0.139537 0.990217 0
    outer loop
      vertex 13.6147 -0.783066 -1.05
      vertex 13.6278 -0.784912 -1.4
      vertex 13.6147 -0.783066 -1.4
    endloop
  endfacet
  facet normal 0.124505 0.992219 -0
    outer loop
      vertex 13.6413 -0.786606 -1.4
      vertex 13.6278 -0.784912 -1.05
      vertex 13.6413 -0.786606 -1.05
    endloop
  endfacet
  facet normal 0.124505 0.992219 0
    outer loop
      vertex 13.6278 -0.784912 -1.05
      vertex 13.6413 -0.786606 -1.4
      vertex 13.6278 -0.784912 -1.4
    endloop
  endfacet
  facet normal 0.109129 0.994028 -0
    outer loop
      vertex 13.6552 -0.788132 -1.4
      vertex 13.6413 -0.786606 -1.05
      vertex 13.6552 -0.788132 -1.05
    endloop
  endfacet
  facet normal 0.109129 0.994028 0
    outer loop
      vertex 13.6413 -0.786606 -1.05
      vertex 13.6552 -0.788132 -1.4
      vertex 13.6413 -0.786606 -1.4
    endloop
  endfacet
  facet normal 0.0955745 0.995422 -0
    outer loop
      vertex 13.6695 -0.789505 -1.4
      vertex 13.6552 -0.788132 -1.05
      vertex 13.6695 -0.789505 -1.05
    endloop
  endfacet
  facet normal 0.0955745 0.995422 0
    outer loop
      vertex 13.6552 -0.788132 -1.05
      vertex 13.6695 -0.789505 -1.4
      vertex 13.6552 -0.788132 -1.4
    endloop
  endfacet
  facet normal 0.0745601 0.997217 -0
    outer loop
      vertex 13.6846 -0.790634 -1.4
      vertex 13.6695 -0.789505 -1.05
      vertex 13.6846 -0.790634 -1.05
    endloop
  endfacet
  facet normal 0.0745601 0.997217 0
    outer loop
      vertex 13.6695 -0.789505 -1.05
      vertex 13.6846 -0.790634 -1.4
      vertex 13.6695 -0.789505 -1.4
    endloop
  endfacet
  facet normal 0.0495709 0.998771 -0
    outer loop
      vertex 13.7009 -0.791443 -1.4
      vertex 13.6846 -0.790634 -1.05
      vertex 13.7009 -0.791443 -1.05
    endloop
  endfacet
  facet normal 0.0495709 0.998771 0
    outer loop
      vertex 13.6846 -0.790634 -1.05
      vertex 13.7009 -0.791443 -1.4
      vertex 13.6846 -0.790634 -1.4
    endloop
  endfacet
  facet normal 0.0270187 0.999635 -0
    outer loop
      vertex 13.7184 -0.791916 -1.4
      vertex 13.7009 -0.791443 -1.05
      vertex 13.7184 -0.791916 -1.05
    endloop
  endfacet
  facet normal 0.0270187 0.999635 0
    outer loop
      vertex 13.7009 -0.791443 -1.05
      vertex 13.7184 -0.791916 -1.4
      vertex 13.7009 -0.791443 -1.4
    endloop
  endfacet
  facet normal 0.00898359 0.99996 -0
    outer loop
      vertex 13.7371 -0.792084 -1.4
      vertex 13.7184 -0.791916 -1.05
      vertex 13.7371 -0.792084 -1.05
    endloop
  endfacet
  facet normal 0.00898359 0.99996 0
    outer loop
      vertex 13.7184 -0.791916 -1.05
      vertex 13.7371 -0.792084 -1.4
      vertex 13.7184 -0.791916 -1.4
    endloop
  endfacet
  facet normal -0.0652908 0.997866 0
    outer loop
      vertex 13.801 -0.787903 -1.4
      vertex 13.7371 -0.792084 -1.05
      vertex 13.801 -0.787903 -1.05
    endloop
  endfacet
  facet normal -0.0652908 0.997866 0
    outer loop
      vertex 13.7371 -0.792084 -1.05
      vertex 13.801 -0.787903 -1.4
      vertex 13.7371 -0.792084 -1.4
    endloop
  endfacet
  facet normal -0.223624 0.974675 0
    outer loop
      vertex 13.8558 -0.77533 -1.4
      vertex 13.801 -0.787903 -1.05
      vertex 13.8558 -0.77533 -1.05
    endloop
  endfacet
  facet normal -0.223624 0.974675 0
    outer loop
      vertex 13.801 -0.787903 -1.05
      vertex 13.8558 -0.77533 -1.4
      vertex 13.801 -0.787903 -1.4
    endloop
  endfacet
  facet normal -0.414228 0.910173 0
    outer loop
      vertex 13.9018 -0.754395 -1.4
      vertex 13.8558 -0.77533 -1.05
      vertex 13.9018 -0.754395 -1.05
    endloop
  endfacet
  facet normal -0.414228 0.910173 0
    outer loop
      vertex 13.8558 -0.77533 -1.05
      vertex 13.9018 -0.754395 -1.4
      vertex 13.8558 -0.77533 -1.4
    endloop
  endfacet
  facet normal -0.620981 0.783826 0
    outer loop
      vertex 13.9388 -0.725082 -1.4
      vertex 13.9018 -0.754395 -1.05
      vertex 13.9388 -0.725082 -1.05
    endloop
  endfacet
  facet normal -0.620981 0.783826 0
    outer loop
      vertex 13.9018 -0.754395 -1.05
      vertex 13.9388 -0.725082 -1.4
      vertex 13.9018 -0.754395 -1.4
    endloop
  endfacet
  facet normal -0.787554 0.616246 0
    outer loop
      vertex 13.9388 -0.725082 -1.4
      vertex 13.9681 -0.687637 -1.05
      vertex 13.9681 -0.687637 -1.4
    endloop
  endfacet
  facet normal -0.787554 0.616246 0
    outer loop
      vertex 13.9681 -0.687637 -1.05
      vertex 13.9388 -0.725082 -1.4
      vertex 13.9388 -0.725082 -1.05
    endloop
  endfacet
  facet normal -0.894167 0.447734 0
    outer loop
      vertex 13.9681 -0.687637 -1.4
      vertex 13.9908 -0.642303 -1.05
      vertex 13.9908 -0.642303 -1.4
    endloop
  endfacet
  facet normal -0.894167 0.447734 0
    outer loop
      vertex 13.9908 -0.642303 -1.05
      vertex 13.9681 -0.687637 -1.4
      vertex 13.9681 -0.687637 -1.05
    endloop
  endfacet
  facet normal -0.956687 0.291119 0
    outer loop
      vertex 13.9908 -0.642303 -1.4
      vertex 14.007 -0.589066 -1.05
      vertex 14.007 -0.589066 -1.4
    endloop
  endfacet
  facet normal -0.956687 0.291119 0
    outer loop
      vertex 14.007 -0.589066 -1.05
      vertex 13.9908 -0.642303 -1.4
      vertex 13.9908 -0.642303 -1.05
    endloop
  endfacet
  facet normal -0.987642 0.156725 0
    outer loop
      vertex 14.007 -0.589066 -1.4
      vertex 14.0167 -0.527939 -1.05
      vertex 14.0167 -0.527939 -1.4
    endloop
  endfacet
  facet normal -0.987642 0.156725 0
    outer loop
      vertex 14.0167 -0.527939 -1.05
      vertex 14.007 -0.589066 -1.4
      vertex 14.007 -0.589066 -1.05
    endloop
  endfacet
  facet normal 0 1 -0
    outer loop
      vertex 14.0245 -0.527939 -1.4
      vertex 14.0167 -0.527939 -1.05
      vertex 14.0245 -0.527939 -1.05
    endloop
  endfacet
  facet normal 0 1 0
    outer loop
      vertex 14.0167 -0.527939 -1.05
      vertex 14.0245 -0.527939 -1.4
      vertex 14.0167 -0.527939 -1.4
    endloop
  endfacet
  facet normal 0.814262 0.580497 0
    outer loop
      vertex 14.1101 -0.64801 -1.05
      vertex 14.0245 -0.527939 -1.4
      vertex 14.0245 -0.527939 -1.05
    endloop
  endfacet
  facet normal 0.814262 0.580497 0
    outer loop
      vertex 14.0245 -0.527939 -1.4
      vertex 14.1101 -0.64801 -1.05
      vertex 14.1101 -0.64801 -1.4
    endloop
  endfacet
  facet normal 0.632262 0.774755 -0
    outer loop
      vertex 14.2152 -0.73378 -1.4
      vertex 14.1101 -0.64801 -1.05
      vertex 14.2152 -0.73378 -1.05
    endloop
  endfacet
  facet normal 0.632262 0.774755 0
    outer loop
      vertex 14.1101 -0.64801 -1.05
      vertex 14.2152 -0.73378 -1.4
      vertex 14.1101 -0.64801 -1.4
    endloop
  endfacet
  facet normal 0.382469 0.923968 -0
    outer loop
      vertex 14.3395 -0.785233 -1.4
      vertex 14.2152 -0.73378 -1.05
      vertex 14.3395 -0.785233 -1.05
    endloop
  endfacet
  facet normal 0.382469 0.923968 0
    outer loop
      vertex 14.2152 -0.73378 -1.05
      vertex 14.3395 -0.785233 -1.4
      vertex 14.2152 -0.73378 -1.4
    endloop
  endfacet
  facet normal 0.118505 0.992953 -0
    outer loop
      vertex 14.4832 -0.802383 -1.4
      vertex 14.3395 -0.785233 -1.05
      vertex 14.4832 -0.802383 -1.05
    endloop
  endfacet
  facet normal 0.118505 0.992953 0
    outer loop
      vertex 14.3395 -0.785233 -1.05
      vertex 14.4832 -0.802383 -1.4
      vertex 14.3395 -0.785233 -1.4
    endloop
  endfacet
  facet normal -0.071866 0.997414 0
    outer loop
      vertex 14.5787 -0.795502 -1.4
      vertex 14.4832 -0.802383 -1.05
      vertex 14.5787 -0.795502 -1.05
    endloop
  endfacet
  facet normal -0.071866 0.997414 0
    outer loop
      vertex 14.4832 -0.802383 -1.05
      vertex 14.5787 -0.795502 -1.4
      vertex 14.4832 -0.802383 -1.4
    endloop
  endfacet
  facet normal -0.213993 -0.976835 0
    outer loop
      vertex 14.2859 -0.538254 -1.4
      vertex 14.3256 -0.546951 -1.05
      vertex 14.2859 -0.538254 -1.05
    endloop
  endfacet
  facet normal -0.213993 -0.976835 -0
    outer loop
      vertex 14.3256 -0.546951 -1.05
      vertex 14.2859 -0.538254 -1.4
      vertex 14.3256 -0.546951 -1.4
    endloop
  endfacet
  facet normal -0.357241 -0.934012 0
    outer loop
      vertex 14.248 -0.523758 -1.4
      vertex 14.2859 -0.538254 -1.05
      vertex 14.248 -0.523758 -1.05
    endloop
  endfacet
  facet normal -0.357241 -0.934012 -0
    outer loop
      vertex 14.2859 -0.538254 -1.05
      vertex 14.248 -0.523758 -1.4
      vertex 14.2859 -0.538254 -1.4
    endloop
  endfacet
  facet normal -0.489761 -0.871857 0
    outer loop
      vertex 14.2119 -0.503479 -1.4
      vertex 14.248 -0.523758 -1.05
      vertex 14.2119 -0.503479 -1.05
    endloop
  endfacet
  facet normal -0.489761 -0.871857 -0
    outer loop
      vertex 14.248 -0.523758 -1.05
      vertex 14.2119 -0.503479 -1.4
      vertex 14.248 -0.523758 -1.4
    endloop
  endfacet
  facet normal -0.607944 -0.79398 0
    outer loop
      vertex 14.1787 -0.478058 -1.4
      vertex 14.2119 -0.503479 -1.05
      vertex 14.1787 -0.478058 -1.05
    endloop
  endfacet
  facet normal -0.607944 -0.79398 -0
    outer loop
      vertex 14.2119 -0.503479 -1.05
      vertex 14.1787 -0.478058 -1.4
      vertex 14.2119 -0.503479 -1.4
    endloop
  endfacet
  facet normal -0.712233 -0.701943 0
    outer loop
      vertex 14.1787 -0.478058 -1.4
      vertex 14.1493 -0.448227 -1.05
      vertex 14.1493 -0.448227 -1.4
    endloop
  endfacet
  facet normal -0.712233 -0.701943 0
    outer loop
      vertex 14.1493 -0.448227 -1.05
      vertex 14.1787 -0.478058 -1.4
      vertex 14.1787 -0.478058 -1.05
    endloop
  endfacet
  facet normal -0.800036 -0.599951 0
    outer loop
      vertex 14.1493 -0.448227 -1.4
      vertex 14.1236 -0.413956 -1.05
      vertex 14.1236 -0.413956 -1.4
    endloop
  endfacet
  facet normal -0.800036 -0.599951 0
    outer loop
      vertex 14.1236 -0.413956 -1.05
      vertex 14.1493 -0.448227 -1.4
      vertex 14.1493 -0.448227 -1.05
    endloop
  endfacet
  facet normal -0.871258 -0.490824 0
    outer loop
      vertex 14.1236 -0.413956 -1.4
      vertex 14.1018 -0.375259 -1.05
      vertex 14.1018 -0.375259 -1.4
    endloop
  endfacet
  facet normal -0.871258 -0.490824 0
    outer loop
      vertex 14.1018 -0.375259 -1.05
      vertex 14.1236 -0.413956 -1.4
      vertex 14.1236 -0.413956 -1.05
    endloop
  endfacet
  facet normal -0.92144 -0.388521 0
    outer loop
      vertex 14.1018 -0.375259 -1.4
      vertex 14.0843 -0.333755 -1.05
      vertex 14.0843 -0.333755 -1.4
    endloop
  endfacet
  facet normal -0.92144 -0.388521 0
    outer loop
      vertex 14.0843 -0.333755 -1.05
      vertex 14.1018 -0.375259 -1.4
      vertex 14.1018 -0.375259 -1.05
    endloop
  endfacet
  facet normal -0.959765 -0.280804 0
    outer loop
      vertex 14.0843 -0.333755 -1.4
      vertex 14.0718 -0.291031 -1.05
      vertex 14.0718 -0.291031 -1.4
    endloop
  endfacet
  facet normal -0.959765 -0.280804 0
    outer loop
      vertex 14.0718 -0.291031 -1.05
      vertex 14.0843 -0.333755 -1.4
      vertex 14.0843 -0.333755 -1.05
    endloop
  endfacet
  facet normal -0.985728 -0.168347 0
    outer loop
      vertex 14.0718 -0.291031 -1.4
      vertex 14.0643 -0.247116 -1.05
      vertex 14.0643 -0.247116 -1.4
    endloop
  endfacet
  facet normal -0.985728 -0.168347 0
    outer loop
      vertex 14.0643 -0.247116 -1.05
      vertex 14.0718 -0.291031 -1.4
      vertex 14.0718 -0.291031 -1.05
    endloop
  endfacet
  facet normal -0.99847 -0.0553046 0
    outer loop
      vertex 14.0643 -0.247116 -1.4
      vertex 14.0618 -0.201981 -1.05
      vertex 14.0618 -0.201981 -1.4
    endloop
  endfacet
  facet normal -0.99847 -0.0553046 0
    outer loop
      vertex 14.0618 -0.201981 -1.05
      vertex 14.0643 -0.247116 -1.4
      vertex 14.0643 -0.247116 -1.05
    endloop
  endfacet
  facet normal -1 0 0
    outer loop
      vertex 14.0618 -0.201981 -1.4
      vertex 14.0618 -0.131119 -1.05
      vertex 14.0618 -0.131119 -1.4
    endloop
  endfacet
  facet normal -1 -0 0
    outer loop
      vertex 14.0618 -0.131119 -1.05
      vertex 14.0618 -0.201981 -1.4
      vertex 14.0618 -0.201981 -1.05
    endloop
  endfacet
  facet normal 0.0138941 0.999903 -0
    outer loop
      vertex 14.2474 -0.133698 -1.4
      vertex 14.0618 -0.131119 -1.05
      vertex 14.2474 -0.133698 -1.05
    endloop
  endfacet
  facet normal 0.0138941 0.999903 0
    outer loop
      vertex 14.0618 -0.131119 -1.05
      vertex 14.2474 -0.133698 -1.4
      vertex 14.0618 -0.131119 -1.4
    endloop
  endfacet
  facet normal 0.062476 0.998046 -0
    outer loop
      vertex 14.3059 -0.13736 -1.4
      vertex 14.2474 -0.133698 -1.05
      vertex 14.3059 -0.13736 -1.05
    endloop
  endfacet
  facet normal 0.062476 0.998046 0
    outer loop
      vertex 14.2474 -0.133698 -1.05
      vertex 14.3059 -0.13736 -1.4
      vertex 14.2474 -0.133698 -1.4
    endloop
  endfacet
  facet normal 0.117163 0.993113 -0
    outer loop
      vertex 14.3553 -0.143188 -1.4
      vertex 14.3059 -0.13736 -1.05
      vertex 14.3553 -0.143188 -1.05
    endloop
  endfacet
  facet normal 0.117163 0.993113 0
    outer loop
      vertex 14.3059 -0.13736 -1.05
      vertex 14.3553 -0.143188 -1.4
      vertex 14.3059 -0.13736 -1.4
    endloop
  endfacet
  facet normal 0.195811 0.980642 -0
    outer loop
      vertex 14.3955 -0.151215 -1.4
      vertex 14.3553 -0.143188 -1.05
      vertex 14.3955 -0.151215 -1.05
    endloop
  endfacet
  facet normal 0.195811 0.980642 0
    outer loop
      vertex 14.3553 -0.143188 -1.05
      vertex 14.3955 -0.151215 -1.4
      vertex 14.3553 -0.143188 -1.4
    endloop
  endfacet
  facet normal 0.311912 0.950111 -0
    outer loop
      vertex 14.4265 -0.161392 -1.4
      vertex 14.3955 -0.151215 -1.05
      vertex 14.4265 -0.161392 -1.05
    endloop
  endfacet
  facet normal 0.311912 0.950111 0
    outer loop
      vertex 14.3955 -0.151215 -1.05
      vertex 14.4265 -0.161392 -1.4
      vertex 14.3955 -0.151215 -1.4
    endloop
  endfacet
  facet normal 0.457425 0.889248 -0
    outer loop
      vertex 14.4513 -0.174149 -1.4
      vertex 14.4265 -0.161392 -1.05
      vertex 14.4513 -0.174149 -1.05
    endloop
  endfacet
  facet normal 0.457425 0.889248 0
    outer loop
      vertex 14.4265 -0.161392 -1.05
      vertex 14.4513 -0.174149 -1.4
      vertex 14.4265 -0.161392 -1.4
    endloop
  endfacet
  facet normal 0.587322 0.809353 -0
    outer loop
      vertex 14.473 -0.189896 -1.4
      vertex 14.4513 -0.174149 -1.05
      vertex 14.473 -0.189896 -1.05
    endloop
  endfacet
  facet normal 0.587322 0.809353 0
    outer loop
      vertex 14.4513 -0.174149 -1.05
      vertex 14.473 -0.189896 -1.4
      vertex 14.4513 -0.174149 -1.4
    endloop
  endfacet
  facet normal 0.709414 0.704792 0
    outer loop
      vertex 14.4916 -0.208618 -1.05
      vertex 14.473 -0.189896 -1.4
      vertex 14.473 -0.189896 -1.05
    endloop
  endfacet
  facet normal 0.709414 0.704792 0
    outer loop
      vertex 14.473 -0.189896 -1.4
      vertex 14.4916 -0.208618 -1.05
      vertex 14.4916 -0.208618 -1.4
    endloop
  endfacet
  facet normal 0.815671 0.578516 0
    outer loop
      vertex 14.507 -0.230331 -1.05
      vertex 14.4916 -0.208618 -1.4
      vertex 14.4916 -0.208618 -1.05
    endloop
  endfacet
  facet normal 0.815671 0.578516 0
    outer loop
      vertex 14.4916 -0.208618 -1.4
      vertex 14.507 -0.230331 -1.05
      vertex 14.507 -0.230331 -1.4
    endloop
  endfacet
  facet normal 0.900902 0.434023 0
    outer loop
      vertex 14.5191 -0.255447 -1.05
      vertex 14.507 -0.230331 -1.4
      vertex 14.507 -0.230331 -1.05
    endloop
  endfacet
  facet normal 0.900902 0.434023 0
    outer loop
      vertex 14.507 -0.230331 -1.4
      vertex 14.5191 -0.255447 -1.05
      vertex 14.5191 -0.255447 -1.4
    endloop
  endfacet
  facet normal 0.957804 0.287421 0
    outer loop
      vertex 14.5278 -0.284439 -1.05
      vertex 14.5191 -0.255447 -1.4
      vertex 14.5191 -0.255447 -1.05
    endloop
  endfacet
  facet normal 0.957804 0.287421 0
    outer loop
      vertex 14.5191 -0.255447 -1.4
      vertex 14.5278 -0.284439 -1.05
      vertex 14.5278 -0.284439 -1.4
    endloop
  endfacet
  facet normal 0.987703 0.156339 0
    outer loop
      vertex 14.533 -0.317291 -1.05
      vertex 14.5278 -0.284439 -1.4
      vertex 14.5278 -0.284439 -1.05
    endloop
  endfacet
  facet normal 0.987703 0.156339 0
    outer loop
      vertex 14.5278 -0.284439 -1.4
      vertex 14.533 -0.317291 -1.05
      vertex 14.533 -0.317291 -1.4
    endloop
  endfacet
  facet normal 0.99893 0.0462556 0
    outer loop
      vertex 14.5347 -0.354004 -1.05
      vertex 14.533 -0.317291 -1.4
      vertex 14.533 -0.317291 -1.05
    endloop
  endfacet
  facet normal 0.99893 0.0462556 0
    outer loop
      vertex 14.533 -0.317291 -1.4
      vertex 14.5347 -0.354004 -1.05
      vertex 14.5347 -0.354004 -1.4
    endloop
  endfacet
  facet normal 0.998054 -0.0623555 0
    outer loop
      vertex 14.5318 -0.400421 -1.05
      vertex 14.5347 -0.354004 -1.4
      vertex 14.5347 -0.354004 -1.05
    endloop
  endfacet
  facet normal 0.998054 -0.0623555 0
    outer loop
      vertex 14.5347 -0.354004 -1.4
      vertex 14.5318 -0.400421 -1.05
      vertex 14.5318 -0.400421 -1.4
    endloop
  endfacet
  facet normal 0.978233 -0.207511 0
    outer loop
      vertex 14.5233 -0.440491 -1.05
      vertex 14.5318 -0.400421 -1.4
      vertex 14.5318 -0.400421 -1.05
    endloop
  endfacet
  facet normal 0.978233 -0.207511 0
    outer loop
      vertex 14.5318 -0.400421 -1.4
      vertex 14.5233 -0.440491 -1.05
      vertex 14.5233 -0.440491 -1.4
    endloop
  endfacet
  facet normal 0.920577 -0.390561 0
    outer loop
      vertex 14.509 -0.474197 -1.05
      vertex 14.5233 -0.440491 -1.4
      vertex 14.5233 -0.440491 -1.05
    endloop
  endfacet
  facet normal 0.920577 -0.390561 0
    outer loop
      vertex 14.5233 -0.440491 -1.4
      vertex 14.509 -0.474197 -1.05
      vertex 14.509 -0.474197 -1.4
    endloop
  endfacet
  facet normal 0.80714 -0.59036 0
    outer loop
      vertex 14.489 -0.501541 -1.05
      vertex 14.509 -0.474197 -1.4
      vertex 14.509 -0.474197 -1.05
    endloop
  endfacet
  facet normal 0.80714 -0.59036 0
    outer loop
      vertex 14.509 -0.474197 -1.4
      vertex 14.489 -0.501541 -1.05
      vertex 14.489 -0.501541 -1.4
    endloop
  endfacet
  facet normal 0.64861 -0.761121 0
    outer loop
      vertex 14.4642 -0.522675 -1.4
      vertex 14.489 -0.501541 -1.05
      vertex 14.4642 -0.522675 -1.05
    endloop
  endfacet
  facet normal 0.64861 -0.761121 0
    outer loop
      vertex 14.489 -0.501541 -1.05
      vertex 14.4642 -0.522675 -1.4
      vertex 14.489 -0.501541 -1.4
    endloop
  endfacet
  facet normal 0.466675 -0.884429 0
    outer loop
      vertex 14.4356 -0.537766 -1.4
      vertex 14.4642 -0.522675 -1.05
      vertex 14.4356 -0.537766 -1.05
    endloop
  endfacet
  facet normal 0.466675 -0.884429 0
    outer loop
      vertex 14.4642 -0.522675 -1.05
      vertex 14.4356 -0.537766 -1.4
      vertex 14.4642 -0.522675 -1.4
    endloop
  endfacet
  facet normal 0.270155 -0.962817 0
    outer loop
      vertex 14.4033 -0.546829 -1.4
      vertex 14.4356 -0.537766 -1.05
      vertex 14.4033 -0.546829 -1.05
    endloop
  endfacet
  facet normal 0.270155 -0.962817 0
    outer loop
      vertex 14.4356 -0.537766 -1.05
      vertex 14.4033 -0.546829 -1.4
      vertex 14.4356 -0.537766 -1.4
    endloop
  endfacet
  facet normal 0.0833927 -0.996517 0
    outer loop
      vertex 14.3672 -0.54985 -1.4
      vertex 14.4033 -0.546829 -1.05
      vertex 14.3672 -0.54985 -1.05
    endloop
  endfacet
  facet normal 0.0833927 -0.996517 0
    outer loop
      vertex 14.4033 -0.546829 -1.05
      vertex 14.3672 -0.54985 -1.4
      vertex 14.4033 -0.546829 -1.4
    endloop
  endfacet
  facet normal -0.0695189 -0.997581 0
    outer loop
      vertex 14.3256 -0.546951 -1.4
      vertex 14.3672 -0.54985 -1.05
      vertex 14.3256 -0.546951 -1.05
    endloop
  endfacet
  facet normal -0.0695189 -0.997581 -0
    outer loop
      vertex 14.3672 -0.54985 -1.05
      vertex 14.3256 -0.546951 -1.4
      vertex 14.3672 -0.54985 -1.4
    endloop
  endfacet
  facet normal -0.972 0.234982 0
    outer loop
      vertex 9.60367 0.0737305 -1.4
      vertex 9.61325 0.113358 -1.05
      vertex 9.61325 0.113358 -1.4
    endloop
  endfacet
  facet normal -0.972 0.234982 0
    outer loop
      vertex 9.61325 0.113358 -1.05
      vertex 9.60367 0.0737305 -1.4
      vertex 9.60367 0.0737305 -1.05
    endloop
  endfacet
  facet normal -0.977027 0.213116 0
    outer loop
      vertex 9.61325 0.113358 -1.4
      vertex 9.62653 0.17424 -1.05
      vertex 9.62653 0.17424 -1.4
    endloop
  endfacet
  facet normal -0.977027 0.213116 0
    outer loop
      vertex 9.62653 0.17424 -1.05
      vertex 9.61325 0.113358 -1.4
      vertex 9.61325 0.113358 -1.05
    endloop
  endfacet
  facet normal -0.979246 0.202673 0
    outer loop
      vertex 9.62653 0.17424 -1.4
      vertex 9.64353 0.256378 -1.05
      vertex 9.64353 0.256378 -1.4
    endloop
  endfacet
  facet normal -0.979246 0.202673 0
    outer loop
      vertex 9.64353 0.256378 -1.05
      vertex 9.62653 0.17424 -1.4
      vertex 9.62653 0.17424 -1.05
    endloop
  endfacet
  facet normal -0.98056 0.196218 0
    outer loop
      vertex 9.64353 0.256378 -1.4
      vertex 9.66422 0.359772 -1.05
      vertex 9.66422 0.359772 -1.4
    endloop
  endfacet
  facet normal -0.98056 0.196218 0
    outer loop
      vertex 9.66422 0.359772 -1.05
      vertex 9.64353 0.256378 -1.4
      vertex 9.64353 0.256378 -1.05
    endloop
  endfacet
  facet normal 0.974088 0.226169 0
    outer loop
      vertex 9.73123 0.071167 -1.05
      vertex 9.66422 0.359772 -1.4
      vertex 9.66422 0.359772 -1.05
    endloop
  endfacet
  facet normal 0.974088 0.226169 0
    outer loop
      vertex 9.66422 0.359772 -1.4
      vertex 9.73123 0.071167 -1.05
      vertex 9.73123 0.071167 -1.4
    endloop
  endfacet
  facet normal 0.966768 0.255656 0
    outer loop
      vertex 9.95542 -0.776611 -1.05
      vertex 9.73123 0.071167 -1.4
      vertex 9.73123 0.071167 -1.05
    endloop
  endfacet
  facet normal 0.966768 0.255656 0
    outer loop
      vertex 9.73123 0.071167 -1.4
      vertex 9.95542 -0.776611 -1.05
      vertex 9.95542 -0.776611 -1.4
    endloop
  endfacet
  facet normal 0 1 -0
    outer loop
      vertex 10.3381 -0.776611 -1.4
      vertex 9.95542 -0.776611 -1.05
      vertex 10.3381 -0.776611 -1.05
    endloop
  endfacet
  facet normal 0 1 0
    outer loop
      vertex 9.95542 -0.776611 -1.05
      vertex 10.3381 -0.776611 -1.4
      vertex 9.95542 -0.776611 -1.4
    endloop
  endfacet
  facet normal -0.968119 0.250492 0
    outer loop
      vertex 10.3381 -0.776611 -1.4
      vertex 10.6988 0.617447 -1.05
      vertex 10.6988 0.617447 -1.4
    endloop
  endfacet
  facet normal -0.968119 0.250492 0
    outer loop
      vertex 10.6988 0.617447 -1.05
      vertex 10.3381 -0.776611 -1.4
      vertex 10.3381 -0.776611 -1.05
    endloop
  endfacet
  facet normal 0 -1 0
    outer loop
      vertex 10.3587 0.617447 -1.4
      vertex 10.6988 0.617447 -1.05
      vertex 10.3587 0.617447 -1.05
    endloop
  endfacet
  facet normal 0 -1 -0
    outer loop
      vertex 10.6988 0.617447 -1.05
      vertex 10.3587 0.617447 -1.4
      vertex 10.6988 0.617447 -1.4
    endloop
  endfacet
  facet normal 0.977619 -0.210383 0
    outer loop
      vertex 10.1294 -0.448074 -1.05
      vertex 10.3587 0.617447 -1.4
      vertex 10.3587 0.617447 -1.05
    endloop
  endfacet
  facet normal 0.977619 -0.210383 0
    outer loop
      vertex 10.3587 0.617447 -1.4
      vertex 10.1294 -0.448074 -1.05
      vertex 10.1294 -0.448074 -1.4
    endloop
  endfacet
  facet normal -0.982456 -0.186493 0
    outer loop
      vertex 10.1294 -0.448074 -1.4
      vertex 10.1113 -0.352722 -1.05
      vertex 10.1113 -0.352722 -1.4
    endloop
  endfacet
  facet normal -0.982456 -0.186493 0
    outer loop
      vertex 10.1113 -0.352722 -1.05
      vertex 10.1294 -0.448074 -1.4
      vertex 10.1294 -0.448074 -1.05
    endloop
  endfacet
  facet normal -0.977937 -0.208899 0
    outer loop
      vertex 10.1113 -0.352722 -1.4
      vertex 10.0791 -0.201981 -1.05
      vertex 10.0791 -0.201981 -1.4
    endloop
  endfacet
  facet normal -0.977937 -0.208899 0
    outer loop
      vertex 10.0791 -0.201981 -1.05
      vertex 10.1113 -0.352722 -1.4
      vertex 10.1113 -0.352722 -1.05
    endloop
  endfacet
  facet normal -0.96608 -0.258241 0
    outer loop
      vertex 10.0791 -0.201981 -1.4
      vertex 9.86006 0.617447 -1.05
      vertex 9.86006 0.617447 -1.4
    endloop
  endfacet
  facet normal -0.96608 -0.258241 0
    outer loop
      vertex 9.86006 0.617447 -1.05
      vertex 10.0791 -0.201981 -1.4
      vertex 10.0791 -0.201981 -1.05
    endloop
  endfacet
  facet normal 0 -1 0
    outer loop
      vertex 9.47225 0.617447 -1.4
      vertex 9.86006 0.617447 -1.05
      vertex 9.47225 0.617447 -1.05
    endloop
  endfacet
  facet normal 0 -1 -0
    outer loop
      vertex 9.86006 0.617447 -1.05
      vertex 9.47225 0.617447 -1.4
      vertex 9.86006 0.617447 -1.4
    endloop
  endfacet
  facet normal 0.967581 -0.252561 0
    outer loop
      vertex 9.25836 -0.201981 -1.05
      vertex 9.47225 0.617447 -1.4
      vertex 9.47225 0.617447 -1.05
    endloop
  endfacet
  facet normal 0.967581 -0.252561 0
    outer loop
      vertex 9.47225 0.617447 -1.4
      vertex 9.25836 -0.201981 -1.05
      vertex 9.25836 -0.201981 -1.4
    endloop
  endfacet
  facet normal 0.970446 -0.241317 0
    outer loop
      vertex 9.24829 -0.242477 -1.05
      vertex 9.25836 -0.201981 -1.4
      vertex 9.25836 -0.201981 -1.05
    endloop
  endfacet
  facet normal 0.970446 -0.241317 0
    outer loop
      vertex 9.25836 -0.201981 -1.4
      vertex 9.24829 -0.242477 -1.05
      vertex 9.24829 -0.242477 -1.4
    endloop
  endfacet
  facet normal 0.976018 -0.217689 0
    outer loop
      vertex 9.23613 -0.296997 -1.05
      vertex 9.24829 -0.242477 -1.4
      vertex 9.24829 -0.242477 -1.05
    endloop
  endfacet
  facet normal 0.976018 -0.217689 0
    outer loop
      vertex 9.24829 -0.242477 -1.4
      vertex 9.23613 -0.296997 -1.05
      vertex 9.23613 -0.296997 -1.4
    endloop
  endfacet
  facet normal 0.979056 -0.203592 0
    outer loop
      vertex 9.22188 -0.365524 -1.05
      vertex 9.23613 -0.296997 -1.4
      vertex 9.23613 -0.296997 -1.05
    endloop
  endfacet
  facet normal 0.979056 -0.203592 0
    outer loop
      vertex 9.23613 -0.296997 -1.4
      vertex 9.22188 -0.365524 -1.05
      vertex 9.22188 -0.365524 -1.4
    endloop
  endfacet
  facet normal 0.980967 -0.194173 0
    outer loop
      vertex 9.20554 -0.448074 -1.05
      vertex 9.22188 -0.365524 -1.4
      vertex 9.22188 -0.365524 -1.05
    endloop
  endfacet
  facet normal 0.980967 -0.194173 0
    outer loop
      vertex 9.22188 -0.365524 -1.4
      vertex 9.20554 -0.448074 -1.05
      vertex 9.20554 -0.448074 -1.4
    endloop
  endfacet
  facet normal -0.978218 -0.20758 0
    outer loop
      vertex 9.20554 -0.448074 -1.4
      vertex 9.16945 -0.278 -1.05
      vertex 9.16945 -0.278 -1.4
    endloop
  endfacet
  facet normal -0.978218 -0.20758 0
    outer loop
      vertex 9.16945 -0.278 -1.05
      vertex 9.20554 -0.448074 -1.4
      vertex 9.20554 -0.448074 -1.05
    endloop
  endfacet
  facet normal -0.975728 -0.218988 0
    outer loop
      vertex 9.16945 -0.278 -1.4
      vertex 8.96848 0.617447 -1.05
      vertex 8.96848 0.617447 -1.4
    endloop
  endfacet
  facet normal -0.975728 -0.218988 0
    outer loop
      vertex 8.96848 0.617447 -1.05
      vertex 9.16945 -0.278 -1.4
      vertex 9.16945 -0.278 -1.05
    endloop
  endfacet
  facet normal 0 -1 0
    outer loop
      vertex 8.63347 0.617447 -1.4
      vertex 8.96848 0.617447 -1.05
      vertex 8.63347 0.617447 -1.05
    endloop
  endfacet
  facet normal 0 -1 -0
    outer loop
      vertex 8.96848 0.617447 -1.05
      vertex 8.63347 0.617447 -1.4
      vertex 8.96848 0.617447 -1.4
    endloop
  endfacet
  facet normal 0.967234 0.253885 0
    outer loop
      vertex 8.99939 -0.776611 -1.05
      vertex 8.63347 0.617447 -1.4
      vertex 8.63347 0.617447 -1.05
    endloop
  endfacet
  facet normal 0.967234 0.253885 0
    outer loop
      vertex 8.63347 0.617447 -1.4
      vertex 8.99939 -0.776611 -1.05
      vertex 8.99939 -0.776611 -1.4
    endloop
  endfacet
  facet normal 0 1 -0
    outer loop
      vertex 9.38205 -0.776611 -1.4
      vertex 8.99939 -0.776611 -1.05
      vertex 9.38205 -0.776611 -1.05
    endloop
  endfacet
  facet normal 0 1 0
    outer loop
      vertex 8.99939 -0.776611 -1.05
      vertex 9.38205 -0.776611 -1.4
      vertex 8.99939 -0.776611 -1.4
    endloop
  endfacet
  facet normal -0.967675 0.2522 0
    outer loop
      vertex 9.38205 -0.776611 -1.4
      vertex 9.60367 0.0737305 -1.05
      vertex 9.60367 0.0737305 -1.4
    endloop
  endfacet
  facet normal -0.967675 0.2522 0
    outer loop
      vertex 9.60367 0.0737305 -1.05
      vertex 9.38205 -0.776611 -1.4
      vertex 9.38205 -0.776611 -1.05
    endloop
  endfacet
  facet normal 0 -1 0
    outer loop
      vertex 8.14031 0.617447 -1.4
      vertex 8.50237 0.617447 -1.05
      vertex 8.14031 0.617447 -1.05
    endloop
  endfacet
  facet normal 0 -1 -0
    outer loop
      vertex 8.50237 0.617447 -1.05
      vertex 8.14031 0.617447 -1.4
      vertex 8.50237 0.617447 -1.4
    endloop
  endfacet
  facet normal 1 -0 0
    outer loop
      vertex 8.14031 -0.776611 -1.05
      vertex 8.14031 0.617447 -1.4
      vertex 8.14031 0.617447 -1.05
    endloop
  endfacet
  facet normal 1 0 0
    outer loop
      vertex 8.14031 0.617447 -1.4
      vertex 8.14031 -0.776611 -1.05
      vertex 8.14031 -0.776611 -1.4
    endloop
  endfacet
  facet normal 0 1 -0
    outer loop
      vertex 8.50237 -0.776611 -1.4
      vertex 8.14031 -0.776611 -1.05
      vertex 8.50237 -0.776611 -1.05
    endloop
  endfacet
  facet normal 0 1 0
    outer loop
      vertex 8.14031 -0.776611 -1.05
      vertex 8.50237 -0.776611 -1.4
      vertex 8.14031 -0.776611 -1.4
    endloop
  endfacet
  facet normal -1 0 0
    outer loop
      vertex 8.50237 -0.776611 -1.4
      vertex 8.50237 0.617447 -1.05
      vertex 8.50237 0.617447 -1.4
    endloop
  endfacet
  facet normal -1 -0 0
    outer loop
      vertex 8.50237 0.617447 -1.05
      vertex 8.50237 -0.776611 -1.4
      vertex 8.50237 -0.776611 -1.05
    endloop
  endfacet
  facet normal -0.971944 0.235214 0
    outer loop
      vertex 2.16069 0.0737305 -1.4
      vertex 2.17028 0.113358 -1.05
      vertex 2.17028 0.113358 -1.4
    endloop
  endfacet
  facet normal -0.971944 0.235214 0
    outer loop
      vertex 2.17028 0.113358 -1.05
      vertex 2.16069 0.0737305 -1.4
      vertex 2.16069 0.0737305 -1.05
    endloop
  endfacet
  facet normal -0.976994 0.213269 0
    outer loop
      vertex 2.17028 0.113358 -1.4
      vertex 2.18357 0.17424 -1.05
      vertex 2.18357 0.17424 -1.4
    endloop
  endfacet
  facet normal -0.976994 0.213269 0
    outer loop
      vertex 2.18357 0.17424 -1.05
      vertex 2.17028 0.113358 -1.4
      vertex 2.17028 0.113358 -1.05
    endloop
  endfacet
  facet normal -0.979294 0.202445 0
    outer loop
      vertex 2.18357 0.17424 -1.4
      vertex 2.20055 0.256378 -1.05
      vertex 2.20055 0.256378 -1.4
    endloop
  endfacet
  facet normal -0.979294 0.202445 0
    outer loop
      vertex 2.20055 0.256378 -1.05
      vertex 2.18357 0.17424 -1.4
      vertex 2.18357 0.17424 -1.05
    endloop
  endfacet
  facet normal -0.98056 0.196218 0
    outer loop
      vertex 2.20055 0.256378 -1.4
      vertex 2.22124 0.359772 -1.05
      vertex 2.22124 0.359772 -1.4
    endloop
  endfacet
  facet normal -0.98056 0.196218 0
    outer loop
      vertex 2.22124 0.359772 -1.05
      vertex 2.20055 0.256378 -1.4
      vertex 2.20055 0.256378 -1.05
    endloop
  endfacet
  facet normal 0.974081 0.226201 0
    outer loop
      vertex 2.28826 0.071167 -1.05
      vertex 2.22124 0.359772 -1.4
      vertex 2.22124 0.359772 -1.05
    endloop
  endfacet
  facet normal 0.974081 0.226201 0
    outer loop
      vertex 2.22124 0.359772 -1.4
      vertex 2.28826 0.071167 -1.05
      vertex 2.28826 0.071167 -1.4
    endloop
  endfacet
  facet normal 0.966771 0.255646 0
    outer loop
      vertex 2.51244 -0.776611 -1.05
      vertex 2.28826 0.071167 -1.4
      vertex 2.28826 0.071167 -1.05
    endloop
  endfacet
  facet normal 0.966771 0.255646 0
    outer loop
      vertex 2.28826 0.071167 -1.4
      vertex 2.51244 -0.776611 -1.05
      vertex 2.51244 -0.776611 -1.4
    endloop
  endfacet
  facet normal 0 1 -0
    outer loop
      vertex 2.8951 -0.776611 -1.4
      vertex 2.51244 -0.776611 -1.05
      vertex 2.8951 -0.776611 -1.05
    endloop
  endfacet
  facet normal 0 1 0
    outer loop
      vertex 2.51244 -0.776611 -1.05
      vertex 2.8951 -0.776611 -1.4
      vertex 2.51244 -0.776611 -1.4
    endloop
  endfacet
  facet normal -0.968105 0.250544 0
    outer loop
      vertex 2.8951 -0.776611 -1.4
      vertex 3.25588 0.617447 -1.05
      vertex 3.25588 0.617447 -1.4
    endloop
  endfacet
  facet normal -0.968105 0.250544 0
    outer loop
      vertex 3.25588 0.617447 -1.05
      vertex 2.8951 -0.776611 -1.4
      vertex 2.8951 -0.776611 -1.05
    endloop
  endfacet
  facet normal 0 -1 0
    outer loop
      vertex 2.91571 0.617447 -1.4
      vertex 3.25588 0.617447 -1.05
      vertex 2.91571 0.617447 -1.05
    endloop
  endfacet
  facet normal 0 -1 -0
    outer loop
      vertex 3.25588 0.617447 -1.05
      vertex 2.91571 0.617447 -1.4
      vertex 3.25588 0.617447 -1.4
    endloop
  endfacet
  facet normal 0.977615 -0.210401 0
    outer loop
      vertex 2.68639 -0.448074 -1.05
      vertex 2.91571 0.617447 -1.4
      vertex 2.91571 0.617447 -1.05
    endloop
  endfacet
  facet normal 0.977615 -0.210401 0
    outer loop
      vertex 2.91571 0.617447 -1.4
      vertex 2.68639 -0.448074 -1.05
      vertex 2.68639 -0.448074 -1.4
    endloop
  endfacet
  facet normal -0.982551 -0.185995 0
    outer loop
      vertex 2.68639 -0.448074 -1.4
      vertex 2.66834 -0.352722 -1.05
      vertex 2.66834 -0.352722 -1.4
    endloop
  endfacet
  facet normal -0.982551 -0.185995 0
    outer loop
      vertex 2.66834 -0.352722 -1.05
      vertex 2.68639 -0.448074 -1.4
      vertex 2.68639 -0.448074 -1.05
    endloop
  endfacet
  facet normal -0.977924 -0.208961 0
    outer loop
      vertex 2.66834 -0.352722 -1.4
      vertex 2.63613 -0.201981 -1.05
      vertex 2.63613 -0.201981 -1.4
    endloop
  endfacet
  facet normal -0.977924 -0.208961 0
    outer loop
      vertex 2.63613 -0.201981 -1.05
      vertex 2.66834 -0.352722 -1.4
      vertex 2.66834 -0.352722 -1.05
    endloop
  endfacet
  facet normal -0.966083 -0.25823 0
    outer loop
      vertex 2.63613 -0.201981 -1.4
      vertex 2.4171 0.617447 -1.05
      vertex 2.4171 0.617447 -1.4
    endloop
  endfacet
  facet normal -0.966083 -0.25823 0
    outer loop
      vertex 2.4171 0.617447 -1.05
      vertex 2.63613 -0.201981 -1.4
      vertex 2.63613 -0.201981 -1.05
    endloop
  endfacet
  facet normal 0 -1 0
    outer loop
      vertex 2.02927 0.617447 -1.4
      vertex 2.4171 0.617447 -1.05
      vertex 2.02927 0.617447 -1.05
    endloop
  endfacet
  facet normal 0 -1 -0
    outer loop
      vertex 2.4171 0.617447 -1.05
      vertex 2.02927 0.617447 -1.4
      vertex 2.4171 0.617447 -1.4
    endloop
  endfacet
  facet normal 0.967584 -0.25255 0
    outer loop
      vertex 1.81539 -0.201981 -1.05
      vertex 2.02927 0.617447 -1.4
      vertex 2.02927 0.617447 -1.05
    endloop
  endfacet
  facet normal 0.967584 -0.25255 0
    outer loop
      vertex 2.02927 0.617447 -1.4
      vertex 1.81539 -0.201981 -1.05
      vertex 1.81539 -0.201981 -1.4
    endloop
  endfacet
  facet normal 0.970446 -0.241317 0
    outer loop
      vertex 1.80532 -0.242477 -1.05
      vertex 1.81539 -0.201981 -1.4
      vertex 1.81539 -0.201981 -1.05
    endloop
  endfacet
  facet normal 0.970446 -0.241317 0
    outer loop
      vertex 1.81539 -0.201981 -1.4
      vertex 1.80532 -0.242477 -1.05
      vertex 1.80532 -0.242477 -1.4
    endloop
  endfacet
  facet normal 0.976056 -0.217518 0
    outer loop
      vertex 1.79317 -0.296997 -1.05
      vertex 1.80532 -0.242477 -1.4
      vertex 1.80532 -0.242477 -1.05
    endloop
  endfacet
  facet normal 0.976056 -0.217518 0
    outer loop
      vertex 1.80532 -0.242477 -1.4
      vertex 1.79317 -0.296997 -1.05
      vertex 1.79317 -0.296997 -1.4
    endloop
  endfacet
  facet normal 0.979056 -0.203592 0
    outer loop
      vertex 1.77892 -0.365524 -1.05
      vertex 1.79317 -0.296997 -1.4
      vertex 1.79317 -0.296997 -1.05
    endloop
  endfacet
  facet normal 0.979056 -0.203592 0
    outer loop
      vertex 1.79317 -0.296997 -1.4
      vertex 1.77892 -0.365524 -1.05
      vertex 1.77892 -0.365524 -1.4
    endloop
  endfacet
  facet normal 0.980922 -0.194402 0
    outer loop
      vertex 1.76256 -0.448074 -1.05
      vertex 1.77892 -0.365524 -1.4
      vertex 1.77892 -0.365524 -1.05
    endloop
  endfacet
  facet normal 0.980922 -0.194402 0
    outer loop
      vertex 1.77892 -0.365524 -1.4
      vertex 1.76256 -0.448074 -1.05
      vertex 1.76256 -0.448074 -1.4
    endloop
  endfacet
  facet normal -0.978241 -0.20747 0
    outer loop
      vertex 1.76256 -0.448074 -1.4
      vertex 1.72649 -0.278 -1.05
      vertex 1.72649 -0.278 -1.4
    endloop
  endfacet
  facet normal -0.978241 -0.20747 0
    outer loop
      vertex 1.72649 -0.278 -1.05
      vertex 1.76256 -0.448074 -1.4
      vertex 1.76256 -0.448074 -1.05
    endloop
  endfacet
  facet normal -0.975723 -0.219009 0
    outer loop
      vertex 1.72649 -0.278 -1.4
      vertex 1.5255 0.617447 -1.05
      vertex 1.5255 0.617447 -1.4
    endloop
  endfacet
  facet normal -0.975723 -0.219009 0
    outer loop
      vertex 1.5255 0.617447 -1.05
      vertex 1.72649 -0.278 -1.4
      vertex 1.72649 -0.278 -1.05
    endloop
  endfacet
  facet normal 0 -1 0
    outer loop
      vertex 1.19049 0.617447 -1.4
      vertex 1.5255 0.617447 -1.05
      vertex 1.19049 0.617447 -1.05
    endloop
  endfacet
  facet normal 0 -1 -0
    outer loop
      vertex 1.5255 0.617447 -1.05
      vertex 1.19049 0.617447 -1.4
      vertex 1.5255 0.617447 -1.4
    endloop
  endfacet
  facet normal 0.967234 0.253885 0
    outer loop
      vertex 1.55641 -0.776611 -1.05
      vertex 1.19049 0.617447 -1.4
      vertex 1.19049 0.617447 -1.05
    endloop
  endfacet
  facet normal 0.967234 0.253885 0
    outer loop
      vertex 1.19049 0.617447 -1.4
      vertex 1.55641 -0.776611 -1.05
      vertex 1.55641 -0.776611 -1.4
    endloop
  endfacet
  facet normal 0 1 -0
    outer loop
      vertex 1.93907 -0.776611 -1.4
      vertex 1.55641 -0.776611 -1.05
      vertex 1.93907 -0.776611 -1.05
    endloop
  endfacet
  facet normal 0 1 0
    outer loop
      vertex 1.55641 -0.776611 -1.05
      vertex 1.93907 -0.776611 -1.4
      vertex 1.55641 -0.776611 -1.4
    endloop
  endfacet
  facet normal -0.967675 0.2522 0
    outer loop
      vertex 1.93907 -0.776611 -1.4
      vertex 2.16069 0.0737305 -1.05
      vertex 2.16069 0.0737305 -1.4
    endloop
  endfacet
  facet normal -0.967675 0.2522 0
    outer loop
      vertex 2.16069 0.0737305 -1.05
      vertex 1.93907 -0.776611 -1.4
      vertex 1.93907 -0.776611 -1.05
    endloop
  endfacet
  facet normal -0.971888 0.235446 0
    outer loop
      vertex 15.9066 0.0737305 -1.4
      vertex 15.9162 0.113358 -1.05
      vertex 15.9162 0.113358 -1.4
    endloop
  endfacet
  facet normal -0.971888 0.235446 0
    outer loop
      vertex 15.9162 0.113358 -1.05
      vertex 15.9066 0.0737305 -1.4
      vertex 15.9066 0.0737305 -1.05
    endloop
  endfacet
  facet normal -0.977294 0.21189 0
    outer loop
      vertex 15.9162 0.113358 -1.4
      vertex 15.9294 0.17424 -1.05
      vertex 15.9294 0.17424 -1.4
    endloop
  endfacet
  facet normal -0.977294 0.21189 0
    outer loop
      vertex 15.9294 0.17424 -1.05
      vertex 15.9162 0.113358 -1.4
      vertex 15.9162 0.113358 -1.05
    endloop
  endfacet
  facet normal -0.979246 0.202673 0
    outer loop
      vertex 15.9294 0.17424 -1.4
      vertex 15.9464 0.256378 -1.05
      vertex 15.9464 0.256378 -1.4
    endloop
  endfacet
  facet normal -0.979246 0.202673 0
    outer loop
      vertex 15.9464 0.256378 -1.05
      vertex 15.9294 0.17424 -1.4
      vertex 15.9294 0.17424 -1.05
    endloop
  endfacet
  facet normal -0.980542 0.196309 0
    outer loop
      vertex 15.9464 0.256378 -1.4
      vertex 15.9671 0.359772 -1.05
      vertex 15.9671 0.359772 -1.4
    endloop
  endfacet
  facet normal -0.980542 0.196309 0
    outer loop
      vertex 15.9671 0.359772 -1.05
      vertex 15.9464 0.256378 -1.4
      vertex 15.9464 0.256378 -1.05
    endloop
  endfacet
  facet normal 0.974095 0.226137 0
    outer loop
      vertex 16.0341 0.071167 -1.05
      vertex 15.9671 0.359772 -1.4
      vertex 15.9671 0.359772 -1.05
    endloop
  endfacet
  facet normal 0.974095 0.226137 0
    outer loop
      vertex 15.9671 0.359772 -1.4
      vertex 16.0341 0.071167 -1.05
      vertex 16.0341 0.071167 -1.4
    endloop
  endfacet
  facet normal 0.966765 0.255667 0
    outer loop
      vertex 16.2583 -0.776611 -1.05
      vertex 16.0341 0.071167 -1.4
      vertex 16.0341 0.071167 -1.05
    endloop
  endfacet
  facet normal 0.966765 0.255667 0
    outer loop
      vertex 16.0341 0.071167 -1.4
      vertex 16.2583 -0.776611 -1.05
      vertex 16.2583 -0.776611 -1.4
    endloop
  endfacet
  facet normal 0 1 -0
    outer loop
      vertex 16.641 -0.776611 -1.4
      vertex 16.2583 -0.776611 -1.05
      vertex 16.641 -0.776611 -1.05
    endloop
  endfacet
  facet normal 0 1 0
    outer loop
      vertex 16.2583 -0.776611 -1.05
      vertex 16.641 -0.776611 -1.4
      vertex 16.2583 -0.776611 -1.4
    endloop
  endfacet
  facet normal -0.968119 0.250492 0
    outer loop
      vertex 16.641 -0.776611 -1.4
      vertex 17.0017 0.617447 -1.05
      vertex 17.0017 0.617447 -1.4
    endloop
  endfacet
  facet normal -0.968119 0.250492 0
    outer loop
      vertex 17.0017 0.617447 -1.05
      vertex 16.641 -0.776611 -1.4
      vertex 16.641 -0.776611 -1.05
    endloop
  endfacet
  facet normal 0 -1 0
    outer loop
      vertex 16.6616 0.617447 -1.4
      vertex 17.0017 0.617447 -1.05
      vertex 16.6616 0.617447 -1.05
    endloop
  endfacet
  facet normal 0 -1 -0
    outer loop
      vertex 17.0017 0.617447 -1.05
      vertex 16.6616 0.617447 -1.4
      vertex 17.0017 0.617447 -1.4
    endloop
  endfacet
  facet normal 0.977619 -0.210383 0
    outer loop
      vertex 16.4323 -0.448074 -1.05
      vertex 16.6616 0.617447 -1.4
      vertex 16.6616 0.617447 -1.05
    endloop
  endfacet
  facet normal 0.977619 -0.210383 0
    outer loop
      vertex 16.6616 0.617447 -1.4
      vertex 16.4323 -0.448074 -1.05
      vertex 16.4323 -0.448074 -1.4
    endloop
  endfacet
  facet normal -0.982456 -0.186493 0
    outer loop
      vertex 16.4323 -0.448074 -1.4
      vertex 16.4142 -0.352722 -1.05
      vertex 16.4142 -0.352722 -1.4
    endloop
  endfacet
  facet normal -0.982456 -0.186493 0
    outer loop
      vertex 16.4142 -0.352722 -1.05
      vertex 16.4323 -0.448074 -1.4
      vertex 16.4323 -0.448074 -1.05
    endloop
  endfacet
  facet normal -0.977937 -0.208899 0
    outer loop
      vertex 16.4142 -0.352722 -1.4
      vertex 16.382 -0.201981 -1.05
      vertex 16.382 -0.201981 -1.4
    endloop
  endfacet
  facet normal -0.977937 -0.208899 0
    outer loop
      vertex 16.382 -0.201981 -1.05
      vertex 16.4142 -0.352722 -1.4
      vertex 16.4142 -0.352722 -1.05
    endloop
  endfacet
  facet normal -0.966092 -0.258197 0
    outer loop
      vertex 16.382 -0.201981 -1.4
      vertex 16.163 0.617447 -1.05
      vertex 16.163 0.617447 -1.4
    endloop
  endfacet
  facet normal -0.966092 -0.258197 0
    outer loop
      vertex 16.163 0.617447 -1.05
      vertex 16.382 -0.201981 -1.4
      vertex 16.382 -0.201981 -1.05
    endloop
  endfacet
  facet normal 0 -1 0
    outer loop
      vertex 15.7751 0.617447 -1.4
      vertex 16.163 0.617447 -1.05
      vertex 15.7751 0.617447 -1.05
    endloop
  endfacet
  facet normal 0 -1 -0
    outer loop
      vertex 16.163 0.617447 -1.05
      vertex 15.7751 0.617447 -1.4
      vertex 16.163 0.617447 -1.4
    endloop
  endfacet
  facet normal 0.967607 -0.252462 0
    outer loop
      vertex 15.5613 -0.201981 -1.05
      vertex 15.7751 0.617447 -1.4
      vertex 15.7751 0.617447 -1.05
    endloop
  endfacet
  facet normal 0.967607 -0.252462 0
    outer loop
      vertex 15.7751 0.617447 -1.4
      vertex 15.5613 -0.201981 -1.05
      vertex 15.5613 -0.201981 -1.4
    endloop
  endfacet
  facet normal 0.970278 -0.241994 0
    outer loop
      vertex 15.5512 -0.242477 -1.05
      vertex 15.5613 -0.201981 -1.4
      vertex 15.5613 -0.201981 -1.05
    endloop
  endfacet
  facet normal 0.970278 -0.241994 0
    outer loop
      vertex 15.5613 -0.201981 -1.4
      vertex 15.5512 -0.242477 -1.05
      vertex 15.5512 -0.242477 -1.4
    endloop
  endfacet
  facet normal 0.975866 -0.218371 0
    outer loop
      vertex 15.539 -0.296997 -1.05
      vertex 15.5512 -0.242477 -1.4
      vertex 15.5512 -0.242477 -1.05
    endloop
  endfacet
  facet normal 0.975866 -0.218371 0
    outer loop
      vertex 15.5512 -0.242477 -1.4
      vertex 15.539 -0.296997 -1.05
      vertex 15.539 -0.296997 -1.4
    endloop
  endfacet
  facet normal 0.979198 -0.202907 0
    outer loop
      vertex 15.5248 -0.365524 -1.05
      vertex 15.539 -0.296997 -1.4
      vertex 15.539 -0.296997 -1.05
    endloop
  endfacet
  facet normal 0.979198 -0.202907 0
    outer loop
      vertex 15.539 -0.296997 -1.4
      vertex 15.5248 -0.365524 -1.05
      vertex 15.5248 -0.365524 -1.4
    endloop
  endfacet
  facet normal 0.980831 -0.194859 0
    outer loop
      vertex 15.5084 -0.448074 -1.05
      vertex 15.5248 -0.365524 -1.4
      vertex 15.5248 -0.365524 -1.05
    endloop
  endfacet
  facet normal 0.980831 -0.194859 0
    outer loop
      vertex 15.5248 -0.365524 -1.4
      vertex 15.5084 -0.448074 -1.05
      vertex 15.5084 -0.448074 -1.4
    endloop
  endfacet
  facet normal -0.978323 -0.207084 0
    outer loop
      vertex 15.5084 -0.448074 -1.4
      vertex 15.4724 -0.278 -1.05
      vertex 15.4724 -0.278 -1.4
    endloop
  endfacet
  facet normal -0.978323 -0.207084 0
    outer loop
      vertex 15.4724 -0.278 -1.05
      vertex 15.5084 -0.448074 -1.4
      vertex 15.5084 -0.448074 -1.05
    endloop
  endfacet
  facet normal -0.975721 -0.219019 0
    outer loop
      vertex 15.4724 -0.278 -1.4
      vertex 15.2714 0.617447 -1.05
      vertex 15.2714 0.617447 -1.4
    endloop
  endfacet
  facet normal -0.975721 -0.219019 0
    outer loop
      vertex 15.2714 0.617447 -1.05
      vertex 15.4724 -0.278 -1.4
      vertex 15.4724 -0.278 -1.05
    endloop
  endfacet
  facet normal 0 -1 0
    outer loop
      vertex 14.9364 0.617447 -1.4
      vertex 15.2714 0.617447 -1.05
      vertex 14.9364 0.617447 -1.05
    endloop
  endfacet
  facet normal 0 -1 -0
    outer loop
      vertex 15.2714 0.617447 -1.05
      vertex 14.9364 0.617447 -1.4
      vertex 15.2714 0.617447 -1.4
    endloop
  endfacet
  facet normal 0.967238 0.253872 0
    outer loop
      vertex 15.3023 -0.776611 -1.05
      vertex 14.9364 0.617447 -1.4
      vertex 14.9364 0.617447 -1.05
    endloop
  endfacet
  facet normal 0.967238 0.253872 0
    outer loop
      vertex 14.9364 0.617447 -1.4
      vertex 15.3023 -0.776611 -1.05
      vertex 15.3023 -0.776611 -1.4
    endloop
  endfacet
  facet normal 0 1 -0
    outer loop
      vertex 15.685 -0.776611 -1.4
      vertex 15.3023 -0.776611 -1.05
      vertex 15.685 -0.776611 -1.05
    endloop
  endfacet
  facet normal 0 1 0
    outer loop
      vertex 15.3023 -0.776611 -1.05
      vertex 15.685 -0.776611 -1.4
      vertex 15.3023 -0.776611 -1.4
    endloop
  endfacet
  facet normal -0.967681 0.252179 0
    outer loop
      vertex 15.685 -0.776611 -1.4
      vertex 15.9066 0.0737305 -1.05
      vertex 15.9066 0.0737305 -1.4
    endloop
  endfacet
  facet normal -0.967681 0.252179 0
    outer loop
      vertex 15.9066 0.0737305 -1.05
      vertex 15.685 -0.776611 -1.4
      vertex 15.685 -0.776611 -1.05
    endloop
  endfacet
  facet normal 0 -1 0
    outer loop
      vertex 10.6336 -0.99823 -1.4
      vertex 12.1501 -0.99823 -1.05
      vertex 10.6336 -0.99823 -1.05
    endloop
  endfacet
  facet normal 0 -1 -0
    outer loop
      vertex 12.1501 -0.99823 -1.05
      vertex 10.6336 -0.99823 -1.4
      vertex 12.1501 -0.99823 -1.4
    endloop
  endfacet
  facet normal 1 -0 0
    outer loop
      vertex 10.6336 -1.09872 -1.05
      vertex 10.6336 -0.99823 -1.4
      vertex 10.6336 -0.99823 -1.05
    endloop
  endfacet
  facet normal 1 0 0
    outer loop
      vertex 10.6336 -0.99823 -1.4
      vertex 10.6336 -1.09872 -1.05
      vertex 10.6336 -1.09872 -1.4
    endloop
  endfacet
  facet normal 0 1 -0
    outer loop
      vertex 12.1501 -1.09872 -1.4
      vertex 10.6336 -1.09872 -1.05
      vertex 12.1501 -1.09872 -1.05
    endloop
  endfacet
  facet normal 0 1 0
    outer loop
      vertex 10.6336 -1.09872 -1.05
      vertex 12.1501 -1.09872 -1.4
      vertex 10.6336 -1.09872 -1.4
    endloop
  endfacet
  facet normal -1 0 0
    outer loop
      vertex 12.1501 -1.09872 -1.4
      vertex 12.1501 -0.99823 -1.05
      vertex 12.1501 -0.99823 -1.4
    endloop
  endfacet
  facet normal -1 -0 0
    outer loop
      vertex 12.1501 -0.99823 -1.05
      vertex 12.1501 -1.09872 -1.4
      vertex 12.1501 -1.09872 -1.05
    endloop
  endfacet
endsolid OpenSCAD_Model
