solid OpenSCAD_Model
  facet normal 1 -0 0
    outer loop
      vertex 25.4 1.50224 25.4
      vertex 25.4 3 0
      vertex 25.4 3 25.4
    endloop
  endfacet
  facet normal 1 0 0
    outer loop
      vertex 25.4 3 0
      vertex 25.4 1.50224 25.4
      vertex 25.4 1.50224 0
    endloop
  endfacet
  facet normal 1 -0 0
    outer loop
      vertex 25.4 -3 25.4
      vertex 25.4 -1.50224 0
      vertex 25.4 -1.50224 25.4
    endloop
  endfacet
  facet normal 1 0 0
    outer loop
      vertex 25.4 -1.50224 0
      vertex 25.4 -3 25.4
      vertex 25.4 -3 0
    endloop
  endfacet
  facet normal -0 0 1
    outer loop
      vertex 4.14999 2.54999 25.4
      vertex 25.4 1.50224 25.4
      vertex 25.4 3 25.4
    endloop
  endfacet
  facet normal 0 0 1
    outer loop
      vertex 25.4 1.50224 25.4
      vertex 4.14999 2.54999 25.4
      vertex 25.4 -1.50224 25.4
    endloop
  endfacet
  facet normal 0 0 1
    outer loop
      vertex 4.14999 -2.54999 25.4
      vertex 25.4 -1.50224 25.4
      vertex 4.14999 2.54999 25.4
    endloop
  endfacet
  facet normal -0 0 1
    outer loop
      vertex 0 3 25.4
      vertex 4.14999 2.54999 25.4
      vertex 25.4 3 25.4
    endloop
  endfacet
  facet normal 0 0 1
    outer loop
      vertex 4.14999 2.54999 25.4
      vertex 0 3 25.4
      vertex 0 1.65216 25.4
    endloop
  endfacet
  facet normal -0 0 1
    outer loop
      vertex 25.4 1.50224 25.4
      vertex 29.4 -2.39999 25.4
      vertex 29.4 2.39999 25.4
    endloop
  endfacet
  facet normal 0 0 1
    outer loop
      vertex 29.4 -2.39999 25.4
      vertex 25.4 1.50224 25.4
      vertex 25.4 -1.50224 25.4
    endloop
  endfacet
  facet normal 0 0 1
    outer loop
      vertex 25.4 -1.50224 25.4
      vertex 4.14999 -2.54999 25.4
      vertex 25.4 -3 25.4
    endloop
  endfacet
  facet normal 0 0 1
    outer loop
      vertex 4.14999 -2.54999 25.4
      vertex 0 -3 25.4
      vertex 25.4 -3 25.4
    endloop
  endfacet
  facet normal 0 0 1
    outer loop
      vertex 0 -3 25.4
      vertex 4.14999 -2.54999 25.4
      vertex 0 -1.65216 25.4
    endloop
  endfacet
  facet normal 0 0 -1
    outer loop
      vertex 5 -3 0
      vertex 4.14999 -2.54999 0
      vertex 5 -2.76868 0
    endloop
  endfacet
  facet normal 0 0 -1
    outer loop
      vertex 0 -3 0
      vertex 4.14999 -2.54999 0
      vertex 5 -3 0
    endloop
  endfacet
  facet normal -0 0 -1
    outer loop
      vertex 4.14999 -2.54999 0
      vertex 0 -3 0
      vertex 0 -1.65216 0
    endloop
  endfacet
  facet normal 0 0 -1
    outer loop
      vertex 12.613 -2.76868 0
      vertex 5 -2.76868 0
      vertex 12.613 -2.3 0
    endloop
  endfacet
  facet normal 0 0 -1
    outer loop
      vertex 25.4 -1.5 0
      vertex 29.4 -2.39999 0
      vertex 25.4 -1.50224 0
    endloop
  endfacet
  facet normal 0 0 -1
    outer loop
      vertex 29.4 -2.39999 0
      vertex 25.4 -1.5 0
      vertex 29.4 2.39999 0
    endloop
  endfacet
  facet normal 0 0 -1
    outer loop
      vertex 25.4 1.5 0
      vertex 29.4 2.39999 0
      vertex 25.4 -1.5 0
    endloop
  endfacet
  facet normal 0 0 -1
    outer loop
      vertex 25.4 1.5 0
      vertex 25.4 1.50224 0
      vertex 29.4 2.39999 0
    endloop
  endfacet
  facet normal 0 0 -1
    outer loop
      vertex 13.7944 2.3 0
      vertex 25.4 1.50224 0
      vertex 25.4 1.5 0
    endloop
  endfacet
  facet normal 0 0 -1
    outer loop
      vertex 25.4 1.50224 0
      vertex 13.7944 2.3 0
      vertex 25.4 3 0
    endloop
  endfacet
  facet normal 0 0 -1
    outer loop
      vertex 4.14999 1.5 0
      vertex 13.7944 2.3 0
      vertex 25.4 1.5 0
    endloop
  endfacet
  facet normal -0 0 -1
    outer loop
      vertex 13.7944 2.3 0
      vertex 4.14999 1.5 0
      vertex 12.9944 2.3 0
    endloop
  endfacet
  facet normal 0 0 -1
    outer loop
      vertex 4.14999 2.54999 0
      vertex 12.9944 2.3 0
      vertex 4.14999 1.5 0
    endloop
  endfacet
  facet normal 0 0 -1
    outer loop
      vertex 12.9944 2.3 0
      vertex 4.14999 2.54999 0
      vertex 12.9944 3 0
    endloop
  endfacet
  facet normal 0 0 -1
    outer loop
      vertex 4.14999 2.54999 0
      vertex 0 3 0
      vertex 12.9944 3 0
    endloop
  endfacet
  facet normal 0 0 -1
    outer loop
      vertex 0 3 0
      vertex 4.14999 2.54999 0
      vertex 0 1.65216 0
    endloop
  endfacet
  facet normal 0 0 -1
    outer loop
      vertex 13.413 -2.3 0
      vertex 25.4 -1.50224 0
      vertex 25.4 -3 0
    endloop
  endfacet
  facet normal 0 0 -1
    outer loop
      vertex 13.413 -2.3 0
      vertex 25.4 -3 0
      vertex 13.413 -3 0
    endloop
  endfacet
  facet normal -0 0 -1
    outer loop
      vertex 25.4 -1.50224 0
      vertex 13.413 -2.3 0
      vertex 25.4 -1.5 0
    endloop
  endfacet
  facet normal 0 0 -1
    outer loop
      vertex 4.14999 -1.5 0
      vertex 13.413 -2.3 0
      vertex 12.613 -2.3 0
    endloop
  endfacet
  facet normal 0 0 -1
    outer loop
      vertex 4.14999 -1.5 0
      vertex 12.613 -2.3 0
      vertex 5 -2.76868 0
    endloop
  endfacet
  facet normal 0 0 -1
    outer loop
      vertex 4.14999 -1.5 0
      vertex 5 -2.76868 0
      vertex 4.14999 -2.54999 0
    endloop
  endfacet
  facet normal 0 0 -1
    outer loop
      vertex 13.413 -2.3 0
      vertex 4.14999 -1.5 0
      vertex 25.4 -1.5 0
    endloop
  endfacet
  facet normal -0 0 -1
    outer loop
      vertex 25.4 3 0
      vertex 13.7944 2.3 0
      vertex 13.7944 3 0
    endloop
  endfacet
  facet normal -1 0 0
    outer loop
      vertex 0 -1.5 -1.4
      vertex 0 1.5 -0.00999928
      vertex 0 1.5 -1.4
    endloop
  endfacet
  facet normal -1 -0 0
    outer loop
      vertex 0 1.5 -0.00999928
      vertex 0 -1.5 -1.4
      vertex 0 -1.5 -0.00999928
    endloop
  endfacet
  facet normal -1 0 0
    outer loop
      vertex 0 1.65216 0
      vertex 0 3 25.4
      vertex 0 3 0
    endloop
  endfacet
  facet normal -1 -0 0
    outer loop
      vertex 0 3 25.4
      vertex 0 1.65216 0
      vertex 0 1.65216 25.4
    endloop
  endfacet
  facet normal -1 0 0
    outer loop
      vertex 0 -3 0
      vertex 0 -1.65216 25.4
      vertex 0 -1.65216 0
    endloop
  endfacet
  facet normal -1 -0 0
    outer loop
      vertex 0 -1.65216 25.4
      vertex 0 -3 0
      vertex 0 -3 25.4
    endloop
  endfacet
  facet normal 0 1 0
    outer loop
      vertex 12.9944 3 3.6
      vertex 12.9944 3 0
      vertex 5 3 3.6
    endloop
  endfacet
  facet normal 0 1 0
    outer loop
      vertex 8.23326 3 7.6
      vertex 8.23326 3 4.4
      vertex 5 3 7.6
    endloop
  endfacet
  facet normal 0 1 0
    outer loop
      vertex 12.6323 3 11.6
      vertex 12.6323 3 8.4
      vertex 5 3 11.6
    endloop
  endfacet
  facet normal 0 1 0
    outer loop
      vertex 8.94741 3 15.6
      vertex 8.94741 3 12.4
      vertex 5 3 15.6
    endloop
  endfacet
  facet normal 0 1 0
    outer loop
      vertex 8.9266 3 24
      vertex 25.4 3 25.4
      vertex 17.1453 3 24
    endloop
  endfacet
  facet normal 0 1 0
    outer loop
      vertex 25.4 3 25.4
      vertex 20.4 3 20.4
      vertex 17.1453 3 24
    endloop
  endfacet
  facet normal 0 1 0
    outer loop
      vertex 25.4 3 25.4
      vertex 20.4 3 7.6
      vertex 20.4 3 20.4
    endloop
  endfacet
  facet normal 0 1 0
    outer loop
      vertex 20.4 3 7.6
      vertex 20.4 3 4.4
      vertex 17.5117 3 7.6
    endloop
  endfacet
  facet normal 0 1 -0
    outer loop
      vertex 25.4 3 0
      vertex 20.4 3 7.6
      vertex 25.4 3 25.4
    endloop
  endfacet
  facet normal 0 1 0
    outer loop
      vertex 20.4 3 7.6
      vertex 25.4 3 0
      vertex 20.4 3 4.4
    endloop
  endfacet
  facet normal 0 1 0
    outer loop
      vertex 20.4 3 4.4
      vertex 25.4 3 0
      vertex 20.4 3 3.6
    endloop
  endfacet
  facet normal 0 1 0
    outer loop
      vertex 13.7944 3 0
      vertex 20.4 3 3.6
      vertex 25.4 3 0
    endloop
  endfacet
  facet normal 0 1 0
    outer loop
      vertex 20.4 3 3.6
      vertex 13.7944 3 0
      vertex 13.7944 3 3.6
    endloop
  endfacet
  facet normal 0 1 0
    outer loop
      vertex 25.4 3 25.4
      vertex 8.9266 3 24
      vertex 0 3 25.4
    endloop
  endfacet
  facet normal 0 1 0
    outer loop
      vertex 5 3 20.4
      vertex 8.9266 3 24
      vertex 8.9266 3 20.4
    endloop
  endfacet
  facet normal 0 1 0
    outer loop
      vertex 8.9266 3 24
      vertex 5 3 20.4
      vertex 0 3 25.4
    endloop
  endfacet
  facet normal 0 1 -0
    outer loop
      vertex 5 3 15.6
      vertex 0 3 25.4
      vertex 5 3 20.4
    endloop
  endfacet
  facet normal 0 1 0
    outer loop
      vertex 5 3 12.4
      vertex 5 3 15.6
      vertex 8.94741 3 12.4
    endloop
  endfacet
  facet normal 0 1 -0
    outer loop
      vertex 5 3 12.4
      vertex 0 3 25.4
      vertex 5 3 15.6
    endloop
  endfacet
  facet normal 0 1 0
    outer loop
      vertex 0 3 0
      vertex 5 3 12.4
      vertex 5 3 11.6
    endloop
  endfacet
  facet normal 0 1 0
    outer loop
      vertex 5 3 8.4
      vertex 5 3 11.6
      vertex 12.6323 3 8.4
    endloop
  endfacet
  facet normal 0 1 0
    outer loop
      vertex 0 3 0
      vertex 5 3 11.6
      vertex 5 3 8.4
    endloop
  endfacet
  facet normal 0 1 0
    outer loop
      vertex 0 3 0
      vertex 5 3 8.4
      vertex 5 3 7.6
    endloop
  endfacet
  facet normal 0 1 0
    outer loop
      vertex 5 3 4.4
      vertex 5 3 7.6
      vertex 8.23326 3 4.4
    endloop
  endfacet
  facet normal 0 1 0
    outer loop
      vertex 0 3 0
      vertex 5 3 7.6
      vertex 5 3 4.4
    endloop
  endfacet
  facet normal 0 1 0
    outer loop
      vertex 0 3 0
      vertex 5 3 4.4
      vertex 5 3 3.6
    endloop
  endfacet
  facet normal 0 1 0
    outer loop
      vertex 5 3 12.4
      vertex 0 3 0
      vertex 0 3 25.4
    endloop
  endfacet
  facet normal 0 1 0
    outer loop
      vertex 0 3 0
      vertex 5 3 3.6
      vertex 12.9944 3 0
    endloop
  endfacet
  facet normal 0 1 0
    outer loop
      vertex 17.1453 3 24
      vertex 20.4 3 20.4
      vertex 17.1453 3 20.4
    endloop
  endfacet
  facet normal 0 1 0
    outer loop
      vertex 17.5117 3 7.6
      vertex 20.4 3 4.4
      vertex 17.5117 3 4.4
    endloop
  endfacet
  facet normal 0 -1 0
    outer loop
      vertex 13.413 -3 3.6
      vertex 13.413 -3 0
      vertex 20.4 -3 3.6
    endloop
  endfacet
  facet normal 0 -1 0
    outer loop
      vertex 17.4879 -3 15.6
      vertex 17.4879 -3 12.4
      vertex 20.4 -3 15.6
    endloop
  endfacet
  facet normal 0 -1 0
    outer loop
      vertex 13.1701 -3 19.6
      vertex 13.1701 -3 16.4
      vertex 20.4 -3 19.6
    endloop
  endfacet
  facet normal 0 -1 0
    outer loop
      vertex 0 -3 25.4
      vertex 8.82632 -3 24
      vertex 25.4 -3 25.4
    endloop
  endfacet
  facet normal 0 -1 0
    outer loop
      vertex 0 -3 25.4
      vertex 5 -3 20.4
      vertex 8.82632 -3 24
    endloop
  endfacet
  facet normal 0 -1 0
    outer loop
      vertex 0 -3 25.4
      vertex 5 -3 19.6
      vertex 5 -3 20.4
    endloop
  endfacet
  facet normal 0 -1 0
    outer loop
      vertex 5 -3 19.6
      vertex 5 -3 16.4
      vertex 12.3701 -3 19.6
    endloop
  endfacet
  facet normal 0 -1 0
    outer loop
      vertex 0 -3 25.4
      vertex 5 -3 16.4
      vertex 5 -3 19.6
    endloop
  endfacet
  facet normal 0 -1 0
    outer loop
      vertex 0 -3 25.4
      vertex 5 -3 15.6
      vertex 5 -3 16.4
    endloop
  endfacet
  facet normal 0 -1 0
    outer loop
      vertex 5 -3 15.6
      vertex 5 -3 12.4
      vertex 8.95209 -3 15.6
    endloop
  endfacet
  facet normal 0 -1 0
    outer loop
      vertex 0 -3 25.4
      vertex 5 -3 12.4
      vertex 5 -3 15.6
    endloop
  endfacet
  facet normal 0 -1 0
    outer loop
      vertex 0 -3 0
      vertex 5 -3 12.4
      vertex 0 -3 25.4
    endloop
  endfacet
  facet normal 0 -1 0
    outer loop
      vertex 5 -3 7.6
      vertex 5 -3 4.4
      vertex 8.67125 -3 7.6
    endloop
  endfacet
  facet normal 0 -1 -0
    outer loop
      vertex 5 -3 12.4
      vertex 0 -3 0
      vertex 5 -3 7.6
    endloop
  endfacet
  facet normal 0 -1 -0
    outer loop
      vertex 5 -3 7.6
      vertex 0 -3 0
      vertex 5 -3 4.4
    endloop
  endfacet
  facet normal 0 -1 -0
    outer loop
      vertex 5 -3 4.4
      vertex 0 -3 0
      vertex 5 -3 0
    endloop
  endfacet
  facet normal 0 -1 0
    outer loop
      vertex 20.4 -3 24
      vertex 25.4 -3 25.4
      vertex 8.82632 -3 24
    endloop
  endfacet
  facet normal 0 -1 0
    outer loop
      vertex 20.4 -3 19.6
      vertex 25.4 -3 25.4
      vertex 20.4 -3 24
    endloop
  endfacet
  facet normal 0 -1 0
    outer loop
      vertex 20.4 -3 16.4
      vertex 20.4 -3 19.6
      vertex 13.1701 -3 16.4
    endloop
  endfacet
  facet normal 0 -1 0
    outer loop
      vertex 20.4 -3 16.4
      vertex 25.4 -3 25.4
      vertex 20.4 -3 19.6
    endloop
  endfacet
  facet normal 0 -1 0
    outer loop
      vertex 20.4 -3 15.6
      vertex 25.4 -3 25.4
      vertex 20.4 -3 16.4
    endloop
  endfacet
  facet normal 0 -1 0
    outer loop
      vertex 20.4 -3 12.4
      vertex 20.4 -3 15.6
      vertex 17.4879 -3 12.4
    endloop
  endfacet
  facet normal 0 -1 0
    outer loop
      vertex 20.4 -3 12.4
      vertex 25.4 -3 25.4
      vertex 20.4 -3 15.6
    endloop
  endfacet
  facet normal 0 -1 0
    outer loop
      vertex 25.4 -3 0
      vertex 20.4 -3 12.4
      vertex 20.4 -3 3.6
    endloop
  endfacet
  facet normal 0 -1 0
    outer loop
      vertex 20.4 -3 12.4
      vertex 25.4 -3 0
      vertex 25.4 -3 25.4
    endloop
  endfacet
  facet normal 0 -1 0
    outer loop
      vertex 25.4 -3 0
      vertex 20.4 -3 3.6
      vertex 13.413 -3 0
    endloop
  endfacet
  facet normal 0 -1 -0
    outer loop
      vertex 8.82632 -3 24
      vertex 5 -3 20.4
      vertex 8.82632 -3 20.4
    endloop
  endfacet
  facet normal 0 -1 -0
    outer loop
      vertex 12.3701 -3 19.6
      vertex 5 -3 16.4
      vertex 12.3701 -3 16.4
    endloop
  endfacet
  facet normal 0 -1 -0
    outer loop
      vertex 8.95209 -3 15.6
      vertex 5 -3 12.4
      vertex 8.95209 -3 12.4
    endloop
  endfacet
  facet normal 0 -1 -0
    outer loop
      vertex 8.67125 -3 7.6
      vertex 5 -3 4.4
      vertex 8.67125 -3 4.4
    endloop
  endfacet
  facet normal 0 -1 0
    outer loop
      vertex 9.47125 -3 4.4
      vertex 16.5556 -3 7.6
      vertex 9.47125 -3 7.6
    endloop
  endfacet
  facet normal 0 -1 -0
    outer loop
      vertex 16.5556 -3 7.6
      vertex 9.47125 -3 4.4
      vertex 16.5556 -3 4.4
    endloop
  endfacet
  facet normal 0 -1 0
    outer loop
      vertex 9.75209 -3 12.4
      vertex 16.6879 -3 15.6
      vertex 9.75209 -3 15.6
    endloop
  endfacet
  facet normal 0 -1 -0
    outer loop
      vertex 16.6879 -3 15.6
      vertex 9.75209 -3 12.4
      vertex 16.6879 -3 12.4
    endloop
  endfacet
  facet normal 1 -0 0
    outer loop
      vertex 29.4 -2.39999 25.4
      vertex 29.4 2.39999 0
      vertex 29.4 2.39999 25.4
    endloop
  endfacet
  facet normal 1 0 0
    outer loop
      vertex 29.4 2.39999 0
      vertex 29.4 -2.39999 25.4
      vertex 29.4 -2.39999 0
    endloop
  endfacet
  facet normal -0.21899 -0.975727 0
    outer loop
      vertex 25.4 -1.50224 0
      vertex 29.4 -2.39999 25.4
      vertex 25.4 -1.50224 25.4
    endloop
  endfacet
  facet normal -0.21899 -0.975727 -0
    outer loop
      vertex 29.4 -2.39999 25.4
      vertex 25.4 -1.50224 0
      vertex 29.4 -2.39999 0
    endloop
  endfacet
  facet normal -0.21899 0.975727 0
    outer loop
      vertex 29.4 2.39999 0
      vertex 25.4 1.50224 25.4
      vertex 29.4 2.39999 25.4
    endloop
  endfacet
  facet normal -0.21899 0.975727 0
    outer loop
      vertex 25.4 1.50224 25.4
      vertex 29.4 2.39999 0
      vertex 25.4 1.50224 0
    endloop
  endfacet
  facet normal 1 -0 0
    outer loop
      vertex 25.4 -1.5 0
      vertex 25.4 1.5 -1.4
      vertex 25.4 1.5 0
    endloop
  endfacet
  facet normal 1 0 0
    outer loop
      vertex 25.4 1.5 -1.4
      vertex 25.4 -1.5 0
      vertex 25.4 -1.5 -1.4
    endloop
  endfacet
  facet normal 0 0 -1
    outer loop
      vertex 1.39411 -0.434906 -1.4
      vertex 1.60411 -0.240997 -1.4
      vertex 1.60169 -0.288544 -1.4
    endloop
  endfacet
  facet normal 0 0 -1
    outer loop
      vertex 1.44565 -0.439407 -1.4
      vertex 1.60169 -0.288544 -1.4
      vertex 1.59444 -0.329422 -1.4
    endloop
  endfacet
  facet normal 0 0 -1
    outer loop
      vertex 1.48357 -0.436401 -1.4
      vertex 1.59444 -0.329422 -1.4
      vertex 1.58237 -0.363602 -1.4
    endloop
  endfacet
  facet normal 0 0 -1
    outer loop
      vertex 1.51619 -0.427338 -1.4
      vertex 1.58237 -0.363602 -1.4
      vertex 1.56546 -0.391098 -1.4
    endloop
  endfacet
  facet normal 0 0 -1
    outer loop
      vertex 1.51619 -0.427338 -1.4
      vertex 1.56546 -0.391098 -1.4
      vertex 1.54348 -0.412231 -1.4
    endloop
  endfacet
  facet normal 0 0 -1
    outer loop
      vertex 1.58237 -0.363602 -1.4
      vertex 1.51619 -0.427338 -1.4
      vertex 1.48357 -0.436401 -1.4
    endloop
  endfacet
  facet normal 0 0 -1
    outer loop
      vertex 1.59444 -0.329422 -1.4
      vertex 1.48357 -0.436401 -1.4
      vertex 1.44565 -0.439407 -1.4
    endloop
  endfacet
  facet normal 0 0 -1
    outer loop
      vertex 1.60169 -0.288544 -1.4
      vertex 1.44565 -0.439407 -1.4
      vertex 1.42214 -0.438293 -1.4
    endloop
  endfacet
  facet normal 0 0 -1
    outer loop
      vertex 1.60169 -0.288544 -1.4
      vertex 1.42214 -0.438293 -1.4
      vertex 1.39411 -0.434906 -1.4
    endloop
  endfacet
  facet normal 0 0 -1
    outer loop
      vertex 1.60411 -0.240997 -1.4
      vertex 1.39411 -0.434906 -1.4
      vertex 1.36158 -0.429276 -1.4
    endloop
  endfacet
  facet normal 0 0 -1
    outer loop
      vertex 1.60411 -0.240997 -1.4
      vertex 1.36158 -0.429276 -1.4
      vertex 1.32453 -0.421387 -1.4
    endloop
  endfacet
  facet normal 0 0 -1
    outer loop
      vertex 1.60411 -0.240997 -1.4
      vertex 1.33998 0.483093 -1.4
      vertex 1.60411 0.483093 -1.4
    endloop
  endfacet
  facet normal 0 0 -1
    outer loop
      vertex 0 1.5 -1.4
      vertex 1.33998 0.483093 -1.4
      vertex 1.32453 -0.421387 -1.4
    endloop
  endfacet
  facet normal -0 0 -1
    outer loop
      vertex 1.60411 -0.240997 -1.4
      vertex 1.32453 -0.421387 -1.4
      vertex 1.33998 0.483093 -1.4
    endloop
  endfacet
  facet normal 0 0 -1
    outer loop
      vertex 1.60411 0.72789 -1.4
      vertex 1.33998 0.72789 -1.4
      vertex 1.60411 1.05516 -1.4
    endloop
  endfacet
  facet normal 0 0 -1
    outer loop
      vertex 5.12735 -0.452301 -1.4
      vertex 5.32192 -0.253876 -1.4
      vertex 5.32025 -0.307953 -1.4
    endloop
  endfacet
  facet normal 0 0 -1
    outer loop
      vertex 6.62758 0.432846 -1.4
      vertex 6.45496 -0.00521851 -1.4
      vertex 6.47118 0.340088 -1.4
    endloop
  endfacet
  facet normal 0 0 -1
    outer loop
      vertex 6.39324 0.0578918 -1.4
      vertex 6.47118 0.340088 -1.4
      vertex 6.45496 -0.00521851 -1.4
    endloop
  endfacet
  facet normal 0 0 -1
    outer loop
      vertex 6.31476 0.107666 -1.4
      vertex 6.47118 0.340088 -1.4
      vertex 6.39324 0.0578918 -1.4
    endloop
  endfacet
  facet normal 0 0 -1
    outer loop
      vertex 6.22043 0.143585 -1.4
      vertex 6.47118 0.340088 -1.4
      vertex 6.31476 0.107666 -1.4
    endloop
  endfacet
  facet normal 0 0 -1
    outer loop
      vertex 6.09368 0.322037 -1.4
      vertex 6.22043 0.143585 -1.4
      vertex 6.11022 0.165649 -1.4
    endloop
  endfacet
  facet normal 0 0 -1
    outer loop
      vertex 6.22043 0.143585 -1.4
      vertex 6.09368 0.322037 -1.4
      vertex 6.47118 0.340088 -1.4
    endloop
  endfacet
  facet normal 0 0 -1
    outer loop
      vertex 5.98415 0.173874 -1.4
      vertex 6.09368 0.322037 -1.4
      vertex 6.11022 0.165649 -1.4
    endloop
  endfacet
  facet normal -0 0 -1
    outer loop
      vertex 6.09368 0.322037 -1.4
      vertex 5.98415 0.173874 -1.4
      vertex 6.08567 0.371124 -1.4
    endloop
  endfacet
  facet normal 0 0 -1
    outer loop
      vertex 5.93444 0.516312 -1.4
      vertex 6.08567 0.371124 -1.4
      vertex 5.98415 0.173874 -1.4
    endloop
  endfacet
  facet normal 0 0 -1
    outer loop
      vertex 6.08567 0.371124 -1.4
      vertex 5.93444 0.516312 -1.4
      vertex 6.07323 0.412704 -1.4
    endloop
  endfacet
  facet normal -0 -0 -1
    outer loop
      vertex 5.97466 0.507736 -1.4
      vertex 6.07323 0.412704 -1.4
      vertex 5.93444 0.516312 -1.4
    endloop
  endfacet
  facet normal -0 -0 -1
    outer loop
      vertex 6.0082 0.493439 -1.4
      vertex 6.05635 0.446808 -1.4
      vertex 5.97466 0.507736 -1.4
    endloop
  endfacet
  facet normal 0 0 -1
    outer loop
      vertex 6.05635 0.446808 -1.4
      vertex 6.0082 0.493439 -1.4
      vertex 6.03505 0.473419 -1.4
    endloop
  endfacet
  facet normal 0 0 -1
    outer loop
      vertex 6.07323 0.412704 -1.4
      vertex 5.97466 0.507736 -1.4
      vertex 6.05635 0.446808 -1.4
    endloop
  endfacet
  facet normal 0 0 -1
    outer loop
      vertex 5.98415 0.173874 -1.4
      vertex 5.88752 0.51918 -1.4
      vertex 5.93444 0.516312 -1.4
    endloop
  endfacet
  facet normal 0 0 -1
    outer loop
      vertex 5.69588 0.368912 -1.4
      vertex 5.88752 0.51918 -1.4
      vertex 5.98415 0.173874 -1.4
    endloop
  endfacet
  facet normal 0 0 -1
    outer loop
      vertex 5.88752 0.51918 -1.4
      vertex 5.69588 0.368912 -1.4
      vertex 5.83719 0.51503 -1.4
    endloop
  endfacet
  facet normal 0 0 -1
    outer loop
      vertex 5.83719 0.51503 -1.4
      vertex 5.71077 0.415253 -1.4
      vertex 5.79444 0.502579 -1.4
    endloop
  endfacet
  facet normal 0 -0 -1
    outer loop
      vertex 5.73163 0.452805 -1.4
      vertex 5.79444 0.502579 -1.4
      vertex 5.71077 0.415253 -1.4
    endloop
  endfacet
  facet normal 0 0 -1
    outer loop
      vertex 5.79444 0.502579 -1.4
      vertex 5.73163 0.452805 -1.4
      vertex 5.75925 0.481842 -1.4
    endloop
  endfacet
  facet normal 0 0 -1
    outer loop
      vertex 5.83719 0.51503 -1.4
      vertex 5.69588 0.368912 -1.4
      vertex 5.71077 0.415253 -1.4
    endloop
  endfacet
  facet normal 0 0 -1
    outer loop
      vertex 5.98415 0.173874 -1.4
      vertex 5.68694 0.313782 -1.4
      vertex 5.69588 0.368912 -1.4
    endloop
  endfacet
  facet normal 0 0 -1
    outer loop
      vertex 5.68395 0.249893 -1.4
      vertex 5.98415 0.173874 -1.4
      vertex 5.68395 0.179016 -1.4
    endloop
  endfacet
  facet normal 0 0 -1
    outer loop
      vertex 5.98415 0.173874 -1.4
      vertex 5.68395 0.249893 -1.4
      vertex 5.68694 0.313782 -1.4
    endloop
  endfacet
  facet normal 0 0 -1
    outer loop
      vertex 7.56345 -0.452301 -1.4
      vertex 7.75801 -0.253876 -1.4
      vertex 7.75637 -0.307953 -1.4
    endloop
  endfacet
  facet normal 0 0 -1
    outer loop
      vertex 8.82935 0.0578918 -1.4
      vertex 9.12667 0.200073 -1.4
      vertex 8.89107 -0.00521851 -1.4
    endloop
  endfacet
  facet normal -0 0 -1
    outer loop
      vertex 9.12667 0.200073 -1.4
      vertex 8.82935 0.0578918 -1.4
      vertex 8.90728 0.340088 -1.4
    endloop
  endfacet
  facet normal 0 0 -1
    outer loop
      vertex 8.75087 0.107666 -1.4
      vertex 8.90728 0.340088 -1.4
      vertex 8.82935 0.0578918 -1.4
    endloop
  endfacet
  facet normal 0 0 -1
    outer loop
      vertex 8.65653 0.143585 -1.4
      vertex 8.90728 0.340088 -1.4
      vertex 8.75087 0.107666 -1.4
    endloop
  endfacet
  facet normal 0 0 -1
    outer loop
      vertex 8.52977 0.322037 -1.4
      vertex 8.65653 0.143585 -1.4
      vertex 8.54633 0.165649 -1.4
    endloop
  endfacet
  facet normal 0 0 -1
    outer loop
      vertex 8.65653 0.143585 -1.4
      vertex 8.52977 0.322037 -1.4
      vertex 8.90728 0.340088 -1.4
    endloop
  endfacet
  facet normal 0 0 -1
    outer loop
      vertex 8.42026 0.173874 -1.4
      vertex 8.52977 0.322037 -1.4
      vertex 8.54633 0.165649 -1.4
    endloop
  endfacet
  facet normal -0 0 -1
    outer loop
      vertex 8.52977 0.322037 -1.4
      vertex 8.42026 0.173874 -1.4
      vertex 8.52176 0.371124 -1.4
    endloop
  endfacet
  facet normal 0 0 -1
    outer loop
      vertex 8.37053 0.516312 -1.4
      vertex 8.52176 0.371124 -1.4
      vertex 8.42026 0.173874 -1.4
    endloop
  endfacet
  facet normal 0 0 -1
    outer loop
      vertex 8.52176 0.371124 -1.4
      vertex 8.37053 0.516312 -1.4
      vertex 8.50933 0.412704 -1.4
    endloop
  endfacet
  facet normal -0 -0 -1
    outer loop
      vertex 8.41075 0.507736 -1.4
      vertex 8.50933 0.412704 -1.4
      vertex 8.37053 0.516312 -1.4
    endloop
  endfacet
  facet normal -0 -0 -1
    outer loop
      vertex 8.44431 0.493439 -1.4
      vertex 8.49245 0.446808 -1.4
      vertex 8.41075 0.507736 -1.4
    endloop
  endfacet
  facet normal 0 0 -1
    outer loop
      vertex 8.49245 0.446808 -1.4
      vertex 8.44431 0.493439 -1.4
      vertex 8.47116 0.473419 -1.4
    endloop
  endfacet
  facet normal 0 0 -1
    outer loop
      vertex 8.50933 0.412704 -1.4
      vertex 8.41075 0.507736 -1.4
      vertex 8.49245 0.446808 -1.4
    endloop
  endfacet
  facet normal 0 0 -1
    outer loop
      vertex 8.42026 0.173874 -1.4
      vertex 8.32363 0.51918 -1.4
      vertex 8.37053 0.516312 -1.4
    endloop
  endfacet
  facet normal 0 0 -1
    outer loop
      vertex 8.13198 0.368912 -1.4
      vertex 8.32363 0.51918 -1.4
      vertex 8.42026 0.173874 -1.4
    endloop
  endfacet
  facet normal 0 0 -1
    outer loop
      vertex 8.32363 0.51918 -1.4
      vertex 8.13198 0.368912 -1.4
      vertex 8.27329 0.51503 -1.4
    endloop
  endfacet
  facet normal 0 0 -1
    outer loop
      vertex 8.27329 0.51503 -1.4
      vertex 8.14687 0.415253 -1.4
      vertex 8.23053 0.502579 -1.4
    endloop
  endfacet
  facet normal 0 -0 -1
    outer loop
      vertex 8.16773 0.452805 -1.4
      vertex 8.23053 0.502579 -1.4
      vertex 8.14687 0.415253 -1.4
    endloop
  endfacet
  facet normal 0 0 -1
    outer loop
      vertex 8.23053 0.502579 -1.4
      vertex 8.16773 0.452805 -1.4
      vertex 8.19535 0.481842 -1.4
    endloop
  endfacet
  facet normal 0 0 -1
    outer loop
      vertex 8.27329 0.51503 -1.4
      vertex 8.13198 0.368912 -1.4
      vertex 8.14687 0.415253 -1.4
    endloop
  endfacet
  facet normal 0 0 -1
    outer loop
      vertex 8.42026 0.173874 -1.4
      vertex 8.12303 0.313782 -1.4
      vertex 8.13198 0.368912 -1.4
    endloop
  endfacet
  facet normal 0 0 -1
    outer loop
      vertex 8.12006 0.249893 -1.4
      vertex 8.42026 0.173874 -1.4
      vertex 8.12006 0.179016 -1.4
    endloop
  endfacet
  facet normal 0 0 -1
    outer loop
      vertex 8.42026 0.173874 -1.4
      vertex 8.12006 0.249893 -1.4
      vertex 8.12303 0.313782 -1.4
    endloop
  endfacet
  facet normal 0 0 -1
    outer loop
      vertex 12.2248 -0.666183 -1.4
      vertex 10.4377 0.407074 -1.4
      vertex 10.4383 0.501053 -1.4
    endloop
  endfacet
  facet normal 0 0 -1
    outer loop
      vertex 10.0799 -0.473724 -1.4
      vertex 10.0756 -0.444565 -1.4
      vertex 10.0833 -0.444565 -1.4
    endloop
  endfacet
  facet normal 0 0 -1
    outer loop
      vertex 10.0434 -0.500977 -1.4
      vertex 10.0799 -0.473724 -1.4
      vertex 10.0775 -0.522522 -1.4
    endloop
  endfacet
  facet normal 0 0 -1
    outer loop
      vertex 10.0049 -0.550385 -1.4
      vertex 10.0775 -0.522522 -1.4
      vertex 10.0761 -0.590973 -1.4
    endloop
  endfacet
  facet normal 0 0 -1
    outer loop
      vertex 9.95999 -0.592789 -1.4
      vertex 10.0761 -0.590973 -1.4
      vertex 10.0756 -0.679062 -1.4
    endloop
  endfacet
  facet normal 0 0 -1
    outer loop
      vertex 7.56345 -0.452301 -1.4
      vertex 7.43027 0.400635 -1.4
      vertex 7.43047 0.455597 -1.4
    endloop
  endfacet
  facet normal 0 0 -1
    outer loop
      vertex 5.12735 -0.452301 -1.4
      vertex 4.99417 0.407074 -1.4
      vertex 4.99481 0.501053 -1.4
    endloop
  endfacet
  facet normal 0 0 -1
    outer loop
      vertex 4.63645 -0.473724 -1.4
      vertex 4.6321 -0.444565 -1.4
      vertex 4.63983 -0.444565 -1.4
    endloop
  endfacet
  facet normal 0 0 -1
    outer loop
      vertex 4.59993 -0.500977 -1.4
      vertex 4.63645 -0.473724 -1.4
      vertex 4.63404 -0.522522 -1.4
    endloop
  endfacet
  facet normal 0 0 -1
    outer loop
      vertex 4.5614 -0.550385 -1.4
      vertex 4.63404 -0.522522 -1.4
      vertex 4.63259 -0.590973 -1.4
    endloop
  endfacet
  facet normal 0 0 -1
    outer loop
      vertex 4.51651 -0.592789 -1.4
      vertex 4.63259 -0.590973 -1.4
      vertex 4.6321 -0.679062 -1.4
    endloop
  endfacet
  facet normal 0 0 -1
    outer loop
      vertex 2.58896 -0.283524 -1.4
      vertex 3.11637 -0.134262 -1.4
      vertex 3.10224 -0.217331 -1.4
    endloop
  endfacet
  facet normal 0 0 -1
    outer loop
      vertex 2.58896 -0.283524 -1.4
      vertex 3.10224 -0.217331 -1.4
      vertex 3.07868 -0.287903 -1.4
    endloop
  endfacet
  facet normal 0 0 -1
    outer loop
      vertex 2.83118 -0.449707 -1.4
      vertex 3.07868 -0.287903 -1.4
      vertex 3.0457 -0.346008 -1.4
    endloop
  endfacet
  facet normal 0 0 -1
    outer loop
      vertex 2.89676 -0.443237 -1.4
      vertex 3.0457 -0.346008 -1.4
      vertex 3.00403 -0.391388 -1.4
    endloop
  endfacet
  facet normal 0 0 -1
    outer loop
      vertex 2.89676 -0.443237 -1.4
      vertex 3.00403 -0.391388 -1.4
      vertex 2.95439 -0.423782 -1.4
    endloop
  endfacet
  facet normal 0 0 -1
    outer loop
      vertex 2.83118 -0.449707 -1.4
      vertex 3.0457 -0.346008 -1.4
      vertex 2.89676 -0.443237 -1.4
    endloop
  endfacet
  facet normal -0 0 -1
    outer loop
      vertex 3.07868 -0.287903 -1.4
      vertex 2.83118 -0.449707 -1.4
      vertex 2.58896 -0.283524 -1.4
    endloop
  endfacet
  facet normal 0 0 -1
    outer loop
      vertex 2.58896 -0.283524 -1.4
      vertex 2.83118 -0.449707 -1.4
      vertex 2.74405 -0.439331 -1.4
    endloop
  endfacet
  facet normal 0 0 -1
    outer loop
      vertex 2.62294 -0.356232 -1.4
      vertex 2.74405 -0.439331 -1.4
      vertex 2.67464 -0.408157 -1.4
    endloop
  endfacet
  facet normal 0 0 -1
    outer loop
      vertex 2.74405 -0.439331 -1.4
      vertex 2.62294 -0.356232 -1.4
      vertex 2.58896 -0.283524 -1.4
    endloop
  endfacet
  facet normal -0 0 -1
    outer loop
      vertex 3.11637 -0.134262 -1.4
      vertex 2.58896 -0.283524 -1.4
      vertex 3.12108 -0.0387115 -1.4
    endloop
  endfacet
  facet normal 0 0 -1
    outer loop
      vertex 2.2269 -0.0387115 -1.4
      vertex 2.58896 -0.283524 -1.4
      vertex 2.24752 -0.313141 -1.4
    endloop
  endfacet
  facet normal 0 0 -1
    outer loop
      vertex 2.58896 -0.283524 -1.4
      vertex 2.2269 -0.0387115 -1.4
      vertex 3.12108 -0.0387115 -1.4
    endloop
  endfacet
  facet normal 0 0 -1
    outer loop
      vertex 2.26653 0.309311 -1.4
      vertex 1.9623 0.483093 -1.4
      vertex 2.13883 0.483093 -1.4
    endloop
  endfacet
  facet normal 0 0 -1
    outer loop
      vertex 13.436 -0.452301 -1.4
      vertex 13.6306 -0.253876 -1.4
      vertex 13.6289 -0.307953 -1.4
    endloop
  endfacet
  facet normal 0 0 -1
    outer loop
      vertex 14.7636 -0.00521851 -1.4
      vertex 14.7798 0.340088 -1.4
      vertex 14.8077 -0.0812378 -1.4
    endloop
  endfacet
  facet normal 0 0 -1
    outer loop
      vertex 14.7019 0.0578918 -1.4
      vertex 14.7798 0.340088 -1.4
      vertex 14.7636 -0.00521851 -1.4
    endloop
  endfacet
  facet normal 0 0 -1
    outer loop
      vertex 14.6234 0.107666 -1.4
      vertex 14.7798 0.340088 -1.4
      vertex 14.7019 0.0578918 -1.4
    endloop
  endfacet
  facet normal 0 0 -1
    outer loop
      vertex 14.5291 0.143585 -1.4
      vertex 14.7798 0.340088 -1.4
      vertex 14.6234 0.107666 -1.4
    endloop
  endfacet
  facet normal 0 0 -1
    outer loop
      vertex 14.4023 0.322037 -1.4
      vertex 14.5291 0.143585 -1.4
      vertex 14.4189 0.165649 -1.4
    endloop
  endfacet
  facet normal 0 0 -1
    outer loop
      vertex 14.5291 0.143585 -1.4
      vertex 14.4023 0.322037 -1.4
      vertex 14.7798 0.340088 -1.4
    endloop
  endfacet
  facet normal 0 0 -1
    outer loop
      vertex 14.2928 0.173874 -1.4
      vertex 14.4023 0.322037 -1.4
      vertex 14.4189 0.165649 -1.4
    endloop
  endfacet
  facet normal -0 0 -1
    outer loop
      vertex 14.4023 0.322037 -1.4
      vertex 14.2928 0.173874 -1.4
      vertex 14.3943 0.371124 -1.4
    endloop
  endfacet
  facet normal 0 0 -1
    outer loop
      vertex 14.2431 0.516312 -1.4
      vertex 14.3943 0.371124 -1.4
      vertex 14.2928 0.173874 -1.4
    endloop
  endfacet
  facet normal 0 0 -1
    outer loop
      vertex 14.3943 0.371124 -1.4
      vertex 14.2431 0.516312 -1.4
      vertex 14.3819 0.412704 -1.4
    endloop
  endfacet
  facet normal -0 -0 -1
    outer loop
      vertex 14.2833 0.507736 -1.4
      vertex 14.3819 0.412704 -1.4
      vertex 14.2431 0.516312 -1.4
    endloop
  endfacet
  facet normal -0 -0 -1
    outer loop
      vertex 14.3169 0.493439 -1.4
      vertex 14.365 0.446808 -1.4
      vertex 14.2833 0.507736 -1.4
    endloop
  endfacet
  facet normal 0 0 -1
    outer loop
      vertex 14.365 0.446808 -1.4
      vertex 14.3169 0.493439 -1.4
      vertex 14.3437 0.473419 -1.4
    endloop
  endfacet
  facet normal 0 0 -1
    outer loop
      vertex 14.3819 0.412704 -1.4
      vertex 14.2833 0.507736 -1.4
      vertex 14.365 0.446808 -1.4
    endloop
  endfacet
  facet normal 0 0 -1
    outer loop
      vertex 14.2928 0.173874 -1.4
      vertex 14.1962 0.51918 -1.4
      vertex 14.2431 0.516312 -1.4
    endloop
  endfacet
  facet normal 0 0 -1
    outer loop
      vertex 14.0045 0.368912 -1.4
      vertex 14.1962 0.51918 -1.4
      vertex 14.2928 0.173874 -1.4
    endloop
  endfacet
  facet normal 0 0 -1
    outer loop
      vertex 14.1962 0.51918 -1.4
      vertex 14.0045 0.368912 -1.4
      vertex 14.1459 0.51503 -1.4
    endloop
  endfacet
  facet normal 0 0 -1
    outer loop
      vertex 14.1459 0.51503 -1.4
      vertex 14.0194 0.415253 -1.4
      vertex 14.1031 0.502579 -1.4
    endloop
  endfacet
  facet normal 0 -0 -1
    outer loop
      vertex 14.0403 0.452805 -1.4
      vertex 14.1031 0.502579 -1.4
      vertex 14.0194 0.415253 -1.4
    endloop
  endfacet
  facet normal 0 0 -1
    outer loop
      vertex 14.1031 0.502579 -1.4
      vertex 14.0403 0.452805 -1.4
      vertex 14.0679 0.481842 -1.4
    endloop
  endfacet
  facet normal 0 0 -1
    outer loop
      vertex 14.1459 0.51503 -1.4
      vertex 14.0045 0.368912 -1.4
      vertex 14.0194 0.415253 -1.4
    endloop
  endfacet
  facet normal 0 0 -1
    outer loop
      vertex 14.2928 0.173874 -1.4
      vertex 13.9956 0.313782 -1.4
      vertex 14.0045 0.368912 -1.4
    endloop
  endfacet
  facet normal 0 0 -1
    outer loop
      vertex 13.9926 0.249893 -1.4
      vertex 14.2928 0.173874 -1.4
      vertex 13.9926 0.179016 -1.4
    endloop
  endfacet
  facet normal 0 0 -1
    outer loop
      vertex 14.2928 0.173874 -1.4
      vertex 13.9926 0.249893 -1.4
      vertex 13.9956 0.313782 -1.4
    endloop
  endfacet
  facet normal 0 0 -1
    outer loop
      vertex 18.5548 -0.368546 -1.4
      vertex 18.5092 -0.287369 -1.4
      vertex 18.5344 -0.327316 -1.4
    endloop
  endfacet
  facet normal 0 0 -1
    outer loop
      vertex 18.5548 -0.368546 -1.4
      vertex 18.4793 -0.248718 -1.4
      vertex 18.5092 -0.287369 -1.4
    endloop
  endfacet
  facet normal 0 0 -1
    outer loop
      vertex 17.7121 -0.368546 -1.4
      vertex 18.4793 -0.248718 -1.4
      vertex 18.5548 -0.368546 -1.4
    endloop
  endfacet
  facet normal -0 0 -1
    outer loop
      vertex 18.4793 -0.248718 -1.4
      vertex 17.7121 -0.368546 -1.4
      vertex 18.4446 -0.211365 -1.4
    endloop
  endfacet
  facet normal -0 0 -1
    outer loop
      vertex 18.4446 -0.211365 -1.4
      vertex 17.7121 -0.368546 -1.4
      vertex 18.4066 -0.174728 -1.4
    endloop
  endfacet
  facet normal -0 0 -1
    outer loop
      vertex 18.4066 -0.174728 -1.4
      vertex 17.7121 -0.368546 -1.4
      vertex 18.3665 -0.138245 -1.4
    endloop
  endfacet
  facet normal -0 0 -1
    outer loop
      vertex 18.3665 -0.138245 -1.4
      vertex 17.7121 -0.368546 -1.4
      vertex 18.3244 -0.101929 -1.4
    endloop
  endfacet
  facet normal -0 0 -1
    outer loop
      vertex 18.3244 -0.101929 -1.4
      vertex 17.7121 -0.368546 -1.4
      vertex 18.2803 -0.0657806 -1.4
    endloop
  endfacet
  facet normal -0 0 -1
    outer loop
      vertex 18.2803 -0.0657806 -1.4
      vertex 17.7121 -0.368546 -1.4
      vertex 18.2349 -0.0294647 -1.4
    endloop
  endfacet
  facet normal -0 0 -1
    outer loop
      vertex 18.2349 -0.0294647 -1.4
      vertex 17.7121 -0.368546 -1.4
      vertex 18.1887 0.00732422 -1.4
    endloop
  endfacet
  facet normal -0 0 -1
    outer loop
      vertex 18.1887 0.00732422 -1.4
      vertex 17.7121 -0.368546 -1.4
      vertex 18.1418 0.0446167 -1.4
    endloop
  endfacet
  facet normal -0 0 -1
    outer loop
      vertex 18.1418 0.0446167 -1.4
      vertex 17.7121 -0.368546 -1.4
      vertex 18.0942 0.0823822 -1.4
    endloop
  endfacet
  facet normal -0 0 -1
    outer loop
      vertex 18.0942 0.0823822 -1.4
      vertex 17.7121 -0.368546 -1.4
      vertex 18.0472 0.121078 -1.4
    endloop
  endfacet
  facet normal 0 0 -1
    outer loop
      vertex 17.753 0.544617 -1.4
      vertex 16.9325 0.72789 -1.4
      vertex 17.7436 0.603806 -1.4
    endloop
  endfacet
  facet normal 0 0 -1
    outer loop
      vertex 17.7687 0.488495 -1.4
      vertex 16.9325 0.72789 -1.4
      vertex 17.753 0.544617 -1.4
    endloop
  endfacet
  facet normal 0 0 -1
    outer loop
      vertex 17.7907 0.435425 -1.4
      vertex 16.9325 0.72789 -1.4
      vertex 17.7687 0.488495 -1.4
    endloop
  endfacet
  facet normal 0 0 -1
    outer loop
      vertex 16.9325 0.72789 -1.4
      vertex 17.7907 0.435425 -1.4
      vertex 17.7121 -0.368546 -1.4
    endloop
  endfacet
  facet normal -0 0 -1
    outer loop
      vertex 17.8176 0.384888 -1.4
      vertex 17.7121 -0.368546 -1.4
      vertex 17.7907 0.435425 -1.4
    endloop
  endfacet
  facet normal -0 0 -1
    outer loop
      vertex 17.8481 0.33638 -1.4
      vertex 17.7121 -0.368546 -1.4
      vertex 17.8176 0.384888 -1.4
    endloop
  endfacet
  facet normal -0 0 -1
    outer loop
      vertex 17.882 0.289871 -1.4
      vertex 17.7121 -0.368546 -1.4
      vertex 17.8481 0.33638 -1.4
    endloop
  endfacet
  facet normal -0 0 -1
    outer loop
      vertex 17.9196 0.245361 -1.4
      vertex 17.7121 -0.368546 -1.4
      vertex 17.882 0.289871 -1.4
    endloop
  endfacet
  facet normal -0 0 -1
    outer loop
      vertex 17.9599 0.202576 -1.4
      vertex 17.7121 -0.368546 -1.4
      vertex 17.9196 0.245361 -1.4
    endloop
  endfacet
  facet normal -0 0 -1
    outer loop
      vertex 18.0025 0.161148 -1.4
      vertex 17.7121 -0.368546 -1.4
      vertex 17.9599 0.202576 -1.4
    endloop
  endfacet
  facet normal -0 0 -1
    outer loop
      vertex 18.0472 0.121078 -1.4
      vertex 17.7121 -0.368546 -1.4
      vertex 18.0025 0.161148 -1.4
    endloop
  endfacet
  facet normal 0 0 -1
    outer loop
      vertex 19.0539 -0.296402 -1.4
      vertex 18.8967 -0.260971 -1.4
      vertex 19.0539 -0.0271149 -1.4
    endloop
  endfacet
  facet normal 0 0 -1
    outer loop
      vertex 18.8425 -0.185425 -1.4
      vertex 19.0539 -0.0271149 -1.4
      vertex 18.8967 -0.260971 -1.4
    endloop
  endfacet
  facet normal 0 0 -1
    outer loop
      vertex 18.7809 -0.11087 -1.4
      vertex 19.0539 -0.0271149 -1.4
      vertex 18.8425 -0.185425 -1.4
    endloop
  endfacet
  facet normal 0 0 -1
    outer loop
      vertex 18.7113 -0.035965 -1.4
      vertex 19.0539 -0.0271149 -1.4
      vertex 18.7809 -0.11087 -1.4
    endloop
  endfacet
  facet normal 0 0 -1
    outer loop
      vertex 18.6332 0.0405121 -1.4
      vertex 19.0539 -0.0271149 -1.4
      vertex 18.7113 -0.035965 -1.4
    endloop
  endfacet
  facet normal 0 0 -1
    outer loop
      vertex 19.0539 -0.0271149 -1.4
      vertex 18.6332 0.0405121 -1.4
      vertex 18.9671 0.65831 -1.4
    endloop
  endfacet
  facet normal 0 0 -1
    outer loop
      vertex 18.5467 0.118622 -1.4
      vertex 18.9671 0.65831 -1.4
      vertex 18.6332 0.0405121 -1.4
    endloop
  endfacet
  facet normal 0 0 -1
    outer loop
      vertex 18.9671 0.65831 -1.4
      vertex 18.5467 0.118622 -1.4
      vertex 18.6024 0.637695 -1.4
    endloop
  endfacet
  facet normal 0 0 -1
    outer loop
      vertex 18.4517 0.198349 -1.4
      vertex 18.6024 0.637695 -1.4
      vertex 18.5467 0.118622 -1.4
    endloop
  endfacet
  facet normal 0 0 -1
    outer loop
      vertex 18.3635 0.272278 -1.4
      vertex 18.6024 0.637695 -1.4
      vertex 18.4517 0.198349 -1.4
    endloop
  endfacet
  facet normal 0 0 -1
    outer loop
      vertex 18.2895 0.339432 -1.4
      vertex 18.6024 0.637695 -1.4
      vertex 18.3635 0.272278 -1.4
    endloop
  endfacet
  facet normal 0 0 -1
    outer loop
      vertex 18.2298 0.399826 -1.4
      vertex 18.6024 0.637695 -1.4
      vertex 18.2895 0.339432 -1.4
    endloop
  endfacet
  facet normal 0 0 -1
    outer loop
      vertex 18.1843 0.453461 -1.4
      vertex 18.6024 0.637695 -1.4
      vertex 18.2298 0.399826 -1.4
    endloop
  endfacet
  facet normal 0 0 -1
    outer loop
      vertex 18.1508 0.503464 -1.4
      vertex 18.6024 0.637695 -1.4
      vertex 18.1843 0.453461 -1.4
    endloop
  endfacet
  facet normal -0 0 -1
    outer loop
      vertex 18.6024 0.637695 -1.4
      vertex 18.1508 0.503464 -1.4
      vertex 18.5907 0.696289 -1.4
    endloop
  endfacet
  facet normal 0 0 -1
    outer loop
      vertex 18.1269 0.552979 -1.4
      vertex 18.5907 0.696289 -1.4
      vertex 18.1508 0.503464 -1.4
    endloop
  endfacet
  facet normal -0 0 -1
    outer loop
      vertex 18.5907 0.696289 -1.4
      vertex 18.1269 0.552979 -1.4
      vertex 18.5736 0.747055 -1.4
    endloop
  endfacet
  facet normal 0 -0 -1
    outer loop
      vertex 18.346 0.887665 -1.4
      vertex 18.5736 0.747055 -1.4
      vertex 18.1269 0.552979 -1.4
    endloop
  endfacet
  facet normal 0 0 -1
    outer loop
      vertex 18.5736 0.747055 -1.4
      vertex 18.4006 0.883759 -1.4
      vertex 18.5511 0.790024 -1.4
    endloop
  endfacet
  facet normal 0 0 -1
    outer loop
      vertex 18.5511 0.790024 -1.4
      vertex 18.4483 0.87204 -1.4
      vertex 18.5232 0.825165 -1.4
    endloop
  endfacet
  facet normal 0 0 -1
    outer loop
      vertex 18.5232 0.825165 -1.4
      vertex 18.4483 0.87204 -1.4
      vertex 18.4892 0.852509 -1.4
    endloop
  endfacet
  facet normal -0 -0 -1
    outer loop
      vertex 18.4483 0.87204 -1.4
      vertex 18.5511 0.790024 -1.4
      vertex 18.4006 0.883759 -1.4
    endloop
  endfacet
  facet normal 0 0 -1
    outer loop
      vertex 18.5736 0.747055 -1.4
      vertex 18.346 0.887665 -1.4
      vertex 18.4006 0.883759 -1.4
    endloop
  endfacet
  facet normal 0 0 -1
    outer loop
      vertex 18.1125 0.60202 -1.4
      vertex 18.346 0.887665 -1.4
      vertex 18.1269 0.552979 -1.4
    endloop
  endfacet
  facet normal 0 0 -1
    outer loop
      vertex 18.1077 0.650574 -1.4
      vertex 18.346 0.887665 -1.4
      vertex 18.1125 0.60202 -1.4
    endloop
  endfacet
  facet normal 0 -0 -1
    outer loop
      vertex 18.1226 0.754303 -1.4
      vertex 18.2417 0.872849 -1.4
      vertex 18.1077 0.650574 -1.4
    endloop
  endfacet
  facet normal 0 0 -1
    outer loop
      vertex 18.346 0.887665 -1.4
      vertex 18.1077 0.650574 -1.4
      vertex 18.2417 0.872849 -1.4
    endloop
  endfacet
  facet normal 0 0 -1
    outer loop
      vertex 18.2417 0.872849 -1.4
      vertex 18.1226 0.754303 -1.4
      vertex 18.1673 0.8284 -1.4
    endloop
  endfacet
  facet normal 0 0 -1
    outer loop
      vertex 18.9671 0.65831 -1.4
      vertex 19.2961 -0.0271149 -1.4
      vertex 19.0539 -0.0271149 -1.4
    endloop
  endfacet
  facet normal 0 0 -1
    outer loop
      vertex 20.4673 -0.296402 -1.4
      vertex 21.3259 0.381317 -1.4
      vertex 20.4872 -0.666183 -1.4
    endloop
  endfacet
  facet normal 0 0 -1
    outer loop
      vertex 21.8117 0.325912 -1.4
      vertex 20.9935 1.14922 -1.4
      vertex 21.8117 1.14922 -1.4
    endloop
  endfacet
  facet normal 0 0 -1
    outer loop
      vertex 23.499 0.552856 -1.4
      vertex 23.554 0.656708 -1.4
      vertex 23.5471 0.626114 -1.4
    endloop
  endfacet
  facet normal 0 0 -1
    outer loop
      vertex 23.5196 0.574554 -1.4
      vertex 23.5471 0.626114 -1.4
      vertex 23.5356 0.598724 -1.4
    endloop
  endfacet
  facet normal -0 0 -1
    outer loop
      vertex 23.554 0.656708 -1.4
      vertex 23.499 0.552856 -1.4
      vertex 23.5563 0.690536 -1.4
    endloop
  endfacet
  facet normal 0 0 -1
    outer loop
      vertex 23.5471 0.626114 -1.4
      vertex 23.5196 0.574554 -1.4
      vertex 23.499 0.552856 -1.4
    endloop
  endfacet
  facet normal 0 0 -1
    outer loop
      vertex 23.474 0.532852 -1.4
      vertex 23.5563 0.690536 -1.4
      vertex 23.499 0.552856 -1.4
    endloop
  endfacet
  facet normal 0 0 -1
    outer loop
      vertex 23.47 0.852875 -1.4
      vertex 23.5563 0.690536 -1.4
      vertex 23.474 0.532852 -1.4
    endloop
  endfacet
  facet normal 0 0 -1
    outer loop
      vertex 23.5563 0.690536 -1.4
      vertex 23.47 0.852875 -1.4
      vertex 23.5347 0.785233 -1.4
    endloop
  endfacet
  facet normal 0 0 -1
    outer loop
      vertex 23.4446 0.514526 -1.4
      vertex 23.47 0.852875 -1.4
      vertex 23.474 0.532852 -1.4
    endloop
  endfacet
  facet normal 0 0 -1
    outer loop
      vertex 23.3621 0.893463 -1.4
      vertex 23.4446 0.514526 -1.4
      vertex 23.4107 0.497894 -1.4
    endloop
  endfacet
  facet normal 0 0 -1
    outer loop
      vertex 23.3621 0.893463 -1.4
      vertex 23.4107 0.497894 -1.4
      vertex 23.3654 0.48111 -1.4
    endloop
  endfacet
  facet normal 0 0 -1
    outer loop
      vertex 23.4446 0.514526 -1.4
      vertex 23.3621 0.893463 -1.4
      vertex 23.47 0.852875 -1.4
    endloop
  endfacet
  facet normal 0 0 -1
    outer loop
      vertex 23.3015 0.462311 -1.4
      vertex 23.3621 0.893463 -1.4
      vertex 23.3654 0.48111 -1.4
    endloop
  endfacet
  facet normal 0 0 -1
    outer loop
      vertex 23.211 0.906982 -1.4
      vertex 23.3015 0.462311 -1.4
      vertex 23.2191 0.441498 -1.4
    endloop
  endfacet
  facet normal 0 0 -1
    outer loop
      vertex 23.3015 0.462311 -1.4
      vertex 23.211 0.906982 -1.4
      vertex 23.3621 0.893463 -1.4
    endloop
  endfacet
  facet normal 0 0 -1
    outer loop
      vertex 23.2191 0.441498 -1.4
      vertex 23.1345 0.903275 -1.4
      vertex 23.211 0.906982 -1.4
    endloop
  endfacet
  facet normal 0 0 -1
    outer loop
      vertex 23.0675 0.892166 -1.4
      vertex 23.2191 0.441498 -1.4
      vertex 23.1182 0.418671 -1.4
    endloop
  endfacet
  facet normal 0 0 -1
    outer loop
      vertex 23.2191 0.441498 -1.4
      vertex 23.0675 0.892166 -1.4
      vertex 23.1345 0.903275 -1.4
    endloop
  endfacet
  facet normal 0 0 -1
    outer loop
      vertex 23.1182 0.418671 -1.4
      vertex 23.0099 0.873642 -1.4
      vertex 23.0675 0.892166 -1.4
    endloop
  endfacet
  facet normal 0 0 -1
    outer loop
      vertex 22.8464 0.671188 -1.4
      vertex 23.1182 0.418671 -1.4
      vertex 22.9968 0.391495 -1.4
    endloop
  endfacet
  facet normal 0 0 -1
    outer loop
      vertex 23.1182 0.418671 -1.4
      vertex 22.9617 0.847702 -1.4
      vertex 23.0099 0.873642 -1.4
    endloop
  endfacet
  facet normal 0 0 -1
    outer loop
      vertex 23.1182 0.418671 -1.4
      vertex 22.9219 0.814453 -1.4
      vertex 22.9617 0.847702 -1.4
    endloop
  endfacet
  facet normal 0 0 -1
    outer loop
      vertex 22.8464 0.671188 -1.4
      vertex 22.9968 0.391495 -1.4
      vertex 22.8939 0.365356 -1.4
    endloop
  endfacet
  facet normal 0 0 -1
    outer loop
      vertex 23.1182 0.418671 -1.4
      vertex 22.8464 0.671188 -1.4
      vertex 22.8642 0.726196 -1.4
    endloop
  endfacet
  facet normal 0 0 -1
    outer loop
      vertex 23.1182 0.418671 -1.4
      vertex 22.8642 0.726196 -1.4
      vertex 22.8894 0.773941 -1.4
    endloop
  endfacet
  facet normal 0 0 -1
    outer loop
      vertex 23.1182 0.418671 -1.4
      vertex 22.8894 0.773941 -1.4
      vertex 22.9219 0.814453 -1.4
    endloop
  endfacet
  facet normal 0 0 -1
    outer loop
      vertex 22.8096 0.340271 -1.4
      vertex 22.8464 0.671188 -1.4
      vertex 22.8939 0.365356 -1.4
    endloop
  endfacet
  facet normal 0 0 -1
    outer loop
      vertex 22.744 0.316238 -1.4
      vertex 22.8464 0.671188 -1.4
      vertex 22.8096 0.340271 -1.4
    endloop
  endfacet
  facet normal 0 0 -1
    outer loop
      vertex 22.4779 0.721451 -1.4
      vertex 22.744 0.316238 -1.4
      vertex 22.6905 0.291763 -1.4
    endloop
  endfacet
  facet normal 0 0 -1
    outer loop
      vertex 22.4779 0.721451 -1.4
      vertex 22.6905 0.291763 -1.4
      vertex 22.643 0.26535 -1.4
    endloop
  endfacet
  facet normal 0 0 -1
    outer loop
      vertex 22.4779 0.721451 -1.4
      vertex 22.643 0.26535 -1.4
      vertex 22.6013 0.237 -1.4
    endloop
  endfacet
  facet normal 0 0 -1
    outer loop
      vertex 22.4779 0.721451 -1.4
      vertex 22.6013 0.237 -1.4
      vertex 22.5655 0.206726 -1.4
    endloop
  endfacet
  facet normal 0 0 -1
    outer loop
      vertex 22.4779 0.721451 -1.4
      vertex 22.5655 0.206726 -1.4
      vertex 22.5346 0.17395 -1.4
    endloop
  endfacet
  facet normal 0 0 -1
    outer loop
      vertex 22.4779 0.721451 -1.4
      vertex 22.5346 0.17395 -1.4
      vertex 22.5075 0.138107 -1.4
    endloop
  endfacet
  facet normal 0 0 -1
    outer loop
      vertex 22.744 0.316238 -1.4
      vertex 22.4779 0.721451 -1.4
      vertex 22.8464 0.671188 -1.4
    endloop
  endfacet
  facet normal 0 0 -1
    outer loop
      vertex 22.4843 0.0992126 -1.4
      vertex 22.4779 0.721451 -1.4
      vertex 22.5075 0.138107 -1.4
    endloop
  endfacet
  facet normal 0 -0 -1
    outer loop
      vertex 22.4779 0.721451 -1.4
      vertex 22.4843 0.0992126 -1.4
      vertex 22.465 0.057251 -1.4
    endloop
  endfacet
  facet normal 0 0 -1
    outer loop
      vertex 25.4 1.5 -1.4
      vertex 23.9245 0.621689 -1.4
      vertex 23.9261 0.668625 -1.4
    endloop
  endfacet
  facet normal 0 0 -1
    outer loop
      vertex 25.4 1.5 -1.4
      vertex 23.9198 0.577469 -1.4
      vertex 23.9245 0.621689 -1.4
    endloop
  endfacet
  facet normal 0 0 -1
    outer loop
      vertex 24.0111 -0.193329 -1.4
      vertex 23.9119 0.535995 -1.4
      vertex 23.9198 0.577469 -1.4
    endloop
  endfacet
  facet normal 0 0 -1
    outer loop
      vertex 24.0111 -0.193329 -1.4
      vertex 23.901 0.497269 -1.4
      vertex 23.9119 0.535995 -1.4
    endloop
  endfacet
  facet normal 0 0 -1
    outer loop
      vertex 24.0111 -0.193329 -1.4
      vertex 23.8871 0.461121 -1.4
      vertex 23.901 0.497269 -1.4
    endloop
  endfacet
  facet normal 0 0 -1
    outer loop
      vertex 24.0111 -0.193329 -1.4
      vertex 23.8709 0.427368 -1.4
      vertex 23.8871 0.461121 -1.4
    endloop
  endfacet
  facet normal 0 0 -1
    outer loop
      vertex 24.0111 -0.193329 -1.4
      vertex 23.8521 0.396042 -1.4
      vertex 23.8709 0.427368 -1.4
    endloop
  endfacet
  facet normal 0 0 -1
    outer loop
      vertex 24.0111 -0.193329 -1.4
      vertex 23.8308 0.367142 -1.4
      vertex 23.8521 0.396042 -1.4
    endloop
  endfacet
  facet normal 0 0 -1
    outer loop
      vertex 24.0111 -0.193329 -1.4
      vertex 23.807 0.340439 -1.4
      vertex 23.8308 0.367142 -1.4
    endloop
  endfacet
  facet normal 0 0 -1
    outer loop
      vertex 24.0111 -0.193329 -1.4
      vertex 23.7808 0.315765 -1.4
      vertex 23.807 0.340439 -1.4
    endloop
  endfacet
  facet normal 0 0 -1
    outer loop
      vertex 24.0111 -0.193329 -1.4
      vertex 23.7522 0.293091 -1.4
      vertex 23.7808 0.315765 -1.4
    endloop
  endfacet
  facet normal 0 0 -1
    outer loop
      vertex 24.0111 -0.193329 -1.4
      vertex 23.7212 0.27243 -1.4
      vertex 23.7522 0.293091 -1.4
    endloop
  endfacet
  facet normal 0 0 -1
    outer loop
      vertex 23.6439 -0.132767 -1.4
      vertex 23.7212 0.27243 -1.4
      vertex 24.0111 -0.193329 -1.4
    endloop
  endfacet
  facet normal 0 0 -1
    outer loop
      vertex 23.7212 0.27243 -1.4
      vertex 23.6439 -0.132767 -1.4
      vertex 23.6881 0.253418 -1.4
    endloop
  endfacet
  facet normal 0 0 -1
    outer loop
      vertex 23.6881 0.253418 -1.4
      vertex 23.6439 -0.132767 -1.4
      vertex 23.653 0.235703 -1.4
    endloop
  endfacet
  facet normal 0 0 -1
    outer loop
      vertex 23.3875 0.150162 -1.4
      vertex 23.6439 -0.132767 -1.4
      vertex 23.6208 -0.199982 -1.4
    endloop
  endfacet
  facet normal 0 0 -1
    outer loop
      vertex 23.6439 -0.132767 -1.4
      vertex 23.6159 0.219284 -1.4
      vertex 23.653 0.235703 -1.4
    endloop
  endfacet
  facet normal 0 0 -1
    outer loop
      vertex 23.2935 0.127487 -1.4
      vertex 23.6208 -0.199982 -1.4
      vertex 23.5888 -0.257278 -1.4
    endloop
  endfacet
  facet normal 0 0 -1
    outer loop
      vertex 23.6439 -0.132767 -1.4
      vertex 23.5769 0.204132 -1.4
      vertex 23.6159 0.219284 -1.4
    endloop
  endfacet
  facet normal 0 0 -1
    outer loop
      vertex 23.2935 0.127487 -1.4
      vertex 23.5888 -0.257278 -1.4
      vertex 23.548 -0.304657 -1.4
    endloop
  endfacet
  facet normal 0 0 -1
    outer loop
      vertex 23.6439 -0.132767 -1.4
      vertex 23.5293 0.188477 -1.4
      vertex 23.5769 0.204132 -1.4
    endloop
  endfacet
  facet normal 0 0 -1
    outer loop
      vertex 23.2935 0.127487 -1.4
      vertex 23.548 -0.304657 -1.4
      vertex 23.4983 -0.342148 -1.4
    endloop
  endfacet
  facet normal 0 0 -1
    outer loop
      vertex 23.6439 -0.132767 -1.4
      vertex 23.4661 0.170486 -1.4
      vertex 23.5293 0.188477 -1.4
    endloop
  endfacet
  facet normal 0 0 -1
    outer loop
      vertex 23.2935 0.127487 -1.4
      vertex 23.4983 -0.342148 -1.4
      vertex 23.439 -0.370621 -1.4
    endloop
  endfacet
  facet normal 0 0 -1
    outer loop
      vertex 23.6439 -0.132767 -1.4
      vertex 23.3875 0.150162 -1.4
      vertex 23.4661 0.170486 -1.4
    endloop
  endfacet
  facet normal 0 0 -1
    outer loop
      vertex 23.2935 0.127487 -1.4
      vertex 23.439 -0.370621 -1.4
      vertex 23.3692 -0.390945 -1.4
    endloop
  endfacet
  facet normal 0 0 -1
    outer loop
      vertex 23.6208 -0.199982 -1.4
      vertex 23.2935 0.127487 -1.4
      vertex 23.3875 0.150162 -1.4
    endloop
  endfacet
  facet normal 0 0 -1
    outer loop
      vertex 23.1851 0.104538 -1.4
      vertex 23.3692 -0.390945 -1.4
      vertex 23.2889 -0.403137 -1.4
    endloop
  endfacet
  facet normal 0 0 -1
    outer loop
      vertex 23.1851 0.104538 -1.4
      vertex 23.2889 -0.403137 -1.4
      vertex 23.1981 -0.407211 -1.4
    endloop
  endfacet
  facet normal 0 0 -1
    outer loop
      vertex 23.3692 -0.390945 -1.4
      vertex 23.1851 0.104538 -1.4
      vertex 23.2935 0.127487 -1.4
    endloop
  endfacet
  facet normal 0 0 -1
    outer loop
      vertex 23.1981 -0.407211 -1.4
      vertex 23.0959 0.0833435 -1.4
      vertex 23.1851 0.104538 -1.4
    endloop
  endfacet
  facet normal 0 0 -1
    outer loop
      vertex 23.0239 -0.392075 -1.4
      vertex 23.0959 0.0833435 -1.4
      vertex 23.1981 -0.407211 -1.4
    endloop
  endfacet
  facet normal 0 0 -1
    outer loop
      vertex 23.0959 0.0833435 -1.4
      vertex 23.0239 -0.392075 -1.4
      vertex 23.0257 0.0639343 -1.4
    endloop
  endfacet
  facet normal 0 0 -1
    outer loop
      vertex 23.0239 -0.392075 -1.4
      vertex 22.9746 0.0463104 -1.4
      vertex 23.0257 0.0639343 -1.4
    endloop
  endfacet
  facet normal 0 0 -1
    outer loop
      vertex 23.0239 -0.392075 -1.4
      vertex 22.9354 0.0285034 -1.4
      vertex 22.9746 0.0463104 -1.4
    endloop
  endfacet
  facet normal 0 0 -1
    outer loop
      vertex 22.8995 -0.346649 -1.4
      vertex 22.9354 0.0285034 -1.4
      vertex 23.0239 -0.392075 -1.4
    endloop
  endfacet
  facet normal 0 0 -1
    outer loop
      vertex 22.9354 0.0285034 -1.4
      vertex 22.8995 -0.346649 -1.4
      vertex 22.9008 0.00862122 -1.4
    endloop
  endfacet
  facet normal 0 0 -1
    outer loop
      vertex 22.8995 -0.346649 -1.4
      vertex 22.8709 -0.0133514 -1.4
      vertex 22.9008 0.00862122 -1.4
    endloop
  endfacet
  facet normal 0 0 -1
    outer loop
      vertex 22.8 -0.164978 -1.4
      vertex 22.8709 -0.0133514 -1.4
      vertex 22.8995 -0.346649 -1.4
    endloop
  endfacet
  facet normal 0 0 -1
    outer loop
      vertex 22.8709 -0.0133514 -1.4
      vertex 22.8 -0.164978 -1.4
      vertex 22.8457 -0.0374298 -1.4
    endloop
  endfacet
  facet normal 0 0 -1
    outer loop
      vertex 22.8 -0.164978 -1.4
      vertex 22.8995 -0.346649 -1.4
      vertex 22.8249 -0.27095 -1.4
    endloop
  endfacet
  facet normal 0 -0 -1
    outer loop
      vertex 22.8028 -0.128021 -1.4
      vertex 22.8457 -0.0374298 -1.4
      vertex 22.8 -0.164978 -1.4
    endloop
  endfacet
  facet normal 0 0 -1
    outer loop
      vertex 22.8457 -0.0374298 -1.4
      vertex 22.8028 -0.128021 -1.4
      vertex 22.8257 -0.0642395 -1.4
    endloop
  endfacet
  facet normal 0 0 -1
    outer loop
      vertex 22.8257 -0.0642395 -1.4
      vertex 22.8028 -0.128021 -1.4
      vertex 22.8114 -0.0944366 -1.4
    endloop
  endfacet
  facet normal 0 0 -1
    outer loop
      vertex 25.4 -1.5 -1.4
      vertex 24.0111 -0.193329 -1.4
      vertex 25.4 1.5 -1.4
    endloop
  endfacet
  facet normal 0 0 -1
    outer loop
      vertex 25.4 -1.5 -1.4
      vertex 23.9739 -0.310974 -1.4
      vertex 24.0111 -0.193329 -1.4
    endloop
  endfacet
  facet normal 0 0 -1
    outer loop
      vertex 25.4 -1.5 -1.4
      vertex 23.919 -0.412674 -1.4
      vertex 23.9739 -0.310974 -1.4
    endloop
  endfacet
  facet normal 0 0 -1
    outer loop
      vertex 25.4 -1.5 -1.4
      vertex 23.8464 -0.498444 -1.4
      vertex 23.919 -0.412674 -1.4
    endloop
  endfacet
  facet normal 0 0 -1
    outer loop
      vertex 25.4 -1.5 -1.4
      vertex 23.756 -0.568253 -1.4
      vertex 23.8464 -0.498444 -1.4
    endloop
  endfacet
  facet normal 0 0 -1
    outer loop
      vertex 25.4 -1.5 -1.4
      vertex 23.6474 -0.622375 -1.4
      vertex 23.756 -0.568253 -1.4
    endloop
  endfacet
  facet normal 0 0 -1
    outer loop
      vertex 25.4 -1.5 -1.4
      vertex 23.5199 -0.661026 -1.4
      vertex 23.6474 -0.622375 -1.4
    endloop
  endfacet
  facet normal 0 0 -1
    outer loop
      vertex 25.4 -1.5 -1.4
      vertex 23.3736 -0.684219 -1.4
      vertex 23.5199 -0.661026 -1.4
    endloop
  endfacet
  facet normal 0 0 -1
    outer loop
      vertex 25.4 -1.5 -1.4
      vertex 23.2084 -0.69194 -1.4
      vertex 23.3736 -0.684219 -1.4
    endloop
  endfacet
  facet normal 0 0 -1
    outer loop
      vertex 25.4 -1.5 -1.4
      vertex 23.0287 -0.683121 -1.4
      vertex 23.2084 -0.69194 -1.4
    endloop
  endfacet
  facet normal 0 0 -1
    outer loop
      vertex 22.1918 -0.666183 -1.4
      vertex 23.0287 -0.683121 -1.4
      vertex 25.4 -1.5 -1.4
    endloop
  endfacet
  facet normal 0 0 -1
    outer loop
      vertex 23.0287 -0.683121 -1.4
      vertex 22.1918 -0.666183 -1.4
      vertex 22.872 -0.656677 -1.4
    endloop
  endfacet
  facet normal -0 0 -1
    outer loop
      vertex 22.4426 -0.26857 -1.4
      vertex 22.1918 -0.666183 -1.4
      vertex 22.4302 -0.143066 -1.4
    endloop
  endfacet
  facet normal -0 0 -1
    outer loop
      vertex 22.4797 -0.378372 -1.4
      vertex 22.1918 -0.666183 -1.4
      vertex 22.4426 -0.26857 -1.4
    endloop
  endfacet
  facet normal -0 0 -1
    outer loop
      vertex 22.5415 -0.472473 -1.4
      vertex 22.1918 -0.666183 -1.4
      vertex 22.4797 -0.378372 -1.4
    endloop
  endfacet
  facet normal -0 0 -1
    outer loop
      vertex 22.628 -0.550873 -1.4
      vertex 22.1918 -0.666183 -1.4
      vertex 22.5415 -0.472473 -1.4
    endloop
  endfacet
  facet normal -0 0 -1
    outer loop
      vertex 22.7384 -0.612595 -1.4
      vertex 22.1918 -0.666183 -1.4
      vertex 22.628 -0.550873 -1.4
    endloop
  endfacet
  facet normal -0 0 -1
    outer loop
      vertex 22.872 -0.656677 -1.4
      vertex 22.1918 -0.666183 -1.4
      vertex 22.7384 -0.612595 -1.4
    endloop
  endfacet
  facet normal 0 0 -1
    outer loop
      vertex 25.4 -1.5 -1.4
      vertex 21.8117 -0.666183 -1.4
      vertex 22.1918 -0.666183 -1.4
    endloop
  endfacet
  facet normal 0 0 -1
    outer loop
      vertex 21.8117 -0.666183 -1.4
      vertex 21.5875 0.167435 -1.4
      vertex 21.8117 -0.00392151 -1.4
    endloop
  endfacet
  facet normal 0 0 -1
    outer loop
      vertex 21.8117 -0.666183 -1.4
      vertex 20.9355 -0.666183 -1.4
      vertex 21.5875 0.167435 -1.4
    endloop
  endfacet
  facet normal 0 0 -1
    outer loop
      vertex 25.4 -1.5 -1.4
      vertex 20.9355 -0.666183 -1.4
      vertex 21.8117 -0.666183 -1.4
    endloop
  endfacet
  facet normal 0 0 -1
    outer loop
      vertex 25.4 -1.5 -1.4
      vertex 20.4872 -0.666183 -1.4
      vertex 20.9355 -0.666183 -1.4
    endloop
  endfacet
  facet normal 0 0 -1
    outer loop
      vertex 20.4872 -0.666183 -1.4
      vertex 19.6414 -0.666183 -1.4
      vertex 20.4673 -0.296402 -1.4
    endloop
  endfacet
  facet normal 0 0 -1
    outer loop
      vertex 25.4 -1.5 -1.4
      vertex 19.6414 -0.666183 -1.4
      vertex 20.4872 -0.666183 -1.4
    endloop
  endfacet
  facet normal 0 0 -1
    outer loop
      vertex 25.4 -1.5 -1.4
      vertex 19.2961 -0.666183 -1.4
      vertex 19.6414 -0.666183 -1.4
    endloop
  endfacet
  facet normal 0 0 -1
    outer loop
      vertex 18.9825 -0.414948 -1.4
      vertex 19.2961 -0.296402 -1.4
      vertex 19.2961 -0.666183 -1.4
    endloop
  endfacet
  facet normal -0 0 -1
    outer loop
      vertex 19.2961 -0.296402 -1.4
      vertex 18.9825 -0.414948 -1.4
      vertex 19.0539 -0.296402 -1.4
    endloop
  endfacet
  facet normal 0 0 -1
    outer loop
      vertex 18.9825 -0.414948 -1.4
      vertex 19.2961 -0.666183 -1.4
      vertex 18.9825 -0.666183 -1.4
    endloop
  endfacet
  facet normal 0 0 -1
    outer loop
      vertex 25.4 -1.5 -1.4
      vertex 18.9825 -0.666183 -1.4
      vertex 19.2961 -0.666183 -1.4
    endloop
  endfacet
  facet normal 0 0 -1
    outer loop
      vertex 25.4 -1.5 -1.4
      vertex 17.7121 -0.666183 -1.4
      vertex 18.9825 -0.666183 -1.4
    endloop
  endfacet
  facet normal 0 0 -1
    outer loop
      vertex 16.5718 -0.666183 -1.4
      vertex 17.7121 -0.368546 -1.4
      vertex 17.7121 -0.666183 -1.4
    endloop
  endfacet
  facet normal -0 0 -1
    outer loop
      vertex 17.7121 -0.368546 -1.4
      vertex 16.5718 -0.666183 -1.4
      vertex 16.9325 0.72789 -1.4
    endloop
  endfacet
  facet normal 0 0 -1
    outer loop
      vertex 25.4 -1.5 -1.4
      vertex 16.5718 -0.666183 -1.4
      vertex 17.7121 -0.666183 -1.4
    endloop
  endfacet
  facet normal 0 0 -1
    outer loop
      vertex 12.0809 -0.988281 -1.4
      vertex 16.5718 -0.666183 -1.4
      vertex 25.4 -1.5 -1.4
    endloop
  endfacet
  facet normal 0 0 -1
    outer loop
      vertex 15.9649 0.18161 -1.4
      vertex 15.8772 0.366821 -1.4
      vertex 15.8979 0.470215 -1.4
    endloop
  endfacet
  facet normal 0 0 -1
    outer loop
      vertex 15.6157 -0.666183 -1.4
      vertex 15.9649 0.18161 -1.4
      vertex 16.1891 -0.666183 -1.4
    endloop
  endfacet
  facet normal 0 0 -1
    outer loop
      vertex 15.9649 0.18161 -1.4
      vertex 15.8602 0.284668 -1.4
      vertex 15.8772 0.366821 -1.4
    endloop
  endfacet
  facet normal 0 0 -1
    outer loop
      vertex 15.9649 0.18161 -1.4
      vertex 15.8469 0.223785 -1.4
      vertex 15.8602 0.284668 -1.4
    endloop
  endfacet
  facet normal 0 0 -1
    outer loop
      vertex 15.9649 0.18161 -1.4
      vertex 15.8373 0.184174 -1.4
      vertex 15.8469 0.223785 -1.4
    endloop
  endfacet
  facet normal -0 0 -1
    outer loop
      vertex 15.9649 0.18161 -1.4
      vertex 15.6157 -0.666183 -1.4
      vertex 15.8373 0.184174 -1.4
    endloop
  endfacet
  facet normal -0 0 -1
    outer loop
      vertex 16.5718 -0.666183 -1.4
      vertex 12.0809 -0.988281 -1.4
      vertex 16.1891 -0.666183 -1.4
    endloop
  endfacet
  facet normal -0 0 -1
    outer loop
      vertex 16.1891 -0.666183 -1.4
      vertex 12.0809 -0.988281 -1.4
      vertex 15.6157 -0.666183 -1.4
    endloop
  endfacet
  facet normal 0 0 -1
    outer loop
      vertex 14.8342 -0.170135 -1.4
      vertex 15.2331 -0.666183 -1.4
      vertex 14.843 -0.271912 -1.4
    endloop
  endfacet
  facet normal 0 0 -1
    outer loop
      vertex 15.2331 -0.666183 -1.4
      vertex 14.8359 -0.366165 -1.4
      vertex 14.843 -0.271912 -1.4
    endloop
  endfacet
  facet normal 0 0 -1
    outer loop
      vertex 15.2331 -0.666183 -1.4
      vertex 14.8146 -0.449234 -1.4
      vertex 14.8359 -0.366165 -1.4
    endloop
  endfacet
  facet normal 0 0 -1
    outer loop
      vertex 15.2331 -0.666183 -1.4
      vertex 14.7792 -0.521103 -1.4
      vertex 14.8146 -0.449234 -1.4
    endloop
  endfacet
  facet normal 0 0 -1
    outer loop
      vertex 15.2331 -0.666183 -1.4
      vertex 14.7296 -0.581787 -1.4
      vertex 14.7792 -0.521103 -1.4
    endloop
  endfacet
  facet normal 0 0 -1
    outer loop
      vertex 15.2331 -0.666183 -1.4
      vertex 14.6674 -0.629974 -1.4
      vertex 14.7296 -0.581787 -1.4
    endloop
  endfacet
  facet normal -0 0 -1
    outer loop
      vertex 15.6157 -0.666183 -1.4
      vertex 12.0809 -0.988281 -1.4
      vertex 15.2331 -0.666183 -1.4
    endloop
  endfacet
  facet normal 0 0 -1
    outer loop
      vertex 15.2331 -0.666183 -1.4
      vertex 14.594 -0.664398 -1.4
      vertex 14.6674 -0.629974 -1.4
    endloop
  endfacet
  facet normal -0 0 -1
    outer loop
      vertex 15.2331 -0.666183 -1.4
      vertex 14.5095 -0.685059 -1.4
      vertex 14.594 -0.664398 -1.4
    endloop
  endfacet
  facet normal 0 -0 -1
    outer loop
      vertex 14.4139 -0.69194 -1.4
      vertex 15.2331 -0.666183 -1.4
      vertex 12.0809 -0.988281 -1.4
    endloop
  endfacet
  facet normal 0 0 -1
    outer loop
      vertex 13.9378 -0.478622 -1.4
      vertex 13.9552 -0.417511 -1.4
      vertex 14.0409 -0.537567 -1.4
    endloop
  endfacet
  facet normal -0 0 -1
    outer loop
      vertex 13.9552 -0.417511 -1.4
      vertex 13.9378 -0.478622 -1.4
      vertex 13.9475 -0.417511 -1.4
    endloop
  endfacet
  facet normal 0 0 -1
    outer loop
      vertex 13.8988 -0.577194 -1.4
      vertex 14.0409 -0.537567 -1.4
      vertex 14.1459 -0.623337 -1.4
    endloop
  endfacet
  facet normal 0 0 -1
    outer loop
      vertex 14.0409 -0.537567 -1.4
      vertex 13.9216 -0.53186 -1.4
      vertex 13.9378 -0.478622 -1.4
    endloop
  endfacet
  facet normal 0 0 -1
    outer loop
      vertex 13.8326 -0.643967 -1.4
      vertex 14.1459 -0.623337 -1.4
      vertex 14.2703 -0.674789 -1.4
    endloop
  endfacet
  facet normal -0 0 -1
    outer loop
      vertex 14.0409 -0.537567 -1.4
      vertex 13.8988 -0.577194 -1.4
      vertex 13.9216 -0.53186 -1.4
    endloop
  endfacet
  facet normal 0 0 -1
    outer loop
      vertex 14.1459 -0.623337 -1.4
      vertex 13.8696 -0.614655 -1.4
      vertex 13.8988 -0.577194 -1.4
    endloop
  endfacet
  facet normal -0 0 -1
    outer loop
      vertex 14.1459 -0.623337 -1.4
      vertex 13.8326 -0.643967 -1.4
      vertex 13.8696 -0.614655 -1.4
    endloop
  endfacet
  facet normal 0 0 -1
    outer loop
      vertex 13.7317 -0.67746 -1.4
      vertex 14.2703 -0.674789 -1.4
      vertex 14.4139 -0.69194 -1.4
    endloop
  endfacet
  facet normal 0 0 -1
    outer loop
      vertex 14.2703 -0.674789 -1.4
      vertex 13.7866 -0.664902 -1.4
      vertex 13.8326 -0.643967 -1.4
    endloop
  endfacet
  facet normal 0 0 -1
    outer loop
      vertex 15.2331 -0.666183 -1.4
      vertex 14.4139 -0.69194 -1.4
      vertex 14.5095 -0.685059 -1.4
    endloop
  endfacet
  facet normal -0 0 -1
    outer loop
      vertex 14.2703 -0.674789 -1.4
      vertex 13.7317 -0.67746 -1.4
      vertex 13.7866 -0.664902 -1.4
    endloop
  endfacet
  facet normal 0 -0 -1
    outer loop
      vertex 13.6679 -0.681641 -1.4
      vertex 14.4139 -0.69194 -1.4
      vertex 12.0809 -0.988281 -1.4
    endloop
  endfacet
  facet normal 0 0 -1
    outer loop
      vertex 14.4139 -0.69194 -1.4
      vertex 13.6679 -0.681641 -1.4
      vertex 13.7317 -0.67746 -1.4
    endloop
  endfacet
  facet normal -0 0 -1
    outer loop
      vertex 13.6679 -0.681641 -1.4
      vertex 12.0809 -0.988281 -1.4
      vertex 13.6492 -0.681488 -1.4
    endloop
  endfacet
  facet normal -0 0 -1
    outer loop
      vertex 13.6492 -0.681488 -1.4
      vertex 12.0809 -0.988281 -1.4
      vertex 13.6317 -0.681 -1.4
    endloop
  endfacet
  facet normal 0 0 -1
    outer loop
      vertex 13.3028 -0.666183 -1.4
      vertex 13.4666 -0.655548 -1.4
      vertex 13.494 -0.662323 -1.4
    endloop
  endfacet
  facet normal -0 0 -1
    outer loop
      vertex 13.436 -0.648148 -1.4
      vertex 13.3028 -0.666183 -1.4
      vertex 13.436 -0.452301 -1.4
    endloop
  endfacet
  facet normal -0 0 -1
    outer loop
      vertex 13.4666 -0.655548 -1.4
      vertex 13.3028 -0.666183 -1.4
      vertex 13.436 -0.648148 -1.4
    endloop
  endfacet
  facet normal -0 0 -1
    outer loop
      vertex 13.5069 -0.665375 -1.4
      vertex 13.3028 -0.666183 -1.4
      vertex 13.494 -0.662323 -1.4
    endloop
  endfacet
  facet normal 0 0 -1
    outer loop
      vertex 13.5198 -0.668121 -1.4
      vertex 13.3028 -0.666183 -1.4
      vertex 13.5069 -0.665375 -1.4
    endloop
  endfacet
  facet normal 0 0 -1
    outer loop
      vertex 13.5326 -0.670532 -1.4
      vertex 13.3028 -0.666183 -1.4
      vertex 13.5198 -0.668121 -1.4
    endloop
  endfacet
  facet normal 0 0 -1
    outer loop
      vertex 13.5455 -0.672623 -1.4
      vertex 13.3028 -0.666183 -1.4
      vertex 13.5326 -0.670532 -1.4
    endloop
  endfacet
  facet normal 0 0 -1
    outer loop
      vertex 13.5586 -0.674484 -1.4
      vertex 13.3028 -0.666183 -1.4
      vertex 13.5455 -0.672623 -1.4
    endloop
  endfacet
  facet normal 0 0 -1
    outer loop
      vertex 13.5721 -0.676163 -1.4
      vertex 13.3028 -0.666183 -1.4
      vertex 13.5586 -0.674484 -1.4
    endloop
  endfacet
  facet normal 0 0 -1
    outer loop
      vertex 13.586 -0.677704 -1.4
      vertex 13.3028 -0.666183 -1.4
      vertex 13.5721 -0.676163 -1.4
    endloop
  endfacet
  facet normal 0 0 -1
    outer loop
      vertex 13.6003 -0.679062 -1.4
      vertex 13.3028 -0.666183 -1.4
      vertex 13.586 -0.677704 -1.4
    endloop
  endfacet
  facet normal 0 0 -1
    outer loop
      vertex 12.0809 -0.988281 -1.4
      vertex 13.6003 -0.679062 -1.4
      vertex 13.6154 -0.680191 -1.4
    endloop
  endfacet
  facet normal -0 0 -1
    outer loop
      vertex 13.6317 -0.681 -1.4
      vertex 12.0809 -0.988281 -1.4
      vertex 13.6154 -0.680191 -1.4
    endloop
  endfacet
  facet normal -0 0 -1
    outer loop
      vertex 13.6003 -0.679062 -1.4
      vertex 12.0809 -0.988281 -1.4
      vertex 13.3028 -0.666183 -1.4
    endloop
  endfacet
  facet normal 0 0 -1
    outer loop
      vertex 12.9408 -0.666183 -1.4
      vertex 12.5869 -0.666183 -1.4
      vertex 12.9408 1.24585 -1.4
    endloop
  endfacet
  facet normal -0 0 -1
    outer loop
      vertex 13.3028 -0.666183 -1.4
      vertex 12.0809 -0.988281 -1.4
      vertex 12.9408 -0.666183 -1.4
    endloop
  endfacet
  facet normal -0 0 -1
    outer loop
      vertex 12.9408 -0.666183 -1.4
      vertex 12.0809 -0.988281 -1.4
      vertex 12.5869 -0.666183 -1.4
    endloop
  endfacet
  facet normal 0 0 -1
    outer loop
      vertex 12.0809 -0.887802 -1.4
      vertex 12.2248 -0.666183 -1.4
      vertex 12.0809 -0.988281 -1.4
    endloop
  endfacet
  facet normal -0 0 -1
    outer loop
      vertex 12.5869 -0.666183 -1.4
      vertex 12.0809 -0.988281 -1.4
      vertex 12.2248 -0.666183 -1.4
    endloop
  endfacet
  facet normal 0 0 -1
    outer loop
      vertex 10.4377 -1.21376 -1.4
      vertex 12.0809 -0.988281 -1.4
      vertex 25.4 -1.5 -1.4
    endloop
  endfacet
  facet normal 0 0 -1
    outer loop
      vertex 10.4377 -1.21376 -1.4
      vertex 10.5644 -0.887802 -1.4
      vertex 10.5644 -0.988281 -1.4
    endloop
  endfacet
  facet normal 0 -0 -1
    outer loop
      vertex 10.4402 0.585846 -1.4
      vertex 12.2248 -0.666183 -1.4
      vertex 10.4383 0.501053 -1.4
    endloop
  endfacet
  facet normal 0 0 -1
    outer loop
      vertex 12.2248 -0.666183 -1.4
      vertex 10.4434 0.661453 -1.4
      vertex 10.4479 0.72789 -1.4
    endloop
  endfacet
  facet normal 0 -0 -1
    outer loop
      vertex 10.4434 0.661453 -1.4
      vertex 12.2248 -0.666183 -1.4
      vertex 10.4402 0.585846 -1.4
    endloop
  endfacet
  facet normal 0 0 -1
    outer loop
      vertex 10.4377 0.407074 -1.4
      vertex 10.5644 -0.887802 -1.4
      vertex 10.4377 -1.21376 -1.4
    endloop
  endfacet
  facet normal -0 0 -1
    outer loop
      vertex 12.0809 -0.988281 -1.4
      vertex 10.4377 -1.21376 -1.4
      vertex 10.5644 -0.988281 -1.4
    endloop
  endfacet
  facet normal 0 0 -1
    outer loop
      vertex 25.4 -1.5 -1.4
      vertex 10.0756 -1.21376 -1.4
      vertex 10.4377 -1.21376 -1.4
    endloop
  endfacet
  facet normal 0 0 -1
    outer loop
      vertex 9.85193 -0.656082 -1.4
      vertex 10.0756 -0.679062 -1.4
      vertex 10.0756 -1.21376 -1.4
    endloop
  endfacet
  facet normal -0 0 -1
    outer loop
      vertex 10.0799 -0.473724 -1.4
      vertex 10.0434 -0.500977 -1.4
      vertex 10.0756 -0.444565 -1.4
    endloop
  endfacet
  facet normal -0 0 -1
    outer loop
      vertex 10.0775 -0.522522 -1.4
      vertex 10.0049 -0.550385 -1.4
      vertex 10.0434 -0.500977 -1.4
    endloop
  endfacet
  facet normal -0 0 -1
    outer loop
      vertex 10.0761 -0.590973 -1.4
      vertex 9.95999 -0.592789 -1.4
      vertex 10.0049 -0.550385 -1.4
    endloop
  endfacet
  facet normal 0 0 -1
    outer loop
      vertex 10.0756 -0.679062 -1.4
      vertex 9.90874 -0.628174 -1.4
      vertex 9.95999 -0.592789 -1.4
    endloop
  endfacet
  facet normal 0 0 -1
    outer loop
      vertex 10.0756 -0.679062 -1.4
      vertex 9.85193 -0.656082 -1.4
      vertex 9.90874 -0.628174 -1.4
    endloop
  endfacet
  facet normal 0 0 -1
    outer loop
      vertex 10.0756 -1.21376 -1.4
      vertex 9.79038 -0.67601 -1.4
      vertex 9.85193 -0.656082 -1.4
    endloop
  endfacet
  facet normal 0 0 -1
    outer loop
      vertex 10.0756 -1.21376 -1.4
      vertex 9.72405 -0.687958 -1.4
      vertex 9.79038 -0.67601 -1.4
    endloop
  endfacet
  facet normal 0 0 -1
    outer loop
      vertex 10.0756 -1.21376 -1.4
      vertex 9.65299 -0.69194 -1.4
      vertex 9.72405 -0.687958 -1.4
    endloop
  endfacet
  facet normal 0 0 -1
    outer loop
      vertex 10.0756 -1.21376 -1.4
      vertex 9.53264 -0.680069 -1.4
      vertex 9.65299 -0.69194 -1.4
    endloop
  endfacet
  facet normal 0 0 -1
    outer loop
      vertex 10.0756 -1.21376 -1.4
      vertex 9.4267 -0.64444 -1.4
      vertex 9.53264 -0.680069 -1.4
    endloop
  endfacet
  facet normal 0 0 -1
    outer loop
      vertex 8.72144 -0.664398 -1.4
      vertex 9.4267 -0.64444 -1.4
      vertex 10.0756 -1.21376 -1.4
    endloop
  endfacet
  facet normal 0 0 -1
    outer loop
      vertex 8.9616 -0.170135 -1.4
      vertex 9.12703 -0.127335 -1.4
      vertex 8.97042 -0.271912 -1.4
    endloop
  endfacet
  facet normal 0 0 -1
    outer loop
      vertex 9.15323 -0.272079 -1.4
      vertex 8.97042 -0.271912 -1.4
      vertex 9.12703 -0.127335 -1.4
    endloop
  endfacet
  facet normal 0 0 -1
    outer loop
      vertex 8.96334 -0.366165 -1.4
      vertex 9.15323 -0.272079 -1.4
      vertex 9.19693 -0.396942 -1.4
    endloop
  endfacet
  facet normal 0 0 -1
    outer loop
      vertex 8.94208 -0.449234 -1.4
      vertex 9.19693 -0.396942 -1.4
      vertex 9.25809 -0.501907 -1.4
    endloop
  endfacet
  facet normal 0 0 -1
    outer loop
      vertex 8.85704 -0.581787 -1.4
      vertex 9.25809 -0.501907 -1.4
      vertex 9.33519 -0.585052 -1.4
    endloop
  endfacet
  facet normal -0 0 -1
    outer loop
      vertex 9.15323 -0.272079 -1.4
      vertex 8.96334 -0.366165 -1.4
      vertex 8.97042 -0.271912 -1.4
    endloop
  endfacet
  facet normal 0 -0 -1
    outer loop
      vertex 8.7948 -0.629974 -1.4
      vertex 9.4267 -0.64444 -1.4
      vertex 8.72144 -0.664398 -1.4
    endloop
  endfacet
  facet normal -0 0 -1
    outer loop
      vertex 9.19693 -0.396942 -1.4
      vertex 8.94208 -0.449234 -1.4
      vertex 8.96334 -0.366165 -1.4
    endloop
  endfacet
  facet normal -0 0 -1
    outer loop
      vertex 9.25809 -0.501907 -1.4
      vertex 8.90665 -0.521103 -1.4
      vertex 8.94208 -0.449234 -1.4
    endloop
  endfacet
  facet normal 0 0 -1
    outer loop
      vertex 9.25809 -0.501907 -1.4
      vertex 8.85704 -0.581787 -1.4
      vertex 8.90665 -0.521103 -1.4
    endloop
  endfacet
  facet normal -0 0 -1
    outer loop
      vertex 9.33519 -0.585052 -1.4
      vertex 8.7948 -0.629974 -1.4
      vertex 8.85704 -0.581787 -1.4
    endloop
  endfacet
  facet normal 0 0 -1
    outer loop
      vertex 9.4267 -0.64444 -1.4
      vertex 8.7948 -0.629974 -1.4
      vertex 9.33519 -0.585052 -1.4
    endloop
  endfacet
  facet normal 0 0 -1
    outer loop
      vertex 10.0756 -1.21376 -1.4
      vertex 8.63697 -0.685059 -1.4
      vertex 8.72144 -0.664398 -1.4
    endloop
  endfacet
  facet normal 0 0 -1
    outer loop
      vertex 10.0756 -1.21376 -1.4
      vertex 8.54138 -0.69194 -1.4
      vertex 8.63697 -0.685059 -1.4
    endloop
  endfacet
  facet normal 0 0 -1
    outer loop
      vertex 7.85918 -0.67746 -1.4
      vertex 8.54138 -0.69194 -1.4
      vertex 10.0756 -1.21376 -1.4
    endloop
  endfacet
  facet normal 0 0 -1
    outer loop
      vertex 8.06526 -0.478622 -1.4
      vertex 8.08267 -0.417511 -1.4
      vertex 8.16837 -0.537567 -1.4
    endloop
  endfacet
  facet normal -0 0 -1
    outer loop
      vertex 8.08267 -0.417511 -1.4
      vertex 8.06526 -0.478622 -1.4
      vertex 8.07497 -0.417511 -1.4
    endloop
  endfacet
  facet normal 0 0 -1
    outer loop
      vertex 8.02628 -0.577194 -1.4
      vertex 8.16837 -0.537567 -1.4
      vertex 8.27338 -0.623337 -1.4
    endloop
  endfacet
  facet normal 0 0 -1
    outer loop
      vertex 8.16837 -0.537567 -1.4
      vertex 8.04903 -0.53186 -1.4
      vertex 8.06526 -0.478622 -1.4
    endloop
  endfacet
  facet normal 0 0 -1
    outer loop
      vertex 7.96001 -0.643967 -1.4
      vertex 8.27338 -0.623337 -1.4
      vertex 8.39771 -0.674789 -1.4
    endloop
  endfacet
  facet normal -0 0 -1
    outer loop
      vertex 8.16837 -0.537567 -1.4
      vertex 8.02628 -0.577194 -1.4
      vertex 8.04903 -0.53186 -1.4
    endloop
  endfacet
  facet normal 0 0 -1
    outer loop
      vertex 8.54138 -0.69194 -1.4
      vertex 7.85918 -0.67746 -1.4
      vertex 8.39771 -0.674789 -1.4
    endloop
  endfacet
  facet normal 0 0 -1
    outer loop
      vertex 8.27338 -0.623337 -1.4
      vertex 7.99701 -0.614655 -1.4
      vertex 8.02628 -0.577194 -1.4
    endloop
  endfacet
  facet normal -0 0 -1
    outer loop
      vertex 8.27338 -0.623337 -1.4
      vertex 7.96001 -0.643967 -1.4
      vertex 7.99701 -0.614655 -1.4
    endloop
  endfacet
  facet normal 0 0 -1
    outer loop
      vertex 8.39771 -0.674789 -1.4
      vertex 7.91407 -0.664902 -1.4
      vertex 7.96001 -0.643967 -1.4
    endloop
  endfacet
  facet normal -0 0 -1
    outer loop
      vertex 8.39771 -0.674789 -1.4
      vertex 7.85918 -0.67746 -1.4
      vertex 7.91407 -0.664902 -1.4
    endloop
  endfacet
  facet normal 0 0 -1
    outer loop
      vertex 10.0756 -1.21376 -1.4
      vertex 7.79537 -0.681641 -1.4
      vertex 7.85918 -0.67746 -1.4
    endloop
  endfacet
  facet normal 0 0 -1
    outer loop
      vertex 10.0756 -1.21376 -1.4
      vertex 7.77664 -0.681488 -1.4
      vertex 7.79537 -0.681641 -1.4
    endloop
  endfacet
  facet normal 0 0 -1
    outer loop
      vertex 10.0756 -1.21376 -1.4
      vertex 7.75913 -0.681 -1.4
      vertex 7.77664 -0.681488 -1.4
    endloop
  endfacet
  facet normal 0 0 -1
    outer loop
      vertex 4.99417 -1.21376 -1.4
      vertex 7.75913 -0.681 -1.4
      vertex 10.0756 -1.21376 -1.4
    endloop
  endfacet
  facet normal -0 0 -1
    outer loop
      vertex 7.75913 -0.681 -1.4
      vertex 4.99417 -1.21376 -1.4
      vertex 7.74283 -0.680191 -1.4
    endloop
  endfacet
  facet normal -0 0 -1
    outer loop
      vertex 7.74283 -0.680191 -1.4
      vertex 4.99417 -1.21376 -1.4
      vertex 7.72773 -0.679062 -1.4
    endloop
  endfacet
  facet normal 0 -0 -1
    outer loop
      vertex 7.43027 -0.666183 -1.4
      vertex 7.72773 -0.679062 -1.4
      vertex 4.99417 -1.21376 -1.4
    endloop
  endfacet
  facet normal 0 0 -1
    outer loop
      vertex 7.72773 -0.679062 -1.4
      vertex 7.43027 -0.666183 -1.4
      vertex 7.71343 -0.677704 -1.4
    endloop
  endfacet
  facet normal 0 0 -1
    outer loop
      vertex 7.71343 -0.677704 -1.4
      vertex 7.43027 -0.666183 -1.4
      vertex 7.69954 -0.676163 -1.4
    endloop
  endfacet
  facet normal 0 0 -1
    outer loop
      vertex 7.69954 -0.676163 -1.4
      vertex 7.43027 -0.666183 -1.4
      vertex 7.68605 -0.674484 -1.4
    endloop
  endfacet
  facet normal 0 0 -1
    outer loop
      vertex 7.68605 -0.674484 -1.4
      vertex 7.43027 -0.666183 -1.4
      vertex 7.67296 -0.672623 -1.4
    endloop
  endfacet
  facet normal 0 0 -1
    outer loop
      vertex 7.66008 -0.670532 -1.4
      vertex 7.43027 -0.666183 -1.4
      vertex 7.6472 -0.668121 -1.4
    endloop
  endfacet
  facet normal 0 0 -1
    outer loop
      vertex 7.43027 -0.666183 -1.4
      vertex 7.60814 -0.659012 -1.4
      vertex 7.62143 -0.662323 -1.4
    endloop
  endfacet
  facet normal -0 0 -1
    outer loop
      vertex 7.60814 -0.659012 -1.4
      vertex 7.43027 -0.666183 -1.4
      vertex 7.57915 -0.651932 -1.4
    endloop
  endfacet
  facet normal 0 0 -1
    outer loop
      vertex 7.43027 -0.666183 -1.4
      vertex 7.56345 -0.452301 -1.4
      vertex 7.56345 -0.648148 -1.4
    endloop
  endfacet
  facet normal 0 0 -1
    outer loop
      vertex 7.56345 -0.452301 -1.4
      vertex 7.43868 0.697174 -1.4
      vertex 7.44057 0.72789 -1.4
    endloop
  endfacet
  facet normal 0 0 -1
    outer loop
      vertex 7.56345 -0.452301 -1.4
      vertex 7.43688 0.664276 -1.4
      vertex 7.43868 0.697174 -1.4
    endloop
  endfacet
  facet normal 0 0 -1
    outer loop
      vertex 7.56345 -0.452301 -1.4
      vertex 7.43514 0.629211 -1.4
      vertex 7.43688 0.664276 -1.4
    endloop
  endfacet
  facet normal 0 0 -1
    outer loop
      vertex 7.56345 -0.452301 -1.4
      vertex 7.43351 0.591965 -1.4
      vertex 7.43514 0.629211 -1.4
    endloop
  endfacet
  facet normal 0 0 -1
    outer loop
      vertex 7.56345 -0.452301 -1.4
      vertex 7.43209 0.551254 -1.4
      vertex 7.43351 0.591965 -1.4
    endloop
  endfacet
  facet normal 0 0 -1
    outer loop
      vertex 7.56345 -0.452301 -1.4
      vertex 7.43108 0.505798 -1.4
      vertex 7.43209 0.551254 -1.4
    endloop
  endfacet
  facet normal 0 0 -1
    outer loop
      vertex 7.56345 -0.452301 -1.4
      vertex 7.43047 0.455597 -1.4
      vertex 7.43108 0.505798 -1.4
    endloop
  endfacet
  facet normal 0 0 -1
    outer loop
      vertex 7.43027 0.400635 -1.4
      vertex 7.56345 -0.452301 -1.4
      vertex 7.43027 -0.666183 -1.4
    endloop
  endfacet
  facet normal -0 0 -1
    outer loop
      vertex 7.57915 -0.651932 -1.4
      vertex 7.43027 -0.666183 -1.4
      vertex 7.56345 -0.648148 -1.4
    endloop
  endfacet
  facet normal -0 0 -1
    outer loop
      vertex 7.63433 -0.665375 -1.4
      vertex 7.43027 -0.666183 -1.4
      vertex 7.62143 -0.662323 -1.4
    endloop
  endfacet
  facet normal 0 0 -1
    outer loop
      vertex 7.6472 -0.668121 -1.4
      vertex 7.43027 -0.666183 -1.4
      vertex 7.63433 -0.665375 -1.4
    endloop
  endfacet
  facet normal 0 0 -1
    outer loop
      vertex 7.67296 -0.672623 -1.4
      vertex 7.43027 -0.666183 -1.4
      vertex 7.66008 -0.670532 -1.4
    endloop
  endfacet
  facet normal 0 0 -1
    outer loop
      vertex 6.53432 -0.271912 -1.4
      vertex 7.06821 0.0179596 -1.4
      vertex 7.06821 -0.666183 -1.4
    endloop
  endfacet
  facet normal 0 0 -1
    outer loop
      vertex 6.5255 -0.170135 -1.4
      vertex 7.06821 0.0179596 -1.4
      vertex 6.53432 -0.271912 -1.4
    endloop
  endfacet
  facet normal 0 0 -1
    outer loop
      vertex 6.49906 -0.0812378 -1.4
      vertex 7.06821 0.0179596 -1.4
      vertex 6.5255 -0.170135 -1.4
    endloop
  endfacet
  facet normal -0 0 -1
    outer loop
      vertex 7.06821 0.0179596 -1.4
      vertex 6.49906 -0.0812378 -1.4
      vertex 7.06349 0.118942 -1.4
    endloop
  endfacet
  facet normal 0 0 -1
    outer loop
      vertex 6.45496 -0.00521851 -1.4
      vertex 7.04937 0.206711 -1.4
      vertex 6.49906 -0.0812378 -1.4
    endloop
  endfacet
  facet normal 0 0 -1
    outer loop
      vertex 7.04937 0.206711 -1.4
      vertex 6.71002 0.447327 -1.4
      vertex 7.02581 0.281281 -1.4
    endloop
  endfacet
  facet normal 0 -0 -1
    outer loop
      vertex 6.74739 0.450958 -1.4
      vertex 7.02581 0.281281 -1.4
      vertex 6.71002 0.447327 -1.4
    endloop
  endfacet
  facet normal 0 0 -1
    outer loop
      vertex 7.02581 0.281281 -1.4
      vertex 6.78218 0.452164 -1.4
      vertex 6.99283 0.342651 -1.4
    endloop
  endfacet
  facet normal 0 0 -1
    outer loop
      vertex 6.99283 0.342651 -1.4
      vertex 6.78218 0.452164 -1.4
      vertex 6.9514 0.390564 -1.4
    endloop
  endfacet
  facet normal 0 0 -1
    outer loop
      vertex 6.9514 0.390564 -1.4
      vertex 6.84607 0.445312 -1.4
      vertex 6.90248 0.424789 -1.4
    endloop
  endfacet
  facet normal -0 -0 -1
    outer loop
      vertex 6.84607 0.445312 -1.4
      vertex 6.9514 0.390564 -1.4
      vertex 6.78218 0.452164 -1.4
    endloop
  endfacet
  facet normal 0 -0 -1
    outer loop
      vertex 6.78218 0.452164 -1.4
      vertex 7.02581 0.281281 -1.4
      vertex 6.74739 0.450958 -1.4
    endloop
  endfacet
  facet normal -0 0 -1
    outer loop
      vertex 7.04937 0.206711 -1.4
      vertex 6.45496 -0.00521851 -1.4
      vertex 6.71002 0.447327 -1.4
    endloop
  endfacet
  facet normal -0 0 -1
    outer loop
      vertex 7.06349 0.118942 -1.4
      vertex 6.49906 -0.0812378 -1.4
      vertex 7.04937 0.206711 -1.4
    endloop
  endfacet
  facet normal 0 0 -1
    outer loop
      vertex 7.06821 -0.666183 -1.4
      vertex 6.52724 -0.366165 -1.4
      vertex 6.53432 -0.271912 -1.4
    endloop
  endfacet
  facet normal 0 0 -1
    outer loop
      vertex 7.06821 -0.666183 -1.4
      vertex 6.50597 -0.449234 -1.4
      vertex 6.52724 -0.366165 -1.4
    endloop
  endfacet
  facet normal 0 0 -1
    outer loop
      vertex 7.06821 -0.666183 -1.4
      vertex 6.47055 -0.521103 -1.4
      vertex 6.50597 -0.449234 -1.4
    endloop
  endfacet
  facet normal 0 0 -1
    outer loop
      vertex 7.06821 -0.666183 -1.4
      vertex 6.42095 -0.581787 -1.4
      vertex 6.47055 -0.521103 -1.4
    endloop
  endfacet
  facet normal -0 0 -1
    outer loop
      vertex 7.43027 -0.666183 -1.4
      vertex 4.99417 -1.21376 -1.4
      vertex 7.06821 -0.666183 -1.4
    endloop
  endfacet
  facet normal 0 0 -1
    outer loop
      vertex 7.06821 -0.666183 -1.4
      vertex 6.35869 -0.629974 -1.4
      vertex 6.42095 -0.581787 -1.4
    endloop
  endfacet
  facet normal 0 0 -1
    outer loop
      vertex 7.06821 -0.666183 -1.4
      vertex 6.28533 -0.664398 -1.4
      vertex 6.35869 -0.629974 -1.4
    endloop
  endfacet
  facet normal 0 -0 -1
    outer loop
      vertex 6.20085 -0.685059 -1.4
      vertex 7.06821 -0.666183 -1.4
      vertex 4.99417 -1.21376 -1.4
    endloop
  endfacet
  facet normal -0 0 -1
    outer loop
      vertex 7.06821 -0.666183 -1.4
      vertex 6.20085 -0.685059 -1.4
      vertex 6.28533 -0.664398 -1.4
    endloop
  endfacet
  facet normal 0 0 -1
    outer loop
      vertex 6.20085 -0.685059 -1.4
      vertex 4.99417 -1.21376 -1.4
      vertex 6.10527 -0.69194 -1.4
    endloop
  endfacet
  facet normal 0 0 -1
    outer loop
      vertex 5.62915 -0.478622 -1.4
      vertex 5.64658 -0.417511 -1.4
      vertex 5.73227 -0.537567 -1.4
    endloop
  endfacet
  facet normal -0 0 -1
    outer loop
      vertex 5.64658 -0.417511 -1.4
      vertex 5.62915 -0.478622 -1.4
      vertex 5.63887 -0.417511 -1.4
    endloop
  endfacet
  facet normal 0 0 -1
    outer loop
      vertex 5.59018 -0.577194 -1.4
      vertex 5.73227 -0.537567 -1.4
      vertex 5.83727 -0.623337 -1.4
    endloop
  endfacet
  facet normal 0 0 -1
    outer loop
      vertex 5.73227 -0.537567 -1.4
      vertex 5.61293 -0.53186 -1.4
      vertex 5.62915 -0.478622 -1.4
    endloop
  endfacet
  facet normal 0 0 -1
    outer loop
      vertex 5.5239 -0.643967 -1.4
      vertex 5.83727 -0.623337 -1.4
      vertex 5.96161 -0.674789 -1.4
    endloop
  endfacet
  facet normal -0 0 -1
    outer loop
      vertex 5.73227 -0.537567 -1.4
      vertex 5.59018 -0.577194 -1.4
      vertex 5.61293 -0.53186 -1.4
    endloop
  endfacet
  facet normal 0 0 -1
    outer loop
      vertex 5.83727 -0.623337 -1.4
      vertex 5.56092 -0.614655 -1.4
      vertex 5.59018 -0.577194 -1.4
    endloop
  endfacet
  facet normal -0 0 -1
    outer loop
      vertex 5.83727 -0.623337 -1.4
      vertex 5.5239 -0.643967 -1.4
      vertex 5.56092 -0.614655 -1.4
    endloop
  endfacet
  facet normal -0 0 -1
    outer loop
      vertex 6.10527 -0.69194 -1.4
      vertex 4.99417 -1.21376 -1.4
      vertex 5.96161 -0.674789 -1.4
    endloop
  endfacet
  facet normal 0 -0 -1
    outer loop
      vertex 5.47797 -0.664902 -1.4
      vertex 5.96161 -0.674789 -1.4
      vertex 4.99417 -1.21376 -1.4
    endloop
  endfacet
  facet normal 0 0 -1
    outer loop
      vertex 5.96161 -0.674789 -1.4
      vertex 5.47797 -0.664902 -1.4
      vertex 5.5239 -0.643967 -1.4
    endloop
  endfacet
  facet normal 0 0 -1
    outer loop
      vertex 5.47797 -0.664902 -1.4
      vertex 4.99417 -1.21376 -1.4
      vertex 5.42308 -0.67746 -1.4
    endloop
  endfacet
  facet normal 0 0 -1
    outer loop
      vertex 5.42308 -0.67746 -1.4
      vertex 4.99417 -1.21376 -1.4
      vertex 5.35927 -0.681641 -1.4
    endloop
  endfacet
  facet normal -0 0 -1
    outer loop
      vertex 5.35927 -0.681641 -1.4
      vertex 4.99417 -1.21376 -1.4
      vertex 5.34055 -0.681488 -1.4
    endloop
  endfacet
  facet normal -0 0 -1
    outer loop
      vertex 5.34055 -0.681488 -1.4
      vertex 4.99417 -1.21376 -1.4
      vertex 5.32303 -0.681 -1.4
    endloop
  endfacet
  facet normal -0 0 -1
    outer loop
      vertex 5.32303 -0.681 -1.4
      vertex 4.99417 -1.21376 -1.4
      vertex 5.30672 -0.680191 -1.4
    endloop
  endfacet
  facet normal -0 0 -1
    outer loop
      vertex 5.30672 -0.680191 -1.4
      vertex 4.99417 -1.21376 -1.4
      vertex 5.29163 -0.679062 -1.4
    endloop
  endfacet
  facet normal -0 0 -1
    outer loop
      vertex 5.29163 -0.679062 -1.4
      vertex 4.99417 -1.21376 -1.4
      vertex 5.27733 -0.677704 -1.4
    endloop
  endfacet
  facet normal 0 0 -1
    outer loop
      vertex 4.99417 -1.21376 -1.4
      vertex 5.17205 -0.659012 -1.4
      vertex 5.18534 -0.662323 -1.4
    endloop
  endfacet
  facet normal -0 0 -1
    outer loop
      vertex 5.17205 -0.659012 -1.4
      vertex 4.99417 -1.21376 -1.4
      vertex 5.14305 -0.651932 -1.4
    endloop
  endfacet
  facet normal 0 0 -1
    outer loop
      vertex 4.99417 -1.21376 -1.4
      vertex 5.12735 -0.452301 -1.4
      vertex 5.12735 -0.648148 -1.4
    endloop
  endfacet
  facet normal 0 0 -1
    outer loop
      vertex 5.12735 -0.452301 -1.4
      vertex 4.99996 0.661453 -1.4
      vertex 5.00446 0.72789 -1.4
    endloop
  endfacet
  facet normal 0 0 -1
    outer loop
      vertex 5.12735 -0.452301 -1.4
      vertex 4.99674 0.585846 -1.4
      vertex 4.99996 0.661453 -1.4
    endloop
  endfacet
  facet normal 0 0 -1
    outer loop
      vertex 5.12735 -0.452301 -1.4
      vertex 4.99481 0.501053 -1.4
      vertex 4.99674 0.585846 -1.4
    endloop
  endfacet
  facet normal 0 0 -1
    outer loop
      vertex 4.99417 0.407074 -1.4
      vertex 5.12735 -0.452301 -1.4
      vertex 4.99417 -1.21376 -1.4
    endloop
  endfacet
  facet normal -0 0 -1
    outer loop
      vertex 5.14305 -0.651932 -1.4
      vertex 4.99417 -1.21376 -1.4
      vertex 5.12735 -0.648148 -1.4
    endloop
  endfacet
  facet normal -0 0 -1
    outer loop
      vertex 5.19821 -0.665375 -1.4
      vertex 4.99417 -1.21376 -1.4
      vertex 5.18534 -0.662323 -1.4
    endloop
  endfacet
  facet normal -0 0 -1
    outer loop
      vertex 5.21111 -0.668121 -1.4
      vertex 4.99417 -1.21376 -1.4
      vertex 5.19821 -0.665375 -1.4
    endloop
  endfacet
  facet normal -0 0 -1
    outer loop
      vertex 5.22399 -0.670532 -1.4
      vertex 4.99417 -1.21376 -1.4
      vertex 5.21111 -0.668121 -1.4
    endloop
  endfacet
  facet normal -0 0 -1
    outer loop
      vertex 5.23687 -0.672623 -1.4
      vertex 4.99417 -1.21376 -1.4
      vertex 5.22399 -0.670532 -1.4
    endloop
  endfacet
  facet normal -0 0 -1
    outer loop
      vertex 5.24996 -0.674484 -1.4
      vertex 4.99417 -1.21376 -1.4
      vertex 5.23687 -0.672623 -1.4
    endloop
  endfacet
  facet normal -0 0 -1
    outer loop
      vertex 5.26343 -0.676163 -1.4
      vertex 4.99417 -1.21376 -1.4
      vertex 5.24996 -0.674484 -1.4
    endloop
  endfacet
  facet normal -0 0 -1
    outer loop
      vertex 5.27733 -0.677704 -1.4
      vertex 4.99417 -1.21376 -1.4
      vertex 5.26343 -0.676163 -1.4
    endloop
  endfacet
  facet normal 0 0 -1
    outer loop
      vertex 0 -1.5 -1.4
      vertex 10.0756 -1.21376 -1.4
      vertex 25.4 -1.5 -1.4
    endloop
  endfacet
  facet normal -0 0 -1
    outer loop
      vertex 10.0756 -1.21376 -1.4
      vertex 0 -1.5 -1.4
      vertex 4.99417 -1.21376 -1.4
    endloop
  endfacet
  facet normal 0 0 -1
    outer loop
      vertex 4.40845 -0.656082 -1.4
      vertex 4.6321 -0.679062 -1.4
      vertex 4.6321 -1.21376 -1.4
    endloop
  endfacet
  facet normal -0 0 -1
    outer loop
      vertex 4.63645 -0.473724 -1.4
      vertex 4.59993 -0.500977 -1.4
      vertex 4.6321 -0.444565 -1.4
    endloop
  endfacet
  facet normal -0 0 -1
    outer loop
      vertex 4.63404 -0.522522 -1.4
      vertex 4.5614 -0.550385 -1.4
      vertex 4.59993 -0.500977 -1.4
    endloop
  endfacet
  facet normal -0 0 -1
    outer loop
      vertex 4.63259 -0.590973 -1.4
      vertex 4.51651 -0.592789 -1.4
      vertex 4.5614 -0.550385 -1.4
    endloop
  endfacet
  facet normal 0 0 -1
    outer loop
      vertex 4.6321 -0.679062 -1.4
      vertex 4.46526 -0.628174 -1.4
      vertex 4.51651 -0.592789 -1.4
    endloop
  endfacet
  facet normal 0 0 -1
    outer loop
      vertex 4.6321 -0.679062 -1.4
      vertex 4.40845 -0.656082 -1.4
      vertex 4.46526 -0.628174 -1.4
    endloop
  endfacet
  facet normal 0 0 -1
    outer loop
      vertex 4.6321 -1.21376 -1.4
      vertex 4.3469 -0.67601 -1.4
      vertex 4.40845 -0.656082 -1.4
    endloop
  endfacet
  facet normal 0 0 -1
    outer loop
      vertex 4.6321 -1.21376 -1.4
      vertex 4.28057 -0.687958 -1.4
      vertex 4.3469 -0.67601 -1.4
    endloop
  endfacet
  facet normal 0 0 -1
    outer loop
      vertex 4.6321 -1.21376 -1.4
      vertex 4.20951 -0.69194 -1.4
      vertex 4.28057 -0.687958 -1.4
    endloop
  endfacet
  facet normal 0 0 -1
    outer loop
      vertex 4.6321 -1.21376 -1.4
      vertex 4.08916 -0.680069 -1.4
      vertex 4.20951 -0.69194 -1.4
    endloop
  endfacet
  facet normal 0 0 -1
    outer loop
      vertex 4.6321 -1.21376 -1.4
      vertex 3.98322 -0.64444 -1.4
      vertex 4.08916 -0.680069 -1.4
    endloop
  endfacet
  facet normal 0 0 -1
    outer loop
      vertex 3.1272 -0.645401 -1.4
      vertex 3.98322 -0.64444 -1.4
      vertex 4.6321 -1.21376 -1.4
    endloop
  endfacet
  facet normal 0 0 -1
    outer loop
      vertex 3.68355 -0.127335 -1.4
      vertex 3.50118 0.0372925 -1.4
      vertex 3.67481 0.0372925 -1.4
    endloop
  endfacet
  facet normal 0 0 -1
    outer loop
      vertex 3.49062 -0.130463 -1.4
      vertex 3.68355 -0.127335 -1.4
      vertex 3.70975 -0.272079 -1.4
    endloop
  endfacet
  facet normal 0 0 -1
    outer loop
      vertex 3.45899 -0.276901 -1.4
      vertex 3.70975 -0.272079 -1.4
      vertex 3.75345 -0.396942 -1.4
    endloop
  endfacet
  facet normal -0 0 -1
    outer loop
      vertex 3.68355 -0.127335 -1.4
      vertex 3.49062 -0.130463 -1.4
      vertex 3.50118 0.0372925 -1.4
    endloop
  endfacet
  facet normal 0 0 -1
    outer loop
      vertex 3.40624 -0.402008 -1.4
      vertex 3.75345 -0.396942 -1.4
      vertex 3.81461 -0.501907 -1.4
    endloop
  endfacet
  facet normal -0 0 -1
    outer loop
      vertex 3.70975 -0.272079 -1.4
      vertex 3.45899 -0.276901 -1.4
      vertex 3.49062 -0.130463 -1.4
    endloop
  endfacet
  facet normal 0 0 -1
    outer loop
      vertex 3.3324 -0.505768 -1.4
      vertex 3.81461 -0.501907 -1.4
      vertex 3.89171 -0.585052 -1.4
    endloop
  endfacet
  facet normal 0 -0 -1
    outer loop
      vertex 3.23889 -0.587219 -1.4
      vertex 3.98322 -0.64444 -1.4
      vertex 3.1272 -0.645401 -1.4
    endloop
  endfacet
  facet normal -0 0 -1
    outer loop
      vertex 3.75345 -0.396942 -1.4
      vertex 3.40624 -0.402008 -1.4
      vertex 3.45899 -0.276901 -1.4
    endloop
  endfacet
  facet normal -0 0 -1
    outer loop
      vertex 3.81461 -0.501907 -1.4
      vertex 3.3324 -0.505768 -1.4
      vertex 3.40624 -0.402008 -1.4
    endloop
  endfacet
  facet normal -0 0 -1
    outer loop
      vertex 3.89171 -0.585052 -1.4
      vertex 3.23889 -0.587219 -1.4
      vertex 3.3324 -0.505768 -1.4
    endloop
  endfacet
  facet normal 0 0 -1
    outer loop
      vertex 3.98322 -0.64444 -1.4
      vertex 3.23889 -0.587219 -1.4
      vertex 3.89171 -0.585052 -1.4
    endloop
  endfacet
  facet normal 0 0 -1
    outer loop
      vertex 4.6321 -1.21376 -1.4
      vertex 2.99732 -0.680313 -1.4
      vertex 3.1272 -0.645401 -1.4
    endloop
  endfacet
  facet normal 0 0 -1
    outer loop
      vertex 4.6321 -1.21376 -1.4
      vertex 2.84923 -0.69194 -1.4
      vertex 2.99732 -0.680313 -1.4
    endloop
  endfacet
  facet normal 0 0 -1
    outer loop
      vertex 0 -1.5 -1.4
      vertex 2.84923 -0.69194 -1.4
      vertex 4.6321 -1.21376 -1.4
    endloop
  endfacet
  facet normal 0 0 -1
    outer loop
      vertex 1.9623 -0.338928 -1.4
      vertex 2.2269 -0.0284119 -1.4
      vertex 2.2269 -0.0387115 -1.4
    endloop
  endfacet
  facet normal 0 0 -1
    outer loop
      vertex 1.9623 -0.338928 -1.4
      vertex 2.2269 -0.0387115 -1.4
      vertex 2.24752 -0.313141 -1.4
    endloop
  endfacet
  facet normal 0 0 -1
    outer loop
      vertex 1.9623 0.483093 -1.4
      vertex 2.2269 -0.0284119 -1.4
      vertex 1.9623 -0.338928 -1.4
    endloop
  endfacet
  facet normal 0 0 -1
    outer loop
      vertex 1.9569 -0.421585 -1.4
      vertex 2.24752 -0.313141 -1.4
      vertex 2.34069 -0.478867 -1.4
    endloop
  endfacet
  facet normal 0 0 -1
    outer loop
      vertex 1.91374 -0.553329 -1.4
      vertex 2.34069 -0.478867 -1.4
      vertex 2.47203 -0.597244 -1.4
    endloop
  endfacet
  facet normal 0 0 -1
    outer loop
      vertex 2.24752 -0.313141 -1.4
      vertex 1.9569 -0.421585 -1.4
      vertex 1.9623 -0.338928 -1.4
    endloop
  endfacet
  facet normal 0 0 -1
    outer loop
      vertex 1.82822 -0.640457 -1.4
      vertex 2.47203 -0.597244 -1.4
      vertex 2.64154 -0.668274 -1.4
    endloop
  endfacet
  facet normal -0 0 -1
    outer loop
      vertex 2.34069 -0.478867 -1.4
      vertex 1.94072 -0.493057 -1.4
      vertex 1.9569 -0.421585 -1.4
    endloop
  endfacet
  facet normal -0 0 -1
    outer loop
      vertex 2.84923 -0.69194 -1.4
      vertex 0 -1.5 -1.4
      vertex 2.64154 -0.668274 -1.4
    endloop
  endfacet
  facet normal 0 0 -1
    outer loop
      vertex 2.34069 -0.478867 -1.4
      vertex 1.91374 -0.553329 -1.4
      vertex 1.94072 -0.493057 -1.4
    endloop
  endfacet
  facet normal -0 0 -1
    outer loop
      vertex 2.47203 -0.597244 -1.4
      vertex 1.87598 -0.602417 -1.4
      vertex 1.91374 -0.553329 -1.4
    endloop
  endfacet
  facet normal 0 0 -1
    outer loop
      vertex 2.47203 -0.597244 -1.4
      vertex 1.82822 -0.640457 -1.4
      vertex 1.87598 -0.602417 -1.4
    endloop
  endfacet
  facet normal 0 0 -1
    outer loop
      vertex 2.64154 -0.668274 -1.4
      vertex 1.77129 -0.667633 -1.4
      vertex 1.82822 -0.640457 -1.4
    endloop
  endfacet
  facet normal -0 0 -1
    outer loop
      vertex 2.64154 -0.668274 -1.4
      vertex 1.70517 -0.683945 -1.4
      vertex 1.77129 -0.667633 -1.4
    endloop
  endfacet
  facet normal 0 0 -1
    outer loop
      vertex 2.64154 -0.668274 -1.4
      vertex 0 -1.5 -1.4
      vertex 1.70517 -0.683945 -1.4
    endloop
  endfacet
  facet normal 0 0 -1
    outer loop
      vertex 1.70517 -0.683945 -1.4
      vertex 0 -1.5 -1.4
      vertex 1.62989 -0.689377 -1.4
    endloop
  endfacet
  facet normal -0 0 -1
    outer loop
      vertex 1.62989 -0.689377 -1.4
      vertex 0 -1.5 -1.4
      vertex 1.54654 -0.686646 -1.4
    endloop
  endfacet
  facet normal -0 0 -1
    outer loop
      vertex 1.32453 -0.645569 -1.4
      vertex 0 -1.5 -1.4
      vertex 1.32453 -0.421387 -1.4
    endloop
  endfacet
  facet normal -0 0 -1
    outer loop
      vertex 1.39386 -0.664734 -1.4
      vertex 0 -1.5 -1.4
      vertex 1.32453 -0.645569 -1.4
    endloop
  endfacet
  facet normal -0 0 -1
    outer loop
      vertex 1.46787 -0.678421 -1.4
      vertex 0 -1.5 -1.4
      vertex 1.39386 -0.664734 -1.4
    endloop
  endfacet
  facet normal -0 0 -1
    outer loop
      vertex 1.54654 -0.686646 -1.4
      vertex 0 -1.5 -1.4
      vertex 1.46787 -0.678421 -1.4
    endloop
  endfacet
  facet normal -0 0 -1
    outer loop
      vertex 4.99417 -1.21376 -1.4
      vertex 0 -1.5 -1.4
      vertex 4.6321 -1.21376 -1.4
    endloop
  endfacet
  facet normal 0 0 -1
    outer loop
      vertex 23.9198 0.577469 -1.4
      vertex 25.4 1.5 -1.4
      vertex 24.0111 -0.193329 -1.4
    endloop
  endfacet
  facet normal 0 0 -1
    outer loop
      vertex 23.9145 0.78447 -1.4
      vertex 25.4 1.5 -1.4
      vertex 23.9261 0.668625 -1.4
    endloop
  endfacet
  facet normal 0 0 -1
    outer loop
      vertex 23.8799 0.885895 -1.4
      vertex 25.4 1.5 -1.4
      vertex 23.9145 0.78447 -1.4
    endloop
  endfacet
  facet normal 0 0 -1
    outer loop
      vertex 23.8221 0.9729 -1.4
      vertex 25.4 1.5 -1.4
      vertex 23.8799 0.885895 -1.4
    endloop
  endfacet
  facet normal 0 0 -1
    outer loop
      vertex 23.7412 1.0455 -1.4
      vertex 25.4 1.5 -1.4
      vertex 23.8221 0.9729 -1.4
    endloop
  endfacet
  facet normal 0 0 -1
    outer loop
      vertex 23.6382 1.10271 -1.4
      vertex 25.4 1.5 -1.4
      vertex 23.7412 1.0455 -1.4
    endloop
  endfacet
  facet normal 0 0 -1
    outer loop
      vertex 23.5143 1.14359 -1.4
      vertex 25.4 1.5 -1.4
      vertex 23.6382 1.10271 -1.4
    endloop
  endfacet
  facet normal 0 0 -1
    outer loop
      vertex 23.3693 1.16811 -1.4
      vertex 25.4 1.5 -1.4
      vertex 23.5143 1.14359 -1.4
    endloop
  endfacet
  facet normal 0 0 -1
    outer loop
      vertex 23.2033 1.17627 -1.4
      vertex 25.4 1.5 -1.4
      vertex 23.3693 1.16811 -1.4
    endloop
  endfacet
  facet normal 0 0 -1
    outer loop
      vertex 23.045 1.16966 -1.4
      vertex 25.4 1.5 -1.4
      vertex 23.2033 1.17627 -1.4
    endloop
  endfacet
  facet normal 0 0 -1
    outer loop
      vertex 22.1918 1.14922 -1.4
      vertex 22.465 0.057251 -1.4
      vertex 22.4498 0.0121155 -1.4
    endloop
  endfacet
  facet normal 0 0 -1
    outer loop
      vertex 22.1918 1.14922 -1.4
      vertex 22.4498 0.0121155 -1.4
      vertex 22.4389 -0.0363007 -1.4
    endloop
  endfacet
  facet normal 0 0 -1
    outer loop
      vertex 22.1918 -0.666183 -1.4
      vertex 22.4389 -0.0363007 -1.4
      vertex 22.4324 -0.0880432 -1.4
    endloop
  endfacet
  facet normal 0 0 -1
    outer loop
      vertex 22.1918 -0.666183 -1.4
      vertex 22.4324 -0.0880432 -1.4
      vertex 22.4302 -0.143066 -1.4
    endloop
  endfacet
  facet normal -0 0 -1
    outer loop
      vertex 22.4389 -0.0363007 -1.4
      vertex 22.1918 -0.666183 -1.4
      vertex 22.1918 1.14922 -1.4
    endloop
  endfacet
  facet normal 0 0 -1
    outer loop
      vertex 22.465 0.057251 -1.4
      vertex 22.1918 1.14922 -1.4
      vertex 22.4779 0.721451 -1.4
    endloop
  endfacet
  facet normal 0 0 -1
    outer loop
      vertex 22.1918 1.14922 -1.4
      vertex 22.5099 0.834595 -1.4
      vertex 22.4779 0.721451 -1.4
    endloop
  endfacet
  facet normal 0 0 -1
    outer loop
      vertex 22.1918 1.14922 -1.4
      vertex 22.557 0.930496 -1.4
      vertex 22.5099 0.834595 -1.4
    endloop
  endfacet
  facet normal 0 0 -1
    outer loop
      vertex 22.1918 1.14922 -1.4
      vertex 22.6191 1.00917 -1.4
      vertex 22.557 0.930496 -1.4
    endloop
  endfacet
  facet normal 0 0 -1
    outer loop
      vertex 22.1918 1.14922 -1.4
      vertex 22.6963 1.07062 -1.4
      vertex 22.6191 1.00917 -1.4
    endloop
  endfacet
  facet normal 0 0 -1
    outer loop
      vertex 22.1918 1.14922 -1.4
      vertex 22.7915 1.11684 -1.4
      vertex 22.6963 1.07062 -1.4
    endloop
  endfacet
  facet normal 0 0 -1
    outer loop
      vertex 22.1918 1.14922 -1.4
      vertex 22.9077 1.14986 -1.4
      vertex 22.7915 1.11684 -1.4
    endloop
  endfacet
  facet normal 0 0 -1
    outer loop
      vertex 22.1918 1.14922 -1.4
      vertex 23.045 1.16966 -1.4
      vertex 22.9077 1.14986 -1.4
    endloop
  endfacet
  facet normal 0 0 -1
    outer loop
      vertex 22.1918 1.14922 -1.4
      vertex 25.4 1.5 -1.4
      vertex 23.045 1.16966 -1.4
    endloop
  endfacet
  facet normal 0 0 -1
    outer loop
      vertex 21.8117 1.14922 -1.4
      vertex 25.4 1.5 -1.4
      vertex 22.1918 1.14922 -1.4
    endloop
  endfacet
  facet normal 0 0 -1
    outer loop
      vertex 20.9935 1.14922 -1.4
      vertex 25.4 1.5 -1.4
      vertex 21.8117 1.14922 -1.4
    endloop
  endfacet
  facet normal 0 0 -1
    outer loop
      vertex 20.5503 1.14922 -1.4
      vertex 25.4 1.5 -1.4
      vertex 20.9935 1.14922 -1.4
    endloop
  endfacet
  facet normal 0 0 -1
    outer loop
      vertex 21.3259 0.381317 -1.4
      vertex 20.4673 -0.296402 -1.4
      vertex 20.4673 -0.0245361 -1.4
    endloop
  endfacet
  facet normal -0 0 -1
    outer loop
      vertex 21.3259 0.381317 -1.4
      vertex 20.4673 -0.0245361 -1.4
      vertex 20.5503 1.14922 -1.4
    endloop
  endfacet
  facet normal 0 0 -1
    outer loop
      vertex 19.7007 1.14922 -1.4
      vertex 20.5503 1.14922 -1.4
      vertex 20.4673 -0.0245361 -1.4
    endloop
  endfacet
  facet normal 0 0 -1
    outer loop
      vertex 19.7007 1.14922 -1.4
      vertex 25.4 1.5 -1.4
      vertex 20.5503 1.14922 -1.4
    endloop
  endfacet
  facet normal 0 0 -1
    outer loop
      vertex 18.3486 1.17627 -1.4
      vertex 19.7007 1.14922 -1.4
      vertex 19.2961 1.14922 -1.4
    endloop
  endfacet
  facet normal 0 0 -1
    outer loop
      vertex 18.9433 -0.337463 -1.4
      vertex 19.0539 -0.296402 -1.4
      vertex 18.9825 -0.414948 -1.4
    endloop
  endfacet
  facet normal 0 0 -1
    outer loop
      vertex 18.8967 -0.260971 -1.4
      vertex 19.0539 -0.296402 -1.4
      vertex 18.9433 -0.337463 -1.4
    endloop
  endfacet
  facet normal 0 0 -1
    outer loop
      vertex 19.2961 -0.0271149 -1.4
      vertex 18.9671 0.65831 -1.4
      vertex 19.2961 1.14922 -1.4
    endloop
  endfacet
  facet normal 0 0 -1
    outer loop
      vertex 18.9437 0.7771 -1.4
      vertex 19.2961 1.14922 -1.4
      vertex 18.9671 0.65831 -1.4
    endloop
  endfacet
  facet normal 0 0 -1
    outer loop
      vertex 18.9044 0.880905 -1.4
      vertex 19.2961 1.14922 -1.4
      vertex 18.9437 0.7771 -1.4
    endloop
  endfacet
  facet normal 0 0 -1
    outer loop
      vertex 18.8493 0.969727 -1.4
      vertex 19.2961 1.14922 -1.4
      vertex 18.9044 0.880905 -1.4
    endloop
  endfacet
  facet normal 0 0 -1
    outer loop
      vertex 18.7783 1.04356 -1.4
      vertex 19.2961 1.14922 -1.4
      vertex 18.8493 0.969727 -1.4
    endloop
  endfacet
  facet normal 0 0 -1
    outer loop
      vertex 18.6923 1.10162 -1.4
      vertex 19.2961 1.14922 -1.4
      vertex 18.7783 1.04356 -1.4
    endloop
  endfacet
  facet normal 0 0 -1
    outer loop
      vertex 18.592 1.1431 -1.4
      vertex 19.2961 1.14922 -1.4
      vertex 18.6923 1.10162 -1.4
    endloop
  endfacet
  facet normal 0 0 -1
    outer loop
      vertex 18.4774 1.16798 -1.4
      vertex 19.2961 1.14922 -1.4
      vertex 18.592 1.1431 -1.4
    endloop
  endfacet
  facet normal 0 0 -1
    outer loop
      vertex 18.3486 1.17627 -1.4
      vertex 19.2961 1.14922 -1.4
      vertex 18.4774 1.16798 -1.4
    endloop
  endfacet
  facet normal 0 0 -1
    outer loop
      vertex 19.7007 1.14922 -1.4
      vertex 18.3486 1.17627 -1.4
      vertex 25.4 1.5 -1.4
    endloop
  endfacet
  facet normal 0 0 -1
    outer loop
      vertex 17.7436 0.603806 -1.4
      vertex 16.9325 0.72789 -1.4
      vertex 17.7405 0.666046 -1.4
    endloop
  endfacet
  facet normal 0 0 -1
    outer loop
      vertex 16.9325 0.72789 -1.4
      vertex 17.7503 0.780396 -1.4
      vertex 17.7405 0.666046 -1.4
    endloop
  endfacet
  facet normal 0 0 -1
    outer loop
      vertex 16.9325 0.72789 -1.4
      vertex 17.7798 0.88121 -1.4
      vertex 17.7503 0.780396 -1.4
    endloop
  endfacet
  facet normal 0 0 -1
    outer loop
      vertex 16.9325 0.72789 -1.4
      vertex 17.8289 0.968506 -1.4
      vertex 17.7798 0.88121 -1.4
    endloop
  endfacet
  facet normal 0 0 -1
    outer loop
      vertex 16.9325 0.72789 -1.4
      vertex 17.8976 1.04227 -1.4
      vertex 17.8289 0.968506 -1.4
    endloop
  endfacet
  facet normal 0 0 -1
    outer loop
      vertex 16.9325 0.72789 -1.4
      vertex 17.9848 1.10089 -1.4
      vertex 17.8976 1.04227 -1.4
    endloop
  endfacet
  facet normal 0 0 -1
    outer loop
      vertex 16.5924 0.72789 -1.4
      vertex 17.9848 1.10089 -1.4
      vertex 16.9325 0.72789 -1.4
    endloop
  endfacet
  facet normal 0 0 -1
    outer loop
      vertex 16.0938 0.72789 -1.4
      vertex 17.9848 1.10089 -1.4
      vertex 16.5924 0.72789 -1.4
    endloop
  endfacet
  facet normal 0 0 -1
    outer loop
      vertex 16.345 -0.242294 -1.4
      vertex 16.5924 0.72789 -1.4
      vertex 16.363 -0.337631 -1.4
    endloop
  endfacet
  facet normal 0 0 -1
    outer loop
      vertex 16.3128 -0.0915375 -1.4
      vertex 16.5924 0.72789 -1.4
      vertex 16.345 -0.242294 -1.4
    endloop
  endfacet
  facet normal 0 0 -1
    outer loop
      vertex 16.0938 0.72789 -1.4
      vertex 16.5924 0.72789 -1.4
      vertex 16.3128 -0.0915375 -1.4
    endloop
  endfacet
  facet normal -0 0 -1
    outer loop
      vertex 17.9848 1.10089 -1.4
      vertex 16.0938 0.72789 -1.4
      vertex 18.089 1.14278 -1.4
    endloop
  endfacet
  facet normal 0 0 -1
    outer loop
      vertex 15.7059 0.72789 -1.4
      vertex 18.089 1.14278 -1.4
      vertex 16.0938 0.72789 -1.4
    endloop
  endfacet
  facet normal 0 0 -1
    outer loop
      vertex 13.3028 1.24585 -1.4
      vertex 18.089 1.14278 -1.4
      vertex 15.7059 0.72789 -1.4
    endloop
  endfacet
  facet normal 0 0 -1
    outer loop
      vertex 15.4031 -0.167557 -1.4
      vertex 15.4556 -0.255096 -1.4
      vertex 15.4392 -0.337631 -1.4
    endloop
  endfacet
  facet normal 0 0 -1
    outer loop
      vertex 15.4031 -0.167557 -1.4
      vertex 15.4698 -0.186569 -1.4
      vertex 15.4556 -0.255096 -1.4
    endloop
  endfacet
  facet normal 0 0 -1
    outer loop
      vertex 15.4031 -0.167557 -1.4
      vertex 15.482 -0.13205 -1.4
      vertex 15.4698 -0.186569 -1.4
    endloop
  endfacet
  facet normal 0 0 -1
    outer loop
      vertex 15.4031 -0.167557 -1.4
      vertex 15.492 -0.0915375 -1.4
      vertex 15.482 -0.13205 -1.4
    endloop
  endfacet
  facet normal 0 0 -1
    outer loop
      vertex 15.2022 0.72789 -1.4
      vertex 15.492 -0.0915375 -1.4
      vertex 15.4031 -0.167557 -1.4
    endloop
  endfacet
  facet normal 0 0 -1
    outer loop
      vertex 15.492 -0.0915375 -1.4
      vertex 15.2022 0.72789 -1.4
      vertex 15.7059 0.72789 -1.4
    endloop
  endfacet
  facet normal 0 0 -1
    outer loop
      vertex 13.3028 1.24585 -1.4
      vertex 15.7059 0.72789 -1.4
      vertex 15.2022 0.72789 -1.4
    endloop
  endfacet
  facet normal 0 0 -1
    outer loop
      vertex 13.3028 1.24585 -1.4
      vertex 15.2022 0.72789 -1.4
      vertex 14.8671 0.72789 -1.4
    endloop
  endfacet
  facet normal 0 0 -1
    outer loop
      vertex 14.8077 -0.0812378 -1.4
      vertex 15.2331 -0.666183 -1.4
      vertex 14.8342 -0.170135 -1.4
    endloop
  endfacet
  facet normal 0 0 -1
    outer loop
      vertex 15.2331 -0.666183 -1.4
      vertex 14.8077 -0.0812378 -1.4
      vertex 14.7798 0.340088 -1.4
    endloop
  endfacet
  facet normal 0 0 -1
    outer loop
      vertex 15.2331 -0.666183 -1.4
      vertex 14.7798 0.340088 -1.4
      vertex 14.8671 0.72789 -1.4
    endloop
  endfacet
  facet normal 0 0 -1
    outer loop
      vertex 14.7552 0.435699 -1.4
      vertex 14.8671 0.72789 -1.4
      vertex 14.7798 0.340088 -1.4
    endloop
  endfacet
  facet normal 0 0 -1
    outer loop
      vertex 14.7159 0.519012 -1.4
      vertex 14.8671 0.72789 -1.4
      vertex 14.7552 0.435699 -1.4
    endloop
  endfacet
  facet normal 0 0 -1
    outer loop
      vertex 14.6621 0.589981 -1.4
      vertex 14.8671 0.72789 -1.4
      vertex 14.7159 0.519012 -1.4
    endloop
  endfacet
  facet normal 0 0 -1
    outer loop
      vertex 14.5937 0.648636 -1.4
      vertex 14.8671 0.72789 -1.4
      vertex 14.6621 0.589981 -1.4
    endloop
  endfacet
  facet normal 0 0 -1
    outer loop
      vertex 14.5111 0.69458 -1.4
      vertex 14.8671 0.72789 -1.4
      vertex 14.5937 0.648636 -1.4
    endloop
  endfacet
  facet normal 0 0 -1
    outer loop
      vertex 14.4148 0.727402 -1.4
      vertex 14.8671 0.72789 -1.4
      vertex 14.5111 0.69458 -1.4
    endloop
  endfacet
  facet normal 0 0 -1
    outer loop
      vertex 14.3046 0.747086 -1.4
      vertex 14.8671 0.72789 -1.4
      vertex 14.4148 0.727402 -1.4
    endloop
  endfacet
  facet normal 0 0 -1
    outer loop
      vertex 14.8671 0.72789 -1.4
      vertex 14.3046 0.747086 -1.4
      vertex 13.3028 1.24585 -1.4
    endloop
  endfacet
  facet normal 0 0 -1
    outer loop
      vertex 13.3028 1.24585 -1.4
      vertex 14.3046 0.747086 -1.4
      vertex 14.1807 0.753662 -1.4
    endloop
  endfacet
  facet normal 0 0 -1
    outer loop
      vertex 13.3028 1.24585 -1.4
      vertex 14.1807 0.753662 -1.4
      vertex 14.0562 0.745529 -1.4
    endloop
  endfacet
  facet normal 0 0 -1
    outer loop
      vertex 13.4753 -0.458099 -1.4
      vertex 13.6289 -0.307953 -1.4
      vertex 13.624 -0.352936 -1.4
    endloop
  endfacet
  facet normal 0 0 -1
    outer loop
      vertex 13.4954 -0.459549 -1.4
      vertex 13.624 -0.352936 -1.4
      vertex 13.6157 -0.388809 -1.4
    endloop
  endfacet
  facet normal 0 0 -1
    outer loop
      vertex 13.5446 -0.457245 -1.4
      vertex 13.6157 -0.388809 -1.4
      vertex 13.6042 -0.415588 -1.4
    endloop
  endfacet
  facet normal 0 0 -1
    outer loop
      vertex 13.5446 -0.457245 -1.4
      vertex 13.6042 -0.415588 -1.4
      vertex 13.5887 -0.435028 -1.4
    endloop
  endfacet
  facet normal 0 0 -1
    outer loop
      vertex 13.5446 -0.457245 -1.4
      vertex 13.5887 -0.435028 -1.4
      vertex 13.5689 -0.448914 -1.4
    endloop
  endfacet
  facet normal -0 0 -1
    outer loop
      vertex 13.6306 -0.253876 -1.4
      vertex 13.436 -0.452301 -1.4
      vertex 13.6306 0.253754 -1.4
    endloop
  endfacet
  facet normal 0 0 -1
    outer loop
      vertex 13.6157 -0.388809 -1.4
      vertex 13.5446 -0.457245 -1.4
      vertex 13.5159 -0.460037 -1.4
    endloop
  endfacet
  facet normal 0 0 -1
    outer loop
      vertex 13.6157 -0.388809 -1.4
      vertex 13.5159 -0.460037 -1.4
      vertex 13.4954 -0.459549 -1.4
    endloop
  endfacet
  facet normal 0 0 -1
    outer loop
      vertex 13.624 -0.352936 -1.4
      vertex 13.4954 -0.459549 -1.4
      vertex 13.4753 -0.458099 -1.4
    endloop
  endfacet
  facet normal 0 0 -1
    outer loop
      vertex 13.6289 -0.307953 -1.4
      vertex 13.4753 -0.458099 -1.4
      vertex 13.4555 -0.455673 -1.4
    endloop
  endfacet
  facet normal 0 0 -1
    outer loop
      vertex 13.6289 -0.307953 -1.4
      vertex 13.4555 -0.455673 -1.4
      vertex 13.436 -0.452301 -1.4
    endloop
  endfacet
  facet normal 0 0 -1
    outer loop
      vertex 13.3028 1.24585 -1.4
      vertex 13.6306 0.253754 -1.4
      vertex 13.436 -0.452301 -1.4
    endloop
  endfacet
  facet normal 0 0 -1
    outer loop
      vertex 13.3028 1.24585 -1.4
      vertex 13.436 -0.452301 -1.4
      vertex 13.3028 -0.666183 -1.4
    endloop
  endfacet
  facet normal 0 0 -1
    outer loop
      vertex 13.6306 0.253754 -1.4
      vertex 13.3028 1.24585 -1.4
      vertex 13.6395 0.36673 -1.4
    endloop
  endfacet
  facet normal 0 0 -1
    outer loop
      vertex 13.6395 0.36673 -1.4
      vertex 13.3028 1.24585 -1.4
      vertex 13.6663 0.466019 -1.4
    endloop
  endfacet
  facet normal 0 0 -1
    outer loop
      vertex 13.3028 1.24585 -1.4
      vertex 13.711 0.55162 -1.4
      vertex 13.6663 0.466019 -1.4
    endloop
  endfacet
  facet normal 0 0 -1
    outer loop
      vertex 13.3028 1.24585 -1.4
      vertex 13.7736 0.62352 -1.4
      vertex 13.711 0.55162 -1.4
    endloop
  endfacet
  facet normal 0 0 -1
    outer loop
      vertex 13.3028 1.24585 -1.4
      vertex 13.8527 0.68045 -1.4
      vertex 13.7736 0.62352 -1.4
    endloop
  endfacet
  facet normal 0 0 -1
    outer loop
      vertex 13.3028 1.24585 -1.4
      vertex 13.9469 0.72113 -1.4
      vertex 13.8527 0.68045 -1.4
    endloop
  endfacet
  facet normal 0 0 -1
    outer loop
      vertex 13.3028 1.24585 -1.4
      vertex 14.0562 0.745529 -1.4
      vertex 13.9469 0.72113 -1.4
    endloop
  endfacet
  facet normal 0 0 -1
    outer loop
      vertex 18.089 1.14278 -1.4
      vertex 13.3028 1.24585 -1.4
      vertex 18.2103 1.16789 -1.4
    endloop
  endfacet
  facet normal 0 0 -1
    outer loop
      vertex 13.3028 1.24585 -1.4
      vertex 18.3486 1.17627 -1.4
      vertex 18.2103 1.16789 -1.4
    endloop
  endfacet
  facet normal 0 0 -1
    outer loop
      vertex 13.3028 1.24585 -1.4
      vertex 25.4 1.5 -1.4
      vertex 18.3486 1.17627 -1.4
    endloop
  endfacet
  facet normal 0 0 -1
    outer loop
      vertex 12.9408 1.24585 -1.4
      vertex 25.4 1.5 -1.4
      vertex 13.3028 1.24585 -1.4
    endloop
  endfacet
  facet normal 0 0 -1
    outer loop
      vertex 12.5869 1.24585 -1.4
      vertex 12.9408 1.24585 -1.4
      vertex 12.5869 -0.666183 -1.4
    endloop
  endfacet
  facet normal 0 0 -1
    outer loop
      vertex 12.5869 1.24585 -1.4
      vertex 25.4 1.5 -1.4
      vertex 12.9408 1.24585 -1.4
    endloop
  endfacet
  facet normal 0 0 -1
    outer loop
      vertex 12.2248 1.24585 -1.4
      vertex 25.4 1.5 -1.4
      vertex 12.5869 1.24585 -1.4
    endloop
  endfacet
  facet normal 0 0 -1
    outer loop
      vertex 10.5644 -0.887802 -1.4
      vertex 12.2248 -0.666183 -1.4
      vertex 12.0809 -0.887802 -1.4
    endloop
  endfacet
  facet normal 0 0 -1
    outer loop
      vertex 10.4377 0.407074 -1.4
      vertex 12.2248 -0.666183 -1.4
      vertex 10.5644 -0.887802 -1.4
    endloop
  endfacet
  facet normal 0 0 -1
    outer loop
      vertex 12.2248 -0.666183 -1.4
      vertex 10.4479 0.72789 -1.4
      vertex 12.2248 1.24585 -1.4
    endloop
  endfacet
  facet normal 0 0 -1
    outer loop
      vertex 10.0962 0.72789 -1.4
      vertex 12.2248 1.24585 -1.4
      vertex 10.4479 0.72789 -1.4
    endloop
  endfacet
  facet normal 0 0 -1
    outer loop
      vertex 10.0756 0.501129 -1.4
      vertex 10.081 0.534698 -1.4
      vertex 10.0808 0.501129 -1.4
    endloop
  endfacet
  facet normal 0 0 -1
    outer loop
      vertex 10.0018 0.613297 -1.4
      vertex 10.081 0.534698 -1.4
      vertex 10.0756 0.501129 -1.4
    endloop
  endfacet
  facet normal 0 0 -1
    outer loop
      vertex 10.081 0.534698 -1.4
      vertex 10.0018 0.613297 -1.4
      vertex 10.0819 0.568451 -1.4
    endloop
  endfacet
  facet normal 0 0 -1
    outer loop
      vertex 10.0819 0.568451 -1.4
      vertex 10.0018 0.613297 -1.4
      vertex 10.0833 0.602341 -1.4
    endloop
  endfacet
  facet normal 0 0 -1
    outer loop
      vertex 10.0833 0.602341 -1.4
      vertex 10.0018 0.613297 -1.4
      vertex 10.0853 0.636414 -1.4
    endloop
  endfacet
  facet normal 0 0 -1
    outer loop
      vertex 10.0018 0.613297 -1.4
      vertex 10.0876 0.66774 -1.4
      vertex 10.0853 0.636414 -1.4
    endloop
  endfacet
  facet normal 0 0 -1
    outer loop
      vertex 10.0018 0.613297 -1.4
      vertex 10.0902 0.693436 -1.4
      vertex 10.0876 0.66774 -1.4
    endloop
  endfacet
  facet normal 0 0 -1
    outer loop
      vertex 9.90294 0.693436 -1.4
      vertex 10.0902 0.693436 -1.4
      vertex 10.0018 0.613297 -1.4
    endloop
  endfacet
  facet normal 0 0 -1
    outer loop
      vertex 10.0902 0.693436 -1.4
      vertex 9.90294 0.693436 -1.4
      vertex 10.0931 0.713486 -1.4
    endloop
  endfacet
  facet normal -0 0 -1
    outer loop
      vertex 10.0931 0.713486 -1.4
      vertex 9.90294 0.693436 -1.4
      vertex 10.0962 0.72789 -1.4
    endloop
  endfacet
  facet normal 0 0 -1
    outer loop
      vertex 9.77892 0.741501 -1.4
      vertex 10.0962 0.72789 -1.4
      vertex 9.90294 0.693436 -1.4
    endloop
  endfacet
  facet normal 0 0 -1
    outer loop
      vertex 9.62979 0.757538 -1.4
      vertex 10.0962 0.72789 -1.4
      vertex 9.77892 0.741501 -1.4
    endloop
  endfacet
  facet normal 0 0 -1
    outer loop
      vertex 10.0962 0.72789 -1.4
      vertex 9.62979 0.757538 -1.4
      vertex 12.2248 1.24585 -1.4
    endloop
  endfacet
  facet normal 0 0 -1
    outer loop
      vertex 8.43207 0.747086 -1.4
      vertex 9.62979 0.757538 -1.4
      vertex 9.51488 0.745819 -1.4
    endloop
  endfacet
  facet normal 0 0 -1
    outer loop
      vertex 8.93515 -0.0812378 -1.4
      vertex 9.12703 -0.127335 -1.4
      vertex 8.9616 -0.170135 -1.4
    endloop
  endfacet
  facet normal 0 0 -1
    outer loop
      vertex 9.12703 -0.127335 -1.4
      vertex 8.93515 -0.0812378 -1.4
      vertex 9.11829 0.0372925 -1.4
    endloop
  endfacet
  facet normal 0 0 -1
    outer loop
      vertex 8.89107 -0.00521851 -1.4
      vertex 9.11829 0.0372925 -1.4
      vertex 8.93515 -0.0812378 -1.4
    endloop
  endfacet
  facet normal -0 0 -1
    outer loop
      vertex 9.11829 0.0372925 -1.4
      vertex 8.89107 -0.00521851 -1.4
      vertex 9.12667 0.200073 -1.4
    endloop
  endfacet
  facet normal 0 0 -1
    outer loop
      vertex 9.12667 0.200073 -1.4
      vertex 8.90728 0.340088 -1.4
      vertex 9.1518 0.34314 -1.4
    endloop
  endfacet
  facet normal 0 0 -1
    outer loop
      vertex 8.8826 0.435699 -1.4
      vertex 9.1518 0.34314 -1.4
      vertex 8.90728 0.340088 -1.4
    endloop
  endfacet
  facet normal 0 0 -1
    outer loop
      vertex 9.1518 0.34314 -1.4
      vertex 8.8826 0.435699 -1.4
      vertex 9.19367 0.466461 -1.4
    endloop
  endfacet
  facet normal 0 0 -1
    outer loop
      vertex 8.84334 0.519012 -1.4
      vertex 9.19367 0.466461 -1.4
      vertex 8.8826 0.435699 -1.4
    endloop
  endfacet
  facet normal 0 0 -1
    outer loop
      vertex 9.19367 0.466461 -1.4
      vertex 8.84334 0.519012 -1.4
      vertex 9.25229 0.570053 -1.4
    endloop
  endfacet
  facet normal 0 0 -1
    outer loop
      vertex 8.78952 0.589981 -1.4
      vertex 9.25229 0.570053 -1.4
      vertex 8.84334 0.519012 -1.4
    endloop
  endfacet
  facet normal 0 0 -1
    outer loop
      vertex 9.25229 0.570053 -1.4
      vertex 8.78952 0.589981 -1.4
      vertex 9.32613 0.652084 -1.4
    endloop
  endfacet
  facet normal 0 0 -1
    outer loop
      vertex 8.72112 0.648636 -1.4
      vertex 9.32613 0.652084 -1.4
      vertex 8.78952 0.589981 -1.4
    endloop
  endfacet
  facet normal -0 0 -1
    outer loop
      vertex 9.32613 0.652084 -1.4
      vertex 8.72112 0.648636 -1.4
      vertex 9.41367 0.710663 -1.4
    endloop
  endfacet
  facet normal 0 0 -1
    outer loop
      vertex 8.63854 0.69458 -1.4
      vertex 9.41367 0.710663 -1.4
      vertex 8.72112 0.648636 -1.4
    endloop
  endfacet
  facet normal 0 0 -1
    outer loop
      vertex 8.54219 0.727402 -1.4
      vertex 9.41367 0.710663 -1.4
      vertex 8.63854 0.69458 -1.4
    endloop
  endfacet
  facet normal 0 0 -1
    outer loop
      vertex 9.41367 0.710663 -1.4
      vertex 8.54219 0.727402 -1.4
      vertex 9.51488 0.745819 -1.4
    endloop
  endfacet
  facet normal 0 0 -1
    outer loop
      vertex 8.43207 0.747086 -1.4
      vertex 9.51488 0.745819 -1.4
      vertex 8.54219 0.727402 -1.4
    endloop
  endfacet
  facet normal -0 0 -1
    outer loop
      vertex 9.62979 0.757538 -1.4
      vertex 8.43207 0.747086 -1.4
      vertex 12.2248 1.24585 -1.4
    endloop
  endfacet
  facet normal 0 0 -1
    outer loop
      vertex 8.30817 0.753662 -1.4
      vertex 12.2248 1.24585 -1.4
      vertex 8.43207 0.747086 -1.4
    endloop
  endfacet
  facet normal 0 0 -1
    outer loop
      vertex 6.78041 0.753143 -1.4
      vertex 8.30817 0.753662 -1.4
      vertex 8.18367 0.745529 -1.4
    endloop
  endfacet
  facet normal 0 0 -1
    outer loop
      vertex 7.60274 -0.458099 -1.4
      vertex 7.75637 -0.307953 -1.4
      vertex 7.75141 -0.352936 -1.4
    endloop
  endfacet
  facet normal 0 0 -1
    outer loop
      vertex 7.62287 -0.459549 -1.4
      vertex 7.75141 -0.352936 -1.4
      vertex 7.74315 -0.388809 -1.4
    endloop
  endfacet
  facet normal 0 0 -1
    outer loop
      vertex 7.67203 -0.457245 -1.4
      vertex 7.74315 -0.388809 -1.4
      vertex 7.7316 -0.415588 -1.4
    endloop
  endfacet
  facet normal 0 0 -1
    outer loop
      vertex 7.67203 -0.457245 -1.4
      vertex 7.7316 -0.415588 -1.4
      vertex 7.71617 -0.435028 -1.4
    endloop
  endfacet
  facet normal 0 0 -1
    outer loop
      vertex 7.67203 -0.457245 -1.4
      vertex 7.71617 -0.435028 -1.4
      vertex 7.69632 -0.448914 -1.4
    endloop
  endfacet
  facet normal -0 0 -1
    outer loop
      vertex 7.75801 -0.253876 -1.4
      vertex 7.56345 -0.452301 -1.4
      vertex 7.75801 0.253754 -1.4
    endloop
  endfacet
  facet normal 0 0 -1
    outer loop
      vertex 7.74315 -0.388809 -1.4
      vertex 7.67203 -0.457245 -1.4
      vertex 7.64333 -0.460037 -1.4
    endloop
  endfacet
  facet normal 0 0 -1
    outer loop
      vertex 7.74315 -0.388809 -1.4
      vertex 7.64333 -0.460037 -1.4
      vertex 7.62287 -0.459549 -1.4
    endloop
  endfacet
  facet normal 0 0 -1
    outer loop
      vertex 7.75141 -0.352936 -1.4
      vertex 7.62287 -0.459549 -1.4
      vertex 7.60274 -0.458099 -1.4
    endloop
  endfacet
  facet normal 0 0 -1
    outer loop
      vertex 7.75637 -0.307953 -1.4
      vertex 7.60274 -0.458099 -1.4
      vertex 7.58293 -0.455673 -1.4
    endloop
  endfacet
  facet normal 0 0 -1
    outer loop
      vertex 7.75637 -0.307953 -1.4
      vertex 7.58293 -0.455673 -1.4
      vertex 7.56345 -0.452301 -1.4
    endloop
  endfacet
  facet normal 0 0 -1
    outer loop
      vertex 7.44057 0.72789 -1.4
      vertex 7.75801 0.253754 -1.4
      vertex 7.56345 -0.452301 -1.4
    endloop
  endfacet
  facet normal 0 0 -1
    outer loop
      vertex 7.75801 0.253754 -1.4
      vertex 7.44057 0.72789 -1.4
      vertex 7.76696 0.36673 -1.4
    endloop
  endfacet
  facet normal 0 0 -1
    outer loop
      vertex 7.44057 0.72789 -1.4
      vertex 7.79377 0.466019 -1.4
      vertex 7.76696 0.36673 -1.4
    endloop
  endfacet
  facet normal 0 0 -1
    outer loop
      vertex 7.44057 0.72789 -1.4
      vertex 7.83846 0.55162 -1.4
      vertex 7.79377 0.466019 -1.4
    endloop
  endfacet
  facet normal 0 0 -1
    outer loop
      vertex 7.44057 0.72789 -1.4
      vertex 7.90102 0.62352 -1.4
      vertex 7.83846 0.55162 -1.4
    endloop
  endfacet
  facet normal 0 0 -1
    outer loop
      vertex 7.44057 0.72789 -1.4
      vertex 7.98011 0.68045 -1.4
      vertex 7.90102 0.62352 -1.4
    endloop
  endfacet
  facet normal 0 0 -1
    outer loop
      vertex 7.44057 0.72789 -1.4
      vertex 8.07431 0.72113 -1.4
      vertex 7.98011 0.68045 -1.4
    endloop
  endfacet
  facet normal 0 0 -1
    outer loop
      vertex 7.44057 0.72789 -1.4
      vertex 8.18367 0.745529 -1.4
      vertex 8.07431 0.72113 -1.4
    endloop
  endfacet
  facet normal 0 0 -1
    outer loop
      vertex 6.78041 0.753143 -1.4
      vertex 8.18367 0.745529 -1.4
      vertex 7.44057 0.72789 -1.4
    endloop
  endfacet
  facet normal 0 0 -1
    outer loop
      vertex 6.78041 0.753143 -1.4
      vertex 7.44057 0.72789 -1.4
      vertex 7.09528 0.72789 -1.4
    endloop
  endfacet
  facet normal 0 0 -1
    outer loop
      vertex 7.07337 0.430252 -1.4
      vertex 7.07892 0.454544 -1.4
      vertex 7.07852 0.430252 -1.4
    endloop
  endfacet
  facet normal 0 0 -1
    outer loop
      vertex 7.04767 0.49826 -1.4
      vertex 7.07892 0.454544 -1.4
      vertex 7.07337 0.430252 -1.4
    endloop
  endfacet
  facet normal 0 0 -1
    outer loop
      vertex 7.07892 0.454544 -1.4
      vertex 7.04767 0.49826 -1.4
      vertex 7.08013 0.488724 -1.4
    endloop
  endfacet
  facet normal 0 0 -1
    outer loop
      vertex 7.08013 0.488724 -1.4
      vertex 7.04767 0.49826 -1.4
      vertex 7.08214 0.532822 -1.4
    endloop
  endfacet
  facet normal 0 0 -1
    outer loop
      vertex 7.02344 0.555405 -1.4
      vertex 7.08214 0.532822 -1.4
      vertex 7.04767 0.49826 -1.4
    endloop
  endfacet
  facet normal 0 0 -1
    outer loop
      vertex 7.08214 0.532822 -1.4
      vertex 7.02344 0.555405 -1.4
      vertex 7.08496 0.586823 -1.4
    endloop
  endfacet
  facet normal 0 0 -1
    outer loop
      vertex 7.00064 0.601669 -1.4
      vertex 7.08496 0.586823 -1.4
      vertex 7.02344 0.555405 -1.4
    endloop
  endfacet
  facet normal 0 0 -1
    outer loop
      vertex 7.08496 0.586823 -1.4
      vertex 7.00064 0.601669 -1.4
      vertex 7.08802 0.639847 -1.4
    endloop
  endfacet
  facet normal 0 0 -1
    outer loop
      vertex 6.9793 0.637054 -1.4
      vertex 7.08802 0.639847 -1.4
      vertex 7.00064 0.601669 -1.4
    endloop
  endfacet
  facet normal -0 0 -1
    outer loop
      vertex 7.08802 0.639847 -1.4
      vertex 6.9793 0.637054 -1.4
      vertex 7.09076 0.68103 -1.4
    endloop
  endfacet
  facet normal 0 0 -1
    outer loop
      vertex 6.95772 0.665085 -1.4
      vertex 7.09076 0.68103 -1.4
      vertex 6.9793 0.637054 -1.4
    endloop
  endfacet
  facet normal -0 0 -1
    outer loop
      vertex 7.09076 0.68103 -1.4
      vertex 6.95772 0.665085 -1.4
      vertex 7.09317 0.710388 -1.4
    endloop
  endfacet
  facet normal -0 0 -1
    outer loop
      vertex 7.09317 0.710388 -1.4
      vertex 6.95772 0.665085 -1.4
      vertex 7.09528 0.72789 -1.4
    endloop
  endfacet
  facet normal 0 0 -1
    outer loop
      vertex 6.93421 0.68924 -1.4
      vertex 7.09528 0.72789 -1.4
      vertex 6.95772 0.665085 -1.4
    endloop
  endfacet
  facet normal 0 0 -1
    outer loop
      vertex 6.90877 0.709534 -1.4
      vertex 7.09528 0.72789 -1.4
      vertex 6.93421 0.68924 -1.4
    endloop
  endfacet
  facet normal 0 0 -1
    outer loop
      vertex 6.8814 0.725952 -1.4
      vertex 7.09528 0.72789 -1.4
      vertex 6.90877 0.709534 -1.4
    endloop
  endfacet
  facet normal 0 0 -1
    outer loop
      vertex 6.85128 0.738632 -1.4
      vertex 7.09528 0.72789 -1.4
      vertex 6.8814 0.725952 -1.4
    endloop
  endfacet
  facet normal 0 0 -1
    outer loop
      vertex 6.81761 0.747696 -1.4
      vertex 7.09528 0.72789 -1.4
      vertex 6.85128 0.738632 -1.4
    endloop
  endfacet
  facet normal 0 0 -1
    outer loop
      vertex 6.78041 0.753143 -1.4
      vertex 7.09528 0.72789 -1.4
      vertex 6.81761 0.747696 -1.4
    endloop
  endfacet
  facet normal -0 0 -1
    outer loop
      vertex 8.30817 0.753662 -1.4
      vertex 6.78041 0.753143 -1.4
      vertex 12.2248 1.24585 -1.4
    endloop
  endfacet
  facet normal 0 0 -1
    outer loop
      vertex 6.73966 0.754944 -1.4
      vertex 12.2248 1.24585 -1.4
      vertex 6.78041 0.753143 -1.4
    endloop
  endfacet
  facet normal 0 0 -1
    outer loop
      vertex 5.87207 0.753662 -1.4
      vertex 6.73966 0.754944 -1.4
      vertex 6.70656 0.753738 -1.4
    endloop
  endfacet
  facet normal 0 0 -1
    outer loop
      vertex 6.71002 0.447327 -1.4
      vertex 6.45496 -0.00521851 -1.4
      vertex 6.67009 0.441299 -1.4
    endloop
  endfacet
  facet normal 0 0 -1
    outer loop
      vertex 6.67009 0.441299 -1.4
      vertex 6.45496 -0.00521851 -1.4
      vertex 6.62758 0.432846 -1.4
    endloop
  endfacet
  facet normal 0 0 -1
    outer loop
      vertex 6.44651 0.435699 -1.4
      vertex 6.62758 0.432846 -1.4
      vertex 6.47118 0.340088 -1.4
    endloop
  endfacet
  facet normal 0 0 -1
    outer loop
      vertex 6.40724 0.519012 -1.4
      vertex 6.62758 0.432846 -1.4
      vertex 6.44651 0.435699 -1.4
    endloop
  endfacet
  facet normal 0 0 -1
    outer loop
      vertex 6.62758 0.432846 -1.4
      vertex 6.40724 0.519012 -1.4
      vertex 6.62758 0.735626 -1.4
    endloop
  endfacet
  facet normal 0 0 -1
    outer loop
      vertex 6.35343 0.589981 -1.4
      vertex 6.62758 0.735626 -1.4
      vertex 6.40724 0.519012 -1.4
    endloop
  endfacet
  facet normal 0 0 -1
    outer loop
      vertex 6.28502 0.648636 -1.4
      vertex 6.62758 0.735626 -1.4
      vertex 6.35343 0.589981 -1.4
    endloop
  endfacet
  facet normal 0 0 -1
    outer loop
      vertex 6.20244 0.69458 -1.4
      vertex 6.62758 0.735626 -1.4
      vertex 6.28502 0.648636 -1.4
    endloop
  endfacet
  facet normal 0 0 -1
    outer loop
      vertex 6.10608 0.727402 -1.4
      vertex 6.62758 0.735626 -1.4
      vertex 6.20244 0.69458 -1.4
    endloop
  endfacet
  facet normal -0 0 -1
    outer loop
      vertex 6.62758 0.735626 -1.4
      vertex 6.10608 0.727402 -1.4
      vertex 6.65052 0.74408 -1.4
    endloop
  endfacet
  facet normal -0 0 -1
    outer loop
      vertex 6.65052 0.74408 -1.4
      vertex 6.10608 0.727402 -1.4
      vertex 6.67685 0.750122 -1.4
    endloop
  endfacet
  facet normal 0 0 -1
    outer loop
      vertex 5.99596 0.747086 -1.4
      vertex 6.67685 0.750122 -1.4
      vertex 6.10608 0.727402 -1.4
    endloop
  endfacet
  facet normal -0 0 -1
    outer loop
      vertex 6.67685 0.750122 -1.4
      vertex 5.99596 0.747086 -1.4
      vertex 6.70656 0.753738 -1.4
    endloop
  endfacet
  facet normal 0 0 -1
    outer loop
      vertex 5.87207 0.753662 -1.4
      vertex 6.70656 0.753738 -1.4
      vertex 5.99596 0.747086 -1.4
    endloop
  endfacet
  facet normal -0 0 -1
    outer loop
      vertex 6.73966 0.754944 -1.4
      vertex 5.87207 0.753662 -1.4
      vertex 0 1.5 -1.4
    endloop
  endfacet
  facet normal 0 0 -1
    outer loop
      vertex 4.18631 0.757538 -1.4
      vertex 5.87207 0.753662 -1.4
      vertex 5.74758 0.745529 -1.4
    endloop
  endfacet
  facet normal 0 0 -1
    outer loop
      vertex 5.16664 -0.458099 -1.4
      vertex 5.32025 -0.307953 -1.4
      vertex 5.31531 -0.352936 -1.4
    endloop
  endfacet
  facet normal 0 0 -1
    outer loop
      vertex 5.18677 -0.459549 -1.4
      vertex 5.31531 -0.352936 -1.4
      vertex 5.30706 -0.388809 -1.4
    endloop
  endfacet
  facet normal 0 0 -1
    outer loop
      vertex 5.23593 -0.457245 -1.4
      vertex 5.30706 -0.388809 -1.4
      vertex 5.2955 -0.415588 -1.4
    endloop
  endfacet
  facet normal 0 0 -1
    outer loop
      vertex 5.26021 -0.448914 -1.4
      vertex 5.2955 -0.415588 -1.4
      vertex 5.28008 -0.435028 -1.4
    endloop
  endfacet
  facet normal 0 0 -1
    outer loop
      vertex 5.2955 -0.415588 -1.4
      vertex 5.26021 -0.448914 -1.4
      vertex 5.23593 -0.457245 -1.4
    endloop
  endfacet
  facet normal -0 0 -1
    outer loop
      vertex 5.32192 -0.253876 -1.4
      vertex 5.12735 -0.452301 -1.4
      vertex 5.32192 0.253754 -1.4
    endloop
  endfacet
  facet normal 0 0 -1
    outer loop
      vertex 5.30706 -0.388809 -1.4
      vertex 5.23593 -0.457245 -1.4
      vertex 5.20723 -0.460037 -1.4
    endloop
  endfacet
  facet normal 0 0 -1
    outer loop
      vertex 5.30706 -0.388809 -1.4
      vertex 5.20723 -0.460037 -1.4
      vertex 5.18677 -0.459549 -1.4
    endloop
  endfacet
  facet normal 0 0 -1
    outer loop
      vertex 5.31531 -0.352936 -1.4
      vertex 5.18677 -0.459549 -1.4
      vertex 5.16664 -0.458099 -1.4
    endloop
  endfacet
  facet normal 0 0 -1
    outer loop
      vertex 5.32025 -0.307953 -1.4
      vertex 5.16664 -0.458099 -1.4
      vertex 5.14684 -0.455673 -1.4
    endloop
  endfacet
  facet normal 0 0 -1
    outer loop
      vertex 5.32025 -0.307953 -1.4
      vertex 5.14684 -0.455673 -1.4
      vertex 5.12735 -0.452301 -1.4
    endloop
  endfacet
  facet normal 0 0 -1
    outer loop
      vertex 5.00446 0.72789 -1.4
      vertex 5.32192 0.253754 -1.4
      vertex 5.12735 -0.452301 -1.4
    endloop
  endfacet
  facet normal 0 0 -1
    outer loop
      vertex 5.32192 0.253754 -1.4
      vertex 5.00446 0.72789 -1.4
      vertex 5.33084 0.36673 -1.4
    endloop
  endfacet
  facet normal 0 0 -1
    outer loop
      vertex 5.00446 0.72789 -1.4
      vertex 5.35767 0.466019 -1.4
      vertex 5.33084 0.36673 -1.4
    endloop
  endfacet
  facet normal 0 0 -1
    outer loop
      vertex 5.00446 0.72789 -1.4
      vertex 5.40236 0.55162 -1.4
      vertex 5.35767 0.466019 -1.4
    endloop
  endfacet
  facet normal 0 0 -1
    outer loop
      vertex 5.00446 0.72789 -1.4
      vertex 5.46492 0.62352 -1.4
      vertex 5.40236 0.55162 -1.4
    endloop
  endfacet
  facet normal 0 0 -1
    outer loop
      vertex 5.00446 0.72789 -1.4
      vertex 5.54399 0.68045 -1.4
      vertex 5.46492 0.62352 -1.4
    endloop
  endfacet
  facet normal 0 0 -1
    outer loop
      vertex 5.00446 0.72789 -1.4
      vertex 5.63822 0.72113 -1.4
      vertex 5.54399 0.68045 -1.4
    endloop
  endfacet
  facet normal 0 0 -1
    outer loop
      vertex 5.00446 0.72789 -1.4
      vertex 5.74758 0.745529 -1.4
      vertex 5.63822 0.72113 -1.4
    endloop
  endfacet
  facet normal 0 0 -1
    outer loop
      vertex 4.18631 0.757538 -1.4
      vertex 5.74758 0.745529 -1.4
      vertex 5.00446 0.72789 -1.4
    endloop
  endfacet
  facet normal 0 0 -1
    outer loop
      vertex 4.18631 0.757538 -1.4
      vertex 5.00446 0.72789 -1.4
      vertex 4.65271 0.72789 -1.4
    endloop
  endfacet
  facet normal 0 0 -1
    outer loop
      vertex 4.6321 0.501129 -1.4
      vertex 4.63755 0.534698 -1.4
      vertex 4.63727 0.501129 -1.4
    endloop
  endfacet
  facet normal 0 0 -1
    outer loop
      vertex 4.55834 0.613297 -1.4
      vertex 4.63755 0.534698 -1.4
      vertex 4.6321 0.501129 -1.4
    endloop
  endfacet
  facet normal 0 0 -1
    outer loop
      vertex 4.63755 0.534698 -1.4
      vertex 4.55834 0.613297 -1.4
      vertex 4.6384 0.568451 -1.4
    endloop
  endfacet
  facet normal 0 0 -1
    outer loop
      vertex 4.6384 0.568451 -1.4
      vertex 4.55834 0.613297 -1.4
      vertex 4.6398 0.602341 -1.4
    endloop
  endfacet
  facet normal 0 0 -1
    outer loop
      vertex 4.6398 0.602341 -1.4
      vertex 4.55834 0.613297 -1.4
      vertex 4.64177 0.636414 -1.4
    endloop
  endfacet
  facet normal 0 0 -1
    outer loop
      vertex 4.55834 0.613297 -1.4
      vertex 4.64415 0.66774 -1.4
      vertex 4.64177 0.636414 -1.4
    endloop
  endfacet
  facet normal 0 0 -1
    outer loop
      vertex 4.55834 0.613297 -1.4
      vertex 4.64676 0.693436 -1.4
      vertex 4.64415 0.66774 -1.4
    endloop
  endfacet
  facet normal 0 0 -1
    outer loop
      vertex 4.45946 0.693436 -1.4
      vertex 4.64676 0.693436 -1.4
      vertex 4.55834 0.613297 -1.4
    endloop
  endfacet
  facet normal 0 0 -1
    outer loop
      vertex 4.64676 0.693436 -1.4
      vertex 4.45946 0.693436 -1.4
      vertex 4.64962 0.713486 -1.4
    endloop
  endfacet
  facet normal -0 0 -1
    outer loop
      vertex 4.64962 0.713486 -1.4
      vertex 4.45946 0.693436 -1.4
      vertex 4.65271 0.72789 -1.4
    endloop
  endfacet
  facet normal 0 0 -1
    outer loop
      vertex 4.33544 0.741501 -1.4
      vertex 4.65271 0.72789 -1.4
      vertex 4.45946 0.693436 -1.4
    endloop
  endfacet
  facet normal 0 0 -1
    outer loop
      vertex 4.18631 0.757538 -1.4
      vertex 4.65271 0.72789 -1.4
      vertex 4.33544 0.741501 -1.4
    endloop
  endfacet
  facet normal 0 0 -1
    outer loop
      vertex 5.87207 0.753662 -1.4
      vertex 4.18631 0.757538 -1.4
      vertex 1.83087 1.05516 -1.4
    endloop
  endfacet
  facet normal 0 0 -1
    outer loop
      vertex 3.50118 0.0372925 -1.4
      vertex 3.68318 0.200073 -1.4
      vertex 3.67481 0.0372925 -1.4
    endloop
  endfacet
  facet normal 0 0 -1
    outer loop
      vertex 3.49047 0.199951 -1.4
      vertex 3.68318 0.200073 -1.4
      vertex 3.50118 0.0372925 -1.4
    endloop
  endfacet
  facet normal -0 0 -1
    outer loop
      vertex 3.68318 0.200073 -1.4
      vertex 3.49047 0.199951 -1.4
      vertex 3.70832 0.34314 -1.4
    endloop
  endfacet
  facet normal 0 0 -1
    outer loop
      vertex 3.45833 0.342651 -1.4
      vertex 3.70832 0.34314 -1.4
      vertex 3.49047 0.199951 -1.4
    endloop
  endfacet
  facet normal -0 0 -1
    outer loop
      vertex 3.70832 0.34314 -1.4
      vertex 3.45833 0.342651 -1.4
      vertex 3.75019 0.466461 -1.4
    endloop
  endfacet
  facet normal 0 0 -1
    outer loop
      vertex 3.40479 0.465363 -1.4
      vertex 3.75019 0.466461 -1.4
      vertex 3.45833 0.342651 -1.4
    endloop
  endfacet
  facet normal -0 0 -1
    outer loop
      vertex 3.75019 0.466461 -1.4
      vertex 3.40479 0.465363 -1.4
      vertex 3.80881 0.570053 -1.4
    endloop
  endfacet
  facet normal 0 0 -1
    outer loop
      vertex 3.32981 0.568115 -1.4
      vertex 3.80881 0.570053 -1.4
      vertex 3.40479 0.465363 -1.4
    endloop
  endfacet
  facet normal -0 0 -1
    outer loop
      vertex 3.80881 0.570053 -1.4
      vertex 3.32981 0.568115 -1.4
      vertex 3.88265 0.652084 -1.4
    endloop
  endfacet
  facet normal 0 0 -1
    outer loop
      vertex 3.2352 0.649292 -1.4
      vertex 3.88265 0.652084 -1.4
      vertex 3.32981 0.568115 -1.4
    endloop
  endfacet
  facet normal -0 0 -1
    outer loop
      vertex 3.88265 0.652084 -1.4
      vertex 3.2352 0.649292 -1.4
      vertex 3.97019 0.710663 -1.4
    endloop
  endfacet
  facet normal 0 0 -1
    outer loop
      vertex 3.1227 0.707275 -1.4
      vertex 3.97019 0.710663 -1.4
      vertex 3.2352 0.649292 -1.4
    endloop
  endfacet
  facet normal -0 0 -1
    outer loop
      vertex 3.97019 0.710663 -1.4
      vertex 3.1227 0.707275 -1.4
      vertex 4.0714 0.745819 -1.4
    endloop
  endfacet
  facet normal 0 0 -1
    outer loop
      vertex 2.99233 0.742065 -1.4
      vertex 4.0714 0.745819 -1.4
      vertex 3.1227 0.707275 -1.4
    endloop
  endfacet
  facet normal 0 0 -1
    outer loop
      vertex 1.83087 1.05516 -1.4
      vertex 4.0714 0.745819 -1.4
      vertex 2.99233 0.742065 -1.4
    endloop
  endfacet
  facet normal 0 0 -1
    outer loop
      vertex 4.0714 0.745819 -1.4
      vertex 1.83087 1.05516 -1.4
      vertex 4.18631 0.757538 -1.4
    endloop
  endfacet
  facet normal 0 0 -1
    outer loop
      vertex 1.83087 1.05516 -1.4
      vertex 2.99233 0.742065 -1.4
      vertex 2.84407 0.753662 -1.4
    endloop
  endfacet
  facet normal 0 0 -1
    outer loop
      vertex 1.9623 0.483093 -1.4
      vertex 2.2368 0.151993 -1.4
      vertex 2.2269 -0.0284119 -1.4
    endloop
  endfacet
  facet normal 0 0 -1
    outer loop
      vertex 1.9623 0.483093 -1.4
      vertex 2.26653 0.309311 -1.4
      vertex 2.2368 0.151993 -1.4
    endloop
  endfacet
  facet normal 0 0 -1
    outer loop
      vertex 2.13883 0.483093 -1.4
      vertex 2.31604 0.443512 -1.4
      vertex 2.26653 0.309311 -1.4
    endloop
  endfacet
  facet normal 0 0 -1
    outer loop
      vertex 2.13883 0.483093 -1.4
      vertex 2.38538 0.554596 -1.4
      vertex 2.31604 0.443512 -1.4
    endloop
  endfacet
  facet normal 0 0 -1
    outer loop
      vertex 2.13883 0.72789 -1.4
      vertex 2.38538 0.554596 -1.4
      vertex 2.13883 0.483093 -1.4
    endloop
  endfacet
  facet normal 0 0 -1
    outer loop
      vertex 2.38538 0.554596 -1.4
      vertex 2.13883 0.72789 -1.4
      vertex 2.47348 0.641678 -1.4
    endloop
  endfacet
  facet normal 0 0 -1
    outer loop
      vertex 2.47348 0.641678 -1.4
      vertex 2.13883 0.72789 -1.4
      vertex 2.57929 0.703888 -1.4
    endloop
  endfacet
  facet normal 0 0 -1
    outer loop
      vertex 1.83087 1.05516 -1.4
      vertex 2.57929 0.703888 -1.4
      vertex 2.13883 0.72789 -1.4
    endloop
  endfacet
  facet normal 0 0 -1
    outer loop
      vertex 2.57929 0.703888 -1.4
      vertex 1.83087 1.05516 -1.4
      vertex 2.70282 0.741211 -1.4
    endloop
  endfacet
  facet normal 0 0 -1
    outer loop
      vertex 2.70282 0.741211 -1.4
      vertex 1.83087 1.05516 -1.4
      vertex 2.84407 0.753662 -1.4
    endloop
  endfacet
  facet normal 0 0 -1
    outer loop
      vertex 1.83087 1.05516 -1.4
      vertex 2.13883 0.72789 -1.4
      vertex 1.94426 0.72789 -1.4
    endloop
  endfacet
  facet normal 0 0 -1
    outer loop
      vertex 5.87207 0.753662 -1.4
      vertex 1.83087 1.05516 -1.4
      vertex 0 1.5 -1.4
    endloop
  endfacet
  facet normal 0 0 -1
    outer loop
      vertex 6.73966 0.754944 -1.4
      vertex 0 1.5 -1.4
      vertex 12.2248 1.24585 -1.4
    endloop
  endfacet
  facet normal 0 0 -1
    outer loop
      vertex 0 1.5 -1.4
      vertex 1.83087 1.05516 -1.4
      vertex 1.60411 1.05516 -1.4
    endloop
  endfacet
  facet normal 0 0 -1
    outer loop
      vertex 0 1.5 -1.4
      vertex 1.32453 -0.421387 -1.4
      vertex 0 -1.5 -1.4
    endloop
  endfacet
  facet normal 0 0 -1
    outer loop
      vertex 12.2248 1.24585 -1.4
      vertex 0 1.5 -1.4
      vertex 25.4 1.5 -1.4
    endloop
  endfacet
  facet normal 0 0 -1
    outer loop
      vertex 1.33998 0.72789 -1.4
      vertex 0 1.5 -1.4
      vertex 1.60411 1.05516 -1.4
    endloop
  endfacet
  facet normal 0 0 -1
    outer loop
      vertex 1.33998 0.483093 -1.4
      vertex 0 1.5 -1.4
      vertex 1.33998 0.72789 -1.4
    endloop
  endfacet
  facet normal -0 0 -1
    outer loop
      vertex 20.4673 -0.296402 -1.4
      vertex 19.6414 -0.666183 -1.4
      vertex 19.6414 -0.296402 -1.4
    endloop
  endfacet
  facet normal 0 0 -1
    outer loop
      vertex 2.58631 0.267166 -1.4
      vertex 3.11251 0.263489 -1.4
      vertex 3.11852 0.188049 -1.4
    endloop
  endfacet
  facet normal 0 0 -1
    outer loop
      vertex 3.11251 0.263489 -1.4
      vertex 2.58631 0.267166 -1.4
      vertex 3.09838 0.330078 -1.4
    endloop
  endfacet
  facet normal 0 -0 -1
    outer loop
      vertex 2.60282 0.335724 -1.4
      vertex 3.09838 0.330078 -1.4
      vertex 2.58631 0.267166 -1.4
    endloop
  endfacet
  facet normal 0 -0 -1
    outer loop
      vertex 2.62689 0.393753 -1.4
      vertex 3.07611 0.387817 -1.4
      vertex 2.60282 0.335724 -1.4
    endloop
  endfacet
  facet normal -0 -0 -1
    outer loop
      vertex 2.90934 0.520065 -1.4
      vertex 3.07611 0.387817 -1.4
      vertex 2.84923 0.52562 -1.4
    endloop
  endfacet
  facet normal 0 0 -1
    outer loop
      vertex 3.0457 0.436691 -1.4
      vertex 2.90934 0.520065 -1.4
      vertex 3.00757 0.475601 -1.4
    endloop
  endfacet
  facet normal 0 0 -1
    outer loop
      vertex 3.00757 0.475601 -1.4
      vertex 2.90934 0.520065 -1.4
      vertex 2.96212 0.503387 -1.4
    endloop
  endfacet
  facet normal 0 0 -1
    outer loop
      vertex 3.07611 0.387817 -1.4
      vertex 2.90934 0.520065 -1.4
      vertex 3.0457 0.436691 -1.4
    endloop
  endfacet
  facet normal 0 0 -1
    outer loop
      vertex 2.84923 0.52562 -1.4
      vertex 2.62689 0.393753 -1.4
      vertex 2.79238 0.52034 -1.4
    endloop
  endfacet
  facet normal 0 -0 -1
    outer loop
      vertex 2.65854 0.441223 -1.4
      vertex 2.79238 0.52034 -1.4
      vertex 2.62689 0.393753 -1.4
    endloop
  endfacet
  facet normal 0 0 -1
    outer loop
      vertex 2.79238 0.52034 -1.4
      vertex 2.65854 0.441223 -1.4
      vertex 2.74164 0.504517 -1.4
    endloop
  endfacet
  facet normal 0 0 -1
    outer loop
      vertex 2.74164 0.504517 -1.4
      vertex 2.65854 0.441223 -1.4
      vertex 2.69702 0.478149 -1.4
    endloop
  endfacet
  facet normal 0 0 -1
    outer loop
      vertex 3.07611 0.387817 -1.4
      vertex 2.62689 0.393753 -1.4
      vertex 2.84923 0.52562 -1.4
    endloop
  endfacet
  facet normal 0 0 -1
    outer loop
      vertex 3.09838 0.330078 -1.4
      vertex 2.60282 0.335724 -1.4
      vertex 3.07611 0.387817 -1.4
    endloop
  endfacet
  facet normal 0 -0 -1
    outer loop
      vertex 2.58631 0.267166 -1.4
      vertex 3.11852 0.188049 -1.4
      vertex 2.57735 0.188049 -1.4
    endloop
  endfacet
  facet normal 0 0 -1
    outer loop
      vertex 4.05233 0.0372925 -1.4
      vertex 4.63727 0.0269775 -1.4
      vertex 4.63248 -0.0793304 -1.4
    endloop
  endfacet
  facet normal 0 0 -1
    outer loop
      vertex 4.07044 -0.173508 -1.4
      vertex 4.63248 -0.0793304 -1.4
      vertex 4.61811 -0.172867 -1.4
    endloop
  endfacet
  facet normal 0 0 -1
    outer loop
      vertex 4.63727 0.0269775 -1.4
      vertex 4.05233 0.0372925 -1.4
      vertex 4.63248 0.134079 -1.4
    endloop
  endfacet
  facet normal 0 0 -1
    outer loop
      vertex 4.07044 -0.173508 -1.4
      vertex 4.61811 -0.172867 -1.4
      vertex 4.59415 -0.253601 -1.4
    endloop
  endfacet
  facet normal 0 -0 -1
    outer loop
      vertex 4.07027 0.242477 -1.4
      vertex 4.63248 0.134079 -1.4
      vertex 4.05233 0.0372925 -1.4
    endloop
  endfacet
  facet normal 0 0 -1
    outer loop
      vertex 4.12479 -0.324097 -1.4
      vertex 4.59415 -0.253601 -1.4
      vertex 4.56061 -0.321518 -1.4
    endloop
  endfacet
  facet normal 0 0 -1
    outer loop
      vertex 4.63248 0.134079 -1.4
      vertex 4.07027 0.242477 -1.4
      vertex 4.61811 0.228622 -1.4
    endloop
  endfacet
  facet normal 0 0 -1
    outer loop
      vertex 4.34223 -0.444565 -1.4
      vertex 4.56061 -0.321518 -1.4
      vertex 4.51821 -0.375351 -1.4
    endloop
  endfacet
  facet normal 0 0 -1
    outer loop
      vertex 4.61811 0.228622 -1.4
      vertex 4.07027 0.242477 -1.4
      vertex 4.59415 0.310593 -1.4
    endloop
  endfacet
  facet normal 0 0 -1
    outer loop
      vertex 4.40901 -0.436874 -1.4
      vertex 4.51821 -0.375351 -1.4
      vertex 4.46768 -0.413803 -1.4
    endloop
  endfacet
  facet normal 0 -0 -1
    outer loop
      vertex 4.12415 0.389038 -1.4
      vertex 4.59415 0.310593 -1.4
      vertex 4.07027 0.242477 -1.4
    endloop
  endfacet
  facet normal 0 0 -1
    outer loop
      vertex 4.34223 -0.444565 -1.4
      vertex 4.51821 -0.375351 -1.4
      vertex 4.40901 -0.436874 -1.4
    endloop
  endfacet
  facet normal 0 0 -1
    outer loop
      vertex 4.59415 0.310593 -1.4
      vertex 4.12415 0.389038 -1.4
      vertex 4.56061 0.380005 -1.4
    endloop
  endfacet
  facet normal 0 0 -1
    outer loop
      vertex 4.56061 -0.321518 -1.4
      vertex 4.34223 -0.444565 -1.4
      vertex 4.12479 -0.324097 -1.4
    endloop
  endfacet
  facet normal 0 -0 -1
    outer loop
      vertex 4.33963 0.506271 -1.4
      vertex 4.56061 0.380005 -1.4
      vertex 4.12415 0.389038 -1.4
    endloop
  endfacet
  facet normal 0 0 -1
    outer loop
      vertex 4.12479 -0.324097 -1.4
      vertex 4.34223 -0.444565 -1.4
      vertex 4.21538 -0.414444 -1.4
    endloop
  endfacet
  facet normal 0 0 -1
    outer loop
      vertex 4.56061 0.380005 -1.4
      vertex 4.33963 0.506271 -1.4
      vertex 4.51804 0.435242 -1.4
    endloop
  endfacet
  facet normal -0 0 -1
    outer loop
      vertex 4.59415 -0.253601 -1.4
      vertex 4.12479 -0.324097 -1.4
      vertex 4.07044 -0.173508 -1.4
    endloop
  endfacet
  facet normal 0 0 -1
    outer loop
      vertex 4.51804 0.435242 -1.4
      vertex 4.40757 0.498383 -1.4
      vertex 4.46703 0.474701 -1.4
    endloop
  endfacet
  facet normal -0 0 -1
    outer loop
      vertex 4.63248 -0.0793304 -1.4
      vertex 4.07044 -0.173508 -1.4
      vertex 4.05233 0.0372925 -1.4
    endloop
  endfacet
  facet normal 0 0 -1
    outer loop
      vertex 4.51804 0.435242 -1.4
      vertex 4.33963 0.506271 -1.4
      vertex 4.40757 0.498383 -1.4
    endloop
  endfacet
  facet normal 0 0 -1
    outer loop
      vertex 4.33963 0.506271 -1.4
      vertex 4.12415 0.389038 -1.4
      vertex 4.21393 0.476959 -1.4
    endloop
  endfacet
  facet normal 0 0 -1
    outer loop
      vertex 5.94773 -0.436523 -1.4
      vertex 6.1568 -0.243561 -1.4
      vertex 6.15395 -0.289993 -1.4
    endloop
  endfacet
  facet normal 0 0 -1
    outer loop
      vertex 5.87009 -0.41333 -1.4
      vertex 6.1568 -0.243561 -1.4
      vertex 5.90798 -0.427826 -1.4
    endloop
  endfacet
  facet normal 0 0 -1
    outer loop
      vertex 5.98932 -0.439407 -1.4
      vertex 6.15395 -0.289993 -1.4
      vertex 6.14537 -0.330063 -1.4
    endloop
  endfacet
  facet normal 0 0 -1
    outer loop
      vertex 6.1568 -0.243561 -1.4
      vertex 5.94773 -0.436523 -1.4
      vertex 5.90798 -0.427826 -1.4
    endloop
  endfacet
  facet normal 0 0 -1
    outer loop
      vertex 6.02544 -0.436401 -1.4
      vertex 6.14537 -0.330063 -1.4
      vertex 6.13108 -0.363754 -1.4
    endloop
  endfacet
  facet normal -0 0 -1
    outer loop
      vertex 6.1568 -0.243561 -1.4
      vertex 5.87009 -0.41333 -1.4
      vertex 6.15508 -0.206848 -1.4
    endloop
  endfacet
  facet normal 0 -0 -1
    outer loop
      vertex 5.9774 -0.0327606 -1.4
      vertex 6.15508 -0.206848 -1.4
      vertex 5.87009 -0.41333 -1.4
    endloop
  endfacet
  facet normal 0 0 -1
    outer loop
      vertex 6.02544 -0.436401 -1.4
      vertex 6.13108 -0.363754 -1.4
      vertex 6.11107 -0.391098 -1.4
    endloop
  endfacet
  facet normal 0 0 -1
    outer loop
      vertex 6.15395 -0.289993 -1.4
      vertex 5.98932 -0.439407 -1.4
      vertex 5.94773 -0.436523 -1.4
    endloop
  endfacet
  facet normal 0 0 -1
    outer loop
      vertex 6.02544 -0.436401 -1.4
      vertex 6.11107 -0.391098 -1.4
      vertex 6.08631 -0.412231 -1.4
    endloop
  endfacet
  facet normal -0 -0 -1
    outer loop
      vertex 6.04859 -0.0509644 -1.4
      vertex 6.14989 -0.173996 -1.4
      vertex 6.01758 -0.0407715 -1.4
    endloop
  endfacet
  facet normal 0 0 -1
    outer loop
      vertex 6.02544 -0.436401 -1.4
      vertex 6.08631 -0.412231 -1.4
      vertex 6.05776 -0.427338 -1.4
    endloop
  endfacet
  facet normal 0 0 -1
    outer loop
      vertex 6.14989 -0.173996 -1.4
      vertex 6.04859 -0.0509644 -1.4
      vertex 6.14122 -0.14502 -1.4
    endloop
  endfacet
  facet normal 0 0 -1
    outer loop
      vertex 6.14537 -0.330063 -1.4
      vertex 6.02544 -0.436401 -1.4
      vertex 5.98932 -0.439407 -1.4
    endloop
  endfacet
  facet normal 0 0 -1
    outer loop
      vertex 6.14122 -0.14502 -1.4
      vertex 6.04859 -0.0509644 -1.4
      vertex 6.12911 -0.119888 -1.4
    endloop
  endfacet
  facet normal 0 0 -1
    outer loop
      vertex 6.09513 -0.0794525 -1.4
      vertex 6.04859 -0.0509644 -1.4
      vertex 6.07343 -0.0637207 -1.4
    endloop
  endfacet
  facet normal 0 0 -1
    outer loop
      vertex 6.11368 -0.0981903 -1.4
      vertex 6.04859 -0.0509644 -1.4
      vertex 6.09513 -0.0794525 -1.4
    endloop
  endfacet
  facet normal 0 0 -1
    outer loop
      vertex 6.12911 -0.119888 -1.4
      vertex 6.04859 -0.0509644 -1.4
      vertex 6.11368 -0.0981903 -1.4
    endloop
  endfacet
  facet normal 0 0 -1
    outer loop
      vertex 6.15508 -0.206848 -1.4
      vertex 6.01758 -0.0407715 -1.4
      vertex 6.14989 -0.173996 -1.4
    endloop
  endfacet
  facet normal 0 0 -1
    outer loop
      vertex 6.15508 -0.206848 -1.4
      vertex 5.9774 -0.0327606 -1.4
      vertex 6.01758 -0.0407715 -1.4
    endloop
  endfacet
  facet normal 0 0 -1
    outer loop
      vertex 5.83405 -0.393036 -1.4
      vertex 5.9774 -0.0327606 -1.4
      vertex 5.87009 -0.41333 -1.4
    endloop
  endfacet
  facet normal 0 0 -1
    outer loop
      vertex 5.80083 -0.36763 -1.4
      vertex 5.9774 -0.0327606 -1.4
      vertex 5.83405 -0.393036 -1.4
    endloop
  endfacet
  facet normal -0 0 -1
    outer loop
      vertex 5.9774 -0.0327606 -1.4
      vertex 5.80083 -0.36763 -1.4
      vertex 5.92804 -0.0269165 -1.4
    endloop
  endfacet
  facet normal 0 0 -1
    outer loop
      vertex 5.7714 -0.337784 -1.4
      vertex 5.92804 -0.0269165 -1.4
      vertex 5.80083 -0.36763 -1.4
    endloop
  endfacet
  facet normal 0 0 -1
    outer loop
      vertex 5.74576 -0.303513 -1.4
      vertex 5.92804 -0.0269165 -1.4
      vertex 5.7714 -0.337784 -1.4
    endloop
  endfacet
  facet normal -0 0 -1
    outer loop
      vertex 5.92804 -0.0269165 -1.4
      vertex 5.74576 -0.303513 -1.4
      vertex 5.86949 -0.0232544 -1.4
    endloop
  endfacet
  facet normal 0 0 -1
    outer loop
      vertex 5.7239 -0.264816 -1.4
      vertex 5.86949 -0.0232544 -1.4
      vertex 5.74576 -0.303513 -1.4
    endloop
  endfacet
  facet normal 0 0 -1
    outer loop
      vertex 5.70642 -0.223312 -1.4
      vertex 5.86949 -0.0232544 -1.4
      vertex 5.7239 -0.264816 -1.4
    endloop
  endfacet
  facet normal 0 0 -1
    outer loop
      vertex 5.69394 -0.180603 -1.4
      vertex 5.86949 -0.0232544 -1.4
      vertex 5.70642 -0.223312 -1.4
    endloop
  endfacet
  facet normal 0 0 -1
    outer loop
      vertex 5.68645 -0.136673 -1.4
      vertex 5.86949 -0.0232544 -1.4
      vertex 5.69394 -0.180603 -1.4
    endloop
  endfacet
  facet normal 0 0 -1
    outer loop
      vertex 5.68395 -0.0915375 -1.4
      vertex 5.86949 -0.0232544 -1.4
      vertex 5.68645 -0.136673 -1.4
    endloop
  endfacet
  facet normal -0 0 -1
    outer loop
      vertex 5.86949 -0.0232544 -1.4
      vertex 5.68395 -0.0915375 -1.4
      vertex 5.68395 -0.0206757 -1.4
    endloop
  endfacet
  facet normal 0 0 -1
    outer loop
      vertex 8.38382 -0.436523 -1.4
      vertex 8.59291 -0.243561 -1.4
      vertex 8.59004 -0.289993 -1.4
    endloop
  endfacet
  facet normal 0 0 -1
    outer loop
      vertex 8.3062 -0.41333 -1.4
      vertex 8.59291 -0.243561 -1.4
      vertex 8.34409 -0.427826 -1.4
    endloop
  endfacet
  facet normal 0 0 -1
    outer loop
      vertex 8.42542 -0.439407 -1.4
      vertex 8.59004 -0.289993 -1.4
      vertex 8.58147 -0.330063 -1.4
    endloop
  endfacet
  facet normal 0 0 -1
    outer loop
      vertex 8.59291 -0.243561 -1.4
      vertex 8.38382 -0.436523 -1.4
      vertex 8.34409 -0.427826 -1.4
    endloop
  endfacet
  facet normal 0 0 -1
    outer loop
      vertex 8.46154 -0.436401 -1.4
      vertex 8.58147 -0.330063 -1.4
      vertex 8.56719 -0.363754 -1.4
    endloop
  endfacet
  facet normal -0 0 -1
    outer loop
      vertex 8.59291 -0.243561 -1.4
      vertex 8.3062 -0.41333 -1.4
      vertex 8.59117 -0.206848 -1.4
    endloop
  endfacet
  facet normal 0 -0 -1
    outer loop
      vertex 8.4135 -0.0327606 -1.4
      vertex 8.59117 -0.206848 -1.4
      vertex 8.3062 -0.41333 -1.4
    endloop
  endfacet
  facet normal 0 0 -1
    outer loop
      vertex 8.46154 -0.436401 -1.4
      vertex 8.56719 -0.363754 -1.4
      vertex 8.54718 -0.391098 -1.4
    endloop
  endfacet
  facet normal 0 0 -1
    outer loop
      vertex 8.59004 -0.289993 -1.4
      vertex 8.42542 -0.439407 -1.4
      vertex 8.38382 -0.436523 -1.4
    endloop
  endfacet
  facet normal 0 0 -1
    outer loop
      vertex 8.46154 -0.436401 -1.4
      vertex 8.54718 -0.391098 -1.4
      vertex 8.5224 -0.412231 -1.4
    endloop
  endfacet
  facet normal -0 -0 -1
    outer loop
      vertex 8.48468 -0.0509644 -1.4
      vertex 8.58599 -0.173996 -1.4
      vertex 8.45368 -0.0407715 -1.4
    endloop
  endfacet
  facet normal 0 0 -1
    outer loop
      vertex 8.46154 -0.436401 -1.4
      vertex 8.5224 -0.412231 -1.4
      vertex 8.49387 -0.427338 -1.4
    endloop
  endfacet
  facet normal 0 0 -1
    outer loop
      vertex 8.58599 -0.173996 -1.4
      vertex 8.48468 -0.0509644 -1.4
      vertex 8.57732 -0.14502 -1.4
    endloop
  endfacet
  facet normal 0 0 -1
    outer loop
      vertex 8.58147 -0.330063 -1.4
      vertex 8.46154 -0.436401 -1.4
      vertex 8.42542 -0.439407 -1.4
    endloop
  endfacet
  facet normal 0 0 -1
    outer loop
      vertex 8.57732 -0.14502 -1.4
      vertex 8.48468 -0.0509644 -1.4
      vertex 8.5652 -0.119888 -1.4
    endloop
  endfacet
  facet normal 0 0 -1
    outer loop
      vertex 8.53122 -0.0794525 -1.4
      vertex 8.48468 -0.0509644 -1.4
      vertex 8.50952 -0.0637207 -1.4
    endloop
  endfacet
  facet normal 0 0 -1
    outer loop
      vertex 8.54979 -0.0981903 -1.4
      vertex 8.48468 -0.0509644 -1.4
      vertex 8.53122 -0.0794525 -1.4
    endloop
  endfacet
  facet normal 0 0 -1
    outer loop
      vertex 8.5652 -0.119888 -1.4
      vertex 8.48468 -0.0509644 -1.4
      vertex 8.54979 -0.0981903 -1.4
    endloop
  endfacet
  facet normal 0 0 -1
    outer loop
      vertex 8.59117 -0.206848 -1.4
      vertex 8.45368 -0.0407715 -1.4
      vertex 8.58599 -0.173996 -1.4
    endloop
  endfacet
  facet normal 0 0 -1
    outer loop
      vertex 8.59117 -0.206848 -1.4
      vertex 8.4135 -0.0327606 -1.4
      vertex 8.45368 -0.0407715 -1.4
    endloop
  endfacet
  facet normal 0 0 -1
    outer loop
      vertex 8.27016 -0.393036 -1.4
      vertex 8.4135 -0.0327606 -1.4
      vertex 8.3062 -0.41333 -1.4
    endloop
  endfacet
  facet normal 0 0 -1
    outer loop
      vertex 8.23694 -0.36763 -1.4
      vertex 8.4135 -0.0327606 -1.4
      vertex 8.27016 -0.393036 -1.4
    endloop
  endfacet
  facet normal -0 0 -1
    outer loop
      vertex 8.4135 -0.0327606 -1.4
      vertex 8.23694 -0.36763 -1.4
      vertex 8.36414 -0.0269165 -1.4
    endloop
  endfacet
  facet normal 0 0 -1
    outer loop
      vertex 8.20751 -0.337784 -1.4
      vertex 8.36414 -0.0269165 -1.4
      vertex 8.23694 -0.36763 -1.4
    endloop
  endfacet
  facet normal 0 0 -1
    outer loop
      vertex 8.18186 -0.303513 -1.4
      vertex 8.36414 -0.0269165 -1.4
      vertex 8.20751 -0.337784 -1.4
    endloop
  endfacet
  facet normal -0 0 -1
    outer loop
      vertex 8.36414 -0.0269165 -1.4
      vertex 8.18186 -0.303513 -1.4
      vertex 8.30559 -0.0232544 -1.4
    endloop
  endfacet
  facet normal 0 0 -1
    outer loop
      vertex 8.15999 -0.264816 -1.4
      vertex 8.30559 -0.0232544 -1.4
      vertex 8.18186 -0.303513 -1.4
    endloop
  endfacet
  facet normal 0 0 -1
    outer loop
      vertex 8.14252 -0.223312 -1.4
      vertex 8.30559 -0.0232544 -1.4
      vertex 8.15999 -0.264816 -1.4
    endloop
  endfacet
  facet normal 0 0 -1
    outer loop
      vertex 8.13004 -0.180603 -1.4
      vertex 8.30559 -0.0232544 -1.4
      vertex 8.14252 -0.223312 -1.4
    endloop
  endfacet
  facet normal 0 0 -1
    outer loop
      vertex 8.12255 -0.136673 -1.4
      vertex 8.30559 -0.0232544 -1.4
      vertex 8.13004 -0.180603 -1.4
    endloop
  endfacet
  facet normal 0 0 -1
    outer loop
      vertex 8.12006 -0.0915375 -1.4
      vertex 8.30559 -0.0232544 -1.4
      vertex 8.12255 -0.136673 -1.4
    endloop
  endfacet
  facet normal -0 0 -1
    outer loop
      vertex 8.30559 -0.0232544 -1.4
      vertex 8.12006 -0.0915375 -1.4
      vertex 8.12006 -0.0206757 -1.4
    endloop
  endfacet
  facet normal 0 0 -1
    outer loop
      vertex 9.49581 0.0372925 -1.4
      vertex 10.0808 0.0269775 -1.4
      vertex 10.076 -0.0793304 -1.4
    endloop
  endfacet
  facet normal 0 0 -1
    outer loop
      vertex 9.51392 -0.173508 -1.4
      vertex 10.076 -0.0793304 -1.4
      vertex 10.0616 -0.172867 -1.4
    endloop
  endfacet
  facet normal 0 0 -1
    outer loop
      vertex 10.0808 0.0269775 -1.4
      vertex 9.49581 0.0372925 -1.4
      vertex 10.076 0.134079 -1.4
    endloop
  endfacet
  facet normal 0 0 -1
    outer loop
      vertex 9.51392 -0.173508 -1.4
      vertex 10.0616 -0.172867 -1.4
      vertex 10.0376 -0.253601 -1.4
    endloop
  endfacet
  facet normal 0 -0 -1
    outer loop
      vertex 9.51375 0.242477 -1.4
      vertex 10.076 0.134079 -1.4
      vertex 9.49581 0.0372925 -1.4
    endloop
  endfacet
  facet normal 0 0 -1
    outer loop
      vertex 9.56827 -0.324097 -1.4
      vertex 10.0376 -0.253601 -1.4
      vertex 10.0041 -0.321518 -1.4
    endloop
  endfacet
  facet normal 0 0 -1
    outer loop
      vertex 10.076 0.134079 -1.4
      vertex 9.51375 0.242477 -1.4
      vertex 10.0616 0.228622 -1.4
    endloop
  endfacet
  facet normal 0 0 -1
    outer loop
      vertex 9.78571 -0.444565 -1.4
      vertex 10.0041 -0.321518 -1.4
      vertex 9.96169 -0.375351 -1.4
    endloop
  endfacet
  facet normal 0 0 -1
    outer loop
      vertex 10.0616 0.228622 -1.4
      vertex 9.51375 0.242477 -1.4
      vertex 10.0376 0.310593 -1.4
    endloop
  endfacet
  facet normal 0 0 -1
    outer loop
      vertex 9.8525 -0.436874 -1.4
      vertex 9.96169 -0.375351 -1.4
      vertex 9.91117 -0.413803 -1.4
    endloop
  endfacet
  facet normal 0 -0 -1
    outer loop
      vertex 9.56763 0.389038 -1.4
      vertex 10.0376 0.310593 -1.4
      vertex 9.51375 0.242477 -1.4
    endloop
  endfacet
  facet normal 0 0 -1
    outer loop
      vertex 9.78571 -0.444565 -1.4
      vertex 9.96169 -0.375351 -1.4
      vertex 9.8525 -0.436874 -1.4
    endloop
  endfacet
  facet normal 0 0 -1
    outer loop
      vertex 10.0376 0.310593 -1.4
      vertex 9.56763 0.389038 -1.4
      vertex 10.0041 0.380005 -1.4
    endloop
  endfacet
  facet normal 0 0 -1
    outer loop
      vertex 10.0041 -0.321518 -1.4
      vertex 9.78571 -0.444565 -1.4
      vertex 9.56827 -0.324097 -1.4
    endloop
  endfacet
  facet normal 0 -0 -1
    outer loop
      vertex 9.78311 0.506271 -1.4
      vertex 10.0041 0.380005 -1.4
      vertex 9.56763 0.389038 -1.4
    endloop
  endfacet
  facet normal 0 0 -1
    outer loop
      vertex 9.56827 -0.324097 -1.4
      vertex 9.78571 -0.444565 -1.4
      vertex 9.65886 -0.414444 -1.4
    endloop
  endfacet
  facet normal 0 0 -1
    outer loop
      vertex 10.0041 0.380005 -1.4
      vertex 9.78311 0.506271 -1.4
      vertex 9.96152 0.435242 -1.4
    endloop
  endfacet
  facet normal -0 0 -1
    outer loop
      vertex 10.0376 -0.253601 -1.4
      vertex 9.56827 -0.324097 -1.4
      vertex 9.51392 -0.173508 -1.4
    endloop
  endfacet
  facet normal 0 0 -1
    outer loop
      vertex 9.96152 0.435242 -1.4
      vertex 9.85105 0.498383 -1.4
      vertex 9.91051 0.474701 -1.4
    endloop
  endfacet
  facet normal -0 0 -1
    outer loop
      vertex 10.076 -0.0793304 -1.4
      vertex 9.51392 -0.173508 -1.4
      vertex 9.49581 0.0372925 -1.4
    endloop
  endfacet
  facet normal 0 0 -1
    outer loop
      vertex 9.96152 0.435242 -1.4
      vertex 9.78311 0.506271 -1.4
      vertex 9.85105 0.498383 -1.4
    endloop
  endfacet
  facet normal 0 0 -1
    outer loop
      vertex 9.78311 0.506271 -1.4
      vertex 9.56763 0.389038 -1.4
      vertex 9.65741 0.476959 -1.4
    endloop
  endfacet
  facet normal 0 0 -1
    outer loop
      vertex 14.2564 -0.436523 -1.4
      vertex 14.4655 -0.243561 -1.4
      vertex 14.4626 -0.289993 -1.4
    endloop
  endfacet
  facet normal 0 0 -1
    outer loop
      vertex 14.1788 -0.41333 -1.4
      vertex 14.4655 -0.243561 -1.4
      vertex 14.2166 -0.427826 -1.4
    endloop
  endfacet
  facet normal 0 0 -1
    outer loop
      vertex 14.298 -0.439407 -1.4
      vertex 14.4626 -0.289993 -1.4
      vertex 14.454 -0.330063 -1.4
    endloop
  endfacet
  facet normal 0 0 -1
    outer loop
      vertex 14.4655 -0.243561 -1.4
      vertex 14.2564 -0.436523 -1.4
      vertex 14.2166 -0.427826 -1.4
    endloop
  endfacet
  facet normal 0 0 -1
    outer loop
      vertex 14.3341 -0.436401 -1.4
      vertex 14.454 -0.330063 -1.4
      vertex 14.4397 -0.363754 -1.4
    endloop
  endfacet
  facet normal -0 0 -1
    outer loop
      vertex 14.4655 -0.243561 -1.4
      vertex 14.1788 -0.41333 -1.4
      vertex 14.4637 -0.206848 -1.4
    endloop
  endfacet
  facet normal 0 -0 -1
    outer loop
      vertex 14.2861 -0.0327606 -1.4
      vertex 14.4637 -0.206848 -1.4
      vertex 14.1788 -0.41333 -1.4
    endloop
  endfacet
  facet normal 0 0 -1
    outer loop
      vertex 14.3341 -0.436401 -1.4
      vertex 14.4397 -0.363754 -1.4
      vertex 14.4197 -0.391098 -1.4
    endloop
  endfacet
  facet normal 0 0 -1
    outer loop
      vertex 14.4626 -0.289993 -1.4
      vertex 14.298 -0.439407 -1.4
      vertex 14.2564 -0.436523 -1.4
    endloop
  endfacet
  facet normal 0 0 -1
    outer loop
      vertex 14.3341 -0.436401 -1.4
      vertex 14.4197 -0.391098 -1.4
      vertex 14.395 -0.412231 -1.4
    endloop
  endfacet
  facet normal -0 -0 -1
    outer loop
      vertex 14.3572 -0.0509644 -1.4
      vertex 14.4585 -0.173996 -1.4
      vertex 14.3263 -0.0407715 -1.4
    endloop
  endfacet
  facet normal 0 0 -1
    outer loop
      vertex 14.3341 -0.436401 -1.4
      vertex 14.395 -0.412231 -1.4
      vertex 14.3664 -0.427338 -1.4
    endloop
  endfacet
  facet normal 0 0 -1
    outer loop
      vertex 14.4585 -0.173996 -1.4
      vertex 14.3572 -0.0509644 -1.4
      vertex 14.4499 -0.14502 -1.4
    endloop
  endfacet
  facet normal 0 0 -1
    outer loop
      vertex 14.454 -0.330063 -1.4
      vertex 14.3341 -0.436401 -1.4
      vertex 14.298 -0.439407 -1.4
    endloop
  endfacet
  facet normal 0 0 -1
    outer loop
      vertex 14.4499 -0.14502 -1.4
      vertex 14.3572 -0.0509644 -1.4
      vertex 14.4378 -0.119888 -1.4
    endloop
  endfacet
  facet normal 0 0 -1
    outer loop
      vertex 14.4038 -0.0794525 -1.4
      vertex 14.3572 -0.0509644 -1.4
      vertex 14.3821 -0.0637207 -1.4
    endloop
  endfacet
  facet normal 0 0 -1
    outer loop
      vertex 14.4224 -0.0981903 -1.4
      vertex 14.3572 -0.0509644 -1.4
      vertex 14.4038 -0.0794525 -1.4
    endloop
  endfacet
  facet normal 0 0 -1
    outer loop
      vertex 14.4378 -0.119888 -1.4
      vertex 14.3572 -0.0509644 -1.4
      vertex 14.4224 -0.0981903 -1.4
    endloop
  endfacet
  facet normal 0 0 -1
    outer loop
      vertex 14.4637 -0.206848 -1.4
      vertex 14.3263 -0.0407715 -1.4
      vertex 14.4585 -0.173996 -1.4
    endloop
  endfacet
  facet normal 0 0 -1
    outer loop
      vertex 14.4637 -0.206848 -1.4
      vertex 14.2861 -0.0327606 -1.4
      vertex 14.3263 -0.0407715 -1.4
    endloop
  endfacet
  facet normal 0 0 -1
    outer loop
      vertex 14.1427 -0.393036 -1.4
      vertex 14.2861 -0.0327606 -1.4
      vertex 14.1788 -0.41333 -1.4
    endloop
  endfacet
  facet normal 0 0 -1
    outer loop
      vertex 14.1095 -0.36763 -1.4
      vertex 14.2861 -0.0327606 -1.4
      vertex 14.1427 -0.393036 -1.4
    endloop
  endfacet
  facet normal -0 0 -1
    outer loop
      vertex 14.2861 -0.0327606 -1.4
      vertex 14.1095 -0.36763 -1.4
      vertex 14.2367 -0.0269165 -1.4
    endloop
  endfacet
  facet normal 0 0 -1
    outer loop
      vertex 14.0801 -0.337784 -1.4
      vertex 14.2367 -0.0269165 -1.4
      vertex 14.1095 -0.36763 -1.4
    endloop
  endfacet
  facet normal 0 0 -1
    outer loop
      vertex 14.0544 -0.303513 -1.4
      vertex 14.2367 -0.0269165 -1.4
      vertex 14.0801 -0.337784 -1.4
    endloop
  endfacet
  facet normal -0 0 -1
    outer loop
      vertex 14.2367 -0.0269165 -1.4
      vertex 14.0544 -0.303513 -1.4
      vertex 14.1781 -0.0232544 -1.4
    endloop
  endfacet
  facet normal 0 0 -1
    outer loop
      vertex 14.0325 -0.264816 -1.4
      vertex 14.1781 -0.0232544 -1.4
      vertex 14.0544 -0.303513 -1.4
    endloop
  endfacet
  facet normal 0 0 -1
    outer loop
      vertex 14.0151 -0.223312 -1.4
      vertex 14.1781 -0.0232544 -1.4
      vertex 14.0325 -0.264816 -1.4
    endloop
  endfacet
  facet normal 0 0 -1
    outer loop
      vertex 14.0026 -0.180603 -1.4
      vertex 14.1781 -0.0232544 -1.4
      vertex 14.0151 -0.223312 -1.4
    endloop
  endfacet
  facet normal 0 0 -1
    outer loop
      vertex 13.9951 -0.136673 -1.4
      vertex 14.1781 -0.0232544 -1.4
      vertex 14.0026 -0.180603 -1.4
    endloop
  endfacet
  facet normal 0 0 -1
    outer loop
      vertex 13.9926 -0.0915375 -1.4
      vertex 14.1781 -0.0232544 -1.4
      vertex 13.9951 -0.136673 -1.4
    endloop
  endfacet
  facet normal -0 0 -1
    outer loop
      vertex 14.1781 -0.0232544 -1.4
      vertex 13.9926 -0.0915375 -1.4
      vertex 13.9926 -0.0206757 -1.4
    endloop
  endfacet
  facet normal 0 0 -1
    outer loop
      vertex 19.6414 -0.0271149 -1.4
      vertex 19.7509 0.61322 -1.4
      vertex 20.1722 -0.0271149 -1.4
    endloop
  endfacet
  facet normal 0 0 -1
    outer loop
      vertex 19.6414 0.566849 -1.4
      vertex 19.7509 0.61322 -1.4
      vertex 19.6414 -0.0271149 -1.4
    endloop
  endfacet
  facet normal 0 0 -1
    outer loop
      vertex 19.6411 0.602356 -1.4
      vertex 19.7509 0.61322 -1.4
      vertex 19.6414 0.566849 -1.4
    endloop
  endfacet
  facet normal 0 0 -1
    outer loop
      vertex 19.6403 0.639313 -1.4
      vertex 19.7509 0.61322 -1.4
      vertex 19.6411 0.602356 -1.4
    endloop
  endfacet
  facet normal 0 0 -1
    outer loop
      vertex 19.7509 0.61322 -1.4
      vertex 19.6403 0.639313 -1.4
      vertex 19.7105 0.67749 -1.4
    endloop
  endfacet
  facet normal 0 0 -1
    outer loop
      vertex 19.6389 0.677719 -1.4
      vertex 19.7105 0.67749 -1.4
      vertex 19.6403 0.639313 -1.4
    endloop
  endfacet
  facet normal 0 0 -1
    outer loop
      vertex 19.7105 0.67749 -1.4
      vertex 19.6389 0.677719 -1.4
      vertex 19.6768 0.733688 -1.4
    endloop
  endfacet
  facet normal 0 0 -1
    outer loop
      vertex 19.6369 0.717575 -1.4
      vertex 19.6768 0.733688 -1.4
      vertex 19.6389 0.677719 -1.4
    endloop
  endfacet
  facet normal 0 0 -1
    outer loop
      vertex 19.6348 0.754547 -1.4
      vertex 19.6768 0.733688 -1.4
      vertex 19.6369 0.717575 -1.4
    endloop
  endfacet
  facet normal 0 0 -1
    outer loop
      vertex 19.6768 0.733688 -1.4
      vertex 19.6348 0.754547 -1.4
      vertex 19.6499 0.781845 -1.4
    endloop
  endfacet
  facet normal 0 0 -1
    outer loop
      vertex 19.6329 0.784256 -1.4
      vertex 19.6499 0.781845 -1.4
      vertex 19.6348 0.754547 -1.4
    endloop
  endfacet
  facet normal 0 0 -1
    outer loop
      vertex 19.6312 0.806732 -1.4
      vertex 19.6499 0.781845 -1.4
      vertex 19.6329 0.784256 -1.4
    endloop
  endfacet
  facet normal 0 0 -1
    outer loop
      vertex 19.6499 0.781845 -1.4
      vertex 19.6312 0.806732 -1.4
      vertex 19.6298 0.821945 -1.4
    endloop
  endfacet
  facet normal 0 1 0
    outer loop
      vertex 25.4 1.5 0
      vertex 4.14999 1.5 -0.00999928
      vertex 4.14999 1.5 0
    endloop
  endfacet
  facet normal 0 1 -0
    outer loop
      vertex 25.4 1.5 -1.4
      vertex 4.14999 1.5 -0.00999928
      vertex 25.4 1.5 0
    endloop
  endfacet
  facet normal 0 1 0
    outer loop
      vertex 0 1.5 -1.4
      vertex 4.14999 1.5 -0.00999928
      vertex 25.4 1.5 -1.4
    endloop
  endfacet
  facet normal 0 1 0
    outer loop
      vertex 4.14999 1.5 -0.00999928
      vertex 0 1.5 -1.4
      vertex 0 1.5 -0.00999928
    endloop
  endfacet
  facet normal 0 -1 0
    outer loop
      vertex 0 -1.5 -0.00999928
      vertex 0 -1.5 -1.4
      vertex 4.14999 -1.5 -0.00999928
    endloop
  endfacet
  facet normal 0 -1 0
    outer loop
      vertex 4.14999 -1.5 -0.00999928
      vertex 25.4 -1.5 0
      vertex 4.14999 -1.5 0
    endloop
  endfacet
  facet normal 0 -1 0
    outer loop
      vertex 25.4 -1.5 -1.4
      vertex 4.14999 -1.5 -0.00999928
      vertex 0 -1.5 -1.4
    endloop
  endfacet
  facet normal 0 -1 0
    outer loop
      vertex 4.14999 -1.5 -0.00999928
      vertex 25.4 -1.5 -1.4
      vertex 25.4 -1.5 0
    endloop
  endfacet
  facet normal -1 0 0
    outer loop
      vertex 20.4 2.3 3.6
      vertex 20.4 3 4.4
      vertex 20.4 3 3.6
    endloop
  endfacet
  facet normal -1 -0 0
    outer loop
      vertex 20.4 3 4.4
      vertex 20.4 2.3 3.6
      vertex 20.4 2.3 4.4
    endloop
  endfacet
  facet normal 0 0 -1
    outer loop
      vertex 5 2.3 4.4
      vertex 8.23326 3 4.4
      vertex 8.23326 2.3 4.4
    endloop
  endfacet
  facet normal -0 0 -1
    outer loop
      vertex 8.23326 3 4.4
      vertex 5 2.3 4.4
      vertex 5 3 4.4
    endloop
  endfacet
  facet normal 0 0 -1
    outer loop
      vertex 17.5117 2.3 4.4
      vertex 20.4 3 4.4
      vertex 20.4 2.3 4.4
    endloop
  endfacet
  facet normal -0 0 -1
    outer loop
      vertex 20.4 3 4.4
      vertex 17.5117 2.3 4.4
      vertex 17.5117 3 4.4
    endloop
  endfacet
  facet normal 0 0 -1
    outer loop
      vertex 9.03326 2.3 4.4
      vertex 16.7117 2.82594 4.4
      vertex 16.7117 2.3 4.4
    endloop
  endfacet
  facet normal -0 0 -1
    outer loop
      vertex 16.7117 2.82594 4.4
      vertex 9.03326 2.3 4.4
      vertex 9.03326 2.82594 4.4
    endloop
  endfacet
  facet normal -0 0 1
    outer loop
      vertex 13.7944 3 3.6
      vertex 20.4 2.3 3.6
      vertex 20.4 3 3.6
    endloop
  endfacet
  facet normal 0 0 1
    outer loop
      vertex 20.4 2.3 3.6
      vertex 13.7944 3 3.6
      vertex 13.7944 2.3 3.6
    endloop
  endfacet
  facet normal -0 0 1
    outer loop
      vertex 5 3 3.6
      vertex 12.9944 2.3 3.6
      vertex 12.9944 3 3.6
    endloop
  endfacet
  facet normal 0 0 1
    outer loop
      vertex 12.9944 2.3 3.6
      vertex 5 3 3.6
      vertex 5 2.3 3.6
    endloop
  endfacet
  facet normal 1 -0 0
    outer loop
      vertex 5 2.3 4.4
      vertex 5 3 3.6
      vertex 5 3 4.4
    endloop
  endfacet
  facet normal 1 0 0
    outer loop
      vertex 5 3 3.6
      vertex 5 2.3 4.4
      vertex 5 2.3 3.6
    endloop
  endfacet
  facet normal 0 1 -0
    outer loop
      vertex 13.7944 2.3 0
      vertex 12.9944 2.3 3.6
      vertex 13.7944 2.3 3.6
    endloop
  endfacet
  facet normal 0 1 0
    outer loop
      vertex 12.9944 2.3 3.6
      vertex 13.7944 2.3 0
      vertex 12.9944 2.3 0
    endloop
  endfacet
  facet normal 0 1 -0
    outer loop
      vertex 20.4 2.3 3.6
      vertex 17.5117 2.3 4.4
      vertex 20.4 2.3 4.4
    endloop
  endfacet
  facet normal 0 1 0
    outer loop
      vertex 17.5117 2.3 4.4
      vertex 20.4 2.3 3.6
      vertex 16.7117 2.3 4.4
    endloop
  endfacet
  facet normal 0 1 0
    outer loop
      vertex 12.9944 2.3 3.6
      vertex 16.7117 2.3 4.4
      vertex 13.7944 2.3 3.6
    endloop
  endfacet
  facet normal 0 1 0
    outer loop
      vertex 16.7117 2.3 4.4
      vertex 12.9944 2.3 3.6
      vertex 9.03326 2.3 4.4
    endloop
  endfacet
  facet normal 0 1 0
    outer loop
      vertex 16.7117 2.3 4.4
      vertex 20.4 2.3 3.6
      vertex 13.7944 2.3 3.6
    endloop
  endfacet
  facet normal 0 1 0
    outer loop
      vertex 5 2.3 3.6
      vertex 9.03326 2.3 4.4
      vertex 12.9944 2.3 3.6
    endloop
  endfacet
  facet normal 0 1 0
    outer loop
      vertex 9.03326 2.3 4.4
      vertex 5 2.3 3.6
      vertex 8.23326 2.3 4.4
    endloop
  endfacet
  facet normal 0 1 0
    outer loop
      vertex 8.23326 2.3 4.4
      vertex 5 2.3 3.6
      vertex 5 2.3 4.4
    endloop
  endfacet
  facet normal 0 1 -0
    outer loop
      vertex 9.03326 2.3 4.4
      vertex 8.23326 2.3 7.6
      vertex 9.03326 2.3 7.6
    endloop
  endfacet
  facet normal 0 1 0
    outer loop
      vertex 8.23326 2.3 7.6
      vertex 9.03326 2.3 4.4
      vertex 8.23326 2.3 4.4
    endloop
  endfacet
  facet normal 0 1 -0
    outer loop
      vertex 17.5117 2.3 4.4
      vertex 16.7117 2.3 7.6
      vertex 17.5117 2.3 7.6
    endloop
  endfacet
  facet normal 0 1 0
    outer loop
      vertex 16.7117 2.3 7.6
      vertex 17.5117 2.3 4.4
      vertex 16.7117 2.3 4.4
    endloop
  endfacet
  facet normal 0 1 -0
    outer loop
      vertex 16.7117 2.3 7.6
      vertex 13.4323 2.3 8.4
      vertex 20.4 2.3 8.4
    endloop
  endfacet
  facet normal 0 1 0
    outer loop
      vertex 13.4323 2.3 8.4
      vertex 16.7117 2.3 7.6
      vertex 12.6323 2.3 8.4
    endloop
  endfacet
  facet normal 0 1 0
    outer loop
      vertex 17.5117 2.3 7.6
      vertex 20.4 2.3 8.4
      vertex 20.4 2.3 7.6
    endloop
  endfacet
  facet normal 0 1 0
    outer loop
      vertex 16.7117 2.3 7.6
      vertex 20.4 2.3 8.4
      vertex 17.5117 2.3 7.6
    endloop
  endfacet
  facet normal 0 1 0
    outer loop
      vertex 12.6323 2.3 8.4
      vertex 16.7117 2.3 7.6
      vertex 9.03326 2.3 7.6
    endloop
  endfacet
  facet normal 0 1 0
    outer loop
      vertex 12.6323 2.3 8.4
      vertex 9.03326 2.3 7.6
      vertex 5 2.3 8.4
    endloop
  endfacet
  facet normal 0 1 -0
    outer loop
      vertex 8.23326 2.3 7.6
      vertex 5 2.3 8.4
      vertex 9.03326 2.3 7.6
    endloop
  endfacet
  facet normal 0 1 0
    outer loop
      vertex 5 2.3 8.4
      vertex 8.23326 2.3 7.6
      vertex 5 2.3 7.6
    endloop
  endfacet
  facet normal 0 1 -0
    outer loop
      vertex 13.4323 2.3 8.4
      vertex 12.6323 2.3 11.6
      vertex 13.4323 2.3 11.6
    endloop
  endfacet
  facet normal 0 1 0
    outer loop
      vertex 12.6323 2.3 11.6
      vertex 13.4323 2.3 8.4
      vertex 12.6323 2.3 8.4
    endloop
  endfacet
  facet normal 0 1 -0
    outer loop
      vertex 20.4 2.3 11.6
      vertex 17.0457 2.3 12.4
      vertex 20.4 2.3 12.4
    endloop
  endfacet
  facet normal 0 1 0
    outer loop
      vertex 13.4323 2.3 11.6
      vertex 17.0457 2.3 12.4
      vertex 20.4 2.3 11.6
    endloop
  endfacet
  facet normal 0 1 0
    outer loop
      vertex 16.2457 2.3 12.4
      vertex 13.4323 2.3 11.6
      vertex 9.74741 2.3 12.4
    endloop
  endfacet
  facet normal 0 1 -0
    outer loop
      vertex 12.6323 2.3 11.6
      vertex 9.74741 2.3 12.4
      vertex 13.4323 2.3 11.6
    endloop
  endfacet
  facet normal 0 1 0
    outer loop
      vertex 17.0457 2.3 12.4
      vertex 13.4323 2.3 11.6
      vertex 16.2457 2.3 12.4
    endloop
  endfacet
  facet normal 0 1 0
    outer loop
      vertex 9.74741 2.3 12.4
      vertex 12.6323 2.3 11.6
      vertex 8.94741 2.3 12.4
    endloop
  endfacet
  facet normal 0 1 0
    outer loop
      vertex 5 2.3 11.6
      vertex 8.94741 2.3 12.4
      vertex 12.6323 2.3 11.6
    endloop
  endfacet
  facet normal 0 1 0
    outer loop
      vertex 8.94741 2.3 12.4
      vertex 5 2.3 11.6
      vertex 5 2.3 12.4
    endloop
  endfacet
  facet normal 0 1 -0
    outer loop
      vertex 9.74741 2.3 12.4
      vertex 8.94741 2.3 15.6
      vertex 9.74741 2.3 15.6
    endloop
  endfacet
  facet normal 0 1 0
    outer loop
      vertex 8.94741 2.3 15.6
      vertex 9.74741 2.3 12.4
      vertex 8.94741 2.3 12.4
    endloop
  endfacet
  facet normal 0 1 -0
    outer loop
      vertex 17.0457 2.3 12.4
      vertex 16.2457 2.3 15.6
      vertex 17.0457 2.3 15.6
    endloop
  endfacet
  facet normal 0 1 0
    outer loop
      vertex 16.2457 2.3 15.6
      vertex 17.0457 2.3 12.4
      vertex 16.2457 2.3 12.4
    endloop
  endfacet
  facet normal 0 1 -0
    outer loop
      vertex 16.2457 2.3 15.6
      vertex 13.0022 2.3 16.4
      vertex 20.4 2.3 16.4
    endloop
  endfacet
  facet normal 0 1 0
    outer loop
      vertex 9.74741 2.3 15.6
      vertex 13.0022 2.3 16.4
      vertex 16.2457 2.3 15.6
    endloop
  endfacet
  facet normal 0 1 0
    outer loop
      vertex 17.0457 2.3 15.6
      vertex 20.4 2.3 16.4
      vertex 20.4 2.3 15.6
    endloop
  endfacet
  facet normal 0 1 0
    outer loop
      vertex 16.2457 2.3 15.6
      vertex 20.4 2.3 16.4
      vertex 17.0457 2.3 15.6
    endloop
  endfacet
  facet normal 0 1 0
    outer loop
      vertex 13.0022 2.3 16.4
      vertex 9.74741 2.3 15.6
      vertex 12.2022 2.3 16.4
    endloop
  endfacet
  facet normal 0 1 0
    outer loop
      vertex 8.94741 2.3 15.6
      vertex 12.2022 2.3 16.4
      vertex 9.74741 2.3 15.6
    endloop
  endfacet
  facet normal 0 1 0
    outer loop
      vertex 12.2022 2.3 16.4
      vertex 8.94741 2.3 15.6
      vertex 5 2.3 16.4
    endloop
  endfacet
  facet normal 0 1 0
    outer loop
      vertex 5 2.3 16.4
      vertex 8.94741 2.3 15.6
      vertex 5 2.3 15.6
    endloop
  endfacet
  facet normal 0 1 -0
    outer loop
      vertex 13.0022 2.3 16.4
      vertex 12.2022 2.3 19.6
      vertex 13.0022 2.3 19.6
    endloop
  endfacet
  facet normal 0 1 0
    outer loop
      vertex 12.2022 2.3 19.6
      vertex 13.0022 2.3 16.4
      vertex 12.2022 2.3 16.4
    endloop
  endfacet
  facet normal 0 1 -0
    outer loop
      vertex 20.4 2.3 19.6
      vertex 17.1453 2.3 20.4
      vertex 20.4 2.3 20.4
    endloop
  endfacet
  facet normal 0 1 0
    outer loop
      vertex 17.1453 2.3 20.4
      vertex 20.4 2.3 19.6
      vertex 16.3453 2.3 20.4
    endloop
  endfacet
  facet normal 0 1 0
    outer loop
      vertex 16.3453 2.3 20.4
      vertex 13.0022 2.3 19.6
      vertex 9.7266 2.3 20.4
    endloop
  endfacet
  facet normal 0 1 -0
    outer loop
      vertex 12.2022 2.3 19.6
      vertex 9.7266 2.3 20.4
      vertex 13.0022 2.3 19.6
    endloop
  endfacet
  facet normal 0 1 0
    outer loop
      vertex 16.3453 2.3 20.4
      vertex 20.4 2.3 19.6
      vertex 13.0022 2.3 19.6
    endloop
  endfacet
  facet normal 0 1 0
    outer loop
      vertex 9.7266 2.3 20.4
      vertex 12.2022 2.3 19.6
      vertex 8.9266 2.3 20.4
    endloop
  endfacet
  facet normal 0 1 0
    outer loop
      vertex 5 2.3 19.6
      vertex 8.9266 2.3 20.4
      vertex 12.2022 2.3 19.6
    endloop
  endfacet
  facet normal 0 1 0
    outer loop
      vertex 8.9266 2.3 20.4
      vertex 5 2.3 19.6
      vertex 5 2.3 20.4
    endloop
  endfacet
  facet normal 0 1 -0
    outer loop
      vertex 17.1453 2.3 20.4
      vertex 16.3453 2.3 24
      vertex 17.1453 2.3 24
    endloop
  endfacet
  facet normal 0 1 0
    outer loop
      vertex 16.3453 2.3 24
      vertex 17.1453 2.3 20.4
      vertex 16.3453 2.3 20.4
    endloop
  endfacet
  facet normal 0 1 -0
    outer loop
      vertex 9.7266 2.3 20.4
      vertex 8.9266 2.3 24
      vertex 9.7266 2.3 24
    endloop
  endfacet
  facet normal 0 1 0
    outer loop
      vertex 8.9266 2.3 24
      vertex 9.7266 2.3 20.4
      vertex 8.9266 2.3 20.4
    endloop
  endfacet
  facet normal -1 0 0
    outer loop
      vertex 20.4 2.3 15.6
      vertex 20.4 2.79111 16.4
      vertex 20.4 2.82121 15.6
    endloop
  endfacet
  facet normal -1 -0 0
    outer loop
      vertex 20.4 2.79111 16.4
      vertex 20.4 2.3 15.6
      vertex 20.4 2.3 16.4
    endloop
  endfacet
  facet normal -1 0 0
    outer loop
      vertex 20.4 3 7.6
      vertex 20.4 2.82121 12.4
      vertex 20.4 3 20.4
    endloop
  endfacet
  facet normal -1 0 0
    outer loop
      vertex 20.4 2.78352 11.6
      vertex 20.4 3 7.6
      vertex 20.4 2.78352 8.4
    endloop
  endfacet
  facet normal -1 0 0
    outer loop
      vertex 20.4 2.3 7.6
      vertex 20.4 2.78352 8.4
      vertex 20.4 3 7.6
    endloop
  endfacet
  facet normal -1 -0 0
    outer loop
      vertex 20.4 2.78352 8.4
      vertex 20.4 2.3 7.6
      vertex 20.4 2.3 8.4
    endloop
  endfacet
  facet normal -1 0 0
    outer loop
      vertex 20.4 2.82121 15.6
      vertex 20.4 3 20.4
      vertex 20.4 2.82121 12.4
    endloop
  endfacet
  facet normal -1 0 0
    outer loop
      vertex 20.4 2.79111 16.4
      vertex 20.4 3 20.4
      vertex 20.4 2.82121 15.6
    endloop
  endfacet
  facet normal -1 0 0
    outer loop
      vertex 20.4 2.79111 19.6
      vertex 20.4 3 20.4
      vertex 20.4 2.79111 16.4
    endloop
  endfacet
  facet normal -1 0 0
    outer loop
      vertex 20.4 2.3 20.4
      vertex 20.4 2.79111 19.6
      vertex 20.4 2.3 19.6
    endloop
  endfacet
  facet normal -1 0 0
    outer loop
      vertex 20.4 2.79111 19.6
      vertex 20.4 2.3 20.4
      vertex 20.4 3 20.4
    endloop
  endfacet
  facet normal -1 0 0
    outer loop
      vertex 20.4 3 7.6
      vertex 20.4 2.78352 11.6
      vertex 20.4 2.82121 12.4
    endloop
  endfacet
  facet normal -1 0 0
    outer loop
      vertex 20.4 2.3 12.4
      vertex 20.4 2.78352 11.6
      vertex 20.4 2.3 11.6
    endloop
  endfacet
  facet normal -1 0 0
    outer loop
      vertex 20.4 2.78352 11.6
      vertex 20.4 2.3 12.4
      vertex 20.4 2.82121 12.4
    endloop
  endfacet
  facet normal 0 0 -1
    outer loop
      vertex 5 2.3 8.4
      vertex 12.6323 3 8.4
      vertex 12.6323 2.3 8.4
    endloop
  endfacet
  facet normal -0 0 -1
    outer loop
      vertex 12.6323 3 8.4
      vertex 5 2.3 8.4
      vertex 5 3 8.4
    endloop
  endfacet
  facet normal 0 0 -1
    outer loop
      vertex 13.4323 2.3 8.4
      vertex 20.4 2.78352 8.4
      vertex 20.4 2.3 8.4
    endloop
  endfacet
  facet normal -0 0 -1
    outer loop
      vertex 20.4 2.78352 8.4
      vertex 13.4323 2.3 8.4
      vertex 13.4323 2.78352 8.4
    endloop
  endfacet
  facet normal -0 0 1
    outer loop
      vertex 17.5117 3 7.6
      vertex 20.4 2.3 7.6
      vertex 20.4 3 7.6
    endloop
  endfacet
  facet normal 0 0 1
    outer loop
      vertex 20.4 2.3 7.6
      vertex 17.5117 3 7.6
      vertex 17.5117 2.3 7.6
    endloop
  endfacet
  facet normal -0 0 1
    outer loop
      vertex 5 3 7.6
      vertex 8.23326 2.3 7.6
      vertex 8.23326 3 7.6
    endloop
  endfacet
  facet normal 0 0 1
    outer loop
      vertex 8.23326 2.3 7.6
      vertex 5 3 7.6
      vertex 5 2.3 7.6
    endloop
  endfacet
  facet normal -0 0 1
    outer loop
      vertex 9.03326 2.82594 7.6
      vertex 16.7117 2.3 7.6
      vertex 16.7117 2.82594 7.6
    endloop
  endfacet
  facet normal 0 0 1
    outer loop
      vertex 16.7117 2.3 7.6
      vertex 9.03326 2.82594 7.6
      vertex 9.03326 2.3 7.6
    endloop
  endfacet
  facet normal 1 -0 0
    outer loop
      vertex 5 2.3 8.4
      vertex 5 3 7.6
      vertex 5 3 8.4
    endloop
  endfacet
  facet normal 1 0 0
    outer loop
      vertex 5 3 7.6
      vertex 5 2.3 8.4
      vertex 5 2.3 7.6
    endloop
  endfacet
  facet normal 0 0 -1
    outer loop
      vertex 5 2.3 12.4
      vertex 8.94741 3 12.4
      vertex 8.94741 2.3 12.4
    endloop
  endfacet
  facet normal -0 0 -1
    outer loop
      vertex 8.94741 3 12.4
      vertex 5 2.3 12.4
      vertex 5 3 12.4
    endloop
  endfacet
  facet normal 0 0 -1
    outer loop
      vertex 17.0457 2.3 12.4
      vertex 20.4 2.82121 12.4
      vertex 20.4 2.3 12.4
    endloop
  endfacet
  facet normal -0 0 -1
    outer loop
      vertex 20.4 2.82121 12.4
      vertex 17.0457 2.3 12.4
      vertex 17.0457 2.82121 12.4
    endloop
  endfacet
  facet normal 0 0 -1
    outer loop
      vertex 9.74741 2.3 12.4
      vertex 16.2457 2.74545 12.4
      vertex 16.2457 2.3 12.4
    endloop
  endfacet
  facet normal -0 0 -1
    outer loop
      vertex 16.2457 2.74545 12.4
      vertex 9.74741 2.3 12.4
      vertex 9.74741 2.74545 12.4
    endloop
  endfacet
  facet normal -0 0 1
    outer loop
      vertex 13.4323 2.78352 11.6
      vertex 20.4 2.3 11.6
      vertex 20.4 2.78352 11.6
    endloop
  endfacet
  facet normal 0 0 1
    outer loop
      vertex 20.4 2.3 11.6
      vertex 13.4323 2.78352 11.6
      vertex 13.4323 2.3 11.6
    endloop
  endfacet
  facet normal -0 0 1
    outer loop
      vertex 5 3 11.6
      vertex 12.6323 2.3 11.6
      vertex 12.6323 3 11.6
    endloop
  endfacet
  facet normal 0 0 1
    outer loop
      vertex 12.6323 2.3 11.6
      vertex 5 3 11.6
      vertex 5 2.3 11.6
    endloop
  endfacet
  facet normal 1 -0 0
    outer loop
      vertex 5 2.3 12.4
      vertex 5 3 11.6
      vertex 5 3 12.4
    endloop
  endfacet
  facet normal 1 0 0
    outer loop
      vertex 5 3 11.6
      vertex 5 2.3 12.4
      vertex 5 2.3 11.6
    endloop
  endfacet
  facet normal 0 0 -1
    outer loop
      vertex 5 2.3 16.4
      vertex 12.2022 2.81123 16.4
      vertex 12.2022 2.3 16.4
    endloop
  endfacet
  facet normal -0 0 -1
    outer loop
      vertex 12.2022 2.81123 16.4
      vertex 5 2.3 16.4
      vertex 5 2.81123 16.4
    endloop
  endfacet
  facet normal 0 0 -1
    outer loop
      vertex 13.0022 2.3 16.4
      vertex 20.4 2.79111 16.4
      vertex 20.4 2.3 16.4
    endloop
  endfacet
  facet normal -0 0 -1
    outer loop
      vertex 20.4 2.79111 16.4
      vertex 13.0022 2.3 16.4
      vertex 13.0022 2.79111 16.4
    endloop
  endfacet
  facet normal -0 0 1
    outer loop
      vertex 17.0457 2.82121 15.6
      vertex 20.4 2.3 15.6
      vertex 20.4 2.82121 15.6
    endloop
  endfacet
  facet normal 0 0 1
    outer loop
      vertex 20.4 2.3 15.6
      vertex 17.0457 2.82121 15.6
      vertex 17.0457 2.3 15.6
    endloop
  endfacet
  facet normal -0 0 1
    outer loop
      vertex 5 3 15.6
      vertex 8.94741 2.3 15.6
      vertex 8.94741 3 15.6
    endloop
  endfacet
  facet normal 0 0 1
    outer loop
      vertex 8.94741 2.3 15.6
      vertex 5 3 15.6
      vertex 5 2.3 15.6
    endloop
  endfacet
  facet normal -0 0 1
    outer loop
      vertex 9.74741 2.74545 15.6
      vertex 16.2457 2.3 15.6
      vertex 16.2457 2.74545 15.6
    endloop
  endfacet
  facet normal 0 0 1
    outer loop
      vertex 16.2457 2.3 15.6
      vertex 9.74741 2.74545 15.6
      vertex 9.74741 2.3 15.6
    endloop
  endfacet
  facet normal 1 0 0
    outer loop
      vertex 5 3 20.4
      vertex 5 2.81123 19.6
      vertex 5 3 15.6
    endloop
  endfacet
  facet normal 1 -0 0
    outer loop
      vertex 5 2.3 20.4
      vertex 5 2.81123 19.6
      vertex 5 3 20.4
    endloop
  endfacet
  facet normal 1 0 0
    outer loop
      vertex 5 2.81123 19.6
      vertex 5 2.3 20.4
      vertex 5 2.3 19.6
    endloop
  endfacet
  facet normal 1 -0 0
    outer loop
      vertex 5 2.81123 16.4
      vertex 5 3 15.6
      vertex 5 2.81123 19.6
    endloop
  endfacet
  facet normal 1 0 0
    outer loop
      vertex 5 2.3 15.6
      vertex 5 2.81123 16.4
      vertex 5 2.3 16.4
    endloop
  endfacet
  facet normal 1 0 0
    outer loop
      vertex 5 2.81123 16.4
      vertex 5 2.3 15.6
      vertex 5 3 15.6
    endloop
  endfacet
  facet normal 0 0 -1
    outer loop
      vertex 5 2.3 20.4
      vertex 8.9266 3 20.4
      vertex 8.9266 2.3 20.4
    endloop
  endfacet
  facet normal -0 0 -1
    outer loop
      vertex 8.9266 3 20.4
      vertex 5 2.3 20.4
      vertex 5 3 20.4
    endloop
  endfacet
  facet normal 0 0 -1
    outer loop
      vertex 17.1453 2.3 20.4
      vertex 20.4 3 20.4
      vertex 20.4 2.3 20.4
    endloop
  endfacet
  facet normal -0 0 -1
    outer loop
      vertex 20.4 3 20.4
      vertex 17.1453 2.3 20.4
      vertex 17.1453 3 20.4
    endloop
  endfacet
  facet normal 0 0 -1
    outer loop
      vertex 9.7266 2.3 20.4
      vertex 16.3453 2.79911 20.4
      vertex 16.3453 2.3 20.4
    endloop
  endfacet
  facet normal -0 0 -1
    outer loop
      vertex 16.3453 2.79911 20.4
      vertex 9.7266 2.3 20.4
      vertex 9.7266 2.79911 20.4
    endloop
  endfacet
  facet normal -0 0 1
    outer loop
      vertex 13.0022 2.79111 19.6
      vertex 20.4 2.3 19.6
      vertex 20.4 2.79111 19.6
    endloop
  endfacet
  facet normal 0 0 1
    outer loop
      vertex 20.4 2.3 19.6
      vertex 13.0022 2.79111 19.6
      vertex 13.0022 2.3 19.6
    endloop
  endfacet
  facet normal -0 0 1
    outer loop
      vertex 5 2.81123 19.6
      vertex 12.2022 2.3 19.6
      vertex 12.2022 2.81123 19.6
    endloop
  endfacet
  facet normal 0 0 1
    outer loop
      vertex 12.2022 2.3 19.6
      vertex 5 2.81123 19.6
      vertex 5 2.3 19.6
    endloop
  endfacet
  facet normal -1 0 0
    outer loop
      vertex 9.03326 2.3 4.4
      vertex 9.03326 2.82594 7.6
      vertex 9.03326 2.82594 4.4
    endloop
  endfacet
  facet normal -1 -0 0
    outer loop
      vertex 9.03326 2.82594 7.6
      vertex 9.03326 2.3 4.4
      vertex 9.03326 2.3 7.6
    endloop
  endfacet
  facet normal 1 -0 0
    outer loop
      vertex 8.23326 2.3 7.6
      vertex 8.23326 3 4.4
      vertex 8.23326 3 7.6
    endloop
  endfacet
  facet normal 1 0 0
    outer loop
      vertex 8.23326 3 4.4
      vertex 8.23326 2.3 7.6
      vertex 8.23326 2.3 4.4
    endloop
  endfacet
  facet normal -1 0 0
    outer loop
      vertex 17.5117 2.3 4.4
      vertex 17.5117 3 7.6
      vertex 17.5117 3 4.4
    endloop
  endfacet
  facet normal -1 -0 0
    outer loop
      vertex 17.5117 3 7.6
      vertex 17.5117 2.3 4.4
      vertex 17.5117 2.3 7.6
    endloop
  endfacet
  facet normal 1 -0 0
    outer loop
      vertex 16.7117 2.3 7.6
      vertex 16.7117 2.82594 4.4
      vertex 16.7117 2.82594 7.6
    endloop
  endfacet
  facet normal 1 0 0
    outer loop
      vertex 16.7117 2.82594 4.4
      vertex 16.7117 2.3 7.6
      vertex 16.7117 2.3 4.4
    endloop
  endfacet
  facet normal -1 0 0
    outer loop
      vertex 9.74741 2.3 12.4
      vertex 9.74741 2.74545 15.6
      vertex 9.74741 2.74545 12.4
    endloop
  endfacet
  facet normal -1 -0 0
    outer loop
      vertex 9.74741 2.74545 15.6
      vertex 9.74741 2.3 12.4
      vertex 9.74741 2.3 15.6
    endloop
  endfacet
  facet normal 1 -0 0
    outer loop
      vertex 8.94741 2.3 15.6
      vertex 8.94741 3 12.4
      vertex 8.94741 3 15.6
    endloop
  endfacet
  facet normal 1 0 0
    outer loop
      vertex 8.94741 3 12.4
      vertex 8.94741 2.3 15.6
      vertex 8.94741 2.3 12.4
    endloop
  endfacet
  facet normal -1 0 0
    outer loop
      vertex 17.0457 2.3 12.4
      vertex 17.0457 2.82121 15.6
      vertex 17.0457 2.82121 12.4
    endloop
  endfacet
  facet normal -1 -0 0
    outer loop
      vertex 17.0457 2.82121 15.6
      vertex 17.0457 2.3 12.4
      vertex 17.0457 2.3 15.6
    endloop
  endfacet
  facet normal 1 -0 0
    outer loop
      vertex 16.2457 2.3 15.6
      vertex 16.2457 2.74545 12.4
      vertex 16.2457 2.74545 15.6
    endloop
  endfacet
  facet normal 1 0 0
    outer loop
      vertex 16.2457 2.74545 12.4
      vertex 16.2457 2.3 15.6
      vertex 16.2457 2.3 12.4
    endloop
  endfacet
  facet normal -1 0 0
    outer loop
      vertex 9.7266 2.3 20.4
      vertex 9.7266 2.79911 24
      vertex 9.7266 2.79911 20.4
    endloop
  endfacet
  facet normal -1 -0 0
    outer loop
      vertex 9.7266 2.79911 24
      vertex 9.7266 2.3 20.4
      vertex 9.7266 2.3 24
    endloop
  endfacet
  facet normal 0 0 -1
    outer loop
      vertex 9.7266 2.3 24
      vertex 8.9266 2.3 24
      vertex 9.7266 2.79911 24
    endloop
  endfacet
  facet normal 0 0 -1
    outer loop
      vertex 16.3453 2.79911 24
      vertex 17.1453 2.3 24
      vertex 16.3453 2.3 24
    endloop
  endfacet
  facet normal 0 0 -1
    outer loop
      vertex 17.1453 2.3 24
      vertex 16.3453 2.79911 24
      vertex 17.1453 3 24
    endloop
  endfacet
  facet normal 0 0 -1
    outer loop
      vertex 9.7266 2.79911 24
      vertex 17.1453 3 24
      vertex 16.3453 2.79911 24
    endloop
  endfacet
  facet normal 0 0 -1
    outer loop
      vertex 9.7266 2.79911 24
      vertex 8.9266 3 24
      vertex 17.1453 3 24
    endloop
  endfacet
  facet normal 0 0 -1
    outer loop
      vertex 8.9266 3 24
      vertex 9.7266 2.79911 24
      vertex 8.9266 2.3 24
    endloop
  endfacet
  facet normal 1 -0 0
    outer loop
      vertex 8.9266 2.3 24
      vertex 8.9266 3 20.4
      vertex 8.9266 3 24
    endloop
  endfacet
  facet normal 1 0 0
    outer loop
      vertex 8.9266 3 20.4
      vertex 8.9266 2.3 24
      vertex 8.9266 2.3 20.4
    endloop
  endfacet
  facet normal -1 0 0
    outer loop
      vertex 17.1453 2.3 20.4
      vertex 17.1453 3 24
      vertex 17.1453 3 20.4
    endloop
  endfacet
  facet normal -1 -0 0
    outer loop
      vertex 17.1453 3 24
      vertex 17.1453 2.3 20.4
      vertex 17.1453 2.3 24
    endloop
  endfacet
  facet normal 1 -0 0
    outer loop
      vertex 16.3453 2.3 24
      vertex 16.3453 2.79911 20.4
      vertex 16.3453 2.79911 24
    endloop
  endfacet
  facet normal 1 0 0
    outer loop
      vertex 16.3453 2.79911 20.4
      vertex 16.3453 2.3 24
      vertex 16.3453 2.3 20.4
    endloop
  endfacet
  facet normal -1 0 0
    outer loop
      vertex 13.7944 2.3 0
      vertex 13.7944 3 3.6
      vertex 13.7944 3 0
    endloop
  endfacet
  facet normal -1 -0 0
    outer loop
      vertex 13.7944 3 3.6
      vertex 13.7944 2.3 0
      vertex 13.7944 2.3 3.6
    endloop
  endfacet
  facet normal 1 -0 0
    outer loop
      vertex 12.9944 2.3 3.6
      vertex 12.9944 3 0
      vertex 12.9944 3 3.6
    endloop
  endfacet
  facet normal 1 0 0
    outer loop
      vertex 12.9944 3 0
      vertex 12.9944 2.3 3.6
      vertex 12.9944 2.3 0
    endloop
  endfacet
  facet normal -1 0 0
    outer loop
      vertex 13.4323 2.3 8.4
      vertex 13.4323 2.78352 11.6
      vertex 13.4323 2.78352 8.4
    endloop
  endfacet
  facet normal -1 -0 0
    outer loop
      vertex 13.4323 2.78352 11.6
      vertex 13.4323 2.3 8.4
      vertex 13.4323 2.3 11.6
    endloop
  endfacet
  facet normal 1 -0 0
    outer loop
      vertex 12.6323 2.3 11.6
      vertex 12.6323 3 8.4
      vertex 12.6323 3 11.6
    endloop
  endfacet
  facet normal 1 0 0
    outer loop
      vertex 12.6323 3 8.4
      vertex 12.6323 2.3 11.6
      vertex 12.6323 2.3 8.4
    endloop
  endfacet
  facet normal -1 0 0
    outer loop
      vertex 13.0022 2.3 16.4
      vertex 13.0022 2.79111 19.6
      vertex 13.0022 2.79111 16.4
    endloop
  endfacet
  facet normal -1 -0 0
    outer loop
      vertex 13.0022 2.79111 19.6
      vertex 13.0022 2.3 16.4
      vertex 13.0022 2.3 19.6
    endloop
  endfacet
  facet normal 1 -0 0
    outer loop
      vertex 12.2022 2.3 19.6
      vertex 12.2022 2.81123 16.4
      vertex 12.2022 2.81123 19.6
    endloop
  endfacet
  facet normal 1 0 0
    outer loop
      vertex 12.2022 2.81123 16.4
      vertex 12.2022 2.3 19.6
      vertex 12.2022 2.3 16.4
    endloop
  endfacet
  facet normal 0 1 -0
    outer loop
      vertex 16.2457 2.74545 12.4
      vertex 9.74741 2.74545 15.6
      vertex 16.2457 2.74545 15.6
    endloop
  endfacet
  facet normal 0 1 0
    outer loop
      vertex 9.74741 2.74545 15.6
      vertex 16.2457 2.74545 12.4
      vertex 9.74741 2.74545 12.4
    endloop
  endfacet
  facet normal 0 1 -0
    outer loop
      vertex 20.4 2.82121 12.4
      vertex 17.0457 2.82121 15.6
      vertex 20.4 2.82121 15.6
    endloop
  endfacet
  facet normal 0 1 0
    outer loop
      vertex 17.0457 2.82121 15.6
      vertex 20.4 2.82121 12.4
      vertex 17.0457 2.82121 12.4
    endloop
  endfacet
  facet normal 0 1 -0
    outer loop
      vertex 12.2022 2.81123 16.4
      vertex 5 2.81123 19.6
      vertex 12.2022 2.81123 19.6
    endloop
  endfacet
  facet normal 0 1 0
    outer loop
      vertex 5 2.81123 19.6
      vertex 12.2022 2.81123 16.4
      vertex 5 2.81123 16.4
    endloop
  endfacet
  facet normal 0 1 -0
    outer loop
      vertex 20.4 2.79111 16.4
      vertex 13.0022 2.79111 19.6
      vertex 20.4 2.79111 19.6
    endloop
  endfacet
  facet normal 0 1 0
    outer loop
      vertex 13.0022 2.79111 19.6
      vertex 20.4 2.79111 16.4
      vertex 13.0022 2.79111 16.4
    endloop
  endfacet
  facet normal 0 1 -0
    outer loop
      vertex 16.7117 2.82594 4.4
      vertex 9.03326 2.82594 7.6
      vertex 16.7117 2.82594 7.6
    endloop
  endfacet
  facet normal 0 1 0
    outer loop
      vertex 9.03326 2.82594 7.6
      vertex 16.7117 2.82594 4.4
      vertex 9.03326 2.82594 4.4
    endloop
  endfacet
  facet normal 0 1 -0
    outer loop
      vertex 20.4 2.78352 8.4
      vertex 13.4323 2.78352 11.6
      vertex 20.4 2.78352 11.6
    endloop
  endfacet
  facet normal 0 1 0
    outer loop
      vertex 13.4323 2.78352 11.6
      vertex 20.4 2.78352 8.4
      vertex 13.4323 2.78352 8.4
    endloop
  endfacet
  facet normal 0 1 -0
    outer loop
      vertex 16.3453 2.79911 20.4
      vertex 9.7266 2.79911 24
      vertex 16.3453 2.79911 24
    endloop
  endfacet
  facet normal 0 1 0
    outer loop
      vertex 9.7266 2.79911 24
      vertex 16.3453 2.79911 20.4
      vertex 9.7266 2.79911 20.4
    endloop
  endfacet
  facet normal -1 0 0
    outer loop
      vertex 20.4 -2.3 3.6
      vertex 20.4 -2.79358 4.4
      vertex 20.4 -2.3 4.4
    endloop
  endfacet
  facet normal -1 -0 0
    outer loop
      vertex 20.4 -2.79358 4.4
      vertex 20.4 -3 3.6
      vertex 20.4 -2.79358 7.6
    endloop
  endfacet
  facet normal -1 0 0
    outer loop
      vertex 20.4 -3 3.6
      vertex 20.4 -2.79358 4.4
      vertex 20.4 -2.3 3.6
    endloop
  endfacet
  facet normal -1 0 0
    outer loop
      vertex 20.4 -2.3 7.6
      vertex 20.4 -2.78703 8.4
      vertex 20.4 -2.3 8.4
    endloop
  endfacet
  facet normal -1 0 0
    outer loop
      vertex 20.4 -3 12.4
      vertex 20.4 -2.78703 8.4
      vertex 20.4 -2.79358 7.6
    endloop
  endfacet
  facet normal -1 0 0
    outer loop
      vertex 20.4 -2.79358 7.6
      vertex 20.4 -2.78703 8.4
      vertex 20.4 -2.3 7.6
    endloop
  endfacet
  facet normal -1 0 0
    outer loop
      vertex 20.4 -2.78703 11.6
      vertex 20.4 -2.3 12.4
      vertex 20.4 -2.3 11.6
    endloop
  endfacet
  facet normal -1 0 0
    outer loop
      vertex 20.4 -3 12.4
      vertex 20.4 -2.79358 7.6
      vertex 20.4 -3 3.6
    endloop
  endfacet
  facet normal -1 0 0
    outer loop
      vertex 20.4 -2.78703 11.6
      vertex 20.4 -3 12.4
      vertex 20.4 -2.3 12.4
    endloop
  endfacet
  facet normal -1 0 0
    outer loop
      vertex 20.4 -2.78703 8.4
      vertex 20.4 -3 12.4
      vertex 20.4 -2.78703 11.6
    endloop
  endfacet
  facet normal 0 0 -1
    outer loop
      vertex 5 -3 4.4
      vertex 8.67125 -2.3 4.4
      vertex 8.67125 -3 4.4
    endloop
  endfacet
  facet normal -0 0 -1
    outer loop
      vertex 8.67125 -2.3 4.4
      vertex 5 -3 4.4
      vertex 5 -2.3 4.4
    endloop
  endfacet
  facet normal 0 0 -1
    outer loop
      vertex 17.3556 -2.79358 4.4
      vertex 20.4 -2.3 4.4
      vertex 20.4 -2.79358 4.4
    endloop
  endfacet
  facet normal -0 0 -1
    outer loop
      vertex 20.4 -2.3 4.4
      vertex 17.3556 -2.79358 4.4
      vertex 17.3556 -2.3 4.4
    endloop
  endfacet
  facet normal 0 0 -1
    outer loop
      vertex 9.47125 -3 4.4
      vertex 16.5556 -2.3 4.4
      vertex 16.5556 -3 4.4
    endloop
  endfacet
  facet normal -0 0 -1
    outer loop
      vertex 16.5556 -2.3 4.4
      vertex 9.47125 -3 4.4
      vertex 9.47125 -2.3 4.4
    endloop
  endfacet
  facet normal -0 0 1
    outer loop
      vertex 13.413 -2.3 3.6
      vertex 20.4 -3 3.6
      vertex 20.4 -2.3 3.6
    endloop
  endfacet
  facet normal 0 0 1
    outer loop
      vertex 20.4 -3 3.6
      vertex 13.413 -2.3 3.6
      vertex 13.413 -3 3.6
    endloop
  endfacet
  facet normal -0 0 1
    outer loop
      vertex 5 -2.3 3.6
      vertex 12.613 -2.76868 3.6
      vertex 12.613 -2.3 3.6
    endloop
  endfacet
  facet normal 0 0 1
    outer loop
      vertex 12.613 -2.76868 3.6
      vertex 5 -2.3 3.6
      vertex 5 -2.76868 3.6
    endloop
  endfacet
  facet normal 1 0 0
    outer loop
      vertex 5 -2.3 4.4
      vertex 5 -2.76868 3.6
      vertex 5 -2.3 3.6
    endloop
  endfacet
  facet normal 1 -0 0
    outer loop
      vertex 5 -3 4.4
      vertex 5 -2.76868 3.6
      vertex 5 -2.3 4.4
    endloop
  endfacet
  facet normal 1 0 0
    outer loop
      vertex 5 -3 0
      vertex 5 -2.76868 3.6
      vertex 5 -3 4.4
    endloop
  endfacet
  facet normal 1 0 0
    outer loop
      vertex 5 -2.76868 3.6
      vertex 5 -3 0
      vertex 5 -2.76868 0
    endloop
  endfacet
  facet normal 0 -1 0
    outer loop
      vertex 12.613 -2.3 0
      vertex 13.413 -2.3 3.6
      vertex 12.613 -2.3 3.6
    endloop
  endfacet
  facet normal 0 -1 -0
    outer loop
      vertex 13.413 -2.3 3.6
      vertex 12.613 -2.3 0
      vertex 13.413 -2.3 0
    endloop
  endfacet
  facet normal 0 -1 0
    outer loop
      vertex 5 -2.3 3.6
      vertex 8.67125 -2.3 4.4
      vertex 5 -2.3 4.4
    endloop
  endfacet
  facet normal 0 -1 0
    outer loop
      vertex 12.613 -2.3 3.6
      vertex 8.67125 -2.3 4.4
      vertex 5 -2.3 3.6
    endloop
  endfacet
  facet normal 0 -1 0
    outer loop
      vertex 9.47125 -2.3 4.4
      vertex 12.613 -2.3 3.6
      vertex 16.5556 -2.3 4.4
    endloop
  endfacet
  facet normal 0 -1 0
    outer loop
      vertex 13.413 -2.3 3.6
      vertex 16.5556 -2.3 4.4
      vertex 12.613 -2.3 3.6
    endloop
  endfacet
  facet normal 0 -1 0
    outer loop
      vertex 8.67125 -2.3 4.4
      vertex 12.613 -2.3 3.6
      vertex 9.47125 -2.3 4.4
    endloop
  endfacet
  facet normal 0 -1 -0
    outer loop
      vertex 16.5556 -2.3 4.4
      vertex 13.413 -2.3 3.6
      vertex 17.3556 -2.3 4.4
    endloop
  endfacet
  facet normal 0 -1 0
    outer loop
      vertex 20.4 -2.3 3.6
      vertex 17.3556 -2.3 4.4
      vertex 13.413 -2.3 3.6
    endloop
  endfacet
  facet normal 0 -1 0
    outer loop
      vertex 17.3556 -2.3 4.4
      vertex 20.4 -2.3 3.6
      vertex 20.4 -2.3 4.4
    endloop
  endfacet
  facet normal 0 -1 0
    outer loop
      vertex 16.5556 -2.3 4.4
      vertex 17.3556 -2.3 7.6
      vertex 16.5556 -2.3 7.6
    endloop
  endfacet
  facet normal 0 -1 -0
    outer loop
      vertex 17.3556 -2.3 7.6
      vertex 16.5556 -2.3 4.4
      vertex 17.3556 -2.3 4.4
    endloop
  endfacet
  facet normal 0 -1 0
    outer loop
      vertex 8.67125 -2.3 4.4
      vertex 9.47125 -2.3 7.6
      vertex 8.67125 -2.3 7.6
    endloop
  endfacet
  facet normal 0 -1 -0
    outer loop
      vertex 9.47125 -2.3 7.6
      vertex 8.67125 -2.3 4.4
      vertex 9.47125 -2.3 4.4
    endloop
  endfacet
  facet normal 0 -1 0
    outer loop
      vertex 8.67125 -2.3 7.6
      vertex 12.8715 -2.3 8.4
      vertex 5 -2.3 8.4
    endloop
  endfacet
  facet normal 0 -1 0
    outer loop
      vertex 16.5556 -2.3 7.6
      vertex 12.8715 -2.3 8.4
      vertex 9.47125 -2.3 7.6
    endloop
  endfacet
  facet normal 0 -1 0
    outer loop
      vertex 8.67125 -2.3 7.6
      vertex 5 -2.3 8.4
      vertex 5 -2.3 7.6
    endloop
  endfacet
  facet normal 0 -1 0
    outer loop
      vertex 12.8715 -2.3 8.4
      vertex 8.67125 -2.3 7.6
      vertex 9.47125 -2.3 7.6
    endloop
  endfacet
  facet normal 0 -1 0
    outer loop
      vertex 12.8715 -2.3 8.4
      vertex 16.5556 -2.3 7.6
      vertex 13.6715 -2.3 8.4
    endloop
  endfacet
  facet normal 0 -1 0
    outer loop
      vertex 17.3556 -2.3 7.6
      vertex 13.6715 -2.3 8.4
      vertex 16.5556 -2.3 7.6
    endloop
  endfacet
  facet normal 0 -1 0
    outer loop
      vertex 13.6715 -2.3 8.4
      vertex 17.3556 -2.3 7.6
      vertex 20.4 -2.3 8.4
    endloop
  endfacet
  facet normal 0 -1 -0
    outer loop
      vertex 20.4 -2.3 8.4
      vertex 17.3556 -2.3 7.6
      vertex 20.4 -2.3 7.6
    endloop
  endfacet
  facet normal 0 -1 0
    outer loop
      vertex 12.8715 -2.3 8.4
      vertex 13.6715 -2.3 11.6
      vertex 12.8715 -2.3 11.6
    endloop
  endfacet
  facet normal 0 -1 -0
    outer loop
      vertex 13.6715 -2.3 11.6
      vertex 12.8715 -2.3 8.4
      vertex 13.6715 -2.3 8.4
    endloop
  endfacet
  facet normal 0 -1 0
    outer loop
      vertex 5 -2.3 11.6
      vertex 8.95209 -2.3 12.4
      vertex 5 -2.3 12.4
    endloop
  endfacet
  facet normal 0 -1 0
    outer loop
      vertex 12.8715 -2.3 11.6
      vertex 8.95209 -2.3 12.4
      vertex 5 -2.3 11.6
    endloop
  endfacet
  facet normal 0 -1 0
    outer loop
      vertex 9.75209 -2.3 12.4
      vertex 12.8715 -2.3 11.6
      vertex 16.6879 -2.3 12.4
    endloop
  endfacet
  facet normal 0 -1 0
    outer loop
      vertex 13.6715 -2.3 11.6
      vertex 16.6879 -2.3 12.4
      vertex 12.8715 -2.3 11.6
    endloop
  endfacet
  facet normal 0 -1 0
    outer loop
      vertex 8.95209 -2.3 12.4
      vertex 12.8715 -2.3 11.6
      vertex 9.75209 -2.3 12.4
    endloop
  endfacet
  facet normal 0 -1 -0
    outer loop
      vertex 16.6879 -2.3 12.4
      vertex 13.6715 -2.3 11.6
      vertex 17.4879 -2.3 12.4
    endloop
  endfacet
  facet normal 0 -1 0
    outer loop
      vertex 20.4 -2.3 11.6
      vertex 17.4879 -2.3 12.4
      vertex 13.6715 -2.3 11.6
    endloop
  endfacet
  facet normal 0 -1 0
    outer loop
      vertex 17.4879 -2.3 12.4
      vertex 20.4 -2.3 11.6
      vertex 20.4 -2.3 12.4
    endloop
  endfacet
  facet normal 0 -1 0
    outer loop
      vertex 16.6879 -2.3 12.4
      vertex 17.4879 -2.3 15.6
      vertex 16.6879 -2.3 15.6
    endloop
  endfacet
  facet normal 0 -1 -0
    outer loop
      vertex 17.4879 -2.3 15.6
      vertex 16.6879 -2.3 12.4
      vertex 17.4879 -2.3 12.4
    endloop
  endfacet
  facet normal 0 -1 0
    outer loop
      vertex 8.95209 -2.3 12.4
      vertex 9.75209 -2.3 15.6
      vertex 8.95209 -2.3 15.6
    endloop
  endfacet
  facet normal 0 -1 -0
    outer loop
      vertex 9.75209 -2.3 15.6
      vertex 8.95209 -2.3 12.4
      vertex 9.75209 -2.3 12.4
    endloop
  endfacet
  facet normal 0 -1 0
    outer loop
      vertex 8.95209 -2.3 15.6
      vertex 12.3701 -2.3 16.4
      vertex 5 -2.3 16.4
    endloop
  endfacet
  facet normal 0 -1 0
    outer loop
      vertex 9.75209 -2.3 15.6
      vertex 12.3701 -2.3 16.4
      vertex 8.95209 -2.3 15.6
    endloop
  endfacet
  facet normal 0 -1 0
    outer loop
      vertex 8.95209 -2.3 15.6
      vertex 5 -2.3 16.4
      vertex 5 -2.3 15.6
    endloop
  endfacet
  facet normal 0 -1 -0
    outer loop
      vertex 12.3701 -2.3 16.4
      vertex 9.75209 -2.3 15.6
      vertex 13.1701 -2.3 16.4
    endloop
  endfacet
  facet normal 0 -1 0
    outer loop
      vertex 16.6879 -2.3 15.6
      vertex 13.1701 -2.3 16.4
      vertex 9.75209 -2.3 15.6
    endloop
  endfacet
  facet normal 0 -1 0
    outer loop
      vertex 13.1701 -2.3 16.4
      vertex 16.6879 -2.3 15.6
      vertex 20.4 -2.3 16.4
    endloop
  endfacet
  facet normal 0 -1 0
    outer loop
      vertex 17.4879 -2.3 15.6
      vertex 20.4 -2.3 16.4
      vertex 16.6879 -2.3 15.6
    endloop
  endfacet
  facet normal 0 -1 -0
    outer loop
      vertex 20.4 -2.3 16.4
      vertex 17.4879 -2.3 15.6
      vertex 20.4 -2.3 15.6
    endloop
  endfacet
  facet normal 0 -1 0
    outer loop
      vertex 12.3701 -2.3 16.4
      vertex 13.1701 -2.3 19.6
      vertex 12.3701 -2.3 19.6
    endloop
  endfacet
  facet normal 0 -1 -0
    outer loop
      vertex 13.1701 -2.3 19.6
      vertex 12.3701 -2.3 16.4
      vertex 13.1701 -2.3 16.4
    endloop
  endfacet
  facet normal 0 -1 0
    outer loop
      vertex 5 -2.3 19.6
      vertex 8.82632 -2.3 20.4
      vertex 5 -2.3 20.4
    endloop
  endfacet
  facet normal 0 -1 0
    outer loop
      vertex 12.3701 -2.3 19.6
      vertex 8.82632 -2.3 20.4
      vertex 5 -2.3 19.6
    endloop
  endfacet
  facet normal 0 -1 0
    outer loop
      vertex 13.1701 -2.3 19.6
      vertex 9.62632 -2.3 20.4
      vertex 12.3701 -2.3 19.6
    endloop
  endfacet
  facet normal 0 -1 0
    outer loop
      vertex 9.62632 -2.3 20.4
      vertex 13.1701 -2.3 19.6
      vertex 16.3407 -2.3 20.4
    endloop
  endfacet
  facet normal 0 -1 0
    outer loop
      vertex 8.82632 -2.3 20.4
      vertex 12.3701 -2.3 19.6
      vertex 9.62632 -2.3 20.4
    endloop
  endfacet
  facet normal 0 -1 -0
    outer loop
      vertex 16.3407 -2.3 20.4
      vertex 13.1701 -2.3 19.6
      vertex 17.1407 -2.3 20.4
    endloop
  endfacet
  facet normal 0 -1 0
    outer loop
      vertex 20.4 -2.3 19.6
      vertex 17.1407 -2.3 20.4
      vertex 13.1701 -2.3 19.6
    endloop
  endfacet
  facet normal 0 -1 0
    outer loop
      vertex 17.1407 -2.3 20.4
      vertex 20.4 -2.3 19.6
      vertex 20.4 -2.3 20.4
    endloop
  endfacet
  facet normal 0 -1 0
    outer loop
      vertex 8.82632 -2.3 20.4
      vertex 9.62632 -2.3 24
      vertex 8.82632 -2.3 24
    endloop
  endfacet
  facet normal 0 -1 -0
    outer loop
      vertex 9.62632 -2.3 24
      vertex 8.82632 -2.3 20.4
      vertex 9.62632 -2.3 20.4
    endloop
  endfacet
  facet normal 0 -1 0
    outer loop
      vertex 16.3407 -2.3 20.4
      vertex 17.1407 -2.3 24
      vertex 16.3407 -2.3 24
    endloop
  endfacet
  facet normal 0 -1 -0
    outer loop
      vertex 17.1407 -2.3 24
      vertex 16.3407 -2.3 20.4
      vertex 17.1407 -2.3 20.4
    endloop
  endfacet
  facet normal 0 0 -1
    outer loop
      vertex 5 -2.79282 8.4
      vertex 12.8715 -2.3 8.4
      vertex 12.8715 -2.79282 8.4
    endloop
  endfacet
  facet normal -0 0 -1
    outer loop
      vertex 12.8715 -2.3 8.4
      vertex 5 -2.79282 8.4
      vertex 5 -2.3 8.4
    endloop
  endfacet
  facet normal 0 0 -1
    outer loop
      vertex 13.6715 -2.78703 8.4
      vertex 20.4 -2.3 8.4
      vertex 20.4 -2.78703 8.4
    endloop
  endfacet
  facet normal -0 0 -1
    outer loop
      vertex 20.4 -2.3 8.4
      vertex 13.6715 -2.78703 8.4
      vertex 13.6715 -2.3 8.4
    endloop
  endfacet
  facet normal -0 0 1
    outer loop
      vertex 17.3556 -2.3 7.6
      vertex 20.4 -2.79358 7.6
      vertex 20.4 -2.3 7.6
    endloop
  endfacet
  facet normal 0 0 1
    outer loop
      vertex 20.4 -2.79358 7.6
      vertex 17.3556 -2.3 7.6
      vertex 17.3556 -2.79358 7.6
    endloop
  endfacet
  facet normal -0 0 1
    outer loop
      vertex 5 -2.3 7.6
      vertex 8.67125 -3 7.6
      vertex 8.67125 -2.3 7.6
    endloop
  endfacet
  facet normal 0 0 1
    outer loop
      vertex 8.67125 -3 7.6
      vertex 5 -2.3 7.6
      vertex 5 -3 7.6
    endloop
  endfacet
  facet normal -0 0 1
    outer loop
      vertex 9.47125 -2.3 7.6
      vertex 16.5556 -3 7.6
      vertex 16.5556 -2.3 7.6
    endloop
  endfacet
  facet normal 0 0 1
    outer loop
      vertex 16.5556 -3 7.6
      vertex 9.47125 -2.3 7.6
      vertex 9.47125 -3 7.6
    endloop
  endfacet
  facet normal 1 0 0
    outer loop
      vertex 5 -2.3 12.4
      vertex 5 -2.79282 11.6
      vertex 5 -2.3 11.6
    endloop
  endfacet
  facet normal 1 0 0
    outer loop
      vertex 5 -2.79282 11.6
      vertex 5 -3 12.4
      vertex 5 -2.79282 8.4
    endloop
  endfacet
  facet normal 1 -0 0
    outer loop
      vertex 5 -3 12.4
      vertex 5 -2.79282 11.6
      vertex 5 -2.3 12.4
    endloop
  endfacet
  facet normal 1 -0 0
    outer loop
      vertex 5 -2.79282 8.4
      vertex 5 -2.3 7.6
      vertex 5 -2.3 8.4
    endloop
  endfacet
  facet normal 1 0 0
    outer loop
      vertex 5 -2.79282 8.4
      vertex 5 -3 7.6
      vertex 5 -2.3 7.6
    endloop
  endfacet
  facet normal 1 0 0
    outer loop
      vertex 5 -3 7.6
      vertex 5 -2.79282 8.4
      vertex 5 -3 12.4
    endloop
  endfacet
  facet normal 0 0 -1
    outer loop
      vertex 5 -3 12.4
      vertex 8.95209 -2.3 12.4
      vertex 8.95209 -3 12.4
    endloop
  endfacet
  facet normal -0 0 -1
    outer loop
      vertex 8.95209 -2.3 12.4
      vertex 5 -3 12.4
      vertex 5 -2.3 12.4
    endloop
  endfacet
  facet normal 0 0 -1
    outer loop
      vertex 17.4879 -3 12.4
      vertex 20.4 -2.3 12.4
      vertex 20.4 -3 12.4
    endloop
  endfacet
  facet normal -0 0 -1
    outer loop
      vertex 20.4 -2.3 12.4
      vertex 17.4879 -3 12.4
      vertex 17.4879 -2.3 12.4
    endloop
  endfacet
  facet normal 0 0 -1
    outer loop
      vertex 9.75209 -3 12.4
      vertex 16.6879 -2.3 12.4
      vertex 16.6879 -3 12.4
    endloop
  endfacet
  facet normal -0 0 -1
    outer loop
      vertex 16.6879 -2.3 12.4
      vertex 9.75209 -3 12.4
      vertex 9.75209 -2.3 12.4
    endloop
  endfacet
  facet normal -0 0 1
    outer loop
      vertex 13.6715 -2.3 11.6
      vertex 20.4 -2.78703 11.6
      vertex 20.4 -2.3 11.6
    endloop
  endfacet
  facet normal 0 0 1
    outer loop
      vertex 20.4 -2.78703 11.6
      vertex 13.6715 -2.3 11.6
      vertex 13.6715 -2.78703 11.6
    endloop
  endfacet
  facet normal -0 0 1
    outer loop
      vertex 5 -2.3 11.6
      vertex 12.8715 -2.79282 11.6
      vertex 12.8715 -2.3 11.6
    endloop
  endfacet
  facet normal 0 0 1
    outer loop
      vertex 12.8715 -2.79282 11.6
      vertex 5 -2.3 11.6
      vertex 5 -2.79282 11.6
    endloop
  endfacet
  facet normal -1 0 0
    outer loop
      vertex 20.4 -3 15.6
      vertex 20.4 -2.3 16.4
      vertex 20.4 -2.3 15.6
    endloop
  endfacet
  facet normal -1 -0 0
    outer loop
      vertex 20.4 -2.3 16.4
      vertex 20.4 -3 15.6
      vertex 20.4 -3 16.4
    endloop
  endfacet
  facet normal 0 0 -1
    outer loop
      vertex 5 -3 16.4
      vertex 12.3701 -2.3 16.4
      vertex 12.3701 -3 16.4
    endloop
  endfacet
  facet normal -0 0 -1
    outer loop
      vertex 12.3701 -2.3 16.4
      vertex 5 -3 16.4
      vertex 5 -2.3 16.4
    endloop
  endfacet
  facet normal 0 0 -1
    outer loop
      vertex 13.1701 -3 16.4
      vertex 20.4 -2.3 16.4
      vertex 20.4 -3 16.4
    endloop
  endfacet
  facet normal -0 0 -1
    outer loop
      vertex 20.4 -2.3 16.4
      vertex 13.1701 -3 16.4
      vertex 13.1701 -2.3 16.4
    endloop
  endfacet
  facet normal -0 0 1
    outer loop
      vertex 17.4879 -2.3 15.6
      vertex 20.4 -3 15.6
      vertex 20.4 -2.3 15.6
    endloop
  endfacet
  facet normal 0 0 1
    outer loop
      vertex 20.4 -3 15.6
      vertex 17.4879 -2.3 15.6
      vertex 17.4879 -3 15.6
    endloop
  endfacet
  facet normal -0 0 1
    outer loop
      vertex 5 -2.3 15.6
      vertex 8.95209 -3 15.6
      vertex 8.95209 -2.3 15.6
    endloop
  endfacet
  facet normal 0 0 1
    outer loop
      vertex 8.95209 -3 15.6
      vertex 5 -2.3 15.6
      vertex 5 -3 15.6
    endloop
  endfacet
  facet normal -0 0 1
    outer loop
      vertex 9.75209 -2.3 15.6
      vertex 16.6879 -3 15.6
      vertex 16.6879 -2.3 15.6
    endloop
  endfacet
  facet normal 0 0 1
    outer loop
      vertex 16.6879 -3 15.6
      vertex 9.75209 -2.3 15.6
      vertex 9.75209 -3 15.6
    endloop
  endfacet
  facet normal 1 -0 0
    outer loop
      vertex 5 -3 16.4
      vertex 5 -2.3 15.6
      vertex 5 -2.3 16.4
    endloop
  endfacet
  facet normal 1 0 0
    outer loop
      vertex 5 -2.3 15.6
      vertex 5 -3 16.4
      vertex 5 -3 15.6
    endloop
  endfacet
  facet normal -1 0 0
    outer loop
      vertex 20.4 -2.3 19.6
      vertex 20.4 -2.70474 20.4
      vertex 20.4 -2.3 20.4
    endloop
  endfacet
  facet normal -1 0 0
    outer loop
      vertex 20.4 -3 19.6
      vertex 20.4 -2.70474 20.4
      vertex 20.4 -2.3 19.6
    endloop
  endfacet
  facet normal -1 0 0
    outer loop
      vertex 20.4 -3 24
      vertex 20.4 -2.70474 20.4
      vertex 20.4 -3 19.6
    endloop
  endfacet
  facet normal -1 0 0
    outer loop
      vertex 20.4 -2.70474 20.4
      vertex 20.4 -3 24
      vertex 20.4 -2.70474 24
    endloop
  endfacet
  facet normal 0 0 -1
    outer loop
      vertex 5 -3 20.4
      vertex 8.82632 -2.3 20.4
      vertex 8.82632 -3 20.4
    endloop
  endfacet
  facet normal -0 0 -1
    outer loop
      vertex 8.82632 -2.3 20.4
      vertex 5 -3 20.4
      vertex 5 -2.3 20.4
    endloop
  endfacet
  facet normal 0 0 -1
    outer loop
      vertex 17.1407 -2.70474 20.4
      vertex 20.4 -2.3 20.4
      vertex 20.4 -2.70474 20.4
    endloop
  endfacet
  facet normal -0 0 -1
    outer loop
      vertex 20.4 -2.3 20.4
      vertex 17.1407 -2.70474 20.4
      vertex 17.1407 -2.3 20.4
    endloop
  endfacet
  facet normal 0 0 -1
    outer loop
      vertex 9.62632 -2.79824 20.4
      vertex 16.3407 -2.3 20.4
      vertex 16.3407 -2.79824 20.4
    endloop
  endfacet
  facet normal -0 0 -1
    outer loop
      vertex 16.3407 -2.3 20.4
      vertex 9.62632 -2.79824 20.4
      vertex 9.62632 -2.3 20.4
    endloop
  endfacet
  facet normal -0 0 1
    outer loop
      vertex 13.1701 -2.3 19.6
      vertex 20.4 -3 19.6
      vertex 20.4 -2.3 19.6
    endloop
  endfacet
  facet normal 0 0 1
    outer loop
      vertex 20.4 -3 19.6
      vertex 13.1701 -2.3 19.6
      vertex 13.1701 -3 19.6
    endloop
  endfacet
  facet normal -0 0 1
    outer loop
      vertex 5 -2.3 19.6
      vertex 12.3701 -3 19.6
      vertex 12.3701 -2.3 19.6
    endloop
  endfacet
  facet normal 0 0 1
    outer loop
      vertex 12.3701 -3 19.6
      vertex 5 -2.3 19.6
      vertex 5 -3 19.6
    endloop
  endfacet
  facet normal 1 -0 0
    outer loop
      vertex 5 -3 20.4
      vertex 5 -2.3 19.6
      vertex 5 -2.3 20.4
    endloop
  endfacet
  facet normal 1 0 0
    outer loop
      vertex 5 -2.3 19.6
      vertex 5 -3 20.4
      vertex 5 -3 19.6
    endloop
  endfacet
  facet normal -1 0 0
    outer loop
      vertex 9.47125 -3 4.4
      vertex 9.47125 -2.3 7.6
      vertex 9.47125 -2.3 4.4
    endloop
  endfacet
  facet normal -1 -0 0
    outer loop
      vertex 9.47125 -2.3 7.6
      vertex 9.47125 -3 4.4
      vertex 9.47125 -3 7.6
    endloop
  endfacet
  facet normal 1 -0 0
    outer loop
      vertex 8.67125 -3 7.6
      vertex 8.67125 -2.3 4.4
      vertex 8.67125 -2.3 7.6
    endloop
  endfacet
  facet normal 1 0 0
    outer loop
      vertex 8.67125 -2.3 4.4
      vertex 8.67125 -3 7.6
      vertex 8.67125 -3 4.4
    endloop
  endfacet
  facet normal -1 0 0
    outer loop
      vertex 17.3556 -2.79358 4.4
      vertex 17.3556 -2.3 7.6
      vertex 17.3556 -2.3 4.4
    endloop
  endfacet
  facet normal -1 -0 0
    outer loop
      vertex 17.3556 -2.3 7.6
      vertex 17.3556 -2.79358 4.4
      vertex 17.3556 -2.79358 7.6
    endloop
  endfacet
  facet normal 1 -0 0
    outer loop
      vertex 16.5556 -3 7.6
      vertex 16.5556 -2.3 4.4
      vertex 16.5556 -2.3 7.6
    endloop
  endfacet
  facet normal 1 0 0
    outer loop
      vertex 16.5556 -2.3 4.4
      vertex 16.5556 -3 7.6
      vertex 16.5556 -3 4.4
    endloop
  endfacet
  facet normal -1 0 0
    outer loop
      vertex 9.75209 -3 12.4
      vertex 9.75209 -2.3 15.6
      vertex 9.75209 -2.3 12.4
    endloop
  endfacet
  facet normal -1 -0 0
    outer loop
      vertex 9.75209 -2.3 15.6
      vertex 9.75209 -3 12.4
      vertex 9.75209 -3 15.6
    endloop
  endfacet
  facet normal 1 -0 0
    outer loop
      vertex 8.95209 -3 15.6
      vertex 8.95209 -2.3 12.4
      vertex 8.95209 -2.3 15.6
    endloop
  endfacet
  facet normal 1 0 0
    outer loop
      vertex 8.95209 -2.3 12.4
      vertex 8.95209 -3 15.6
      vertex 8.95209 -3 12.4
    endloop
  endfacet
  facet normal -1 0 0
    outer loop
      vertex 17.4879 -3 12.4
      vertex 17.4879 -2.3 15.6
      vertex 17.4879 -2.3 12.4
    endloop
  endfacet
  facet normal -1 -0 0
    outer loop
      vertex 17.4879 -2.3 15.6
      vertex 17.4879 -3 12.4
      vertex 17.4879 -3 15.6
    endloop
  endfacet
  facet normal 1 -0 0
    outer loop
      vertex 16.6879 -3 15.6
      vertex 16.6879 -2.3 12.4
      vertex 16.6879 -2.3 15.6
    endloop
  endfacet
  facet normal 1 0 0
    outer loop
      vertex 16.6879 -2.3 12.4
      vertex 16.6879 -3 15.6
      vertex 16.6879 -3 12.4
    endloop
  endfacet
  facet normal -1 0 0
    outer loop
      vertex 9.62632 -2.79824 20.4
      vertex 9.62632 -2.3 24
      vertex 9.62632 -2.3 20.4
    endloop
  endfacet
  facet normal -1 -0 0
    outer loop
      vertex 9.62632 -2.3 24
      vertex 9.62632 -2.79824 20.4
      vertex 9.62632 -2.79824 24
    endloop
  endfacet
  facet normal 0 0 -1
    outer loop
      vertex 20.4 -3 24
      vertex 17.1407 -2.70474 24
      vertex 20.4 -2.70474 24
    endloop
  endfacet
  facet normal 0 0 -1
    outer loop
      vertex 16.3407 -2.3 24
      vertex 17.1407 -2.70474 24
      vertex 16.3407 -2.79824 24
    endloop
  endfacet
  facet normal 0 0 -1
    outer loop
      vertex 20.4 -3 24
      vertex 16.3407 -2.79824 24
      vertex 17.1407 -2.70474 24
    endloop
  endfacet
  facet normal 0 0 -1
    outer loop
      vertex 8.82632 -3 24
      vertex 16.3407 -2.79824 24
      vertex 20.4 -3 24
    endloop
  endfacet
  facet normal -0 0 -1
    outer loop
      vertex 16.3407 -2.79824 24
      vertex 8.82632 -3 24
      vertex 9.62632 -2.79824 24
    endloop
  endfacet
  facet normal 0 0 -1
    outer loop
      vertex 8.82632 -2.3 24
      vertex 9.62632 -2.79824 24
      vertex 8.82632 -3 24
    endloop
  endfacet
  facet normal 0 0 -1
    outer loop
      vertex 9.62632 -2.79824 24
      vertex 8.82632 -2.3 24
      vertex 9.62632 -2.3 24
    endloop
  endfacet
  facet normal 0 0 -1
    outer loop
      vertex 17.1407 -2.70474 24
      vertex 16.3407 -2.3 24
      vertex 17.1407 -2.3 24
    endloop
  endfacet
  facet normal 1 -0 0
    outer loop
      vertex 8.82632 -3 24
      vertex 8.82632 -2.3 20.4
      vertex 8.82632 -2.3 24
    endloop
  endfacet
  facet normal 1 0 0
    outer loop
      vertex 8.82632 -2.3 20.4
      vertex 8.82632 -3 24
      vertex 8.82632 -3 20.4
    endloop
  endfacet
  facet normal -1 0 0
    outer loop
      vertex 17.1407 -2.70474 20.4
      vertex 17.1407 -2.3 24
      vertex 17.1407 -2.3 20.4
    endloop
  endfacet
  facet normal -1 -0 0
    outer loop
      vertex 17.1407 -2.3 24
      vertex 17.1407 -2.70474 20.4
      vertex 17.1407 -2.70474 24
    endloop
  endfacet
  facet normal 1 -0 0
    outer loop
      vertex 16.3407 -2.79824 24
      vertex 16.3407 -2.3 20.4
      vertex 16.3407 -2.3 24
    endloop
  endfacet
  facet normal 1 0 0
    outer loop
      vertex 16.3407 -2.3 20.4
      vertex 16.3407 -2.79824 24
      vertex 16.3407 -2.79824 20.4
    endloop
  endfacet
  facet normal -1 0 0
    outer loop
      vertex 13.413 -3 0
      vertex 13.413 -2.3 3.6
      vertex 13.413 -2.3 0
    endloop
  endfacet
  facet normal -1 -0 0
    outer loop
      vertex 13.413 -2.3 3.6
      vertex 13.413 -3 0
      vertex 13.413 -3 3.6
    endloop
  endfacet
  facet normal 1 -0 0
    outer loop
      vertex 12.613 -2.76868 3.6
      vertex 12.613 -2.3 0
      vertex 12.613 -2.3 3.6
    endloop
  endfacet
  facet normal 1 0 0
    outer loop
      vertex 12.613 -2.3 0
      vertex 12.613 -2.76868 3.6
      vertex 12.613 -2.76868 0
    endloop
  endfacet
  facet normal -1 0 0
    outer loop
      vertex 13.6715 -2.78703 8.4
      vertex 13.6715 -2.3 11.6
      vertex 13.6715 -2.3 8.4
    endloop
  endfacet
  facet normal -1 -0 0
    outer loop
      vertex 13.6715 -2.3 11.6
      vertex 13.6715 -2.78703 8.4
      vertex 13.6715 -2.78703 11.6
    endloop
  endfacet
  facet normal 1 -0 0
    outer loop
      vertex 12.8715 -2.79282 11.6
      vertex 12.8715 -2.3 8.4
      vertex 12.8715 -2.3 11.6
    endloop
  endfacet
  facet normal 1 0 0
    outer loop
      vertex 12.8715 -2.3 8.4
      vertex 12.8715 -2.79282 11.6
      vertex 12.8715 -2.79282 8.4
    endloop
  endfacet
  facet normal -1 0 0
    outer loop
      vertex 13.1701 -3 16.4
      vertex 13.1701 -2.3 19.6
      vertex 13.1701 -2.3 16.4
    endloop
  endfacet
  facet normal -1 -0 0
    outer loop
      vertex 13.1701 -2.3 19.6
      vertex 13.1701 -3 16.4
      vertex 13.1701 -3 19.6
    endloop
  endfacet
  facet normal 1 -0 0
    outer loop
      vertex 12.3701 -3 19.6
      vertex 12.3701 -2.3 16.4
      vertex 12.3701 -2.3 19.6
    endloop
  endfacet
  facet normal 1 0 0
    outer loop
      vertex 12.3701 -2.3 16.4
      vertex 12.3701 -3 19.6
      vertex 12.3701 -3 16.4
    endloop
  endfacet
  facet normal 0 -1 0
    outer loop
      vertex 5 -2.79282 8.4
      vertex 12.8715 -2.79282 11.6
      vertex 5 -2.79282 11.6
    endloop
  endfacet
  facet normal 0 -1 -0
    outer loop
      vertex 12.8715 -2.79282 11.6
      vertex 5 -2.79282 8.4
      vertex 12.8715 -2.79282 8.4
    endloop
  endfacet
  facet normal 0 -1 0
    outer loop
      vertex 13.6715 -2.78703 8.4
      vertex 20.4 -2.78703 11.6
      vertex 13.6715 -2.78703 11.6
    endloop
  endfacet
  facet normal 0 -1 -0
    outer loop
      vertex 20.4 -2.78703 11.6
      vertex 13.6715 -2.78703 8.4
      vertex 20.4 -2.78703 8.4
    endloop
  endfacet
  facet normal 0 -1 0
    outer loop
      vertex 9.62632 -2.79824 20.4
      vertex 16.3407 -2.79824 24
      vertex 9.62632 -2.79824 24
    endloop
  endfacet
  facet normal 0 -1 -0
    outer loop
      vertex 16.3407 -2.79824 24
      vertex 9.62632 -2.79824 20.4
      vertex 16.3407 -2.79824 20.4
    endloop
  endfacet
  facet normal 0 -1 0
    outer loop
      vertex 17.1407 -2.70474 20.4
      vertex 20.4 -2.70474 24
      vertex 17.1407 -2.70474 24
    endloop
  endfacet
  facet normal 0 -1 -0
    outer loop
      vertex 20.4 -2.70474 24
      vertex 17.1407 -2.70474 20.4
      vertex 20.4 -2.70474 20.4
    endloop
  endfacet
  facet normal 0 -1 0
    outer loop
      vertex 5 -2.76868 0
      vertex 12.613 -2.76868 3.6
      vertex 5 -2.76868 3.6
    endloop
  endfacet
  facet normal 0 -1 -0
    outer loop
      vertex 12.613 -2.76868 3.6
      vertex 5 -2.76868 0
      vertex 12.613 -2.76868 0
    endloop
  endfacet
  facet normal 0 -1 0
    outer loop
      vertex 17.3556 -2.79358 4.4
      vertex 20.4 -2.79358 7.6
      vertex 17.3556 -2.79358 7.6
    endloop
  endfacet
  facet normal 0 -1 -0
    outer loop
      vertex 20.4 -2.79358 7.6
      vertex 17.3556 -2.79358 4.4
      vertex 20.4 -2.79358 4.4
    endloop
  endfacet
  facet normal -0 0 1
    outer loop
      vertex 0 1.5 -0.00999928
      vertex 4.14999 -1.5 -0.00999928
      vertex 4.14999 1.5 -0.00999928
    endloop
  endfacet
  facet normal 0 0 1
    outer loop
      vertex 4.14999 -1.5 -0.00999928
      vertex 0 1.5 -0.00999928
      vertex 0 -1.5 -0.00999928
    endloop
  endfacet
  facet normal -1 0 0
    outer loop
      vertex 4.14999 1.5 -0.00999928
      vertex 4.14999 -1.5 -0.00999928
      vertex 4.14999 1.5 0
    endloop
  endfacet
  facet normal -1 0 0
    outer loop
      vertex 4.14999 1.5 0
      vertex 4.14999 2.54999 25.4
      vertex 4.14999 2.54999 0
    endloop
  endfacet
  facet normal -1 0 0
    outer loop
      vertex 4.14999 -1.5 0
      vertex 4.14999 1.5 0
      vertex 4.14999 -1.5 -0.00999928
    endloop
  endfacet
  facet normal -1 0 0
    outer loop
      vertex 4.14999 1.5 0
      vertex 4.14999 -1.5 0
      vertex 4.14999 2.54999 25.4
    endloop
  endfacet
  facet normal -1 0 0
    outer loop
      vertex 4.14999 -2.54999 25.4
      vertex 4.14999 -1.5 0
      vertex 4.14999 -2.54999 0
    endloop
  endfacet
  facet normal -1 0 0
    outer loop
      vertex 4.14999 -1.5 0
      vertex 4.14999 -2.54999 25.4
      vertex 4.14999 2.54999 25.4
    endloop
  endfacet
  facet normal 0.211453 0.977388 -0
    outer loop
      vertex 4.14999 -2.54999 0
      vertex 0 -1.65216 25.4
      vertex 4.14999 -2.54999 25.4
    endloop
  endfacet
  facet normal 0.211453 0.977388 0
    outer loop
      vertex 0 -1.65216 25.4
      vertex 4.14999 -2.54999 0
      vertex 0 -1.65216 0
    endloop
  endfacet
  facet normal 0.211453 -0.977388 0
    outer loop
      vertex 0 1.65216 0
      vertex 4.14999 2.54999 25.4
      vertex 0 1.65216 25.4
    endloop
  endfacet
  facet normal 0.211453 -0.977388 0
    outer loop
      vertex 4.14999 2.54999 25.4
      vertex 0 1.65216 0
      vertex 4.14999 2.54999 0
    endloop
  endfacet
  facet normal 0 0 -1
    outer loop
      vertex 12.9408 -0.666183 -1.05
      vertex 13.3028 1.24585 -1.05
      vertex 13.3028 -0.666183 -1.05
    endloop
  endfacet
  facet normal -0 0 -1
    outer loop
      vertex 13.3028 1.24585 -1.05
      vertex 12.9408 -0.666183 -1.05
      vertex 12.9408 1.24585 -1.05
    endloop
  endfacet
  facet normal 0 0 -1
    outer loop
      vertex 12.2248 -0.666183 -1.05
      vertex 12.5869 1.24585 -1.05
      vertex 12.5869 -0.666183 -1.05
    endloop
  endfacet
  facet normal -0 0 -1
    outer loop
      vertex 12.5869 1.24585 -1.05
      vertex 12.2248 -0.666183 -1.05
      vertex 12.2248 1.24585 -1.05
    endloop
  endfacet
  facet normal 0 0 -1
    outer loop
      vertex 23.6208 -0.199982 -1.05
      vertex 23.9739 -0.310974 -1.05
      vertex 23.919 -0.412674 -1.05
    endloop
  endfacet
  facet normal 0 0 -1
    outer loop
      vertex 23.5888 -0.257278 -1.05
      vertex 23.919 -0.412674 -1.05
      vertex 23.8464 -0.498444 -1.05
    endloop
  endfacet
  facet normal 0 0 -1
    outer loop
      vertex 23.548 -0.304657 -1.05
      vertex 23.8464 -0.498444 -1.05
      vertex 23.756 -0.568253 -1.05
    endloop
  endfacet
  facet normal 0 0 -1
    outer loop
      vertex 23.548 -0.304657 -1.05
      vertex 23.756 -0.568253 -1.05
      vertex 23.6474 -0.622375 -1.05
    endloop
  endfacet
  facet normal 0 0 -1
    outer loop
      vertex 23.919 -0.412674 -1.05
      vertex 23.5888 -0.257278 -1.05
      vertex 23.6208 -0.199982 -1.05
    endloop
  endfacet
  facet normal 0 0 -1
    outer loop
      vertex 23.9739 -0.310974 -1.05
      vertex 23.6439 -0.132767 -1.05
      vertex 24.0111 -0.193329 -1.05
    endloop
  endfacet
  facet normal 0 -0 -1
    outer loop
      vertex 23.6439 -0.132767 -1.05
      vertex 23.9739 -0.310974 -1.05
      vertex 23.6208 -0.199982 -1.05
    endloop
  endfacet
  facet normal 0 0 -1
    outer loop
      vertex 23.8464 -0.498444 -1.05
      vertex 23.548 -0.304657 -1.05
      vertex 23.5888 -0.257278 -1.05
    endloop
  endfacet
  facet normal 0 0 -1
    outer loop
      vertex 23.4983 -0.342148 -1.05
      vertex 23.6474 -0.622375 -1.05
      vertex 23.5199 -0.661026 -1.05
    endloop
  endfacet
  facet normal 0 0 -1
    outer loop
      vertex 23.6474 -0.622375 -1.05
      vertex 23.4983 -0.342148 -1.05
      vertex 23.548 -0.304657 -1.05
    endloop
  endfacet
  facet normal 0 0 -1
    outer loop
      vertex 23.5199 -0.661026 -1.05
      vertex 23.439 -0.370621 -1.05
      vertex 23.4983 -0.342148 -1.05
    endloop
  endfacet
  facet normal 0 0 -1
    outer loop
      vertex 23.3692 -0.390945 -1.05
      vertex 23.5199 -0.661026 -1.05
      vertex 23.3736 -0.684219 -1.05
    endloop
  endfacet
  facet normal 0 0 -1
    outer loop
      vertex 23.5199 -0.661026 -1.05
      vertex 23.3692 -0.390945 -1.05
      vertex 23.439 -0.370621 -1.05
    endloop
  endfacet
  facet normal 0 0 -1
    outer loop
      vertex 23.3736 -0.684219 -1.05
      vertex 23.2889 -0.403137 -1.05
      vertex 23.3692 -0.390945 -1.05
    endloop
  endfacet
  facet normal 0 0 -1
    outer loop
      vertex 23.2084 -0.69194 -1.05
      vertex 23.2889 -0.403137 -1.05
      vertex 23.3736 -0.684219 -1.05
    endloop
  endfacet
  facet normal 0 0 -1
    outer loop
      vertex 23.2084 -0.69194 -1.05
      vertex 23.1981 -0.407211 -1.05
      vertex 23.2889 -0.403137 -1.05
    endloop
  endfacet
  facet normal 0 0 -1
    outer loop
      vertex 23.0287 -0.683121 -1.05
      vertex 23.1981 -0.407211 -1.05
      vertex 23.2084 -0.69194 -1.05
    endloop
  endfacet
  facet normal 0 0 -1
    outer loop
      vertex 23.0287 -0.683121 -1.05
      vertex 23.0239 -0.392075 -1.05
      vertex 23.1981 -0.407211 -1.05
    endloop
  endfacet
  facet normal 0 0 -1
    outer loop
      vertex 22.872 -0.656677 -1.05
      vertex 23.0239 -0.392075 -1.05
      vertex 23.0287 -0.683121 -1.05
    endloop
  endfacet
  facet normal -0 0 -1
    outer loop
      vertex 23.0239 -0.392075 -1.05
      vertex 22.872 -0.656677 -1.05
      vertex 22.8995 -0.346649 -1.05
    endloop
  endfacet
  facet normal 0 0 -1
    outer loop
      vertex 22.7384 -0.612595 -1.05
      vertex 22.8995 -0.346649 -1.05
      vertex 22.872 -0.656677 -1.05
    endloop
  endfacet
  facet normal 0 0 -1
    outer loop
      vertex 22.628 -0.550873 -1.05
      vertex 22.8995 -0.346649 -1.05
      vertex 22.7384 -0.612595 -1.05
    endloop
  endfacet
  facet normal -0 0 -1
    outer loop
      vertex 22.8995 -0.346649 -1.05
      vertex 22.628 -0.550873 -1.05
      vertex 22.8249 -0.27095 -1.05
    endloop
  endfacet
  facet normal 0 0 -1
    outer loop
      vertex 22.5415 -0.472473 -1.05
      vertex 22.8249 -0.27095 -1.05
      vertex 22.628 -0.550873 -1.05
    endloop
  endfacet
  facet normal 0 -0 -1
    outer loop
      vertex 22.4324 -0.0880432 -1.05
      vertex 22.8 -0.164978 -1.05
      vertex 22.4302 -0.143066 -1.05
    endloop
  endfacet
  facet normal 0 0 -1
    outer loop
      vertex 22.8 -0.164978 -1.05
      vertex 22.6905 0.291763 -1.05
      vertex 22.744 0.316238 -1.05
    endloop
  endfacet
  facet normal 0 0 -1
    outer loop
      vertex 22.4797 -0.378372 -1.05
      vertex 22.8249 -0.27095 -1.05
      vertex 22.5415 -0.472473 -1.05
    endloop
  endfacet
  facet normal 0 -0 -1
    outer loop
      vertex 22.4389 -0.0363007 -1.05
      vertex 22.8 -0.164978 -1.05
      vertex 22.4324 -0.0880432 -1.05
    endloop
  endfacet
  facet normal 0 0 -1
    outer loop
      vertex 22.8 -0.164978 -1.05
      vertex 22.643 0.26535 -1.05
      vertex 22.6905 0.291763 -1.05
    endloop
  endfacet
  facet normal 0 0 -1
    outer loop
      vertex 22.4426 -0.26857 -1.05
      vertex 22.8249 -0.27095 -1.05
      vertex 22.4797 -0.378372 -1.05
    endloop
  endfacet
  facet normal 0 0 -1
    outer loop
      vertex 22.8 -0.164978 -1.05
      vertex 22.6013 0.237 -1.05
      vertex 22.643 0.26535 -1.05
    endloop
  endfacet
  facet normal 0 0 -1
    outer loop
      vertex 22.8 -0.164978 -1.05
      vertex 22.5655 0.206726 -1.05
      vertex 22.6013 0.237 -1.05
    endloop
  endfacet
  facet normal 0 0 -1
    outer loop
      vertex 22.8 -0.164978 -1.05
      vertex 22.5346 0.17395 -1.05
      vertex 22.5655 0.206726 -1.05
    endloop
  endfacet
  facet normal 0 0 -1
    outer loop
      vertex 22.8249 -0.27095 -1.05
      vertex 22.4426 -0.26857 -1.05
      vertex 22.8 -0.164978 -1.05
    endloop
  endfacet
  facet normal 0 0 -1
    outer loop
      vertex 22.8 -0.164978 -1.05
      vertex 22.5075 0.138107 -1.05
      vertex 22.5346 0.17395 -1.05
    endloop
  endfacet
  facet normal 0 0 -1
    outer loop
      vertex 22.8 -0.164978 -1.05
      vertex 22.465 0.057251 -1.05
      vertex 22.4843 0.0992126 -1.05
    endloop
  endfacet
  facet normal -0 0 -1
    outer loop
      vertex 22.8 -0.164978 -1.05
      vertex 22.4426 -0.26857 -1.05
      vertex 22.4302 -0.143066 -1.05
    endloop
  endfacet
  facet normal 0 0 -1
    outer loop
      vertex 22.8 -0.164978 -1.05
      vertex 22.4498 0.0121155 -1.05
      vertex 22.465 0.057251 -1.05
    endloop
  endfacet
  facet normal 0 0 -1
    outer loop
      vertex 22.8 -0.164978 -1.05
      vertex 22.4389 -0.0363007 -1.05
      vertex 22.4498 0.0121155 -1.05
    endloop
  endfacet
  facet normal 0 0 -1
    outer loop
      vertex 22.8 -0.164978 -1.05
      vertex 22.4843 0.0992126 -1.05
      vertex 22.5075 0.138107 -1.05
    endloop
  endfacet
  facet normal -0 0 -1
    outer loop
      vertex 23.9261 0.668625 -1.05
      vertex 23.554 0.656708 -1.05
      vertex 23.5563 0.690536 -1.05
    endloop
  endfacet
  facet normal 0 0 -1
    outer loop
      vertex 23.6159 0.219284 -1.05
      vertex 23.5471 0.626114 -1.05
      vertex 23.554 0.656708 -1.05
    endloop
  endfacet
  facet normal 0 0 -1
    outer loop
      vertex 23.6159 0.219284 -1.05
      vertex 23.5356 0.598724 -1.05
      vertex 23.5471 0.626114 -1.05
    endloop
  endfacet
  facet normal 0 0 -1
    outer loop
      vertex 23.4446 0.514526 -1.05
      vertex 23.5769 0.204132 -1.05
      vertex 23.5293 0.188477 -1.05
    endloop
  endfacet
  facet normal 0 0 -1
    outer loop
      vertex 23.6159 0.219284 -1.05
      vertex 23.5196 0.574554 -1.05
      vertex 23.5356 0.598724 -1.05
    endloop
  endfacet
  facet normal 0 0 -1
    outer loop
      vertex 23.6159 0.219284 -1.05
      vertex 23.499 0.552856 -1.05
      vertex 23.5196 0.574554 -1.05
    endloop
  endfacet
  facet normal 0 0 -1
    outer loop
      vertex 23.6159 0.219284 -1.05
      vertex 23.474 0.532852 -1.05
      vertex 23.499 0.552856 -1.05
    endloop
  endfacet
  facet normal 0 0 -1
    outer loop
      vertex 23.4107 0.497894 -1.05
      vertex 23.5293 0.188477 -1.05
      vertex 23.4661 0.170486 -1.05
    endloop
  endfacet
  facet normal 0 0 -1
    outer loop
      vertex 23.6159 0.219284 -1.05
      vertex 23.4446 0.514526 -1.05
      vertex 23.474 0.532852 -1.05
    endloop
  endfacet
  facet normal 0 0 -1
    outer loop
      vertex 23.5293 0.188477 -1.05
      vertex 23.4107 0.497894 -1.05
      vertex 23.4446 0.514526 -1.05
    endloop
  endfacet
  facet normal 0 0 -1
    outer loop
      vertex 23.3654 0.48111 -1.05
      vertex 23.4661 0.170486 -1.05
      vertex 23.3875 0.150162 -1.05
    endloop
  endfacet
  facet normal 0 0 -1
    outer loop
      vertex 23.4661 0.170486 -1.05
      vertex 23.3654 0.48111 -1.05
      vertex 23.4107 0.497894 -1.05
    endloop
  endfacet
  facet normal 0 0 -1
    outer loop
      vertex 23.3875 0.150162 -1.05
      vertex 23.3015 0.462311 -1.05
      vertex 23.3654 0.48111 -1.05
    endloop
  endfacet
  facet normal 0 0 -1
    outer loop
      vertex 23.2935 0.127487 -1.05
      vertex 23.3015 0.462311 -1.05
      vertex 23.3875 0.150162 -1.05
    endloop
  endfacet
  facet normal 0 0 -1
    outer loop
      vertex 23.2935 0.127487 -1.05
      vertex 23.2191 0.441498 -1.05
      vertex 23.3015 0.462311 -1.05
    endloop
  endfacet
  facet normal 0 0 -1
    outer loop
      vertex 23.1851 0.104538 -1.05
      vertex 23.2191 0.441498 -1.05
      vertex 23.2935 0.127487 -1.05
    endloop
  endfacet
  facet normal 0 0 -1
    outer loop
      vertex 23.1851 0.104538 -1.05
      vertex 23.1182 0.418671 -1.05
      vertex 23.2191 0.441498 -1.05
    endloop
  endfacet
  facet normal 0 0 -1
    outer loop
      vertex 23.0959 0.0833435 -1.05
      vertex 23.1182 0.418671 -1.05
      vertex 23.1851 0.104538 -1.05
    endloop
  endfacet
  facet normal 0 0 -1
    outer loop
      vertex 22.9968 0.391495 -1.05
      vertex 23.0959 0.0833435 -1.05
      vertex 23.0257 0.0639343 -1.05
    endloop
  endfacet
  facet normal 0 0 -1
    outer loop
      vertex 23.0959 0.0833435 -1.05
      vertex 22.9968 0.391495 -1.05
      vertex 23.1182 0.418671 -1.05
    endloop
  endfacet
  facet normal 0 0 -1
    outer loop
      vertex 22.8939 0.365356 -1.05
      vertex 23.0257 0.0639343 -1.05
      vertex 22.9746 0.0463104 -1.05
    endloop
  endfacet
  facet normal 0 0 -1
    outer loop
      vertex 22.8096 0.340271 -1.05
      vertex 22.9746 0.0463104 -1.05
      vertex 22.9354 0.0285034 -1.05
    endloop
  endfacet
  facet normal 0 0 -1
    outer loop
      vertex 22.744 0.316238 -1.05
      vertex 22.9354 0.0285034 -1.05
      vertex 22.9008 0.00862122 -1.05
    endloop
  endfacet
  facet normal 0 0 -1
    outer loop
      vertex 23.0257 0.0639343 -1.05
      vertex 22.8939 0.365356 -1.05
      vertex 22.9968 0.391495 -1.05
    endloop
  endfacet
  facet normal 0 0 -1
    outer loop
      vertex 22.744 0.316238 -1.05
      vertex 22.9008 0.00862122 -1.05
      vertex 22.8709 -0.0133514 -1.05
    endloop
  endfacet
  facet normal 0 0 -1
    outer loop
      vertex 22.744 0.316238 -1.05
      vertex 22.8709 -0.0133514 -1.05
      vertex 22.8457 -0.0374298 -1.05
    endloop
  endfacet
  facet normal 0 0 -1
    outer loop
      vertex 22.744 0.316238 -1.05
      vertex 22.8457 -0.0374298 -1.05
      vertex 22.8257 -0.0642395 -1.05
    endloop
  endfacet
  facet normal 0 0 -1
    outer loop
      vertex 22.744 0.316238 -1.05
      vertex 22.8257 -0.0642395 -1.05
      vertex 22.8114 -0.0944366 -1.05
    endloop
  endfacet
  facet normal 0 0 -1
    outer loop
      vertex 22.9746 0.0463104 -1.05
      vertex 22.8096 0.340271 -1.05
      vertex 22.8939 0.365356 -1.05
    endloop
  endfacet
  facet normal 0 0 -1
    outer loop
      vertex 22.744 0.316238 -1.05
      vertex 22.8114 -0.0944366 -1.05
      vertex 22.8028 -0.128021 -1.05
    endloop
  endfacet
  facet normal 0 0 -1
    outer loop
      vertex 22.744 0.316238 -1.05
      vertex 22.8028 -0.128021 -1.05
      vertex 22.8 -0.164978 -1.05
    endloop
  endfacet
  facet normal 0 0 -1
    outer loop
      vertex 22.9354 0.0285034 -1.05
      vertex 22.744 0.316238 -1.05
      vertex 22.8096 0.340271 -1.05
    endloop
  endfacet
  facet normal 0 0 -1
    outer loop
      vertex 23.554 0.656708 -1.05
      vertex 23.9245 0.621689 -1.05
      vertex 23.9198 0.577469 -1.05
    endloop
  endfacet
  facet normal 0 0 -1
    outer loop
      vertex 23.554 0.656708 -1.05
      vertex 23.9261 0.668625 -1.05
      vertex 23.9245 0.621689 -1.05
    endloop
  endfacet
  facet normal 0 0 -1
    outer loop
      vertex 23.554 0.656708 -1.05
      vertex 23.9198 0.577469 -1.05
      vertex 23.9119 0.535995 -1.05
    endloop
  endfacet
  facet normal 0 0 -1
    outer loop
      vertex 23.554 0.656708 -1.05
      vertex 23.9119 0.535995 -1.05
      vertex 23.901 0.497269 -1.05
    endloop
  endfacet
  facet normal 0 0 -1
    outer loop
      vertex 23.554 0.656708 -1.05
      vertex 23.901 0.497269 -1.05
      vertex 23.8871 0.461121 -1.05
    endloop
  endfacet
  facet normal 0 0 -1
    outer loop
      vertex 23.9261 0.668625 -1.05
      vertex 23.5563 0.690536 -1.05
      vertex 23.9145 0.78447 -1.05
    endloop
  endfacet
  facet normal 0 0 -1
    outer loop
      vertex 23.554 0.656708 -1.05
      vertex 23.8871 0.461121 -1.05
      vertex 23.8709 0.427368 -1.05
    endloop
  endfacet
  facet normal 0 0 -1
    outer loop
      vertex 23.554 0.656708 -1.05
      vertex 23.8709 0.427368 -1.05
      vertex 23.8521 0.396042 -1.05
    endloop
  endfacet
  facet normal 0 0 -1
    outer loop
      vertex 23.554 0.656708 -1.05
      vertex 23.8521 0.396042 -1.05
      vertex 23.8308 0.367142 -1.05
    endloop
  endfacet
  facet normal -0 0 -1
    outer loop
      vertex 23.9145 0.78447 -1.05
      vertex 23.5563 0.690536 -1.05
      vertex 23.8799 0.885895 -1.05
    endloop
  endfacet
  facet normal 0 0 -1
    outer loop
      vertex 23.554 0.656708 -1.05
      vertex 23.8308 0.367142 -1.05
      vertex 23.807 0.340439 -1.05
    endloop
  endfacet
  facet normal 0 0 -1
    outer loop
      vertex 23.554 0.656708 -1.05
      vertex 23.807 0.340439 -1.05
      vertex 23.7808 0.315765 -1.05
    endloop
  endfacet
  facet normal 0 0 -1
    outer loop
      vertex 23.554 0.656708 -1.05
      vertex 23.7808 0.315765 -1.05
      vertex 23.7522 0.293091 -1.05
    endloop
  endfacet
  facet normal 0 0 -1
    outer loop
      vertex 23.5347 0.785233 -1.05
      vertex 23.8799 0.885895 -1.05
      vertex 23.5563 0.690536 -1.05
    endloop
  endfacet
  facet normal 0 0 -1
    outer loop
      vertex 23.554 0.656708 -1.05
      vertex 23.7522 0.293091 -1.05
      vertex 23.7212 0.27243 -1.05
    endloop
  endfacet
  facet normal 0 0 -1
    outer loop
      vertex 23.554 0.656708 -1.05
      vertex 23.7212 0.27243 -1.05
      vertex 23.6881 0.253418 -1.05
    endloop
  endfacet
  facet normal 0 0 -1
    outer loop
      vertex 23.554 0.656708 -1.05
      vertex 23.6881 0.253418 -1.05
      vertex 23.653 0.235703 -1.05
    endloop
  endfacet
  facet normal -0 0 -1
    outer loop
      vertex 23.8799 0.885895 -1.05
      vertex 23.5347 0.785233 -1.05
      vertex 23.8221 0.9729 -1.05
    endloop
  endfacet
  facet normal 0 0 -1
    outer loop
      vertex 23.554 0.656708 -1.05
      vertex 23.653 0.235703 -1.05
      vertex 23.6159 0.219284 -1.05
    endloop
  endfacet
  facet normal 0 0 -1
    outer loop
      vertex 23.4446 0.514526 -1.05
      vertex 23.6159 0.219284 -1.05
      vertex 23.5769 0.204132 -1.05
    endloop
  endfacet
  facet normal -0 0 -1
    outer loop
      vertex 23.8221 0.9729 -1.05
      vertex 23.5347 0.785233 -1.05
      vertex 23.7412 1.0455 -1.05
    endloop
  endfacet
  facet normal 0 0 -1
    outer loop
      vertex 23.47 0.852875 -1.05
      vertex 23.7412 1.0455 -1.05
      vertex 23.5347 0.785233 -1.05
    endloop
  endfacet
  facet normal -0 0 -1
    outer loop
      vertex 23.7412 1.0455 -1.05
      vertex 23.47 0.852875 -1.05
      vertex 23.6382 1.10271 -1.05
    endloop
  endfacet
  facet normal -0 0 -1
    outer loop
      vertex 23.6382 1.10271 -1.05
      vertex 23.47 0.852875 -1.05
      vertex 23.5143 1.14359 -1.05
    endloop
  endfacet
  facet normal 0 0 -1
    outer loop
      vertex 23.3621 0.893463 -1.05
      vertex 23.5143 1.14359 -1.05
      vertex 23.47 0.852875 -1.05
    endloop
  endfacet
  facet normal -0 0 -1
    outer loop
      vertex 23.5143 1.14359 -1.05
      vertex 23.3621 0.893463 -1.05
      vertex 23.3693 1.16811 -1.05
    endloop
  endfacet
  facet normal 0 0 -1
    outer loop
      vertex 23.211 0.906982 -1.05
      vertex 23.3693 1.16811 -1.05
      vertex 23.3621 0.893463 -1.05
    endloop
  endfacet
  facet normal 0 0 -1
    outer loop
      vertex 23.211 0.906982 -1.05
      vertex 23.2033 1.17627 -1.05
      vertex 23.3693 1.16811 -1.05
    endloop
  endfacet
  facet normal 0 0 -1
    outer loop
      vertex 23.1345 0.903275 -1.05
      vertex 23.2033 1.17627 -1.05
      vertex 23.211 0.906982 -1.05
    endloop
  endfacet
  facet normal 0 0 -1
    outer loop
      vertex 23.045 1.16966 -1.05
      vertex 23.1345 0.903275 -1.05
      vertex 23.0675 0.892166 -1.05
    endloop
  endfacet
  facet normal 0 0 -1
    outer loop
      vertex 23.1345 0.903275 -1.05
      vertex 23.045 1.16966 -1.05
      vertex 23.2033 1.17627 -1.05
    endloop
  endfacet
  facet normal 0 0 -1
    outer loop
      vertex 22.9077 1.14986 -1.05
      vertex 23.0675 0.892166 -1.05
      vertex 23.0099 0.873642 -1.05
    endloop
  endfacet
  facet normal 0 0 -1
    outer loop
      vertex 22.9077 1.14986 -1.05
      vertex 23.0099 0.873642 -1.05
      vertex 22.9617 0.847702 -1.05
    endloop
  endfacet
  facet normal 0 0 -1
    outer loop
      vertex 22.7915 1.11684 -1.05
      vertex 22.9617 0.847702 -1.05
      vertex 22.9219 0.814453 -1.05
    endloop
  endfacet
  facet normal 0 0 -1
    outer loop
      vertex 23.0675 0.892166 -1.05
      vertex 22.9077 1.14986 -1.05
      vertex 23.045 1.16966 -1.05
    endloop
  endfacet
  facet normal 0 0 -1
    outer loop
      vertex 22.6963 1.07062 -1.05
      vertex 22.9219 0.814453 -1.05
      vertex 22.8894 0.773941 -1.05
    endloop
  endfacet
  facet normal 0 0 -1
    outer loop
      vertex 22.557 0.930496 -1.05
      vertex 22.8894 0.773941 -1.05
      vertex 22.8642 0.726196 -1.05
    endloop
  endfacet
  facet normal 0 0 -1
    outer loop
      vertex 22.5099 0.834595 -1.05
      vertex 22.8642 0.726196 -1.05
      vertex 22.8464 0.671188 -1.05
    endloop
  endfacet
  facet normal 0 0 -1
    outer loop
      vertex 22.9617 0.847702 -1.05
      vertex 22.7915 1.11684 -1.05
      vertex 22.9077 1.14986 -1.05
    endloop
  endfacet
  facet normal 0 0 -1
    outer loop
      vertex 22.9219 0.814453 -1.05
      vertex 22.6963 1.07062 -1.05
      vertex 22.7915 1.11684 -1.05
    endloop
  endfacet
  facet normal 0 0 -1
    outer loop
      vertex 22.8894 0.773941 -1.05
      vertex 22.6191 1.00917 -1.05
      vertex 22.6963 1.07062 -1.05
    endloop
  endfacet
  facet normal 0 0 -1
    outer loop
      vertex 22.8894 0.773941 -1.05
      vertex 22.557 0.930496 -1.05
      vertex 22.6191 1.00917 -1.05
    endloop
  endfacet
  facet normal 0 0 -1
    outer loop
      vertex 22.8642 0.726196 -1.05
      vertex 22.5099 0.834595 -1.05
      vertex 22.557 0.930496 -1.05
    endloop
  endfacet
  facet normal 0 -0 -1
    outer loop
      vertex 22.5099 0.834595 -1.05
      vertex 22.8464 0.671188 -1.05
      vertex 22.4779 0.721451 -1.05
    endloop
  endfacet
  facet normal 0 0 -1
    outer loop
      vertex 20.9355 -0.666183 -1.05
      vertex 21.3259 0.381317 -1.05
      vertex 21.5875 0.167435 -1.05
    endloop
  endfacet
  facet normal 0 0 -1
    outer loop
      vertex 21.3259 0.381317 -1.05
      vertex 20.9355 -0.666183 -1.05
      vertex 20.4872 -0.666183 -1.05
    endloop
  endfacet
  facet normal 0 0 -1
    outer loop
      vertex 21.5875 0.167435 -1.05
      vertex 21.8117 0.325912 -1.05
      vertex 21.8117 -0.00392151 -1.05
    endloop
  endfacet
  facet normal 0 0 -1
    outer loop
      vertex 21.3259 0.381317 -1.05
      vertex 21.8117 0.325912 -1.05
      vertex 21.5875 0.167435 -1.05
    endloop
  endfacet
  facet normal 0 0 -1
    outer loop
      vertex 21.3259 0.381317 -1.05
      vertex 20.9935 1.14922 -1.05
      vertex 21.8117 0.325912 -1.05
    endloop
  endfacet
  facet normal -0 -0 -1
    outer loop
      vertex 20.9935 1.14922 -1.05
      vertex 21.3259 0.381317 -1.05
      vertex 20.5503 1.14922 -1.05
    endloop
  endfacet
  facet normal 0 0 -1
    outer loop
      vertex 21.8117 -0.00392151 -1.05
      vertex 22.1918 -0.666183 -1.05
      vertex 21.8117 -0.666183 -1.05
    endloop
  endfacet
  facet normal 0 0 -1
    outer loop
      vertex 21.8117 0.325912 -1.05
      vertex 22.1918 -0.666183 -1.05
      vertex 21.8117 -0.00392151 -1.05
    endloop
  endfacet
  facet normal 0 0 -1
    outer loop
      vertex 22.1918 -0.666183 -1.05
      vertex 21.8117 0.325912 -1.05
      vertex 22.1918 1.14922 -1.05
    endloop
  endfacet
  facet normal -0 0 -1
    outer loop
      vertex 22.1918 1.14922 -1.05
      vertex 21.8117 0.325912 -1.05
      vertex 21.8117 1.14922 -1.05
    endloop
  endfacet
  facet normal 0 0 -1
    outer loop
      vertex 18.5548 -0.368546 -1.05
      vertex 18.9825 -0.414948 -1.05
      vertex 18.9825 -0.666183 -1.05
    endloop
  endfacet
  facet normal 0 0 -1
    outer loop
      vertex 18.9825 -0.414948 -1.05
      vertex 18.5548 -0.368546 -1.05
      vertex 18.9433 -0.337463 -1.05
    endloop
  endfacet
  facet normal -0 0 -1
    outer loop
      vertex 18.9433 -0.337463 -1.05
      vertex 18.5548 -0.368546 -1.05
      vertex 18.8967 -0.260971 -1.05
    endloop
  endfacet
  facet normal -0 0 -1
    outer loop
      vertex 18.8967 -0.260971 -1.05
      vertex 18.5548 -0.368546 -1.05
      vertex 18.8425 -0.185425 -1.05
    endloop
  endfacet
  facet normal 0 0 -1
    outer loop
      vertex 18.5344 -0.327316 -1.05
      vertex 18.8425 -0.185425 -1.05
      vertex 18.5548 -0.368546 -1.05
    endloop
  endfacet
  facet normal -0 0 -1
    outer loop
      vertex 18.8425 -0.185425 -1.05
      vertex 18.5344 -0.327316 -1.05
      vertex 18.7809 -0.11087 -1.05
    endloop
  endfacet
  facet normal 0 0 -1
    outer loop
      vertex 18.5092 -0.287369 -1.05
      vertex 18.7809 -0.11087 -1.05
      vertex 18.5344 -0.327316 -1.05
    endloop
  endfacet
  facet normal 0 0 -1
    outer loop
      vertex 17.7121 -0.666183 -1.05
      vertex 18.5548 -0.368546 -1.05
      vertex 18.9825 -0.666183 -1.05
    endloop
  endfacet
  facet normal -0 0 -1
    outer loop
      vertex 18.5548 -0.368546 -1.05
      vertex 17.7121 -0.666183 -1.05
      vertex 17.7121 -0.368546 -1.05
    endloop
  endfacet
  facet normal -0 0 -1
    outer loop
      vertex 18.7809 -0.11087 -1.05
      vertex 18.5092 -0.287369 -1.05
      vertex 18.7113 -0.035965 -1.05
    endloop
  endfacet
  facet normal 0 0 -1
    outer loop
      vertex 18.4793 -0.248718 -1.05
      vertex 18.7113 -0.035965 -1.05
      vertex 18.5092 -0.287369 -1.05
    endloop
  endfacet
  facet normal 0 0 -1
    outer loop
      vertex 18.4446 -0.211365 -1.05
      vertex 18.7113 -0.035965 -1.05
      vertex 18.4793 -0.248718 -1.05
    endloop
  endfacet
  facet normal -0 0 -1
    outer loop
      vertex 18.7113 -0.035965 -1.05
      vertex 18.4446 -0.211365 -1.05
      vertex 18.6332 0.0405121 -1.05
    endloop
  endfacet
  facet normal 0 0 -1
    outer loop
      vertex 18.4066 -0.174728 -1.05
      vertex 18.6332 0.0405121 -1.05
      vertex 18.4446 -0.211365 -1.05
    endloop
  endfacet
  facet normal 0 0 -1
    outer loop
      vertex 18.3665 -0.138245 -1.05
      vertex 18.6332 0.0405121 -1.05
      vertex 18.4066 -0.174728 -1.05
    endloop
  endfacet
  facet normal -0 0 -1
    outer loop
      vertex 18.6332 0.0405121 -1.05
      vertex 18.3665 -0.138245 -1.05
      vertex 18.5467 0.118622 -1.05
    endloop
  endfacet
  facet normal 0 0 -1
    outer loop
      vertex 18.3244 -0.101929 -1.05
      vertex 18.5467 0.118622 -1.05
      vertex 18.3665 -0.138245 -1.05
    endloop
  endfacet
  facet normal 0 0 -1
    outer loop
      vertex 18.2803 -0.0657806 -1.05
      vertex 18.5467 0.118622 -1.05
      vertex 18.3244 -0.101929 -1.05
    endloop
  endfacet
  facet normal -0 0 -1
    outer loop
      vertex 18.5467 0.118622 -1.05
      vertex 18.2803 -0.0657806 -1.05
      vertex 18.4517 0.198349 -1.05
    endloop
  endfacet
  facet normal 0 0 -1
    outer loop
      vertex 18.2349 -0.0294647 -1.05
      vertex 18.4517 0.198349 -1.05
      vertex 18.2803 -0.0657806 -1.05
    endloop
  endfacet
  facet normal 0 0 -1
    outer loop
      vertex 18.1887 0.00732422 -1.05
      vertex 18.4517 0.198349 -1.05
      vertex 18.2349 -0.0294647 -1.05
    endloop
  endfacet
  facet normal -0 0 -1
    outer loop
      vertex 18.4517 0.198349 -1.05
      vertex 18.1887 0.00732422 -1.05
      vertex 18.3635 0.272278 -1.05
    endloop
  endfacet
  facet normal 0 0 -1
    outer loop
      vertex 18.1418 0.0446167 -1.05
      vertex 18.3635 0.272278 -1.05
      vertex 18.1887 0.00732422 -1.05
    endloop
  endfacet
  facet normal -0 0 -1
    outer loop
      vertex 18.3635 0.272278 -1.05
      vertex 18.1418 0.0446167 -1.05
      vertex 18.2895 0.339432 -1.05
    endloop
  endfacet
  facet normal 0 0 -1
    outer loop
      vertex 18.0942 0.0823822 -1.05
      vertex 18.2895 0.339432 -1.05
      vertex 18.1418 0.0446167 -1.05
    endloop
  endfacet
  facet normal 0 0 -1
    outer loop
      vertex 18.0472 0.121078 -1.05
      vertex 18.2895 0.339432 -1.05
      vertex 18.0942 0.0823822 -1.05
    endloop
  endfacet
  facet normal -0 0 -1
    outer loop
      vertex 18.2895 0.339432 -1.05
      vertex 18.0472 0.121078 -1.05
      vertex 18.2298 0.399826 -1.05
    endloop
  endfacet
  facet normal 0 0 -1
    outer loop
      vertex 18.0025 0.161148 -1.05
      vertex 18.2298 0.399826 -1.05
      vertex 18.0472 0.121078 -1.05
    endloop
  endfacet
  facet normal 0 0 -1
    outer loop
      vertex 17.9599 0.202576 -1.05
      vertex 18.2298 0.399826 -1.05
      vertex 18.0025 0.161148 -1.05
    endloop
  endfacet
  facet normal -0 0 -1
    outer loop
      vertex 18.2298 0.399826 -1.05
      vertex 17.9599 0.202576 -1.05
      vertex 18.1843 0.453461 -1.05
    endloop
  endfacet
  facet normal 0 0 -1
    outer loop
      vertex 17.9196 0.245361 -1.05
      vertex 18.1843 0.453461 -1.05
      vertex 17.9599 0.202576 -1.05
    endloop
  endfacet
  facet normal 0 0 -1
    outer loop
      vertex 18.6024 0.637695 -1.05
      vertex 18.9437 0.7771 -1.05
      vertex 18.9671 0.65831 -1.05
    endloop
  endfacet
  facet normal -0 0 -1
    outer loop
      vertex 18.9437 0.7771 -1.05
      vertex 18.5907 0.696289 -1.05
      vertex 18.9044 0.880905 -1.05
    endloop
  endfacet
  facet normal 0 0 -1
    outer loop
      vertex 18.5736 0.747055 -1.05
      vertex 18.9044 0.880905 -1.05
      vertex 18.5907 0.696289 -1.05
    endloop
  endfacet
  facet normal 0 0 -1
    outer loop
      vertex 18.5511 0.790024 -1.05
      vertex 18.8493 0.969727 -1.05
      vertex 18.5736 0.747055 -1.05
    endloop
  endfacet
  facet normal 0 0 -1
    outer loop
      vertex 18.9437 0.7771 -1.05
      vertex 18.6024 0.637695 -1.05
      vertex 18.5907 0.696289 -1.05
    endloop
  endfacet
  facet normal -0 0 -1
    outer loop
      vertex 18.9044 0.880905 -1.05
      vertex 18.5736 0.747055 -1.05
      vertex 18.8493 0.969727 -1.05
    endloop
  endfacet
  facet normal -0 0 -1
    outer loop
      vertex 18.8493 0.969727 -1.05
      vertex 18.5511 0.790024 -1.05
      vertex 18.7783 1.04356 -1.05
    endloop
  endfacet
  facet normal 0 0 -1
    outer loop
      vertex 18.5232 0.825165 -1.05
      vertex 18.7783 1.04356 -1.05
      vertex 18.5511 0.790024 -1.05
    endloop
  endfacet
  facet normal -0 0 -1
    outer loop
      vertex 18.7783 1.04356 -1.05
      vertex 18.5232 0.825165 -1.05
      vertex 18.6923 1.10162 -1.05
    endloop
  endfacet
  facet normal 0 0 -1
    outer loop
      vertex 18.4892 0.852509 -1.05
      vertex 18.6923 1.10162 -1.05
      vertex 18.5232 0.825165 -1.05
    endloop
  endfacet
  facet normal -0 0 -1
    outer loop
      vertex 18.6923 1.10162 -1.05
      vertex 18.4892 0.852509 -1.05
      vertex 18.592 1.1431 -1.05
    endloop
  endfacet
  facet normal 0 0 -1
    outer loop
      vertex 18.4483 0.87204 -1.05
      vertex 18.592 1.1431 -1.05
      vertex 18.4892 0.852509 -1.05
    endloop
  endfacet
  facet normal -0 0 -1
    outer loop
      vertex 18.592 1.1431 -1.05
      vertex 18.4483 0.87204 -1.05
      vertex 18.4774 1.16798 -1.05
    endloop
  endfacet
  facet normal 0 0 -1
    outer loop
      vertex 18.4006 0.883759 -1.05
      vertex 18.4774 1.16798 -1.05
      vertex 18.4483 0.87204 -1.05
    endloop
  endfacet
  facet normal 0 0 -1
    outer loop
      vertex 18.4006 0.883759 -1.05
      vertex 18.3486 1.17627 -1.05
      vertex 18.4774 1.16798 -1.05
    endloop
  endfacet
  facet normal 0 0 -1
    outer loop
      vertex 18.346 0.887665 -1.05
      vertex 18.3486 1.17627 -1.05
      vertex 18.4006 0.883759 -1.05
    endloop
  endfacet
  facet normal 0 0 -1
    outer loop
      vertex 18.2103 1.16789 -1.05
      vertex 18.346 0.887665 -1.05
      vertex 18.2417 0.872849 -1.05
    endloop
  endfacet
  facet normal 0 0 -1
    outer loop
      vertex 18.346 0.887665 -1.05
      vertex 18.2103 1.16789 -1.05
      vertex 18.3486 1.17627 -1.05
    endloop
  endfacet
  facet normal 0 0 -1
    outer loop
      vertex 18.089 1.14278 -1.05
      vertex 18.2417 0.872849 -1.05
      vertex 18.1673 0.8284 -1.05
    endloop
  endfacet
  facet normal 0 0 -1
    outer loop
      vertex 17.8976 1.04227 -1.05
      vertex 18.1673 0.8284 -1.05
      vertex 18.1226 0.754303 -1.05
    endloop
  endfacet
  facet normal 0 0 -1
    outer loop
      vertex 18.2417 0.872849 -1.05
      vertex 18.089 1.14278 -1.05
      vertex 18.2103 1.16789 -1.05
    endloop
  endfacet
  facet normal 0 0 -1
    outer loop
      vertex 17.7503 0.780396 -1.05
      vertex 18.1226 0.754303 -1.05
      vertex 18.1077 0.650574 -1.05
    endloop
  endfacet
  facet normal 0 0 -1
    outer loop
      vertex 17.882 0.289871 -1.05
      vertex 18.1843 0.453461 -1.05
      vertex 17.9196 0.245361 -1.05
    endloop
  endfacet
  facet normal -0 0 -1
    outer loop
      vertex 18.1843 0.453461 -1.05
      vertex 17.882 0.289871 -1.05
      vertex 18.1508 0.503464 -1.05
    endloop
  endfacet
  facet normal 0 0 -1
    outer loop
      vertex 17.8481 0.33638 -1.05
      vertex 18.1508 0.503464 -1.05
      vertex 17.882 0.289871 -1.05
    endloop
  endfacet
  facet normal -0 0 -1
    outer loop
      vertex 18.1508 0.503464 -1.05
      vertex 17.8481 0.33638 -1.05
      vertex 18.1269 0.552979 -1.05
    endloop
  endfacet
  facet normal 0 0 -1
    outer loop
      vertex 17.8176 0.384888 -1.05
      vertex 18.1269 0.552979 -1.05
      vertex 17.8481 0.33638 -1.05
    endloop
  endfacet
  facet normal 0 0 -1
    outer loop
      vertex 17.7907 0.435425 -1.05
      vertex 18.1269 0.552979 -1.05
      vertex 17.8176 0.384888 -1.05
    endloop
  endfacet
  facet normal -0 0 -1
    outer loop
      vertex 18.1269 0.552979 -1.05
      vertex 17.7907 0.435425 -1.05
      vertex 18.1125 0.60202 -1.05
    endloop
  endfacet
  facet normal 0 0 -1
    outer loop
      vertex 17.7687 0.488495 -1.05
      vertex 18.1125 0.60202 -1.05
      vertex 17.7907 0.435425 -1.05
    endloop
  endfacet
  facet normal 0 0 -1
    outer loop
      vertex 17.753 0.544617 -1.05
      vertex 18.1125 0.60202 -1.05
      vertex 17.7687 0.488495 -1.05
    endloop
  endfacet
  facet normal 0 -0 -1
    outer loop
      vertex 17.7503 0.780396 -1.05
      vertex 18.1077 0.650574 -1.05
      vertex 17.7405 0.666046 -1.05
    endloop
  endfacet
  facet normal 0 0 -1
    outer loop
      vertex 18.1226 0.754303 -1.05
      vertex 17.7503 0.780396 -1.05
      vertex 17.7798 0.88121 -1.05
    endloop
  endfacet
  facet normal 0 0 -1
    outer loop
      vertex 18.1673 0.8284 -1.05
      vertex 17.9848 1.10089 -1.05
      vertex 18.089 1.14278 -1.05
    endloop
  endfacet
  facet normal 0 0 -1
    outer loop
      vertex 18.1673 0.8284 -1.05
      vertex 17.8976 1.04227 -1.05
      vertex 17.9848 1.10089 -1.05
    endloop
  endfacet
  facet normal 0 0 -1
    outer loop
      vertex 17.7436 0.603806 -1.05
      vertex 18.1125 0.60202 -1.05
      vertex 17.753 0.544617 -1.05
    endloop
  endfacet
  facet normal 0 0 -1
    outer loop
      vertex 18.1125 0.60202 -1.05
      vertex 17.7436 0.603806 -1.05
      vertex 18.1077 0.650574 -1.05
    endloop
  endfacet
  facet normal 0 0 -1
    outer loop
      vertex 18.1226 0.754303 -1.05
      vertex 17.7798 0.88121 -1.05
      vertex 17.8289 0.968506 -1.05
    endloop
  endfacet
  facet normal -0 0 -1
    outer loop
      vertex 18.1077 0.650574 -1.05
      vertex 17.7436 0.603806 -1.05
      vertex 17.7405 0.666046 -1.05
    endloop
  endfacet
  facet normal 0 0 -1
    outer loop
      vertex 18.1226 0.754303 -1.05
      vertex 17.8289 0.968506 -1.05
      vertex 17.8976 1.04227 -1.05
    endloop
  endfacet
  facet normal 0 0 -1
    outer loop
      vertex 19.0539 -0.296402 -1.05
      vertex 19.2961 -0.0271149 -1.05
      vertex 19.2961 -0.296402 -1.05
    endloop
  endfacet
  facet normal -0 0 -1
    outer loop
      vertex 19.2961 -0.0271149 -1.05
      vertex 19.0539 -0.296402 -1.05
      vertex 19.0539 -0.0271149 -1.05
    endloop
  endfacet
  facet normal 0 0 -1
    outer loop
      vertex 19.2961 -0.296402 -1.05
      vertex 19.6414 -0.296402 -1.05
      vertex 19.6414 -0.666183 -1.05
    endloop
  endfacet
  facet normal 0 0 -1
    outer loop
      vertex 19.6414 -0.296402 -1.05
      vertex 19.2961 -0.296402 -1.05
      vertex 19.6414 -0.0271149 -1.05
    endloop
  endfacet
  facet normal 0 0 -1
    outer loop
      vertex 19.6414 -0.0271149 -1.05
      vertex 19.2961 -0.0271149 -1.05
      vertex 19.6414 0.566849 -1.05
    endloop
  endfacet
  facet normal 0 0 -1
    outer loop
      vertex 19.2961 1.14922 -1.05
      vertex 19.6414 0.566849 -1.05
      vertex 19.2961 -0.0271149 -1.05
    endloop
  endfacet
  facet normal 0 0 -1
    outer loop
      vertex 19.6414 0.566849 -1.05
      vertex 19.2961 1.14922 -1.05
      vertex 19.6411 0.602356 -1.05
    endloop
  endfacet
  facet normal 0 0 -1
    outer loop
      vertex 19.6411 0.602356 -1.05
      vertex 19.2961 1.14922 -1.05
      vertex 19.6403 0.639313 -1.05
    endloop
  endfacet
  facet normal 0 0 -1
    outer loop
      vertex 19.6403 0.639313 -1.05
      vertex 19.2961 1.14922 -1.05
      vertex 19.6389 0.677719 -1.05
    endloop
  endfacet
  facet normal 0 0 -1
    outer loop
      vertex 19.6389 0.677719 -1.05
      vertex 19.2961 1.14922 -1.05
      vertex 19.6369 0.717575 -1.05
    endloop
  endfacet
  facet normal 0 0 -1
    outer loop
      vertex 19.6369 0.717575 -1.05
      vertex 19.2961 1.14922 -1.05
      vertex 19.6348 0.754547 -1.05
    endloop
  endfacet
  facet normal 0 0 -1
    outer loop
      vertex 19.6348 0.754547 -1.05
      vertex 19.2961 1.14922 -1.05
      vertex 19.6329 0.784256 -1.05
    endloop
  endfacet
  facet normal 0 0 -1
    outer loop
      vertex 19.2961 -0.296402 -1.05
      vertex 19.6414 -0.666183 -1.05
      vertex 19.2961 -0.666183 -1.05
    endloop
  endfacet
  facet normal 0 0 -1
    outer loop
      vertex 20.4673 -0.296402 -1.05
      vertex 20.1722 -0.0271149 -1.05
      vertex 20.4673 -0.0245361 -1.05
    endloop
  endfacet
  facet normal 0 0 -1
    outer loop
      vertex 19.6414 -0.296402 -1.05
      vertex 20.1722 -0.0271149 -1.05
      vertex 20.4673 -0.296402 -1.05
    endloop
  endfacet
  facet normal -0 0 -1
    outer loop
      vertex 20.1722 -0.0271149 -1.05
      vertex 19.6414 -0.296402 -1.05
      vertex 19.6414 -0.0271149 -1.05
    endloop
  endfacet
  facet normal 0 0 -1
    outer loop
      vertex 19.7509 0.61322 -1.05
      vertex 20.4673 -0.0245361 -1.05
      vertex 20.1722 -0.0271149 -1.05
    endloop
  endfacet
  facet normal 0 0 -1
    outer loop
      vertex 19.7007 1.14922 -1.05
      vertex 19.7509 0.61322 -1.05
      vertex 19.7105 0.67749 -1.05
    endloop
  endfacet
  facet normal 0 0 -1
    outer loop
      vertex 19.7509 0.61322 -1.05
      vertex 19.7007 1.14922 -1.05
      vertex 20.4673 -0.0245361 -1.05
    endloop
  endfacet
  facet normal 0 0 -1
    outer loop
      vertex 19.6768 0.733688 -1.05
      vertex 19.7007 1.14922 -1.05
      vertex 19.7105 0.67749 -1.05
    endloop
  endfacet
  facet normal 0 0 -1
    outer loop
      vertex 19.6499 0.781845 -1.05
      vertex 19.7007 1.14922 -1.05
      vertex 19.6768 0.733688 -1.05
    endloop
  endfacet
  facet normal 0 0 -1
    outer loop
      vertex 19.6298 0.821945 -1.05
      vertex 19.7007 1.14922 -1.05
      vertex 19.6499 0.781845 -1.05
    endloop
  endfacet
  facet normal -0 0 -1
    outer loop
      vertex 19.6414 -0.0271149 -1.05
      vertex 19.2961 -0.296402 -1.05
      vertex 19.2961 -0.0271149 -1.05
    endloop
  endfacet
  facet normal 0 0 -1
    outer loop
      vertex 19.6329 0.784256 -1.05
      vertex 19.2961 1.14922 -1.05
      vertex 19.6312 0.806732 -1.05
    endloop
  endfacet
  facet normal 0 0 -1
    outer loop
      vertex 19.6312 0.806732 -1.05
      vertex 19.2961 1.14922 -1.05
      vertex 19.6298 0.821945 -1.05
    endloop
  endfacet
  facet normal 0 0 -1
    outer loop
      vertex 19.6298 0.821945 -1.05
      vertex 19.2961 1.14922 -1.05
      vertex 19.7007 1.14922 -1.05
    endloop
  endfacet
  facet normal 0 0 -1
    outer loop
      vertex 1.59444 -0.329422 -1.05
      vertex 1.9623 -0.338928 -1.05
      vertex 1.9569 -0.421585 -1.05
    endloop
  endfacet
  facet normal 0 0 -1
    outer loop
      vertex 1.9623 0.483093 -1.05
      vertex 2.13883 0.72789 -1.05
      vertex 2.13883 0.483093 -1.05
    endloop
  endfacet
  facet normal 0 0 -1
    outer loop
      vertex 1.9623 0.483093 -1.05
      vertex 1.94426 0.72789 -1.05
      vertex 2.13883 0.72789 -1.05
    endloop
  endfacet
  facet normal 0 0 -1
    outer loop
      vertex 1.9623 -0.338928 -1.05
      vertex 1.60411 -0.240997 -1.05
      vertex 1.9623 0.483093 -1.05
    endloop
  endfacet
  facet normal 0 0 -1
    outer loop
      vertex 1.58237 -0.363602 -1.05
      vertex 1.9569 -0.421585 -1.05
      vertex 1.94072 -0.493057 -1.05
    endloop
  endfacet
  facet normal 0 0 -1
    outer loop
      vertex 1.58237 -0.363602 -1.05
      vertex 1.94072 -0.493057 -1.05
      vertex 1.91374 -0.553329 -1.05
    endloop
  endfacet
  facet normal 0 0 -1
    outer loop
      vertex 1.58237 -0.363602 -1.05
      vertex 1.91374 -0.553329 -1.05
      vertex 1.87598 -0.602417 -1.05
    endloop
  endfacet
  facet normal -0 0 -1
    outer loop
      vertex 1.9623 0.483093 -1.05
      vertex 1.60411 -0.240997 -1.05
      vertex 1.60411 0.483093 -1.05
    endloop
  endfacet
  facet normal 0 0 -1
    outer loop
      vertex 1.58237 -0.363602 -1.05
      vertex 1.87598 -0.602417 -1.05
      vertex 1.82822 -0.640457 -1.05
    endloop
  endfacet
  facet normal 0 0 -1
    outer loop
      vertex 1.56546 -0.391098 -1.05
      vertex 1.82822 -0.640457 -1.05
      vertex 1.77129 -0.667633 -1.05
    endloop
  endfacet
  facet normal 0 0 -1
    outer loop
      vertex 1.56546 -0.391098 -1.05
      vertex 1.77129 -0.667633 -1.05
      vertex 1.70517 -0.683945 -1.05
    endloop
  endfacet
  facet normal 0 0 -1
    outer loop
      vertex 1.54348 -0.412231 -1.05
      vertex 1.70517 -0.683945 -1.05
      vertex 1.62989 -0.689377 -1.05
    endloop
  endfacet
  facet normal 0 0 -1
    outer loop
      vertex 1.9623 0.483093 -1.05
      vertex 1.60411 0.483093 -1.05
      vertex 1.94426 0.72789 -1.05
    endloop
  endfacet
  facet normal 0 0 -1
    outer loop
      vertex 1.60411 0.72789 -1.05
      vertex 1.94426 0.72789 -1.05
      vertex 1.60411 0.483093 -1.05
    endloop
  endfacet
  facet normal 0 0 -1
    outer loop
      vertex 1.94426 0.72789 -1.05
      vertex 1.60411 0.72789 -1.05
      vertex 1.83087 1.05516 -1.05
    endloop
  endfacet
  facet normal -0 0 -1
    outer loop
      vertex 1.83087 1.05516 -1.05
      vertex 1.60411 0.72789 -1.05
      vertex 1.60411 1.05516 -1.05
    endloop
  endfacet
  facet normal 0 0 -1
    outer loop
      vertex 1.33998 0.483093 -1.05
      vertex 1.60411 0.72789 -1.05
      vertex 1.60411 0.483093 -1.05
    endloop
  endfacet
  facet normal -0 0 -1
    outer loop
      vertex 1.60411 0.72789 -1.05
      vertex 1.33998 0.483093 -1.05
      vertex 1.33998 0.72789 -1.05
    endloop
  endfacet
  facet normal 0 0 -1
    outer loop
      vertex 1.9623 -0.338928 -1.05
      vertex 1.60169 -0.288544 -1.05
      vertex 1.60411 -0.240997 -1.05
    endloop
  endfacet
  facet normal 0 0 -1
    outer loop
      vertex 1.9623 -0.338928 -1.05
      vertex 1.59444 -0.329422 -1.05
      vertex 1.60169 -0.288544 -1.05
    endloop
  endfacet
  facet normal 0 0 -1
    outer loop
      vertex 1.9569 -0.421585 -1.05
      vertex 1.58237 -0.363602 -1.05
      vertex 1.59444 -0.329422 -1.05
    endloop
  endfacet
  facet normal 0 0 -1
    outer loop
      vertex 1.82822 -0.640457 -1.05
      vertex 1.56546 -0.391098 -1.05
      vertex 1.58237 -0.363602 -1.05
    endloop
  endfacet
  facet normal 0 0 -1
    outer loop
      vertex 1.51619 -0.427338 -1.05
      vertex 1.62989 -0.689377 -1.05
      vertex 1.54654 -0.686646 -1.05
    endloop
  endfacet
  facet normal 0 0 -1
    outer loop
      vertex 1.70517 -0.683945 -1.05
      vertex 1.54348 -0.412231 -1.05
      vertex 1.56546 -0.391098 -1.05
    endloop
  endfacet
  facet normal 0 0 -1
    outer loop
      vertex 1.62989 -0.689377 -1.05
      vertex 1.51619 -0.427338 -1.05
      vertex 1.54348 -0.412231 -1.05
    endloop
  endfacet
  facet normal 0 0 -1
    outer loop
      vertex 1.54654 -0.686646 -1.05
      vertex 1.48357 -0.436401 -1.05
      vertex 1.51619 -0.427338 -1.05
    endloop
  endfacet
  facet normal 0 0 -1
    outer loop
      vertex 1.46787 -0.678421 -1.05
      vertex 1.48357 -0.436401 -1.05
      vertex 1.54654 -0.686646 -1.05
    endloop
  endfacet
  facet normal 0 0 -1
    outer loop
      vertex 1.46787 -0.678421 -1.05
      vertex 1.44565 -0.439407 -1.05
      vertex 1.48357 -0.436401 -1.05
    endloop
  endfacet
  facet normal 0 0 -1
    outer loop
      vertex 1.39386 -0.664734 -1.05
      vertex 1.44565 -0.439407 -1.05
      vertex 1.46787 -0.678421 -1.05
    endloop
  endfacet
  facet normal -0 0 -1
    outer loop
      vertex 1.44565 -0.439407 -1.05
      vertex 1.39386 -0.664734 -1.05
      vertex 1.42214 -0.438293 -1.05
    endloop
  endfacet
  facet normal -0 0 -1
    outer loop
      vertex 1.42214 -0.438293 -1.05
      vertex 1.39386 -0.664734 -1.05
      vertex 1.39411 -0.434906 -1.05
    endloop
  endfacet
  facet normal 0 0 -1
    outer loop
      vertex 1.32453 -0.645569 -1.05
      vertex 1.39411 -0.434906 -1.05
      vertex 1.39386 -0.664734 -1.05
    endloop
  endfacet
  facet normal -0 0 -1
    outer loop
      vertex 1.39411 -0.434906 -1.05
      vertex 1.32453 -0.645569 -1.05
      vertex 1.36158 -0.429276 -1.05
    endloop
  endfacet
  facet normal -0 0 -1
    outer loop
      vertex 1.36158 -0.429276 -1.05
      vertex 1.32453 -0.645569 -1.05
      vertex 1.32453 -0.421387 -1.05
    endloop
  endfacet
  facet normal 0 0 -1
    outer loop
      vertex 10.0833 -0.444565 -1.05
      vertex 10.4377 0.407074 -1.05
      vertex 10.4377 -1.21376 -1.05
    endloop
  endfacet
  facet normal 0 -0 -1
    outer loop
      vertex 10.081 0.534698 -1.05
      vertex 10.4377 0.407074 -1.05
      vertex 10.0808 0.501129 -1.05
    endloop
  endfacet
  facet normal 0 -0 -1
    outer loop
      vertex 10.0853 0.636414 -1.05
      vertex 10.4377 0.407074 -1.05
      vertex 10.0833 0.602341 -1.05
    endloop
  endfacet
  facet normal 0 -0 -1
    outer loop
      vertex 10.0876 0.66774 -1.05
      vertex 10.4377 0.407074 -1.05
      vertex 10.0853 0.636414 -1.05
    endloop
  endfacet
  facet normal 0 0 -1
    outer loop
      vertex 10.0962 0.72789 -1.05
      vertex 10.0902 0.693436 -1.05
      vertex 10.0931 0.713486 -1.05
    endloop
  endfacet
  facet normal 0 0 -1
    outer loop
      vertex 10.0616 -0.172867 -1.05
      vertex 10.4377 0.407074 -1.05
      vertex 10.0833 -0.444565 -1.05
    endloop
  endfacet
  facet normal 0 0 -1
    outer loop
      vertex 10.0775 -0.522522 -1.05
      vertex 10.0833 -0.444565 -1.05
      vertex 10.4377 -1.21376 -1.05
    endloop
  endfacet
  facet normal 0 0 -1
    outer loop
      vertex 10.0833 -0.444565 -1.05
      vertex 10.0775 -0.522522 -1.05
      vertex 10.0799 -0.473724 -1.05
    endloop
  endfacet
  facet normal 0 0 -1
    outer loop
      vertex 10.4377 -1.21376 -1.05
      vertex 10.0761 -0.590973 -1.05
      vertex 10.0775 -0.522522 -1.05
    endloop
  endfacet
  facet normal 0 0 -1
    outer loop
      vertex 10.0756 -0.679062 -1.05
      vertex 10.4377 -1.21376 -1.05
      vertex 10.0756 -1.21376 -1.05
    endloop
  endfacet
  facet normal 0 0 -1
    outer loop
      vertex 10.4377 -1.21376 -1.05
      vertex 10.0756 -0.679062 -1.05
      vertex 10.0761 -0.590973 -1.05
    endloop
  endfacet
  facet normal 0 0 -1
    outer loop
      vertex 10.4434 0.661453 -1.05
      vertex 10.0962 0.72789 -1.05
      vertex 10.4479 0.72789 -1.05
    endloop
  endfacet
  facet normal 0 0 -1
    outer loop
      vertex 10.4402 0.585846 -1.05
      vertex 10.0962 0.72789 -1.05
      vertex 10.4434 0.661453 -1.05
    endloop
  endfacet
  facet normal 0 0 -1
    outer loop
      vertex 10.4383 0.501053 -1.05
      vertex 10.0962 0.72789 -1.05
      vertex 10.4402 0.585846 -1.05
    endloop
  endfacet
  facet normal 0 0 -1
    outer loop
      vertex 10.0962 0.72789 -1.05
      vertex 10.4383 0.501053 -1.05
      vertex 10.4377 0.407074 -1.05
    endloop
  endfacet
  facet normal 0 0 -1
    outer loop
      vertex 10.4377 0.407074 -1.05
      vertex 10.0808 0.0269775 -1.05
      vertex 10.076 0.134079 -1.05
    endloop
  endfacet
  facet normal 0 0 -1
    outer loop
      vertex 10.4377 0.407074 -1.05
      vertex 10.0902 0.693436 -1.05
      vertex 10.0962 0.72789 -1.05
    endloop
  endfacet
  facet normal 0 -0 -1
    outer loop
      vertex 10.0902 0.693436 -1.05
      vertex 10.4377 0.407074 -1.05
      vertex 10.0876 0.66774 -1.05
    endloop
  endfacet
  facet normal 0 0 -1
    outer loop
      vertex 10.4377 0.407074 -1.05
      vertex 10.0819 0.568451 -1.05
      vertex 10.0833 0.602341 -1.05
    endloop
  endfacet
  facet normal 0 0 -1
    outer loop
      vertex 10.4377 0.407074 -1.05
      vertex 10.076 -0.0793304 -1.05
      vertex 10.0808 0.0269775 -1.05
    endloop
  endfacet
  facet normal 0 0 -1
    outer loop
      vertex 10.0041 -0.321518 -1.05
      vertex 10.0833 -0.444565 -1.05
      vertex 10.0756 -0.444565 -1.05
    endloop
  endfacet
  facet normal 0 0 -1
    outer loop
      vertex 10.4377 0.407074 -1.05
      vertex 10.0616 -0.172867 -1.05
      vertex 10.076 -0.0793304 -1.05
    endloop
  endfacet
  facet normal 0 0 -1
    outer loop
      vertex 9.96169 -0.375351 -1.05
      vertex 10.0756 -0.444565 -1.05
      vertex 10.0434 -0.500977 -1.05
    endloop
  endfacet
  facet normal 0 0 -1
    outer loop
      vertex 10.0833 -0.444565 -1.05
      vertex 10.0376 -0.253601 -1.05
      vertex 10.0616 -0.172867 -1.05
    endloop
  endfacet
  facet normal 0 0 -1
    outer loop
      vertex 9.91117 -0.413803 -1.05
      vertex 10.0434 -0.500977 -1.05
      vertex 10.0049 -0.550385 -1.05
    endloop
  endfacet
  facet normal 0 0 -1
    outer loop
      vertex 10.0833 -0.444565 -1.05
      vertex 10.0041 -0.321518 -1.05
      vertex 10.0376 -0.253601 -1.05
    endloop
  endfacet
  facet normal 0 0 -1
    outer loop
      vertex 10.0756 -0.444565 -1.05
      vertex 9.96169 -0.375351 -1.05
      vertex 10.0041 -0.321518 -1.05
    endloop
  endfacet
  facet normal 0 0 -1
    outer loop
      vertex 9.91117 -0.413803 -1.05
      vertex 10.0049 -0.550385 -1.05
      vertex 9.95999 -0.592789 -1.05
    endloop
  endfacet
  facet normal 0 0 -1
    outer loop
      vertex 10.0434 -0.500977 -1.05
      vertex 9.91117 -0.413803 -1.05
      vertex 9.96169 -0.375351 -1.05
    endloop
  endfacet
  facet normal 0 0 -1
    outer loop
      vertex 9.8525 -0.436874 -1.05
      vertex 9.95999 -0.592789 -1.05
      vertex 9.90874 -0.628174 -1.05
    endloop
  endfacet
  facet normal 0 0 -1
    outer loop
      vertex 9.95999 -0.592789 -1.05
      vertex 9.8525 -0.436874 -1.05
      vertex 9.91117 -0.413803 -1.05
    endloop
  endfacet
  facet normal 0 0 -1
    outer loop
      vertex 9.85193 -0.656082 -1.05
      vertex 9.8525 -0.436874 -1.05
      vertex 9.90874 -0.628174 -1.05
    endloop
  endfacet
  facet normal 0 0 -1
    outer loop
      vertex 9.78571 -0.444565 -1.05
      vertex 9.85193 -0.656082 -1.05
      vertex 9.79038 -0.67601 -1.05
    endloop
  endfacet
  facet normal 0 0 -1
    outer loop
      vertex 9.85193 -0.656082 -1.05
      vertex 9.78571 -0.444565 -1.05
      vertex 9.8525 -0.436874 -1.05
    endloop
  endfacet
  facet normal 0 0 -1
    outer loop
      vertex 9.72405 -0.687958 -1.05
      vertex 9.78571 -0.444565 -1.05
      vertex 9.79038 -0.67601 -1.05
    endloop
  endfacet
  facet normal 0 0 -1
    outer loop
      vertex 9.72405 -0.687958 -1.05
      vertex 9.65886 -0.414444 -1.05
      vertex 9.78571 -0.444565 -1.05
    endloop
  endfacet
  facet normal 0 0 -1
    outer loop
      vertex 9.65299 -0.69194 -1.05
      vertex 9.65886 -0.414444 -1.05
      vertex 9.72405 -0.687958 -1.05
    endloop
  endfacet
  facet normal 0 0 -1
    outer loop
      vertex 9.53264 -0.680069 -1.05
      vertex 9.65886 -0.414444 -1.05
      vertex 9.65299 -0.69194 -1.05
    endloop
  endfacet
  facet normal 0 0 -1
    outer loop
      vertex 9.4267 -0.64444 -1.05
      vertex 9.65886 -0.414444 -1.05
      vertex 9.53264 -0.680069 -1.05
    endloop
  endfacet
  facet normal -0 0 -1
    outer loop
      vertex 9.65886 -0.414444 -1.05
      vertex 9.4267 -0.64444 -1.05
      vertex 9.56827 -0.324097 -1.05
    endloop
  endfacet
  facet normal 0 0 -1
    outer loop
      vertex 9.33519 -0.585052 -1.05
      vertex 9.56827 -0.324097 -1.05
      vertex 9.4267 -0.64444 -1.05
    endloop
  endfacet
  facet normal 0 0 -1
    outer loop
      vertex 9.25809 -0.501907 -1.05
      vertex 9.56827 -0.324097 -1.05
      vertex 9.33519 -0.585052 -1.05
    endloop
  endfacet
  facet normal 0 0 -1
    outer loop
      vertex 10.4377 0.407074 -1.05
      vertex 10.081 0.534698 -1.05
      vertex 10.0819 0.568451 -1.05
    endloop
  endfacet
  facet normal 0 0 -1
    outer loop
      vertex 10.0616 0.228622 -1.05
      vertex 10.4377 0.407074 -1.05
      vertex 10.076 0.134079 -1.05
    endloop
  endfacet
  facet normal 0 0 -1
    outer loop
      vertex 10.0376 0.310593 -1.05
      vertex 10.4377 0.407074 -1.05
      vertex 10.0616 0.228622 -1.05
    endloop
  endfacet
  facet normal -0 0 -1
    outer loop
      vertex 10.4377 0.407074 -1.05
      vertex 10.0376 0.310593 -1.05
      vertex 10.0808 0.501129 -1.05
    endloop
  endfacet
  facet normal 0 0 -1
    outer loop
      vertex 10.0041 0.380005 -1.05
      vertex 10.0808 0.501129 -1.05
      vertex 10.0376 0.310593 -1.05
    endloop
  endfacet
  facet normal -0 0 -1
    outer loop
      vertex 10.0808 0.501129 -1.05
      vertex 10.0041 0.380005 -1.05
      vertex 10.0756 0.501129 -1.05
    endloop
  endfacet
  facet normal 0 0 -1
    outer loop
      vertex 9.96152 0.435242 -1.05
      vertex 10.0756 0.501129 -1.05
      vertex 10.0041 0.380005 -1.05
    endloop
  endfacet
  facet normal 0 0 -1
    outer loop
      vertex 9.91051 0.474701 -1.05
      vertex 10.0756 0.501129 -1.05
      vertex 9.96152 0.435242 -1.05
    endloop
  endfacet
  facet normal -0 0 -1
    outer loop
      vertex 10.0756 0.501129 -1.05
      vertex 9.91051 0.474701 -1.05
      vertex 10.0018 0.613297 -1.05
    endloop
  endfacet
  facet normal 0 0 -1
    outer loop
      vertex 9.85105 0.498383 -1.05
      vertex 10.0018 0.613297 -1.05
      vertex 9.91051 0.474701 -1.05
    endloop
  endfacet
  facet normal -0 0 -1
    outer loop
      vertex 10.0018 0.613297 -1.05
      vertex 9.85105 0.498383 -1.05
      vertex 9.90294 0.693436 -1.05
    endloop
  endfacet
  facet normal 0 0 -1
    outer loop
      vertex 9.78311 0.506271 -1.05
      vertex 9.90294 0.693436 -1.05
      vertex 9.85105 0.498383 -1.05
    endloop
  endfacet
  facet normal 0 0 -1
    outer loop
      vertex 9.78311 0.506271 -1.05
      vertex 9.77892 0.741501 -1.05
      vertex 9.90294 0.693436 -1.05
    endloop
  endfacet
  facet normal 0 0 -1
    outer loop
      vertex 9.65741 0.476959 -1.05
      vertex 9.77892 0.741501 -1.05
      vertex 9.78311 0.506271 -1.05
    endloop
  endfacet
  facet normal 0 0 -1
    outer loop
      vertex 9.65741 0.476959 -1.05
      vertex 9.62979 0.757538 -1.05
      vertex 9.77892 0.741501 -1.05
    endloop
  endfacet
  facet normal 0 0 -1
    outer loop
      vertex 9.41367 0.710663 -1.05
      vertex 9.65741 0.476959 -1.05
      vertex 9.56763 0.389038 -1.05
    endloop
  endfacet
  facet normal 0 0 -1
    outer loop
      vertex 9.65741 0.476959 -1.05
      vertex 9.51488 0.745819 -1.05
      vertex 9.62979 0.757538 -1.05
    endloop
  endfacet
  facet normal 0 0 -1
    outer loop
      vertex 9.19367 0.466461 -1.05
      vertex 9.56763 0.389038 -1.05
      vertex 9.51375 0.242477 -1.05
    endloop
  endfacet
  facet normal 0 0 -1
    outer loop
      vertex 9.12667 0.200073 -1.05
      vertex 9.51375 0.242477 -1.05
      vertex 9.49581 0.0372925 -1.05
    endloop
  endfacet
  facet normal 0 0 -1
    outer loop
      vertex 9.19693 -0.396942 -1.05
      vertex 9.56827 -0.324097 -1.05
      vertex 9.25809 -0.501907 -1.05
    endloop
  endfacet
  facet normal 0 -0 -1
    outer loop
      vertex 9.12667 0.200073 -1.05
      vertex 9.49581 0.0372925 -1.05
      vertex 9.11829 0.0372925 -1.05
    endloop
  endfacet
  facet normal -0 0 -1
    outer loop
      vertex 9.56827 -0.324097 -1.05
      vertex 9.19693 -0.396942 -1.05
      vertex 9.51392 -0.173508 -1.05
    endloop
  endfacet
  facet normal -0 0 -1
    outer loop
      vertex 9.51375 0.242477 -1.05
      vertex 9.12667 0.200073 -1.05
      vertex 9.1518 0.34314 -1.05
    endloop
  endfacet
  facet normal 0 0 -1
    outer loop
      vertex 9.15323 -0.272079 -1.05
      vertex 9.51392 -0.173508 -1.05
      vertex 9.19693 -0.396942 -1.05
    endloop
  endfacet
  facet normal 0 0 -1
    outer loop
      vertex 9.51375 0.242477 -1.05
      vertex 9.1518 0.34314 -1.05
      vertex 9.19367 0.466461 -1.05
    endloop
  endfacet
  facet normal 0 0 -1
    outer loop
      vertex 9.12703 -0.127335 -1.05
      vertex 9.51392 -0.173508 -1.05
      vertex 9.15323 -0.272079 -1.05
    endloop
  endfacet
  facet normal 0 0 -1
    outer loop
      vertex 9.56763 0.389038 -1.05
      vertex 9.19367 0.466461 -1.05
      vertex 9.25229 0.570053 -1.05
    endloop
  endfacet
  facet normal 0 0 -1
    outer loop
      vertex 9.51392 -0.173508 -1.05
      vertex 9.12703 -0.127335 -1.05
      vertex 9.49581 0.0372925 -1.05
    endloop
  endfacet
  facet normal 0 0 -1
    outer loop
      vertex 9.56763 0.389038 -1.05
      vertex 9.25229 0.570053 -1.05
      vertex 9.32613 0.652084 -1.05
    endloop
  endfacet
  facet normal -0 0 -1
    outer loop
      vertex 9.49581 0.0372925 -1.05
      vertex 9.12703 -0.127335 -1.05
      vertex 9.11829 0.0372925 -1.05
    endloop
  endfacet
  facet normal 0 0 -1
    outer loop
      vertex 9.65741 0.476959 -1.05
      vertex 9.41367 0.710663 -1.05
      vertex 9.51488 0.745819 -1.05
    endloop
  endfacet
  facet normal 0 0 -1
    outer loop
      vertex 9.56763 0.389038 -1.05
      vertex 9.32613 0.652084 -1.05
      vertex 9.41367 0.710663 -1.05
    endloop
  endfacet
  facet normal 0 0 -1
    outer loop
      vertex 4.63983 -0.444565 -1.05
      vertex 4.99417 0.407074 -1.05
      vertex 4.99417 -1.21376 -1.05
    endloop
  endfacet
  facet normal 0 -0 -1
    outer loop
      vertex 4.63755 0.534698 -1.05
      vertex 4.99417 0.407074 -1.05
      vertex 4.63727 0.501129 -1.05
    endloop
  endfacet
  facet normal 0 -0 -1
    outer loop
      vertex 4.64177 0.636414 -1.05
      vertex 4.99417 0.407074 -1.05
      vertex 4.6398 0.602341 -1.05
    endloop
  endfacet
  facet normal 0 -0 -1
    outer loop
      vertex 4.64415 0.66774 -1.05
      vertex 4.99417 0.407074 -1.05
      vertex 4.64177 0.636414 -1.05
    endloop
  endfacet
  facet normal 0 0 -1
    outer loop
      vertex 4.65271 0.72789 -1.05
      vertex 4.64676 0.693436 -1.05
      vertex 4.64962 0.713486 -1.05
    endloop
  endfacet
  facet normal 0 0 -1
    outer loop
      vertex 4.61811 -0.172867 -1.05
      vertex 4.99417 0.407074 -1.05
      vertex 4.63983 -0.444565 -1.05
    endloop
  endfacet
  facet normal 0 0 -1
    outer loop
      vertex 4.63404 -0.522522 -1.05
      vertex 4.63983 -0.444565 -1.05
      vertex 4.99417 -1.21376 -1.05
    endloop
  endfacet
  facet normal 0 0 -1
    outer loop
      vertex 4.63983 -0.444565 -1.05
      vertex 4.63404 -0.522522 -1.05
      vertex 4.63645 -0.473724 -1.05
    endloop
  endfacet
  facet normal 0 0 -1
    outer loop
      vertex 4.99417 -1.21376 -1.05
      vertex 4.63259 -0.590973 -1.05
      vertex 4.63404 -0.522522 -1.05
    endloop
  endfacet
  facet normal 0 0 -1
    outer loop
      vertex 4.6321 -0.679062 -1.05
      vertex 4.99417 -1.21376 -1.05
      vertex 4.6321 -1.21376 -1.05
    endloop
  endfacet
  facet normal 0 0 -1
    outer loop
      vertex 4.99417 -1.21376 -1.05
      vertex 4.6321 -0.679062 -1.05
      vertex 4.63259 -0.590973 -1.05
    endloop
  endfacet
  facet normal 0 0 -1
    outer loop
      vertex 4.99996 0.661453 -1.05
      vertex 4.65271 0.72789 -1.05
      vertex 5.00446 0.72789 -1.05
    endloop
  endfacet
  facet normal 0 0 -1
    outer loop
      vertex 4.99674 0.585846 -1.05
      vertex 4.65271 0.72789 -1.05
      vertex 4.99996 0.661453 -1.05
    endloop
  endfacet
  facet normal 0 0 -1
    outer loop
      vertex 4.99481 0.501053 -1.05
      vertex 4.65271 0.72789 -1.05
      vertex 4.99674 0.585846 -1.05
    endloop
  endfacet
  facet normal 0 0 -1
    outer loop
      vertex 4.65271 0.72789 -1.05
      vertex 4.99481 0.501053 -1.05
      vertex 4.99417 0.407074 -1.05
    endloop
  endfacet
  facet normal 0 0 -1
    outer loop
      vertex 4.99417 0.407074 -1.05
      vertex 4.63727 0.0269775 -1.05
      vertex 4.63248 0.134079 -1.05
    endloop
  endfacet
  facet normal 0 0 -1
    outer loop
      vertex 4.99417 0.407074 -1.05
      vertex 4.64676 0.693436 -1.05
      vertex 4.65271 0.72789 -1.05
    endloop
  endfacet
  facet normal 0 -0 -1
    outer loop
      vertex 4.64676 0.693436 -1.05
      vertex 4.99417 0.407074 -1.05
      vertex 4.64415 0.66774 -1.05
    endloop
  endfacet
  facet normal 0 0 -1
    outer loop
      vertex 4.99417 0.407074 -1.05
      vertex 4.6384 0.568451 -1.05
      vertex 4.6398 0.602341 -1.05
    endloop
  endfacet
  facet normal 0 0 -1
    outer loop
      vertex 4.99417 0.407074 -1.05
      vertex 4.63248 -0.0793304 -1.05
      vertex 4.63727 0.0269775 -1.05
    endloop
  endfacet
  facet normal 0 0 -1
    outer loop
      vertex 4.56061 -0.321518 -1.05
      vertex 4.63983 -0.444565 -1.05
      vertex 4.6321 -0.444565 -1.05
    endloop
  endfacet
  facet normal 0 0 -1
    outer loop
      vertex 4.99417 0.407074 -1.05
      vertex 4.61811 -0.172867 -1.05
      vertex 4.63248 -0.0793304 -1.05
    endloop
  endfacet
  facet normal 0 0 -1
    outer loop
      vertex 4.51821 -0.375351 -1.05
      vertex 4.6321 -0.444565 -1.05
      vertex 4.59993 -0.500977 -1.05
    endloop
  endfacet
  facet normal 0 0 -1
    outer loop
      vertex 4.63983 -0.444565 -1.05
      vertex 4.59415 -0.253601 -1.05
      vertex 4.61811 -0.172867 -1.05
    endloop
  endfacet
  facet normal 0 0 -1
    outer loop
      vertex 4.46768 -0.413803 -1.05
      vertex 4.59993 -0.500977 -1.05
      vertex 4.5614 -0.550385 -1.05
    endloop
  endfacet
  facet normal 0 0 -1
    outer loop
      vertex 4.63983 -0.444565 -1.05
      vertex 4.56061 -0.321518 -1.05
      vertex 4.59415 -0.253601 -1.05
    endloop
  endfacet
  facet normal 0 0 -1
    outer loop
      vertex 4.6321 -0.444565 -1.05
      vertex 4.51821 -0.375351 -1.05
      vertex 4.56061 -0.321518 -1.05
    endloop
  endfacet
  facet normal 0 0 -1
    outer loop
      vertex 4.46768 -0.413803 -1.05
      vertex 4.5614 -0.550385 -1.05
      vertex 4.51651 -0.592789 -1.05
    endloop
  endfacet
  facet normal 0 0 -1
    outer loop
      vertex 4.59993 -0.500977 -1.05
      vertex 4.46768 -0.413803 -1.05
      vertex 4.51821 -0.375351 -1.05
    endloop
  endfacet
  facet normal 0 0 -1
    outer loop
      vertex 4.40901 -0.436874 -1.05
      vertex 4.51651 -0.592789 -1.05
      vertex 4.46526 -0.628174 -1.05
    endloop
  endfacet
  facet normal 0 0 -1
    outer loop
      vertex 4.51651 -0.592789 -1.05
      vertex 4.40901 -0.436874 -1.05
      vertex 4.46768 -0.413803 -1.05
    endloop
  endfacet
  facet normal 0 0 -1
    outer loop
      vertex 4.40845 -0.656082 -1.05
      vertex 4.40901 -0.436874 -1.05
      vertex 4.46526 -0.628174 -1.05
    endloop
  endfacet
  facet normal 0 0 -1
    outer loop
      vertex 4.34223 -0.444565 -1.05
      vertex 4.40845 -0.656082 -1.05
      vertex 4.3469 -0.67601 -1.05
    endloop
  endfacet
  facet normal 0 0 -1
    outer loop
      vertex 4.40845 -0.656082 -1.05
      vertex 4.34223 -0.444565 -1.05
      vertex 4.40901 -0.436874 -1.05
    endloop
  endfacet
  facet normal 0 0 -1
    outer loop
      vertex 4.28057 -0.687958 -1.05
      vertex 4.34223 -0.444565 -1.05
      vertex 4.3469 -0.67601 -1.05
    endloop
  endfacet
  facet normal 0 0 -1
    outer loop
      vertex 4.28057 -0.687958 -1.05
      vertex 4.21538 -0.414444 -1.05
      vertex 4.34223 -0.444565 -1.05
    endloop
  endfacet
  facet normal 0 0 -1
    outer loop
      vertex 4.20951 -0.69194 -1.05
      vertex 4.21538 -0.414444 -1.05
      vertex 4.28057 -0.687958 -1.05
    endloop
  endfacet
  facet normal 0 0 -1
    outer loop
      vertex 4.08916 -0.680069 -1.05
      vertex 4.21538 -0.414444 -1.05
      vertex 4.20951 -0.69194 -1.05
    endloop
  endfacet
  facet normal 0 0 -1
    outer loop
      vertex 3.98322 -0.64444 -1.05
      vertex 4.21538 -0.414444 -1.05
      vertex 4.08916 -0.680069 -1.05
    endloop
  endfacet
  facet normal -0 0 -1
    outer loop
      vertex 4.21538 -0.414444 -1.05
      vertex 3.98322 -0.64444 -1.05
      vertex 4.12479 -0.324097 -1.05
    endloop
  endfacet
  facet normal 0 0 -1
    outer loop
      vertex 3.89171 -0.585052 -1.05
      vertex 4.12479 -0.324097 -1.05
      vertex 3.98322 -0.64444 -1.05
    endloop
  endfacet
  facet normal 0 0 -1
    outer loop
      vertex 3.81461 -0.501907 -1.05
      vertex 4.12479 -0.324097 -1.05
      vertex 3.89171 -0.585052 -1.05
    endloop
  endfacet
  facet normal 0 0 -1
    outer loop
      vertex 4.99417 0.407074 -1.05
      vertex 4.63755 0.534698 -1.05
      vertex 4.6384 0.568451 -1.05
    endloop
  endfacet
  facet normal 0 0 -1
    outer loop
      vertex 4.61811 0.228622 -1.05
      vertex 4.99417 0.407074 -1.05
      vertex 4.63248 0.134079 -1.05
    endloop
  endfacet
  facet normal 0 0 -1
    outer loop
      vertex 4.59415 0.310593 -1.05
      vertex 4.99417 0.407074 -1.05
      vertex 4.61811 0.228622 -1.05
    endloop
  endfacet
  facet normal -0 0 -1
    outer loop
      vertex 4.99417 0.407074 -1.05
      vertex 4.59415 0.310593 -1.05
      vertex 4.63727 0.501129 -1.05
    endloop
  endfacet
  facet normal 0 0 -1
    outer loop
      vertex 4.56061 0.380005 -1.05
      vertex 4.63727 0.501129 -1.05
      vertex 4.59415 0.310593 -1.05
    endloop
  endfacet
  facet normal -0 0 -1
    outer loop
      vertex 4.63727 0.501129 -1.05
      vertex 4.56061 0.380005 -1.05
      vertex 4.6321 0.501129 -1.05
    endloop
  endfacet
  facet normal 0 0 -1
    outer loop
      vertex 4.51804 0.435242 -1.05
      vertex 4.6321 0.501129 -1.05
      vertex 4.56061 0.380005 -1.05
    endloop
  endfacet
  facet normal 0 0 -1
    outer loop
      vertex 4.46703 0.474701 -1.05
      vertex 4.6321 0.501129 -1.05
      vertex 4.51804 0.435242 -1.05
    endloop
  endfacet
  facet normal -0 0 -1
    outer loop
      vertex 4.6321 0.501129 -1.05
      vertex 4.46703 0.474701 -1.05
      vertex 4.55834 0.613297 -1.05
    endloop
  endfacet
  facet normal 0 0 -1
    outer loop
      vertex 4.40757 0.498383 -1.05
      vertex 4.55834 0.613297 -1.05
      vertex 4.46703 0.474701 -1.05
    endloop
  endfacet
  facet normal -0 0 -1
    outer loop
      vertex 4.55834 0.613297 -1.05
      vertex 4.40757 0.498383 -1.05
      vertex 4.45946 0.693436 -1.05
    endloop
  endfacet
  facet normal 0 0 -1
    outer loop
      vertex 4.33963 0.506271 -1.05
      vertex 4.45946 0.693436 -1.05
      vertex 4.40757 0.498383 -1.05
    endloop
  endfacet
  facet normal 0 0 -1
    outer loop
      vertex 4.33963 0.506271 -1.05
      vertex 4.33544 0.741501 -1.05
      vertex 4.45946 0.693436 -1.05
    endloop
  endfacet
  facet normal 0 0 -1
    outer loop
      vertex 4.21393 0.476959 -1.05
      vertex 4.33544 0.741501 -1.05
      vertex 4.33963 0.506271 -1.05
    endloop
  endfacet
  facet normal 0 0 -1
    outer loop
      vertex 4.21393 0.476959 -1.05
      vertex 4.18631 0.757538 -1.05
      vertex 4.33544 0.741501 -1.05
    endloop
  endfacet
  facet normal 0 0 -1
    outer loop
      vertex 3.97019 0.710663 -1.05
      vertex 4.21393 0.476959 -1.05
      vertex 4.12415 0.389038 -1.05
    endloop
  endfacet
  facet normal 0 0 -1
    outer loop
      vertex 4.21393 0.476959 -1.05
      vertex 4.0714 0.745819 -1.05
      vertex 4.18631 0.757538 -1.05
    endloop
  endfacet
  facet normal 0 0 -1
    outer loop
      vertex 3.75019 0.466461 -1.05
      vertex 4.12415 0.389038 -1.05
      vertex 4.07027 0.242477 -1.05
    endloop
  endfacet
  facet normal 0 0 -1
    outer loop
      vertex 3.68318 0.200073 -1.05
      vertex 4.07027 0.242477 -1.05
      vertex 4.05233 0.0372925 -1.05
    endloop
  endfacet
  facet normal 0 0 -1
    outer loop
      vertex 3.75345 -0.396942 -1.05
      vertex 4.12479 -0.324097 -1.05
      vertex 3.81461 -0.501907 -1.05
    endloop
  endfacet
  facet normal 0 -0 -1
    outer loop
      vertex 3.68318 0.200073 -1.05
      vertex 4.05233 0.0372925 -1.05
      vertex 3.67481 0.0372925 -1.05
    endloop
  endfacet
  facet normal -0 0 -1
    outer loop
      vertex 4.12479 -0.324097 -1.05
      vertex 3.75345 -0.396942 -1.05
      vertex 4.07044 -0.173508 -1.05
    endloop
  endfacet
  facet normal -0 0 -1
    outer loop
      vertex 4.07027 0.242477 -1.05
      vertex 3.68318 0.200073 -1.05
      vertex 3.70832 0.34314 -1.05
    endloop
  endfacet
  facet normal 0 0 -1
    outer loop
      vertex 3.70975 -0.272079 -1.05
      vertex 4.07044 -0.173508 -1.05
      vertex 3.75345 -0.396942 -1.05
    endloop
  endfacet
  facet normal 0 0 -1
    outer loop
      vertex 4.07027 0.242477 -1.05
      vertex 3.70832 0.34314 -1.05
      vertex 3.75019 0.466461 -1.05
    endloop
  endfacet
  facet normal 0 0 -1
    outer loop
      vertex 3.68355 -0.127335 -1.05
      vertex 4.07044 -0.173508 -1.05
      vertex 3.70975 -0.272079 -1.05
    endloop
  endfacet
  facet normal 0 0 -1
    outer loop
      vertex 4.12415 0.389038 -1.05
      vertex 3.75019 0.466461 -1.05
      vertex 3.80881 0.570053 -1.05
    endloop
  endfacet
  facet normal 0 0 -1
    outer loop
      vertex 4.07044 -0.173508 -1.05
      vertex 3.68355 -0.127335 -1.05
      vertex 4.05233 0.0372925 -1.05
    endloop
  endfacet
  facet normal 0 0 -1
    outer loop
      vertex 4.12415 0.389038 -1.05
      vertex 3.80881 0.570053 -1.05
      vertex 3.88265 0.652084 -1.05
    endloop
  endfacet
  facet normal -0 0 -1
    outer loop
      vertex 4.05233 0.0372925 -1.05
      vertex 3.68355 -0.127335 -1.05
      vertex 3.67481 0.0372925 -1.05
    endloop
  endfacet
  facet normal 0 0 -1
    outer loop
      vertex 4.21393 0.476959 -1.05
      vertex 3.97019 0.710663 -1.05
      vertex 4.0714 0.745819 -1.05
    endloop
  endfacet
  facet normal 0 0 -1
    outer loop
      vertex 4.12415 0.389038 -1.05
      vertex 3.88265 0.652084 -1.05
      vertex 3.97019 0.710663 -1.05
    endloop
  endfacet
  facet normal 0 0 -1
    outer loop
      vertex 7.06821 0.0179596 -1.05
      vertex 7.43027 0.400635 -1.05
      vertex 7.43027 -0.666183 -1.05
    endloop
  endfacet
  facet normal 0 -0 -1
    outer loop
      vertex 7.09317 0.710388 -1.05
      vertex 7.43027 0.400635 -1.05
      vertex 7.09076 0.68103 -1.05
    endloop
  endfacet
  facet normal 0 0 -1
    outer loop
      vertex 7.43027 0.400635 -1.05
      vertex 7.09317 0.710388 -1.05
      vertex 7.09528 0.72789 -1.05
    endloop
  endfacet
  facet normal 0 0 -1
    outer loop
      vertex 7.43027 0.400635 -1.05
      vertex 7.08802 0.639847 -1.05
      vertex 7.09076 0.68103 -1.05
    endloop
  endfacet
  facet normal 0 0 -1
    outer loop
      vertex 7.43027 0.400635 -1.05
      vertex 7.08496 0.586823 -1.05
      vertex 7.08802 0.639847 -1.05
    endloop
  endfacet
  facet normal 0 0 -1
    outer loop
      vertex 7.43027 0.400635 -1.05
      vertex 7.08214 0.532822 -1.05
      vertex 7.08496 0.586823 -1.05
    endloop
  endfacet
  facet normal 0 0 -1
    outer loop
      vertex 7.43027 0.400635 -1.05
      vertex 7.08013 0.488724 -1.05
      vertex 7.08214 0.532822 -1.05
    endloop
  endfacet
  facet normal 0 0 -1
    outer loop
      vertex 7.43027 0.400635 -1.05
      vertex 7.07892 0.454544 -1.05
      vertex 7.08013 0.488724 -1.05
    endloop
  endfacet
  facet normal 0 0 -1
    outer loop
      vertex 7.43027 0.400635 -1.05
      vertex 7.07852 0.430252 -1.05
      vertex 7.07892 0.454544 -1.05
    endloop
  endfacet
  facet normal 0 0 -1
    outer loop
      vertex 7.04937 0.206711 -1.05
      vertex 7.43027 0.400635 -1.05
      vertex 7.06349 0.118942 -1.05
    endloop
  endfacet
  facet normal 0 0 -1
    outer loop
      vertex 7.06821 0.0179596 -1.05
      vertex 7.43027 -0.666183 -1.05
      vertex 7.06821 -0.666183 -1.05
    endloop
  endfacet
  facet normal 0 0 -1
    outer loop
      vertex 7.43027 0.400635 -1.05
      vertex 7.06821 0.0179596 -1.05
      vertex 7.06349 0.118942 -1.05
    endloop
  endfacet
  facet normal -0 0 -1
    outer loop
      vertex 7.43027 0.400635 -1.05
      vertex 7.04937 0.206711 -1.05
      vertex 7.07852 0.430252 -1.05
    endloop
  endfacet
  facet normal 0 0 -1
    outer loop
      vertex 7.02581 0.281281 -1.05
      vertex 7.07852 0.430252 -1.05
      vertex 7.04937 0.206711 -1.05
    endloop
  endfacet
  facet normal -0 0 -1
    outer loop
      vertex 7.07852 0.430252 -1.05
      vertex 7.02581 0.281281 -1.05
      vertex 7.07337 0.430252 -1.05
    endloop
  endfacet
  facet normal 0 0 -1
    outer loop
      vertex 6.99283 0.342651 -1.05
      vertex 7.07337 0.430252 -1.05
      vertex 7.02581 0.281281 -1.05
    endloop
  endfacet
  facet normal 0 0 -1
    outer loop
      vertex 6.9514 0.390564 -1.05
      vertex 7.07337 0.430252 -1.05
      vertex 6.99283 0.342651 -1.05
    endloop
  endfacet
  facet normal -0 0 -1
    outer loop
      vertex 7.07337 0.430252 -1.05
      vertex 6.9514 0.390564 -1.05
      vertex 7.04767 0.49826 -1.05
    endloop
  endfacet
  facet normal 0 0 -1
    outer loop
      vertex 6.90248 0.424789 -1.05
      vertex 7.04767 0.49826 -1.05
      vertex 6.9514 0.390564 -1.05
    endloop
  endfacet
  facet normal -0 0 -1
    outer loop
      vertex 7.04767 0.49826 -1.05
      vertex 6.90248 0.424789 -1.05
      vertex 7.02344 0.555405 -1.05
    endloop
  endfacet
  facet normal -0 0 -1
    outer loop
      vertex 7.02344 0.555405 -1.05
      vertex 6.90248 0.424789 -1.05
      vertex 7.00064 0.601669 -1.05
    endloop
  endfacet
  facet normal 0 0 -1
    outer loop
      vertex 6.84607 0.445312 -1.05
      vertex 7.00064 0.601669 -1.05
      vertex 6.90248 0.424789 -1.05
    endloop
  endfacet
  facet normal -0 0 -1
    outer loop
      vertex 7.00064 0.601669 -1.05
      vertex 6.84607 0.445312 -1.05
      vertex 6.9793 0.637054 -1.05
    endloop
  endfacet
  facet normal -0 0 -1
    outer loop
      vertex 6.9793 0.637054 -1.05
      vertex 6.84607 0.445312 -1.05
      vertex 6.95772 0.665085 -1.05
    endloop
  endfacet
  facet normal -0 0 -1
    outer loop
      vertex 6.95772 0.665085 -1.05
      vertex 6.84607 0.445312 -1.05
      vertex 6.93421 0.68924 -1.05
    endloop
  endfacet
  facet normal -0 0 -1
    outer loop
      vertex 6.93421 0.68924 -1.05
      vertex 6.84607 0.445312 -1.05
      vertex 6.90877 0.709534 -1.05
    endloop
  endfacet
  facet normal 0 0 -1
    outer loop
      vertex 6.78218 0.452164 -1.05
      vertex 6.90877 0.709534 -1.05
      vertex 6.84607 0.445312 -1.05
    endloop
  endfacet
  facet normal -0 0 -1
    outer loop
      vertex 6.90877 0.709534 -1.05
      vertex 6.78218 0.452164 -1.05
      vertex 6.8814 0.725952 -1.05
    endloop
  endfacet
  facet normal -0 0 -1
    outer loop
      vertex 6.8814 0.725952 -1.05
      vertex 6.78218 0.452164 -1.05
      vertex 6.85128 0.738632 -1.05
    endloop
  endfacet
  facet normal -0 0 -1
    outer loop
      vertex 6.85128 0.738632 -1.05
      vertex 6.78218 0.452164 -1.05
      vertex 6.81761 0.747696 -1.05
    endloop
  endfacet
  facet normal 0 0 -1
    outer loop
      vertex 6.78218 0.452164 -1.05
      vertex 6.78041 0.753143 -1.05
      vertex 6.81761 0.747696 -1.05
    endloop
  endfacet
  facet normal 0 0 -1
    outer loop
      vertex 6.74739 0.450958 -1.05
      vertex 6.78041 0.753143 -1.05
      vertex 6.78218 0.452164 -1.05
    endloop
  endfacet
  facet normal 0 0 -1
    outer loop
      vertex 6.74739 0.450958 -1.05
      vertex 6.73966 0.754944 -1.05
      vertex 6.78041 0.753143 -1.05
    endloop
  endfacet
  facet normal 0 0 -1
    outer loop
      vertex 6.70656 0.753738 -1.05
      vertex 6.74739 0.450958 -1.05
      vertex 6.71002 0.447327 -1.05
    endloop
  endfacet
  facet normal 0 0 -1
    outer loop
      vertex 6.74739 0.450958 -1.05
      vertex 6.70656 0.753738 -1.05
      vertex 6.73966 0.754944 -1.05
    endloop
  endfacet
  facet normal 0 0 -1
    outer loop
      vertex 6.71002 0.447327 -1.05
      vertex 6.67685 0.750122 -1.05
      vertex 6.70656 0.753738 -1.05
    endloop
  endfacet
  facet normal 0 0 -1
    outer loop
      vertex 6.62758 0.735626 -1.05
      vertex 6.71002 0.447327 -1.05
      vertex 6.67009 0.441299 -1.05
    endloop
  endfacet
  facet normal 0 0 -1
    outer loop
      vertex 6.71002 0.447327 -1.05
      vertex 6.65052 0.74408 -1.05
      vertex 6.67685 0.750122 -1.05
    endloop
  endfacet
  facet normal 0 0 -1
    outer loop
      vertex 6.62758 0.735626 -1.05
      vertex 6.67009 0.441299 -1.05
      vertex 6.62758 0.432846 -1.05
    endloop
  endfacet
  facet normal 0 0 -1
    outer loop
      vertex 6.71002 0.447327 -1.05
      vertex 6.62758 0.735626 -1.05
      vertex 6.65052 0.74408 -1.05
    endloop
  endfacet
  facet normal 0 0 -1
    outer loop
      vertex 7.43868 0.697174 -1.05
      vertex 7.09528 0.72789 -1.05
      vertex 7.44057 0.72789 -1.05
    endloop
  endfacet
  facet normal 0 0 -1
    outer loop
      vertex 7.43688 0.664276 -1.05
      vertex 7.09528 0.72789 -1.05
      vertex 7.43868 0.697174 -1.05
    endloop
  endfacet
  facet normal 0 0 -1
    outer loop
      vertex 7.43514 0.629211 -1.05
      vertex 7.09528 0.72789 -1.05
      vertex 7.43688 0.664276 -1.05
    endloop
  endfacet
  facet normal 0 0 -1
    outer loop
      vertex 7.43351 0.591965 -1.05
      vertex 7.09528 0.72789 -1.05
      vertex 7.43514 0.629211 -1.05
    endloop
  endfacet
  facet normal 0 0 -1
    outer loop
      vertex 7.43209 0.551254 -1.05
      vertex 7.09528 0.72789 -1.05
      vertex 7.43351 0.591965 -1.05
    endloop
  endfacet
  facet normal 0 0 -1
    outer loop
      vertex 7.43108 0.505798 -1.05
      vertex 7.09528 0.72789 -1.05
      vertex 7.43209 0.551254 -1.05
    endloop
  endfacet
  facet normal 0 0 -1
    outer loop
      vertex 7.43047 0.455597 -1.05
      vertex 7.09528 0.72789 -1.05
      vertex 7.43108 0.505798 -1.05
    endloop
  endfacet
  facet normal 0 0 -1
    outer loop
      vertex 7.09528 0.72789 -1.05
      vertex 7.43047 0.455597 -1.05
      vertex 7.43027 0.400635 -1.05
    endloop
  endfacet
  facet normal -0 0 -1
    outer loop
      vertex 8.97042 -0.271912 -1.05
      vertex 8.59004 -0.289993 -1.05
      vertex 8.59291 -0.243561 -1.05
    endloop
  endfacet
  facet normal 0 0 -1
    outer loop
      vertex 8.72144 -0.664398 -1.05
      vertex 8.58147 -0.330063 -1.05
      vertex 8.59004 -0.289993 -1.05
    endloop
  endfacet
  facet normal 0 0 -1
    outer loop
      vertex 8.72144 -0.664398 -1.05
      vertex 8.56719 -0.363754 -1.05
      vertex 8.58147 -0.330063 -1.05
    endloop
  endfacet
  facet normal 0 0 -1
    outer loop
      vertex 8.72144 -0.664398 -1.05
      vertex 8.54718 -0.391098 -1.05
      vertex 8.56719 -0.363754 -1.05
    endloop
  endfacet
  facet normal 0 0 -1
    outer loop
      vertex 8.5224 -0.412231 -1.05
      vertex 8.63697 -0.685059 -1.05
      vertex 8.54138 -0.69194 -1.05
    endloop
  endfacet
  facet normal 0 0 -1
    outer loop
      vertex 8.63697 -0.685059 -1.05
      vertex 8.5224 -0.412231 -1.05
      vertex 8.54718 -0.391098 -1.05
    endloop
  endfacet
  facet normal 0 0 -1
    outer loop
      vertex 8.54138 -0.69194 -1.05
      vertex 8.49387 -0.427338 -1.05
      vertex 8.5224 -0.412231 -1.05
    endloop
  endfacet
  facet normal 0 0 -1
    outer loop
      vertex 8.54138 -0.69194 -1.05
      vertex 8.46154 -0.436401 -1.05
      vertex 8.49387 -0.427338 -1.05
    endloop
  endfacet
  facet normal 0 0 -1
    outer loop
      vertex 8.39771 -0.674789 -1.05
      vertex 8.46154 -0.436401 -1.05
      vertex 8.54138 -0.69194 -1.05
    endloop
  endfacet
  facet normal 0 0 -1
    outer loop
      vertex 8.46154 -0.436401 -1.05
      vertex 8.39771 -0.674789 -1.05
      vertex 8.42542 -0.439407 -1.05
    endloop
  endfacet
  facet normal 0 0 -1
    outer loop
      vertex 8.39771 -0.674789 -1.05
      vertex 8.38382 -0.436523 -1.05
      vertex 8.42542 -0.439407 -1.05
    endloop
  endfacet
  facet normal 0 0 -1
    outer loop
      vertex 8.27338 -0.623337 -1.05
      vertex 8.38382 -0.436523 -1.05
      vertex 8.39771 -0.674789 -1.05
    endloop
  endfacet
  facet normal -0 0 -1
    outer loop
      vertex 8.38382 -0.436523 -1.05
      vertex 8.27338 -0.623337 -1.05
      vertex 8.34409 -0.427826 -1.05
    endloop
  endfacet
  facet normal -0 0 -1
    outer loop
      vertex 8.34409 -0.427826 -1.05
      vertex 8.27338 -0.623337 -1.05
      vertex 8.3062 -0.41333 -1.05
    endloop
  endfacet
  facet normal 0 0 -1
    outer loop
      vertex 8.16837 -0.537567 -1.05
      vertex 8.3062 -0.41333 -1.05
      vertex 8.27338 -0.623337 -1.05
    endloop
  endfacet
  facet normal -0 0 -1
    outer loop
      vertex 8.3062 -0.41333 -1.05
      vertex 8.16837 -0.537567 -1.05
      vertex 8.27016 -0.393036 -1.05
    endloop
  endfacet
  facet normal -0 0 -1
    outer loop
      vertex 8.27016 -0.393036 -1.05
      vertex 8.16837 -0.537567 -1.05
      vertex 8.23694 -0.36763 -1.05
    endloop
  endfacet
  facet normal 0 0 -1
    outer loop
      vertex 8.08267 -0.417511 -1.05
      vertex 8.23694 -0.36763 -1.05
      vertex 8.16837 -0.537567 -1.05
    endloop
  endfacet
  facet normal -0 0 -1
    outer loop
      vertex 8.23694 -0.36763 -1.05
      vertex 8.08267 -0.417511 -1.05
      vertex 8.20751 -0.337784 -1.05
    endloop
  endfacet
  facet normal -0 0 -1
    outer loop
      vertex 8.20751 -0.337784 -1.05
      vertex 8.08267 -0.417511 -1.05
      vertex 8.18186 -0.303513 -1.05
    endloop
  endfacet
  facet normal -0 0 -1
    outer loop
      vertex 8.18186 -0.303513 -1.05
      vertex 8.08267 -0.417511 -1.05
      vertex 8.15999 -0.264816 -1.05
    endloop
  endfacet
  facet normal 0 0 -1
    outer loop
      vertex 8.07497 -0.417511 -1.05
      vertex 8.15999 -0.264816 -1.05
      vertex 8.08267 -0.417511 -1.05
    endloop
  endfacet
  facet normal -0 0 -1
    outer loop
      vertex 8.15999 -0.264816 -1.05
      vertex 8.07497 -0.417511 -1.05
      vertex 8.14252 -0.223312 -1.05
    endloop
  endfacet
  facet normal 0 0 -1
    outer loop
      vertex 7.75801 -0.253876 -1.05
      vertex 8.12006 -0.0206757 -1.05
      vertex 8.12006 -0.0915375 -1.05
    endloop
  endfacet
  facet normal 0 0 -1
    outer loop
      vertex 8.12006 -0.0206757 -1.05
      vertex 7.75801 0.253754 -1.05
      vertex 8.12006 0.179016 -1.05
    endloop
  endfacet
  facet normal -0 0 -1
    outer loop
      vertex 8.13004 -0.180603 -1.05
      vertex 7.75801 -0.253876 -1.05
      vertex 8.12255 -0.136673 -1.05
    endloop
  endfacet
  facet normal -0 0 -1
    outer loop
      vertex 8.14252 -0.223312 -1.05
      vertex 7.75801 -0.253876 -1.05
      vertex 8.13004 -0.180603 -1.05
    endloop
  endfacet
  facet normal 0 0 -1
    outer loop
      vertex 7.75801 -0.253876 -1.05
      vertex 8.14252 -0.223312 -1.05
      vertex 8.07497 -0.417511 -1.05
    endloop
  endfacet
  facet normal 0 0 -1
    outer loop
      vertex 8.59004 -0.289993 -1.05
      vertex 8.97042 -0.271912 -1.05
      vertex 8.96334 -0.366165 -1.05
    endloop
  endfacet
  facet normal 0 0 -1
    outer loop
      vertex 8.59004 -0.289993 -1.05
      vertex 8.96334 -0.366165 -1.05
      vertex 8.94208 -0.449234 -1.05
    endloop
  endfacet
  facet normal 0 0 -1
    outer loop
      vertex 8.97042 -0.271912 -1.05
      vertex 8.59291 -0.243561 -1.05
      vertex 8.9616 -0.170135 -1.05
    endloop
  endfacet
  facet normal 0 0 -1
    outer loop
      vertex 8.59004 -0.289993 -1.05
      vertex 8.94208 -0.449234 -1.05
      vertex 8.90665 -0.521103 -1.05
    endloop
  endfacet
  facet normal 0 0 -1
    outer loop
      vertex 8.59117 -0.206848 -1.05
      vertex 8.9616 -0.170135 -1.05
      vertex 8.59291 -0.243561 -1.05
    endloop
  endfacet
  facet normal 0 0 -1
    outer loop
      vertex 8.59004 -0.289993 -1.05
      vertex 8.90665 -0.521103 -1.05
      vertex 8.85704 -0.581787 -1.05
    endloop
  endfacet
  facet normal -0 0 -1
    outer loop
      vertex 8.9616 -0.170135 -1.05
      vertex 8.59117 -0.206848 -1.05
      vertex 8.93515 -0.0812378 -1.05
    endloop
  endfacet
  facet normal 0 0 -1
    outer loop
      vertex 8.59004 -0.289993 -1.05
      vertex 8.85704 -0.581787 -1.05
      vertex 8.7948 -0.629974 -1.05
    endloop
  endfacet
  facet normal 0 0 -1
    outer loop
      vertex 8.58599 -0.173996 -1.05
      vertex 8.93515 -0.0812378 -1.05
      vertex 8.59117 -0.206848 -1.05
    endloop
  endfacet
  facet normal 0 0 -1
    outer loop
      vertex 8.59004 -0.289993 -1.05
      vertex 8.7948 -0.629974 -1.05
      vertex 8.72144 -0.664398 -1.05
    endloop
  endfacet
  facet normal -0 0 -1
    outer loop
      vertex 8.93515 -0.0812378 -1.05
      vertex 8.58599 -0.173996 -1.05
      vertex 8.89107 -0.00521851 -1.05
    endloop
  endfacet
  facet normal 0 0 -1
    outer loop
      vertex 8.54718 -0.391098 -1.05
      vertex 8.72144 -0.664398 -1.05
      vertex 8.63697 -0.685059 -1.05
    endloop
  endfacet
  facet normal 0 0 -1
    outer loop
      vertex 8.57732 -0.14502 -1.05
      vertex 8.89107 -0.00521851 -1.05
      vertex 8.58599 -0.173996 -1.05
    endloop
  endfacet
  facet normal -0 0 -1
    outer loop
      vertex 8.89107 -0.00521851 -1.05
      vertex 8.57732 -0.14502 -1.05
      vertex 8.82935 0.0578918 -1.05
    endloop
  endfacet
  facet normal 0 0 -1
    outer loop
      vertex 8.5652 -0.119888 -1.05
      vertex 8.82935 0.0578918 -1.05
      vertex 8.57732 -0.14502 -1.05
    endloop
  endfacet
  facet normal -0 0 -1
    outer loop
      vertex 8.82935 0.0578918 -1.05
      vertex 8.5652 -0.119888 -1.05
      vertex 8.75087 0.107666 -1.05
    endloop
  endfacet
  facet normal 0 0 -1
    outer loop
      vertex 8.54979 -0.0981903 -1.05
      vertex 8.75087 0.107666 -1.05
      vertex 8.5652 -0.119888 -1.05
    endloop
  endfacet
  facet normal -0 0 -1
    outer loop
      vertex 8.75087 0.107666 -1.05
      vertex 8.54979 -0.0981903 -1.05
      vertex 8.65653 0.143585 -1.05
    endloop
  endfacet
  facet normal 0 0 -1
    outer loop
      vertex 8.53122 -0.0794525 -1.05
      vertex 8.65653 0.143585 -1.05
      vertex 8.54979 -0.0981903 -1.05
    endloop
  endfacet
  facet normal 0 0 -1
    outer loop
      vertex 8.50952 -0.0637207 -1.05
      vertex 8.65653 0.143585 -1.05
      vertex 8.53122 -0.0794525 -1.05
    endloop
  endfacet
  facet normal -0 0 -1
    outer loop
      vertex 8.65653 0.143585 -1.05
      vertex 8.50952 -0.0637207 -1.05
      vertex 8.54633 0.165649 -1.05
    endloop
  endfacet
  facet normal 0 0 -1
    outer loop
      vertex 8.48468 -0.0509644 -1.05
      vertex 8.54633 0.165649 -1.05
      vertex 8.50952 -0.0637207 -1.05
    endloop
  endfacet
  facet normal 0 0 -1
    outer loop
      vertex 8.45368 -0.0407715 -1.05
      vertex 8.54633 0.165649 -1.05
      vertex 8.48468 -0.0509644 -1.05
    endloop
  endfacet
  facet normal 0 0 -1
    outer loop
      vertex 8.45368 -0.0407715 -1.05
      vertex 8.42026 0.173874 -1.05
      vertex 8.54633 0.165649 -1.05
    endloop
  endfacet
  facet normal 0 0 -1
    outer loop
      vertex 8.4135 -0.0327606 -1.05
      vertex 8.42026 0.173874 -1.05
      vertex 8.45368 -0.0407715 -1.05
    endloop
  endfacet
  facet normal 0 0 -1
    outer loop
      vertex 8.36414 -0.0269165 -1.05
      vertex 8.42026 0.173874 -1.05
      vertex 8.4135 -0.0327606 -1.05
    endloop
  endfacet
  facet normal 0 0 -1
    outer loop
      vertex 8.30559 -0.0232544 -1.05
      vertex 8.42026 0.173874 -1.05
      vertex 8.36414 -0.0269165 -1.05
    endloop
  endfacet
  facet normal 0 0 -1
    outer loop
      vertex 8.12006 0.179016 -1.05
      vertex 8.30559 -0.0232544 -1.05
      vertex 8.12006 -0.0206757 -1.05
    endloop
  endfacet
  facet normal 0 0 -1
    outer loop
      vertex 8.30559 -0.0232544 -1.05
      vertex 8.12006 0.179016 -1.05
      vertex 8.42026 0.173874 -1.05
    endloop
  endfacet
  facet normal 0 0 -1
    outer loop
      vertex 8.52977 0.322037 -1.05
      vertex 8.8826 0.435699 -1.05
      vertex 8.90728 0.340088 -1.05
    endloop
  endfacet
  facet normal 0 0 -1
    outer loop
      vertex 8.52176 0.371124 -1.05
      vertex 8.8826 0.435699 -1.05
      vertex 8.52977 0.322037 -1.05
    endloop
  endfacet
  facet normal 0 0 -1
    outer loop
      vertex 8.50933 0.412704 -1.05
      vertex 8.84334 0.519012 -1.05
      vertex 8.52176 0.371124 -1.05
    endloop
  endfacet
  facet normal -0 0 -1
    outer loop
      vertex 8.84334 0.519012 -1.05
      vertex 8.50933 0.412704 -1.05
      vertex 8.78952 0.589981 -1.05
    endloop
  endfacet
  facet normal 0 0 -1
    outer loop
      vertex 8.49245 0.446808 -1.05
      vertex 8.72112 0.648636 -1.05
      vertex 8.50933 0.412704 -1.05
    endloop
  endfacet
  facet normal -0 0 -1
    outer loop
      vertex 8.8826 0.435699 -1.05
      vertex 8.52176 0.371124 -1.05
      vertex 8.84334 0.519012 -1.05
    endloop
  endfacet
  facet normal -0 0 -1
    outer loop
      vertex 8.78952 0.589981 -1.05
      vertex 8.50933 0.412704 -1.05
      vertex 8.72112 0.648636 -1.05
    endloop
  endfacet
  facet normal -0 0 -1
    outer loop
      vertex 8.72112 0.648636 -1.05
      vertex 8.49245 0.446808 -1.05
      vertex 8.63854 0.69458 -1.05
    endloop
  endfacet
  facet normal 0 0 -1
    outer loop
      vertex 8.47116 0.473419 -1.05
      vertex 8.63854 0.69458 -1.05
      vertex 8.49245 0.446808 -1.05
    endloop
  endfacet
  facet normal -0 0 -1
    outer loop
      vertex 8.63854 0.69458 -1.05
      vertex 8.47116 0.473419 -1.05
      vertex 8.54219 0.727402 -1.05
    endloop
  endfacet
  facet normal 0 0 -1
    outer loop
      vertex 8.44431 0.493439 -1.05
      vertex 8.54219 0.727402 -1.05
      vertex 8.47116 0.473419 -1.05
    endloop
  endfacet
  facet normal 0 0 -1
    outer loop
      vertex 8.41075 0.507736 -1.05
      vertex 8.54219 0.727402 -1.05
      vertex 8.44431 0.493439 -1.05
    endloop
  endfacet
  facet normal -0 0 -1
    outer loop
      vertex 8.54219 0.727402 -1.05
      vertex 8.41075 0.507736 -1.05
      vertex 8.43207 0.747086 -1.05
    endloop
  endfacet
  facet normal 0 0 -1
    outer loop
      vertex 8.37053 0.516312 -1.05
      vertex 8.43207 0.747086 -1.05
      vertex 8.41075 0.507736 -1.05
    endloop
  endfacet
  facet normal 0 0 -1
    outer loop
      vertex 8.30817 0.753662 -1.05
      vertex 8.37053 0.516312 -1.05
      vertex 8.32363 0.51918 -1.05
    endloop
  endfacet
  facet normal 0 0 -1
    outer loop
      vertex 8.37053 0.516312 -1.05
      vertex 8.30817 0.753662 -1.05
      vertex 8.43207 0.747086 -1.05
    endloop
  endfacet
  facet normal 0 0 -1
    outer loop
      vertex 8.27329 0.51503 -1.05
      vertex 8.30817 0.753662 -1.05
      vertex 8.32363 0.51918 -1.05
    endloop
  endfacet
  facet normal 0 0 -1
    outer loop
      vertex 8.18367 0.745529 -1.05
      vertex 8.27329 0.51503 -1.05
      vertex 8.23053 0.502579 -1.05
    endloop
  endfacet
  facet normal 0 0 -1
    outer loop
      vertex 8.07431 0.72113 -1.05
      vertex 8.23053 0.502579 -1.05
      vertex 8.19535 0.481842 -1.05
    endloop
  endfacet
  facet normal 0 0 -1
    outer loop
      vertex 8.27329 0.51503 -1.05
      vertex 8.18367 0.745529 -1.05
      vertex 8.30817 0.753662 -1.05
    endloop
  endfacet
  facet normal 0 0 -1
    outer loop
      vertex 7.98011 0.68045 -1.05
      vertex 8.19535 0.481842 -1.05
      vertex 8.16773 0.452805 -1.05
    endloop
  endfacet
  facet normal 0 0 -1
    outer loop
      vertex 7.90102 0.62352 -1.05
      vertex 8.16773 0.452805 -1.05
      vertex 8.14687 0.415253 -1.05
    endloop
  endfacet
  facet normal 0 0 -1
    outer loop
      vertex 7.83846 0.55162 -1.05
      vertex 8.14687 0.415253 -1.05
      vertex 8.13198 0.368912 -1.05
    endloop
  endfacet
  facet normal 0 0 -1
    outer loop
      vertex 7.79377 0.466019 -1.05
      vertex 8.13198 0.368912 -1.05
      vertex 8.12303 0.313782 -1.05
    endloop
  endfacet
  facet normal -0 0 -1
    outer loop
      vertex 8.12255 -0.136673 -1.05
      vertex 7.75801 -0.253876 -1.05
      vertex 8.12006 -0.0915375 -1.05
    endloop
  endfacet
  facet normal -0 0 -1
    outer loop
      vertex 8.12006 -0.0206757 -1.05
      vertex 7.75801 -0.253876 -1.05
      vertex 7.75801 0.253754 -1.05
    endloop
  endfacet
  facet normal 0 0 -1
    outer loop
      vertex 8.23053 0.502579 -1.05
      vertex 8.07431 0.72113 -1.05
      vertex 8.18367 0.745529 -1.05
    endloop
  endfacet
  facet normal 0 0 -1
    outer loop
      vertex 8.12006 0.179016 -1.05
      vertex 7.75801 0.253754 -1.05
      vertex 8.12006 0.249893 -1.05
    endloop
  endfacet
  facet normal 0 0 -1
    outer loop
      vertex 7.74315 -0.388809 -1.05
      vertex 8.07497 -0.417511 -1.05
      vertex 8.06526 -0.478622 -1.05
    endloop
  endfacet
  facet normal 0 0 -1
    outer loop
      vertex 7.74315 -0.388809 -1.05
      vertex 8.06526 -0.478622 -1.05
      vertex 8.04903 -0.53186 -1.05
    endloop
  endfacet
  facet normal 0 0 -1
    outer loop
      vertex 7.7316 -0.415588 -1.05
      vertex 8.04903 -0.53186 -1.05
      vertex 8.02628 -0.577194 -1.05
    endloop
  endfacet
  facet normal 0 0 -1
    outer loop
      vertex 7.7316 -0.415588 -1.05
      vertex 8.02628 -0.577194 -1.05
      vertex 7.99701 -0.614655 -1.05
    endloop
  endfacet
  facet normal 0 -0 -1
    outer loop
      vertex 7.76696 0.36673 -1.05
      vertex 8.12303 0.313782 -1.05
      vertex 7.75801 0.253754 -1.05
    endloop
  endfacet
  facet normal 0 0 -1
    outer loop
      vertex 7.7316 -0.415588 -1.05
      vertex 7.99701 -0.614655 -1.05
      vertex 7.96001 -0.643967 -1.05
    endloop
  endfacet
  facet normal 0 0 -1
    outer loop
      vertex 7.7316 -0.415588 -1.05
      vertex 7.96001 -0.643967 -1.05
      vertex 7.91407 -0.664902 -1.05
    endloop
  endfacet
  facet normal 0 0 -1
    outer loop
      vertex 8.12006 0.249893 -1.05
      vertex 7.75801 0.253754 -1.05
      vertex 8.12303 0.313782 -1.05
    endloop
  endfacet
  facet normal 0 0 -1
    outer loop
      vertex 7.7316 -0.415588 -1.05
      vertex 7.91407 -0.664902 -1.05
      vertex 7.85918 -0.67746 -1.05
    endloop
  endfacet
  facet normal 0 -0 -1
    outer loop
      vertex 7.79377 0.466019 -1.05
      vertex 8.12303 0.313782 -1.05
      vertex 7.76696 0.36673 -1.05
    endloop
  endfacet
  facet normal 0 0 -1
    outer loop
      vertex 7.71617 -0.435028 -1.05
      vertex 7.85918 -0.67746 -1.05
      vertex 7.79537 -0.681641 -1.05
    endloop
  endfacet
  facet normal 0 0 -1
    outer loop
      vertex 8.19535 0.481842 -1.05
      vertex 7.98011 0.68045 -1.05
      vertex 8.07431 0.72113 -1.05
    endloop
  endfacet
  facet normal 0 0 -1
    outer loop
      vertex 7.71617 -0.435028 -1.05
      vertex 7.79537 -0.681641 -1.05
      vertex 7.77664 -0.681488 -1.05
    endloop
  endfacet
  facet normal 0 0 -1
    outer loop
      vertex 8.13198 0.368912 -1.05
      vertex 7.79377 0.466019 -1.05
      vertex 7.83846 0.55162 -1.05
    endloop
  endfacet
  facet normal 0 0 -1
    outer loop
      vertex 7.69632 -0.448914 -1.05
      vertex 7.77664 -0.681488 -1.05
      vertex 7.75913 -0.681 -1.05
    endloop
  endfacet
  facet normal 0 0 -1
    outer loop
      vertex 8.16773 0.452805 -1.05
      vertex 7.90102 0.62352 -1.05
      vertex 7.98011 0.68045 -1.05
    endloop
  endfacet
  facet normal 0 0 -1
    outer loop
      vertex 8.14687 0.415253 -1.05
      vertex 7.83846 0.55162 -1.05
      vertex 7.90102 0.62352 -1.05
    endloop
  endfacet
  facet normal 0 0 -1
    outer loop
      vertex 8.07497 -0.417511 -1.05
      vertex 7.75637 -0.307953 -1.05
      vertex 7.75801 -0.253876 -1.05
    endloop
  endfacet
  facet normal 0 0 -1
    outer loop
      vertex 8.07497 -0.417511 -1.05
      vertex 7.75141 -0.352936 -1.05
      vertex 7.75637 -0.307953 -1.05
    endloop
  endfacet
  facet normal 0 0 -1
    outer loop
      vertex 8.07497 -0.417511 -1.05
      vertex 7.74315 -0.388809 -1.05
      vertex 7.75141 -0.352936 -1.05
    endloop
  endfacet
  facet normal 0 0 -1
    outer loop
      vertex 7.69632 -0.448914 -1.05
      vertex 7.75913 -0.681 -1.05
      vertex 7.74283 -0.680191 -1.05
    endloop
  endfacet
  facet normal 0 0 -1
    outer loop
      vertex 8.04903 -0.53186 -1.05
      vertex 7.7316 -0.415588 -1.05
      vertex 7.74315 -0.388809 -1.05
    endloop
  endfacet
  facet normal 0 0 -1
    outer loop
      vertex 7.69632 -0.448914 -1.05
      vertex 7.74283 -0.680191 -1.05
      vertex 7.72773 -0.679062 -1.05
    endloop
  endfacet
  facet normal 0 0 -1
    outer loop
      vertex 7.85918 -0.67746 -1.05
      vertex 7.71617 -0.435028 -1.05
      vertex 7.7316 -0.415588 -1.05
    endloop
  endfacet
  facet normal 0 0 -1
    outer loop
      vertex 7.69632 -0.448914 -1.05
      vertex 7.72773 -0.679062 -1.05
      vertex 7.71343 -0.677704 -1.05
    endloop
  endfacet
  facet normal 0 0 -1
    outer loop
      vertex 7.67203 -0.457245 -1.05
      vertex 7.71343 -0.677704 -1.05
      vertex 7.69954 -0.676163 -1.05
    endloop
  endfacet
  facet normal 0 0 -1
    outer loop
      vertex 7.77664 -0.681488 -1.05
      vertex 7.69632 -0.448914 -1.05
      vertex 7.71617 -0.435028 -1.05
    endloop
  endfacet
  facet normal 0 0 -1
    outer loop
      vertex 7.67203 -0.457245 -1.05
      vertex 7.69954 -0.676163 -1.05
      vertex 7.68605 -0.674484 -1.05
    endloop
  endfacet
  facet normal 0 0 -1
    outer loop
      vertex 7.67203 -0.457245 -1.05
      vertex 7.68605 -0.674484 -1.05
      vertex 7.67296 -0.672623 -1.05
    endloop
  endfacet
  facet normal 0 0 -1
    outer loop
      vertex 7.71343 -0.677704 -1.05
      vertex 7.67203 -0.457245 -1.05
      vertex 7.69632 -0.448914 -1.05
    endloop
  endfacet
  facet normal 0 0 -1
    outer loop
      vertex 7.66008 -0.670532 -1.05
      vertex 7.67203 -0.457245 -1.05
      vertex 7.67296 -0.672623 -1.05
    endloop
  endfacet
  facet normal 0 0 -1
    outer loop
      vertex 7.6472 -0.668121 -1.05
      vertex 7.67203 -0.457245 -1.05
      vertex 7.66008 -0.670532 -1.05
    endloop
  endfacet
  facet normal 0 0 -1
    outer loop
      vertex 7.6472 -0.668121 -1.05
      vertex 7.64333 -0.460037 -1.05
      vertex 7.67203 -0.457245 -1.05
    endloop
  endfacet
  facet normal 0 0 -1
    outer loop
      vertex 7.63433 -0.665375 -1.05
      vertex 7.64333 -0.460037 -1.05
      vertex 7.6472 -0.668121 -1.05
    endloop
  endfacet
  facet normal 0 0 -1
    outer loop
      vertex 7.62143 -0.662323 -1.05
      vertex 7.64333 -0.460037 -1.05
      vertex 7.63433 -0.665375 -1.05
    endloop
  endfacet
  facet normal 0 0 -1
    outer loop
      vertex 7.60814 -0.659012 -1.05
      vertex 7.64333 -0.460037 -1.05
      vertex 7.62143 -0.662323 -1.05
    endloop
  endfacet
  facet normal -0 0 -1
    outer loop
      vertex 7.64333 -0.460037 -1.05
      vertex 7.60814 -0.659012 -1.05
      vertex 7.62287 -0.459549 -1.05
    endloop
  endfacet
  facet normal 0 0 -1
    outer loop
      vertex 7.57915 -0.651932 -1.05
      vertex 7.62287 -0.459549 -1.05
      vertex 7.60814 -0.659012 -1.05
    endloop
  endfacet
  facet normal -0 0 -1
    outer loop
      vertex 7.62287 -0.459549 -1.05
      vertex 7.57915 -0.651932 -1.05
      vertex 7.60274 -0.458099 -1.05
    endloop
  endfacet
  facet normal 0 0 -1
    outer loop
      vertex 7.56345 -0.648148 -1.05
      vertex 7.60274 -0.458099 -1.05
      vertex 7.57915 -0.651932 -1.05
    endloop
  endfacet
  facet normal -0 0 -1
    outer loop
      vertex 7.60274 -0.458099 -1.05
      vertex 7.56345 -0.648148 -1.05
      vertex 7.58293 -0.455673 -1.05
    endloop
  endfacet
  facet normal -0 0 -1
    outer loop
      vertex 7.58293 -0.455673 -1.05
      vertex 7.56345 -0.648148 -1.05
      vertex 7.56345 -0.452301 -1.05
    endloop
  endfacet
  facet normal -0 0 -1
    outer loop
      vertex 6.53432 -0.271912 -1.05
      vertex 6.15395 -0.289993 -1.05
      vertex 6.1568 -0.243561 -1.05
    endloop
  endfacet
  facet normal 0 0 -1
    outer loop
      vertex 6.28533 -0.664398 -1.05
      vertex 6.14537 -0.330063 -1.05
      vertex 6.15395 -0.289993 -1.05
    endloop
  endfacet
  facet normal 0 0 -1
    outer loop
      vertex 6.28533 -0.664398 -1.05
      vertex 6.13108 -0.363754 -1.05
      vertex 6.14537 -0.330063 -1.05
    endloop
  endfacet
  facet normal 0 0 -1
    outer loop
      vertex 6.28533 -0.664398 -1.05
      vertex 6.11107 -0.391098 -1.05
      vertex 6.13108 -0.363754 -1.05
    endloop
  endfacet
  facet normal 0 0 -1
    outer loop
      vertex 6.08631 -0.412231 -1.05
      vertex 6.20085 -0.685059 -1.05
      vertex 6.10527 -0.69194 -1.05
    endloop
  endfacet
  facet normal 0 0 -1
    outer loop
      vertex 6.20085 -0.685059 -1.05
      vertex 6.08631 -0.412231 -1.05
      vertex 6.11107 -0.391098 -1.05
    endloop
  endfacet
  facet normal 0 0 -1
    outer loop
      vertex 6.10527 -0.69194 -1.05
      vertex 6.05776 -0.427338 -1.05
      vertex 6.08631 -0.412231 -1.05
    endloop
  endfacet
  facet normal 0 0 -1
    outer loop
      vertex 6.10527 -0.69194 -1.05
      vertex 6.02544 -0.436401 -1.05
      vertex 6.05776 -0.427338 -1.05
    endloop
  endfacet
  facet normal 0 0 -1
    outer loop
      vertex 5.96161 -0.674789 -1.05
      vertex 6.02544 -0.436401 -1.05
      vertex 6.10527 -0.69194 -1.05
    endloop
  endfacet
  facet normal 0 0 -1
    outer loop
      vertex 6.02544 -0.436401 -1.05
      vertex 5.96161 -0.674789 -1.05
      vertex 5.98932 -0.439407 -1.05
    endloop
  endfacet
  facet normal 0 0 -1
    outer loop
      vertex 5.96161 -0.674789 -1.05
      vertex 5.94773 -0.436523 -1.05
      vertex 5.98932 -0.439407 -1.05
    endloop
  endfacet
  facet normal 0 0 -1
    outer loop
      vertex 5.83727 -0.623337 -1.05
      vertex 5.94773 -0.436523 -1.05
      vertex 5.96161 -0.674789 -1.05
    endloop
  endfacet
  facet normal -0 0 -1
    outer loop
      vertex 5.94773 -0.436523 -1.05
      vertex 5.83727 -0.623337 -1.05
      vertex 5.90798 -0.427826 -1.05
    endloop
  endfacet
  facet normal -0 0 -1
    outer loop
      vertex 5.90798 -0.427826 -1.05
      vertex 5.83727 -0.623337 -1.05
      vertex 5.87009 -0.41333 -1.05
    endloop
  endfacet
  facet normal 0 0 -1
    outer loop
      vertex 5.73227 -0.537567 -1.05
      vertex 5.87009 -0.41333 -1.05
      vertex 5.83727 -0.623337 -1.05
    endloop
  endfacet
  facet normal -0 0 -1
    outer loop
      vertex 5.87009 -0.41333 -1.05
      vertex 5.73227 -0.537567 -1.05
      vertex 5.83405 -0.393036 -1.05
    endloop
  endfacet
  facet normal -0 0 -1
    outer loop
      vertex 5.83405 -0.393036 -1.05
      vertex 5.73227 -0.537567 -1.05
      vertex 5.80083 -0.36763 -1.05
    endloop
  endfacet
  facet normal 0 0 -1
    outer loop
      vertex 5.64658 -0.417511 -1.05
      vertex 5.80083 -0.36763 -1.05
      vertex 5.73227 -0.537567 -1.05
    endloop
  endfacet
  facet normal -0 0 -1
    outer loop
      vertex 5.80083 -0.36763 -1.05
      vertex 5.64658 -0.417511 -1.05
      vertex 5.7714 -0.337784 -1.05
    endloop
  endfacet
  facet normal -0 0 -1
    outer loop
      vertex 5.7714 -0.337784 -1.05
      vertex 5.64658 -0.417511 -1.05
      vertex 5.74576 -0.303513 -1.05
    endloop
  endfacet
  facet normal -0 0 -1
    outer loop
      vertex 5.74576 -0.303513 -1.05
      vertex 5.64658 -0.417511 -1.05
      vertex 5.7239 -0.264816 -1.05
    endloop
  endfacet
  facet normal 0 0 -1
    outer loop
      vertex 5.63887 -0.417511 -1.05
      vertex 5.7239 -0.264816 -1.05
      vertex 5.64658 -0.417511 -1.05
    endloop
  endfacet
  facet normal -0 0 -1
    outer loop
      vertex 5.7239 -0.264816 -1.05
      vertex 5.63887 -0.417511 -1.05
      vertex 5.70642 -0.223312 -1.05
    endloop
  endfacet
  facet normal 0 0 -1
    outer loop
      vertex 5.32192 -0.253876 -1.05
      vertex 5.68395 -0.0206757 -1.05
      vertex 5.68395 -0.0915375 -1.05
    endloop
  endfacet
  facet normal 0 0 -1
    outer loop
      vertex 5.68395 -0.0206757 -1.05
      vertex 5.32192 0.253754 -1.05
      vertex 5.68395 0.179016 -1.05
    endloop
  endfacet
  facet normal -0 0 -1
    outer loop
      vertex 5.69394 -0.180603 -1.05
      vertex 5.32192 -0.253876 -1.05
      vertex 5.68645 -0.136673 -1.05
    endloop
  endfacet
  facet normal -0 0 -1
    outer loop
      vertex 5.70642 -0.223312 -1.05
      vertex 5.32192 -0.253876 -1.05
      vertex 5.69394 -0.180603 -1.05
    endloop
  endfacet
  facet normal 0 0 -1
    outer loop
      vertex 5.32192 -0.253876 -1.05
      vertex 5.70642 -0.223312 -1.05
      vertex 5.63887 -0.417511 -1.05
    endloop
  endfacet
  facet normal 0 0 -1
    outer loop
      vertex 6.15395 -0.289993 -1.05
      vertex 6.53432 -0.271912 -1.05
      vertex 6.52724 -0.366165 -1.05
    endloop
  endfacet
  facet normal 0 0 -1
    outer loop
      vertex 6.15395 -0.289993 -1.05
      vertex 6.52724 -0.366165 -1.05
      vertex 6.50597 -0.449234 -1.05
    endloop
  endfacet
  facet normal 0 0 -1
    outer loop
      vertex 6.53432 -0.271912 -1.05
      vertex 6.1568 -0.243561 -1.05
      vertex 6.5255 -0.170135 -1.05
    endloop
  endfacet
  facet normal 0 0 -1
    outer loop
      vertex 6.15395 -0.289993 -1.05
      vertex 6.50597 -0.449234 -1.05
      vertex 6.47055 -0.521103 -1.05
    endloop
  endfacet
  facet normal 0 0 -1
    outer loop
      vertex 6.15508 -0.206848 -1.05
      vertex 6.5255 -0.170135 -1.05
      vertex 6.1568 -0.243561 -1.05
    endloop
  endfacet
  facet normal 0 0 -1
    outer loop
      vertex 6.15395 -0.289993 -1.05
      vertex 6.47055 -0.521103 -1.05
      vertex 6.42095 -0.581787 -1.05
    endloop
  endfacet
  facet normal -0 0 -1
    outer loop
      vertex 6.5255 -0.170135 -1.05
      vertex 6.15508 -0.206848 -1.05
      vertex 6.49906 -0.0812378 -1.05
    endloop
  endfacet
  facet normal 0 0 -1
    outer loop
      vertex 6.15395 -0.289993 -1.05
      vertex 6.42095 -0.581787 -1.05
      vertex 6.35869 -0.629974 -1.05
    endloop
  endfacet
  facet normal 0 0 -1
    outer loop
      vertex 6.14989 -0.173996 -1.05
      vertex 6.49906 -0.0812378 -1.05
      vertex 6.15508 -0.206848 -1.05
    endloop
  endfacet
  facet normal 0 0 -1
    outer loop
      vertex 6.15395 -0.289993 -1.05
      vertex 6.35869 -0.629974 -1.05
      vertex 6.28533 -0.664398 -1.05
    endloop
  endfacet
  facet normal -0 0 -1
    outer loop
      vertex 6.49906 -0.0812378 -1.05
      vertex 6.14989 -0.173996 -1.05
      vertex 6.45496 -0.00521851 -1.05
    endloop
  endfacet
  facet normal 0 0 -1
    outer loop
      vertex 6.11107 -0.391098 -1.05
      vertex 6.28533 -0.664398 -1.05
      vertex 6.20085 -0.685059 -1.05
    endloop
  endfacet
  facet normal 0 0 -1
    outer loop
      vertex 6.14122 -0.14502 -1.05
      vertex 6.45496 -0.00521851 -1.05
      vertex 6.14989 -0.173996 -1.05
    endloop
  endfacet
  facet normal -0 0 -1
    outer loop
      vertex 6.45496 -0.00521851 -1.05
      vertex 6.14122 -0.14502 -1.05
      vertex 6.39324 0.0578918 -1.05
    endloop
  endfacet
  facet normal 0 0 -1
    outer loop
      vertex 6.12911 -0.119888 -1.05
      vertex 6.39324 0.0578918 -1.05
      vertex 6.14122 -0.14502 -1.05
    endloop
  endfacet
  facet normal -0 0 -1
    outer loop
      vertex 6.39324 0.0578918 -1.05
      vertex 6.12911 -0.119888 -1.05
      vertex 6.31476 0.107666 -1.05
    endloop
  endfacet
  facet normal 0 0 -1
    outer loop
      vertex 6.11368 -0.0981903 -1.05
      vertex 6.31476 0.107666 -1.05
      vertex 6.12911 -0.119888 -1.05
    endloop
  endfacet
  facet normal -0 0 -1
    outer loop
      vertex 6.31476 0.107666 -1.05
      vertex 6.11368 -0.0981903 -1.05
      vertex 6.22043 0.143585 -1.05
    endloop
  endfacet
  facet normal 0 0 -1
    outer loop
      vertex 6.09513 -0.0794525 -1.05
      vertex 6.22043 0.143585 -1.05
      vertex 6.11368 -0.0981903 -1.05
    endloop
  endfacet
  facet normal 0 0 -1
    outer loop
      vertex 6.07343 -0.0637207 -1.05
      vertex 6.22043 0.143585 -1.05
      vertex 6.09513 -0.0794525 -1.05
    endloop
  endfacet
  facet normal -0 0 -1
    outer loop
      vertex 6.22043 0.143585 -1.05
      vertex 6.07343 -0.0637207 -1.05
      vertex 6.11022 0.165649 -1.05
    endloop
  endfacet
  facet normal 0 0 -1
    outer loop
      vertex 6.04859 -0.0509644 -1.05
      vertex 6.11022 0.165649 -1.05
      vertex 6.07343 -0.0637207 -1.05
    endloop
  endfacet
  facet normal 0 0 -1
    outer loop
      vertex 6.01758 -0.0407715 -1.05
      vertex 6.11022 0.165649 -1.05
      vertex 6.04859 -0.0509644 -1.05
    endloop
  endfacet
  facet normal 0 0 -1
    outer loop
      vertex 6.01758 -0.0407715 -1.05
      vertex 5.98415 0.173874 -1.05
      vertex 6.11022 0.165649 -1.05
    endloop
  endfacet
  facet normal 0 0 -1
    outer loop
      vertex 5.9774 -0.0327606 -1.05
      vertex 5.98415 0.173874 -1.05
      vertex 6.01758 -0.0407715 -1.05
    endloop
  endfacet
  facet normal 0 0 -1
    outer loop
      vertex 5.92804 -0.0269165 -1.05
      vertex 5.98415 0.173874 -1.05
      vertex 5.9774 -0.0327606 -1.05
    endloop
  endfacet
  facet normal 0 0 -1
    outer loop
      vertex 5.86949 -0.0232544 -1.05
      vertex 5.98415 0.173874 -1.05
      vertex 5.92804 -0.0269165 -1.05
    endloop
  endfacet
  facet normal 0 0 -1
    outer loop
      vertex 5.68395 0.179016 -1.05
      vertex 5.86949 -0.0232544 -1.05
      vertex 5.68395 -0.0206757 -1.05
    endloop
  endfacet
  facet normal 0 0 -1
    outer loop
      vertex 5.86949 -0.0232544 -1.05
      vertex 5.68395 0.179016 -1.05
      vertex 5.98415 0.173874 -1.05
    endloop
  endfacet
  facet normal 0 0 -1
    outer loop
      vertex 6.09368 0.322037 -1.05
      vertex 6.44651 0.435699 -1.05
      vertex 6.47118 0.340088 -1.05
    endloop
  endfacet
  facet normal 0 0 -1
    outer loop
      vertex 6.08567 0.371124 -1.05
      vertex 6.44651 0.435699 -1.05
      vertex 6.09368 0.322037 -1.05
    endloop
  endfacet
  facet normal 0 0 -1
    outer loop
      vertex 6.07323 0.412704 -1.05
      vertex 6.40724 0.519012 -1.05
      vertex 6.08567 0.371124 -1.05
    endloop
  endfacet
  facet normal -0 0 -1
    outer loop
      vertex 6.40724 0.519012 -1.05
      vertex 6.07323 0.412704 -1.05
      vertex 6.35343 0.589981 -1.05
    endloop
  endfacet
  facet normal 0 0 -1
    outer loop
      vertex 6.05635 0.446808 -1.05
      vertex 6.28502 0.648636 -1.05
      vertex 6.07323 0.412704 -1.05
    endloop
  endfacet
  facet normal -0 0 -1
    outer loop
      vertex 6.44651 0.435699 -1.05
      vertex 6.08567 0.371124 -1.05
      vertex 6.40724 0.519012 -1.05
    endloop
  endfacet
  facet normal -0 0 -1
    outer loop
      vertex 6.35343 0.589981 -1.05
      vertex 6.07323 0.412704 -1.05
      vertex 6.28502 0.648636 -1.05
    endloop
  endfacet
  facet normal -0 0 -1
    outer loop
      vertex 6.28502 0.648636 -1.05
      vertex 6.05635 0.446808 -1.05
      vertex 6.20244 0.69458 -1.05
    endloop
  endfacet
  facet normal 0 0 -1
    outer loop
      vertex 6.03505 0.473419 -1.05
      vertex 6.20244 0.69458 -1.05
      vertex 6.05635 0.446808 -1.05
    endloop
  endfacet
  facet normal -0 0 -1
    outer loop
      vertex 6.20244 0.69458 -1.05
      vertex 6.03505 0.473419 -1.05
      vertex 6.10608 0.727402 -1.05
    endloop
  endfacet
  facet normal 0 0 -1
    outer loop
      vertex 6.0082 0.493439 -1.05
      vertex 6.10608 0.727402 -1.05
      vertex 6.03505 0.473419 -1.05
    endloop
  endfacet
  facet normal 0 0 -1
    outer loop
      vertex 5.97466 0.507736 -1.05
      vertex 6.10608 0.727402 -1.05
      vertex 6.0082 0.493439 -1.05
    endloop
  endfacet
  facet normal -0 0 -1
    outer loop
      vertex 6.10608 0.727402 -1.05
      vertex 5.97466 0.507736 -1.05
      vertex 5.99596 0.747086 -1.05
    endloop
  endfacet
  facet normal 0 0 -1
    outer loop
      vertex 5.93444 0.516312 -1.05
      vertex 5.99596 0.747086 -1.05
      vertex 5.97466 0.507736 -1.05
    endloop
  endfacet
  facet normal 0 0 -1
    outer loop
      vertex 5.87207 0.753662 -1.05
      vertex 5.93444 0.516312 -1.05
      vertex 5.88752 0.51918 -1.05
    endloop
  endfacet
  facet normal 0 0 -1
    outer loop
      vertex 5.93444 0.516312 -1.05
      vertex 5.87207 0.753662 -1.05
      vertex 5.99596 0.747086 -1.05
    endloop
  endfacet
  facet normal 0 0 -1
    outer loop
      vertex 5.83719 0.51503 -1.05
      vertex 5.87207 0.753662 -1.05
      vertex 5.88752 0.51918 -1.05
    endloop
  endfacet
  facet normal 0 0 -1
    outer loop
      vertex 5.74758 0.745529 -1.05
      vertex 5.83719 0.51503 -1.05
      vertex 5.79444 0.502579 -1.05
    endloop
  endfacet
  facet normal 0 0 -1
    outer loop
      vertex 5.63822 0.72113 -1.05
      vertex 5.79444 0.502579 -1.05
      vertex 5.75925 0.481842 -1.05
    endloop
  endfacet
  facet normal 0 0 -1
    outer loop
      vertex 5.83719 0.51503 -1.05
      vertex 5.74758 0.745529 -1.05
      vertex 5.87207 0.753662 -1.05
    endloop
  endfacet
  facet normal 0 0 -1
    outer loop
      vertex 5.54399 0.68045 -1.05
      vertex 5.75925 0.481842 -1.05
      vertex 5.73163 0.452805 -1.05
    endloop
  endfacet
  facet normal 0 0 -1
    outer loop
      vertex 5.46492 0.62352 -1.05
      vertex 5.73163 0.452805 -1.05
      vertex 5.71077 0.415253 -1.05
    endloop
  endfacet
  facet normal 0 0 -1
    outer loop
      vertex 5.40236 0.55162 -1.05
      vertex 5.71077 0.415253 -1.05
      vertex 5.69588 0.368912 -1.05
    endloop
  endfacet
  facet normal 0 0 -1
    outer loop
      vertex 5.35767 0.466019 -1.05
      vertex 5.69588 0.368912 -1.05
      vertex 5.68694 0.313782 -1.05
    endloop
  endfacet
  facet normal -0 0 -1
    outer loop
      vertex 5.68645 -0.136673 -1.05
      vertex 5.32192 -0.253876 -1.05
      vertex 5.68395 -0.0915375 -1.05
    endloop
  endfacet
  facet normal -0 0 -1
    outer loop
      vertex 5.68395 -0.0206757 -1.05
      vertex 5.32192 -0.253876 -1.05
      vertex 5.32192 0.253754 -1.05
    endloop
  endfacet
  facet normal 0 0 -1
    outer loop
      vertex 5.79444 0.502579 -1.05
      vertex 5.63822 0.72113 -1.05
      vertex 5.74758 0.745529 -1.05
    endloop
  endfacet
  facet normal 0 0 -1
    outer loop
      vertex 5.68395 0.179016 -1.05
      vertex 5.32192 0.253754 -1.05
      vertex 5.68395 0.249893 -1.05
    endloop
  endfacet
  facet normal 0 0 -1
    outer loop
      vertex 5.30706 -0.388809 -1.05
      vertex 5.63887 -0.417511 -1.05
      vertex 5.62915 -0.478622 -1.05
    endloop
  endfacet
  facet normal 0 0 -1
    outer loop
      vertex 5.30706 -0.388809 -1.05
      vertex 5.62915 -0.478622 -1.05
      vertex 5.61293 -0.53186 -1.05
    endloop
  endfacet
  facet normal 0 0 -1
    outer loop
      vertex 5.2955 -0.415588 -1.05
      vertex 5.61293 -0.53186 -1.05
      vertex 5.59018 -0.577194 -1.05
    endloop
  endfacet
  facet normal 0 0 -1
    outer loop
      vertex 5.2955 -0.415588 -1.05
      vertex 5.59018 -0.577194 -1.05
      vertex 5.56092 -0.614655 -1.05
    endloop
  endfacet
  facet normal 0 -0 -1
    outer loop
      vertex 5.33084 0.36673 -1.05
      vertex 5.68694 0.313782 -1.05
      vertex 5.32192 0.253754 -1.05
    endloop
  endfacet
  facet normal 0 0 -1
    outer loop
      vertex 5.2955 -0.415588 -1.05
      vertex 5.56092 -0.614655 -1.05
      vertex 5.5239 -0.643967 -1.05
    endloop
  endfacet
  facet normal 0 0 -1
    outer loop
      vertex 5.2955 -0.415588 -1.05
      vertex 5.5239 -0.643967 -1.05
      vertex 5.47797 -0.664902 -1.05
    endloop
  endfacet
  facet normal 0 0 -1
    outer loop
      vertex 5.68395 0.249893 -1.05
      vertex 5.32192 0.253754 -1.05
      vertex 5.68694 0.313782 -1.05
    endloop
  endfacet
  facet normal 0 0 -1
    outer loop
      vertex 5.2955 -0.415588 -1.05
      vertex 5.47797 -0.664902 -1.05
      vertex 5.42308 -0.67746 -1.05
    endloop
  endfacet
  facet normal 0 -0 -1
    outer loop
      vertex 5.35767 0.466019 -1.05
      vertex 5.68694 0.313782 -1.05
      vertex 5.33084 0.36673 -1.05
    endloop
  endfacet
  facet normal 0 0 -1
    outer loop
      vertex 5.28008 -0.435028 -1.05
      vertex 5.42308 -0.67746 -1.05
      vertex 5.35927 -0.681641 -1.05
    endloop
  endfacet
  facet normal 0 0 -1
    outer loop
      vertex 5.75925 0.481842 -1.05
      vertex 5.54399 0.68045 -1.05
      vertex 5.63822 0.72113 -1.05
    endloop
  endfacet
  facet normal 0 0 -1
    outer loop
      vertex 5.28008 -0.435028 -1.05
      vertex 5.35927 -0.681641 -1.05
      vertex 5.34055 -0.681488 -1.05
    endloop
  endfacet
  facet normal 0 0 -1
    outer loop
      vertex 5.69588 0.368912 -1.05
      vertex 5.35767 0.466019 -1.05
      vertex 5.40236 0.55162 -1.05
    endloop
  endfacet
  facet normal 0 0 -1
    outer loop
      vertex 5.26021 -0.448914 -1.05
      vertex 5.34055 -0.681488 -1.05
      vertex 5.32303 -0.681 -1.05
    endloop
  endfacet
  facet normal 0 0 -1
    outer loop
      vertex 5.73163 0.452805 -1.05
      vertex 5.46492 0.62352 -1.05
      vertex 5.54399 0.68045 -1.05
    endloop
  endfacet
  facet normal 0 0 -1
    outer loop
      vertex 5.71077 0.415253 -1.05
      vertex 5.40236 0.55162 -1.05
      vertex 5.46492 0.62352 -1.05
    endloop
  endfacet
  facet normal 0 0 -1
    outer loop
      vertex 5.63887 -0.417511 -1.05
      vertex 5.32025 -0.307953 -1.05
      vertex 5.32192 -0.253876 -1.05
    endloop
  endfacet
  facet normal 0 0 -1
    outer loop
      vertex 5.63887 -0.417511 -1.05
      vertex 5.31531 -0.352936 -1.05
      vertex 5.32025 -0.307953 -1.05
    endloop
  endfacet
  facet normal 0 0 -1
    outer loop
      vertex 5.63887 -0.417511 -1.05
      vertex 5.30706 -0.388809 -1.05
      vertex 5.31531 -0.352936 -1.05
    endloop
  endfacet
  facet normal 0 0 -1
    outer loop
      vertex 5.26021 -0.448914 -1.05
      vertex 5.32303 -0.681 -1.05
      vertex 5.30672 -0.680191 -1.05
    endloop
  endfacet
  facet normal 0 0 -1
    outer loop
      vertex 5.61293 -0.53186 -1.05
      vertex 5.2955 -0.415588 -1.05
      vertex 5.30706 -0.388809 -1.05
    endloop
  endfacet
  facet normal 0 0 -1
    outer loop
      vertex 5.26021 -0.448914 -1.05
      vertex 5.30672 -0.680191 -1.05
      vertex 5.29163 -0.679062 -1.05
    endloop
  endfacet
  facet normal 0 0 -1
    outer loop
      vertex 5.42308 -0.67746 -1.05
      vertex 5.28008 -0.435028 -1.05
      vertex 5.2955 -0.415588 -1.05
    endloop
  endfacet
  facet normal 0 0 -1
    outer loop
      vertex 5.26021 -0.448914 -1.05
      vertex 5.29163 -0.679062 -1.05
      vertex 5.27733 -0.677704 -1.05
    endloop
  endfacet
  facet normal 0 0 -1
    outer loop
      vertex 5.23593 -0.457245 -1.05
      vertex 5.27733 -0.677704 -1.05
      vertex 5.26343 -0.676163 -1.05
    endloop
  endfacet
  facet normal 0 0 -1
    outer loop
      vertex 5.34055 -0.681488 -1.05
      vertex 5.26021 -0.448914 -1.05
      vertex 5.28008 -0.435028 -1.05
    endloop
  endfacet
  facet normal 0 0 -1
    outer loop
      vertex 5.23593 -0.457245 -1.05
      vertex 5.26343 -0.676163 -1.05
      vertex 5.24996 -0.674484 -1.05
    endloop
  endfacet
  facet normal 0 0 -1
    outer loop
      vertex 5.23593 -0.457245 -1.05
      vertex 5.24996 -0.674484 -1.05
      vertex 5.23687 -0.672623 -1.05
    endloop
  endfacet
  facet normal 0 0 -1
    outer loop
      vertex 5.27733 -0.677704 -1.05
      vertex 5.23593 -0.457245 -1.05
      vertex 5.26021 -0.448914 -1.05
    endloop
  endfacet
  facet normal 0 0 -1
    outer loop
      vertex 5.22399 -0.670532 -1.05
      vertex 5.23593 -0.457245 -1.05
      vertex 5.23687 -0.672623 -1.05
    endloop
  endfacet
  facet normal 0 0 -1
    outer loop
      vertex 5.21111 -0.668121 -1.05
      vertex 5.23593 -0.457245 -1.05
      vertex 5.22399 -0.670532 -1.05
    endloop
  endfacet
  facet normal 0 0 -1
    outer loop
      vertex 5.21111 -0.668121 -1.05
      vertex 5.20723 -0.460037 -1.05
      vertex 5.23593 -0.457245 -1.05
    endloop
  endfacet
  facet normal 0 0 -1
    outer loop
      vertex 5.19821 -0.665375 -1.05
      vertex 5.20723 -0.460037 -1.05
      vertex 5.21111 -0.668121 -1.05
    endloop
  endfacet
  facet normal 0 0 -1
    outer loop
      vertex 5.18534 -0.662323 -1.05
      vertex 5.20723 -0.460037 -1.05
      vertex 5.19821 -0.665375 -1.05
    endloop
  endfacet
  facet normal 0 0 -1
    outer loop
      vertex 5.17205 -0.659012 -1.05
      vertex 5.20723 -0.460037 -1.05
      vertex 5.18534 -0.662323 -1.05
    endloop
  endfacet
  facet normal -0 0 -1
    outer loop
      vertex 5.20723 -0.460037 -1.05
      vertex 5.17205 -0.659012 -1.05
      vertex 5.18677 -0.459549 -1.05
    endloop
  endfacet
  facet normal 0 0 -1
    outer loop
      vertex 5.14305 -0.651932 -1.05
      vertex 5.18677 -0.459549 -1.05
      vertex 5.17205 -0.659012 -1.05
    endloop
  endfacet
  facet normal -0 0 -1
    outer loop
      vertex 5.18677 -0.459549 -1.05
      vertex 5.14305 -0.651932 -1.05
      vertex 5.16664 -0.458099 -1.05
    endloop
  endfacet
  facet normal 0 0 -1
    outer loop
      vertex 5.12735 -0.648148 -1.05
      vertex 5.16664 -0.458099 -1.05
      vertex 5.14305 -0.651932 -1.05
    endloop
  endfacet
  facet normal -0 0 -1
    outer loop
      vertex 5.16664 -0.458099 -1.05
      vertex 5.12735 -0.648148 -1.05
      vertex 5.14684 -0.455673 -1.05
    endloop
  endfacet
  facet normal -0 0 -1
    outer loop
      vertex 5.14684 -0.455673 -1.05
      vertex 5.12735 -0.648148 -1.05
      vertex 5.12735 -0.452301 -1.05
    endloop
  endfacet
  facet normal 0 0 -1
    outer loop
      vertex 3.12108 -0.0387115 -1.05
      vertex 2.57735 0.188049 -1.05
      vertex 3.11852 0.188049 -1.05
    endloop
  endfacet
  facet normal 0 0 -1
    outer loop
      vertex 2.65854 0.441223 -1.05
      vertex 2.38538 0.554596 -1.05
      vertex 2.47348 0.641678 -1.05
    endloop
  endfacet
  facet normal 0 0 -1
    outer loop
      vertex 2.58631 0.267166 -1.05
      vertex 2.31604 0.443512 -1.05
      vertex 2.38538 0.554596 -1.05
    endloop
  endfacet
  facet normal 0 0 -1
    outer loop
      vertex 2.58631 0.267166 -1.05
      vertex 2.26653 0.309311 -1.05
      vertex 2.31604 0.443512 -1.05
    endloop
  endfacet
  facet normal 0 0 -1
    outer loop
      vertex 2.2269 -0.0387115 -1.05
      vertex 2.57735 0.188049 -1.05
      vertex 3.12108 -0.0387115 -1.05
    endloop
  endfacet
  facet normal -0 0 -1
    outer loop
      vertex 2.57735 0.188049 -1.05
      vertex 2.2368 0.151993 -1.05
      vertex 2.26653 0.309311 -1.05
    endloop
  endfacet
  facet normal 0 0 -1
    outer loop
      vertex 2.57735 0.188049 -1.05
      vertex 2.2269 -0.0387115 -1.05
      vertex 2.2269 -0.0284119 -1.05
    endloop
  endfacet
  facet normal 0 0 -1
    outer loop
      vertex 2.57735 0.188049 -1.05
      vertex 2.2269 -0.0284119 -1.05
      vertex 2.2368 0.151993 -1.05
    endloop
  endfacet
  facet normal 0 0 -1
    outer loop
      vertex 3.12108 -0.0387115 -1.05
      vertex 3.50118 0.0372925 -1.05
      vertex 3.49062 -0.130463 -1.05
    endloop
  endfacet
  facet normal 0 0 -1
    outer loop
      vertex 3.11637 -0.134262 -1.05
      vertex 3.49062 -0.130463 -1.05
      vertex 3.45899 -0.276901 -1.05
    endloop
  endfacet
  facet normal 0 0 -1
    outer loop
      vertex 3.11852 0.188049 -1.05
      vertex 3.50118 0.0372925 -1.05
      vertex 3.12108 -0.0387115 -1.05
    endloop
  endfacet
  facet normal 0 0 -1
    outer loop
      vertex 3.10224 -0.217331 -1.05
      vertex 3.45899 -0.276901 -1.05
      vertex 3.40624 -0.402008 -1.05
    endloop
  endfacet
  facet normal 0 0 -1
    outer loop
      vertex 3.50118 0.0372925 -1.05
      vertex 3.11852 0.188049 -1.05
      vertex 3.49047 0.199951 -1.05
    endloop
  endfacet
  facet normal 0 0 -1
    outer loop
      vertex 3.07868 -0.287903 -1.05
      vertex 3.40624 -0.402008 -1.05
      vertex 3.3324 -0.505768 -1.05
    endloop
  endfacet
  facet normal -0 0 -1
    outer loop
      vertex 3.49047 0.199951 -1.05
      vertex 3.11852 0.188049 -1.05
      vertex 3.45833 0.342651 -1.05
    endloop
  endfacet
  facet normal 0 0 -1
    outer loop
      vertex 3.0457 -0.346008 -1.05
      vertex 3.3324 -0.505768 -1.05
      vertex 3.23889 -0.587219 -1.05
    endloop
  endfacet
  facet normal 0 0 -1
    outer loop
      vertex 3.11251 0.263489 -1.05
      vertex 3.45833 0.342651 -1.05
      vertex 3.11852 0.188049 -1.05
    endloop
  endfacet
  facet normal 0 0 -1
    outer loop
      vertex 3.00403 -0.391388 -1.05
      vertex 3.23889 -0.587219 -1.05
      vertex 3.1272 -0.645401 -1.05
    endloop
  endfacet
  facet normal -0 0 -1
    outer loop
      vertex 3.49062 -0.130463 -1.05
      vertex 3.11637 -0.134262 -1.05
      vertex 3.12108 -0.0387115 -1.05
    endloop
  endfacet
  facet normal -0 0 -1
    outer loop
      vertex 3.45833 0.342651 -1.05
      vertex 3.09838 0.330078 -1.05
      vertex 3.40479 0.465363 -1.05
    endloop
  endfacet
  facet normal 0 0 -1
    outer loop
      vertex 3.09838 0.330078 -1.05
      vertex 3.45833 0.342651 -1.05
      vertex 3.11251 0.263489 -1.05
    endloop
  endfacet
  facet normal 0 0 -1
    outer loop
      vertex 3.45899 -0.276901 -1.05
      vertex 3.10224 -0.217331 -1.05
      vertex 3.11637 -0.134262 -1.05
    endloop
  endfacet
  facet normal 0 0 -1
    outer loop
      vertex 3.40624 -0.402008 -1.05
      vertex 3.07868 -0.287903 -1.05
      vertex 3.10224 -0.217331 -1.05
    endloop
  endfacet
  facet normal 0 0 -1
    outer loop
      vertex 3.3324 -0.505768 -1.05
      vertex 3.0457 -0.346008 -1.05
      vertex 3.07868 -0.287903 -1.05
    endloop
  endfacet
  facet normal 0 0 -1
    outer loop
      vertex 3.23889 -0.587219 -1.05
      vertex 3.00403 -0.391388 -1.05
      vertex 3.0457 -0.346008 -1.05
    endloop
  endfacet
  facet normal 0 0 -1
    outer loop
      vertex 2.95439 -0.423782 -1.05
      vertex 3.1272 -0.645401 -1.05
      vertex 2.99732 -0.680313 -1.05
    endloop
  endfacet
  facet normal 0 0 -1
    outer loop
      vertex 3.1272 -0.645401 -1.05
      vertex 2.95439 -0.423782 -1.05
      vertex 3.00403 -0.391388 -1.05
    endloop
  endfacet
  facet normal 0 0 -1
    outer loop
      vertex 2.99732 -0.680313 -1.05
      vertex 2.89676 -0.443237 -1.05
      vertex 2.95439 -0.423782 -1.05
    endloop
  endfacet
  facet normal 0 0 -1
    outer loop
      vertex 2.84923 -0.69194 -1.05
      vertex 2.89676 -0.443237 -1.05
      vertex 2.99732 -0.680313 -1.05
    endloop
  endfacet
  facet normal 0 0 -1
    outer loop
      vertex 2.84923 -0.69194 -1.05
      vertex 2.83118 -0.449707 -1.05
      vertex 2.89676 -0.443237 -1.05
    endloop
  endfacet
  facet normal 0 0 -1
    outer loop
      vertex 2.84923 -0.69194 -1.05
      vertex 2.74405 -0.439331 -1.05
      vertex 2.83118 -0.449707 -1.05
    endloop
  endfacet
  facet normal 0 0 -1
    outer loop
      vertex 2.64154 -0.668274 -1.05
      vertex 2.74405 -0.439331 -1.05
      vertex 2.84923 -0.69194 -1.05
    endloop
  endfacet
  facet normal -0 0 -1
    outer loop
      vertex 2.74405 -0.439331 -1.05
      vertex 2.64154 -0.668274 -1.05
      vertex 2.67464 -0.408157 -1.05
    endloop
  endfacet
  facet normal 0 0 -1
    outer loop
      vertex 2.47203 -0.597244 -1.05
      vertex 2.67464 -0.408157 -1.05
      vertex 2.64154 -0.668274 -1.05
    endloop
  endfacet
  facet normal -0 0 -1
    outer loop
      vertex 2.67464 -0.408157 -1.05
      vertex 2.47203 -0.597244 -1.05
      vertex 2.62294 -0.356232 -1.05
    endloop
  endfacet
  facet normal 0 0 -1
    outer loop
      vertex 2.34069 -0.478867 -1.05
      vertex 2.62294 -0.356232 -1.05
      vertex 2.47203 -0.597244 -1.05
    endloop
  endfacet
  facet normal -0 0 -1
    outer loop
      vertex 2.62294 -0.356232 -1.05
      vertex 2.34069 -0.478867 -1.05
      vertex 2.58896 -0.283524 -1.05
    endloop
  endfacet
  facet normal 0 0 -1
    outer loop
      vertex 2.58896 -0.283524 -1.05
      vertex 2.34069 -0.478867 -1.05
      vertex 2.24752 -0.313141 -1.05
    endloop
  endfacet
  facet normal 0 0 -1
    outer loop
      vertex 3.07611 0.387817 -1.05
      vertex 3.40479 0.465363 -1.05
      vertex 3.09838 0.330078 -1.05
    endloop
  endfacet
  facet normal -0 0 -1
    outer loop
      vertex 3.40479 0.465363 -1.05
      vertex 3.07611 0.387817 -1.05
      vertex 3.32981 0.568115 -1.05
    endloop
  endfacet
  facet normal 0 0 -1
    outer loop
      vertex 3.0457 0.436691 -1.05
      vertex 3.32981 0.568115 -1.05
      vertex 3.07611 0.387817 -1.05
    endloop
  endfacet
  facet normal -0 0 -1
    outer loop
      vertex 3.32981 0.568115 -1.05
      vertex 3.0457 0.436691 -1.05
      vertex 3.2352 0.649292 -1.05
    endloop
  endfacet
  facet normal 0 0 -1
    outer loop
      vertex 3.00757 0.475601 -1.05
      vertex 3.2352 0.649292 -1.05
      vertex 3.0457 0.436691 -1.05
    endloop
  endfacet
  facet normal -0 0 -1
    outer loop
      vertex 3.2352 0.649292 -1.05
      vertex 3.00757 0.475601 -1.05
      vertex 3.1227 0.707275 -1.05
    endloop
  endfacet
  facet normal 0 0 -1
    outer loop
      vertex 2.96212 0.503387 -1.05
      vertex 3.1227 0.707275 -1.05
      vertex 3.00757 0.475601 -1.05
    endloop
  endfacet
  facet normal -0 0 -1
    outer loop
      vertex 3.1227 0.707275 -1.05
      vertex 2.96212 0.503387 -1.05
      vertex 2.99233 0.742065 -1.05
    endloop
  endfacet
  facet normal 0 0 -1
    outer loop
      vertex 2.90934 0.520065 -1.05
      vertex 2.99233 0.742065 -1.05
      vertex 2.96212 0.503387 -1.05
    endloop
  endfacet
  facet normal 0 0 -1
    outer loop
      vertex 2.84407 0.753662 -1.05
      vertex 2.90934 0.520065 -1.05
      vertex 2.84923 0.52562 -1.05
    endloop
  endfacet
  facet normal 0 0 -1
    outer loop
      vertex 2.90934 0.520065 -1.05
      vertex 2.84407 0.753662 -1.05
      vertex 2.99233 0.742065 -1.05
    endloop
  endfacet
  facet normal 0 0 -1
    outer loop
      vertex 2.79238 0.52034 -1.05
      vertex 2.84407 0.753662 -1.05
      vertex 2.84923 0.52562 -1.05
    endloop
  endfacet
  facet normal 0 0 -1
    outer loop
      vertex 2.70282 0.741211 -1.05
      vertex 2.79238 0.52034 -1.05
      vertex 2.74164 0.504517 -1.05
    endloop
  endfacet
  facet normal 0 0 -1
    outer loop
      vertex 2.79238 0.52034 -1.05
      vertex 2.70282 0.741211 -1.05
      vertex 2.84407 0.753662 -1.05
    endloop
  endfacet
  facet normal 0 0 -1
    outer loop
      vertex 2.57929 0.703888 -1.05
      vertex 2.74164 0.504517 -1.05
      vertex 2.69702 0.478149 -1.05
    endloop
  endfacet
  facet normal 0 0 -1
    outer loop
      vertex 2.47348 0.641678 -1.05
      vertex 2.69702 0.478149 -1.05
      vertex 2.65854 0.441223 -1.05
    endloop
  endfacet
  facet normal 0 0 -1
    outer loop
      vertex 2.38538 0.554596 -1.05
      vertex 2.65854 0.441223 -1.05
      vertex 2.62689 0.393753 -1.05
    endloop
  endfacet
  facet normal 0 0 -1
    outer loop
      vertex 2.38538 0.554596 -1.05
      vertex 2.62689 0.393753 -1.05
      vertex 2.60282 0.335724 -1.05
    endloop
  endfacet
  facet normal 0 0 -1
    outer loop
      vertex 2.74164 0.504517 -1.05
      vertex 2.57929 0.703888 -1.05
      vertex 2.70282 0.741211 -1.05
    endloop
  endfacet
  facet normal 0 0 -1
    outer loop
      vertex 2.38538 0.554596 -1.05
      vertex 2.60282 0.335724 -1.05
      vertex 2.58631 0.267166 -1.05
    endloop
  endfacet
  facet normal 0 0 -1
    outer loop
      vertex 2.26653 0.309311 -1.05
      vertex 2.58631 0.267166 -1.05
      vertex 2.57735 0.188049 -1.05
    endloop
  endfacet
  facet normal 0 0 -1
    outer loop
      vertex 2.69702 0.478149 -1.05
      vertex 2.47348 0.641678 -1.05
      vertex 2.57929 0.703888 -1.05
    endloop
  endfacet
  facet normal 0 0 -1
    outer loop
      vertex 10.5644 -0.988281 -1.05
      vertex 12.0809 -0.887802 -1.05
      vertex 12.0809 -0.988281 -1.05
    endloop
  endfacet
  facet normal -0 0 -1
    outer loop
      vertex 12.0809 -0.887802 -1.05
      vertex 10.5644 -0.988281 -1.05
      vertex 10.5644 -0.887802 -1.05
    endloop
  endfacet
  facet normal -0 0 -1
    outer loop
      vertex 14.843 -0.271912 -1.05
      vertex 14.4626 -0.289993 -1.05
      vertex 14.4655 -0.243561 -1.05
    endloop
  endfacet
  facet normal 0 0 -1
    outer loop
      vertex 14.594 -0.664398 -1.05
      vertex 14.454 -0.330063 -1.05
      vertex 14.4626 -0.289993 -1.05
    endloop
  endfacet
  facet normal 0 0 -1
    outer loop
      vertex 14.594 -0.664398 -1.05
      vertex 14.4397 -0.363754 -1.05
      vertex 14.454 -0.330063 -1.05
    endloop
  endfacet
  facet normal 0 0 -1
    outer loop
      vertex 14.594 -0.664398 -1.05
      vertex 14.4197 -0.391098 -1.05
      vertex 14.4397 -0.363754 -1.05
    endloop
  endfacet
  facet normal 0 0 -1
    outer loop
      vertex 14.395 -0.412231 -1.05
      vertex 14.5095 -0.685059 -1.05
      vertex 14.4139 -0.69194 -1.05
    endloop
  endfacet
  facet normal 0 0 -1
    outer loop
      vertex 14.5095 -0.685059 -1.05
      vertex 14.395 -0.412231 -1.05
      vertex 14.4197 -0.391098 -1.05
    endloop
  endfacet
  facet normal 0 0 -1
    outer loop
      vertex 14.4139 -0.69194 -1.05
      vertex 14.3664 -0.427338 -1.05
      vertex 14.395 -0.412231 -1.05
    endloop
  endfacet
  facet normal 0 0 -1
    outer loop
      vertex 14.4139 -0.69194 -1.05
      vertex 14.3341 -0.436401 -1.05
      vertex 14.3664 -0.427338 -1.05
    endloop
  endfacet
  facet normal 0 0 -1
    outer loop
      vertex 14.2703 -0.674789 -1.05
      vertex 14.3341 -0.436401 -1.05
      vertex 14.4139 -0.69194 -1.05
    endloop
  endfacet
  facet normal 0 0 -1
    outer loop
      vertex 14.3341 -0.436401 -1.05
      vertex 14.2703 -0.674789 -1.05
      vertex 14.298 -0.439407 -1.05
    endloop
  endfacet
  facet normal 0 0 -1
    outer loop
      vertex 14.2703 -0.674789 -1.05
      vertex 14.2564 -0.436523 -1.05
      vertex 14.298 -0.439407 -1.05
    endloop
  endfacet
  facet normal 0 0 -1
    outer loop
      vertex 14.1459 -0.623337 -1.05
      vertex 14.2564 -0.436523 -1.05
      vertex 14.2703 -0.674789 -1.05
    endloop
  endfacet
  facet normal -0 0 -1
    outer loop
      vertex 14.2564 -0.436523 -1.05
      vertex 14.1459 -0.623337 -1.05
      vertex 14.2166 -0.427826 -1.05
    endloop
  endfacet
  facet normal -0 0 -1
    outer loop
      vertex 14.2166 -0.427826 -1.05
      vertex 14.1459 -0.623337 -1.05
      vertex 14.1788 -0.41333 -1.05
    endloop
  endfacet
  facet normal 0 0 -1
    outer loop
      vertex 14.0409 -0.537567 -1.05
      vertex 14.1788 -0.41333 -1.05
      vertex 14.1459 -0.623337 -1.05
    endloop
  endfacet
  facet normal -0 0 -1
    outer loop
      vertex 14.1788 -0.41333 -1.05
      vertex 14.0409 -0.537567 -1.05
      vertex 14.1427 -0.393036 -1.05
    endloop
  endfacet
  facet normal -0 0 -1
    outer loop
      vertex 14.1427 -0.393036 -1.05
      vertex 14.0409 -0.537567 -1.05
      vertex 14.1095 -0.36763 -1.05
    endloop
  endfacet
  facet normal 0 0 -1
    outer loop
      vertex 13.9552 -0.417511 -1.05
      vertex 14.1095 -0.36763 -1.05
      vertex 14.0409 -0.537567 -1.05
    endloop
  endfacet
  facet normal -0 0 -1
    outer loop
      vertex 14.1095 -0.36763 -1.05
      vertex 13.9552 -0.417511 -1.05
      vertex 14.0801 -0.337784 -1.05
    endloop
  endfacet
  facet normal -0 0 -1
    outer loop
      vertex 14.0801 -0.337784 -1.05
      vertex 13.9552 -0.417511 -1.05
      vertex 14.0544 -0.303513 -1.05
    endloop
  endfacet
  facet normal -0 0 -1
    outer loop
      vertex 14.0544 -0.303513 -1.05
      vertex 13.9552 -0.417511 -1.05
      vertex 14.0325 -0.264816 -1.05
    endloop
  endfacet
  facet normal 0 0 -1
    outer loop
      vertex 13.9475 -0.417511 -1.05
      vertex 14.0325 -0.264816 -1.05
      vertex 13.9552 -0.417511 -1.05
    endloop
  endfacet
  facet normal -0 0 -1
    outer loop
      vertex 14.0325 -0.264816 -1.05
      vertex 13.9475 -0.417511 -1.05
      vertex 14.0151 -0.223312 -1.05
    endloop
  endfacet
  facet normal 0 0 -1
    outer loop
      vertex 13.6306 -0.253876 -1.05
      vertex 13.9926 -0.0206757 -1.05
      vertex 13.9926 -0.0915375 -1.05
    endloop
  endfacet
  facet normal 0 0 -1
    outer loop
      vertex 13.9926 -0.0206757 -1.05
      vertex 13.6306 0.253754 -1.05
      vertex 13.9926 0.179016 -1.05
    endloop
  endfacet
  facet normal -0 0 -1
    outer loop
      vertex 14.0026 -0.180603 -1.05
      vertex 13.6306 -0.253876 -1.05
      vertex 13.9951 -0.136673 -1.05
    endloop
  endfacet
  facet normal -0 0 -1
    outer loop
      vertex 14.0151 -0.223312 -1.05
      vertex 13.6306 -0.253876 -1.05
      vertex 14.0026 -0.180603 -1.05
    endloop
  endfacet
  facet normal 0 0 -1
    outer loop
      vertex 13.6306 -0.253876 -1.05
      vertex 14.0151 -0.223312 -1.05
      vertex 13.9475 -0.417511 -1.05
    endloop
  endfacet
  facet normal 0 0 -1
    outer loop
      vertex 14.4626 -0.289993 -1.05
      vertex 14.843 -0.271912 -1.05
      vertex 14.8359 -0.366165 -1.05
    endloop
  endfacet
  facet normal 0 0 -1
    outer loop
      vertex 14.4626 -0.289993 -1.05
      vertex 14.8359 -0.366165 -1.05
      vertex 14.8146 -0.449234 -1.05
    endloop
  endfacet
  facet normal 0 0 -1
    outer loop
      vertex 14.843 -0.271912 -1.05
      vertex 14.4655 -0.243561 -1.05
      vertex 14.8342 -0.170135 -1.05
    endloop
  endfacet
  facet normal 0 0 -1
    outer loop
      vertex 14.4626 -0.289993 -1.05
      vertex 14.8146 -0.449234 -1.05
      vertex 14.7792 -0.521103 -1.05
    endloop
  endfacet
  facet normal 0 0 -1
    outer loop
      vertex 14.4637 -0.206848 -1.05
      vertex 14.8342 -0.170135 -1.05
      vertex 14.4655 -0.243561 -1.05
    endloop
  endfacet
  facet normal 0 0 -1
    outer loop
      vertex 14.4626 -0.289993 -1.05
      vertex 14.7792 -0.521103 -1.05
      vertex 14.7296 -0.581787 -1.05
    endloop
  endfacet
  facet normal -0 0 -1
    outer loop
      vertex 14.8342 -0.170135 -1.05
      vertex 14.4637 -0.206848 -1.05
      vertex 14.8077 -0.0812378 -1.05
    endloop
  endfacet
  facet normal 0 0 -1
    outer loop
      vertex 14.4626 -0.289993 -1.05
      vertex 14.7296 -0.581787 -1.05
      vertex 14.6674 -0.629974 -1.05
    endloop
  endfacet
  facet normal 0 0 -1
    outer loop
      vertex 14.4585 -0.173996 -1.05
      vertex 14.8077 -0.0812378 -1.05
      vertex 14.4637 -0.206848 -1.05
    endloop
  endfacet
  facet normal 0 0 -1
    outer loop
      vertex 14.4626 -0.289993 -1.05
      vertex 14.6674 -0.629974 -1.05
      vertex 14.594 -0.664398 -1.05
    endloop
  endfacet
  facet normal -0 0 -1
    outer loop
      vertex 14.8077 -0.0812378 -1.05
      vertex 14.4585 -0.173996 -1.05
      vertex 14.7636 -0.00521851 -1.05
    endloop
  endfacet
  facet normal 0 0 -1
    outer loop
      vertex 14.4197 -0.391098 -1.05
      vertex 14.594 -0.664398 -1.05
      vertex 14.5095 -0.685059 -1.05
    endloop
  endfacet
  facet normal 0 0 -1
    outer loop
      vertex 14.4499 -0.14502 -1.05
      vertex 14.7636 -0.00521851 -1.05
      vertex 14.4585 -0.173996 -1.05
    endloop
  endfacet
  facet normal -0 0 -1
    outer loop
      vertex 14.7636 -0.00521851 -1.05
      vertex 14.4499 -0.14502 -1.05
      vertex 14.7019 0.0578918 -1.05
    endloop
  endfacet
  facet normal 0 0 -1
    outer loop
      vertex 14.4378 -0.119888 -1.05
      vertex 14.7019 0.0578918 -1.05
      vertex 14.4499 -0.14502 -1.05
    endloop
  endfacet
  facet normal -0 0 -1
    outer loop
      vertex 14.7019 0.0578918 -1.05
      vertex 14.4378 -0.119888 -1.05
      vertex 14.6234 0.107666 -1.05
    endloop
  endfacet
  facet normal 0 0 -1
    outer loop
      vertex 14.4224 -0.0981903 -1.05
      vertex 14.6234 0.107666 -1.05
      vertex 14.4378 -0.119888 -1.05
    endloop
  endfacet
  facet normal -0 0 -1
    outer loop
      vertex 14.6234 0.107666 -1.05
      vertex 14.4224 -0.0981903 -1.05
      vertex 14.5291 0.143585 -1.05
    endloop
  endfacet
  facet normal 0 0 -1
    outer loop
      vertex 14.4038 -0.0794525 -1.05
      vertex 14.5291 0.143585 -1.05
      vertex 14.4224 -0.0981903 -1.05
    endloop
  endfacet
  facet normal 0 0 -1
    outer loop
      vertex 14.3821 -0.0637207 -1.05
      vertex 14.5291 0.143585 -1.05
      vertex 14.4038 -0.0794525 -1.05
    endloop
  endfacet
  facet normal -0 0 -1
    outer loop
      vertex 14.5291 0.143585 -1.05
      vertex 14.3821 -0.0637207 -1.05
      vertex 14.4189 0.165649 -1.05
    endloop
  endfacet
  facet normal 0 0 -1
    outer loop
      vertex 14.3572 -0.0509644 -1.05
      vertex 14.4189 0.165649 -1.05
      vertex 14.3821 -0.0637207 -1.05
    endloop
  endfacet
  facet normal 0 0 -1
    outer loop
      vertex 14.3263 -0.0407715 -1.05
      vertex 14.4189 0.165649 -1.05
      vertex 14.3572 -0.0509644 -1.05
    endloop
  endfacet
  facet normal 0 0 -1
    outer loop
      vertex 14.3263 -0.0407715 -1.05
      vertex 14.2928 0.173874 -1.05
      vertex 14.4189 0.165649 -1.05
    endloop
  endfacet
  facet normal 0 0 -1
    outer loop
      vertex 14.2861 -0.0327606 -1.05
      vertex 14.2928 0.173874 -1.05
      vertex 14.3263 -0.0407715 -1.05
    endloop
  endfacet
  facet normal 0 0 -1
    outer loop
      vertex 14.2367 -0.0269165 -1.05
      vertex 14.2928 0.173874 -1.05
      vertex 14.2861 -0.0327606 -1.05
    endloop
  endfacet
  facet normal 0 0 -1
    outer loop
      vertex 14.1781 -0.0232544 -1.05
      vertex 14.2928 0.173874 -1.05
      vertex 14.2367 -0.0269165 -1.05
    endloop
  endfacet
  facet normal 0 0 -1
    outer loop
      vertex 13.9926 0.179016 -1.05
      vertex 14.1781 -0.0232544 -1.05
      vertex 13.9926 -0.0206757 -1.05
    endloop
  endfacet
  facet normal 0 0 -1
    outer loop
      vertex 14.1781 -0.0232544 -1.05
      vertex 13.9926 0.179016 -1.05
      vertex 14.2928 0.173874 -1.05
    endloop
  endfacet
  facet normal 0 0 -1
    outer loop
      vertex 14.4023 0.322037 -1.05
      vertex 14.7552 0.435699 -1.05
      vertex 14.7798 0.340088 -1.05
    endloop
  endfacet
  facet normal 0 0 -1
    outer loop
      vertex 14.3943 0.371124 -1.05
      vertex 14.7552 0.435699 -1.05
      vertex 14.4023 0.322037 -1.05
    endloop
  endfacet
  facet normal 0 0 -1
    outer loop
      vertex 14.3819 0.412704 -1.05
      vertex 14.7159 0.519012 -1.05
      vertex 14.3943 0.371124 -1.05
    endloop
  endfacet
  facet normal -0 0 -1
    outer loop
      vertex 14.7159 0.519012 -1.05
      vertex 14.3819 0.412704 -1.05
      vertex 14.6621 0.589981 -1.05
    endloop
  endfacet
  facet normal 0 0 -1
    outer loop
      vertex 14.365 0.446808 -1.05
      vertex 14.5937 0.648636 -1.05
      vertex 14.3819 0.412704 -1.05
    endloop
  endfacet
  facet normal -0 0 -1
    outer loop
      vertex 14.7552 0.435699 -1.05
      vertex 14.3943 0.371124 -1.05
      vertex 14.7159 0.519012 -1.05
    endloop
  endfacet
  facet normal -0 0 -1
    outer loop
      vertex 14.6621 0.589981 -1.05
      vertex 14.3819 0.412704 -1.05
      vertex 14.5937 0.648636 -1.05
    endloop
  endfacet
  facet normal -0 0 -1
    outer loop
      vertex 14.5937 0.648636 -1.05
      vertex 14.365 0.446808 -1.05
      vertex 14.5111 0.69458 -1.05
    endloop
  endfacet
  facet normal 0 0 -1
    outer loop
      vertex 14.3437 0.473419 -1.05
      vertex 14.5111 0.69458 -1.05
      vertex 14.365 0.446808 -1.05
    endloop
  endfacet
  facet normal -0 0 -1
    outer loop
      vertex 14.5111 0.69458 -1.05
      vertex 14.3437 0.473419 -1.05
      vertex 14.4148 0.727402 -1.05
    endloop
  endfacet
  facet normal 0 0 -1
    outer loop
      vertex 14.3169 0.493439 -1.05
      vertex 14.4148 0.727402 -1.05
      vertex 14.3437 0.473419 -1.05
    endloop
  endfacet
  facet normal 0 0 -1
    outer loop
      vertex 14.2833 0.507736 -1.05
      vertex 14.4148 0.727402 -1.05
      vertex 14.3169 0.493439 -1.05
    endloop
  endfacet
  facet normal -0 0 -1
    outer loop
      vertex 14.4148 0.727402 -1.05
      vertex 14.2833 0.507736 -1.05
      vertex 14.3046 0.747086 -1.05
    endloop
  endfacet
  facet normal 0 0 -1
    outer loop
      vertex 14.2431 0.516312 -1.05
      vertex 14.3046 0.747086 -1.05
      vertex 14.2833 0.507736 -1.05
    endloop
  endfacet
  facet normal 0 0 -1
    outer loop
      vertex 14.1807 0.753662 -1.05
      vertex 14.2431 0.516312 -1.05
      vertex 14.1962 0.51918 -1.05
    endloop
  endfacet
  facet normal 0 0 -1
    outer loop
      vertex 14.2431 0.516312 -1.05
      vertex 14.1807 0.753662 -1.05
      vertex 14.3046 0.747086 -1.05
    endloop
  endfacet
  facet normal 0 0 -1
    outer loop
      vertex 14.1459 0.51503 -1.05
      vertex 14.1807 0.753662 -1.05
      vertex 14.1962 0.51918 -1.05
    endloop
  endfacet
  facet normal 0 0 -1
    outer loop
      vertex 14.0562 0.745529 -1.05
      vertex 14.1459 0.51503 -1.05
      vertex 14.1031 0.502579 -1.05
    endloop
  endfacet
  facet normal 0 0 -1
    outer loop
      vertex 13.9469 0.72113 -1.05
      vertex 14.1031 0.502579 -1.05
      vertex 14.0679 0.481842 -1.05
    endloop
  endfacet
  facet normal 0 0 -1
    outer loop
      vertex 14.1459 0.51503 -1.05
      vertex 14.0562 0.745529 -1.05
      vertex 14.1807 0.753662 -1.05
    endloop
  endfacet
  facet normal 0 0 -1
    outer loop
      vertex 13.8527 0.68045 -1.05
      vertex 14.0679 0.481842 -1.05
      vertex 14.0403 0.452805 -1.05
    endloop
  endfacet
  facet normal 0 0 -1
    outer loop
      vertex 13.7736 0.62352 -1.05
      vertex 14.0403 0.452805 -1.05
      vertex 14.0194 0.415253 -1.05
    endloop
  endfacet
  facet normal 0 0 -1
    outer loop
      vertex 13.711 0.55162 -1.05
      vertex 14.0194 0.415253 -1.05
      vertex 14.0045 0.368912 -1.05
    endloop
  endfacet
  facet normal 0 0 -1
    outer loop
      vertex 13.6663 0.466019 -1.05
      vertex 14.0045 0.368912 -1.05
      vertex 13.9956 0.313782 -1.05
    endloop
  endfacet
  facet normal -0 0 -1
    outer loop
      vertex 13.9951 -0.136673 -1.05
      vertex 13.6306 -0.253876 -1.05
      vertex 13.9926 -0.0915375 -1.05
    endloop
  endfacet
  facet normal -0 0 -1
    outer loop
      vertex 13.9926 -0.0206757 -1.05
      vertex 13.6306 -0.253876 -1.05
      vertex 13.6306 0.253754 -1.05
    endloop
  endfacet
  facet normal 0 0 -1
    outer loop
      vertex 14.1031 0.502579 -1.05
      vertex 13.9469 0.72113 -1.05
      vertex 14.0562 0.745529 -1.05
    endloop
  endfacet
  facet normal 0 0 -1
    outer loop
      vertex 13.9926 0.179016 -1.05
      vertex 13.6306 0.253754 -1.05
      vertex 13.9926 0.249893 -1.05
    endloop
  endfacet
  facet normal 0 0 -1
    outer loop
      vertex 13.6157 -0.388809 -1.05
      vertex 13.9475 -0.417511 -1.05
      vertex 13.9378 -0.478622 -1.05
    endloop
  endfacet
  facet normal 0 0 -1
    outer loop
      vertex 13.6157 -0.388809 -1.05
      vertex 13.9378 -0.478622 -1.05
      vertex 13.9216 -0.53186 -1.05
    endloop
  endfacet
  facet normal 0 0 -1
    outer loop
      vertex 13.6042 -0.415588 -1.05
      vertex 13.9216 -0.53186 -1.05
      vertex 13.8988 -0.577194 -1.05
    endloop
  endfacet
  facet normal 0 0 -1
    outer loop
      vertex 13.6042 -0.415588 -1.05
      vertex 13.8988 -0.577194 -1.05
      vertex 13.8696 -0.614655 -1.05
    endloop
  endfacet
  facet normal 0 -0 -1
    outer loop
      vertex 13.6395 0.36673 -1.05
      vertex 13.9956 0.313782 -1.05
      vertex 13.6306 0.253754 -1.05
    endloop
  endfacet
  facet normal 0 0 -1
    outer loop
      vertex 13.6042 -0.415588 -1.05
      vertex 13.8696 -0.614655 -1.05
      vertex 13.8326 -0.643967 -1.05
    endloop
  endfacet
  facet normal 0 0 -1
    outer loop
      vertex 13.6042 -0.415588 -1.05
      vertex 13.8326 -0.643967 -1.05
      vertex 13.7866 -0.664902 -1.05
    endloop
  endfacet
  facet normal 0 0 -1
    outer loop
      vertex 13.9926 0.249893 -1.05
      vertex 13.6306 0.253754 -1.05
      vertex 13.9956 0.313782 -1.05
    endloop
  endfacet
  facet normal 0 0 -1
    outer loop
      vertex 13.6042 -0.415588 -1.05
      vertex 13.7866 -0.664902 -1.05
      vertex 13.7317 -0.67746 -1.05
    endloop
  endfacet
  facet normal 0 -0 -1
    outer loop
      vertex 13.6663 0.466019 -1.05
      vertex 13.9956 0.313782 -1.05
      vertex 13.6395 0.36673 -1.05
    endloop
  endfacet
  facet normal 0 0 -1
    outer loop
      vertex 13.5887 -0.435028 -1.05
      vertex 13.7317 -0.67746 -1.05
      vertex 13.6679 -0.681641 -1.05
    endloop
  endfacet
  facet normal 0 0 -1
    outer loop
      vertex 14.0679 0.481842 -1.05
      vertex 13.8527 0.68045 -1.05
      vertex 13.9469 0.72113 -1.05
    endloop
  endfacet
  facet normal 0 0 -1
    outer loop
      vertex 13.5887 -0.435028 -1.05
      vertex 13.6679 -0.681641 -1.05
      vertex 13.6492 -0.681488 -1.05
    endloop
  endfacet
  facet normal 0 0 -1
    outer loop
      vertex 14.0045 0.368912 -1.05
      vertex 13.6663 0.466019 -1.05
      vertex 13.711 0.55162 -1.05
    endloop
  endfacet
  facet normal 0 0 -1
    outer loop
      vertex 13.5689 -0.448914 -1.05
      vertex 13.6492 -0.681488 -1.05
      vertex 13.6317 -0.681 -1.05
    endloop
  endfacet
  facet normal 0 0 -1
    outer loop
      vertex 14.0403 0.452805 -1.05
      vertex 13.7736 0.62352 -1.05
      vertex 13.8527 0.68045 -1.05
    endloop
  endfacet
  facet normal 0 0 -1
    outer loop
      vertex 14.0194 0.415253 -1.05
      vertex 13.711 0.55162 -1.05
      vertex 13.7736 0.62352 -1.05
    endloop
  endfacet
  facet normal 0 0 -1
    outer loop
      vertex 13.9475 -0.417511 -1.05
      vertex 13.6289 -0.307953 -1.05
      vertex 13.6306 -0.253876 -1.05
    endloop
  endfacet
  facet normal 0 0 -1
    outer loop
      vertex 13.9475 -0.417511 -1.05
      vertex 13.624 -0.352936 -1.05
      vertex 13.6289 -0.307953 -1.05
    endloop
  endfacet
  facet normal 0 0 -1
    outer loop
      vertex 13.9475 -0.417511 -1.05
      vertex 13.6157 -0.388809 -1.05
      vertex 13.624 -0.352936 -1.05
    endloop
  endfacet
  facet normal 0 0 -1
    outer loop
      vertex 13.5689 -0.448914 -1.05
      vertex 13.6317 -0.681 -1.05
      vertex 13.6154 -0.680191 -1.05
    endloop
  endfacet
  facet normal 0 0 -1
    outer loop
      vertex 13.9216 -0.53186 -1.05
      vertex 13.6042 -0.415588 -1.05
      vertex 13.6157 -0.388809 -1.05
    endloop
  endfacet
  facet normal 0 0 -1
    outer loop
      vertex 13.5689 -0.448914 -1.05
      vertex 13.6154 -0.680191 -1.05
      vertex 13.6003 -0.679062 -1.05
    endloop
  endfacet
  facet normal 0 0 -1
    outer loop
      vertex 13.7317 -0.67746 -1.05
      vertex 13.5887 -0.435028 -1.05
      vertex 13.6042 -0.415588 -1.05
    endloop
  endfacet
  facet normal 0 0 -1
    outer loop
      vertex 13.5689 -0.448914 -1.05
      vertex 13.6003 -0.679062 -1.05
      vertex 13.586 -0.677704 -1.05
    endloop
  endfacet
  facet normal 0 0 -1
    outer loop
      vertex 13.5446 -0.457245 -1.05
      vertex 13.586 -0.677704 -1.05
      vertex 13.5721 -0.676163 -1.05
    endloop
  endfacet
  facet normal 0 0 -1
    outer loop
      vertex 13.6492 -0.681488 -1.05
      vertex 13.5689 -0.448914 -1.05
      vertex 13.5887 -0.435028 -1.05
    endloop
  endfacet
  facet normal 0 0 -1
    outer loop
      vertex 13.5446 -0.457245 -1.05
      vertex 13.5721 -0.676163 -1.05
      vertex 13.5586 -0.674484 -1.05
    endloop
  endfacet
  facet normal 0 0 -1
    outer loop
      vertex 13.5446 -0.457245 -1.05
      vertex 13.5586 -0.674484 -1.05
      vertex 13.5455 -0.672623 -1.05
    endloop
  endfacet
  facet normal 0 0 -1
    outer loop
      vertex 13.586 -0.677704 -1.05
      vertex 13.5446 -0.457245 -1.05
      vertex 13.5689 -0.448914 -1.05
    endloop
  endfacet
  facet normal 0 0 -1
    outer loop
      vertex 13.5326 -0.670532 -1.05
      vertex 13.5446 -0.457245 -1.05
      vertex 13.5455 -0.672623 -1.05
    endloop
  endfacet
  facet normal 0 0 -1
    outer loop
      vertex 13.5198 -0.668121 -1.05
      vertex 13.5446 -0.457245 -1.05
      vertex 13.5326 -0.670532 -1.05
    endloop
  endfacet
  facet normal 0 0 -1
    outer loop
      vertex 13.5198 -0.668121 -1.05
      vertex 13.5159 -0.460037 -1.05
      vertex 13.5446 -0.457245 -1.05
    endloop
  endfacet
  facet normal 0 0 -1
    outer loop
      vertex 13.5069 -0.665375 -1.05
      vertex 13.5159 -0.460037 -1.05
      vertex 13.5198 -0.668121 -1.05
    endloop
  endfacet
  facet normal 0 0 -1
    outer loop
      vertex 13.494 -0.662323 -1.05
      vertex 13.5159 -0.460037 -1.05
      vertex 13.5069 -0.665375 -1.05
    endloop
  endfacet
  facet normal 0 0 -1
    outer loop
      vertex 13.4666 -0.655548 -1.05
      vertex 13.5159 -0.460037 -1.05
      vertex 13.494 -0.662323 -1.05
    endloop
  endfacet
  facet normal -0 0 -1
    outer loop
      vertex 13.5159 -0.460037 -1.05
      vertex 13.4666 -0.655548 -1.05
      vertex 13.4954 -0.459549 -1.05
    endloop
  endfacet
  facet normal -0 0 -1
    outer loop
      vertex 13.4954 -0.459549 -1.05
      vertex 13.4666 -0.655548 -1.05
      vertex 13.4753 -0.458099 -1.05
    endloop
  endfacet
  facet normal 0 0 -1
    outer loop
      vertex 13.436 -0.648148 -1.05
      vertex 13.4753 -0.458099 -1.05
      vertex 13.4666 -0.655548 -1.05
    endloop
  endfacet
  facet normal -0 0 -1
    outer loop
      vertex 13.4753 -0.458099 -1.05
      vertex 13.436 -0.648148 -1.05
      vertex 13.4555 -0.455673 -1.05
    endloop
  endfacet
  facet normal -0 0 -1
    outer loop
      vertex 13.4555 -0.455673 -1.05
      vertex 13.436 -0.648148 -1.05
      vertex 13.436 -0.452301 -1.05
    endloop
  endfacet
  facet normal 0 0 -1
    outer loop
      vertex 16.363 -0.337631 -1.05
      vertex 16.9325 0.72789 -1.05
      vertex 16.5718 -0.666183 -1.05
    endloop
  endfacet
  facet normal -0 0 -1
    outer loop
      vertex 16.9325 0.72789 -1.05
      vertex 16.363 -0.337631 -1.05
      vertex 16.5924 0.72789 -1.05
    endloop
  endfacet
  facet normal 0 0 -1
    outer loop
      vertex 16.1891 -0.666183 -1.05
      vertex 16.345 -0.242294 -1.05
      vertex 16.363 -0.337631 -1.05
    endloop
  endfacet
  facet normal 0 0 -1
    outer loop
      vertex 16.1891 -0.666183 -1.05
      vertex 16.363 -0.337631 -1.05
      vertex 16.5718 -0.666183 -1.05
    endloop
  endfacet
  facet normal 0 0 -1
    outer loop
      vertex 15.9649 0.18161 -1.05
      vertex 16.345 -0.242294 -1.05
      vertex 16.1891 -0.666183 -1.05
    endloop
  endfacet
  facet normal 0 0 -1
    outer loop
      vertex 16.345 -0.242294 -1.05
      vertex 15.9649 0.18161 -1.05
      vertex 16.3128 -0.0915375 -1.05
    endloop
  endfacet
  facet normal 0 0 -1
    outer loop
      vertex 16.3128 -0.0915375 -1.05
      vertex 15.9649 0.18161 -1.05
      vertex 16.0938 0.72789 -1.05
    endloop
  endfacet
  facet normal 0 0 -1
    outer loop
      vertex 15.8979 0.470215 -1.05
      vertex 16.0938 0.72789 -1.05
      vertex 15.9649 0.18161 -1.05
    endloop
  endfacet
  facet normal 0 0 -1
    outer loop
      vertex 15.7059 0.72789 -1.05
      vertex 15.8772 0.366821 -1.05
      vertex 15.8602 0.284668 -1.05
    endloop
  endfacet
  facet normal 0 0 -1
    outer loop
      vertex 15.492 -0.0915375 -1.05
      vertex 15.8602 0.284668 -1.05
      vertex 15.8469 0.223785 -1.05
    endloop
  endfacet
  facet normal 0 0 -1
    outer loop
      vertex 15.492 -0.0915375 -1.05
      vertex 15.8469 0.223785 -1.05
      vertex 15.8373 0.184174 -1.05
    endloop
  endfacet
  facet normal 0 0 -1
    outer loop
      vertex 15.8979 0.470215 -1.05
      vertex 15.7059 0.72789 -1.05
      vertex 16.0938 0.72789 -1.05
    endloop
  endfacet
  facet normal 0 0 -1
    outer loop
      vertex 15.8772 0.366821 -1.05
      vertex 15.7059 0.72789 -1.05
      vertex 15.8979 0.470215 -1.05
    endloop
  endfacet
  facet normal 0 0 -1
    outer loop
      vertex 15.4698 -0.186569 -1.05
      vertex 15.8373 0.184174 -1.05
      vertex 15.6157 -0.666183 -1.05
    endloop
  endfacet
  facet normal -0 0 -1
    outer loop
      vertex 15.8602 0.284668 -1.05
      vertex 15.492 -0.0915375 -1.05
      vertex 15.7059 0.72789 -1.05
    endloop
  endfacet
  facet normal 0 0 -1
    outer loop
      vertex 15.8373 0.184174 -1.05
      vertex 15.482 -0.13205 -1.05
      vertex 15.492 -0.0915375 -1.05
    endloop
  endfacet
  facet normal 0 0 -1
    outer loop
      vertex 15.8373 0.184174 -1.05
      vertex 15.4698 -0.186569 -1.05
      vertex 15.482 -0.13205 -1.05
    endloop
  endfacet
  facet normal 0 0 -1
    outer loop
      vertex 15.6157 -0.666183 -1.05
      vertex 15.4556 -0.255096 -1.05
      vertex 15.4698 -0.186569 -1.05
    endloop
  endfacet
  facet normal 0 0 -1
    outer loop
      vertex 15.6157 -0.666183 -1.05
      vertex 15.4392 -0.337631 -1.05
      vertex 15.4556 -0.255096 -1.05
    endloop
  endfacet
  facet normal 0 0 -1
    outer loop
      vertex 15.2331 -0.666183 -1.05
      vertex 15.4392 -0.337631 -1.05
      vertex 15.6157 -0.666183 -1.05
    endloop
  endfacet
  facet normal 0 0 -1
    outer loop
      vertex 15.2331 -0.666183 -1.05
      vertex 15.4031 -0.167557 -1.05
      vertex 15.4392 -0.337631 -1.05
    endloop
  endfacet
  facet normal 0 0 -1
    outer loop
      vertex 14.8671 0.72789 -1.05
      vertex 15.4031 -0.167557 -1.05
      vertex 15.2331 -0.666183 -1.05
    endloop
  endfacet
  facet normal 0 0 -1
    outer loop
      vertex 15.4031 -0.167557 -1.05
      vertex 14.8671 0.72789 -1.05
      vertex 15.2022 0.72789 -1.05
    endloop
  endfacet
  facet normal 0 -1 0
    outer loop
      vertex 12.9408 1.24585 -1.4
      vertex 13.3028 1.24585 -1.05
      vertex 12.9408 1.24585 -1.05
    endloop
  endfacet
  facet normal 0 -1 -0
    outer loop
      vertex 13.3028 1.24585 -1.05
      vertex 12.9408 1.24585 -1.4
      vertex 13.3028 1.24585 -1.4
    endloop
  endfacet
  facet normal 1 -0 0
    outer loop
      vertex 12.9408 -0.666183 -1.05
      vertex 12.9408 1.24585 -1.4
      vertex 12.9408 1.24585 -1.05
    endloop
  endfacet
  facet normal 1 0 0
    outer loop
      vertex 12.9408 1.24585 -1.4
      vertex 12.9408 -0.666183 -1.05
      vertex 12.9408 -0.666183 -1.4
    endloop
  endfacet
  facet normal 0 1 -0
    outer loop
      vertex 13.3028 -0.666183 -1.4
      vertex 12.9408 -0.666183 -1.05
      vertex 13.3028 -0.666183 -1.05
    endloop
  endfacet
  facet normal 0 1 0
    outer loop
      vertex 12.9408 -0.666183 -1.05
      vertex 13.3028 -0.666183 -1.4
      vertex 12.9408 -0.666183 -1.4
    endloop
  endfacet
  facet normal -1 0 0
    outer loop
      vertex 13.3028 -0.666183 -1.4
      vertex 13.3028 1.24585 -1.05
      vertex 13.3028 1.24585 -1.4
    endloop
  endfacet
  facet normal -1 -0 0
    outer loop
      vertex 13.3028 1.24585 -1.05
      vertex 13.3028 -0.666183 -1.4
      vertex 13.3028 -0.666183 -1.05
    endloop
  endfacet
  facet normal 0 -1 0
    outer loop
      vertex 12.2248 1.24585 -1.4
      vertex 12.5869 1.24585 -1.05
      vertex 12.2248 1.24585 -1.05
    endloop
  endfacet
  facet normal 0 -1 -0
    outer loop
      vertex 12.5869 1.24585 -1.05
      vertex 12.2248 1.24585 -1.4
      vertex 12.5869 1.24585 -1.4
    endloop
  endfacet
  facet normal 1 -0 0
    outer loop
      vertex 12.2248 -0.666183 -1.05
      vertex 12.2248 1.24585 -1.4
      vertex 12.2248 1.24585 -1.05
    endloop
  endfacet
  facet normal 1 0 0
    outer loop
      vertex 12.2248 1.24585 -1.4
      vertex 12.2248 -0.666183 -1.05
      vertex 12.2248 -0.666183 -1.4
    endloop
  endfacet
  facet normal 0 1 -0
    outer loop
      vertex 12.5869 -0.666183 -1.4
      vertex 12.2248 -0.666183 -1.05
      vertex 12.5869 -0.666183 -1.05
    endloop
  endfacet
  facet normal 0 1 0
    outer loop
      vertex 12.2248 -0.666183 -1.05
      vertex 12.5869 -0.666183 -1.4
      vertex 12.2248 -0.666183 -1.4
    endloop
  endfacet
  facet normal -1 0 0
    outer loop
      vertex 12.5869 -0.666183 -1.4
      vertex 12.5869 1.24585 -1.05
      vertex 12.5869 1.24585 -1.4
    endloop
  endfacet
  facet normal -1 -0 0
    outer loop
      vertex 12.5869 1.24585 -1.05
      vertex 12.5869 -0.666183 -1.4
      vertex 12.5869 -0.666183 -1.05
    endloop
  endfacet
  facet normal -0.156575 0.987666 0
    outer loop
      vertex 23.5199 -0.661026 -1.4
      vertex 23.3736 -0.684219 -1.05
      vertex 23.5199 -0.661026 -1.05
    endloop
  endfacet
  facet normal -0.156575 0.987666 0
    outer loop
      vertex 23.3736 -0.684219 -1.05
      vertex 23.5199 -0.661026 -1.4
      vertex 23.3736 -0.684219 -1.4
    endloop
  endfacet
  facet normal -0.290108 0.956994 0
    outer loop
      vertex 23.6474 -0.622375 -1.4
      vertex 23.5199 -0.661026 -1.05
      vertex 23.6474 -0.622375 -1.05
    endloop
  endfacet
  facet normal -0.290108 0.956994 0
    outer loop
      vertex 23.5199 -0.661026 -1.05
      vertex 23.6474 -0.622375 -1.4
      vertex 23.5199 -0.661026 -1.4
    endloop
  endfacet
  facet normal -0.44604 0.895013 0
    outer loop
      vertex 23.756 -0.568253 -1.4
      vertex 23.6474 -0.622375 -1.05
      vertex 23.756 -0.568253 -1.05
    endloop
  endfacet
  facet normal -0.44604 0.895013 0
    outer loop
      vertex 23.6474 -0.622375 -1.05
      vertex 23.756 -0.568253 -1.4
      vertex 23.6474 -0.622375 -1.4
    endloop
  endfacet
  facet normal -0.611198 0.791478 0
    outer loop
      vertex 23.8464 -0.498444 -1.4
      vertex 23.756 -0.568253 -1.05
      vertex 23.8464 -0.498444 -1.05
    endloop
  endfacet
  facet normal -0.611198 0.791478 0
    outer loop
      vertex 23.756 -0.568253 -1.05
      vertex 23.8464 -0.498444 -1.4
      vertex 23.756 -0.568253 -1.4
    endloop
  endfacet
  facet normal -0.763275 0.646074 0
    outer loop
      vertex 23.8464 -0.498444 -1.4
      vertex 23.919 -0.412674 -1.05
      vertex 23.919 -0.412674 -1.4
    endloop
  endfacet
  facet normal -0.763275 0.646074 0
    outer loop
      vertex 23.919 -0.412674 -1.05
      vertex 23.8464 -0.498444 -1.4
      vertex 23.8464 -0.498444 -1.05
    endloop
  endfacet
  facet normal -0.879971 0.475028 0
    outer loop
      vertex 23.919 -0.412674 -1.4
      vertex 23.9739 -0.310974 -1.05
      vertex 23.9739 -0.310974 -1.4
    endloop
  endfacet
  facet normal -0.879971 0.475028 0
    outer loop
      vertex 23.9739 -0.310974 -1.05
      vertex 23.919 -0.412674 -1.4
      vertex 23.919 -0.412674 -1.05
    endloop
  endfacet
  facet normal -0.953469 0.301492 0
    outer loop
      vertex 23.9739 -0.310974 -1.4
      vertex 24.0111 -0.193329 -1.05
      vertex 24.0111 -0.193329 -1.4
    endloop
  endfacet
  facet normal -0.953469 0.301492 0
    outer loop
      vertex 24.0111 -0.193329 -1.05
      vertex 23.9739 -0.310974 -1.4
      vertex 23.9739 -0.310974 -1.05
    endloop
  endfacet
  facet normal -0.162731 -0.986671 0
    outer loop
      vertex 23.6439 -0.132767 -1.4
      vertex 24.0111 -0.193329 -1.05
      vertex 23.6439 -0.132767 -1.05
    endloop
  endfacet
  facet normal -0.162731 -0.986671 -0
    outer loop
      vertex 24.0111 -0.193329 -1.05
      vertex 23.6439 -0.132767 -1.4
      vertex 24.0111 -0.193329 -1.4
    endloop
  endfacet
  facet normal 0.945709 -0.325015 0
    outer loop
      vertex 23.6208 -0.199982 -1.05
      vertex 23.6439 -0.132767 -1.4
      vertex 23.6439 -0.132767 -1.05
    endloop
  endfacet
  facet normal 0.945709 -0.325015 0
    outer loop
      vertex 23.6439 -0.132767 -1.4
      vertex 23.6208 -0.199982 -1.05
      vertex 23.6208 -0.199982 -1.4
    endloop
  endfacet
  facet normal 0.873063 -0.487608 0
    outer loop
      vertex 23.5888 -0.257278 -1.05
      vertex 23.6208 -0.199982 -1.4
      vertex 23.6208 -0.199982 -1.05
    endloop
  endfacet
  facet normal 0.873063 -0.487608 0
    outer loop
      vertex 23.6208 -0.199982 -1.4
      vertex 23.5888 -0.257278 -1.05
      vertex 23.5888 -0.257278 -1.4
    endloop
  endfacet
  facet normal 0.757758 -0.652536 0
    outer loop
      vertex 23.548 -0.304657 -1.05
      vertex 23.5888 -0.257278 -1.4
      vertex 23.5888 -0.257278 -1.05
    endloop
  endfacet
  facet normal 0.757758 -0.652536 0
    outer loop
      vertex 23.5888 -0.257278 -1.4
      vertex 23.548 -0.304657 -1.05
      vertex 23.548 -0.304657 -1.4
    endloop
  endfacet
  facet normal 0.602218 -0.798332 0
    outer loop
      vertex 23.4983 -0.342148 -1.4
      vertex 23.548 -0.304657 -1.05
      vertex 23.4983 -0.342148 -1.05
    endloop
  endfacet
  facet normal 0.602218 -0.798332 0
    outer loop
      vertex 23.548 -0.304657 -1.05
      vertex 23.4983 -0.342148 -1.4
      vertex 23.548 -0.304657 -1.4
    endloop
  endfacet
  facet normal 0.432842 -0.90147 0
    outer loop
      vertex 23.439 -0.370621 -1.4
      vertex 23.4983 -0.342148 -1.05
      vertex 23.439 -0.370621 -1.05
    endloop
  endfacet
  facet normal 0.432842 -0.90147 0
    outer loop
      vertex 23.4983 -0.342148 -1.05
      vertex 23.439 -0.370621 -1.4
      vertex 23.4983 -0.342148 -1.4
    endloop
  endfacet
  facet normal 0.279565 -0.960127 0
    outer loop
      vertex 23.3692 -0.390945 -1.4
      vertex 23.439 -0.370621 -1.05
      vertex 23.3692 -0.390945 -1.05
    endloop
  endfacet
  facet normal 0.279565 -0.960127 0
    outer loop
      vertex 23.439 -0.370621 -1.05
      vertex 23.3692 -0.390945 -1.4
      vertex 23.439 -0.370621 -1.4
    endloop
  endfacet
  facet normal 0.15011 -0.988669 0
    outer loop
      vertex 23.2889 -0.403137 -1.4
      vertex 23.3692 -0.390945 -1.05
      vertex 23.2889 -0.403137 -1.05
    endloop
  endfacet
  facet normal 0.15011 -0.988669 0
    outer loop
      vertex 23.3692 -0.390945 -1.05
      vertex 23.2889 -0.403137 -1.4
      vertex 23.3692 -0.390945 -1.4
    endloop
  endfacet
  facet normal 0.0448227 -0.998995 0
    outer loop
      vertex 23.1981 -0.407211 -1.4
      vertex 23.2889 -0.403137 -1.05
      vertex 23.1981 -0.407211 -1.05
    endloop
  endfacet
  facet normal 0.0448227 -0.998995 0
    outer loop
      vertex 23.2889 -0.403137 -1.05
      vertex 23.1981 -0.407211 -1.4
      vertex 23.2889 -0.403137 -1.4
    endloop
  endfacet
  facet normal -0.0865625 -0.996246 0
    outer loop
      vertex 23.0239 -0.392075 -1.4
      vertex 23.1981 -0.407211 -1.05
      vertex 23.0239 -0.392075 -1.05
    endloop
  endfacet
  facet normal -0.0865625 -0.996246 -0
    outer loop
      vertex 23.1981 -0.407211 -1.05
      vertex 23.0239 -0.392075 -1.4
      vertex 23.1981 -0.407211 -1.4
    endloop
  endfacet
  facet normal -0.343007 -0.939333 0
    outer loop
      vertex 22.8995 -0.346649 -1.4
      vertex 23.0239 -0.392075 -1.05
      vertex 22.8995 -0.346649 -1.05
    endloop
  endfacet
  facet normal -0.343007 -0.939333 -0
    outer loop
      vertex 23.0239 -0.392075 -1.05
      vertex 22.8995 -0.346649 -1.4
      vertex 23.0239 -0.392075 -1.4
    endloop
  endfacet
  facet normal -0.712258 -0.701918 0
    outer loop
      vertex 22.8995 -0.346649 -1.4
      vertex 22.8249 -0.27095 -1.05
      vertex 22.8249 -0.27095 -1.4
    endloop
  endfacet
  facet normal -0.712258 -0.701918 0
    outer loop
      vertex 22.8249 -0.27095 -1.05
      vertex 22.8995 -0.346649 -1.4
      vertex 22.8995 -0.346649 -1.05
    endloop
  endfacet
  facet normal -0.973488 -0.228738 0
    outer loop
      vertex 22.8249 -0.27095 -1.4
      vertex 22.8 -0.164978 -1.05
      vertex 22.8 -0.164978 -1.4
    endloop
  endfacet
  facet normal -0.973488 -0.228738 0
    outer loop
      vertex 22.8 -0.164978 -1.05
      vertex 22.8249 -0.27095 -1.4
      vertex 22.8249 -0.27095 -1.05
    endloop
  endfacet
  facet normal -0.997142 0.0755472 0
    outer loop
      vertex 22.8 -0.164978 -1.4
      vertex 22.8028 -0.128021 -1.05
      vertex 22.8028 -0.128021 -1.4
    endloop
  endfacet
  facet normal -0.997142 0.0755472 0
    outer loop
      vertex 22.8028 -0.128021 -1.05
      vertex 22.8 -0.164978 -1.4
      vertex 22.8 -0.164978 -1.05
    endloop
  endfacet
  facet normal -0.968743 0.248067 0
    outer loop
      vertex 22.8028 -0.128021 -1.4
      vertex 22.8114 -0.0944366 -1.05
      vertex 22.8114 -0.0944366 -1.4
    endloop
  endfacet
  facet normal -0.968743 0.248067 0
    outer loop
      vertex 22.8114 -0.0944366 -1.05
      vertex 22.8028 -0.128021 -1.4
      vertex 22.8028 -0.128021 -1.05
    endloop
  endfacet
  facet normal -0.903783 0.427991 0
    outer loop
      vertex 22.8114 -0.0944366 -1.4
      vertex 22.8257 -0.0642395 -1.05
      vertex 22.8257 -0.0642395 -1.4
    endloop
  endfacet
  facet normal -0.903783 0.427991 0
    outer loop
      vertex 22.8257 -0.0642395 -1.05
      vertex 22.8114 -0.0944366 -1.4
      vertex 22.8114 -0.0944366 -1.05
    endloop
  endfacet
  facet normal -0.801537 0.597945 0
    outer loop
      vertex 22.8257 -0.0642395 -1.4
      vertex 22.8457 -0.0374298 -1.05
      vertex 22.8457 -0.0374298 -1.4
    endloop
  endfacet
  facet normal -0.801537 0.597945 0
    outer loop
      vertex 22.8457 -0.0374298 -1.05
      vertex 22.8257 -0.0642395 -1.4
      vertex 22.8257 -0.0642395 -1.05
    endloop
  endfacet
  facet normal -0.690834 0.723014 0
    outer loop
      vertex 22.8709 -0.0133514 -1.4
      vertex 22.8457 -0.0374298 -1.05
      vertex 22.8709 -0.0133514 -1.05
    endloop
  endfacet
  facet normal -0.690834 0.723014 0
    outer loop
      vertex 22.8457 -0.0374298 -1.05
      vertex 22.8709 -0.0133514 -1.4
      vertex 22.8457 -0.0374298 -1.4
    endloop
  endfacet
  facet normal -0.592169 0.805814 0
    outer loop
      vertex 22.9008 0.00862122 -1.4
      vertex 22.8709 -0.0133514 -1.05
      vertex 22.9008 0.00862122 -1.05
    endloop
  endfacet
  facet normal -0.592169 0.805814 0
    outer loop
      vertex 22.8709 -0.0133514 -1.05
      vertex 22.9008 0.00862122 -1.4
      vertex 22.8709 -0.0133514 -1.4
    endloop
  endfacet
  facet normal -0.49823 0.867045 0
    outer loop
      vertex 22.9354 0.0285034 -1.4
      vertex 22.9008 0.00862122 -1.05
      vertex 22.9354 0.0285034 -1.05
    endloop
  endfacet
  facet normal -0.49823 0.867045 0
    outer loop
      vertex 22.9008 0.00862122 -1.05
      vertex 22.9354 0.0285034 -1.4
      vertex 22.9008 0.00862122 -1.4
    endloop
  endfacet
  facet normal -0.413588 0.910464 0
    outer loop
      vertex 22.9746 0.0463104 -1.4
      vertex 22.9354 0.0285034 -1.05
      vertex 22.9746 0.0463104 -1.05
    endloop
  endfacet
  facet normal -0.413588 0.910464 0
    outer loop
      vertex 22.9354 0.0285034 -1.05
      vertex 22.9746 0.0463104 -1.4
      vertex 22.9354 0.0285034 -1.4
    endloop
  endfacet
  facet normal -0.326044 0.945355 0
    outer loop
      vertex 23.0257 0.0639343 -1.4
      vertex 22.9746 0.0463104 -1.05
      vertex 23.0257 0.0639343 -1.05
    endloop
  endfacet
  facet normal -0.326044 0.945355 0
    outer loop
      vertex 22.9746 0.0463104 -1.05
      vertex 23.0257 0.0639343 -1.4
      vertex 22.9746 0.0463104 -1.4
    endloop
  endfacet
  facet normal -0.266486 0.963839 0
    outer loop
      vertex 23.0959 0.0833435 -1.4
      vertex 23.0257 0.0639343 -1.05
      vertex 23.0959 0.0833435 -1.05
    endloop
  endfacet
  facet normal -0.266486 0.963839 0
    outer loop
      vertex 23.0257 0.0639343 -1.05
      vertex 23.0959 0.0833435 -1.4
      vertex 23.0257 0.0639343 -1.4
    endloop
  endfacet
  facet normal -0.231171 0.972913 0
    outer loop
      vertex 23.1851 0.104538 -1.4
      vertex 23.0959 0.0833435 -1.05
      vertex 23.1851 0.104538 -1.05
    endloop
  endfacet
  facet normal -0.231171 0.972913 0
    outer loop
      vertex 23.0959 0.0833435 -1.05
      vertex 23.1851 0.104538 -1.4
      vertex 23.0959 0.0833435 -1.4
    endloop
  endfacet
  facet normal -0.207116 0.978316 0
    outer loop
      vertex 23.2935 0.127487 -1.4
      vertex 23.1851 0.104538 -1.05
      vertex 23.2935 0.127487 -1.05
    endloop
  endfacet
  facet normal -0.207116 0.978316 0
    outer loop
      vertex 23.1851 0.104538 -1.05
      vertex 23.2935 0.127487 -1.4
      vertex 23.1851 0.104538 -1.4
    endloop
  endfacet
  facet normal -0.234497 0.972117 0
    outer loop
      vertex 23.3875 0.150162 -1.4
      vertex 23.2935 0.127487 -1.05
      vertex 23.3875 0.150162 -1.05
    endloop
  endfacet
  facet normal -0.234497 0.972117 0
    outer loop
      vertex 23.2935 0.127487 -1.05
      vertex 23.3875 0.150162 -1.4
      vertex 23.2935 0.127487 -1.4
    endloop
  endfacet
  facet normal -0.250341 0.968158 0
    outer loop
      vertex 23.4661 0.170486 -1.4
      vertex 23.3875 0.150162 -1.05
      vertex 23.4661 0.170486 -1.05
    endloop
  endfacet
  facet normal -0.250341 0.968158 0
    outer loop
      vertex 23.3875 0.150162 -1.05
      vertex 23.4661 0.170486 -1.4
      vertex 23.3875 0.150162 -1.4
    endloop
  endfacet
  facet normal -0.27379 0.961789 0
    outer loop
      vertex 23.5293 0.188477 -1.4
      vertex 23.4661 0.170486 -1.05
      vertex 23.5293 0.188477 -1.05
    endloop
  endfacet
  facet normal -0.27379 0.961789 0
    outer loop
      vertex 23.4661 0.170486 -1.05
      vertex 23.5293 0.188477 -1.4
      vertex 23.4661 0.170486 -1.4
    endloop
  endfacet
  facet normal -0.312423 0.949943 0
    outer loop
      vertex 23.5769 0.204132 -1.4
      vertex 23.5293 0.188477 -1.05
      vertex 23.5769 0.204132 -1.05
    endloop
  endfacet
  facet normal -0.312423 0.949943 0
    outer loop
      vertex 23.5293 0.188477 -1.05
      vertex 23.5769 0.204132 -1.4
      vertex 23.5293 0.188477 -1.4
    endloop
  endfacet
  facet normal -0.362142 0.932123 0
    outer loop
      vertex 23.6159 0.219284 -1.4
      vertex 23.5769 0.204132 -1.05
      vertex 23.6159 0.219284 -1.05
    endloop
  endfacet
  facet normal -0.362142 0.932123 0
    outer loop
      vertex 23.5769 0.204132 -1.05
      vertex 23.6159 0.219284 -1.4
      vertex 23.5769 0.204132 -1.4
    endloop
  endfacet
  facet normal -0.404699 0.91445 0
    outer loop
      vertex 23.653 0.235703 -1.4
      vertex 23.6159 0.219284 -1.05
      vertex 23.653 0.235703 -1.05
    endloop
  endfacet
  facet normal -0.404699 0.91445 0
    outer loop
      vertex 23.6159 0.219284 -1.05
      vertex 23.653 0.235703 -1.4
      vertex 23.6159 0.219284 -1.4
    endloop
  endfacet
  facet normal -0.450568 0.892742 0
    outer loop
      vertex 23.6881 0.253418 -1.4
      vertex 23.653 0.235703 -1.05
      vertex 23.6881 0.253418 -1.05
    endloop
  endfacet
  facet normal -0.450568 0.892742 0
    outer loop
      vertex 23.653 0.235703 -1.05
      vertex 23.6881 0.253418 -1.4
      vertex 23.653 0.235703 -1.4
    endloop
  endfacet
  facet normal -0.498067 0.867138 0
    outer loop
      vertex 23.7212 0.27243 -1.4
      vertex 23.6881 0.253418 -1.05
      vertex 23.7212 0.27243 -1.05
    endloop
  endfacet
  facet normal -0.498067 0.867138 0
    outer loop
      vertex 23.6881 0.253418 -1.05
      vertex 23.7212 0.27243 -1.4
      vertex 23.6881 0.253418 -1.4
    endloop
  endfacet
  facet normal -0.554595 0.83212 0
    outer loop
      vertex 23.7522 0.293091 -1.4
      vertex 23.7212 0.27243 -1.05
      vertex 23.7522 0.293091 -1.05
    endloop
  endfacet
  facet normal -0.554595 0.83212 0
    outer loop
      vertex 23.7212 0.27243 -1.05
      vertex 23.7522 0.293091 -1.4
      vertex 23.7212 0.27243 -1.4
    endloop
  endfacet
  facet normal -0.621247 0.783615 0
    outer loop
      vertex 23.7808 0.315765 -1.4
      vertex 23.7522 0.293091 -1.05
      vertex 23.7808 0.315765 -1.05
    endloop
  endfacet
  facet normal -0.621247 0.783615 0
    outer loop
      vertex 23.7522 0.293091 -1.05
      vertex 23.7808 0.315765 -1.4
      vertex 23.7522 0.293091 -1.4
    endloop
  endfacet
  facet normal -0.685588 0.727989 0
    outer loop
      vertex 23.807 0.340439 -1.4
      vertex 23.7808 0.315765 -1.05
      vertex 23.807 0.340439 -1.05
    endloop
  endfacet
  facet normal -0.685588 0.727989 0
    outer loop
      vertex 23.7808 0.315765 -1.05
      vertex 23.807 0.340439 -1.4
      vertex 23.7808 0.315765 -1.4
    endloop
  endfacet
  facet normal -0.74652 0.665363 0
    outer loop
      vertex 23.807 0.340439 -1.4
      vertex 23.8308 0.367142 -1.05
      vertex 23.8308 0.367142 -1.4
    endloop
  endfacet
  facet normal -0.74652 0.665363 0
    outer loop
      vertex 23.8308 0.367142 -1.05
      vertex 23.807 0.340439 -1.4
      vertex 23.807 0.340439 -1.05
    endloop
  endfacet
  facet normal -0.804986 0.593294 0
    outer loop
      vertex 23.8308 0.367142 -1.4
      vertex 23.8521 0.396042 -1.05
      vertex 23.8521 0.396042 -1.4
    endloop
  endfacet
  facet normal -0.804986 0.593294 0
    outer loop
      vertex 23.8521 0.396042 -1.05
      vertex 23.8308 0.367142 -1.4
      vertex 23.8308 0.367142 -1.05
    endloop
  endfacet
  facet normal -0.85744 0.514584 0
    outer loop
      vertex 23.8521 0.396042 -1.4
      vertex 23.8709 0.427368 -1.05
      vertex 23.8709 0.427368 -1.4
    endloop
  endfacet
  facet normal -0.85744 0.514584 0
    outer loop
      vertex 23.8709 0.427368 -1.05
      vertex 23.8521 0.396042 -1.4
      vertex 23.8521 0.396042 -1.05
    endloop
  endfacet
  facet normal -0.901538 0.4327 0
    outer loop
      vertex 23.8709 0.427368 -1.4
      vertex 23.8871 0.461121 -1.05
      vertex 23.8871 0.461121 -1.4
    endloop
  endfacet
  facet normal -0.901538 0.4327 0
    outer loop
      vertex 23.8871 0.461121 -1.05
      vertex 23.8709 0.427368 -1.4
      vertex 23.8709 0.427368 -1.05
    endloop
  endfacet
  facet normal -0.933372 0.35891 0
    outer loop
      vertex 23.8871 0.461121 -1.4
      vertex 23.901 0.497269 -1.05
      vertex 23.901 0.497269 -1.4
    endloop
  endfacet
  facet normal -0.933372 0.35891 0
    outer loop
      vertex 23.901 0.497269 -1.05
      vertex 23.8871 0.461121 -1.4
      vertex 23.8871 0.461121 -1.05
    endloop
  endfacet
  facet normal -0.962597 0.270937 0
    outer loop
      vertex 23.901 0.497269 -1.4
      vertex 23.9119 0.535995 -1.05
      vertex 23.9119 0.535995 -1.4
    endloop
  endfacet
  facet normal -0.962597 0.270937 0
    outer loop
      vertex 23.9119 0.535995 -1.05
      vertex 23.901 0.497269 -1.4
      vertex 23.901 0.497269 -1.05
    endloop
  endfacet
  facet normal -0.982338 0.187116 0
    outer loop
      vertex 23.9119 0.535995 -1.4
      vertex 23.9198 0.577469 -1.05
      vertex 23.9198 0.577469 -1.4
    endloop
  endfacet
  facet normal -0.982338 0.187116 0
    outer loop
      vertex 23.9198 0.577469 -1.05
      vertex 23.9119 0.535995 -1.4
      vertex 23.9119 0.535995 -1.05
    endloop
  endfacet
  facet normal -0.994399 0.105691 0
    outer loop
      vertex 23.9198 0.577469 -1.4
      vertex 23.9245 0.621689 -1.05
      vertex 23.9245 0.621689 -1.4
    endloop
  endfacet
  facet normal -0.994399 0.105691 0
    outer loop
      vertex 23.9245 0.621689 -1.05
      vertex 23.9198 0.577469 -1.4
      vertex 23.9198 0.577469 -1.05
    endloop
  endfacet
  facet normal -0.999419 0.0340692 0
    outer loop
      vertex 23.9245 0.621689 -1.4
      vertex 23.9261 0.668625 -1.05
      vertex 23.9261 0.668625 -1.4
    endloop
  endfacet
  facet normal -0.999419 0.0340692 0
    outer loop
      vertex 23.9261 0.668625 -1.05
      vertex 23.9245 0.621689 -1.4
      vertex 23.9245 0.621689 -1.05
    endloop
  endfacet
  facet normal -0.995024 -0.0996355 0
    outer loop
      vertex 23.9261 0.668625 -1.4
      vertex 23.9145 0.78447 -1.05
      vertex 23.9145 0.78447 -1.4
    endloop
  endfacet
  facet normal -0.995024 -0.0996355 0
    outer loop
      vertex 23.9145 0.78447 -1.05
      vertex 23.9261 0.668625 -1.4
      vertex 23.9261 0.668625 -1.05
    endloop
  endfacet
  facet normal -0.946444 -0.322869 0
    outer loop
      vertex 23.9145 0.78447 -1.4
      vertex 23.8799 0.885895 -1.05
      vertex 23.8799 0.885895 -1.4
    endloop
  endfacet
  facet normal -0.946444 -0.322869 0
    outer loop
      vertex 23.8799 0.885895 -1.05
      vertex 23.9145 0.78447 -1.4
      vertex 23.9145 0.78447 -1.05
    endloop
  endfacet
  facet normal -0.832948 -0.553352 0
    outer loop
      vertex 23.8799 0.885895 -1.4
      vertex 23.8221 0.9729 -1.05
      vertex 23.8221 0.9729 -1.4
    endloop
  endfacet
  facet normal -0.832948 -0.553352 0
    outer loop
      vertex 23.8221 0.9729 -1.05
      vertex 23.8799 0.885895 -1.4
      vertex 23.8799 0.885895 -1.05
    endloop
  endfacet
  facet normal -0.667897 -0.744254 0
    outer loop
      vertex 23.7412 1.0455 -1.4
      vertex 23.8221 0.9729 -1.05
      vertex 23.7412 1.0455 -1.05
    endloop
  endfacet
  facet normal -0.667897 -0.744254 -0
    outer loop
      vertex 23.8221 0.9729 -1.05
      vertex 23.7412 1.0455 -1.4
      vertex 23.8221 0.9729 -1.4
    endloop
  endfacet
  facet normal -0.485564 -0.874201 0
    outer loop
      vertex 23.6382 1.10271 -1.4
      vertex 23.7412 1.0455 -1.05
      vertex 23.6382 1.10271 -1.05
    endloop
  endfacet
  facet normal -0.485564 -0.874201 -0
    outer loop
      vertex 23.7412 1.0455 -1.05
      vertex 23.6382 1.10271 -1.4
      vertex 23.7412 1.0455 -1.4
    endloop
  endfacet
  facet normal -0.313329 -0.949645 0
    outer loop
      vertex 23.5143 1.14359 -1.4
      vertex 23.6382 1.10271 -1.05
      vertex 23.5143 1.14359 -1.05
    endloop
  endfacet
  facet normal -0.313329 -0.949645 -0
    outer loop
      vertex 23.6382 1.10271 -1.05
      vertex 23.5143 1.14359 -1.4
      vertex 23.6382 1.10271 -1.4
    endloop
  endfacet
  facet normal -0.166736 -0.986002 0
    outer loop
      vertex 23.3693 1.16811 -1.4
      vertex 23.5143 1.14359 -1.05
      vertex 23.3693 1.16811 -1.05
    endloop
  endfacet
  facet normal -0.166736 -0.986002 -0
    outer loop
      vertex 23.5143 1.14359 -1.05
      vertex 23.3693 1.16811 -1.4
      vertex 23.5143 1.14359 -1.4
    endloop
  endfacet
  facet normal -0.0490973 -0.998794 0
    outer loop
      vertex 23.2033 1.17627 -1.4
      vertex 23.3693 1.16811 -1.05
      vertex 23.2033 1.17627 -1.05
    endloop
  endfacet
  facet normal -0.0490973 -0.998794 -0
    outer loop
      vertex 23.3693 1.16811 -1.05
      vertex 23.2033 1.17627 -1.4
      vertex 23.3693 1.16811 -1.4
    endloop
  endfacet
  facet normal 0.0417198 -0.999129 0
    outer loop
      vertex 23.045 1.16966 -1.4
      vertex 23.2033 1.17627 -1.05
      vertex 23.045 1.16966 -1.05
    endloop
  endfacet
  facet normal 0.0417198 -0.999129 0
    outer loop
      vertex 23.2033 1.17627 -1.05
      vertex 23.045 1.16966 -1.4
      vertex 23.2033 1.17627 -1.4
    endloop
  endfacet
  facet normal 0.142733 -0.989761 0
    outer loop
      vertex 22.9077 1.14986 -1.4
      vertex 23.045 1.16966 -1.05
      vertex 22.9077 1.14986 -1.05
    endloop
  endfacet
  facet normal 0.142733 -0.989761 0
    outer loop
      vertex 23.045 1.16966 -1.05
      vertex 22.9077 1.14986 -1.4
      vertex 23.045 1.16966 -1.4
    endloop
  endfacet
  facet normal 0.273343 -0.961917 0
    outer loop
      vertex 22.7915 1.11684 -1.4
      vertex 22.9077 1.14986 -1.05
      vertex 22.7915 1.11684 -1.05
    endloop
  endfacet
  facet normal 0.273343 -0.961917 0
    outer loop
      vertex 22.9077 1.14986 -1.05
      vertex 22.7915 1.11684 -1.4
      vertex 22.9077 1.14986 -1.4
    endloop
  endfacet
  facet normal 0.436751 -0.899582 0
    outer loop
      vertex 22.6963 1.07062 -1.4
      vertex 22.7915 1.11684 -1.05
      vertex 22.6963 1.07062 -1.05
    endloop
  endfacet
  facet normal 0.436751 -0.899582 0
    outer loop
      vertex 22.7915 1.11684 -1.05
      vertex 22.6963 1.07062 -1.4
      vertex 22.7915 1.11684 -1.4
    endloop
  endfacet
  facet normal 0.622777 -0.782399 0
    outer loop
      vertex 22.6191 1.00917 -1.4
      vertex 22.6963 1.07062 -1.05
      vertex 22.6191 1.00917 -1.05
    endloop
  endfacet
  facet normal 0.622777 -0.782399 0
    outer loop
      vertex 22.6963 1.07062 -1.05
      vertex 22.6191 1.00917 -1.4
      vertex 22.6963 1.07062 -1.4
    endloop
  endfacet
  facet normal 0.784936 -0.619576 0
    outer loop
      vertex 22.557 0.930496 -1.05
      vertex 22.6191 1.00917 -1.4
      vertex 22.6191 1.00917 -1.05
    endloop
  endfacet
  facet normal 0.784936 -0.619576 0
    outer loop
      vertex 22.6191 1.00917 -1.4
      vertex 22.557 0.930496 -1.05
      vertex 22.557 0.930496 -1.4
    endloop
  endfacet
  facet normal 0.897589 -0.440834 0
    outer loop
      vertex 22.5099 0.834595 -1.05
      vertex 22.557 0.930496 -1.4
      vertex 22.557 0.930496 -1.05
    endloop
  endfacet
  facet normal 0.897589 -0.440834 0
    outer loop
      vertex 22.557 0.930496 -1.4
      vertex 22.5099 0.834595 -1.05
      vertex 22.5099 0.834595 -1.4
    endloop
  endfacet
  facet normal 0.962255 -0.27215 0
    outer loop
      vertex 22.4779 0.721451 -1.05
      vertex 22.5099 0.834595 -1.4
      vertex 22.5099 0.834595 -1.05
    endloop
  endfacet
  facet normal 0.962255 -0.27215 0
    outer loop
      vertex 22.5099 0.834595 -1.4
      vertex 22.4779 0.721451 -1.05
      vertex 22.4779 0.721451 -1.4
    endloop
  endfacet
  facet normal 0.135148 0.990825 -0
    outer loop
      vertex 22.8464 0.671188 -1.4
      vertex 22.4779 0.721451 -1.05
      vertex 22.8464 0.671188 -1.05
    endloop
  endfacet
  facet normal 0.135148 0.990825 0
    outer loop
      vertex 22.4779 0.721451 -1.05
      vertex 22.8464 0.671188 -1.4
      vertex 22.4779 0.721451 -1.4
    endloop
  endfacet
  facet normal -0.951428 0.307872 0
    outer loop
      vertex 22.8464 0.671188 -1.4
      vertex 22.8642 0.726196 -1.05
      vertex 22.8642 0.726196 -1.4
    endloop
  endfacet
  facet normal -0.951428 0.307872 0
    outer loop
      vertex 22.8642 0.726196 -1.05
      vertex 22.8464 0.671188 -1.4
      vertex 22.8464 0.671188 -1.05
    endloop
  endfacet
  facet normal -0.884375 0.466777 0
    outer loop
      vertex 22.8642 0.726196 -1.4
      vertex 22.8894 0.773941 -1.05
      vertex 22.8894 0.773941 -1.4
    endloop
  endfacet
  facet normal -0.884375 0.466777 0
    outer loop
      vertex 22.8894 0.773941 -1.05
      vertex 22.8642 0.726196 -1.4
      vertex 22.8642 0.726196 -1.05
    endloop
  endfacet
  facet normal -0.780019 0.625756 0
    outer loop
      vertex 22.8894 0.773941 -1.4
      vertex 22.9219 0.814453 -1.05
      vertex 22.9219 0.814453 -1.4
    endloop
  endfacet
  facet normal -0.780019 0.625756 0
    outer loop
      vertex 22.9219 0.814453 -1.05
      vertex 22.8894 0.773941 -1.4
      vertex 22.8894 0.773941 -1.05
    endloop
  endfacet
  facet normal -0.641121 0.76744 0
    outer loop
      vertex 22.9617 0.847702 -1.4
      vertex 22.9219 0.814453 -1.05
      vertex 22.9617 0.847702 -1.05
    endloop
  endfacet
  facet normal -0.641121 0.76744 0
    outer loop
      vertex 22.9219 0.814453 -1.05
      vertex 22.9617 0.847702 -1.4
      vertex 22.9219 0.814453 -1.4
    endloop
  endfacet
  facet normal -0.473904 0.880577 0
    outer loop
      vertex 23.0099 0.873642 -1.4
      vertex 22.9617 0.847702 -1.05
      vertex 23.0099 0.873642 -1.05
    endloop
  endfacet
  facet normal -0.473904 0.880577 0
    outer loop
      vertex 22.9617 0.847702 -1.05
      vertex 23.0099 0.873642 -1.4
      vertex 22.9617 0.847702 -1.4
    endloop
  endfacet
  facet normal -0.306155 0.951982 0
    outer loop
      vertex 23.0675 0.892166 -1.4
      vertex 23.0099 0.873642 -1.05
      vertex 23.0675 0.892166 -1.05
    endloop
  endfacet
  facet normal -0.306155 0.951982 0
    outer loop
      vertex 23.0099 0.873642 -1.05
      vertex 23.0675 0.892166 -1.4
      vertex 23.0099 0.873642 -1.4
    endloop
  endfacet
  facet normal -0.163573 0.986531 0
    outer loop
      vertex 23.1345 0.903275 -1.4
      vertex 23.0675 0.892166 -1.05
      vertex 23.1345 0.903275 -1.05
    endloop
  endfacet
  facet normal -0.163573 0.986531 0
    outer loop
      vertex 23.0675 0.892166 -1.05
      vertex 23.1345 0.903275 -1.4
      vertex 23.0675 0.892166 -1.4
    endloop
  endfacet
  facet normal -0.0484007 0.998828 0
    outer loop
      vertex 23.211 0.906982 -1.4
      vertex 23.1345 0.903275 -1.05
      vertex 23.211 0.906982 -1.05
    endloop
  endfacet
  facet normal -0.0484007 0.998828 0
    outer loop
      vertex 23.1345 0.903275 -1.05
      vertex 23.211 0.906982 -1.4
      vertex 23.1345 0.903275 -1.4
    endloop
  endfacet
  facet normal 0.0891146 0.996021 -0
    outer loop
      vertex 23.3621 0.893463 -1.4
      vertex 23.211 0.906982 -1.05
      vertex 23.3621 0.893463 -1.05
    endloop
  endfacet
  facet normal 0.0891146 0.996021 0
    outer loop
      vertex 23.211 0.906982 -1.05
      vertex 23.3621 0.893463 -1.4
      vertex 23.211 0.906982 -1.4
    endloop
  endfacet
  facet normal 0.352078 0.935971 -0
    outer loop
      vertex 23.47 0.852875 -1.4
      vertex 23.3621 0.893463 -1.05
      vertex 23.47 0.852875 -1.05
    endloop
  endfacet
  facet normal 0.352078 0.935971 0
    outer loop
      vertex 23.3621 0.893463 -1.05
      vertex 23.47 0.852875 -1.4
      vertex 23.3621 0.893463 -1.4
    endloop
  endfacet
  facet normal 0.722647 0.691217 0
    outer loop
      vertex 23.5347 0.785233 -1.05
      vertex 23.47 0.852875 -1.4
      vertex 23.47 0.852875 -1.05
    endloop
  endfacet
  facet normal 0.722647 0.691217 0
    outer loop
      vertex 23.47 0.852875 -1.4
      vertex 23.5347 0.785233 -1.05
      vertex 23.5347 0.785233 -1.4
    endloop
  endfacet
  facet normal 0.974959 0.222384 0
    outer loop
      vertex 23.5563 0.690536 -1.05
      vertex 23.5347 0.785233 -1.4
      vertex 23.5347 0.785233 -1.05
    endloop
  endfacet
  facet normal 0.974959 0.222384 0
    outer loop
      vertex 23.5347 0.785233 -1.4
      vertex 23.5563 0.690536 -1.05
      vertex 23.5563 0.690536 -1.4
    endloop
  endfacet
  facet normal 0.997697 -0.0678344 0
    outer loop
      vertex 23.554 0.656708 -1.05
      vertex 23.5563 0.690536 -1.4
      vertex 23.5563 0.690536 -1.05
    endloop
  endfacet
  facet normal 0.997697 -0.0678344 0
    outer loop
      vertex 23.5563 0.690536 -1.4
      vertex 23.554 0.656708 -1.05
      vertex 23.554 0.656708 -1.4
    endloop
  endfacet
  facet normal 0.975498 -0.220008 0
    outer loop
      vertex 23.5471 0.626114 -1.05
      vertex 23.554 0.656708 -1.4
      vertex 23.554 0.656708 -1.05
    endloop
  endfacet
  facet normal 0.975498 -0.220008 0
    outer loop
      vertex 23.554 0.656708 -1.4
      vertex 23.5471 0.626114 -1.05
      vertex 23.5471 0.626114 -1.4
    endloop
  endfacet
  facet normal 0.922028 -0.387124 0
    outer loop
      vertex 23.5356 0.598724 -1.05
      vertex 23.5471 0.626114 -1.4
      vertex 23.5471 0.626114 -1.05
    endloop
  endfacet
  facet normal 0.922028 -0.387124 0
    outer loop
      vertex 23.5471 0.626114 -1.4
      vertex 23.5356 0.598724 -1.05
      vertex 23.5356 0.598724 -1.4
    endloop
  endfacet
  facet normal 0.83385 -0.55199 0
    outer loop
      vertex 23.5196 0.574554 -1.05
      vertex 23.5356 0.598724 -1.4
      vertex 23.5356 0.598724 -1.05
    endloop
  endfacet
  facet normal 0.83385 -0.55199 0
    outer loop
      vertex 23.5356 0.598724 -1.4
      vertex 23.5196 0.574554 -1.05
      vertex 23.5196 0.574554 -1.4
    endloop
  endfacet
  facet normal 0.725218 -0.688519 0
    outer loop
      vertex 23.499 0.552856 -1.05
      vertex 23.5196 0.574554 -1.4
      vertex 23.5196 0.574554 -1.05
    endloop
  endfacet
  facet normal 0.725218 -0.688519 0
    outer loop
      vertex 23.5196 0.574554 -1.4
      vertex 23.499 0.552856 -1.05
      vertex 23.499 0.552856 -1.4
    endloop
  endfacet
  facet normal 0.624771 -0.780808 0
    outer loop
      vertex 23.474 0.532852 -1.4
      vertex 23.499 0.552856 -1.05
      vertex 23.474 0.532852 -1.05
    endloop
  endfacet
  facet normal 0.624771 -0.780808 0
    outer loop
      vertex 23.499 0.552856 -1.05
      vertex 23.474 0.532852 -1.4
      vertex 23.499 0.552856 -1.4
    endloop
  endfacet
  facet normal 0.528981 -0.848633 0
    outer loop
      vertex 23.4446 0.514526 -1.4
      vertex 23.474 0.532852 -1.05
      vertex 23.4446 0.514526 -1.05
    endloop
  endfacet
  facet normal 0.528981 -0.848633 0
    outer loop
      vertex 23.474 0.532852 -1.05
      vertex 23.4446 0.514526 -1.4
      vertex 23.474 0.532852 -1.4
    endloop
  endfacet
  facet normal 0.440464 -0.89777 0
    outer loop
      vertex 23.4107 0.497894 -1.4
      vertex 23.4446 0.514526 -1.05
      vertex 23.4107 0.497894 -1.05
    endloop
  endfacet
  facet normal 0.440464 -0.89777 0
    outer loop
      vertex 23.4446 0.514526 -1.05
      vertex 23.4107 0.497894 -1.4
      vertex 23.4446 0.514526 -1.4
    endloop
  endfacet
  facet normal 0.347428 -0.937707 0
    outer loop
      vertex 23.3654 0.48111 -1.4
      vertex 23.4107 0.497894 -1.05
      vertex 23.3654 0.48111 -1.05
    endloop
  endfacet
  facet normal 0.347428 -0.937707 0
    outer loop
      vertex 23.4107 0.497894 -1.05
      vertex 23.3654 0.48111 -1.4
      vertex 23.4107 0.497894 -1.4
    endloop
  endfacet
  facet normal 0.282234 -0.959346 0
    outer loop
      vertex 23.3015 0.462311 -1.4
      vertex 23.3654 0.48111 -1.05
      vertex 23.3015 0.462311 -1.05
    endloop
  endfacet
  facet normal 0.282234 -0.959346 0
    outer loop
      vertex 23.3654 0.48111 -1.05
      vertex 23.3015 0.462311 -1.4
      vertex 23.3654 0.48111 -1.4
    endloop
  endfacet
  facet normal 0.244894 -0.96955 0
    outer loop
      vertex 23.2191 0.441498 -1.4
      vertex 23.3015 0.462311 -1.05
      vertex 23.2191 0.441498 -1.05
    endloop
  endfacet
  facet normal 0.244894 -0.96955 0
    outer loop
      vertex 23.3015 0.462311 -1.05
      vertex 23.2191 0.441498 -1.4
      vertex 23.3015 0.462311 -1.4
    endloop
  endfacet
  facet normal 0.220658 -0.975351 0
    outer loop
      vertex 23.1182 0.418671 -1.4
      vertex 23.2191 0.441498 -1.05
      vertex 23.1182 0.418671 -1.05
    endloop
  endfacet
  facet normal 0.220658 -0.975351 0
    outer loop
      vertex 23.2191 0.441498 -1.05
      vertex 23.1182 0.418671 -1.4
      vertex 23.2191 0.441498 -1.4
    endloop
  endfacet
  facet normal 0.218449 -0.975848 0
    outer loop
      vertex 22.9968 0.391495 -1.4
      vertex 23.1182 0.418671 -1.05
      vertex 22.9968 0.391495 -1.05
    endloop
  endfacet
  facet normal 0.218449 -0.975848 0
    outer loop
      vertex 23.1182 0.418671 -1.05
      vertex 22.9968 0.391495 -1.4
      vertex 23.1182 0.418671 -1.4
    endloop
  endfacet
  facet normal 0.246204 -0.969218 0
    outer loop
      vertex 22.8939 0.365356 -1.4
      vertex 22.9968 0.391495 -1.05
      vertex 22.8939 0.365356 -1.05
    endloop
  endfacet
  facet normal 0.246204 -0.969218 0
    outer loop
      vertex 22.9968 0.391495 -1.05
      vertex 22.8939 0.365356 -1.4
      vertex 22.9968 0.391495 -1.4
    endloop
  endfacet
  facet normal 0.285209 -0.958465 0
    outer loop
      vertex 22.8096 0.340271 -1.4
      vertex 22.8939 0.365356 -1.05
      vertex 22.8096 0.340271 -1.05
    endloop
  endfacet
  facet normal 0.285209 -0.958465 0
    outer loop
      vertex 22.8939 0.365356 -1.05
      vertex 22.8096 0.340271 -1.4
      vertex 22.8939 0.365356 -1.4
    endloop
  endfacet
  facet normal 0.343998 -0.93897 0
    outer loop
      vertex 22.744 0.316238 -1.4
      vertex 22.8096 0.340271 -1.05
      vertex 22.744 0.316238 -1.05
    endloop
  endfacet
  facet normal 0.343998 -0.93897 0
    outer loop
      vertex 22.8096 0.340271 -1.05
      vertex 22.744 0.316238 -1.4
      vertex 22.8096 0.340271 -1.4
    endloop
  endfacet
  facet normal 0.416011 -0.90936 0
    outer loop
      vertex 22.6905 0.291763 -1.4
      vertex 22.744 0.316238 -1.05
      vertex 22.6905 0.291763 -1.05
    endloop
  endfacet
  facet normal 0.416011 -0.90936 0
    outer loop
      vertex 22.744 0.316238 -1.05
      vertex 22.6905 0.291763 -1.4
      vertex 22.744 0.316238 -1.4
    endloop
  endfacet
  facet normal 0.485982 -0.873969 0
    outer loop
      vertex 22.643 0.26535 -1.4
      vertex 22.6905 0.291763 -1.05
      vertex 22.643 0.26535 -1.05
    endloop
  endfacet
  facet normal 0.485982 -0.873969 0
    outer loop
      vertex 22.6905 0.291763 -1.05
      vertex 22.643 0.26535 -1.4
      vertex 22.6905 0.291763 -1.4
    endloop
  endfacet
  facet normal 0.562229 -0.826982 0
    outer loop
      vertex 22.6013 0.237 -1.4
      vertex 22.643 0.26535 -1.05
      vertex 22.6013 0.237 -1.05
    endloop
  endfacet
  facet normal 0.562229 -0.826982 0
    outer loop
      vertex 22.643 0.26535 -1.05
      vertex 22.6013 0.237 -1.4
      vertex 22.643 0.26535 -1.4
    endloop
  endfacet
  facet normal 0.645715 -0.763579 0
    outer loop
      vertex 22.5655 0.206726 -1.4
      vertex 22.6013 0.237 -1.05
      vertex 22.5655 0.206726 -1.05
    endloop
  endfacet
  facet normal 0.645715 -0.763579 0
    outer loop
      vertex 22.6013 0.237 -1.05
      vertex 22.5655 0.206726 -1.4
      vertex 22.6013 0.237 -1.4
    endloop
  endfacet
  facet normal 0.727624 -0.685977 0
    outer loop
      vertex 22.5346 0.17395 -1.05
      vertex 22.5655 0.206726 -1.4
      vertex 22.5655 0.206726 -1.05
    endloop
  endfacet
  facet normal 0.727624 -0.685977 0
    outer loop
      vertex 22.5655 0.206726 -1.4
      vertex 22.5346 0.17395 -1.05
      vertex 22.5346 0.17395 -1.4
    endloop
  endfacet
  facet normal 0.797668 -0.603097 0
    outer loop
      vertex 22.5075 0.138107 -1.05
      vertex 22.5346 0.17395 -1.4
      vertex 22.5346 0.17395 -1.05
    endloop
  endfacet
  facet normal 0.797668 -0.603097 0
    outer loop
      vertex 22.5346 0.17395 -1.4
      vertex 22.5075 0.138107 -1.05
      vertex 22.5075 0.138107 -1.4
    endloop
  endfacet
  facet normal 0.858821 -0.512276 0
    outer loop
      vertex 22.4843 0.0992126 -1.05
      vertex 22.5075 0.138107 -1.4
      vertex 22.5075 0.138107 -1.05
    endloop
  endfacet
  facet normal 0.858821 -0.512276 0
    outer loop
      vertex 22.5075 0.138107 -1.4
      vertex 22.4843 0.0992126 -1.05
      vertex 22.4843 0.0992126 -1.4
    endloop
  endfacet
  facet normal 0.90851 -0.417864 0
    outer loop
      vertex 22.465 0.057251 -1.05
      vertex 22.4843 0.0992126 -1.4
      vertex 22.4843 0.0992126 -1.05
    endloop
  endfacet
  facet normal 0.90851 -0.417864 0
    outer loop
      vertex 22.4843 0.0992126 -1.4
      vertex 22.465 0.057251 -1.05
      vertex 22.465 0.057251 -1.4
    endloop
  endfacet
  facet normal 0.947703 -0.319152 0
    outer loop
      vertex 22.4498 0.0121155 -1.05
      vertex 22.465 0.057251 -1.4
      vertex 22.465 0.057251 -1.05
    endloop
  endfacet
  facet normal 0.947703 -0.319152 0
    outer loop
      vertex 22.465 0.057251 -1.4
      vertex 22.4498 0.0121155 -1.05
      vertex 22.4498 0.0121155 -1.4
    endloop
  endfacet
  facet normal 0.975582 -0.219634 0
    outer loop
      vertex 22.4389 -0.0363007 -1.05
      vertex 22.4498 0.0121155 -1.4
      vertex 22.4498 0.0121155 -1.05
    endloop
  endfacet
  facet normal 0.975582 -0.219634 0
    outer loop
      vertex 22.4498 0.0121155 -1.4
      vertex 22.4389 -0.0363007 -1.05
      vertex 22.4389 -0.0363007 -1.4
    endloop
  endfacet
  facet normal 0.992202 -0.124642 0
    outer loop
      vertex 22.4324 -0.0880432 -1.05
      vertex 22.4389 -0.0363007 -1.4
      vertex 22.4389 -0.0363007 -1.05
    endloop
  endfacet
  facet normal 0.992202 -0.124642 0
    outer loop
      vertex 22.4389 -0.0363007 -1.4
      vertex 22.4324 -0.0880432 -1.05
      vertex 22.4324 -0.0880432 -1.4
    endloop
  endfacet
  facet normal 0.999202 -0.0399515 0
    outer loop
      vertex 22.4302 -0.143066 -1.05
      vertex 22.4324 -0.0880432 -1.4
      vertex 22.4324 -0.0880432 -1.05
    endloop
  endfacet
  facet normal 0.999202 -0.0399515 0
    outer loop
      vertex 22.4324 -0.0880432 -1.4
      vertex 22.4302 -0.143066 -1.05
      vertex 22.4302 -0.143066 -1.4
    endloop
  endfacet
  facet normal 0.995155 0.0983229 0
    outer loop
      vertex 22.4426 -0.26857 -1.05
      vertex 22.4302 -0.143066 -1.4
      vertex 22.4302 -0.143066 -1.05
    endloop
  endfacet
  facet normal 0.995155 0.0983229 0
    outer loop
      vertex 22.4302 -0.143066 -1.4
      vertex 22.4426 -0.26857 -1.05
      vertex 22.4426 -0.26857 -1.4
    endloop
  endfacet
  facet normal 0.947383 0.320103 0
    outer loop
      vertex 22.4797 -0.378372 -1.05
      vertex 22.4426 -0.26857 -1.4
      vertex 22.4426 -0.26857 -1.05
    endloop
  endfacet
  facet normal 0.947383 0.320103 0
    outer loop
      vertex 22.4426 -0.26857 -1.4
      vertex 22.4797 -0.378372 -1.05
      vertex 22.4797 -0.378372 -1.4
    endloop
  endfacet
  facet normal 0.83586 0.548943 0
    outer loop
      vertex 22.5415 -0.472473 -1.05
      vertex 22.4797 -0.378372 -1.4
      vertex 22.4797 -0.378372 -1.05
    endloop
  endfacet
  facet normal 0.83586 0.548943 0
    outer loop
      vertex 22.4797 -0.378372 -1.4
      vertex 22.5415 -0.472473 -1.05
      vertex 22.5415 -0.472473 -1.4
    endloop
  endfacet
  facet normal 0.671564 0.740947 -0
    outer loop
      vertex 22.628 -0.550873 -1.4
      vertex 22.5415 -0.472473 -1.05
      vertex 22.628 -0.550873 -1.05
    endloop
  endfacet
  facet normal 0.671564 0.740947 0
    outer loop
      vertex 22.5415 -0.472473 -1.05
      vertex 22.628 -0.550873 -1.4
      vertex 22.5415 -0.472473 -1.4
    endloop
  endfacet
  facet normal 0.487989 0.87285 -0
    outer loop
      vertex 22.7384 -0.612595 -1.4
      vertex 22.628 -0.550873 -1.05
      vertex 22.7384 -0.612595 -1.05
    endloop
  endfacet
  facet normal 0.487989 0.87285 0
    outer loop
      vertex 22.628 -0.550873 -1.05
      vertex 22.7384 -0.612595 -1.4
      vertex 22.628 -0.550873 -1.4
    endloop
  endfacet
  facet normal 0.313339 0.949641 -0
    outer loop
      vertex 22.872 -0.656677 -1.4
      vertex 22.7384 -0.612595 -1.05
      vertex 22.872 -0.656677 -1.05
    endloop
  endfacet
  facet normal 0.313339 0.949641 0
    outer loop
      vertex 22.7384 -0.612595 -1.05
      vertex 22.872 -0.656677 -1.4
      vertex 22.7384 -0.612595 -1.4
    endloop
  endfacet
  facet normal 0.166403 0.986058 -0
    outer loop
      vertex 23.0287 -0.683121 -1.4
      vertex 22.872 -0.656677 -1.05
      vertex 23.0287 -0.683121 -1.05
    endloop
  endfacet
  facet normal 0.166403 0.986058 0
    outer loop
      vertex 22.872 -0.656677 -1.05
      vertex 23.0287 -0.683121 -1.4
      vertex 22.872 -0.656677 -1.4
    endloop
  endfacet
  facet normal 0.0490172 0.998798 -0
    outer loop
      vertex 23.2084 -0.69194 -1.4
      vertex 23.0287 -0.683121 -1.05
      vertex 23.2084 -0.69194 -1.05
    endloop
  endfacet
  facet normal 0.0490172 0.998798 0
    outer loop
      vertex 23.0287 -0.683121 -1.05
      vertex 23.2084 -0.69194 -1.4
      vertex 23.0287 -0.683121 -1.4
    endloop
  endfacet
  facet normal -0.0466863 0.99891 0
    outer loop
      vertex 23.3736 -0.684219 -1.4
      vertex 23.2084 -0.69194 -1.05
      vertex 23.3736 -0.684219 -1.05
    endloop
  endfacet
  facet normal -0.0466863 0.99891 0
    outer loop
      vertex 23.2084 -0.69194 -1.05
      vertex 23.3736 -0.684219 -1.4
      vertex 23.2084 -0.69194 -1.4
    endloop
  endfacet
  facet normal -0.89231 -0.451423 0
    outer loop
      vertex 18.9825 -0.414948 -1.4
      vertex 18.9433 -0.337463 -1.05
      vertex 18.9433 -0.337463 -1.4
    endloop
  endfacet
  facet normal -0.89231 -0.451423 0
    outer loop
      vertex 18.9433 -0.337463 -1.05
      vertex 18.9825 -0.414948 -1.4
      vertex 18.9825 -0.414948 -1.05
    endloop
  endfacet
  facet normal -0.854002 -0.52027 0
    outer loop
      vertex 18.9433 -0.337463 -1.4
      vertex 18.8967 -0.260971 -1.05
      vertex 18.8967 -0.260971 -1.4
    endloop
  endfacet
  facet normal -0.854002 -0.52027 0
    outer loop
      vertex 18.8967 -0.260971 -1.05
      vertex 18.9433 -0.337463 -1.4
      vertex 18.9433 -0.337463 -1.05
    endloop
  endfacet
  facet normal -0.812518 -0.582936 0
    outer loop
      vertex 18.8967 -0.260971 -1.4
      vertex 18.8425 -0.185425 -1.05
      vertex 18.8425 -0.185425 -1.4
    endloop
  endfacet
  facet normal -0.812518 -0.582936 0
    outer loop
      vertex 18.8425 -0.185425 -1.05
      vertex 18.8967 -0.260971 -1.4
      vertex 18.8967 -0.260971 -1.05
    endloop
  endfacet
  facet normal -0.770905 -0.63695 0
    outer loop
      vertex 18.8425 -0.185425 -1.4
      vertex 18.7809 -0.11087 -1.05
      vertex 18.7809 -0.11087 -1.4
    endloop
  endfacet
  facet normal -0.770905 -0.63695 0
    outer loop
      vertex 18.7809 -0.11087 -1.05
      vertex 18.8425 -0.185425 -1.4
      vertex 18.8425 -0.185425 -1.05
    endloop
  endfacet
  facet normal -0.732572 -0.680689 0
    outer loop
      vertex 18.7809 -0.11087 -1.4
      vertex 18.7113 -0.035965 -1.05
      vertex 18.7113 -0.035965 -1.4
    endloop
  endfacet
  facet normal -0.732572 -0.680689 0
    outer loop
      vertex 18.7113 -0.035965 -1.05
      vertex 18.7809 -0.11087 -1.4
      vertex 18.7809 -0.11087 -1.05
    endloop
  endfacet
  facet normal -0.699644 -0.714491 0
    outer loop
      vertex 18.6332 0.0405121 -1.4
      vertex 18.7113 -0.035965 -1.05
      vertex 18.6332 0.0405121 -1.05
    endloop
  endfacet
  facet normal -0.699644 -0.714491 -0
    outer loop
      vertex 18.7113 -0.035965 -1.05
      vertex 18.6332 0.0405121 -1.4
      vertex 18.7113 -0.035965 -1.4
    endloop
  endfacet
  facet normal -0.670196 -0.742184 0
    outer loop
      vertex 18.5467 0.118622 -1.4
      vertex 18.6332 0.0405121 -1.05
      vertex 18.5467 0.118622 -1.05
    endloop
  endfacet
  facet normal -0.670196 -0.742184 -0
    outer loop
      vertex 18.6332 0.0405121 -1.05
      vertex 18.5467 0.118622 -1.4
      vertex 18.6332 0.0405121 -1.4
    endloop
  endfacet
  facet normal -0.642847 -0.765995 0
    outer loop
      vertex 18.4517 0.198349 -1.4
      vertex 18.5467 0.118622 -1.05
      vertex 18.4517 0.198349 -1.05
    endloop
  endfacet
  facet normal -0.642847 -0.765995 -0
    outer loop
      vertex 18.5467 0.118622 -1.05
      vertex 18.4517 0.198349 -1.4
      vertex 18.5467 0.118622 -1.4
    endloop
  endfacet
  facet normal -0.642382 -0.766385 0
    outer loop
      vertex 18.3635 0.272278 -1.4
      vertex 18.4517 0.198349 -1.05
      vertex 18.3635 0.272278 -1.05
    endloop
  endfacet
  facet normal -0.642382 -0.766385 -0
    outer loop
      vertex 18.4517 0.198349 -1.05
      vertex 18.3635 0.272278 -1.4
      vertex 18.4517 0.198349 -1.4
    endloop
  endfacet
  facet normal -0.672022 -0.740531 0
    outer loop
      vertex 18.2895 0.339432 -1.4
      vertex 18.3635 0.272278 -1.05
      vertex 18.2895 0.339432 -1.05
    endloop
  endfacet
  facet normal -0.672022 -0.740531 -0
    outer loop
      vertex 18.3635 0.272278 -1.05
      vertex 18.2895 0.339432 -1.4
      vertex 18.3635 0.272278 -1.4
    endloop
  endfacet
  facet normal -0.711181 -0.703009 0
    outer loop
      vertex 18.2895 0.339432 -1.4
      vertex 18.2298 0.399826 -1.05
      vertex 18.2298 0.399826 -1.4
    endloop
  endfacet
  facet normal -0.711181 -0.703009 0
    outer loop
      vertex 18.2298 0.399826 -1.05
      vertex 18.2895 0.339432 -1.4
      vertex 18.2895 0.339432 -1.05
    endloop
  endfacet
  facet normal -0.762569 -0.646907 0
    outer loop
      vertex 18.2298 0.399826 -1.4
      vertex 18.1843 0.453461 -1.05
      vertex 18.1843 0.453461 -1.4
    endloop
  endfacet
  facet normal -0.762569 -0.646907 0
    outer loop
      vertex 18.1843 0.453461 -1.05
      vertex 18.2298 0.399826 -1.4
      vertex 18.2298 0.399826 -1.05
    endloop
  endfacet
  facet normal -0.830785 -0.556593 0
    outer loop
      vertex 18.1843 0.453461 -1.4
      vertex 18.1508 0.503464 -1.05
      vertex 18.1508 0.503464 -1.4
    endloop
  endfacet
  facet normal -0.830785 -0.556593 0
    outer loop
      vertex 18.1508 0.503464 -1.05
      vertex 18.1843 0.453461 -1.4
      vertex 18.1843 0.453461 -1.05
    endloop
  endfacet
  facet normal -0.900579 -0.434693 0
    outer loop
      vertex 18.1508 0.503464 -1.4
      vertex 18.1269 0.552979 -1.05
      vertex 18.1269 0.552979 -1.4
    endloop
  endfacet
  facet normal -0.900579 -0.434693 0
    outer loop
      vertex 18.1269 0.552979 -1.05
      vertex 18.1508 0.503464 -1.4
      vertex 18.1508 0.503464 -1.05
    endloop
  endfacet
  facet normal -0.959492 -0.281737 0
    outer loop
      vertex 18.1269 0.552979 -1.4
      vertex 18.1125 0.60202 -1.05
      vertex 18.1125 0.60202 -1.4
    endloop
  endfacet
  facet normal -0.959492 -0.281737 0
    outer loop
      vertex 18.1125 0.60202 -1.05
      vertex 18.1269 0.552979 -1.4
      vertex 18.1269 0.552979 -1.05
    endloop
  endfacet
  facet normal -0.995149 -0.0983794 0
    outer loop
      vertex 18.1125 0.60202 -1.4
      vertex 18.1077 0.650574 -1.05
      vertex 18.1077 0.650574 -1.4
    endloop
  endfacet
  facet normal -0.995149 -0.0983794 0
    outer loop
      vertex 18.1077 0.650574 -1.05
      vertex 18.1125 0.60202 -1.4
      vertex 18.1125 0.60202 -1.05
    endloop
  endfacet
  facet normal -0.98984 0.142184 0
    outer loop
      vertex 18.1077 0.650574 -1.4
      vertex 18.1226 0.754303 -1.05
      vertex 18.1226 0.754303 -1.4
    endloop
  endfacet
  facet normal -0.98984 0.142184 0
    outer loop
      vertex 18.1226 0.754303 -1.05
      vertex 18.1077 0.650574 -1.4
      vertex 18.1077 0.650574 -1.05
    endloop
  endfacet
  facet normal -0.856258 0.516549 0
    outer loop
      vertex 18.1226 0.754303 -1.4
      vertex 18.1673 0.8284 -1.05
      vertex 18.1673 0.8284 -1.4
    endloop
  endfacet
  facet normal -0.856258 0.516549 0
    outer loop
      vertex 18.1673 0.8284 -1.05
      vertex 18.1226 0.754303 -1.4
      vertex 18.1226 0.754303 -1.05
    endloop
  endfacet
  facet normal -0.512874 0.858464 0
    outer loop
      vertex 18.2417 0.872849 -1.4
      vertex 18.1673 0.8284 -1.05
      vertex 18.2417 0.872849 -1.05
    endloop
  endfacet
  facet normal -0.512874 0.858464 0
    outer loop
      vertex 18.1673 0.8284 -1.05
      vertex 18.2417 0.872849 -1.4
      vertex 18.1673 0.8284 -1.4
    endloop
  endfacet
  facet normal -0.14064 0.990061 0
    outer loop
      vertex 18.346 0.887665 -1.4
      vertex 18.2417 0.872849 -1.05
      vertex 18.346 0.887665 -1.05
    endloop
  endfacet
  facet normal -0.14064 0.990061 0
    outer loop
      vertex 18.2417 0.872849 -1.05
      vertex 18.346 0.887665 -1.4
      vertex 18.2417 0.872849 -1.4
    endloop
  endfacet
  facet normal 0.0713561 0.997451 -0
    outer loop
      vertex 18.4006 0.883759 -1.4
      vertex 18.346 0.887665 -1.05
      vertex 18.4006 0.883759 -1.05
    endloop
  endfacet
  facet normal 0.0713561 0.997451 0
    outer loop
      vertex 18.346 0.887665 -1.05
      vertex 18.4006 0.883759 -1.4
      vertex 18.346 0.887665 -1.4
    endloop
  endfacet
  facet normal 0.238586 0.971121 -0
    outer loop
      vertex 18.4483 0.87204 -1.4
      vertex 18.4006 0.883759 -1.05
      vertex 18.4483 0.87204 -1.05
    endloop
  endfacet
  facet normal 0.238586 0.971121 0
    outer loop
      vertex 18.4006 0.883759 -1.05
      vertex 18.4483 0.87204 -1.4
      vertex 18.4006 0.883759 -1.4
    endloop
  endfacet
  facet normal 0.430919 0.902391 -0
    outer loop
      vertex 18.4892 0.852509 -1.4
      vertex 18.4483 0.87204 -1.05
      vertex 18.4892 0.852509 -1.05
    endloop
  endfacet
  facet normal 0.430919 0.902391 0
    outer loop
      vertex 18.4483 0.87204 -1.05
      vertex 18.4892 0.852509 -1.4
      vertex 18.4483 0.87204 -1.4
    endloop
  endfacet
  facet normal 0.626705 0.779256 -0
    outer loop
      vertex 18.5232 0.825165 -1.4
      vertex 18.4892 0.852509 -1.05
      vertex 18.5232 0.825165 -1.05
    endloop
  endfacet
  facet normal 0.626705 0.779256 0
    outer loop
      vertex 18.4892 0.852509 -1.05
      vertex 18.5232 0.825165 -1.4
      vertex 18.4892 0.852509 -1.4
    endloop
  endfacet
  facet normal 0.783177 0.621799 0
    outer loop
      vertex 18.5511 0.790024 -1.05
      vertex 18.5232 0.825165 -1.4
      vertex 18.5232 0.825165 -1.05
    endloop
  endfacet
  facet normal 0.783177 0.621799 0
    outer loop
      vertex 18.5232 0.825165 -1.4
      vertex 18.5511 0.790024 -1.05
      vertex 18.5511 0.790024 -1.4
    endloop
  endfacet
  facet normal 0.885896 0.463884 0
    outer loop
      vertex 18.5736 0.747055 -1.05
      vertex 18.5511 0.790024 -1.4
      vertex 18.5511 0.790024 -1.05
    endloop
  endfacet
  facet normal 0.885896 0.463884 0
    outer loop
      vertex 18.5511 0.790024 -1.4
      vertex 18.5736 0.747055 -1.05
      vertex 18.5736 0.747055 -1.4
    endloop
  endfacet
  facet normal 0.947682 0.319217 0
    outer loop
      vertex 18.5907 0.696289 -1.05
      vertex 18.5736 0.747055 -1.4
      vertex 18.5736 0.747055 -1.05
    endloop
  endfacet
  facet normal 0.947682 0.319217 0
    outer loop
      vertex 18.5736 0.747055 -1.4
      vertex 18.5907 0.696289 -1.05
      vertex 18.5907 0.696289 -1.4
    endloop
  endfacet
  facet normal 0.980641 0.195814 0
    outer loop
      vertex 18.6024 0.637695 -1.05
      vertex 18.5907 0.696289 -1.4
      vertex 18.5907 0.696289 -1.05
    endloop
  endfacet
  facet normal 0.980641 0.195814 0
    outer loop
      vertex 18.5907 0.696289 -1.4
      vertex 18.6024 0.637695 -1.05
      vertex 18.6024 0.637695 -1.4
    endloop
  endfacet
  facet normal -0.0564358 0.998406 0
    outer loop
      vertex 18.9671 0.65831 -1.4
      vertex 18.6024 0.637695 -1.05
      vertex 18.9671 0.65831 -1.05
    endloop
  endfacet
  facet normal -0.0564358 0.998406 0
    outer loop
      vertex 18.6024 0.637695 -1.05
      vertex 18.9671 0.65831 -1.4
      vertex 18.6024 0.637695 -1.4
    endloop
  endfacet
  facet normal -0.981145 -0.193272 0
    outer loop
      vertex 18.9671 0.65831 -1.4
      vertex 18.9437 0.7771 -1.05
      vertex 18.9437 0.7771 -1.4
    endloop
  endfacet
  facet normal -0.981145 -0.193272 0
    outer loop
      vertex 18.9437 0.7771 -1.05
      vertex 18.9671 0.65831 -1.4
      vertex 18.9671 0.65831 -1.05
    endloop
  endfacet
  facet normal -0.935219 -0.354069 0
    outer loop
      vertex 18.9437 0.7771 -1.4
      vertex 18.9044 0.880905 -1.05
      vertex 18.9044 0.880905 -1.4
    endloop
  endfacet
  facet normal -0.935219 -0.354069 0
    outer loop
      vertex 18.9044 0.880905 -1.05
      vertex 18.9437 0.7771 -1.4
      vertex 18.9437 0.7771 -1.05
    endloop
  endfacet
  facet normal -0.849773 -0.527149 0
    outer loop
      vertex 18.9044 0.880905 -1.4
      vertex 18.8493 0.969727 -1.05
      vertex 18.8493 0.969727 -1.4
    endloop
  endfacet
  facet normal -0.849773 -0.527149 0
    outer loop
      vertex 18.8493 0.969727 -1.05
      vertex 18.9044 0.880905 -1.4
      vertex 18.9044 0.880905 -1.05
    endloop
  endfacet
  facet normal -0.7208 -0.693143 0
    outer loop
      vertex 18.8493 0.969727 -1.4
      vertex 18.7783 1.04356 -1.05
      vertex 18.7783 1.04356 -1.4
    endloop
  endfacet
  facet normal -0.7208 -0.693143 0
    outer loop
      vertex 18.7783 1.04356 -1.05
      vertex 18.8493 0.969727 -1.4
      vertex 18.8493 0.969727 -1.05
    endloop
  endfacet
  facet normal -0.559539 -0.828804 0
    outer loop
      vertex 18.6923 1.10162 -1.4
      vertex 18.7783 1.04356 -1.05
      vertex 18.6923 1.10162 -1.05
    endloop
  endfacet
  facet normal -0.559539 -0.828804 -0
    outer loop
      vertex 18.7783 1.04356 -1.05
      vertex 18.6923 1.10162 -1.4
      vertex 18.7783 1.04356 -1.4
    endloop
  endfacet
  facet normal -0.382167 -0.924093 0
    outer loop
      vertex 18.592 1.1431 -1.4
      vertex 18.6923 1.10162 -1.05
      vertex 18.592 1.1431 -1.05
    endloop
  endfacet
  facet normal -0.382167 -0.924093 -0
    outer loop
      vertex 18.6923 1.10162 -1.05
      vertex 18.592 1.1431 -1.4
      vertex 18.6923 1.10162 -1.4
    endloop
  endfacet
  facet normal -0.212161 -0.977235 0
    outer loop
      vertex 18.4774 1.16798 -1.4
      vertex 18.592 1.1431 -1.05
      vertex 18.4774 1.16798 -1.05
    endloop
  endfacet
  facet normal -0.212161 -0.977235 -0
    outer loop
      vertex 18.592 1.1431 -1.05
      vertex 18.4774 1.16798 -1.4
      vertex 18.592 1.1431 -1.4
    endloop
  endfacet
  facet normal -0.0642304 -0.997935 0
    outer loop
      vertex 18.3486 1.17627 -1.4
      vertex 18.4774 1.16798 -1.05
      vertex 18.3486 1.17627 -1.05
    endloop
  endfacet
  facet normal -0.0642304 -0.997935 -0
    outer loop
      vertex 18.4774 1.16798 -1.05
      vertex 18.3486 1.17627 -1.4
      vertex 18.4774 1.16798 -1.4
    endloop
  endfacet
  facet normal 0.060482 -0.998169 0
    outer loop
      vertex 18.2103 1.16789 -1.4
      vertex 18.3486 1.17627 -1.05
      vertex 18.2103 1.16789 -1.05
    endloop
  endfacet
  facet normal 0.060482 -0.998169 0
    outer loop
      vertex 18.3486 1.17627 -1.05
      vertex 18.2103 1.16789 -1.4
      vertex 18.3486 1.17627 -1.4
    endloop
  endfacet
  facet normal 0.20271 -0.979239 0
    outer loop
      vertex 18.089 1.14278 -1.4
      vertex 18.2103 1.16789 -1.05
      vertex 18.089 1.14278 -1.05
    endloop
  endfacet
  facet normal 0.20271 -0.979239 0
    outer loop
      vertex 18.2103 1.16789 -1.05
      vertex 18.089 1.14278 -1.4
      vertex 18.2103 1.16789 -1.4
    endloop
  endfacet
  facet normal 0.373002 -0.92783 0
    outer loop
      vertex 17.9848 1.10089 -1.4
      vertex 18.089 1.14278 -1.05
      vertex 17.9848 1.10089 -1.05
    endloop
  endfacet
  facet normal 0.373002 -0.92783 0
    outer loop
      vertex 18.089 1.14278 -1.05
      vertex 17.9848 1.10089 -1.4
      vertex 18.089 1.14278 -1.4
    endloop
  endfacet
  facet normal 0.557903 -0.829906 0
    outer loop
      vertex 17.8976 1.04227 -1.4
      vertex 17.9848 1.10089 -1.05
      vertex 17.8976 1.04227 -1.05
    endloop
  endfacet
  facet normal 0.557903 -0.829906 0
    outer loop
      vertex 17.9848 1.10089 -1.05
      vertex 17.8976 1.04227 -1.4
      vertex 17.9848 1.10089 -1.4
    endloop
  endfacet
  facet normal 0.731779 -0.681542 0
    outer loop
      vertex 17.8289 0.968506 -1.05
      vertex 17.8976 1.04227 -1.4
      vertex 17.8976 1.04227 -1.05
    endloop
  endfacet
  facet normal 0.731779 -0.681542 0
    outer loop
      vertex 17.8976 1.04227 -1.4
      vertex 17.8289 0.968506 -1.05
      vertex 17.8289 0.968506 -1.4
    endloop
  endfacet
  facet normal 0.871593 -0.490231 0
    outer loop
      vertex 17.7798 0.88121 -1.05
      vertex 17.8289 0.968506 -1.4
      vertex 17.8289 0.968506 -1.05
    endloop
  endfacet
  facet normal 0.871593 -0.490231 0
    outer loop
      vertex 17.8289 0.968506 -1.4
      vertex 17.7798 0.88121 -1.05
      vertex 17.7798 0.88121 -1.4
    endloop
  endfacet
  facet normal 0.959754 -0.280841 0
    outer loop
      vertex 17.7503 0.780396 -1.05
      vertex 17.7798 0.88121 -1.4
      vertex 17.7798 0.88121 -1.05
    endloop
  endfacet
  facet normal 0.959754 -0.280841 0
    outer loop
      vertex 17.7798 0.88121 -1.4
      vertex 17.7503 0.780396 -1.05
      vertex 17.7503 0.780396 -1.4
    endloop
  endfacet
  facet normal 0.996348 -0.0853888 0
    outer loop
      vertex 17.7405 0.666046 -1.05
      vertex 17.7503 0.780396 -1.4
      vertex 17.7503 0.780396 -1.05
    endloop
  endfacet
  facet normal 0.996348 -0.0853888 0
    outer loop
      vertex 17.7503 0.780396 -1.4
      vertex 17.7405 0.666046 -1.05
      vertex 17.7405 0.666046 -1.4
    endloop
  endfacet
  facet normal 0.998762 0.0497455 0
    outer loop
      vertex 17.7436 0.603806 -1.05
      vertex 17.7405 0.666046 -1.4
      vertex 17.7405 0.666046 -1.05
    endloop
  endfacet
  facet normal 0.998762 0.0497455 0
    outer loop
      vertex 17.7405 0.666046 -1.4
      vertex 17.7436 0.603806 -1.05
      vertex 17.7436 0.603806 -1.4
    endloop
  endfacet
  facet normal 0.987623 0.156848 0
    outer loop
      vertex 17.753 0.544617 -1.05
      vertex 17.7436 0.603806 -1.4
      vertex 17.7436 0.603806 -1.05
    endloop
  endfacet
  facet normal 0.987623 0.156848 0
    outer loop
      vertex 17.7436 0.603806 -1.4
      vertex 17.753 0.544617 -1.05
      vertex 17.753 0.544617 -1.4
    endloop
  endfacet
  facet normal 0.963027 0.269405 0
    outer loop
      vertex 17.7687 0.488495 -1.05
      vertex 17.753 0.544617 -1.4
      vertex 17.753 0.544617 -1.05
    endloop
  endfacet
  facet normal 0.963027 0.269405 0
    outer loop
      vertex 17.753 0.544617 -1.4
      vertex 17.7687 0.488495 -1.05
      vertex 17.7687 0.488495 -1.4
    endloop
  endfacet
  facet normal 0.923771 0.382946 0
    outer loop
      vertex 17.7907 0.435425 -1.05
      vertex 17.7687 0.488495 -1.4
      vertex 17.7687 0.488495 -1.05
    endloop
  endfacet
  facet normal 0.923771 0.382946 0
    outer loop
      vertex 17.7687 0.488495 -1.4
      vertex 17.7907 0.435425 -1.05
      vertex 17.7907 0.435425 -1.4
    endloop
  endfacet
  facet normal 0.882738 0.469866 0
    outer loop
      vertex 17.8176 0.384888 -1.05
      vertex 17.7907 0.435425 -1.4
      vertex 17.7907 0.435425 -1.05
    endloop
  endfacet
  facet normal 0.882738 0.469866 0
    outer loop
      vertex 17.7907 0.435425 -1.4
      vertex 17.8176 0.384888 -1.05
      vertex 17.8176 0.384888 -1.4
    endloop
  endfacet
  facet normal 0.846564 0.532287 0
    outer loop
      vertex 17.8481 0.33638 -1.05
      vertex 17.8176 0.384888 -1.4
      vertex 17.8176 0.384888 -1.05
    endloop
  endfacet
  facet normal 0.846564 0.532287 0
    outer loop
      vertex 17.8176 0.384888 -1.4
      vertex 17.8481 0.33638 -1.05
      vertex 17.8481 0.33638 -1.4
    endloop
  endfacet
  facet normal 0.808113 0.589027 0
    outer loop
      vertex 17.882 0.289871 -1.05
      vertex 17.8481 0.33638 -1.4
      vertex 17.8481 0.33638 -1.05
    endloop
  endfacet
  facet normal 0.808113 0.589027 0
    outer loop
      vertex 17.8481 0.33638 -1.4
      vertex 17.882 0.289871 -1.05
      vertex 17.882 0.289871 -1.4
    endloop
  endfacet
  facet normal 0.763913 0.645319 0
    outer loop
      vertex 17.9196 0.245361 -1.05
      vertex 17.882 0.289871 -1.4
      vertex 17.882 0.289871 -1.05
    endloop
  endfacet
  facet normal 0.763913 0.645319 0
    outer loop
      vertex 17.882 0.289871 -1.4
      vertex 17.9196 0.245361 -1.05
      vertex 17.9196 0.245361 -1.4
    endloop
  endfacet
  facet normal 0.72793 0.685651 0
    outer loop
      vertex 17.9599 0.202576 -1.05
      vertex 17.9196 0.245361 -1.4
      vertex 17.9196 0.245361 -1.05
    endloop
  endfacet
  facet normal 0.72793 0.685651 0
    outer loop
      vertex 17.9196 0.245361 -1.4
      vertex 17.9599 0.202576 -1.05
      vertex 17.9599 0.202576 -1.4
    endloop
  endfacet
  facet normal 0.697176 0.7169 -0
    outer loop
      vertex 18.0025 0.161148 -1.4
      vertex 17.9599 0.202576 -1.05
      vertex 18.0025 0.161148 -1.05
    endloop
  endfacet
  facet normal 0.697176 0.7169 0
    outer loop
      vertex 17.9599 0.202576 -1.05
      vertex 18.0025 0.161148 -1.4
      vertex 17.9599 0.202576 -1.4
    endloop
  endfacet
  facet normal 0.667491 0.744618 -0
    outer loop
      vertex 18.0472 0.121078 -1.4
      vertex 18.0025 0.161148 -1.05
      vertex 18.0472 0.121078 -1.05
    endloop
  endfacet
  facet normal 0.667491 0.744618 0
    outer loop
      vertex 18.0025 0.161148 -1.05
      vertex 18.0472 0.121078 -1.4
      vertex 18.0025 0.161148 -1.4
    endloop
  endfacet
  facet normal 0.635609 0.772011 -0
    outer loop
      vertex 18.0942 0.0823822 -1.4
      vertex 18.0472 0.121078 -1.05
      vertex 18.0942 0.0823822 -1.05
    endloop
  endfacet
  facet normal 0.635609 0.772011 0
    outer loop
      vertex 18.0472 0.121078 -1.05
      vertex 18.0942 0.0823822 -1.4
      vertex 18.0472 0.121078 -1.4
    endloop
  endfacet
  facet normal 0.621534 0.783387 -0
    outer loop
      vertex 18.1418 0.0446167 -1.4
      vertex 18.0942 0.0823822 -1.05
      vertex 18.1418 0.0446167 -1.05
    endloop
  endfacet
  facet normal 0.621534 0.783387 0
    outer loop
      vertex 18.0942 0.0823822 -1.05
      vertex 18.1418 0.0446167 -1.4
      vertex 18.0942 0.0823822 -1.4
    endloop
  endfacet
  facet normal 0.622377 0.782718 -0
    outer loop
      vertex 18.1887 0.00732422 -1.4
      vertex 18.1418 0.0446167 -1.05
      vertex 18.1887 0.00732422 -1.05
    endloop
  endfacet
  facet normal 0.622377 0.782718 0
    outer loop
      vertex 18.1418 0.0446167 -1.05
      vertex 18.1887 0.00732422 -1.4
      vertex 18.1418 0.0446167 -1.4
    endloop
  endfacet
  facet normal 0.622927 0.78228 -0
    outer loop
      vertex 18.2349 -0.0294647 -1.4
      vertex 18.1887 0.00732422 -1.05
      vertex 18.2349 -0.0294647 -1.05
    endloop
  endfacet
  facet normal 0.622927 0.78228 0
    outer loop
      vertex 18.1887 0.00732422 -1.05
      vertex 18.2349 -0.0294647 -1.4
      vertex 18.1887 0.00732422 -1.4
    endloop
  endfacet
  facet normal 0.624652 0.780903 -0
    outer loop
      vertex 18.2803 -0.0657806 -1.4
      vertex 18.2349 -0.0294647 -1.05
      vertex 18.2803 -0.0657806 -1.05
    endloop
  endfacet
  facet normal 0.624652 0.780903 0
    outer loop
      vertex 18.2349 -0.0294647 -1.05
      vertex 18.2803 -0.0657806 -1.4
      vertex 18.2349 -0.0294647 -1.4
    endloop
  endfacet
  facet normal 0.633937 0.773385 -0
    outer loop
      vertex 18.3244 -0.101929 -1.4
      vertex 18.2803 -0.0657806 -1.05
      vertex 18.3244 -0.101929 -1.05
    endloop
  endfacet
  facet normal 0.633937 0.773385 0
    outer loop
      vertex 18.2803 -0.0657806 -1.05
      vertex 18.3244 -0.101929 -1.4
      vertex 18.2803 -0.0657806 -1.4
    endloop
  endfacet
  facet normal 0.653176 0.757206 -0
    outer loop
      vertex 18.3665 -0.138245 -1.4
      vertex 18.3244 -0.101929 -1.05
      vertex 18.3665 -0.138245 -1.05
    endloop
  endfacet
  facet normal 0.653176 0.757206 0
    outer loop
      vertex 18.3244 -0.101929 -1.05
      vertex 18.3665 -0.138245 -1.4
      vertex 18.3244 -0.101929 -1.4
    endloop
  endfacet
  facet normal 0.67296 0.739679 -0
    outer loop
      vertex 18.4066 -0.174728 -1.4
      vertex 18.3665 -0.138245 -1.05
      vertex 18.4066 -0.174728 -1.05
    endloop
  endfacet
  facet normal 0.67296 0.739679 0
    outer loop
      vertex 18.3665 -0.138245 -1.05
      vertex 18.4066 -0.174728 -1.4
      vertex 18.3665 -0.138245 -1.4
    endloop
  endfacet
  facet normal 0.694078 0.7199 -0
    outer loop
      vertex 18.4446 -0.211365 -1.4
      vertex 18.4066 -0.174728 -1.05
      vertex 18.4446 -0.211365 -1.05
    endloop
  endfacet
  facet normal 0.694078 0.7199 0
    outer loop
      vertex 18.4066 -0.174728 -1.05
      vertex 18.4446 -0.211365 -1.4
      vertex 18.4066 -0.174728 -1.4
    endloop
  endfacet
  facet normal 0.732646 0.68061 0
    outer loop
      vertex 18.4793 -0.248718 -1.05
      vertex 18.4446 -0.211365 -1.4
      vertex 18.4446 -0.211365 -1.05
    endloop
  endfacet
  facet normal 0.732646 0.68061 0
    outer loop
      vertex 18.4446 -0.211365 -1.4
      vertex 18.4793 -0.248718 -1.05
      vertex 18.4793 -0.248718 -1.4
    endloop
  endfacet
  facet normal 0.790955 0.611874 0
    outer loop
      vertex 18.5092 -0.287369 -1.05
      vertex 18.4793 -0.248718 -1.4
      vertex 18.4793 -0.248718 -1.05
    endloop
  endfacet
  facet normal 0.790955 0.611874 0
    outer loop
      vertex 18.4793 -0.248718 -1.4
      vertex 18.5092 -0.287369 -1.05
      vertex 18.5092 -0.287369 -1.4
    endloop
  endfacet
  facet normal 0.845773 0.533544 0
    outer loop
      vertex 18.5344 -0.327316 -1.05
      vertex 18.5092 -0.287369 -1.4
      vertex 18.5092 -0.287369 -1.05
    endloop
  endfacet
  facet normal 0.845773 0.533544 0
    outer loop
      vertex 18.5092 -0.287369 -1.4
      vertex 18.5344 -0.327316 -1.05
      vertex 18.5344 -0.327316 -1.4
    endloop
  endfacet
  facet normal 0.896289 0.443471 0
    outer loop
      vertex 18.5548 -0.368546 -1.05
      vertex 18.5344 -0.327316 -1.4
      vertex 18.5344 -0.327316 -1.05
    endloop
  endfacet
  facet normal 0.896289 0.443471 0
    outer loop
      vertex 18.5344 -0.327316 -1.4
      vertex 18.5548 -0.368546 -1.05
      vertex 18.5548 -0.368546 -1.4
    endloop
  endfacet
  facet normal 0 -1 0
    outer loop
      vertex 17.7121 -0.368546 -1.4
      vertex 18.5548 -0.368546 -1.05
      vertex 17.7121 -0.368546 -1.05
    endloop
  endfacet
  facet normal 0 -1 -0
    outer loop
      vertex 18.5548 -0.368546 -1.05
      vertex 17.7121 -0.368546 -1.4
      vertex 18.5548 -0.368546 -1.4
    endloop
  endfacet
  facet normal 1 -0 0
    outer loop
      vertex 17.7121 -0.666183 -1.05
      vertex 17.7121 -0.368546 -1.4
      vertex 17.7121 -0.368546 -1.05
    endloop
  endfacet
  facet normal 1 0 0
    outer loop
      vertex 17.7121 -0.368546 -1.4
      vertex 17.7121 -0.666183 -1.05
      vertex 17.7121 -0.666183 -1.4
    endloop
  endfacet
  facet normal 0 1 -0
    outer loop
      vertex 18.9825 -0.666183 -1.4
      vertex 17.7121 -0.666183 -1.05
      vertex 18.9825 -0.666183 -1.05
    endloop
  endfacet
  facet normal 0 1 0
    outer loop
      vertex 17.7121 -0.666183 -1.05
      vertex 18.9825 -0.666183 -1.4
      vertex 17.7121 -0.666183 -1.4
    endloop
  endfacet
  facet normal -1 0 0
    outer loop
      vertex 18.9825 -0.666183 -1.4
      vertex 18.9825 -0.414948 -1.05
      vertex 18.9825 -0.414948 -1.4
    endloop
  endfacet
  facet normal -1 -0 0
    outer loop
      vertex 18.9825 -0.414948 -1.05
      vertex 18.9825 -0.666183 -1.4
      vertex 18.9825 -0.666183 -1.05
    endloop
  endfacet
  facet normal 0.607248 0.794513 -0
    outer loop
      vertex 21.8117 -0.00392151 -1.4
      vertex 21.5875 0.167435 -1.05
      vertex 21.8117 -0.00392151 -1.05
    endloop
  endfacet
  facet normal 0.607248 0.794513 0
    outer loop
      vertex 21.5875 0.167435 -1.05
      vertex 21.8117 -0.00392151 -1.4
      vertex 21.5875 0.167435 -1.4
    endloop
  endfacet
  facet normal 1 -0 0
    outer loop
      vertex 21.8117 -0.666183 -1.05
      vertex 21.8117 -0.00392151 -1.4
      vertex 21.8117 -0.00392151 -1.05
    endloop
  endfacet
  facet normal 1 0 0
    outer loop
      vertex 21.8117 -0.00392151 -1.4
      vertex 21.8117 -0.666183 -1.05
      vertex 21.8117 -0.666183 -1.4
    endloop
  endfacet
  facet normal 0 1 -0
    outer loop
      vertex 22.1918 -0.666183 -1.4
      vertex 21.8117 -0.666183 -1.05
      vertex 22.1918 -0.666183 -1.05
    endloop
  endfacet
  facet normal 0 1 0
    outer loop
      vertex 21.8117 -0.666183 -1.05
      vertex 22.1918 -0.666183 -1.4
      vertex 21.8117 -0.666183 -1.4
    endloop
  endfacet
  facet normal -1 0 0
    outer loop
      vertex 22.1918 -0.666183 -1.4
      vertex 22.1918 1.14922 -1.05
      vertex 22.1918 1.14922 -1.4
    endloop
  endfacet
  facet normal -1 -0 0
    outer loop
      vertex 22.1918 1.14922 -1.05
      vertex 22.1918 -0.666183 -1.4
      vertex 22.1918 -0.666183 -1.05
    endloop
  endfacet
  facet normal 0 -1 0
    outer loop
      vertex 21.8117 1.14922 -1.4
      vertex 22.1918 1.14922 -1.05
      vertex 21.8117 1.14922 -1.05
    endloop
  endfacet
  facet normal 0 -1 -0
    outer loop
      vertex 22.1918 1.14922 -1.05
      vertex 21.8117 1.14922 -1.4
      vertex 22.1918 1.14922 -1.4
    endloop
  endfacet
  facet normal 1 -0 0
    outer loop
      vertex 21.8117 0.325912 -1.05
      vertex 21.8117 1.14922 -1.4
      vertex 21.8117 1.14922 -1.05
    endloop
  endfacet
  facet normal 1 0 0
    outer loop
      vertex 21.8117 1.14922 -1.4
      vertex 21.8117 0.325912 -1.05
      vertex 21.8117 0.325912 -1.4
    endloop
  endfacet
  facet normal -0.709304 -0.704903 0
    outer loop
      vertex 21.8117 0.325912 -1.4
      vertex 20.9935 1.14922 -1.05
      vertex 20.9935 1.14922 -1.4
    endloop
  endfacet
  facet normal -0.709304 -0.704903 0
    outer loop
      vertex 20.9935 1.14922 -1.05
      vertex 21.8117 0.325912 -1.4
      vertex 21.8117 0.325912 -1.05
    endloop
  endfacet
  facet normal 0 -1 0
    outer loop
      vertex 20.5503 1.14922 -1.4
      vertex 20.9935 1.14922 -1.05
      vertex 20.5503 1.14922 -1.05
    endloop
  endfacet
  facet normal 0 -1 -0
    outer loop
      vertex 20.9935 1.14922 -1.05
      vertex 20.5503 1.14922 -1.4
      vertex 20.9935 1.14922 -1.4
    endloop
  endfacet
  facet normal 0.703572 0.710624 -0
    outer loop
      vertex 21.3259 0.381317 -1.4
      vertex 20.5503 1.14922 -1.05
      vertex 21.3259 0.381317 -1.05
    endloop
  endfacet
  facet normal 0.703572 0.710624 0
    outer loop
      vertex 20.5503 1.14922 -1.05
      vertex 21.3259 0.381317 -1.4
      vertex 20.5503 1.14922 -1.4
    endloop
  endfacet
  facet normal 0.780614 -0.625013 0
    outer loop
      vertex 20.4872 -0.666183 -1.05
      vertex 21.3259 0.381317 -1.4
      vertex 21.3259 0.381317 -1.05
    endloop
  endfacet
  facet normal 0.780614 -0.625013 0
    outer loop
      vertex 21.3259 0.381317 -1.4
      vertex 20.4872 -0.666183 -1.05
      vertex 20.4872 -0.666183 -1.4
    endloop
  endfacet
  facet normal 0 1 -0
    outer loop
      vertex 20.9355 -0.666183 -1.4
      vertex 20.4872 -0.666183 -1.05
      vertex 20.9355 -0.666183 -1.05
    endloop
  endfacet
  facet normal 0 1 0
    outer loop
      vertex 20.4872 -0.666183 -1.05
      vertex 20.9355 -0.666183 -1.4
      vertex 20.4872 -0.666183 -1.4
    endloop
  endfacet
  facet normal -0.787687 0.616076 0
    outer loop
      vertex 20.9355 -0.666183 -1.4
      vertex 21.5875 0.167435 -1.05
      vertex 21.5875 0.167435 -1.4
    endloop
  endfacet
  facet normal -0.787687 0.616076 0
    outer loop
      vertex 21.5875 0.167435 -1.05
      vertex 20.9355 -0.666183 -1.4
      vertex 20.9355 -0.666183 -1.05
    endloop
  endfacet
  facet normal 0 1 -0
    outer loop
      vertex 20.4673 -0.296402 -1.4
      vertex 19.6414 -0.296402 -1.05
      vertex 20.4673 -0.296402 -1.05
    endloop
  endfacet
  facet normal 0 1 0
    outer loop
      vertex 19.6414 -0.296402 -1.05
      vertex 20.4673 -0.296402 -1.4
      vertex 19.6414 -0.296402 -1.4
    endloop
  endfacet
  facet normal -1 0 0
    outer loop
      vertex 20.4673 -0.296402 -1.4
      vertex 20.4673 -0.0245361 -1.05
      vertex 20.4673 -0.0245361 -1.4
    endloop
  endfacet
  facet normal -1 -0 0
    outer loop
      vertex 20.4673 -0.0245361 -1.05
      vertex 20.4673 -0.296402 -1.4
      vertex 20.4673 -0.296402 -1.05
    endloop
  endfacet
  facet normal -0.837249 -0.546822 0
    outer loop
      vertex 20.4673 -0.0245361 -1.4
      vertex 19.7007 1.14922 -1.05
      vertex 19.7007 1.14922 -1.4
    endloop
  endfacet
  facet normal -0.837249 -0.546822 0
    outer loop
      vertex 19.7007 1.14922 -1.05
      vertex 20.4673 -0.0245361 -1.4
      vertex 20.4673 -0.0245361 -1.05
    endloop
  endfacet
  facet normal 0 -1 0
    outer loop
      vertex 19.2961 1.14922 -1.4
      vertex 19.7007 1.14922 -1.05
      vertex 19.2961 1.14922 -1.05
    endloop
  endfacet
  facet normal 0 -1 -0
    outer loop
      vertex 19.7007 1.14922 -1.05
      vertex 19.2961 1.14922 -1.4
      vertex 19.7007 1.14922 -1.4
    endloop
  endfacet
  facet normal 1 -0 0
    outer loop
      vertex 19.2961 -0.0271149 -1.05
      vertex 19.2961 1.14922 -1.4
      vertex 19.2961 1.14922 -1.05
    endloop
  endfacet
  facet normal 1 0 0
    outer loop
      vertex 19.2961 1.14922 -1.4
      vertex 19.2961 -0.0271149 -1.05
      vertex 19.2961 -0.0271149 -1.4
    endloop
  endfacet
  facet normal 0 -1 0
    outer loop
      vertex 19.0539 -0.0271149 -1.4
      vertex 19.2961 -0.0271149 -1.05
      vertex 19.0539 -0.0271149 -1.05
    endloop
  endfacet
  facet normal 0 -1 -0
    outer loop
      vertex 19.2961 -0.0271149 -1.05
      vertex 19.0539 -0.0271149 -1.4
      vertex 19.2961 -0.0271149 -1.4
    endloop
  endfacet
  facet normal 1 -0 0
    outer loop
      vertex 19.0539 -0.296402 -1.05
      vertex 19.0539 -0.0271149 -1.4
      vertex 19.0539 -0.0271149 -1.05
    endloop
  endfacet
  facet normal 1 0 0
    outer loop
      vertex 19.0539 -0.0271149 -1.4
      vertex 19.0539 -0.296402 -1.05
      vertex 19.0539 -0.296402 -1.4
    endloop
  endfacet
  facet normal 0 1 -0
    outer loop
      vertex 19.2961 -0.296402 -1.4
      vertex 19.0539 -0.296402 -1.05
      vertex 19.2961 -0.296402 -1.05
    endloop
  endfacet
  facet normal 0 1 0
    outer loop
      vertex 19.0539 -0.296402 -1.05
      vertex 19.2961 -0.296402 -1.4
      vertex 19.0539 -0.296402 -1.4
    endloop
  endfacet
  facet normal 1 -0 0
    outer loop
      vertex 19.2961 -0.666183 -1.05
      vertex 19.2961 -0.296402 -1.4
      vertex 19.2961 -0.296402 -1.05
    endloop
  endfacet
  facet normal 1 0 0
    outer loop
      vertex 19.2961 -0.296402 -1.4
      vertex 19.2961 -0.666183 -1.05
      vertex 19.2961 -0.666183 -1.4
    endloop
  endfacet
  facet normal 0 1 -0
    outer loop
      vertex 19.6414 -0.666183 -1.4
      vertex 19.2961 -0.666183 -1.05
      vertex 19.6414 -0.666183 -1.05
    endloop
  endfacet
  facet normal 0 1 0
    outer loop
      vertex 19.2961 -0.666183 -1.05
      vertex 19.6414 -0.666183 -1.4
      vertex 19.2961 -0.666183 -1.4
    endloop
  endfacet
  facet normal -1 0 0
    outer loop
      vertex 19.6414 -0.666183 -1.4
      vertex 19.6414 -0.296402 -1.05
      vertex 19.6414 -0.296402 -1.4
    endloop
  endfacet
  facet normal -1 -0 0
    outer loop
      vertex 19.6414 -0.296402 -1.05
      vertex 19.6414 -0.666183 -1.4
      vertex 19.6414 -0.666183 -1.05
    endloop
  endfacet
  facet normal -1 0 0
    outer loop
      vertex 19.6414 -0.0271149 -1.4
      vertex 19.6414 0.566849 -1.05
      vertex 19.6414 0.566849 -1.4
    endloop
  endfacet
  facet normal -1 -0 0
    outer loop
      vertex 19.6414 0.566849 -1.05
      vertex 19.6414 -0.0271149 -1.4
      vertex 19.6414 -0.0271149 -1.05
    endloop
  endfacet
  facet normal -0.999964 -0.00844874 0
    outer loop
      vertex 19.6414 0.566849 -1.4
      vertex 19.6411 0.602356 -1.05
      vertex 19.6411 0.602356 -1.4
    endloop
  endfacet
  facet normal -0.999964 -0.00844874 0
    outer loop
      vertex 19.6411 0.602356 -1.05
      vertex 19.6414 0.566849 -1.4
      vertex 19.6414 0.566849 -1.05
    endloop
  endfacet
  facet normal -0.999766 -0.0216417 0
    outer loop
      vertex 19.6411 0.602356 -1.4
      vertex 19.6403 0.639313 -1.05
      vertex 19.6403 0.639313 -1.4
    endloop
  endfacet
  facet normal -0.999766 -0.0216417 0
    outer loop
      vertex 19.6403 0.639313 -1.05
      vertex 19.6411 0.602356 -1.4
      vertex 19.6411 0.602356 -1.05
    endloop
  endfacet
  facet normal -0.999336 -0.0364284 0
    outer loop
      vertex 19.6403 0.639313 -1.4
      vertex 19.6389 0.677719 -1.05
      vertex 19.6389 0.677719 -1.4
    endloop
  endfacet
  facet normal -0.999336 -0.0364284 0
    outer loop
      vertex 19.6389 0.677719 -1.05
      vertex 19.6403 0.639313 -1.4
      vertex 19.6403 0.639313 -1.05
    endloop
  endfacet
  facet normal -0.998743 -0.0501176 0
    outer loop
      vertex 19.6389 0.677719 -1.4
      vertex 19.6369 0.717575 -1.05
      vertex 19.6369 0.717575 -1.4
    endloop
  endfacet
  facet normal -0.998743 -0.0501176 0
    outer loop
      vertex 19.6369 0.717575 -1.05
      vertex 19.6389 0.677719 -1.4
      vertex 19.6389 0.677719 -1.05
    endloop
  endfacet
  facet normal -0.998391 -0.0567083 0
    outer loop
      vertex 19.6369 0.717575 -1.4
      vertex 19.6348 0.754547 -1.05
      vertex 19.6348 0.754547 -1.4
    endloop
  endfacet
  facet normal -0.998391 -0.0567083 0
    outer loop
      vertex 19.6348 0.754547 -1.05
      vertex 19.6369 0.717575 -1.4
      vertex 19.6369 0.717575 -1.05
    endloop
  endfacet
  facet normal -0.997961 -0.0638233 0
    outer loop
      vertex 19.6348 0.754547 -1.4
      vertex 19.6329 0.784256 -1.05
      vertex 19.6329 0.784256 -1.4
    endloop
  endfacet
  facet normal -0.997961 -0.0638233 0
    outer loop
      vertex 19.6329 0.784256 -1.05
      vertex 19.6348 0.754547 -1.4
      vertex 19.6348 0.754547 -1.05
    endloop
  endfacet
  facet normal -0.997152 -0.0754208 0
    outer loop
      vertex 19.6329 0.784256 -1.4
      vertex 19.6312 0.806732 -1.05
      vertex 19.6312 0.806732 -1.4
    endloop
  endfacet
  facet normal -0.997152 -0.0754208 0
    outer loop
      vertex 19.6312 0.806732 -1.05
      vertex 19.6329 0.784256 -1.4
      vertex 19.6329 0.784256 -1.05
    endloop
  endfacet
  facet normal -0.995792 -0.0916393 0
    outer loop
      vertex 19.6312 0.806732 -1.4
      vertex 19.6298 0.821945 -1.05
      vertex 19.6298 0.821945 -1.4
    endloop
  endfacet
  facet normal -0.995792 -0.0916393 0
    outer loop
      vertex 19.6298 0.821945 -1.05
      vertex 19.6312 0.806732 -1.4
      vertex 19.6312 0.806732 -1.05
    endloop
  endfacet
  facet normal 0.893981 0.448105 0
    outer loop
      vertex 19.6499 0.781845 -1.05
      vertex 19.6298 0.821945 -1.4
      vertex 19.6298 0.821945 -1.05
    endloop
  endfacet
  facet normal 0.893981 0.448105 0
    outer loop
      vertex 19.6298 0.821945 -1.4
      vertex 19.6499 0.781845 -1.05
      vertex 19.6499 0.781845 -1.4
    endloop
  endfacet
  facet normal 0.87303 0.487666 0
    outer loop
      vertex 19.6768 0.733688 -1.05
      vertex 19.6499 0.781845 -1.4
      vertex 19.6499 0.781845 -1.05
    endloop
  endfacet
  facet normal 0.87303 0.487666 0
    outer loop
      vertex 19.6499 0.781845 -1.4
      vertex 19.6768 0.733688 -1.05
      vertex 19.6768 0.733688 -1.4
    endloop
  endfacet
  facet normal 0.857619 0.514285 0
    outer loop
      vertex 19.7105 0.67749 -1.05
      vertex 19.6768 0.733688 -1.4
      vertex 19.6768 0.733688 -1.05
    endloop
  endfacet
  facet normal 0.857619 0.514285 0
    outer loop
      vertex 19.6768 0.733688 -1.4
      vertex 19.7105 0.67749 -1.05
      vertex 19.7105 0.67749 -1.4
    endloop
  endfacet
  facet normal 0.846626 0.532188 0
    outer loop
      vertex 19.7509 0.61322 -1.05
      vertex 19.7105 0.67749 -1.4
      vertex 19.7105 0.67749 -1.05
    endloop
  endfacet
  facet normal 0.846626 0.532188 0
    outer loop
      vertex 19.7105 0.67749 -1.4
      vertex 19.7509 0.61322 -1.05
      vertex 19.7509 0.61322 -1.4
    endloop
  endfacet
  facet normal 0.835401 0.549641 0
    outer loop
      vertex 20.1722 -0.0271149 -1.05
      vertex 19.7509 0.61322 -1.4
      vertex 19.7509 0.61322 -1.05
    endloop
  endfacet
  facet normal 0.835401 0.549641 0
    outer loop
      vertex 19.7509 0.61322 -1.4
      vertex 20.1722 -0.0271149 -1.05
      vertex 20.1722 -0.0271149 -1.4
    endloop
  endfacet
  facet normal 0 -1 0
    outer loop
      vertex 19.6414 -0.0271149 -1.4
      vertex 20.1722 -0.0271149 -1.05
      vertex 19.6414 -0.0271149 -1.05
    endloop
  endfacet
  facet normal 0 -1 -0
    outer loop
      vertex 20.1722 -0.0271149 -1.05
      vertex 19.6414 -0.0271149 -1.4
      vertex 20.1722 -0.0271149 -1.4
    endloop
  endfacet
  facet normal -0.239522 0.970891 0
    outer loop
      vertex 1.77129 -0.667633 -1.4
      vertex 1.70517 -0.683945 -1.05
      vertex 1.77129 -0.667633 -1.05
    endloop
  endfacet
  facet normal -0.239522 0.970891 0
    outer loop
      vertex 1.70517 -0.683945 -1.05
      vertex 1.77129 -0.667633 -1.4
      vertex 1.70517 -0.683945 -1.4
    endloop
  endfacet
  facet normal -0.430792 0.902451 0
    outer loop
      vertex 1.82822 -0.640457 -1.4
      vertex 1.77129 -0.667633 -1.05
      vertex 1.82822 -0.640457 -1.05
    endloop
  endfacet
  facet normal -0.430792 0.902451 0
    outer loop
      vertex 1.77129 -0.667633 -1.05
      vertex 1.82822 -0.640457 -1.4
      vertex 1.77129 -0.667633 -1.4
    endloop
  endfacet
  facet normal -0.623016 0.782209 0
    outer loop
      vertex 1.87598 -0.602417 -1.4
      vertex 1.82822 -0.640457 -1.05
      vertex 1.87598 -0.602417 -1.05
    endloop
  endfacet
  facet normal -0.623016 0.782209 0
    outer loop
      vertex 1.82822 -0.640457 -1.05
      vertex 1.87598 -0.602417 -1.4
      vertex 1.82822 -0.640457 -1.4
    endloop
  endfacet
  facet normal -0.792624 0.609711 0
    outer loop
      vertex 1.87598 -0.602417 -1.4
      vertex 1.91374 -0.553329 -1.05
      vertex 1.91374 -0.553329 -1.4
    endloop
  endfacet
  facet normal -0.792624 0.609711 0
    outer loop
      vertex 1.91374 -0.553329 -1.05
      vertex 1.87598 -0.602417 -1.4
      vertex 1.87598 -0.602417 -1.05
    endloop
  endfacet
  facet normal -0.912727 0.408571 0
    outer loop
      vertex 1.91374 -0.553329 -1.4
      vertex 1.94072 -0.493057 -1.05
      vertex 1.94072 -0.493057 -1.4
    endloop
  endfacet
  facet normal -0.912727 0.408571 0
    outer loop
      vertex 1.94072 -0.493057 -1.05
      vertex 1.91374 -0.553329 -1.4
      vertex 1.91374 -0.553329 -1.05
    endloop
  endfacet
  facet normal -0.97532 0.220795 0
    outer loop
      vertex 1.94072 -0.493057 -1.4
      vertex 1.9569 -0.421585 -1.05
      vertex 1.9569 -0.421585 -1.4
    endloop
  endfacet
  facet normal -0.97532 0.220795 0
    outer loop
      vertex 1.9569 -0.421585 -1.05
      vertex 1.94072 -0.493057 -1.4
      vertex 1.94072 -0.493057 -1.05
    endloop
  endfacet
  facet normal -0.997873 0.0651912 0
    outer loop
      vertex 1.9569 -0.421585 -1.4
      vertex 1.9623 -0.338928 -1.05
      vertex 1.9623 -0.338928 -1.4
    endloop
  endfacet
  facet normal -0.997873 0.0651912 0
    outer loop
      vertex 1.9623 -0.338928 -1.05
      vertex 1.9569 -0.421585 -1.4
      vertex 1.9569 -0.421585 -1.05
    endloop
  endfacet
  facet normal -1 0 0
    outer loop
      vertex 1.9623 -0.338928 -1.4
      vertex 1.9623 0.483093 -1.05
      vertex 1.9623 0.483093 -1.4
    endloop
  endfacet
  facet normal -1 -0 0
    outer loop
      vertex 1.9623 0.483093 -1.05
      vertex 1.9623 -0.338928 -1.4
      vertex 1.9623 -0.338928 -1.05
    endloop
  endfacet
  facet normal 0 1 -0
    outer loop
      vertex 2.13883 0.483093 -1.4
      vertex 1.9623 0.483093 -1.05
      vertex 2.13883 0.483093 -1.05
    endloop
  endfacet
  facet normal 0 1 0
    outer loop
      vertex 1.9623 0.483093 -1.05
      vertex 2.13883 0.483093 -1.4
      vertex 1.9623 0.483093 -1.4
    endloop
  endfacet
  facet normal -1 0 0
    outer loop
      vertex 2.13883 0.483093 -1.4
      vertex 2.13883 0.72789 -1.05
      vertex 2.13883 0.72789 -1.4
    endloop
  endfacet
  facet normal -1 -0 0
    outer loop
      vertex 2.13883 0.72789 -1.05
      vertex 2.13883 0.483093 -1.4
      vertex 2.13883 0.483093 -1.05
    endloop
  endfacet
  facet normal 0 -1 0
    outer loop
      vertex 1.94426 0.72789 -1.4
      vertex 2.13883 0.72789 -1.05
      vertex 1.94426 0.72789 -1.05
    endloop
  endfacet
  facet normal 0 -1 -0
    outer loop
      vertex 2.13883 0.72789 -1.05
      vertex 1.94426 0.72789 -1.4
      vertex 2.13883 0.72789 -1.4
    endloop
  endfacet
  facet normal -0.944893 -0.327379 0
    outer loop
      vertex 1.94426 0.72789 -1.4
      vertex 1.83087 1.05516 -1.05
      vertex 1.83087 1.05516 -1.4
    endloop
  endfacet
  facet normal -0.944893 -0.327379 0
    outer loop
      vertex 1.83087 1.05516 -1.05
      vertex 1.94426 0.72789 -1.4
      vertex 1.94426 0.72789 -1.05
    endloop
  endfacet
  facet normal 0 -1 0
    outer loop
      vertex 1.60411 1.05516 -1.4
      vertex 1.83087 1.05516 -1.05
      vertex 1.60411 1.05516 -1.05
    endloop
  endfacet
  facet normal 0 -1 -0
    outer loop
      vertex 1.83087 1.05516 -1.05
      vertex 1.60411 1.05516 -1.4
      vertex 1.83087 1.05516 -1.4
    endloop
  endfacet
  facet normal 1 -0 0
    outer loop
      vertex 1.60411 0.72789 -1.05
      vertex 1.60411 1.05516 -1.4
      vertex 1.60411 1.05516 -1.05
    endloop
  endfacet
  facet normal 1 0 0
    outer loop
      vertex 1.60411 1.05516 -1.4
      vertex 1.60411 0.72789 -1.05
      vertex 1.60411 0.72789 -1.4
    endloop
  endfacet
  facet normal 0 -1 0
    outer loop
      vertex 1.33998 0.72789 -1.4
      vertex 1.60411 0.72789 -1.05
      vertex 1.33998 0.72789 -1.05
    endloop
  endfacet
  facet normal 0 -1 -0
    outer loop
      vertex 1.60411 0.72789 -1.05
      vertex 1.33998 0.72789 -1.4
      vertex 1.60411 0.72789 -1.4
    endloop
  endfacet
  facet normal 1 -0 0
    outer loop
      vertex 1.33998 0.483093 -1.05
      vertex 1.33998 0.72789 -1.4
      vertex 1.33998 0.72789 -1.05
    endloop
  endfacet
  facet normal 1 0 0
    outer loop
      vertex 1.33998 0.72789 -1.4
      vertex 1.33998 0.483093 -1.05
      vertex 1.33998 0.483093 -1.4
    endloop
  endfacet
  facet normal 0 1 -0
    outer loop
      vertex 1.60411 0.483093 -1.4
      vertex 1.33998 0.483093 -1.05
      vertex 1.60411 0.483093 -1.05
    endloop
  endfacet
  facet normal 0 1 0
    outer loop
      vertex 1.33998 0.483093 -1.05
      vertex 1.60411 0.483093 -1.4
      vertex 1.33998 0.483093 -1.4
    endloop
  endfacet
  facet normal 1 -0 0
    outer loop
      vertex 1.60411 -0.240997 -1.05
      vertex 1.60411 0.483093 -1.4
      vertex 1.60411 0.483093 -1.05
    endloop
  endfacet
  facet normal 1 0 0
    outer loop
      vertex 1.60411 0.483093 -1.4
      vertex 1.60411 -0.240997 -1.05
      vertex 1.60411 -0.240997 -1.4
    endloop
  endfacet
  facet normal 0.998707 -0.0508312 0
    outer loop
      vertex 1.60169 -0.288544 -1.05
      vertex 1.60411 -0.240997 -1.4
      vertex 1.60411 -0.240997 -1.05
    endloop
  endfacet
  facet normal 0.998707 -0.0508312 0
    outer loop
      vertex 1.60411 -0.240997 -1.4
      vertex 1.60169 -0.288544 -1.05
      vertex 1.60169 -0.288544 -1.4
    endloop
  endfacet
  facet normal 0.984634 -0.174632 0
    outer loop
      vertex 1.59444 -0.329422 -1.05
      vertex 1.60169 -0.288544 -1.4
      vertex 1.60169 -0.288544 -1.05
    endloop
  endfacet
  facet normal 0.984634 -0.174632 0
    outer loop
      vertex 1.60169 -0.288544 -1.4
      vertex 1.59444 -0.329422 -1.05
      vertex 1.59444 -0.329422 -1.4
    endloop
  endfacet
  facet normal 0.942934 -0.332979 0
    outer loop
      vertex 1.58237 -0.363602 -1.05
      vertex 1.59444 -0.329422 -1.4
      vertex 1.59444 -0.329422 -1.05
    endloop
  endfacet
  facet normal 0.942934 -0.332979 0
    outer loop
      vertex 1.59444 -0.329422 -1.4
      vertex 1.58237 -0.363602 -1.05
      vertex 1.58237 -0.363602 -1.4
    endloop
  endfacet
  facet normal 0.851805 -0.523859 0
    outer loop
      vertex 1.56546 -0.391098 -1.05
      vertex 1.58237 -0.363602 -1.4
      vertex 1.58237 -0.363602 -1.05
    endloop
  endfacet
  facet normal 0.851805 -0.523859 0
    outer loop
      vertex 1.58237 -0.363602 -1.4
      vertex 1.56546 -0.391098 -1.05
      vertex 1.56546 -0.391098 -1.4
    endloop
  endfacet
  facet normal 0.693081 -0.72086 0
    outer loop
      vertex 1.54348 -0.412231 -1.4
      vertex 1.56546 -0.391098 -1.05
      vertex 1.54348 -0.412231 -1.05
    endloop
  endfacet
  facet normal 0.693081 -0.72086 0
    outer loop
      vertex 1.56546 -0.391098 -1.05
      vertex 1.54348 -0.412231 -1.4
      vertex 1.56546 -0.391098 -1.4
    endloop
  endfacet
  facet normal 0.484317 -0.874893 0
    outer loop
      vertex 1.51619 -0.427338 -1.4
      vertex 1.54348 -0.412231 -1.05
      vertex 1.51619 -0.427338 -1.05
    endloop
  endfacet
  facet normal 0.484317 -0.874893 0
    outer loop
      vertex 1.54348 -0.412231 -1.05
      vertex 1.51619 -0.427338 -1.4
      vertex 1.54348 -0.412231 -1.4
    endloop
  endfacet
  facet normal 0.267696 -0.963504 0
    outer loop
      vertex 1.48357 -0.436401 -1.4
      vertex 1.51619 -0.427338 -1.05
      vertex 1.48357 -0.436401 -1.05
    endloop
  endfacet
  facet normal 0.267696 -0.963504 0
    outer loop
      vertex 1.51619 -0.427338 -1.05
      vertex 1.48357 -0.436401 -1.4
      vertex 1.51619 -0.427338 -1.4
    endloop
  endfacet
  facet normal 0.0790242 -0.996873 0
    outer loop
      vertex 1.44565 -0.439407 -1.4
      vertex 1.48357 -0.436401 -1.05
      vertex 1.44565 -0.439407 -1.05
    endloop
  endfacet
  facet normal 0.0790242 -0.996873 0
    outer loop
      vertex 1.48357 -0.436401 -1.05
      vertex 1.44565 -0.439407 -1.4
      vertex 1.48357 -0.436401 -1.4
    endloop
  endfacet
  facet normal -0.047331 -0.998879 0
    outer loop
      vertex 1.42214 -0.438293 -1.4
      vertex 1.44565 -0.439407 -1.05
      vertex 1.42214 -0.438293 -1.05
    endloop
  endfacet
  facet normal -0.047331 -0.998879 -0
    outer loop
      vertex 1.44565 -0.439407 -1.05
      vertex 1.42214 -0.438293 -1.4
      vertex 1.44565 -0.439407 -1.4
    endloop
  endfacet
  facet normal -0.119962 -0.992778 0
    outer loop
      vertex 1.39411 -0.434906 -1.4
      vertex 1.42214 -0.438293 -1.05
      vertex 1.39411 -0.434906 -1.05
    endloop
  endfacet
  facet normal -0.119962 -0.992778 -0
    outer loop
      vertex 1.42214 -0.438293 -1.05
      vertex 1.39411 -0.434906 -1.4
      vertex 1.42214 -0.438293 -1.4
    endloop
  endfacet
  facet normal -0.170536 -0.985351 0
    outer loop
      vertex 1.36158 -0.429276 -1.4
      vertex 1.39411 -0.434906 -1.05
      vertex 1.36158 -0.429276 -1.05
    endloop
  endfacet
  facet normal -0.170536 -0.985351 -0
    outer loop
      vertex 1.39411 -0.434906 -1.05
      vertex 1.36158 -0.429276 -1.4
      vertex 1.39411 -0.434906 -1.4
    endloop
  endfacet
  facet normal -0.20826 -0.978074 0
    outer loop
      vertex 1.32453 -0.421387 -1.4
      vertex 1.36158 -0.429276 -1.05
      vertex 1.32453 -0.421387 -1.05
    endloop
  endfacet
  facet normal -0.20826 -0.978074 -0
    outer loop
      vertex 1.36158 -0.429276 -1.05
      vertex 1.32453 -0.421387 -1.4
      vertex 1.36158 -0.429276 -1.4
    endloop
  endfacet
  facet normal 1 -0 0
    outer loop
      vertex 1.32453 -0.645569 -1.05
      vertex 1.32453 -0.421387 -1.4
      vertex 1.32453 -0.421387 -1.05
    endloop
  endfacet
  facet normal 1 0 0
    outer loop
      vertex 1.32453 -0.421387 -1.4
      vertex 1.32453 -0.645569 -1.05
      vertex 1.32453 -0.645569 -1.4
    endloop
  endfacet
  facet normal 0.266439 0.963852 -0
    outer loop
      vertex 1.39386 -0.664734 -1.4
      vertex 1.32453 -0.645569 -1.05
      vertex 1.39386 -0.664734 -1.05
    endloop
  endfacet
  facet normal 0.266439 0.963852 0
    outer loop
      vertex 1.32453 -0.645569 -1.05
      vertex 1.39386 -0.664734 -1.4
      vertex 1.32453 -0.645569 -1.4
    endloop
  endfacet
  facet normal 0.181851 0.983326 -0
    outer loop
      vertex 1.46787 -0.678421 -1.4
      vertex 1.39386 -0.664734 -1.05
      vertex 1.46787 -0.678421 -1.05
    endloop
  endfacet
  facet normal 0.181851 0.983326 0
    outer loop
      vertex 1.39386 -0.664734 -1.05
      vertex 1.46787 -0.678421 -1.4
      vertex 1.39386 -0.664734 -1.4
    endloop
  endfacet
  facet normal 0.103984 0.994579 -0
    outer loop
      vertex 1.54654 -0.686646 -1.4
      vertex 1.46787 -0.678421 -1.05
      vertex 1.54654 -0.686646 -1.05
    endloop
  endfacet
  facet normal 0.103984 0.994579 0
    outer loop
      vertex 1.46787 -0.678421 -1.05
      vertex 1.54654 -0.686646 -1.4
      vertex 1.46787 -0.678421 -1.4
    endloop
  endfacet
  facet normal 0.0327479 0.999464 -0
    outer loop
      vertex 1.62989 -0.689377 -1.4
      vertex 1.54654 -0.686646 -1.05
      vertex 1.62989 -0.689377 -1.05
    endloop
  endfacet
  facet normal 0.0327479 0.999464 0
    outer loop
      vertex 1.54654 -0.686646 -1.05
      vertex 1.62989 -0.689377 -1.4
      vertex 1.54654 -0.686646 -1.4
    endloop
  endfacet
  facet normal -0.0719702 0.997407 0
    outer loop
      vertex 1.70517 -0.683945 -1.4
      vertex 1.62989 -0.689377 -1.05
      vertex 1.70517 -0.683945 -1.05
    endloop
  endfacet
  facet normal -0.0719702 0.997407 0
    outer loop
      vertex 1.62989 -0.689377 -1.05
      vertex 1.70517 -0.683945 -1.4
      vertex 1.62989 -0.689377 -1.4
    endloop
  endfacet
  facet normal -0.99998 0.00638427 0
    outer loop
      vertex 10.4377 0.407074 -1.4
      vertex 10.4383 0.501053 -1.05
      vertex 10.4383 0.501053 -1.4
    endloop
  endfacet
  facet normal -0.99998 0.00638427 0
    outer loop
      vertex 10.4383 0.501053 -1.05
      vertex 10.4377 0.407074 -1.4
      vertex 10.4377 0.407074 -1.05
    endloop
  endfacet
  facet normal -0.999749 0.0224019 0
    outer loop
      vertex 10.4383 0.501053 -1.4
      vertex 10.4402 0.585846 -1.05
      vertex 10.4402 0.585846 -1.4
    endloop
  endfacet
  facet normal -0.999749 0.0224019 0
    outer loop
      vertex 10.4402 0.585846 -1.05
      vertex 10.4383 0.501053 -1.4
      vertex 10.4383 0.501053 -1.05
    endloop
  endfacet
  facet normal -0.999106 0.0422863 0
    outer loop
      vertex 10.4402 0.585846 -1.4
      vertex 10.4434 0.661453 -1.05
      vertex 10.4434 0.661453 -1.4
    endloop
  endfacet
  facet normal -0.999106 0.0422863 0
    outer loop
      vertex 10.4434 0.661453 -1.05
      vertex 10.4402 0.585846 -1.4
      vertex 10.4402 0.585846 -1.05
    endloop
  endfacet
  facet normal -0.997714 0.0675785 0
    outer loop
      vertex 10.4434 0.661453 -1.4
      vertex 10.4479 0.72789 -1.05
      vertex 10.4479 0.72789 -1.4
    endloop
  endfacet
  facet normal -0.997714 0.0675785 0
    outer loop
      vertex 10.4479 0.72789 -1.05
      vertex 10.4434 0.661453 -1.4
      vertex 10.4434 0.661453 -1.05
    endloop
  endfacet
  facet normal 0 -1 0
    outer loop
      vertex 10.0962 0.72789 -1.4
      vertex 10.4479 0.72789 -1.05
      vertex 10.0962 0.72789 -1.05
    endloop
  endfacet
  facet normal 0 -1 -0
    outer loop
      vertex 10.4479 0.72789 -1.05
      vertex 10.0962 0.72789 -1.4
      vertex 10.4479 0.72789 -1.4
    endloop
  endfacet
  facet normal 0.977615 -0.2104 0
    outer loop
      vertex 10.0931 0.713486 -1.05
      vertex 10.0962 0.72789 -1.4
      vertex 10.0962 0.72789 -1.05
    endloop
  endfacet
  facet normal 0.977615 -0.2104 0
    outer loop
      vertex 10.0962 0.72789 -1.4
      vertex 10.0931 0.713486 -1.05
      vertex 10.0931 0.713486 -1.4
    endloop
  endfacet
  facet normal 0.989701 -0.143149 0
    outer loop
      vertex 10.0902 0.693436 -1.05
      vertex 10.0931 0.713486 -1.4
      vertex 10.0931 0.713486 -1.05
    endloop
  endfacet
  facet normal 0.989701 -0.143149 0
    outer loop
      vertex 10.0931 0.713486 -1.4
      vertex 10.0902 0.693436 -1.05
      vertex 10.0902 0.693436 -1.4
    endloop
  endfacet
  facet normal 0.99492 -0.100669 0
    outer loop
      vertex 10.0876 0.66774 -1.05
      vertex 10.0902 0.693436 -1.4
      vertex 10.0902 0.693436 -1.05
    endloop
  endfacet
  facet normal 0.99492 -0.100669 0
    outer loop
      vertex 10.0902 0.693436 -1.4
      vertex 10.0876 0.66774 -1.05
      vertex 10.0876 0.66774 -1.4
    endloop
  endfacet
  facet normal 0.997315 -0.0732243 0
    outer loop
      vertex 10.0853 0.636414 -1.05
      vertex 10.0876 0.66774 -1.4
      vertex 10.0876 0.66774 -1.05
    endloop
  endfacet
  facet normal 0.997315 -0.0732243 0
    outer loop
      vertex 10.0876 0.66774 -1.4
      vertex 10.0853 0.636414 -1.05
      vertex 10.0853 0.636414 -1.4
    endloop
  endfacet
  facet normal 0.998282 -0.0585966 0
    outer loop
      vertex 10.0833 0.602341 -1.05
      vertex 10.0853 0.636414 -1.4
      vertex 10.0853 0.636414 -1.05
    endloop
  endfacet
  facet normal 0.998282 -0.0585966 0
    outer loop
      vertex 10.0853 0.636414 -1.4
      vertex 10.0833 0.602341 -1.05
      vertex 10.0833 0.602341 -1.4
    endloop
  endfacet
  facet normal 0.999148 -0.0412749 0
    outer loop
      vertex 10.0819 0.568451 -1.05
      vertex 10.0833 0.602341 -1.4
      vertex 10.0833 0.602341 -1.05
    endloop
  endfacet
  facet normal 0.999148 -0.0412749 0
    outer loop
      vertex 10.0833 0.602341 -1.4
      vertex 10.0819 0.568451 -1.05
      vertex 10.0819 0.568451 -1.4
    endloop
  endfacet
  facet normal 0.999645 -0.0266548 0
    outer loop
      vertex 10.081 0.534698 -1.05
      vertex 10.0819 0.568451 -1.4
      vertex 10.0819 0.568451 -1.05
    endloop
  endfacet
  facet normal 0.999645 -0.0266548 0
    outer loop
      vertex 10.0819 0.568451 -1.4
      vertex 10.081 0.534698 -1.05
      vertex 10.081 0.534698 -1.4
    endloop
  endfacet
  facet normal 0.999982 -0.00595777 0
    outer loop
      vertex 10.0808 0.501129 -1.05
      vertex 10.081 0.534698 -1.4
      vertex 10.081 0.534698 -1.05
    endloop
  endfacet
  facet normal 0.999982 -0.00595777 0
    outer loop
      vertex 10.081 0.534698 -1.4
      vertex 10.0808 0.501129 -1.05
      vertex 10.0808 0.501129 -1.4
    endloop
  endfacet
  facet normal 0 -1 0
    outer loop
      vertex 10.0756 0.501129 -1.4
      vertex 10.0808 0.501129 -1.05
      vertex 10.0756 0.501129 -1.05
    endloop
  endfacet
  facet normal 0 -1 -0
    outer loop
      vertex 10.0808 0.501129 -1.05
      vertex 10.0756 0.501129 -1.4
      vertex 10.0808 0.501129 -1.4
    endloop
  endfacet
  facet normal -0.835399 -0.549644 0
    outer loop
      vertex 10.0756 0.501129 -1.4
      vertex 10.0018 0.613297 -1.05
      vertex 10.0018 0.613297 -1.4
    endloop
  endfacet
  facet normal -0.835399 -0.549644 0
    outer loop
      vertex 10.0018 0.613297 -1.05
      vertex 10.0756 0.501129 -1.4
      vertex 10.0756 0.501129 -1.05
    endloop
  endfacet
  facet normal -0.629718 -0.776824 0
    outer loop
      vertex 9.90294 0.693436 -1.4
      vertex 10.0018 0.613297 -1.05
      vertex 9.90294 0.693436 -1.05
    endloop
  endfacet
  facet normal -0.629718 -0.776824 -0
    outer loop
      vertex 10.0018 0.613297 -1.05
      vertex 9.90294 0.693436 -1.4
      vertex 10.0018 0.613297 -1.4
    endloop
  endfacet
  facet normal -0.361368 -0.932423 0
    outer loop
      vertex 9.77892 0.741501 -1.4
      vertex 9.90294 0.693436 -1.05
      vertex 9.77892 0.741501 -1.05
    endloop
  endfacet
  facet normal -0.361368 -0.932423 -0
    outer loop
      vertex 9.90294 0.693436 -1.05
      vertex 9.77892 0.741501 -1.4
      vertex 9.90294 0.693436 -1.4
    endloop
  endfacet
  facet normal -0.106921 -0.994268 0
    outer loop
      vertex 9.62979 0.757538 -1.4
      vertex 9.77892 0.741501 -1.05
      vertex 9.62979 0.757538 -1.05
    endloop
  endfacet
  facet normal -0.106921 -0.994268 -0
    outer loop
      vertex 9.77892 0.741501 -1.05
      vertex 9.62979 0.757538 -1.4
      vertex 9.77892 0.741501 -1.4
    endloop
  endfacet
  facet normal 0.101458 -0.99484 0
    outer loop
      vertex 9.51488 0.745819 -1.4
      vertex 9.62979 0.757538 -1.05
      vertex 9.51488 0.745819 -1.05
    endloop
  endfacet
  facet normal 0.101458 -0.99484 0
    outer loop
      vertex 9.62979 0.757538 -1.05
      vertex 9.51488 0.745819 -1.4
      vertex 9.62979 0.757538 -1.4
    endloop
  endfacet
  facet normal 0.328125 -0.944634 0
    outer loop
      vertex 9.41367 0.710663 -1.4
      vertex 9.51488 0.745819 -1.05
      vertex 9.41367 0.710663 -1.05
    endloop
  endfacet
  facet normal 0.328125 -0.944634 0
    outer loop
      vertex 9.51488 0.745819 -1.05
      vertex 9.41367 0.710663 -1.4
      vertex 9.51488 0.745819 -1.4
    endloop
  endfacet
  facet normal 0.556139 -0.831089 0
    outer loop
      vertex 9.32613 0.652084 -1.4
      vertex 9.41367 0.710663 -1.05
      vertex 9.32613 0.652084 -1.05
    endloop
  endfacet
  facet normal 0.556139 -0.831089 0
    outer loop
      vertex 9.41367 0.710663 -1.05
      vertex 9.32613 0.652084 -1.4
      vertex 9.41367 0.710663 -1.4
    endloop
  endfacet
  facet normal 0.74324 -0.669025 0
    outer loop
      vertex 9.25229 0.570053 -1.05
      vertex 9.32613 0.652084 -1.4
      vertex 9.32613 0.652084 -1.05
    endloop
  endfacet
  facet normal 0.74324 -0.669025 0
    outer loop
      vertex 9.32613 0.652084 -1.4
      vertex 9.25229 0.570053 -1.05
      vertex 9.25229 0.570053 -1.4
    endloop
  endfacet
  facet normal 0.870318 -0.49249 0
    outer loop
      vertex 9.19367 0.466461 -1.05
      vertex 9.25229 0.570053 -1.4
      vertex 9.25229 0.570053 -1.05
    endloop
  endfacet
  facet normal 0.870318 -0.49249 0
    outer loop
      vertex 9.25229 0.570053 -1.4
      vertex 9.19367 0.466461 -1.05
      vertex 9.19367 0.466461 -1.4
    endloop
  endfacet
  facet normal 0.946911 -0.321496 0
    outer loop
      vertex 9.1518 0.34314 -1.05
      vertex 9.19367 0.466461 -1.4
      vertex 9.19367 0.466461 -1.05
    endloop
  endfacet
  facet normal 0.946911 -0.321496 0
    outer loop
      vertex 9.19367 0.466461 -1.4
      vertex 9.1518 0.34314 -1.05
      vertex 9.1518 0.34314 -1.4
    endloop
  endfacet
  facet normal 0.984921 -0.173003 0
    outer loop
      vertex 9.12667 0.200073 -1.05
      vertex 9.1518 0.34314 -1.4
      vertex 9.1518 0.34314 -1.05
    endloop
  endfacet
  facet normal 0.984921 -0.173003 0
    outer loop
      vertex 9.1518 0.34314 -1.4
      vertex 9.12667 0.200073 -1.05
      vertex 9.12667 0.200073 -1.4
    endloop
  endfacet
  facet normal 0.998678 -0.0514123 0
    outer loop
      vertex 9.11829 0.0372925 -1.05
      vertex 9.12667 0.200073 -1.4
      vertex 9.12667 0.200073 -1.05
    endloop
  endfacet
  facet normal 0.998678 -0.0514123 0
    outer loop
      vertex 9.12667 0.200073 -1.4
      vertex 9.11829 0.0372925 -1.05
      vertex 9.11829 0.0372925 -1.4
    endloop
  endfacet
  facet normal 0.998594 0.0530149 0
    outer loop
      vertex 9.12703 -0.127335 -1.05
      vertex 9.11829 0.0372925 -1.4
      vertex 9.11829 0.0372925 -1.05
    endloop
  endfacet
  facet normal 0.998594 0.0530149 0
    outer loop
      vertex 9.11829 0.0372925 -1.4
      vertex 9.12703 -0.127335 -1.05
      vertex 9.12703 -0.127335 -1.4
    endloop
  endfacet
  facet normal 0.98401 0.178115 0
    outer loop
      vertex 9.15323 -0.272079 -1.05
      vertex 9.12703 -0.127335 -1.4
      vertex 9.12703 -0.127335 -1.05
    endloop
  endfacet
  facet normal 0.98401 0.178115 0
    outer loop
      vertex 9.12703 -0.127335 -1.4
      vertex 9.15323 -0.272079 -1.05
      vertex 9.15323 -0.272079 -1.4
    endloop
  endfacet
  facet normal 0.943863 0.330337 0
    outer loop
      vertex 9.19693 -0.396942 -1.05
      vertex 9.15323 -0.272079 -1.4
      vertex 9.15323 -0.272079 -1.05
    endloop
  endfacet
  facet normal 0.943863 0.330337 0
    outer loop
      vertex 9.15323 -0.272079 -1.4
      vertex 9.19693 -0.396942 -1.05
      vertex 9.19693 -0.396942 -1.4
    endloop
  endfacet
  facet normal 0.864028 0.503444 0
    outer loop
      vertex 9.25809 -0.501907 -1.05
      vertex 9.19693 -0.396942 -1.4
      vertex 9.19693 -0.396942 -1.05
    endloop
  endfacet
  facet normal 0.864028 0.503444 0
    outer loop
      vertex 9.19693 -0.396942 -1.4
      vertex 9.25809 -0.501907 -1.05
      vertex 9.25809 -0.501907 -1.4
    endloop
  endfacet
  facet normal 0.73326 0.679949 0
    outer loop
      vertex 9.33519 -0.585052 -1.05
      vertex 9.25809 -0.501907 -1.4
      vertex 9.25809 -0.501907 -1.05
    endloop
  endfacet
  facet normal 0.73326 0.679949 0
    outer loop
      vertex 9.25809 -0.501907 -1.4
      vertex 9.33519 -0.585052 -1.05
      vertex 9.33519 -0.585052 -1.4
    endloop
  endfacet
  facet normal 0.544386 0.838835 -0
    outer loop
      vertex 9.4267 -0.64444 -1.4
      vertex 9.33519 -0.585052 -1.05
      vertex 9.4267 -0.64444 -1.05
    endloop
  endfacet
  facet normal 0.544386 0.838835 0
    outer loop
      vertex 9.33519 -0.585052 -1.05
      vertex 9.4267 -0.64444 -1.4
      vertex 9.33519 -0.585052 -1.4
    endloop
  endfacet
  facet normal 0.318768 0.947833 -0
    outer loop
      vertex 9.53264 -0.680069 -1.4
      vertex 9.4267 -0.64444 -1.05
      vertex 9.53264 -0.680069 -1.05
    endloop
  endfacet
  facet normal 0.318768 0.947833 0
    outer loop
      vertex 9.4267 -0.64444 -1.05
      vertex 9.53264 -0.680069 -1.4
      vertex 9.4267 -0.64444 -1.4
    endloop
  endfacet
  facet normal 0.0981609 0.995171 -0
    outer loop
      vertex 9.65299 -0.69194 -1.4
      vertex 9.53264 -0.680069 -1.05
      vertex 9.65299 -0.69194 -1.05
    endloop
  endfacet
  facet normal 0.0981609 0.995171 0
    outer loop
      vertex 9.53264 -0.680069 -1.05
      vertex 9.65299 -0.69194 -1.4
      vertex 9.53264 -0.680069 -1.4
    endloop
  endfacet
  facet normal -0.0559494 0.998434 0
    outer loop
      vertex 9.72405 -0.687958 -1.4
      vertex 9.65299 -0.69194 -1.05
      vertex 9.72405 -0.687958 -1.05
    endloop
  endfacet
  facet normal -0.0559494 0.998434 0
    outer loop
      vertex 9.65299 -0.69194 -1.05
      vertex 9.72405 -0.687958 -1.4
      vertex 9.65299 -0.69194 -1.4
    endloop
  endfacet
  facet normal -0.177277 0.984161 0
    outer loop
      vertex 9.79038 -0.67601 -1.4
      vertex 9.72405 -0.687958 -1.05
      vertex 9.79038 -0.67601 -1.05
    endloop
  endfacet
  facet normal -0.177277 0.984161 0
    outer loop
      vertex 9.72405 -0.687958 -1.05
      vertex 9.79038 -0.67601 -1.4
      vertex 9.72405 -0.687958 -1.4
    endloop
  endfacet
  facet normal -0.308027 0.951378 0
    outer loop
      vertex 9.85193 -0.656082 -1.4
      vertex 9.79038 -0.67601 -1.05
      vertex 9.85193 -0.656082 -1.05
    endloop
  endfacet
  facet normal -0.308027 0.951378 0
    outer loop
      vertex 9.79038 -0.67601 -1.05
      vertex 9.85193 -0.656082 -1.4
      vertex 9.79038 -0.67601 -1.4
    endloop
  endfacet
  facet normal -0.440921 0.897546 0
    outer loop
      vertex 9.90874 -0.628174 -1.4
      vertex 9.85193 -0.656082 -1.05
      vertex 9.90874 -0.628174 -1.05
    endloop
  endfacet
  facet normal -0.440921 0.897546 0
    outer loop
      vertex 9.85193 -0.656082 -1.05
      vertex 9.90874 -0.628174 -1.4
      vertex 9.85193 -0.656082 -1.4
    endloop
  endfacet
  facet normal -0.56817 0.822911 0
    outer loop
      vertex 9.95999 -0.592789 -1.4
      vertex 9.90874 -0.628174 -1.05
      vertex 9.95999 -0.592789 -1.05
    endloop
  endfacet
  facet normal -0.56817 0.822911 0
    outer loop
      vertex 9.90874 -0.628174 -1.05
      vertex 9.95999 -0.592789 -1.4
      vertex 9.90874 -0.628174 -1.4
    endloop
  endfacet
  facet normal -0.686529 0.727102 0
    outer loop
      vertex 10.0049 -0.550385 -1.4
      vertex 9.95999 -0.592789 -1.05
      vertex 10.0049 -0.550385 -1.05
    endloop
  endfacet
  facet normal -0.686529 0.727102 0
    outer loop
      vertex 9.95999 -0.592789 -1.05
      vertex 10.0049 -0.550385 -1.4
      vertex 9.95999 -0.592789 -1.4
    endloop
  endfacet
  facet normal -0.788798 0.614652 0
    outer loop
      vertex 10.0049 -0.550385 -1.4
      vertex 10.0434 -0.500977 -1.05
      vertex 10.0434 -0.500977 -1.4
    endloop
  endfacet
  facet normal -0.788798 0.614652 0
    outer loop
      vertex 10.0434 -0.500977 -1.05
      vertex 10.0049 -0.550385 -1.4
      vertex 10.0049 -0.550385 -1.05
    endloop
  endfacet
  facet normal -0.868478 0.495728 0
    outer loop
      vertex 10.0434 -0.500977 -1.4
      vertex 10.0756 -0.444565 -1.05
      vertex 10.0756 -0.444565 -1.4
    endloop
  endfacet
  facet normal -0.868478 0.495728 0
    outer loop
      vertex 10.0756 -0.444565 -1.05
      vertex 10.0434 -0.500977 -1.4
      vertex 10.0434 -0.500977 -1.05
    endloop
  endfacet
  facet normal 0 1 -0
    outer loop
      vertex 10.0833 -0.444565 -1.4
      vertex 10.0756 -0.444565 -1.05
      vertex 10.0833 -0.444565 -1.05
    endloop
  endfacet
  facet normal 0 1 0
    outer loop
      vertex 10.0756 -0.444565 -1.05
      vertex 10.0833 -0.444565 -1.4
      vertex 10.0756 -0.444565 -1.4
    endloop
  endfacet
  facet normal 0.993271 -0.115817 0
    outer loop
      vertex 10.0799 -0.473724 -1.05
      vertex 10.0833 -0.444565 -1.4
      vertex 10.0833 -0.444565 -1.05
    endloop
  endfacet
  facet normal 0.993271 -0.115817 0
    outer loop
      vertex 10.0833 -0.444565 -1.4
      vertex 10.0799 -0.473724 -1.05
      vertex 10.0799 -0.473724 -1.4
    endloop
  endfacet
  facet normal 0.998793 -0.049123 0
    outer loop
      vertex 10.0775 -0.522522 -1.05
      vertex 10.0799 -0.473724 -1.4
      vertex 10.0799 -0.473724 -1.05
    endloop
  endfacet
  facet normal 0.998793 -0.049123 0
    outer loop
      vertex 10.0799 -0.473724 -1.4
      vertex 10.0775 -0.522522 -1.05
      vertex 10.0775 -0.522522 -1.4
    endloop
  endfacet
  facet normal 0.999791 -0.0204483 0
    outer loop
      vertex 10.0761 -0.590973 -1.05
      vertex 10.0775 -0.522522 -1.4
      vertex 10.0775 -0.522522 -1.05
    endloop
  endfacet
  facet normal 0.999791 -0.0204483 0
    outer loop
      vertex 10.0775 -0.522522 -1.4
      vertex 10.0761 -0.590973 -1.05
      vertex 10.0761 -0.590973 -1.4
    endloop
  endfacet
  facet normal 0.999984 -0.00567599 0
    outer loop
      vertex 10.0756 -0.679062 -1.05
      vertex 10.0761 -0.590973 -1.4
      vertex 10.0761 -0.590973 -1.05
    endloop
  endfacet
  facet normal 0.999984 -0.00567599 0
    outer loop
      vertex 10.0761 -0.590973 -1.4
      vertex 10.0756 -0.679062 -1.05
      vertex 10.0756 -0.679062 -1.4
    endloop
  endfacet
  facet normal 1 -0 0
    outer loop
      vertex 10.0756 -1.21376 -1.05
      vertex 10.0756 -0.679062 -1.4
      vertex 10.0756 -0.679062 -1.05
    endloop
  endfacet
  facet normal 1 0 0
    outer loop
      vertex 10.0756 -0.679062 -1.4
      vertex 10.0756 -1.21376 -1.05
      vertex 10.0756 -1.21376 -1.4
    endloop
  endfacet
  facet normal 0 1 -0
    outer loop
      vertex 10.4377 -1.21376 -1.4
      vertex 10.0756 -1.21376 -1.05
      vertex 10.4377 -1.21376 -1.05
    endloop
  endfacet
  facet normal 0 1 0
    outer loop
      vertex 10.0756 -1.21376 -1.05
      vertex 10.4377 -1.21376 -1.4
      vertex 10.0756 -1.21376 -1.4
    endloop
  endfacet
  facet normal -1 0 0
    outer loop
      vertex 10.4377 -1.21376 -1.4
      vertex 10.4377 0.407074 -1.05
      vertex 10.4377 0.407074 -1.4
    endloop
  endfacet
  facet normal -1 -0 0
    outer loop
      vertex 10.4377 0.407074 -1.05
      vertex 10.4377 -1.21376 -1.4
      vertex 10.4377 -1.21376 -1.05
    endloop
  endfacet
  facet normal -0.706156 -0.708056 0
    outer loop
      vertex 9.56827 -0.324097 -1.4
      vertex 9.65886 -0.414444 -1.05
      vertex 9.56827 -0.324097 -1.05
    endloop
  endfacet
  facet normal -0.706156 -0.708056 -0
    outer loop
      vertex 9.65886 -0.414444 -1.05
      vertex 9.56827 -0.324097 -1.4
      vertex 9.65886 -0.414444 -1.4
    endloop
  endfacet
  facet normal -0.940612 -0.339482 0
    outer loop
      vertex 9.56827 -0.324097 -1.4
      vertex 9.51392 -0.173508 -1.05
      vertex 9.51392 -0.173508 -1.4
    endloop
  endfacet
  facet normal -0.940612 -0.339482 0
    outer loop
      vertex 9.51392 -0.173508 -1.05
      vertex 9.56827 -0.324097 -1.4
      vertex 9.56827 -0.324097 -1.05
    endloop
  endfacet
  facet normal -0.99633 -0.0855953 0
    outer loop
      vertex 9.51392 -0.173508 -1.4
      vertex 9.49581 0.0372925 -1.05
      vertex 9.49581 0.0372925 -1.4
    endloop
  endfacet
  facet normal -0.99633 -0.0855953 0
    outer loop
      vertex 9.49581 0.0372925 -1.05
      vertex 9.51392 -0.173508 -1.4
      vertex 9.51392 -0.173508 -1.05
    endloop
  endfacet
  facet normal -0.996199 0.0871012 0
    outer loop
      vertex 9.49581 0.0372925 -1.4
      vertex 9.51375 0.242477 -1.05
      vertex 9.51375 0.242477 -1.4
    endloop
  endfacet
  facet normal -0.996199 0.0871012 0
    outer loop
      vertex 9.51375 0.242477 -1.05
      vertex 9.49581 0.0372925 -1.4
      vertex 9.49581 0.0372925 -1.05
    endloop
  endfacet
  facet normal -0.938584 0.34505 0
    outer loop
      vertex 9.51375 0.242477 -1.4
      vertex 9.56763 0.389038 -1.05
      vertex 9.56763 0.389038 -1.4
    endloop
  endfacet
  facet normal -0.938584 0.34505 0
    outer loop
      vertex 9.56763 0.389038 -1.05
      vertex 9.51375 0.242477 -1.4
      vertex 9.51375 0.242477 -1.05
    endloop
  endfacet
  facet normal -0.699671 0.714465 0
    outer loop
      vertex 9.65741 0.476959 -1.4
      vertex 9.56763 0.389038 -1.05
      vertex 9.65741 0.476959 -1.05
    endloop
  endfacet
  facet normal -0.699671 0.714465 0
    outer loop
      vertex 9.56763 0.389038 -1.05
      vertex 9.65741 0.476959 -1.4
      vertex 9.56763 0.389038 -1.4
    endloop
  endfacet
  facet normal -0.227097 0.973872 0
    outer loop
      vertex 9.78311 0.506271 -1.4
      vertex 9.65741 0.476959 -1.05
      vertex 9.78311 0.506271 -1.05
    endloop
  endfacet
  facet normal -0.227097 0.973872 0
    outer loop
      vertex 9.65741 0.476959 -1.05
      vertex 9.78311 0.506271 -1.4
      vertex 9.65741 0.476959 -1.4
    endloop
  endfacet
  facet normal 0.115328 0.993327 -0
    outer loop
      vertex 9.85105 0.498383 -1.4
      vertex 9.78311 0.506271 -1.05
      vertex 9.85105 0.498383 -1.05
    endloop
  endfacet
  facet normal 0.115328 0.993327 0
    outer loop
      vertex 9.78311 0.506271 -1.05
      vertex 9.85105 0.498383 -1.4
      vertex 9.78311 0.506271 -1.4
    endloop
  endfacet
  facet normal 0.370016 0.929025 -0
    outer loop
      vertex 9.91051 0.474701 -1.4
      vertex 9.85105 0.498383 -1.05
      vertex 9.91051 0.474701 -1.05
    endloop
  endfacet
  facet normal 0.370016 0.929025 0
    outer loop
      vertex 9.85105 0.498383 -1.05
      vertex 9.91051 0.474701 -1.4
      vertex 9.85105 0.498383 -1.4
    endloop
  endfacet
  facet normal 0.611857 0.790968 -0
    outer loop
      vertex 9.96152 0.435242 -1.4
      vertex 9.91051 0.474701 -1.05
      vertex 9.96152 0.435242 -1.05
    endloop
  endfacet
  facet normal 0.611857 0.790968 0
    outer loop
      vertex 9.91051 0.474701 -1.05
      vertex 9.96152 0.435242 -1.4
      vertex 9.91051 0.474701 -1.4
    endloop
  endfacet
  facet normal 0.792 0.610521 0
    outer loop
      vertex 10.0041 0.380005 -1.05
      vertex 9.96152 0.435242 -1.4
      vertex 9.96152 0.435242 -1.05
    endloop
  endfacet
  facet normal 0.792 0.610521 0
    outer loop
      vertex 9.96152 0.435242 -1.4
      vertex 10.0041 0.380005 -1.05
      vertex 10.0041 0.380005 -1.4
    endloop
  endfacet
  facet normal 0.900599 0.434652 0
    outer loop
      vertex 10.0376 0.310593 -1.05
      vertex 10.0041 0.380005 -1.4
      vertex 10.0041 0.380005 -1.05
    endloop
  endfacet
  facet normal 0.900599 0.434652 0
    outer loop
      vertex 10.0041 0.380005 -1.4
      vertex 10.0376 0.310593 -1.05
      vertex 10.0376 0.310593 -1.4
    endloop
  endfacet
  facet normal 0.959711 0.28099 0
    outer loop
      vertex 10.0616 0.228622 -1.05
      vertex 10.0376 0.310593 -1.4
      vertex 10.0376 0.310593 -1.05
    endloop
  endfacet
  facet normal 0.959711 0.28099 0
    outer loop
      vertex 10.0376 0.310593 -1.4
      vertex 10.0616 0.228622 -1.05
      vertex 10.0616 0.228622 -1.4
    endloop
  endfacet
  facet normal 0.988599 0.150575 0
    outer loop
      vertex 10.076 0.134079 -1.05
      vertex 10.0616 0.228622 -1.4
      vertex 10.0616 0.228622 -1.05
    endloop
  endfacet
  facet normal 0.988599 0.150575 0
    outer loop
      vertex 10.0616 0.228622 -1.4
      vertex 10.076 0.134079 -1.05
      vertex 10.076 0.134079 -1.4
    endloop
  endfacet
  facet normal 0.998997 0.0447724 0
    outer loop
      vertex 10.0808 0.0269775 -1.05
      vertex 10.076 0.134079 -1.4
      vertex 10.076 0.134079 -1.05
    endloop
  endfacet
  facet normal 0.998997 0.0447724 0
    outer loop
      vertex 10.076 0.134079 -1.4
      vertex 10.0808 0.0269775 -1.05
      vertex 10.0808 0.0269775 -1.4
    endloop
  endfacet
  facet normal 0.998982 -0.0451059 0
    outer loop
      vertex 10.076 -0.0793304 -1.05
      vertex 10.0808 0.0269775 -1.4
      vertex 10.0808 0.0269775 -1.05
    endloop
  endfacet
  facet normal 0.998982 -0.0451059 0
    outer loop
      vertex 10.0808 0.0269775 -1.4
      vertex 10.076 -0.0793304 -1.05
      vertex 10.076 -0.0793304 -1.4
    endloop
  endfacet
  facet normal 0.988356 -0.152158 0
    outer loop
      vertex 10.0616 -0.172867 -1.05
      vertex 10.076 -0.0793304 -1.4
      vertex 10.076 -0.0793304 -1.05
    endloop
  endfacet
  facet normal 0.988356 -0.152158 0
    outer loop
      vertex 10.076 -0.0793304 -1.4
      vertex 10.0616 -0.172867 -1.05
      vertex 10.0616 -0.172867 -1.4
    endloop
  endfacet
  facet normal 0.958543 -0.284948 0
    outer loop
      vertex 10.0376 -0.253601 -1.05
      vertex 10.0616 -0.172867 -1.4
      vertex 10.0616 -0.172867 -1.05
    endloop
  endfacet
  facet normal 0.958543 -0.284948 0
    outer loop
      vertex 10.0616 -0.172867 -1.4
      vertex 10.0376 -0.253601 -1.05
      vertex 10.0376 -0.253601 -1.4
    endloop
  endfacet
  facet normal 0.896836 -0.442363 0
    outer loop
      vertex 10.0041 -0.321518 -1.05
      vertex 10.0376 -0.253601 -1.4
      vertex 10.0376 -0.253601 -1.05
    endloop
  endfacet
  facet normal 0.896836 -0.442363 0
    outer loop
      vertex 10.0376 -0.253601 -1.4
      vertex 10.0041 -0.321518 -1.05
      vertex 10.0041 -0.321518 -1.4
    endloop
  endfacet
  facet normal 0.785519 -0.618837 0
    outer loop
      vertex 9.96169 -0.375351 -1.05
      vertex 10.0041 -0.321518 -1.4
      vertex 10.0041 -0.321518 -1.05
    endloop
  endfacet
  facet normal 0.785519 -0.618837 0
    outer loop
      vertex 10.0041 -0.321518 -1.4
      vertex 9.96169 -0.375351 -1.05
      vertex 9.96169 -0.375351 -1.4
    endloop
  endfacet
  facet normal 0.60565 -0.795731 0
    outer loop
      vertex 9.91117 -0.413803 -1.4
      vertex 9.96169 -0.375351 -1.05
      vertex 9.91117 -0.413803 -1.05
    endloop
  endfacet
  facet normal 0.60565 -0.795731 0
    outer loop
      vertex 9.96169 -0.375351 -1.05
      vertex 9.91117 -0.413803 -1.4
      vertex 9.96169 -0.375351 -1.4
    endloop
  endfacet
  facet normal 0.365956 -0.930632 0
    outer loop
      vertex 9.8525 -0.436874 -1.4
      vertex 9.91117 -0.413803 -1.05
      vertex 9.8525 -0.436874 -1.05
    endloop
  endfacet
  facet normal 0.365956 -0.930632 0
    outer loop
      vertex 9.91117 -0.413803 -1.05
      vertex 9.8525 -0.436874 -1.4
      vertex 9.91117 -0.413803 -1.4
    endloop
  endfacet
  facet normal 0.114396 -0.993435 0
    outer loop
      vertex 9.78571 -0.444565 -1.4
      vertex 9.8525 -0.436874 -1.05
      vertex 9.78571 -0.444565 -1.05
    endloop
  endfacet
  facet normal 0.114396 -0.993435 0
    outer loop
      vertex 9.8525 -0.436874 -1.05
      vertex 9.78571 -0.444565 -1.4
      vertex 9.8525 -0.436874 -1.4
    endloop
  endfacet
  facet normal -0.23103 -0.972947 0
    outer loop
      vertex 9.65886 -0.414444 -1.4
      vertex 9.78571 -0.444565 -1.05
      vertex 9.65886 -0.414444 -1.05
    endloop
  endfacet
  facet normal -0.23103 -0.972947 -0
    outer loop
      vertex 9.78571 -0.444565 -1.05
      vertex 9.65886 -0.414444 -1.4
      vertex 9.78571 -0.444565 -1.4
    endloop
  endfacet
  facet normal -0.999977 0.00680987 0
    outer loop
      vertex 4.99417 0.407074 -1.4
      vertex 4.99481 0.501053 -1.05
      vertex 4.99481 0.501053 -1.4
    endloop
  endfacet
  facet normal -0.999977 0.00680987 0
    outer loop
      vertex 4.99481 0.501053 -1.05
      vertex 4.99417 0.407074 -1.4
      vertex 4.99417 0.407074 -1.05
    endloop
  endfacet
  facet normal -0.999741 0.0227554 0
    outer loop
      vertex 4.99481 0.501053 -1.4
      vertex 4.99674 0.585846 -1.05
      vertex 4.99674 0.585846 -1.4
    endloop
  endfacet
  facet normal -0.999741 0.0227554 0
    outer loop
      vertex 4.99674 0.585846 -1.05
      vertex 4.99481 0.501053 -1.4
      vertex 4.99481 0.501053 -1.05
    endloop
  endfacet
  facet normal -0.999094 0.0425501 0
    outer loop
      vertex 4.99674 0.585846 -1.4
      vertex 4.99996 0.661453 -1.05
      vertex 4.99996 0.661453 -1.4
    endloop
  endfacet
  facet normal -0.999094 0.0425501 0
    outer loop
      vertex 4.99996 0.661453 -1.05
      vertex 4.99674 0.585846 -1.4
      vertex 4.99674 0.585846 -1.05
    endloop
  endfacet
  facet normal -0.997714 0.0675785 0
    outer loop
      vertex 4.99996 0.661453 -1.4
      vertex 5.00446 0.72789 -1.05
      vertex 5.00446 0.72789 -1.4
    endloop
  endfacet
  facet normal -0.997714 0.0675785 0
    outer loop
      vertex 5.00446 0.72789 -1.05
      vertex 4.99996 0.661453 -1.4
      vertex 4.99996 0.661453 -1.05
    endloop
  endfacet
  facet normal 0 -1 0
    outer loop
      vertex 4.65271 0.72789 -1.4
      vertex 5.00446 0.72789 -1.05
      vertex 4.65271 0.72789 -1.05
    endloop
  endfacet
  facet normal 0 -1 -0
    outer loop
      vertex 5.00446 0.72789 -1.05
      vertex 4.65271 0.72789 -1.4
      vertex 5.00446 0.72789 -1.4
    endloop
  endfacet
  facet normal 0.977755 -0.209752 0
    outer loop
      vertex 4.64962 0.713486 -1.05
      vertex 4.65271 0.72789 -1.4
      vertex 4.65271 0.72789 -1.05
    endloop
  endfacet
  facet normal 0.977755 -0.209752 0
    outer loop
      vertex 4.65271 0.72789 -1.4
      vertex 4.64962 0.713486 -1.05
      vertex 4.64962 0.713486 -1.4
    endloop
  endfacet
  facet normal 0.989979 -0.141214 0
    outer loop
      vertex 4.64676 0.693436 -1.05
      vertex 4.64962 0.713486 -1.4
      vertex 4.64962 0.713486 -1.05
    endloop
  endfacet
  facet normal 0.989979 -0.141214 0
    outer loop
      vertex 4.64962 0.713486 -1.4
      vertex 4.64676 0.693436 -1.05
      vertex 4.64676 0.693436 -1.4
    endloop
  endfacet
  facet normal 0.994881 -0.101052 0
    outer loop
      vertex 4.64415 0.66774 -1.05
      vertex 4.64676 0.693436 -1.4
      vertex 4.64676 0.693436 -1.05
    endloop
  endfacet
  facet normal 0.994881 -0.101052 0
    outer loop
      vertex 4.64676 0.693436 -1.4
      vertex 4.64415 0.66774 -1.05
      vertex 4.64415 0.66774 -1.4
    endloop
  endfacet
  facet normal 0.997126 -0.0757569 0
    outer loop
      vertex 4.64177 0.636414 -1.05
      vertex 4.64415 0.66774 -1.4
      vertex 4.64415 0.66774 -1.05
    endloop
  endfacet
  facet normal 0.997126 -0.0757569 0
    outer loop
      vertex 4.64415 0.66774 -1.4
      vertex 4.64177 0.636414 -1.05
      vertex 4.64177 0.636414 -1.4
    endloop
  endfacet
  facet normal 0.998333 -0.0577206 0
    outer loop
      vertex 4.6398 0.602341 -1.05
      vertex 4.64177 0.636414 -1.4
      vertex 4.64177 0.636414 -1.05
    endloop
  endfacet
  facet normal 0.998333 -0.0577206 0
    outer loop
      vertex 4.64177 0.636414 -1.4
      vertex 4.6398 0.602341 -1.05
      vertex 4.6398 0.602341 -1.4
    endloop
  endfacet
  facet normal 0.999148 -0.0412749 0
    outer loop
      vertex 4.6384 0.568451 -1.05
      vertex 4.6398 0.602341 -1.4
      vertex 4.6398 0.602341 -1.05
    endloop
  endfacet
  facet normal 0.999148 -0.0412749 0
    outer loop
      vertex 4.6398 0.602341 -1.4
      vertex 4.6384 0.568451 -1.05
      vertex 4.6384 0.568451 -1.4
    endloop
  endfacet
  facet normal 0.999683 -0.025175 0
    outer loop
      vertex 4.63755 0.534698 -1.05
      vertex 4.6384 0.568451 -1.4
      vertex 4.6384 0.568451 -1.05
    endloop
  endfacet
  facet normal 0.999683 -0.025175 0
    outer loop
      vertex 4.6384 0.568451 -1.4
      vertex 4.63755 0.534698 -1.05
      vertex 4.63755 0.534698 -1.4
    endloop
  endfacet
  facet normal 0.999965 -0.00834074 0
    outer loop
      vertex 4.63727 0.501129 -1.05
      vertex 4.63755 0.534698 -1.4
      vertex 4.63755 0.534698 -1.05
    endloop
  endfacet
  facet normal 0.999965 -0.00834074 0
    outer loop
      vertex 4.63755 0.534698 -1.4
      vertex 4.63727 0.501129 -1.05
      vertex 4.63727 0.501129 -1.4
    endloop
  endfacet
  facet normal 0 -1 0
    outer loop
      vertex 4.6321 0.501129 -1.4
      vertex 4.63727 0.501129 -1.05
      vertex 4.6321 0.501129 -1.05
    endloop
  endfacet
  facet normal 0 -1 -0
    outer loop
      vertex 4.63727 0.501129 -1.05
      vertex 4.6321 0.501129 -1.4
      vertex 4.63727 0.501129 -1.4
    endloop
  endfacet
  facet normal -0.835536 -0.549436 0
    outer loop
      vertex 4.6321 0.501129 -1.4
      vertex 4.55834 0.613297 -1.05
      vertex 4.55834 0.613297 -1.4
    endloop
  endfacet
  facet normal -0.835536 -0.549436 0
    outer loop
      vertex 4.55834 0.613297 -1.05
      vertex 4.6321 0.501129 -1.4
      vertex 4.6321 0.501129 -1.05
    endloop
  endfacet
  facet normal -0.629641 -0.776886 0
    outer loop
      vertex 4.45946 0.693436 -1.4
      vertex 4.55834 0.613297 -1.05
      vertex 4.45946 0.693436 -1.05
    endloop
  endfacet
  facet normal -0.629641 -0.776886 -0
    outer loop
      vertex 4.55834 0.613297 -1.05
      vertex 4.45946 0.693436 -1.4
      vertex 4.55834 0.613297 -1.4
    endloop
  endfacet
  facet normal -0.361368 -0.932423 0
    outer loop
      vertex 4.33544 0.741501 -1.4
      vertex 4.45946 0.693436 -1.05
      vertex 4.33544 0.741501 -1.05
    endloop
  endfacet
  facet normal -0.361368 -0.932423 -0
    outer loop
      vertex 4.45946 0.693436 -1.05
      vertex 4.33544 0.741501 -1.4
      vertex 4.45946 0.693436 -1.4
    endloop
  endfacet
  facet normal -0.106921 -0.994268 0
    outer loop
      vertex 4.18631 0.757538 -1.4
      vertex 4.33544 0.741501 -1.05
      vertex 4.18631 0.757538 -1.05
    endloop
  endfacet
  facet normal -0.106921 -0.994268 -0
    outer loop
      vertex 4.33544 0.741501 -1.05
      vertex 4.18631 0.757538 -1.4
      vertex 4.33544 0.741501 -1.4
    endloop
  endfacet
  facet normal 0.101458 -0.99484 0
    outer loop
      vertex 4.0714 0.745819 -1.4
      vertex 4.18631 0.757538 -1.05
      vertex 4.0714 0.745819 -1.05
    endloop
  endfacet
  facet normal 0.101458 -0.99484 0
    outer loop
      vertex 4.18631 0.757538 -1.05
      vertex 4.0714 0.745819 -1.4
      vertex 4.18631 0.757538 -1.4
    endloop
  endfacet
  facet normal 0.328125 -0.944634 0
    outer loop
      vertex 3.97019 0.710663 -1.4
      vertex 4.0714 0.745819 -1.05
      vertex 3.97019 0.710663 -1.05
    endloop
  endfacet
  facet normal 0.328125 -0.944634 0
    outer loop
      vertex 4.0714 0.745819 -1.05
      vertex 3.97019 0.710663 -1.4
      vertex 4.0714 0.745819 -1.4
    endloop
  endfacet
  facet normal 0.556139 -0.831089 0
    outer loop
      vertex 3.88265 0.652084 -1.4
      vertex 3.97019 0.710663 -1.05
      vertex 3.88265 0.652084 -1.05
    endloop
  endfacet
  facet normal 0.556139 -0.831089 0
    outer loop
      vertex 3.97019 0.710663 -1.05
      vertex 3.88265 0.652084 -1.4
      vertex 3.97019 0.710663 -1.4
    endloop
  endfacet
  facet normal 0.74324 -0.669025 0
    outer loop
      vertex 3.80881 0.570053 -1.05
      vertex 3.88265 0.652084 -1.4
      vertex 3.88265 0.652084 -1.05
    endloop
  endfacet
  facet normal 0.74324 -0.669025 0
    outer loop
      vertex 3.88265 0.652084 -1.4
      vertex 3.80881 0.570053 -1.05
      vertex 3.80881 0.570053 -1.4
    endloop
  endfacet
  facet normal 0.870318 -0.49249 0
    outer loop
      vertex 3.75019 0.466461 -1.05
      vertex 3.80881 0.570053 -1.4
      vertex 3.80881 0.570053 -1.05
    endloop
  endfacet
  facet normal 0.870318 -0.49249 0
    outer loop
      vertex 3.80881 0.570053 -1.4
      vertex 3.75019 0.466461 -1.05
      vertex 3.75019 0.466461 -1.4
    endloop
  endfacet
  facet normal 0.946911 -0.321496 0
    outer loop
      vertex 3.70832 0.34314 -1.05
      vertex 3.75019 0.466461 -1.4
      vertex 3.75019 0.466461 -1.05
    endloop
  endfacet
  facet normal 0.946911 -0.321496 0
    outer loop
      vertex 3.75019 0.466461 -1.4
      vertex 3.70832 0.34314 -1.05
      vertex 3.70832 0.34314 -1.4
    endloop
  endfacet
  facet normal 0.98491 -0.17307 0
    outer loop
      vertex 3.68318 0.200073 -1.05
      vertex 3.70832 0.34314 -1.4
      vertex 3.70832 0.34314 -1.05
    endloop
  endfacet
  facet normal 0.98491 -0.17307 0
    outer loop
      vertex 3.70832 0.34314 -1.4
      vertex 3.68318 0.200073 -1.05
      vertex 3.68318 0.200073 -1.4
    endloop
  endfacet
  facet normal 0.998681 -0.0513511 0
    outer loop
      vertex 3.67481 0.0372925 -1.05
      vertex 3.68318 0.200073 -1.4
      vertex 3.68318 0.200073 -1.05
    endloop
  endfacet
  facet normal 0.998681 -0.0513511 0
    outer loop
      vertex 3.68318 0.200073 -1.4
      vertex 3.67481 0.0372925 -1.05
      vertex 3.67481 0.0372925 -1.4
    endloop
  endfacet
  facet normal 0.998594 0.0530149 0
    outer loop
      vertex 3.68355 -0.127335 -1.05
      vertex 3.67481 0.0372925 -1.4
      vertex 3.67481 0.0372925 -1.05
    endloop
  endfacet
  facet normal 0.998594 0.0530149 0
    outer loop
      vertex 3.67481 0.0372925 -1.4
      vertex 3.68355 -0.127335 -1.05
      vertex 3.68355 -0.127335 -1.4
    endloop
  endfacet
  facet normal 0.98401 0.178115 0
    outer loop
      vertex 3.70975 -0.272079 -1.05
      vertex 3.68355 -0.127335 -1.4
      vertex 3.68355 -0.127335 -1.05
    endloop
  endfacet
  facet normal 0.98401 0.178115 0
    outer loop
      vertex 3.68355 -0.127335 -1.4
      vertex 3.70975 -0.272079 -1.05
      vertex 3.70975 -0.272079 -1.4
    endloop
  endfacet
  facet normal 0.943863 0.330337 0
    outer loop
      vertex 3.75345 -0.396942 -1.05
      vertex 3.70975 -0.272079 -1.4
      vertex 3.70975 -0.272079 -1.05
    endloop
  endfacet
  facet normal 0.943863 0.330337 0
    outer loop
      vertex 3.70975 -0.272079 -1.4
      vertex 3.75345 -0.396942 -1.05
      vertex 3.75345 -0.396942 -1.4
    endloop
  endfacet
  facet normal 0.864028 0.503444 0
    outer loop
      vertex 3.81461 -0.501907 -1.05
      vertex 3.75345 -0.396942 -1.4
      vertex 3.75345 -0.396942 -1.05
    endloop
  endfacet
  facet normal 0.864028 0.503444 0
    outer loop
      vertex 3.75345 -0.396942 -1.4
      vertex 3.81461 -0.501907 -1.05
      vertex 3.81461 -0.501907 -1.4
    endloop
  endfacet
  facet normal 0.73326 0.679949 0
    outer loop
      vertex 3.89171 -0.585052 -1.05
      vertex 3.81461 -0.501907 -1.4
      vertex 3.81461 -0.501907 -1.05
    endloop
  endfacet
  facet normal 0.73326 0.679949 0
    outer loop
      vertex 3.81461 -0.501907 -1.4
      vertex 3.89171 -0.585052 -1.05
      vertex 3.89171 -0.585052 -1.4
    endloop
  endfacet
  facet normal 0.544386 0.838835 -0
    outer loop
      vertex 3.98322 -0.64444 -1.4
      vertex 3.89171 -0.585052 -1.05
      vertex 3.98322 -0.64444 -1.05
    endloop
  endfacet
  facet normal 0.544386 0.838835 0
    outer loop
      vertex 3.89171 -0.585052 -1.05
      vertex 3.98322 -0.64444 -1.4
      vertex 3.89171 -0.585052 -1.4
    endloop
  endfacet
  facet normal 0.318768 0.947833 -0
    outer loop
      vertex 4.08916 -0.680069 -1.4
      vertex 3.98322 -0.64444 -1.05
      vertex 4.08916 -0.680069 -1.05
    endloop
  endfacet
  facet normal 0.318768 0.947833 0
    outer loop
      vertex 3.98322 -0.64444 -1.05
      vertex 4.08916 -0.680069 -1.4
      vertex 3.98322 -0.64444 -1.4
    endloop
  endfacet
  facet normal 0.0981609 0.995171 -0
    outer loop
      vertex 4.20951 -0.69194 -1.4
      vertex 4.08916 -0.680069 -1.05
      vertex 4.20951 -0.69194 -1.05
    endloop
  endfacet
  facet normal 0.0981609 0.995171 0
    outer loop
      vertex 4.08916 -0.680069 -1.05
      vertex 4.20951 -0.69194 -1.4
      vertex 4.08916 -0.680069 -1.4
    endloop
  endfacet
  facet normal -0.0559494 0.998434 0
    outer loop
      vertex 4.28057 -0.687958 -1.4
      vertex 4.20951 -0.69194 -1.05
      vertex 4.28057 -0.687958 -1.05
    endloop
  endfacet
  facet normal -0.0559494 0.998434 0
    outer loop
      vertex 4.20951 -0.69194 -1.05
      vertex 4.28057 -0.687958 -1.4
      vertex 4.20951 -0.69194 -1.4
    endloop
  endfacet
  facet normal -0.177277 0.984161 0
    outer loop
      vertex 4.3469 -0.67601 -1.4
      vertex 4.28057 -0.687958 -1.05
      vertex 4.3469 -0.67601 -1.05
    endloop
  endfacet
  facet normal -0.177277 0.984161 0
    outer loop
      vertex 4.28057 -0.687958 -1.05
      vertex 4.3469 -0.67601 -1.4
      vertex 4.28057 -0.687958 -1.4
    endloop
  endfacet
  facet normal -0.308027 0.951378 0
    outer loop
      vertex 4.40845 -0.656082 -1.4
      vertex 4.3469 -0.67601 -1.05
      vertex 4.40845 -0.656082 -1.05
    endloop
  endfacet
  facet normal -0.308027 0.951378 0
    outer loop
      vertex 4.3469 -0.67601 -1.05
      vertex 4.40845 -0.656082 -1.4
      vertex 4.3469 -0.67601 -1.4
    endloop
  endfacet
  facet normal -0.440921 0.897546 0
    outer loop
      vertex 4.46526 -0.628174 -1.4
      vertex 4.40845 -0.656082 -1.05
      vertex 4.46526 -0.628174 -1.05
    endloop
  endfacet
  facet normal -0.440921 0.897546 0
    outer loop
      vertex 4.40845 -0.656082 -1.05
      vertex 4.46526 -0.628174 -1.4
      vertex 4.40845 -0.656082 -1.4
    endloop
  endfacet
  facet normal -0.56817 0.822911 0
    outer loop
      vertex 4.51651 -0.592789 -1.4
      vertex 4.46526 -0.628174 -1.05
      vertex 4.51651 -0.592789 -1.05
    endloop
  endfacet
  facet normal -0.56817 0.822911 0
    outer loop
      vertex 4.46526 -0.628174 -1.05
      vertex 4.51651 -0.592789 -1.4
      vertex 4.46526 -0.628174 -1.4
    endloop
  endfacet
  facet normal -0.686691 0.726949 0
    outer loop
      vertex 4.5614 -0.550385 -1.4
      vertex 4.51651 -0.592789 -1.05
      vertex 4.5614 -0.550385 -1.05
    endloop
  endfacet
  facet normal -0.686691 0.726949 0
    outer loop
      vertex 4.51651 -0.592789 -1.05
      vertex 4.5614 -0.550385 -1.4
      vertex 4.51651 -0.592789 -1.4
    endloop
  endfacet
  facet normal -0.788566 0.61495 0
    outer loop
      vertex 4.5614 -0.550385 -1.4
      vertex 4.59993 -0.500977 -1.05
      vertex 4.59993 -0.500977 -1.4
    endloop
  endfacet
  facet normal -0.788566 0.61495 0
    outer loop
      vertex 4.59993 -0.500977 -1.05
      vertex 4.5614 -0.550385 -1.4
      vertex 4.5614 -0.550385 -1.05
    endloop
  endfacet
  facet normal -0.868677 0.495379 0
    outer loop
      vertex 4.59993 -0.500977 -1.4
      vertex 4.6321 -0.444565 -1.05
      vertex 4.6321 -0.444565 -1.4
    endloop
  endfacet
  facet normal -0.868677 0.495379 0
    outer loop
      vertex 4.6321 -0.444565 -1.05
      vertex 4.59993 -0.500977 -1.4
      vertex 4.59993 -0.500977 -1.05
    endloop
  endfacet
  facet normal 0 1 -0
    outer loop
      vertex 4.63983 -0.444565 -1.4
      vertex 4.6321 -0.444565 -1.05
      vertex 4.63983 -0.444565 -1.05
    endloop
  endfacet
  facet normal 0 1 0
    outer loop
      vertex 4.6321 -0.444565 -1.05
      vertex 4.63983 -0.444565 -1.4
      vertex 4.6321 -0.444565 -1.4
    endloop
  endfacet
  facet normal 0.993349 -0.115145 0
    outer loop
      vertex 4.63645 -0.473724 -1.05
      vertex 4.63983 -0.444565 -1.4
      vertex 4.63983 -0.444565 -1.05
    endloop
  endfacet
  facet normal 0.993349 -0.115145 0
    outer loop
      vertex 4.63983 -0.444565 -1.4
      vertex 4.63645 -0.473724 -1.05
      vertex 4.63645 -0.473724 -1.4
    endloop
  endfacet
  facet normal 0.998783 -0.0493271 0
    outer loop
      vertex 4.63404 -0.522522 -1.05
      vertex 4.63645 -0.473724 -1.4
      vertex 4.63645 -0.473724 -1.05
    endloop
  endfacet
  facet normal 0.998783 -0.0493271 0
    outer loop
      vertex 4.63645 -0.473724 -1.4
      vertex 4.63404 -0.522522 -1.05
      vertex 4.63404 -0.522522 -1.4
    endloop
  endfacet
  facet normal 0.999776 -0.0211783 0
    outer loop
      vertex 4.63259 -0.590973 -1.05
      vertex 4.63404 -0.522522 -1.4
      vertex 4.63404 -0.522522 -1.05
    endloop
  endfacet
  facet normal 0.999776 -0.0211783 0
    outer loop
      vertex 4.63404 -0.522522 -1.4
      vertex 4.63259 -0.590973 -1.05
      vertex 4.63259 -0.590973 -1.4
    endloop
  endfacet
  facet normal 0.999985 -0.00556247 0
    outer loop
      vertex 4.6321 -0.679062 -1.05
      vertex 4.63259 -0.590973 -1.4
      vertex 4.63259 -0.590973 -1.05
    endloop
  endfacet
  facet normal 0.999985 -0.00556247 0
    outer loop
      vertex 4.63259 -0.590973 -1.4
      vertex 4.6321 -0.679062 -1.05
      vertex 4.6321 -0.679062 -1.4
    endloop
  endfacet
  facet normal 1 -0 0
    outer loop
      vertex 4.6321 -1.21376 -1.05
      vertex 4.6321 -0.679062 -1.4
      vertex 4.6321 -0.679062 -1.05
    endloop
  endfacet
  facet normal 1 0 0
    outer loop
      vertex 4.6321 -0.679062 -1.4
      vertex 4.6321 -1.21376 -1.05
      vertex 4.6321 -1.21376 -1.4
    endloop
  endfacet
  facet normal 0 1 -0
    outer loop
      vertex 4.99417 -1.21376 -1.4
      vertex 4.6321 -1.21376 -1.05
      vertex 4.99417 -1.21376 -1.05
    endloop
  endfacet
  facet normal 0 1 0
    outer loop
      vertex 4.6321 -1.21376 -1.05
      vertex 4.99417 -1.21376 -1.4
      vertex 4.6321 -1.21376 -1.4
    endloop
  endfacet
  facet normal -1 0 0
    outer loop
      vertex 4.99417 -1.21376 -1.4
      vertex 4.99417 0.407074 -1.05
      vertex 4.99417 0.407074 -1.4
    endloop
  endfacet
  facet normal -1 -0 0
    outer loop
      vertex 4.99417 0.407074 -1.05
      vertex 4.99417 -1.21376 -1.4
      vertex 4.99417 -1.21376 -1.05
    endloop
  endfacet
  facet normal -0.706156 -0.708056 0
    outer loop
      vertex 4.12479 -0.324097 -1.4
      vertex 4.21538 -0.414444 -1.05
      vertex 4.12479 -0.324097 -1.05
    endloop
  endfacet
  facet normal -0.706156 -0.708056 -0
    outer loop
      vertex 4.21538 -0.414444 -1.05
      vertex 4.12479 -0.324097 -1.4
      vertex 4.21538 -0.414444 -1.4
    endloop
  endfacet
  facet normal -0.940612 -0.339482 0
    outer loop
      vertex 4.12479 -0.324097 -1.4
      vertex 4.07044 -0.173508 -1.05
      vertex 4.07044 -0.173508 -1.4
    endloop
  endfacet
  facet normal -0.940612 -0.339482 0
    outer loop
      vertex 4.07044 -0.173508 -1.05
      vertex 4.12479 -0.324097 -1.4
      vertex 4.12479 -0.324097 -1.05
    endloop
  endfacet
  facet normal -0.99633 -0.0855953 0
    outer loop
      vertex 4.07044 -0.173508 -1.4
      vertex 4.05233 0.0372925 -1.05
      vertex 4.05233 0.0372925 -1.4
    endloop
  endfacet
  facet normal -0.99633 -0.0855953 0
    outer loop
      vertex 4.05233 0.0372925 -1.05
      vertex 4.07044 -0.173508 -1.4
      vertex 4.07044 -0.173508 -1.05
    endloop
  endfacet
  facet normal -0.996199 0.0871012 0
    outer loop
      vertex 4.05233 0.0372925 -1.4
      vertex 4.07027 0.242477 -1.05
      vertex 4.07027 0.242477 -1.4
    endloop
  endfacet
  facet normal -0.996199 0.0871012 0
    outer loop
      vertex 4.07027 0.242477 -1.05
      vertex 4.05233 0.0372925 -1.4
      vertex 4.05233 0.0372925 -1.05
    endloop
  endfacet
  facet normal -0.938584 0.34505 0
    outer loop
      vertex 4.07027 0.242477 -1.4
      vertex 4.12415 0.389038 -1.05
      vertex 4.12415 0.389038 -1.4
    endloop
  endfacet
  facet normal -0.938584 0.34505 0
    outer loop
      vertex 4.12415 0.389038 -1.05
      vertex 4.07027 0.242477 -1.4
      vertex 4.07027 0.242477 -1.05
    endloop
  endfacet
  facet normal -0.699671 0.714465 0
    outer loop
      vertex 4.21393 0.476959 -1.4
      vertex 4.12415 0.389038 -1.05
      vertex 4.21393 0.476959 -1.05
    endloop
  endfacet
  facet normal -0.699671 0.714465 0
    outer loop
      vertex 4.12415 0.389038 -1.05
      vertex 4.21393 0.476959 -1.4
      vertex 4.12415 0.389038 -1.4
    endloop
  endfacet
  facet normal -0.227097 0.973872 0
    outer loop
      vertex 4.33963 0.506271 -1.4
      vertex 4.21393 0.476959 -1.05
      vertex 4.33963 0.506271 -1.05
    endloop
  endfacet
  facet normal -0.227097 0.973872 0
    outer loop
      vertex 4.21393 0.476959 -1.05
      vertex 4.33963 0.506271 -1.4
      vertex 4.21393 0.476959 -1.4
    endloop
  endfacet
  facet normal 0.115328 0.993327 -0
    outer loop
      vertex 4.40757 0.498383 -1.4
      vertex 4.33963 0.506271 -1.05
      vertex 4.40757 0.498383 -1.05
    endloop
  endfacet
  facet normal 0.115328 0.993327 0
    outer loop
      vertex 4.33963 0.506271 -1.05
      vertex 4.40757 0.498383 -1.4
      vertex 4.33963 0.506271 -1.4
    endloop
  endfacet
  facet normal 0.370016 0.929025 -0
    outer loop
      vertex 4.46703 0.474701 -1.4
      vertex 4.40757 0.498383 -1.05
      vertex 4.46703 0.474701 -1.05
    endloop
  endfacet
  facet normal 0.370016 0.929025 0
    outer loop
      vertex 4.40757 0.498383 -1.05
      vertex 4.46703 0.474701 -1.4
      vertex 4.40757 0.498383 -1.4
    endloop
  endfacet
  facet normal 0.611857 0.790968 -0
    outer loop
      vertex 4.51804 0.435242 -1.4
      vertex 4.46703 0.474701 -1.05
      vertex 4.51804 0.435242 -1.05
    endloop
  endfacet
  facet normal 0.611857 0.790968 0
    outer loop
      vertex 4.46703 0.474701 -1.05
      vertex 4.51804 0.435242 -1.4
      vertex 4.46703 0.474701 -1.4
    endloop
  endfacet
  facet normal 0.792069 0.610431 0
    outer loop
      vertex 4.56061 0.380005 -1.05
      vertex 4.51804 0.435242 -1.4
      vertex 4.51804 0.435242 -1.05
    endloop
  endfacet
  facet normal 0.792069 0.610431 0
    outer loop
      vertex 4.51804 0.435242 -1.4
      vertex 4.56061 0.380005 -1.05
      vertex 4.56061 0.380005 -1.4
    endloop
  endfacet
  facet normal 0.900395 0.435073 0
    outer loop
      vertex 4.59415 0.310593 -1.05
      vertex 4.56061 0.380005 -1.4
      vertex 4.56061 0.380005 -1.05
    endloop
  endfacet
  facet normal 0.900395 0.435073 0
    outer loop
      vertex 4.56061 0.380005 -1.4
      vertex 4.59415 0.310593 -1.05
      vertex 4.59415 0.310593 -1.4
    endloop
  endfacet
  facet normal 0.959837 0.280559 0
    outer loop
      vertex 4.61811 0.228622 -1.05
      vertex 4.59415 0.310593 -1.4
      vertex 4.59415 0.310593 -1.05
    endloop
  endfacet
  facet normal 0.959837 0.280559 0
    outer loop
      vertex 4.59415 0.310593 -1.4
      vertex 4.61811 0.228622 -1.05
      vertex 4.61811 0.228622 -1.4
    endloop
  endfacet
  facet normal 0.988645 0.150268 0
    outer loop
      vertex 4.63248 0.134079 -1.05
      vertex 4.61811 0.228622 -1.4
      vertex 4.61811 0.228622 -1.05
    endloop
  endfacet
  facet normal 0.988645 0.150268 0
    outer loop
      vertex 4.61811 0.228622 -1.4
      vertex 4.63248 0.134079 -1.05
      vertex 4.63248 0.134079 -1.4
    endloop
  endfacet
  facet normal 0.999001 0.0446793 0
    outer loop
      vertex 4.63727 0.0269775 -1.05
      vertex 4.63248 0.134079 -1.4
      vertex 4.63248 0.134079 -1.05
    endloop
  endfacet
  facet normal 0.999001 0.0446793 0
    outer loop
      vertex 4.63248 0.134079 -1.4
      vertex 4.63727 0.0269775 -1.05
      vertex 4.63727 0.0269775 -1.4
    endloop
  endfacet
  facet normal 0.998986 -0.0450121 0
    outer loop
      vertex 4.63248 -0.0793304 -1.05
      vertex 4.63727 0.0269775 -1.4
      vertex 4.63727 0.0269775 -1.05
    endloop
  endfacet
  facet normal 0.998986 -0.0450121 0
    outer loop
      vertex 4.63727 0.0269775 -1.4
      vertex 4.63248 -0.0793304 -1.05
      vertex 4.63248 -0.0793304 -1.4
    endloop
  endfacet
  facet normal 0.988404 -0.151848 0
    outer loop
      vertex 4.61811 -0.172867 -1.05
      vertex 4.63248 -0.0793304 -1.4
      vertex 4.63248 -0.0793304 -1.05
    endloop
  endfacet
  facet normal 0.988404 -0.151848 0
    outer loop
      vertex 4.63248 -0.0793304 -1.4
      vertex 4.61811 -0.172867 -1.05
      vertex 4.61811 -0.172867 -1.4
    endloop
  endfacet
  facet normal 0.958672 -0.284512 0
    outer loop
      vertex 4.59415 -0.253601 -1.05
      vertex 4.61811 -0.172867 -1.4
      vertex 4.61811 -0.172867 -1.05
    endloop
  endfacet
  facet normal 0.958672 -0.284512 0
    outer loop
      vertex 4.61811 -0.172867 -1.4
      vertex 4.59415 -0.253601 -1.05
      vertex 4.59415 -0.253601 -1.4
    endloop
  endfacet
  facet normal 0.896626 -0.442788 0
    outer loop
      vertex 4.56061 -0.321518 -1.05
      vertex 4.59415 -0.253601 -1.4
      vertex 4.59415 -0.253601 -1.05
    endloop
  endfacet
  facet normal 0.896626 -0.442788 0
    outer loop
      vertex 4.59415 -0.253601 -1.4
      vertex 4.56061 -0.321518 -1.05
      vertex 4.56061 -0.321518 -1.4
    endloop
  endfacet
  facet normal 0.78559 -0.618747 0
    outer loop
      vertex 4.51821 -0.375351 -1.05
      vertex 4.56061 -0.321518 -1.4
      vertex 4.56061 -0.321518 -1.05
    endloop
  endfacet
  facet normal 0.78559 -0.618747 0
    outer loop
      vertex 4.56061 -0.321518 -1.4
      vertex 4.51821 -0.375351 -1.05
      vertex 4.51821 -0.375351 -1.4
    endloop
  endfacet
  facet normal 0.605574 -0.795789 0
    outer loop
      vertex 4.46768 -0.413803 -1.4
      vertex 4.51821 -0.375351 -1.05
      vertex 4.46768 -0.413803 -1.05
    endloop
  endfacet
  facet normal 0.605574 -0.795789 0
    outer loop
      vertex 4.51821 -0.375351 -1.05
      vertex 4.46768 -0.413803 -1.4
      vertex 4.51821 -0.375351 -1.4
    endloop
  endfacet
  facet normal 0.365956 -0.930632 0
    outer loop
      vertex 4.40901 -0.436874 -1.4
      vertex 4.46768 -0.413803 -1.05
      vertex 4.40901 -0.436874 -1.05
    endloop
  endfacet
  facet normal 0.365956 -0.930632 0
    outer loop
      vertex 4.46768 -0.413803 -1.05
      vertex 4.40901 -0.436874 -1.4
      vertex 4.46768 -0.413803 -1.4
    endloop
  endfacet
  facet normal 0.114413 -0.993433 0
    outer loop
      vertex 4.34223 -0.444565 -1.4
      vertex 4.40901 -0.436874 -1.05
      vertex 4.34223 -0.444565 -1.05
    endloop
  endfacet
  facet normal 0.114413 -0.993433 0
    outer loop
      vertex 4.40901 -0.436874 -1.05
      vertex 4.34223 -0.444565 -1.4
      vertex 4.40901 -0.436874 -1.4
    endloop
  endfacet
  facet normal -0.23103 -0.972947 0
    outer loop
      vertex 4.21538 -0.414444 -1.4
      vertex 4.34223 -0.444565 -1.05
      vertex 4.21538 -0.414444 -1.05
    endloop
  endfacet
  facet normal -0.23103 -0.972947 -0
    outer loop
      vertex 4.34223 -0.444565 -1.05
      vertex 4.21538 -0.414444 -1.4
      vertex 4.34223 -0.444565 -1.4
    endloop
  endfacet
  facet normal -0.999993 0.00363885 0
    outer loop
      vertex 7.43027 0.400635 -1.4
      vertex 7.43047 0.455597 -1.05
      vertex 7.43047 0.455597 -1.4
    endloop
  endfacet
  facet normal -0.999993 0.00363885 0
    outer loop
      vertex 7.43047 0.455597 -1.05
      vertex 7.43027 0.400635 -1.4
      vertex 7.43027 0.400635 -1.05
    endloop
  endfacet
  facet normal -0.999926 0.0121503 0
    outer loop
      vertex 7.43047 0.455597 -1.4
      vertex 7.43108 0.505798 -1.05
      vertex 7.43108 0.505798 -1.4
    endloop
  endfacet
  facet normal -0.999926 0.0121503 0
    outer loop
      vertex 7.43108 0.505798 -1.05
      vertex 7.43047 0.455597 -1.4
      vertex 7.43047 0.455597 -1.05
    endloop
  endfacet
  facet normal -0.999753 0.0222138 0
    outer loop
      vertex 7.43108 0.505798 -1.4
      vertex 7.43209 0.551254 -1.05
      vertex 7.43209 0.551254 -1.4
    endloop
  endfacet
  facet normal -0.999753 0.0222138 0
    outer loop
      vertex 7.43209 0.551254 -1.05
      vertex 7.43108 0.505798 -1.4
      vertex 7.43108 0.505798 -1.05
    endloop
  endfacet
  facet normal -0.999392 0.0348588 0
    outer loop
      vertex 7.43209 0.551254 -1.4
      vertex 7.43351 0.591965 -1.05
      vertex 7.43351 0.591965 -1.4
    endloop
  endfacet
  facet normal -0.999392 0.0348588 0
    outer loop
      vertex 7.43351 0.591965 -1.05
      vertex 7.43209 0.551254 -1.4
      vertex 7.43209 0.551254 -1.05
    endloop
  endfacet
  facet normal -0.999044 0.0437212 0
    outer loop
      vertex 7.43351 0.591965 -1.4
      vertex 7.43514 0.629211 -1.05
      vertex 7.43514 0.629211 -1.4
    endloop
  endfacet
  facet normal -0.999044 0.0437212 0
    outer loop
      vertex 7.43514 0.629211 -1.05
      vertex 7.43351 0.591965 -1.4
      vertex 7.43351 0.591965 -1.05
    endloop
  endfacet
  facet normal -0.998771 0.0495611 0
    outer loop
      vertex 7.43514 0.629211 -1.4
      vertex 7.43688 0.664276 -1.05
      vertex 7.43688 0.664276 -1.4
    endloop
  endfacet
  facet normal -0.998771 0.0495611 0
    outer loop
      vertex 7.43688 0.664276 -1.05
      vertex 7.43514 0.629211 -1.4
      vertex 7.43514 0.629211 -1.05
    endloop
  endfacet
  facet normal -0.998507 0.0546329 0
    outer loop
      vertex 7.43688 0.664276 -1.4
      vertex 7.43868 0.697174 -1.05
      vertex 7.43868 0.697174 -1.4
    endloop
  endfacet
  facet normal -0.998507 0.0546329 0
    outer loop
      vertex 7.43868 0.697174 -1.05
      vertex 7.43688 0.664276 -1.4
      vertex 7.43688 0.664276 -1.05
    endloop
  endfacet
  facet normal -0.998112 0.0614153 0
    outer loop
      vertex 7.43868 0.697174 -1.4
      vertex 7.44057 0.72789 -1.05
      vertex 7.44057 0.72789 -1.4
    endloop
  endfacet
  facet normal -0.998112 0.0614153 0
    outer loop
      vertex 7.44057 0.72789 -1.05
      vertex 7.43868 0.697174 -1.4
      vertex 7.43868 0.697174 -1.05
    endloop
  endfacet
  facet normal 0 -1 0
    outer loop
      vertex 7.09528 0.72789 -1.4
      vertex 7.44057 0.72789 -1.05
      vertex 7.09528 0.72789 -1.05
    endloop
  endfacet
  facet normal 0 -1 -0
    outer loop
      vertex 7.44057 0.72789 -1.05
      vertex 7.09528 0.72789 -1.4
      vertex 7.44057 0.72789 -1.4
    endloop
  endfacet
  facet normal 0.992811 -0.119691 0
    outer loop
      vertex 7.09317 0.710388 -1.05
      vertex 7.09528 0.72789 -1.4
      vertex 7.09528 0.72789 -1.05
    endloop
  endfacet
  facet normal 0.992811 -0.119691 0
    outer loop
      vertex 7.09528 0.72789 -1.4
      vertex 7.09317 0.710388 -1.05
      vertex 7.09317 0.710388 -1.4
    endloop
  endfacet
  facet normal 0.996648 -0.0818149 0
    outer loop
      vertex 7.09076 0.68103 -1.05
      vertex 7.09317 0.710388 -1.4
      vertex 7.09317 0.710388 -1.05
    endloop
  endfacet
  facet normal 0.996648 -0.0818149 0
    outer loop
      vertex 7.09317 0.710388 -1.4
      vertex 7.09076 0.68103 -1.05
      vertex 7.09076 0.68103 -1.4
    endloop
  endfacet
  facet normal 0.997794 -0.0663855 0
    outer loop
      vertex 7.08802 0.639847 -1.05
      vertex 7.09076 0.68103 -1.4
      vertex 7.09076 0.68103 -1.05
    endloop
  endfacet
  facet normal 0.997794 -0.0663855 0
    outer loop
      vertex 7.09076 0.68103 -1.4
      vertex 7.08802 0.639847 -1.05
      vertex 7.08802 0.639847 -1.4
    endloop
  endfacet
  facet normal 0.998339 -0.0576139 0
    outer loop
      vertex 7.08496 0.586823 -1.05
      vertex 7.08802 0.639847 -1.4
      vertex 7.08802 0.639847 -1.05
    endloop
  endfacet
  facet normal 0.998339 -0.0576139 0
    outer loop
      vertex 7.08802 0.639847 -1.4
      vertex 7.08496 0.586823 -1.05
      vertex 7.08496 0.586823 -1.4
    endloop
  endfacet
  facet normal 0.998639 -0.0521502 0
    outer loop
      vertex 7.08214 0.532822 -1.05
      vertex 7.08496 0.586823 -1.4
      vertex 7.08496 0.586823 -1.05
    endloop
  endfacet
  facet normal 0.998639 -0.0521502 0
    outer loop
      vertex 7.08496 0.586823 -1.4
      vertex 7.08214 0.532822 -1.05
      vertex 7.08214 0.532822 -1.4
    endloop
  endfacet
  facet normal 0.998963 -0.045533 0
    outer loop
      vertex 7.08013 0.488724 -1.05
      vertex 7.08214 0.532822 -1.4
      vertex 7.08214 0.532822 -1.05
    endloop
  endfacet
  facet normal 0.998963 -0.045533 0
    outer loop
      vertex 7.08214 0.532822 -1.4
      vertex 7.08013 0.488724 -1.05
      vertex 7.08013 0.488724 -1.4
    endloop
  endfacet
  facet normal 0.999374 -0.0353787 0
    outer loop
      vertex 7.07892 0.454544 -1.05
      vertex 7.08013 0.488724 -1.4
      vertex 7.08013 0.488724 -1.05
    endloop
  endfacet
  facet normal 0.999374 -0.0353787 0
    outer loop
      vertex 7.08013 0.488724 -1.4
      vertex 7.07892 0.454544 -1.05
      vertex 7.07892 0.454544 -1.4
    endloop
  endfacet
  facet normal 0.999864 -0.0164641 0
    outer loop
      vertex 7.07852 0.430252 -1.05
      vertex 7.07892 0.454544 -1.4
      vertex 7.07892 0.454544 -1.05
    endloop
  endfacet
  facet normal 0.999864 -0.0164641 0
    outer loop
      vertex 7.07892 0.454544 -1.4
      vertex 7.07852 0.430252 -1.05
      vertex 7.07852 0.430252 -1.4
    endloop
  endfacet
  facet normal 0 -1 0
    outer loop
      vertex 7.07337 0.430252 -1.4
      vertex 7.07852 0.430252 -1.05
      vertex 7.07337 0.430252 -1.05
    endloop
  endfacet
  facet normal 0 -1 -0
    outer loop
      vertex 7.07852 0.430252 -1.05
      vertex 7.07337 0.430252 -1.4
      vertex 7.07852 0.430252 -1.4
    endloop
  endfacet
  facet normal -0.935435 -0.353498 0
    outer loop
      vertex 7.07337 0.430252 -1.4
      vertex 7.04767 0.49826 -1.05
      vertex 7.04767 0.49826 -1.4
    endloop
  endfacet
  facet normal -0.935435 -0.353498 0
    outer loop
      vertex 7.04767 0.49826 -1.05
      vertex 7.07337 0.430252 -1.4
      vertex 7.07337 0.430252 -1.05
    endloop
  endfacet
  facet normal -0.920659 -0.390368 0
    outer loop
      vertex 7.04767 0.49826 -1.4
      vertex 7.02344 0.555405 -1.05
      vertex 7.02344 0.555405 -1.4
    endloop
  endfacet
  facet normal -0.920659 -0.390368 0
    outer loop
      vertex 7.02344 0.555405 -1.05
      vertex 7.04767 0.49826 -1.4
      vertex 7.04767 0.49826 -1.05
    endloop
  endfacet
  facet normal -0.896987 -0.442057 0
    outer loop
      vertex 7.02344 0.555405 -1.4
      vertex 7.00064 0.601669 -1.05
      vertex 7.00064 0.601669 -1.4
    endloop
  endfacet
  facet normal -0.896987 -0.442057 0
    outer loop
      vertex 7.00064 0.601669 -1.05
      vertex 7.02344 0.555405 -1.4
      vertex 7.02344 0.555405 -1.05
    endloop
  endfacet
  facet normal -0.856327 -0.516434 0
    outer loop
      vertex 7.00064 0.601669 -1.4
      vertex 6.9793 0.637054 -1.05
      vertex 6.9793 0.637054 -1.4
    endloop
  endfacet
  facet normal -0.856327 -0.516434 0
    outer loop
      vertex 6.9793 0.637054 -1.05
      vertex 7.00064 0.601669 -1.4
      vertex 7.00064 0.601669 -1.05
    endloop
  endfacet
  facet normal -0.792382 -0.610025 0
    outer loop
      vertex 6.9793 0.637054 -1.4
      vertex 6.95772 0.665085 -1.05
      vertex 6.95772 0.665085 -1.4
    endloop
  endfacet
  facet normal -0.792382 -0.610025 0
    outer loop
      vertex 6.95772 0.665085 -1.05
      vertex 6.9793 0.637054 -1.4
      vertex 6.9793 0.637054 -1.05
    endloop
  endfacet
  facet normal -0.71661 -0.697474 0
    outer loop
      vertex 6.95772 0.665085 -1.4
      vertex 6.93421 0.68924 -1.05
      vertex 6.93421 0.68924 -1.4
    endloop
  endfacet
  facet normal -0.71661 -0.697474 0
    outer loop
      vertex 6.93421 0.68924 -1.05
      vertex 6.95772 0.665085 -1.4
      vertex 6.95772 0.665085 -1.05
    endloop
  endfacet
  facet normal -0.623608 -0.781737 0
    outer loop
      vertex 6.90877 0.709534 -1.4
      vertex 6.93421 0.68924 -1.05
      vertex 6.90877 0.709534 -1.05
    endloop
  endfacet
  facet normal -0.623608 -0.781737 -0
    outer loop
      vertex 6.93421 0.68924 -1.05
      vertex 6.90877 0.709534 -1.4
      vertex 6.93421 0.68924 -1.4
    endloop
  endfacet
  facet normal -0.514404 -0.857548 0
    outer loop
      vertex 6.8814 0.725952 -1.4
      vertex 6.90877 0.709534 -1.05
      vertex 6.8814 0.725952 -1.05
    endloop
  endfacet
  facet normal -0.514404 -0.857548 -0
    outer loop
      vertex 6.90877 0.709534 -1.05
      vertex 6.8814 0.725952 -1.4
      vertex 6.90877 0.709534 -1.4
    endloop
  endfacet
  facet normal -0.388002 -0.921658 0
    outer loop
      vertex 6.85128 0.738632 -1.4
      vertex 6.8814 0.725952 -1.05
      vertex 6.85128 0.738632 -1.05
    endloop
  endfacet
  facet normal -0.388002 -0.921658 -0
    outer loop
      vertex 6.8814 0.725952 -1.05
      vertex 6.85128 0.738632 -1.4
      vertex 6.8814 0.725952 -1.4
    endloop
  endfacet
  facet normal -0.259947 -0.965623 0
    outer loop
      vertex 6.81761 0.747696 -1.4
      vertex 6.85128 0.738632 -1.05
      vertex 6.81761 0.747696 -1.05
    endloop
  endfacet
  facet normal -0.259947 -0.965623 -0
    outer loop
      vertex 6.85128 0.738632 -1.05
      vertex 6.81761 0.747696 -1.4
      vertex 6.85128 0.738632 -1.4
    endloop
  endfacet
  facet normal -0.14488 -0.989449 0
    outer loop
      vertex 6.78041 0.753143 -1.4
      vertex 6.81761 0.747696 -1.05
      vertex 6.78041 0.753143 -1.05
    endloop
  endfacet
  facet normal -0.14488 -0.989449 -0
    outer loop
      vertex 6.81761 0.747696 -1.05
      vertex 6.78041 0.753143 -1.4
      vertex 6.81761 0.747696 -1.4
    endloop
  endfacet
  facet normal -0.0441532 -0.999025 0
    outer loop
      vertex 6.73966 0.754944 -1.4
      vertex 6.78041 0.753143 -1.05
      vertex 6.73966 0.754944 -1.05
    endloop
  endfacet
  facet normal -0.0441532 -0.999025 -0
    outer loop
      vertex 6.78041 0.753143 -1.05
      vertex 6.73966 0.754944 -1.4
      vertex 6.78041 0.753143 -1.4
    endloop
  endfacet
  facet normal 0.0364109 -0.999337 0
    outer loop
      vertex 6.70656 0.753738 -1.4
      vertex 6.73966 0.754944 -1.05
      vertex 6.70656 0.753738 -1.05
    endloop
  endfacet
  facet normal 0.0364109 -0.999337 0
    outer loop
      vertex 6.73966 0.754944 -1.05
      vertex 6.70656 0.753738 -1.4
      vertex 6.73966 0.754944 -1.4
    endloop
  endfacet
  facet normal 0.120818 -0.992675 0
    outer loop
      vertex 6.67685 0.750122 -1.4
      vertex 6.70656 0.753738 -1.05
      vertex 6.67685 0.750122 -1.05
    endloop
  endfacet
  facet normal 0.120818 -0.992675 0
    outer loop
      vertex 6.70656 0.753738 -1.05
      vertex 6.67685 0.750122 -1.4
      vertex 6.70656 0.753738 -1.4
    endloop
  endfacet
  facet normal 0.223659 -0.974667 0
    outer loop
      vertex 6.65052 0.74408 -1.4
      vertex 6.67685 0.750122 -1.05
      vertex 6.65052 0.74408 -1.05
    endloop
  endfacet
  facet normal 0.223659 -0.974667 0
    outer loop
      vertex 6.67685 0.750122 -1.05
      vertex 6.65052 0.74408 -1.4
      vertex 6.67685 0.750122 -1.4
    endloop
  endfacet
  facet normal 0.345793 -0.938311 0
    outer loop
      vertex 6.62758 0.735626 -1.4
      vertex 6.65052 0.74408 -1.05
      vertex 6.62758 0.735626 -1.05
    endloop
  endfacet
  facet normal 0.345793 -0.938311 0
    outer loop
      vertex 6.65052 0.74408 -1.05
      vertex 6.62758 0.735626 -1.4
      vertex 6.65052 0.74408 -1.4
    endloop
  endfacet
  facet normal 1 -0 0
    outer loop
      vertex 6.62758 0.432846 -1.05
      vertex 6.62758 0.735626 -1.4
      vertex 6.62758 0.735626 -1.05
    endloop
  endfacet
  facet normal 1 0 0
    outer loop
      vertex 6.62758 0.735626 -1.4
      vertex 6.62758 0.432846 -1.05
      vertex 6.62758 0.432846 -1.4
    endloop
  endfacet
  facet normal -0.195029 0.980797 0
    outer loop
      vertex 6.67009 0.441299 -1.4
      vertex 6.62758 0.432846 -1.05
      vertex 6.67009 0.441299 -1.05
    endloop
  endfacet
  facet normal -0.195029 0.980797 0
    outer loop
      vertex 6.62758 0.432846 -1.05
      vertex 6.67009 0.441299 -1.4
      vertex 6.62758 0.432846 -1.4
    endloop
  endfacet
  facet normal -0.149273 0.988796 0
    outer loop
      vertex 6.71002 0.447327 -1.4
      vertex 6.67009 0.441299 -1.05
      vertex 6.71002 0.447327 -1.05
    endloop
  endfacet
  facet normal -0.149273 0.988796 0
    outer loop
      vertex 6.67009 0.441299 -1.05
      vertex 6.71002 0.447327 -1.4
      vertex 6.67009 0.441299 -1.4
    endloop
  endfacet
  facet normal -0.0967081 0.995313 0
    outer loop
      vertex 6.74739 0.450958 -1.4
      vertex 6.71002 0.447327 -1.05
      vertex 6.74739 0.450958 -1.05
    endloop
  endfacet
  facet normal -0.0967081 0.995313 0
    outer loop
      vertex 6.71002 0.447327 -1.05
      vertex 6.74739 0.450958 -1.4
      vertex 6.71002 0.447327 -1.4
    endloop
  endfacet
  facet normal -0.0346443 0.9994 0
    outer loop
      vertex 6.78218 0.452164 -1.4
      vertex 6.74739 0.450958 -1.05
      vertex 6.78218 0.452164 -1.05
    endloop
  endfacet
  facet normal -0.0346443 0.9994 0
    outer loop
      vertex 6.74739 0.450958 -1.05
      vertex 6.78218 0.452164 -1.4
      vertex 6.74739 0.450958 -1.4
    endloop
  endfacet
  facet normal 0.106635 0.994298 -0
    outer loop
      vertex 6.84607 0.445312 -1.4
      vertex 6.78218 0.452164 -1.05
      vertex 6.84607 0.445312 -1.05
    endloop
  endfacet
  facet normal 0.106635 0.994298 0
    outer loop
      vertex 6.78218 0.452164 -1.05
      vertex 6.84607 0.445312 -1.4
      vertex 6.78218 0.452164 -1.4
    endloop
  endfacet
  facet normal 0.341894 0.939738 -0
    outer loop
      vertex 6.90248 0.424789 -1.4
      vertex 6.84607 0.445312 -1.05
      vertex 6.90248 0.424789 -1.05
    endloop
  endfacet
  facet normal 0.341894 0.939738 0
    outer loop
      vertex 6.84607 0.445312 -1.05
      vertex 6.90248 0.424789 -1.4
      vertex 6.84607 0.445312 -1.4
    endloop
  endfacet
  facet normal 0.573249 0.819381 -0
    outer loop
      vertex 6.9514 0.390564 -1.4
      vertex 6.90248 0.424789 -1.05
      vertex 6.9514 0.390564 -1.05
    endloop
  endfacet
  facet normal 0.573249 0.819381 0
    outer loop
      vertex 6.90248 0.424789 -1.05
      vertex 6.9514 0.390564 -1.4
      vertex 6.90248 0.424789 -1.4
    endloop
  endfacet
  facet normal 0.756428 0.654077 0
    outer loop
      vertex 6.99283 0.342651 -1.05
      vertex 6.9514 0.390564 -1.4
      vertex 6.9514 0.390564 -1.05
    endloop
  endfacet
  facet normal 0.756428 0.654077 0
    outer loop
      vertex 6.9514 0.390564 -1.4
      vertex 6.99283 0.342651 -1.05
      vertex 6.99283 0.342651 -1.4
    endloop
  endfacet
  facet normal 0.880863 0.473372 0
    outer loop
      vertex 7.02581 0.281281 -1.05
      vertex 6.99283 0.342651 -1.4
      vertex 6.99283 0.342651 -1.05
    endloop
  endfacet
  facet normal 0.880863 0.473372 0
    outer loop
      vertex 6.99283 0.342651 -1.4
      vertex 7.02581 0.281281 -1.05
      vertex 7.02581 0.281281 -1.4
    endloop
  endfacet
  facet normal 0.95354 0.301266 0
    outer loop
      vertex 7.04937 0.206711 -1.05
      vertex 7.02581 0.281281 -1.4
      vertex 7.02581 0.281281 -1.05
    endloop
  endfacet
  facet normal 0.95354 0.301266 0
    outer loop
      vertex 7.02581 0.281281 -1.4
      vertex 7.04937 0.206711 -1.05
      vertex 7.04937 0.206711 -1.4
    endloop
  endfacet
  facet normal 0.987305 0.158835 0
    outer loop
      vertex 7.06349 0.118942 -1.05
      vertex 7.04937 0.206711 -1.4
      vertex 7.04937 0.206711 -1.05
    endloop
  endfacet
  facet normal 0.987305 0.158835 0
    outer loop
      vertex 7.04937 0.206711 -1.4
      vertex 7.06349 0.118942 -1.05
      vertex 7.06349 0.118942 -1.4
    endloop
  endfacet
  facet normal 0.998909 0.0466898 0
    outer loop
      vertex 7.06821 0.0179596 -1.05
      vertex 7.06349 0.118942 -1.4
      vertex 7.06349 0.118942 -1.05
    endloop
  endfacet
  facet normal 0.998909 0.0466898 0
    outer loop
      vertex 7.06349 0.118942 -1.4
      vertex 7.06821 0.0179596 -1.05
      vertex 7.06821 0.0179596 -1.4
    endloop
  endfacet
  facet normal 1 -0 0
    outer loop
      vertex 7.06821 -0.666183 -1.05
      vertex 7.06821 0.0179596 -1.4
      vertex 7.06821 0.0179596 -1.05
    endloop
  endfacet
  facet normal 1 0 0
    outer loop
      vertex 7.06821 0.0179596 -1.4
      vertex 7.06821 -0.666183 -1.05
      vertex 7.06821 -0.666183 -1.4
    endloop
  endfacet
  facet normal 0 1 -0
    outer loop
      vertex 7.43027 -0.666183 -1.4
      vertex 7.06821 -0.666183 -1.05
      vertex 7.43027 -0.666183 -1.05
    endloop
  endfacet
  facet normal 0 1 0
    outer loop
      vertex 7.06821 -0.666183 -1.05
      vertex 7.43027 -0.666183 -1.4
      vertex 7.06821 -0.666183 -1.4
    endloop
  endfacet
  facet normal -1 0 0
    outer loop
      vertex 7.43027 -0.666183 -1.4
      vertex 7.43027 0.400635 -1.05
      vertex 7.43027 0.400635 -1.4
    endloop
  endfacet
  facet normal -1 -0 0
    outer loop
      vertex 7.43027 0.400635 -1.05
      vertex 7.43027 -0.666183 -1.4
      vertex 7.43027 -0.666183 -1.05
    endloop
  endfacet
  facet normal -0.237592 0.971365 0
    outer loop
      vertex 8.72144 -0.664398 -1.4
      vertex 8.63697 -0.685059 -1.05
      vertex 8.72144 -0.664398 -1.05
    endloop
  endfacet
  facet normal -0.237592 0.971365 0
    outer loop
      vertex 8.63697 -0.685059 -1.05
      vertex 8.72144 -0.664398 -1.4
      vertex 8.63697 -0.685059 -1.4
    endloop
  endfacet
  facet normal -0.424803 0.905286 0
    outer loop
      vertex 8.7948 -0.629974 -1.4
      vertex 8.72144 -0.664398 -1.05
      vertex 8.7948 -0.629974 -1.05
    endloop
  endfacet
  facet normal -0.424803 0.905286 0
    outer loop
      vertex 8.72144 -0.664398 -1.05
      vertex 8.7948 -0.629974 -1.4
      vertex 8.72144 -0.664398 -1.4
    endloop
  endfacet
  facet normal -0.612183 0.790716 0
    outer loop
      vertex 8.85704 -0.581787 -1.4
      vertex 8.7948 -0.629974 -1.05
      vertex 8.85704 -0.581787 -1.05
    endloop
  endfacet
  facet normal -0.612183 0.790716 0
    outer loop
      vertex 8.7948 -0.629974 -1.05
      vertex 8.85704 -0.581787 -1.4
      vertex 8.7948 -0.629974 -1.4
    endloop
  endfacet
  facet normal -0.774211 0.632928 0
    outer loop
      vertex 8.85704 -0.581787 -1.4
      vertex 8.90665 -0.521103 -1.05
      vertex 8.90665 -0.521103 -1.4
    endloop
  endfacet
  facet normal -0.774211 0.632928 0
    outer loop
      vertex 8.90665 -0.521103 -1.05
      vertex 8.85704 -0.581787 -1.4
      vertex 8.85704 -0.581787 -1.05
    endloop
  endfacet
  facet normal -0.896931 0.44217 0
    outer loop
      vertex 8.90665 -0.521103 -1.4
      vertex 8.94208 -0.449234 -1.05
      vertex 8.94208 -0.449234 -1.4
    endloop
  endfacet
  facet normal -0.896931 0.44217 0
    outer loop
      vertex 8.94208 -0.449234 -1.05
      vertex 8.90665 -0.521103 -1.4
      vertex 8.90665 -0.521103 -1.05
    endloop
  endfacet
  facet normal -0.968775 0.24794 0
    outer loop
      vertex 8.94208 -0.449234 -1.4
      vertex 8.96334 -0.366165 -1.05
      vertex 8.96334 -0.366165 -1.4
    endloop
  endfacet
  facet normal -0.968775 0.24794 0
    outer loop
      vertex 8.96334 -0.366165 -1.05
      vertex 8.94208 -0.449234 -1.4
      vertex 8.94208 -0.449234 -1.05
    endloop
  endfacet
  facet normal -0.997191 0.0749059 0
    outer loop
      vertex 8.96334 -0.366165 -1.4
      vertex 8.97042 -0.271912 -1.05
      vertex 8.97042 -0.271912 -1.4
    endloop
  endfacet
  facet normal -0.997191 0.0749059 0
    outer loop
      vertex 8.97042 -0.271912 -1.05
      vertex 8.96334 -0.366165 -1.4
      vertex 8.96334 -0.366165 -1.05
    endloop
  endfacet
  facet normal -0.996266 -0.0863365 0
    outer loop
      vertex 8.97042 -0.271912 -1.4
      vertex 8.9616 -0.170135 -1.05
      vertex 8.9616 -0.170135 -1.4
    endloop
  endfacet
  facet normal -0.996266 -0.0863365 0
    outer loop
      vertex 8.9616 -0.170135 -1.05
      vertex 8.97042 -0.271912 -1.4
      vertex 8.97042 -0.271912 -1.05
    endloop
  endfacet
  facet normal -0.958474 -0.285179 0
    outer loop
      vertex 8.9616 -0.170135 -1.4
      vertex 8.93515 -0.0812378 -1.05
      vertex 8.93515 -0.0812378 -1.4
    endloop
  endfacet
  facet normal -0.958474 -0.285179 0
    outer loop
      vertex 8.93515 -0.0812378 -1.05
      vertex 8.9616 -0.170135 -1.4
      vertex 8.9616 -0.170135 -1.05
    endloop
  endfacet
  facet normal -0.865086 -0.501623 0
    outer loop
      vertex 8.93515 -0.0812378 -1.4
      vertex 8.89107 -0.00521851 -1.05
      vertex 8.89107 -0.00521851 -1.4
    endloop
  endfacet
  facet normal -0.865086 -0.501623 0
    outer loop
      vertex 8.89107 -0.00521851 -1.05
      vertex 8.93515 -0.0812378 -1.4
      vertex 8.93515 -0.0812378 -1.05
    endloop
  endfacet
  facet normal -0.714938 -0.699188 0
    outer loop
      vertex 8.89107 -0.00521851 -1.4
      vertex 8.82935 0.0578918 -1.05
      vertex 8.82935 0.0578918 -1.4
    endloop
  endfacet
  facet normal -0.714938 -0.699188 0
    outer loop
      vertex 8.82935 0.0578918 -1.05
      vertex 8.89107 -0.00521851 -1.4
      vertex 8.89107 -0.00521851 -1.05
    endloop
  endfacet
  facet normal -0.535591 -0.844477 0
    outer loop
      vertex 8.75087 0.107666 -1.4
      vertex 8.82935 0.0578918 -1.05
      vertex 8.75087 0.107666 -1.05
    endloop
  endfacet
  facet normal -0.535591 -0.844477 -0
    outer loop
      vertex 8.82935 0.0578918 -1.05
      vertex 8.75087 0.107666 -1.4
      vertex 8.82935 0.0578918 -1.4
    endloop
  endfacet
  facet normal -0.355822 -0.934554 0
    outer loop
      vertex 8.65653 0.143585 -1.4
      vertex 8.75087 0.107666 -1.05
      vertex 8.65653 0.143585 -1.05
    endloop
  endfacet
  facet normal -0.355822 -0.934554 -0
    outer loop
      vertex 8.75087 0.107666 -1.05
      vertex 8.65653 0.143585 -1.4
      vertex 8.75087 0.107666 -1.4
    endloop
  endfacet
  facet normal -0.196321 -0.98054 0
    outer loop
      vertex 8.54633 0.165649 -1.4
      vertex 8.65653 0.143585 -1.05
      vertex 8.54633 0.165649 -1.05
    endloop
  endfacet
  facet normal -0.196321 -0.98054 -0
    outer loop
      vertex 8.65653 0.143585 -1.05
      vertex 8.54633 0.165649 -1.4
      vertex 8.65653 0.143585 -1.4
    endloop
  endfacet
  facet normal -0.0651031 -0.997879 0
    outer loop
      vertex 8.42026 0.173874 -1.4
      vertex 8.54633 0.165649 -1.05
      vertex 8.42026 0.173874 -1.05
    endloop
  endfacet
  facet normal -0.0651031 -0.997879 -0
    outer loop
      vertex 8.54633 0.165649 -1.05
      vertex 8.42026 0.173874 -1.4
      vertex 8.54633 0.165649 -1.4
    endloop
  endfacet
  facet normal -0.0171261 -0.999853 0
    outer loop
      vertex 8.12006 0.179016 -1.4
      vertex 8.42026 0.173874 -1.05
      vertex 8.12006 0.179016 -1.05
    endloop
  endfacet
  facet normal -0.0171261 -0.999853 -0
    outer loop
      vertex 8.42026 0.173874 -1.05
      vertex 8.12006 0.179016 -1.4
      vertex 8.42026 0.173874 -1.4
    endloop
  endfacet
  facet normal -1 0 0
    outer loop
      vertex 8.12006 0.179016 -1.4
      vertex 8.12006 0.249893 -1.05
      vertex 8.12006 0.249893 -1.4
    endloop
  endfacet
  facet normal -1 -0 0
    outer loop
      vertex 8.12006 0.249893 -1.05
      vertex 8.12006 0.179016 -1.4
      vertex 8.12006 0.179016 -1.05
    endloop
  endfacet
  facet normal -0.998921 0.0464367 0
    outer loop
      vertex 8.12006 0.249893 -1.4
      vertex 8.12303 0.313782 -1.05
      vertex 8.12303 0.313782 -1.4
    endloop
  endfacet
  facet normal -0.998921 0.0464367 0
    outer loop
      vertex 8.12303 0.313782 -1.05
      vertex 8.12006 0.249893 -1.4
      vertex 8.12006 0.249893 -1.05
    endloop
  endfacet
  facet normal -0.987077 0.160246 0
    outer loop
      vertex 8.12303 0.313782 -1.4
      vertex 8.13198 0.368912 -1.05
      vertex 8.13198 0.368912 -1.4
    endloop
  endfacet
  facet normal -0.987077 0.160246 0
    outer loop
      vertex 8.13198 0.368912 -1.05
      vertex 8.12303 0.313782 -1.4
      vertex 8.12303 0.313782 -1.05
    endloop
  endfacet
  facet normal -0.95206 0.30591 0
    outer loop
      vertex 8.13198 0.368912 -1.4
      vertex 8.14687 0.415253 -1.05
      vertex 8.14687 0.415253 -1.4
    endloop
  endfacet
  facet normal -0.95206 0.30591 0
    outer loop
      vertex 8.14687 0.415253 -1.05
      vertex 8.13198 0.368912 -1.4
      vertex 8.13198 0.368912 -1.05
    endloop
  endfacet
  facet normal -0.874179 0.485603 0
    outer loop
      vertex 8.14687 0.415253 -1.4
      vertex 8.16773 0.452805 -1.05
      vertex 8.16773 0.452805 -1.4
    endloop
  endfacet
  facet normal -0.874179 0.485603 0
    outer loop
      vertex 8.16773 0.452805 -1.05
      vertex 8.14687 0.415253 -1.4
      vertex 8.14687 0.415253 -1.05
    endloop
  endfacet
  facet normal -0.724565 0.689206 0
    outer loop
      vertex 8.16773 0.452805 -1.4
      vertex 8.19535 0.481842 -1.05
      vertex 8.19535 0.481842 -1.4
    endloop
  endfacet
  facet normal -0.724565 0.689206 0
    outer loop
      vertex 8.19535 0.481842 -1.05
      vertex 8.16773 0.452805 -1.4
      vertex 8.16773 0.452805 -1.05
    endloop
  endfacet
  facet normal -0.5078 0.861475 0
    outer loop
      vertex 8.23053 0.502579 -1.4
      vertex 8.19535 0.481842 -1.05
      vertex 8.23053 0.502579 -1.05
    endloop
  endfacet
  facet normal -0.5078 0.861475 0
    outer loop
      vertex 8.19535 0.481842 -1.05
      vertex 8.23053 0.502579 -1.4
      vertex 8.19535 0.481842 -1.4
    endloop
  endfacet
  facet normal -0.279572 0.960125 0
    outer loop
      vertex 8.27329 0.51503 -1.4
      vertex 8.23053 0.502579 -1.05
      vertex 8.27329 0.51503 -1.05
    endloop
  endfacet
  facet normal -0.279572 0.960125 0
    outer loop
      vertex 8.23053 0.502579 -1.05
      vertex 8.27329 0.51503 -1.4
      vertex 8.23053 0.502579 -1.4
    endloop
  endfacet
  facet normal -0.0821607 0.996619 0
    outer loop
      vertex 8.32363 0.51918 -1.4
      vertex 8.27329 0.51503 -1.05
      vertex 8.32363 0.51918 -1.05
    endloop
  endfacet
  facet normal -0.0821607 0.996619 0
    outer loop
      vertex 8.27329 0.51503 -1.05
      vertex 8.32363 0.51918 -1.4
      vertex 8.27329 0.51503 -1.4
    endloop
  endfacet
  facet normal 0.0610374 0.998135 -0
    outer loop
      vertex 8.37053 0.516312 -1.4
      vertex 8.32363 0.51918 -1.05
      vertex 8.37053 0.516312 -1.05
    endloop
  endfacet
  facet normal 0.0610374 0.998135 0
    outer loop
      vertex 8.32363 0.51918 -1.05
      vertex 8.37053 0.516312 -1.4
      vertex 8.32363 0.51918 -1.4
    endloop
  endfacet
  facet normal 0.208539 0.978014 -0
    outer loop
      vertex 8.41075 0.507736 -1.4
      vertex 8.37053 0.516312 -1.05
      vertex 8.41075 0.507736 -1.05
    endloop
  endfacet
  facet normal 0.208539 0.978014 0
    outer loop
      vertex 8.37053 0.516312 -1.05
      vertex 8.41075 0.507736 -1.4
      vertex 8.37053 0.516312 -1.4
    endloop
  endfacet
  facet normal 0.39193 0.919995 -0
    outer loop
      vertex 8.44431 0.493439 -1.4
      vertex 8.41075 0.507736 -1.05
      vertex 8.44431 0.493439 -1.05
    endloop
  endfacet
  facet normal 0.39193 0.919995 0
    outer loop
      vertex 8.41075 0.507736 -1.05
      vertex 8.44431 0.493439 -1.4
      vertex 8.41075 0.507736 -1.4
    endloop
  endfacet
  facet normal 0.597752 0.801681 -0
    outer loop
      vertex 8.47116 0.473419 -1.4
      vertex 8.44431 0.493439 -1.05
      vertex 8.47116 0.473419 -1.05
    endloop
  endfacet
  facet normal 0.597752 0.801681 0
    outer loop
      vertex 8.44431 0.493439 -1.05
      vertex 8.47116 0.473419 -1.4
      vertex 8.44431 0.493439 -1.4
    endloop
  endfacet
  facet normal 0.780852 0.624717 0
    outer loop
      vertex 8.49245 0.446808 -1.05
      vertex 8.47116 0.473419 -1.4
      vertex 8.47116 0.473419 -1.05
    endloop
  endfacet
  facet normal 0.780852 0.624717 0
    outer loop
      vertex 8.47116 0.473419 -1.4
      vertex 8.49245 0.446808 -1.05
      vertex 8.49245 0.446808 -1.4
    endloop
  endfacet
  facet normal 0.896228 0.443594 0
    outer loop
      vertex 8.50933 0.412704 -1.05
      vertex 8.49245 0.446808 -1.4
      vertex 8.49245 0.446808 -1.05
    endloop
  endfacet
  facet normal 0.896228 0.443594 0
    outer loop
      vertex 8.49245 0.446808 -1.4
      vertex 8.50933 0.412704 -1.05
      vertex 8.50933 0.412704 -1.4
    endloop
  endfacet
  facet normal 0.958105 0.286418 0
    outer loop
      vertex 8.52176 0.371124 -1.05
      vertex 8.50933 0.412704 -1.4
      vertex 8.50933 0.412704 -1.05
    endloop
  endfacet
  facet normal 0.958105 0.286418 0
    outer loop
      vertex 8.50933 0.412704 -1.4
      vertex 8.52176 0.371124 -1.05
      vertex 8.52176 0.371124 -1.4
    endloop
  endfacet
  facet normal 0.986946 0.16105 0
    outer loop
      vertex 8.52977 0.322037 -1.05
      vertex 8.52176 0.371124 -1.4
      vertex 8.52176 0.371124 -1.05
    endloop
  endfacet
  facet normal 0.986946 0.16105 0
    outer loop
      vertex 8.52176 0.371124 -1.4
      vertex 8.52977 0.322037 -1.05
      vertex 8.52977 0.322037 -1.4
    endloop
  endfacet
  facet normal -0.0477614 0.998859 0
    outer loop
      vertex 8.90728 0.340088 -1.4
      vertex 8.52977 0.322037 -1.05
      vertex 8.90728 0.340088 -1.05
    endloop
  endfacet
  facet normal -0.0477614 0.998859 0
    outer loop
      vertex 8.52977 0.322037 -1.05
      vertex 8.90728 0.340088 -1.4
      vertex 8.52977 0.322037 -1.4
    endloop
  endfacet
  facet normal -0.968262 -0.249937 0
    outer loop
      vertex 8.90728 0.340088 -1.4
      vertex 8.8826 0.435699 -1.05
      vertex 8.8826 0.435699 -1.4
    endloop
  endfacet
  facet normal -0.968262 -0.249937 0
    outer loop
      vertex 8.8826 0.435699 -1.05
      vertex 8.90728 0.340088 -1.4
      vertex 8.90728 0.340088 -1.05
    endloop
  endfacet
  facet normal -0.904593 -0.426276 0
    outer loop
      vertex 8.8826 0.435699 -1.4
      vertex 8.84334 0.519012 -1.05
      vertex 8.84334 0.519012 -1.4
    endloop
  endfacet
  facet normal -0.904593 -0.426276 0
    outer loop
      vertex 8.84334 0.519012 -1.05
      vertex 8.8826 0.435699 -1.4
      vertex 8.8826 0.435699 -1.05
    endloop
  endfacet
  facet normal -0.796792 -0.604254 0
    outer loop
      vertex 8.84334 0.519012 -1.4
      vertex 8.78952 0.589981 -1.05
      vertex 8.78952 0.589981 -1.4
    endloop
  endfacet
  facet normal -0.796792 -0.604254 0
    outer loop
      vertex 8.78952 0.589981 -1.05
      vertex 8.84334 0.519012 -1.4
      vertex 8.84334 0.519012 -1.05
    endloop
  endfacet
  facet normal -0.65096 -0.759112 0
    outer loop
      vertex 8.72112 0.648636 -1.4
      vertex 8.78952 0.589981 -1.05
      vertex 8.72112 0.648636 -1.05
    endloop
  endfacet
  facet normal -0.65096 -0.759112 -0
    outer loop
      vertex 8.78952 0.589981 -1.05
      vertex 8.72112 0.648636 -1.4
      vertex 8.78952 0.589981 -1.4
    endloop
  endfacet
  facet normal -0.486178 -0.87386 0
    outer loop
      vertex 8.63854 0.69458 -1.4
      vertex 8.72112 0.648636 -1.05
      vertex 8.63854 0.69458 -1.05
    endloop
  endfacet
  facet normal -0.486178 -0.87386 -0
    outer loop
      vertex 8.72112 0.648636 -1.05
      vertex 8.63854 0.69458 -1.4
      vertex 8.72112 0.648636 -1.4
    endloop
  endfacet
  facet normal -0.322457 -0.946584 0
    outer loop
      vertex 8.54219 0.727402 -1.4
      vertex 8.63854 0.69458 -1.05
      vertex 8.54219 0.727402 -1.05
    endloop
  endfacet
  facet normal -0.322457 -0.946584 -0
    outer loop
      vertex 8.63854 0.69458 -1.05
      vertex 8.54219 0.727402 -1.4
      vertex 8.63854 0.69458 -1.4
    endloop
  endfacet
  facet normal -0.175961 -0.984397 0
    outer loop
      vertex 8.43207 0.747086 -1.4
      vertex 8.54219 0.727402 -1.05
      vertex 8.43207 0.747086 -1.05
    endloop
  endfacet
  facet normal -0.175961 -0.984397 -0
    outer loop
      vertex 8.54219 0.727402 -1.05
      vertex 8.43207 0.747086 -1.4
      vertex 8.54219 0.727402 -1.4
    endloop
  endfacet
  facet normal -0.0530005 -0.998594 0
    outer loop
      vertex 8.30817 0.753662 -1.4
      vertex 8.43207 0.747086 -1.05
      vertex 8.30817 0.753662 -1.05
    endloop
  endfacet
  facet normal -0.0530005 -0.998594 -0
    outer loop
      vertex 8.43207 0.747086 -1.05
      vertex 8.30817 0.753662 -1.4
      vertex 8.43207 0.747086 -1.4
    endloop
  endfacet
  facet normal 0.0651864 -0.997873 0
    outer loop
      vertex 8.18367 0.745529 -1.4
      vertex 8.30817 0.753662 -1.05
      vertex 8.18367 0.745529 -1.05
    endloop
  endfacet
  facet normal 0.0651864 -0.997873 0
    outer loop
      vertex 8.30817 0.753662 -1.05
      vertex 8.18367 0.745529 -1.4
      vertex 8.30817 0.753662 -1.4
    endloop
  endfacet
  facet normal 0.217753 -0.976004 0
    outer loop
      vertex 8.07431 0.72113 -1.4
      vertex 8.18367 0.745529 -1.05
      vertex 8.07431 0.72113 -1.05
    endloop
  endfacet
  facet normal 0.217753 -0.976004 0
    outer loop
      vertex 8.18367 0.745529 -1.05
      vertex 8.07431 0.72113 -1.4
      vertex 8.18367 0.745529 -1.4
    endloop
  endfacet
  facet normal 0.396458 -0.918053 0
    outer loop
      vertex 7.98011 0.68045 -1.4
      vertex 8.07431 0.72113 -1.05
      vertex 7.98011 0.68045 -1.05
    endloop
  endfacet
  facet normal 0.396458 -0.918053 0
    outer loop
      vertex 8.07431 0.72113 -1.05
      vertex 7.98011 0.68045 -1.4
      vertex 8.07431 0.72113 -1.4
    endloop
  endfacet
  facet normal 0.584205 -0.811606 0
    outer loop
      vertex 7.90102 0.62352 -1.4
      vertex 7.98011 0.68045 -1.05
      vertex 7.90102 0.62352 -1.05
    endloop
  endfacet
  facet normal 0.584205 -0.811606 0
    outer loop
      vertex 7.98011 0.68045 -1.05
      vertex 7.90102 0.62352 -1.4
      vertex 7.98011 0.68045 -1.4
    endloop
  endfacet
  facet normal 0.754407 -0.656407 0
    outer loop
      vertex 7.83846 0.55162 -1.05
      vertex 7.90102 0.62352 -1.4
      vertex 7.90102 0.62352 -1.05
    endloop
  endfacet
  facet normal 0.754407 -0.656407 0
    outer loop
      vertex 7.90102 0.62352 -1.4
      vertex 7.83846 0.55162 -1.05
      vertex 7.83846 0.55162 -1.4
    endloop
  endfacet
  facet normal 0.886463 -0.462799 0
    outer loop
      vertex 7.79377 0.466019 -1.05
      vertex 7.83846 0.55162 -1.4
      vertex 7.83846 0.55162 -1.05
    endloop
  endfacet
  facet normal 0.886463 -0.462799 0
    outer loop
      vertex 7.83846 0.55162 -1.4
      vertex 7.79377 0.466019 -1.05
      vertex 7.79377 0.466019 -1.4
    endloop
  endfacet
  facet normal 0.965424 -0.260684 0
    outer loop
      vertex 7.76696 0.36673 -1.05
      vertex 7.79377 0.466019 -1.4
      vertex 7.79377 0.466019 -1.05
    endloop
  endfacet
  facet normal 0.965424 -0.260684 0
    outer loop
      vertex 7.79377 0.466019 -1.4
      vertex 7.76696 0.36673 -1.05
      vertex 7.76696 0.36673 -1.4
    endloop
  endfacet
  facet normal 0.996877 -0.0789729 0
    outer loop
      vertex 7.75801 0.253754 -1.05
      vertex 7.76696 0.36673 -1.4
      vertex 7.76696 0.36673 -1.05
    endloop
  endfacet
  facet normal 0.996877 -0.0789729 0
    outer loop
      vertex 7.76696 0.36673 -1.4
      vertex 7.75801 0.253754 -1.05
      vertex 7.75801 0.253754 -1.4
    endloop
  endfacet
  facet normal 1 -0 0
    outer loop
      vertex 7.75801 -0.253876 -1.05
      vertex 7.75801 0.253754 -1.4
      vertex 7.75801 0.253754 -1.05
    endloop
  endfacet
  facet normal 1 0 0
    outer loop
      vertex 7.75801 0.253754 -1.4
      vertex 7.75801 -0.253876 -1.05
      vertex 7.75801 -0.253876 -1.4
    endloop
  endfacet
  facet normal 0.99954 -0.0303132 0
    outer loop
      vertex 7.75637 -0.307953 -1.05
      vertex 7.75801 -0.253876 -1.4
      vertex 7.75801 -0.253876 -1.05
    endloop
  endfacet
  facet normal 0.99954 -0.0303132 0
    outer loop
      vertex 7.75801 -0.253876 -1.4
      vertex 7.75637 -0.307953 -1.05
      vertex 7.75637 -0.307953 -1.4
    endloop
  endfacet
  facet normal 0.993976 -0.1096 0
    outer loop
      vertex 7.75141 -0.352936 -1.05
      vertex 7.75637 -0.307953 -1.4
      vertex 7.75637 -0.307953 -1.05
    endloop
  endfacet
  facet normal 0.993976 -0.1096 0
    outer loop
      vertex 7.75637 -0.307953 -1.4
      vertex 7.75141 -0.352936 -1.05
      vertex 7.75141 -0.352936 -1.4
    endloop
  endfacet
  facet normal 0.974501 -0.224385 0
    outer loop
      vertex 7.74315 -0.388809 -1.05
      vertex 7.75141 -0.352936 -1.4
      vertex 7.75141 -0.352936 -1.05
    endloop
  endfacet
  facet normal 0.974501 -0.224385 0
    outer loop
      vertex 7.75141 -0.352936 -1.4
      vertex 7.74315 -0.388809 -1.05
      vertex 7.74315 -0.388809 -1.4
    endloop
  endfacet
  facet normal 0.918233 -0.396041 0
    outer loop
      vertex 7.7316 -0.415588 -1.05
      vertex 7.74315 -0.388809 -1.4
      vertex 7.74315 -0.388809 -1.05
    endloop
  endfacet
  facet normal 0.918233 -0.396041 0
    outer loop
      vertex 7.74315 -0.388809 -1.4
      vertex 7.7316 -0.415588 -1.05
      vertex 7.7316 -0.415588 -1.4
    endloop
  endfacet
  facet normal 0.783261 -0.621693 0
    outer loop
      vertex 7.71617 -0.435028 -1.05
      vertex 7.7316 -0.415588 -1.4
      vertex 7.7316 -0.415588 -1.05
    endloop
  endfacet
  facet normal 0.783261 -0.621693 0
    outer loop
      vertex 7.7316 -0.415588 -1.4
      vertex 7.71617 -0.435028 -1.05
      vertex 7.71617 -0.435028 -1.4
    endloop
  endfacet
  facet normal 0.573213 -0.819406 0
    outer loop
      vertex 7.69632 -0.448914 -1.4
      vertex 7.71617 -0.435028 -1.05
      vertex 7.69632 -0.448914 -1.05
    endloop
  endfacet
  facet normal 0.573213 -0.819406 0
    outer loop
      vertex 7.71617 -0.435028 -1.05
      vertex 7.69632 -0.448914 -1.4
      vertex 7.71617 -0.435028 -1.4
    endloop
  endfacet
  facet normal 0.324429 -0.94591 0
    outer loop
      vertex 7.67203 -0.457245 -1.4
      vertex 7.69632 -0.448914 -1.05
      vertex 7.67203 -0.457245 -1.05
    endloop
  endfacet
  facet normal 0.324429 -0.94591 0
    outer loop
      vertex 7.69632 -0.448914 -1.05
      vertex 7.67203 -0.457245 -1.4
      vertex 7.69632 -0.448914 -1.4
    endloop
  endfacet
  facet normal 0.0968251 -0.995301 0
    outer loop
      vertex 7.64333 -0.460037 -1.4
      vertex 7.67203 -0.457245 -1.05
      vertex 7.64333 -0.460037 -1.05
    endloop
  endfacet
  facet normal 0.0968251 -0.995301 0
    outer loop
      vertex 7.67203 -0.457245 -1.05
      vertex 7.64333 -0.460037 -1.4
      vertex 7.67203 -0.457245 -1.4
    endloop
  endfacet
  facet normal -0.0238446 -0.999716 0
    outer loop
      vertex 7.62287 -0.459549 -1.4
      vertex 7.64333 -0.460037 -1.05
      vertex 7.62287 -0.459549 -1.05
    endloop
  endfacet
  facet normal -0.0238446 -0.999716 -0
    outer loop
      vertex 7.64333 -0.460037 -1.05
      vertex 7.62287 -0.459549 -1.4
      vertex 7.64333 -0.460037 -1.4
    endloop
  endfacet
  facet normal -0.0718456 -0.997416 0
    outer loop
      vertex 7.60274 -0.458099 -1.4
      vertex 7.62287 -0.459549 -1.05
      vertex 7.60274 -0.458099 -1.05
    endloop
  endfacet
  facet normal -0.0718456 -0.997416 -0
    outer loop
      vertex 7.62287 -0.459549 -1.05
      vertex 7.60274 -0.458099 -1.4
      vertex 7.62287 -0.459549 -1.4
    endloop
  endfacet
  facet normal -0.121555 -0.992585 0
    outer loop
      vertex 7.58293 -0.455673 -1.4
      vertex 7.60274 -0.458099 -1.05
      vertex 7.58293 -0.455673 -1.05
    endloop
  endfacet
  facet normal -0.121555 -0.992585 -0
    outer loop
      vertex 7.60274 -0.458099 -1.05
      vertex 7.58293 -0.455673 -1.4
      vertex 7.60274 -0.458099 -1.4
    endloop
  endfacet
  facet normal -0.170564 -0.985347 0
    outer loop
      vertex 7.56345 -0.452301 -1.4
      vertex 7.58293 -0.455673 -1.05
      vertex 7.56345 -0.452301 -1.05
    endloop
  endfacet
  facet normal -0.170564 -0.985347 -0
    outer loop
      vertex 7.58293 -0.455673 -1.05
      vertex 7.56345 -0.452301 -1.4
      vertex 7.58293 -0.455673 -1.4
    endloop
  endfacet
  facet normal 1 -0 0
    outer loop
      vertex 7.56345 -0.648148 -1.05
      vertex 7.56345 -0.452301 -1.4
      vertex 7.56345 -0.452301 -1.05
    endloop
  endfacet
  facet normal 1 0 0
    outer loop
      vertex 7.56345 -0.452301 -1.4
      vertex 7.56345 -0.648148 -1.05
      vertex 7.56345 -0.648148 -1.4
    endloop
  endfacet
  facet normal 0.23431 0.972162 -0
    outer loop
      vertex 7.57915 -0.651932 -1.4
      vertex 7.56345 -0.648148 -1.05
      vertex 7.57915 -0.651932 -1.05
    endloop
  endfacet
  facet normal 0.23431 0.972162 0
    outer loop
      vertex 7.56345 -0.648148 -1.05
      vertex 7.57915 -0.651932 -1.4
      vertex 7.56345 -0.648148 -1.4
    endloop
  endfacet
  facet normal 0.237249 0.971449 -0
    outer loop
      vertex 7.60814 -0.659012 -1.4
      vertex 7.57915 -0.651932 -1.05
      vertex 7.60814 -0.659012 -1.05
    endloop
  endfacet
  facet normal 0.237249 0.971449 0
    outer loop
      vertex 7.57915 -0.651932 -1.05
      vertex 7.60814 -0.659012 -1.4
      vertex 7.57915 -0.651932 -1.4
    endloop
  endfacet
  facet normal 0.241745 0.97034 -0
    outer loop
      vertex 7.62143 -0.662323 -1.4
      vertex 7.60814 -0.659012 -1.05
      vertex 7.62143 -0.662323 -1.05
    endloop
  endfacet
  facet normal 0.241745 0.97034 0
    outer loop
      vertex 7.60814 -0.659012 -1.05
      vertex 7.62143 -0.662323 -1.4
      vertex 7.60814 -0.659012 -1.4
    endloop
  endfacet
  facet normal 0.230233 0.973135 -0
    outer loop
      vertex 7.63433 -0.665375 -1.4
      vertex 7.62143 -0.662323 -1.05
      vertex 7.63433 -0.665375 -1.05
    endloop
  endfacet
  facet normal 0.230233 0.973135 0
    outer loop
      vertex 7.62143 -0.662323 -1.05
      vertex 7.63433 -0.665375 -1.4
      vertex 7.62143 -0.662323 -1.4
    endloop
  endfacet
  facet normal 0.208668 0.977987 -0
    outer loop
      vertex 7.6472 -0.668121 -1.4
      vertex 7.63433 -0.665375 -1.05
      vertex 7.6472 -0.668121 -1.05
    endloop
  endfacet
  facet normal 0.208668 0.977987 0
    outer loop
      vertex 7.63433 -0.665375 -1.05
      vertex 7.6472 -0.668121 -1.4
      vertex 7.63433 -0.665375 -1.4
    endloop
  endfacet
  facet normal 0.183994 0.982927 -0
    outer loop
      vertex 7.66008 -0.670532 -1.4
      vertex 7.6472 -0.668121 -1.05
      vertex 7.66008 -0.670532 -1.05
    endloop
  endfacet
  facet normal 0.183994 0.982927 0
    outer loop
      vertex 7.6472 -0.668121 -1.05
      vertex 7.66008 -0.670532 -1.4
      vertex 7.6472 -0.668121 -1.4
    endloop
  endfacet
  facet normal 0.160247 0.987077 -0
    outer loop
      vertex 7.67296 -0.672623 -1.4
      vertex 7.66008 -0.670532 -1.05
      vertex 7.67296 -0.672623 -1.05
    endloop
  endfacet
  facet normal 0.160247 0.987077 0
    outer loop
      vertex 7.66008 -0.670532 -1.05
      vertex 7.67296 -0.672623 -1.4
      vertex 7.66008 -0.670532 -1.4
    endloop
  endfacet
  facet normal 0.140754 0.990045 -0
    outer loop
      vertex 7.68605 -0.674484 -1.4
      vertex 7.67296 -0.672623 -1.05
      vertex 7.68605 -0.674484 -1.05
    endloop
  endfacet
  facet normal 0.140754 0.990045 0
    outer loop
      vertex 7.67296 -0.672623 -1.05
      vertex 7.68605 -0.674484 -1.4
      vertex 7.67296 -0.672623 -1.4
    endloop
  endfacet
  facet normal 0.12351 0.992343 -0
    outer loop
      vertex 7.69954 -0.676163 -1.4
      vertex 7.68605 -0.674484 -1.05
      vertex 7.69954 -0.676163 -1.05
    endloop
  endfacet
  facet normal 0.12351 0.992343 0
    outer loop
      vertex 7.68605 -0.674484 -1.05
      vertex 7.69954 -0.676163 -1.4
      vertex 7.68605 -0.674484 -1.4
    endloop
  endfacet
  facet normal 0.110267 0.993902 -0
    outer loop
      vertex 7.71343 -0.677704 -1.4
      vertex 7.69954 -0.676163 -1.05
      vertex 7.71343 -0.677704 -1.05
    endloop
  endfacet
  facet normal 0.110267 0.993902 0
    outer loop
      vertex 7.69954 -0.676163 -1.05
      vertex 7.71343 -0.677704 -1.4
      vertex 7.69954 -0.676163 -1.4
    endloop
  endfacet
  facet normal 0.0945397 0.995521 -0
    outer loop
      vertex 7.72773 -0.679062 -1.4
      vertex 7.71343 -0.677704 -1.05
      vertex 7.72773 -0.679062 -1.05
    endloop
  endfacet
  facet normal 0.0945397 0.995521 0
    outer loop
      vertex 7.71343 -0.677704 -1.05
      vertex 7.72773 -0.679062 -1.4
      vertex 7.71343 -0.677704 -1.4
    endloop
  endfacet
  facet normal 0.0745601 0.997217 -0
    outer loop
      vertex 7.74283 -0.680191 -1.4
      vertex 7.72773 -0.679062 -1.05
      vertex 7.74283 -0.680191 -1.05
    endloop
  endfacet
  facet normal 0.0745601 0.997217 0
    outer loop
      vertex 7.72773 -0.679062 -1.05
      vertex 7.74283 -0.680191 -1.4
      vertex 7.72773 -0.679062 -1.4
    endloop
  endfacet
  facet normal 0.0495709 0.998771 -0
    outer loop
      vertex 7.75913 -0.681 -1.4
      vertex 7.74283 -0.680191 -1.05
      vertex 7.75913 -0.681 -1.05
    endloop
  endfacet
  facet normal 0.0495709 0.998771 0
    outer loop
      vertex 7.74283 -0.680191 -1.05
      vertex 7.75913 -0.681 -1.4
      vertex 7.74283 -0.680191 -1.4
    endloop
  endfacet
  facet normal 0.027859 0.999612 -0
    outer loop
      vertex 7.77664 -0.681488 -1.4
      vertex 7.75913 -0.681 -1.05
      vertex 7.77664 -0.681488 -1.05
    endloop
  endfacet
  facet normal 0.027859 0.999612 0
    outer loop
      vertex 7.75913 -0.681 -1.05
      vertex 7.77664 -0.681488 -1.4
      vertex 7.75913 -0.681 -1.4
    endloop
  endfacet
  facet normal 0.00816844 0.999967 -0
    outer loop
      vertex 7.79537 -0.681641 -1.4
      vertex 7.77664 -0.681488 -1.05
      vertex 7.79537 -0.681641 -1.05
    endloop
  endfacet
  facet normal 0.00816844 0.999967 0
    outer loop
      vertex 7.77664 -0.681488 -1.05
      vertex 7.79537 -0.681641 -1.4
      vertex 7.77664 -0.681488 -1.4
    endloop
  endfacet
  facet normal -0.0653824 0.99786 0
    outer loop
      vertex 7.85918 -0.67746 -1.4
      vertex 7.79537 -0.681641 -1.05
      vertex 7.85918 -0.67746 -1.05
    endloop
  endfacet
  facet normal -0.0653824 0.99786 0
    outer loop
      vertex 7.79537 -0.681641 -1.05
      vertex 7.85918 -0.67746 -1.4
      vertex 7.79537 -0.681641 -1.4
    endloop
  endfacet
  facet normal -0.223023 0.974813 0
    outer loop
      vertex 7.91407 -0.664902 -1.4
      vertex 7.85918 -0.67746 -1.05
      vertex 7.91407 -0.664902 -1.05
    endloop
  endfacet
  facet normal -0.223023 0.974813 0
    outer loop
      vertex 7.85918 -0.67746 -1.05
      vertex 7.91407 -0.664902 -1.4
      vertex 7.85918 -0.67746 -1.4
    endloop
  endfacet
  facet normal -0.414676 0.909969 0
    outer loop
      vertex 7.96001 -0.643967 -1.4
      vertex 7.91407 -0.664902 -1.05
      vertex 7.96001 -0.643967 -1.05
    endloop
  endfacet
  facet normal -0.414676 0.909969 0
    outer loop
      vertex 7.91407 -0.664902 -1.05
      vertex 7.96001 -0.643967 -1.4
      vertex 7.91407 -0.664902 -1.4
    endloop
  endfacet
  facet normal -0.620968 0.783836 0
    outer loop
      vertex 7.99701 -0.614655 -1.4
      vertex 7.96001 -0.643967 -1.05
      vertex 7.99701 -0.614655 -1.05
    endloop
  endfacet
  facet normal -0.620968 0.783836 0
    outer loop
      vertex 7.96001 -0.643967 -1.05
      vertex 7.99701 -0.614655 -1.4
      vertex 7.96001 -0.643967 -1.4
    endloop
  endfacet
  facet normal -0.787988 0.615691 0
    outer loop
      vertex 7.99701 -0.614655 -1.4
      vertex 8.02628 -0.577194 -1.05
      vertex 8.02628 -0.577194 -1.4
    endloop
  endfacet
  facet normal -0.787988 0.615691 0
    outer loop
      vertex 8.02628 -0.577194 -1.05
      vertex 7.99701 -0.614655 -1.4
      vertex 7.99701 -0.614655 -1.05
    endloop
  endfacet
  facet normal -0.893772 0.448522 0
    outer loop
      vertex 8.02628 -0.577194 -1.4
      vertex 8.04903 -0.53186 -1.05
      vertex 8.04903 -0.53186 -1.4
    endloop
  endfacet
  facet normal -0.893772 0.448522 0
    outer loop
      vertex 8.04903 -0.53186 -1.05
      vertex 8.02628 -0.577194 -1.4
      vertex 8.02628 -0.577194 -1.05
    endloop
  endfacet
  facet normal -0.956538 0.291608 0
    outer loop
      vertex 8.04903 -0.53186 -1.4
      vertex 8.06526 -0.478622 -1.05
      vertex 8.06526 -0.478622 -1.4
    endloop
  endfacet
  facet normal -0.956538 0.291608 0
    outer loop
      vertex 8.06526 -0.478622 -1.05
      vertex 8.04903 -0.53186 -1.4
      vertex 8.04903 -0.53186 -1.05
    endloop
  endfacet
  facet normal -0.987611 0.156923 0
    outer loop
      vertex 8.06526 -0.478622 -1.4
      vertex 8.07497 -0.417511 -1.05
      vertex 8.07497 -0.417511 -1.4
    endloop
  endfacet
  facet normal -0.987611 0.156923 0
    outer loop
      vertex 8.07497 -0.417511 -1.05
      vertex 8.06526 -0.478622 -1.4
      vertex 8.06526 -0.478622 -1.05
    endloop
  endfacet
  facet normal 0 1 -0
    outer loop
      vertex 8.08267 -0.417511 -1.4
      vertex 8.07497 -0.417511 -1.05
      vertex 8.08267 -0.417511 -1.05
    endloop
  endfacet
  facet normal 0 1 0
    outer loop
      vertex 8.07497 -0.417511 -1.05
      vertex 8.08267 -0.417511 -1.4
      vertex 8.07497 -0.417511 -1.4
    endloop
  endfacet
  facet normal 0.813908 0.580994 0
    outer loop
      vertex 8.16837 -0.537567 -1.05
      vertex 8.08267 -0.417511 -1.4
      vertex 8.08267 -0.417511 -1.05
    endloop
  endfacet
  facet normal 0.813908 0.580994 0
    outer loop
      vertex 8.08267 -0.417511 -1.4
      vertex 8.16837 -0.537567 -1.05
      vertex 8.16837 -0.537567 -1.4
    endloop
  endfacet
  facet normal 0.632587 0.774489 -0
    outer loop
      vertex 8.27338 -0.623337 -1.4
      vertex 8.16837 -0.537567 -1.05
      vertex 8.27338 -0.623337 -1.05
    endloop
  endfacet
  facet normal 0.632587 0.774489 0
    outer loop
      vertex 8.16837 -0.537567 -1.05
      vertex 8.27338 -0.623337 -1.4
      vertex 8.16837 -0.537567 -1.4
    endloop
  endfacet
  facet normal 0.382384 0.924003 -0
    outer loop
      vertex 8.39771 -0.674789 -1.4
      vertex 8.27338 -0.623337 -1.05
      vertex 8.39771 -0.674789 -1.05
    endloop
  endfacet
  facet normal 0.382384 0.924003 0
    outer loop
      vertex 8.27338 -0.623337 -1.05
      vertex 8.39771 -0.674789 -1.4
      vertex 8.27338 -0.623337 -1.4
    endloop
  endfacet
  facet normal 0.118536 0.99295 -0
    outer loop
      vertex 8.54138 -0.69194 -1.4
      vertex 8.39771 -0.674789 -1.05
      vertex 8.54138 -0.69194 -1.05
    endloop
  endfacet
  facet normal 0.118536 0.99295 0
    outer loop
      vertex 8.39771 -0.674789 -1.05
      vertex 8.54138 -0.69194 -1.4
      vertex 8.39771 -0.674789 -1.4
    endloop
  endfacet
  facet normal -0.0717987 0.997419 0
    outer loop
      vertex 8.63697 -0.685059 -1.4
      vertex 8.54138 -0.69194 -1.05
      vertex 8.63697 -0.685059 -1.05
    endloop
  endfacet
  facet normal -0.0717987 0.997419 0
    outer loop
      vertex 8.54138 -0.69194 -1.05
      vertex 8.63697 -0.685059 -1.4
      vertex 8.54138 -0.69194 -1.4
    endloop
  endfacet
  facet normal -0.213839 -0.976869 0
    outer loop
      vertex 8.34409 -0.427826 -1.4
      vertex 8.38382 -0.436523 -1.05
      vertex 8.34409 -0.427826 -1.05
    endloop
  endfacet
  facet normal -0.213839 -0.976869 -0
    outer loop
      vertex 8.38382 -0.436523 -1.05
      vertex 8.34409 -0.427826 -1.4
      vertex 8.38382 -0.436523 -1.4
    endloop
  endfacet
  facet normal -0.357323 -0.933981 0
    outer loop
      vertex 8.3062 -0.41333 -1.4
      vertex 8.34409 -0.427826 -1.05
      vertex 8.3062 -0.41333 -1.05
    endloop
  endfacet
  facet normal -0.357323 -0.933981 -0
    outer loop
      vertex 8.34409 -0.427826 -1.05
      vertex 8.3062 -0.41333 -1.4
      vertex 8.34409 -0.427826 -1.4
    endloop
  endfacet
  facet normal -0.490656 -0.871353 0
    outer loop
      vertex 8.27016 -0.393036 -1.4
      vertex 8.3062 -0.41333 -1.05
      vertex 8.27016 -0.393036 -1.05
    endloop
  endfacet
  facet normal -0.490656 -0.871353 -0
    outer loop
      vertex 8.3062 -0.41333 -1.05
      vertex 8.27016 -0.393036 -1.4
      vertex 8.3062 -0.41333 -1.4
    endloop
  endfacet
  facet normal -0.607487 -0.794329 0
    outer loop
      vertex 8.23694 -0.36763 -1.4
      vertex 8.27016 -0.393036 -1.05
      vertex 8.23694 -0.36763 -1.05
    endloop
  endfacet
  facet normal -0.607487 -0.794329 -0
    outer loop
      vertex 8.27016 -0.393036 -1.05
      vertex 8.23694 -0.36763 -1.4
      vertex 8.27016 -0.393036 -1.4
    endloop
  endfacet
  facet normal -0.712052 -0.702127 0
    outer loop
      vertex 8.23694 -0.36763 -1.4
      vertex 8.20751 -0.337784 -1.05
      vertex 8.20751 -0.337784 -1.4
    endloop
  endfacet
  facet normal -0.712052 -0.702127 0
    outer loop
      vertex 8.20751 -0.337784 -1.05
      vertex 8.23694 -0.36763 -1.4
      vertex 8.23694 -0.36763 -1.05
    endloop
  endfacet
  facet normal -0.800597 -0.599204 0
    outer loop
      vertex 8.20751 -0.337784 -1.4
      vertex 8.18186 -0.303513 -1.05
      vertex 8.18186 -0.303513 -1.4
    endloop
  endfacet
  facet normal -0.800597 -0.599204 0
    outer loop
      vertex 8.18186 -0.303513 -1.05
      vertex 8.20751 -0.337784 -1.4
      vertex 8.20751 -0.337784 -1.05
    endloop
  endfacet
  facet normal -0.870584 -0.492019 0
    outer loop
      vertex 8.18186 -0.303513 -1.4
      vertex 8.15999 -0.264816 -1.05
      vertex 8.15999 -0.264816 -1.4
    endloop
  endfacet
  facet normal -0.870584 -0.492019 0
    outer loop
      vertex 8.15999 -0.264816 -1.05
      vertex 8.18186 -0.303513 -1.4
      vertex 8.18186 -0.303513 -1.05
    endloop
  endfacet
  facet normal -0.921678 -0.387956 0
    outer loop
      vertex 8.15999 -0.264816 -1.4
      vertex 8.14252 -0.223312 -1.05
      vertex 8.14252 -0.223312 -1.4
    endloop
  endfacet
  facet normal -0.921678 -0.387956 0
    outer loop
      vertex 8.14252 -0.223312 -1.05
      vertex 8.15999 -0.264816 -1.4
      vertex 8.15999 -0.264816 -1.05
    endloop
  endfacet
  facet normal -0.95986 -0.280481 0
    outer loop
      vertex 8.14252 -0.223312 -1.4
      vertex 8.13004 -0.180603 -1.05
      vertex 8.13004 -0.180603 -1.4
    endloop
  endfacet
  facet normal -0.95986 -0.280481 0
    outer loop
      vertex 8.13004 -0.180603 -1.05
      vertex 8.14252 -0.223312 -1.4
      vertex 8.14252 -0.223312 -1.05
    endloop
  endfacet
  facet normal -0.985775 -0.168073 0
    outer loop
      vertex 8.13004 -0.180603 -1.4
      vertex 8.12255 -0.136673 -1.05
      vertex 8.12255 -0.136673 -1.4
    endloop
  endfacet
  facet normal -0.985775 -0.168073 0
    outer loop
      vertex 8.12255 -0.136673 -1.05
      vertex 8.13004 -0.180603 -1.4
      vertex 8.13004 -0.180603 -1.05
    endloop
  endfacet
  facet normal -0.998482 -0.0550835 0
    outer loop
      vertex 8.12255 -0.136673 -1.4
      vertex 8.12006 -0.0915375 -1.05
      vertex 8.12006 -0.0915375 -1.4
    endloop
  endfacet
  facet normal -0.998482 -0.0550835 0
    outer loop
      vertex 8.12006 -0.0915375 -1.05
      vertex 8.12255 -0.136673 -1.4
      vertex 8.12255 -0.136673 -1.05
    endloop
  endfacet
  facet normal -1 0 0
    outer loop
      vertex 8.12006 -0.0915375 -1.4
      vertex 8.12006 -0.0206757 -1.05
      vertex 8.12006 -0.0206757 -1.4
    endloop
  endfacet
  facet normal -1 -0 0
    outer loop
      vertex 8.12006 -0.0206757 -1.05
      vertex 8.12006 -0.0915375 -1.4
      vertex 8.12006 -0.0915375 -1.05
    endloop
  endfacet
  facet normal 0.0138978 0.999903 -0
    outer loop
      vertex 8.30559 -0.0232544 -1.4
      vertex 8.12006 -0.0206757 -1.05
      vertex 8.30559 -0.0232544 -1.05
    endloop
  endfacet
  facet normal 0.0138978 0.999903 0
    outer loop
      vertex 8.12006 -0.0206757 -1.05
      vertex 8.30559 -0.0232544 -1.4
      vertex 8.12006 -0.0206757 -1.4
    endloop
  endfacet
  facet normal 0.0624246 0.99805 -0
    outer loop
      vertex 8.36414 -0.0269165 -1.4
      vertex 8.30559 -0.0232544 -1.05
      vertex 8.36414 -0.0269165 -1.05
    endloop
  endfacet
  facet normal 0.0624246 0.99805 0
    outer loop
      vertex 8.30559 -0.0232544 -1.05
      vertex 8.36414 -0.0269165 -1.4
      vertex 8.30559 -0.0232544 -1.4
    endloop
  endfacet
  facet normal 0.117576 0.993064 -0
    outer loop
      vertex 8.4135 -0.0327606 -1.4
      vertex 8.36414 -0.0269165 -1.05
      vertex 8.4135 -0.0327606 -1.05
    endloop
  endfacet
  facet normal 0.117576 0.993064 0
    outer loop
      vertex 8.36414 -0.0269165 -1.05
      vertex 8.4135 -0.0327606 -1.4
      vertex 8.36414 -0.0269165 -1.4
    endloop
  endfacet
  facet normal 0.195527 0.980698 -0
    outer loop
      vertex 8.45368 -0.0407715 -1.4
      vertex 8.4135 -0.0327606 -1.05
      vertex 8.45368 -0.0407715 -1.05
    endloop
  endfacet
  facet normal 0.195527 0.980698 0
    outer loop
      vertex 8.4135 -0.0327606 -1.05
      vertex 8.45368 -0.0407715 -1.4
      vertex 8.4135 -0.0327606 -1.4
    endloop
  endfacet
  facet normal 0.312352 0.949966 -0
    outer loop
      vertex 8.48468 -0.0509644 -1.4
      vertex 8.45368 -0.0407715 -1.05
      vertex 8.48468 -0.0509644 -1.05
    endloop
  endfacet
  facet normal 0.312352 0.949966 0
    outer loop
      vertex 8.45368 -0.0407715 -1.05
      vertex 8.48468 -0.0509644 -1.4
      vertex 8.45368 -0.0407715 -1.4
    endloop
  endfacet
  facet normal 0.456822 0.889558 -0
    outer loop
      vertex 8.50952 -0.0637207 -1.4
      vertex 8.48468 -0.0509644 -1.05
      vertex 8.50952 -0.0637207 -1.05
    endloop
  endfacet
  facet normal 0.456822 0.889558 0
    outer loop
      vertex 8.48468 -0.0509644 -1.05
      vertex 8.50952 -0.0637207 -1.4
      vertex 8.48468 -0.0509644 -1.4
    endloop
  endfacet
  facet normal 0.58695 0.809623 -0
    outer loop
      vertex 8.53122 -0.0794525 -1.4
      vertex 8.50952 -0.0637207 -1.05
      vertex 8.53122 -0.0794525 -1.05
    endloop
  endfacet
  facet normal 0.58695 0.809623 0
    outer loop
      vertex 8.50952 -0.0637207 -1.05
      vertex 8.53122 -0.0794525 -1.4
      vertex 8.50952 -0.0637207 -1.4
    endloop
  endfacet
  facet normal 0.71028 0.703919 0
    outer loop
      vertex 8.54979 -0.0981903 -1.05
      vertex 8.53122 -0.0794525 -1.4
      vertex 8.53122 -0.0794525 -1.05
    endloop
  endfacet
  facet normal 0.71028 0.703919 0
    outer loop
      vertex 8.53122 -0.0794525 -1.4
      vertex 8.54979 -0.0981903 -1.05
      vertex 8.54979 -0.0981903 -1.4
    endloop
  endfacet
  facet normal 0.815301 0.579038 0
    outer loop
      vertex 8.5652 -0.119888 -1.05
      vertex 8.54979 -0.0981903 -1.4
      vertex 8.54979 -0.0981903 -1.05
    endloop
  endfacet
  facet normal 0.815301 0.579038 0
    outer loop
      vertex 8.54979 -0.0981903 -1.4
      vertex 8.5652 -0.119888 -1.05
      vertex 8.5652 -0.119888 -1.4
    endloop
  endfacet
  facet normal 0.90073 0.43438 0
    outer loop
      vertex 8.57732 -0.14502 -1.05
      vertex 8.5652 -0.119888 -1.4
      vertex 8.5652 -0.119888 -1.05
    endloop
  endfacet
  facet normal 0.90073 0.43438 0
    outer loop
      vertex 8.5652 -0.119888 -1.4
      vertex 8.57732 -0.14502 -1.05
      vertex 8.57732 -0.14502 -1.4
    endloop
  endfacet
  facet normal 0.958034 0.286656 0
    outer loop
      vertex 8.58599 -0.173996 -1.05
      vertex 8.57732 -0.14502 -1.4
      vertex 8.57732 -0.14502 -1.05
    endloop
  endfacet
  facet normal 0.958034 0.286656 0
    outer loop
      vertex 8.57732 -0.14502 -1.4
      vertex 8.58599 -0.173996 -1.05
      vertex 8.58599 -0.173996 -1.4
    endloop
  endfacet
  facet normal 0.987796 0.155753 0
    outer loop
      vertex 8.59117 -0.206848 -1.05
      vertex 8.58599 -0.173996 -1.4
      vertex 8.58599 -0.173996 -1.05
    endloop
  endfacet
  facet normal 0.987796 0.155753 0
    outer loop
      vertex 8.58599 -0.173996 -1.4
      vertex 8.59117 -0.206848 -1.05
      vertex 8.59117 -0.206848 -1.4
    endloop
  endfacet
  facet normal 0.998879 0.0473415 0
    outer loop
      vertex 8.59291 -0.243561 -1.05
      vertex 8.59117 -0.206848 -1.4
      vertex 8.59117 -0.206848 -1.05
    endloop
  endfacet
  facet normal 0.998879 0.0473415 0
    outer loop
      vertex 8.59117 -0.206848 -1.4
      vertex 8.59291 -0.243561 -1.05
      vertex 8.59291 -0.243561 -1.4
    endloop
  endfacet
  facet normal 0.998095 -0.0616931 0
    outer loop
      vertex 8.59004 -0.289993 -1.05
      vertex 8.59291 -0.243561 -1.4
      vertex 8.59291 -0.243561 -1.05
    endloop
  endfacet
  facet normal 0.998095 -0.0616931 0
    outer loop
      vertex 8.59291 -0.243561 -1.4
      vertex 8.59004 -0.289993 -1.05
      vertex 8.59004 -0.289993 -1.4
    endloop
  endfacet
  facet normal 0.977884 -0.209146 0
    outer loop
      vertex 8.58147 -0.330063 -1.05
      vertex 8.59004 -0.289993 -1.4
      vertex 8.59004 -0.289993 -1.05
    endloop
  endfacet
  facet normal 0.977884 -0.209146 0
    outer loop
      vertex 8.59004 -0.289993 -1.4
      vertex 8.58147 -0.330063 -1.05
      vertex 8.58147 -0.330063 -1.4
    endloop
  endfacet
  facet normal 0.920711 -0.390245 0
    outer loop
      vertex 8.56719 -0.363754 -1.05
      vertex 8.58147 -0.330063 -1.4
      vertex 8.58147 -0.330063 -1.05
    endloop
  endfacet
  facet normal 0.920711 -0.390245 0
    outer loop
      vertex 8.58147 -0.330063 -1.4
      vertex 8.56719 -0.363754 -1.05
      vertex 8.56719 -0.363754 -1.4
    endloop
  endfacet
  facet normal 0.806999 -0.590552 0
    outer loop
      vertex 8.54718 -0.391098 -1.05
      vertex 8.56719 -0.363754 -1.4
      vertex 8.56719 -0.363754 -1.05
    endloop
  endfacet
  facet normal 0.806999 -0.590552 0
    outer loop
      vertex 8.56719 -0.363754 -1.4
      vertex 8.54718 -0.391098 -1.05
      vertex 8.54718 -0.391098 -1.4
    endloop
  endfacet
  facet normal 0.648895 -0.760878 0
    outer loop
      vertex 8.5224 -0.412231 -1.4
      vertex 8.54718 -0.391098 -1.05
      vertex 8.5224 -0.412231 -1.05
    endloop
  endfacet
  facet normal 0.648895 -0.760878 0
    outer loop
      vertex 8.54718 -0.391098 -1.05
      vertex 8.5224 -0.412231 -1.4
      vertex 8.54718 -0.391098 -1.4
    endloop
  endfacet
  facet normal 0.467957 -0.883751 0
    outer loop
      vertex 8.49387 -0.427338 -1.4
      vertex 8.5224 -0.412231 -1.05
      vertex 8.49387 -0.427338 -1.05
    endloop
  endfacet
  facet normal 0.467957 -0.883751 0
    outer loop
      vertex 8.5224 -0.412231 -1.05
      vertex 8.49387 -0.427338 -1.4
      vertex 8.5224 -0.412231 -1.4
    endloop
  endfacet
  facet normal 0.269923 -0.962882 0
    outer loop
      vertex 8.46154 -0.436401 -1.4
      vertex 8.49387 -0.427338 -1.05
      vertex 8.46154 -0.436401 -1.05
    endloop
  endfacet
  facet normal 0.269923 -0.962882 0
    outer loop
      vertex 8.49387 -0.427338 -1.05
      vertex 8.46154 -0.436401 -1.4
      vertex 8.49387 -0.427338 -1.4
    endloop
  endfacet
  facet normal 0.0829359 -0.996555 0
    outer loop
      vertex 8.42542 -0.439407 -1.4
      vertex 8.46154 -0.436401 -1.05
      vertex 8.42542 -0.439407 -1.05
    endloop
  endfacet
  facet normal 0.0829359 -0.996555 0
    outer loop
      vertex 8.46154 -0.436401 -1.05
      vertex 8.42542 -0.439407 -1.4
      vertex 8.46154 -0.436401 -1.4
    endloop
  endfacet
  facet normal -0.0691609 -0.997606 0
    outer loop
      vertex 8.38382 -0.436523 -1.4
      vertex 8.42542 -0.439407 -1.05
      vertex 8.38382 -0.436523 -1.05
    endloop
  endfacet
  facet normal -0.0691609 -0.997606 -0
    outer loop
      vertex 8.42542 -0.439407 -1.05
      vertex 8.38382 -0.436523 -1.4
      vertex 8.42542 -0.439407 -1.4
    endloop
  endfacet
  facet normal -0.237565 0.971372 0
    outer loop
      vertex 6.28533 -0.664398 -1.4
      vertex 6.20085 -0.685059 -1.05
      vertex 6.28533 -0.664398 -1.05
    endloop
  endfacet
  facet normal -0.237565 0.971372 0
    outer loop
      vertex 6.20085 -0.685059 -1.05
      vertex 6.28533 -0.664398 -1.4
      vertex 6.20085 -0.685059 -1.4
    endloop
  endfacet
  facet normal -0.424803 0.905286 0
    outer loop
      vertex 6.35869 -0.629974 -1.4
      vertex 6.28533 -0.664398 -1.05
      vertex 6.35869 -0.629974 -1.05
    endloop
  endfacet
  facet normal -0.424803 0.905286 0
    outer loop
      vertex 6.28533 -0.664398 -1.05
      vertex 6.35869 -0.629974 -1.4
      vertex 6.28533 -0.664398 -1.4
    endloop
  endfacet
  facet normal -0.61206 0.790812 0
    outer loop
      vertex 6.42095 -0.581787 -1.4
      vertex 6.35869 -0.629974 -1.05
      vertex 6.42095 -0.581787 -1.05
    endloop
  endfacet
  facet normal -0.61206 0.790812 0
    outer loop
      vertex 6.35869 -0.629974 -1.05
      vertex 6.42095 -0.581787 -1.4
      vertex 6.35869 -0.629974 -1.4
    endloop
  endfacet
  facet normal -0.774273 0.632851 0
    outer loop
      vertex 6.42095 -0.581787 -1.4
      vertex 6.47055 -0.521103 -1.05
      vertex 6.47055 -0.521103 -1.4
    endloop
  endfacet
  facet normal -0.774273 0.632851 0
    outer loop
      vertex 6.47055 -0.521103 -1.05
      vertex 6.42095 -0.581787 -1.4
      vertex 6.42095 -0.581787 -1.05
    endloop
  endfacet
  facet normal -0.896981 0.442069 0
    outer loop
      vertex 6.47055 -0.521103 -1.4
      vertex 6.50597 -0.449234 -1.05
      vertex 6.50597 -0.449234 -1.4
    endloop
  endfacet
  facet normal -0.896981 0.442069 0
    outer loop
      vertex 6.50597 -0.449234 -1.05
      vertex 6.47055 -0.521103 -1.4
      vertex 6.47055 -0.521103 -1.05
    endloop
  endfacet
  facet normal -0.968747 0.24805 0
    outer loop
      vertex 6.50597 -0.449234 -1.4
      vertex 6.52724 -0.366165 -1.05
      vertex 6.52724 -0.366165 -1.4
    endloop
  endfacet
  facet normal -0.968747 0.24805 0
    outer loop
      vertex 6.52724 -0.366165 -1.05
      vertex 6.50597 -0.449234 -1.4
      vertex 6.50597 -0.449234 -1.05
    endloop
  endfacet
  facet normal -0.997191 0.0749059 0
    outer loop
      vertex 6.52724 -0.366165 -1.4
      vertex 6.53432 -0.271912 -1.05
      vertex 6.53432 -0.271912 -1.4
    endloop
  endfacet
  facet normal -0.997191 0.0749059 0
    outer loop
      vertex 6.53432 -0.271912 -1.05
      vertex 6.52724 -0.366165 -1.4
      vertex 6.52724 -0.366165 -1.05
    endloop
  endfacet
  facet normal -0.996266 -0.0863365 0
    outer loop
      vertex 6.53432 -0.271912 -1.4
      vertex 6.5255 -0.170135 -1.05
      vertex 6.5255 -0.170135 -1.4
    endloop
  endfacet
  facet normal -0.996266 -0.0863365 0
    outer loop
      vertex 6.5255 -0.170135 -1.05
      vertex 6.53432 -0.271912 -1.4
      vertex 6.53432 -0.271912 -1.05
    endloop
  endfacet
  facet normal -0.958504 -0.28508 0
    outer loop
      vertex 6.5255 -0.170135 -1.4
      vertex 6.49906 -0.0812378 -1.05
      vertex 6.49906 -0.0812378 -1.4
    endloop
  endfacet
  facet normal -0.958504 -0.28508 0
    outer loop
      vertex 6.49906 -0.0812378 -1.05
      vertex 6.5255 -0.170135 -1.4
      vertex 6.5255 -0.170135 -1.05
    endloop
  endfacet
  facet normal -0.864988 -0.501793 0
    outer loop
      vertex 6.49906 -0.0812378 -1.4
      vertex 6.45496 -0.00521851 -1.05
      vertex 6.45496 -0.00521851 -1.4
    endloop
  endfacet
  facet normal -0.864988 -0.501793 0
    outer loop
      vertex 6.45496 -0.00521851 -1.05
      vertex 6.49906 -0.0812378 -1.4
      vertex 6.49906 -0.0812378 -1.05
    endloop
  endfacet
  facet normal -0.714938 -0.699188 0
    outer loop
      vertex 6.45496 -0.00521851 -1.4
      vertex 6.39324 0.0578918 -1.05
      vertex 6.39324 0.0578918 -1.4
    endloop
  endfacet
  facet normal -0.714938 -0.699188 0
    outer loop
      vertex 6.39324 0.0578918 -1.05
      vertex 6.45496 -0.00521851 -1.4
      vertex 6.45496 -0.00521851 -1.05
    endloop
  endfacet
  facet normal -0.535591 -0.844477 0
    outer loop
      vertex 6.31476 0.107666 -1.4
      vertex 6.39324 0.0578918 -1.05
      vertex 6.31476 0.107666 -1.05
    endloop
  endfacet
  facet normal -0.535591 -0.844477 -0
    outer loop
      vertex 6.39324 0.0578918 -1.05
      vertex 6.31476 0.107666 -1.4
      vertex 6.39324 0.0578918 -1.4
    endloop
  endfacet
  facet normal -0.355855 -0.934541 0
    outer loop
      vertex 6.22043 0.143585 -1.4
      vertex 6.31476 0.107666 -1.05
      vertex 6.22043 0.143585 -1.05
    endloop
  endfacet
  facet normal -0.355855 -0.934541 -0
    outer loop
      vertex 6.31476 0.107666 -1.05
      vertex 6.22043 0.143585 -1.4
      vertex 6.31476 0.107666 -1.4
    endloop
  endfacet
  facet normal -0.196304 -0.980543 0
    outer loop
      vertex 6.11022 0.165649 -1.4
      vertex 6.22043 0.143585 -1.05
      vertex 6.11022 0.165649 -1.05
    endloop
  endfacet
  facet normal -0.196304 -0.980543 -0
    outer loop
      vertex 6.22043 0.143585 -1.05
      vertex 6.11022 0.165649 -1.4
      vertex 6.22043 0.143585 -1.4
    endloop
  endfacet
  facet normal -0.0651031 -0.997879 0
    outer loop
      vertex 5.98415 0.173874 -1.4
      vertex 6.11022 0.165649 -1.05
      vertex 5.98415 0.173874 -1.05
    endloop
  endfacet
  facet normal -0.0651031 -0.997879 -0
    outer loop
      vertex 6.11022 0.165649 -1.05
      vertex 5.98415 0.173874 -1.4
      vertex 6.11022 0.165649 -1.4
    endloop
  endfacet
  facet normal -0.0171261 -0.999853 0
    outer loop
      vertex 5.68395 0.179016 -1.4
      vertex 5.98415 0.173874 -1.05
      vertex 5.68395 0.179016 -1.05
    endloop
  endfacet
  facet normal -0.0171261 -0.999853 -0
    outer loop
      vertex 5.98415 0.173874 -1.05
      vertex 5.68395 0.179016 -1.4
      vertex 5.98415 0.173874 -1.4
    endloop
  endfacet
  facet normal -1 0 0
    outer loop
      vertex 5.68395 0.179016 -1.4
      vertex 5.68395 0.249893 -1.05
      vertex 5.68395 0.249893 -1.4
    endloop
  endfacet
  facet normal -1 -0 0
    outer loop
      vertex 5.68395 0.249893 -1.05
      vertex 5.68395 0.179016 -1.4
      vertex 5.68395 0.179016 -1.05
    endloop
  endfacet
  facet normal -0.998907 0.0467488 0
    outer loop
      vertex 5.68395 0.249893 -1.4
      vertex 5.68694 0.313782 -1.05
      vertex 5.68694 0.313782 -1.4
    endloop
  endfacet
  facet normal -0.998907 0.0467488 0
    outer loop
      vertex 5.68694 0.313782 -1.05
      vertex 5.68395 0.249893 -1.4
      vertex 5.68395 0.249893 -1.05
    endloop
  endfacet
  facet normal -0.987105 0.160071 0
    outer loop
      vertex 5.68694 0.313782 -1.4
      vertex 5.69588 0.368912 -1.05
      vertex 5.69588 0.368912 -1.4
    endloop
  endfacet
  facet normal -0.987105 0.160071 0
    outer loop
      vertex 5.69588 0.368912 -1.05
      vertex 5.68694 0.313782 -1.4
      vertex 5.68694 0.313782 -1.05
    endloop
  endfacet
  facet normal -0.95206 0.30591 0
    outer loop
      vertex 5.69588 0.368912 -1.4
      vertex 5.71077 0.415253 -1.05
      vertex 5.71077 0.415253 -1.4
    endloop
  endfacet
  facet normal -0.95206 0.30591 0
    outer loop
      vertex 5.71077 0.415253 -1.05
      vertex 5.69588 0.368912 -1.4
      vertex 5.69588 0.368912 -1.05
    endloop
  endfacet
  facet normal -0.874179 0.485603 0
    outer loop
      vertex 5.71077 0.415253 -1.4
      vertex 5.73163 0.452805 -1.05
      vertex 5.73163 0.452805 -1.4
    endloop
  endfacet
  facet normal -0.874179 0.485603 0
    outer loop
      vertex 5.73163 0.452805 -1.05
      vertex 5.71077 0.415253 -1.4
      vertex 5.71077 0.415253 -1.05
    endloop
  endfacet
  facet normal -0.724565 0.689206 0
    outer loop
      vertex 5.73163 0.452805 -1.4
      vertex 5.75925 0.481842 -1.05
      vertex 5.75925 0.481842 -1.4
    endloop
  endfacet
  facet normal -0.724565 0.689206 0
    outer loop
      vertex 5.75925 0.481842 -1.05
      vertex 5.73163 0.452805 -1.4
      vertex 5.73163 0.452805 -1.05
    endloop
  endfacet
  facet normal -0.507693 0.861538 0
    outer loop
      vertex 5.79444 0.502579 -1.4
      vertex 5.75925 0.481842 -1.05
      vertex 5.79444 0.502579 -1.05
    endloop
  endfacet
  facet normal -0.507693 0.861538 0
    outer loop
      vertex 5.75925 0.481842 -1.05
      vertex 5.79444 0.502579 -1.4
      vertex 5.75925 0.481842 -1.4
    endloop
  endfacet
  facet normal -0.279633 0.960107 0
    outer loop
      vertex 5.83719 0.51503 -1.4
      vertex 5.79444 0.502579 -1.05
      vertex 5.83719 0.51503 -1.05
    endloop
  endfacet
  facet normal -0.279633 0.960107 0
    outer loop
      vertex 5.79444 0.502579 -1.05
      vertex 5.83719 0.51503 -1.4
      vertex 5.79444 0.502579 -1.4
    endloop
  endfacet
  facet normal -0.0821769 0.996618 0
    outer loop
      vertex 5.88752 0.51918 -1.4
      vertex 5.83719 0.51503 -1.05
      vertex 5.88752 0.51918 -1.05
    endloop
  endfacet
  facet normal -0.0821769 0.996618 0
    outer loop
      vertex 5.83719 0.51503 -1.05
      vertex 5.88752 0.51918 -1.4
      vertex 5.83719 0.51503 -1.4
    endloop
  endfacet
  facet normal 0.0610114 0.998137 -0
    outer loop
      vertex 5.93444 0.516312 -1.4
      vertex 5.88752 0.51918 -1.05
      vertex 5.93444 0.516312 -1.05
    endloop
  endfacet
  facet normal 0.0610114 0.998137 0
    outer loop
      vertex 5.88752 0.51918 -1.05
      vertex 5.93444 0.516312 -1.4
      vertex 5.88752 0.51918 -1.4
    endloop
  endfacet
  facet normal 0.208539 0.978014 -0
    outer loop
      vertex 5.97466 0.507736 -1.4
      vertex 5.93444 0.516312 -1.05
      vertex 5.97466 0.507736 -1.05
    endloop
  endfacet
  facet normal 0.208539 0.978014 0
    outer loop
      vertex 5.93444 0.516312 -1.05
      vertex 5.97466 0.507736 -1.4
      vertex 5.93444 0.516312 -1.4
    endloop
  endfacet
  facet normal 0.392128 0.919911 -0
    outer loop
      vertex 6.0082 0.493439 -1.4
      vertex 5.97466 0.507736 -1.05
      vertex 6.0082 0.493439 -1.05
    endloop
  endfacet
  facet normal 0.392128 0.919911 0
    outer loop
      vertex 5.97466 0.507736 -1.05
      vertex 6.0082 0.493439 -1.4
      vertex 5.97466 0.507736 -1.4
    endloop
  endfacet
  facet normal 0.597752 0.801681 -0
    outer loop
      vertex 6.03505 0.473419 -1.4
      vertex 6.0082 0.493439 -1.05
      vertex 6.03505 0.473419 -1.05
    endloop
  endfacet
  facet normal 0.597752 0.801681 0
    outer loop
      vertex 6.0082 0.493439 -1.05
      vertex 6.03505 0.473419 -1.4
      vertex 6.0082 0.493439 -1.4
    endloop
  endfacet
  facet normal 0.780708 0.624895 0
    outer loop
      vertex 6.05635 0.446808 -1.05
      vertex 6.03505 0.473419 -1.4
      vertex 6.03505 0.473419 -1.05
    endloop
  endfacet
  facet normal 0.780708 0.624895 0
    outer loop
      vertex 6.03505 0.473419 -1.4
      vertex 6.05635 0.446808 -1.05
      vertex 6.05635 0.446808 -1.4
    endloop
  endfacet
  facet normal 0.896228 0.443594 0
    outer loop
      vertex 6.07323 0.412704 -1.05
      vertex 6.05635 0.446808 -1.4
      vertex 6.05635 0.446808 -1.05
    endloop
  endfacet
  facet normal 0.896228 0.443594 0
    outer loop
      vertex 6.05635 0.446808 -1.4
      vertex 6.07323 0.412704 -1.05
      vertex 6.07323 0.412704 -1.4
    endloop
  endfacet
  facet normal 0.958042 0.286629 0
    outer loop
      vertex 6.08567 0.371124 -1.05
      vertex 6.07323 0.412704 -1.4
      vertex 6.07323 0.412704 -1.05
    endloop
  endfacet
  facet normal 0.958042 0.286629 0
    outer loop
      vertex 6.07323 0.412704 -1.4
      vertex 6.08567 0.371124 -1.05
      vertex 6.08567 0.371124 -1.4
    endloop
  endfacet
  facet normal 0.986946 0.16105 0
    outer loop
      vertex 6.09368 0.322037 -1.05
      vertex 6.08567 0.371124 -1.4
      vertex 6.08567 0.371124 -1.05
    endloop
  endfacet
  facet normal 0.986946 0.16105 0
    outer loop
      vertex 6.08567 0.371124 -1.4
      vertex 6.09368 0.322037 -1.05
      vertex 6.09368 0.322037 -1.4
    endloop
  endfacet
  facet normal -0.0477626 0.998859 0
    outer loop
      vertex 6.47118 0.340088 -1.4
      vertex 6.09368 0.322037 -1.05
      vertex 6.47118 0.340088 -1.05
    endloop
  endfacet
  facet normal -0.0477626 0.998859 0
    outer loop
      vertex 6.09368 0.322037 -1.05
      vertex 6.47118 0.340088 -1.4
      vertex 6.09368 0.322037 -1.4
    endloop
  endfacet
  facet normal -0.968287 -0.249842 0
    outer loop
      vertex 6.47118 0.340088 -1.4
      vertex 6.44651 0.435699 -1.05
      vertex 6.44651 0.435699 -1.4
    endloop
  endfacet
  facet normal -0.968287 -0.249842 0
    outer loop
      vertex 6.44651 0.435699 -1.05
      vertex 6.47118 0.340088 -1.4
      vertex 6.47118 0.340088 -1.05
    endloop
  endfacet
  facet normal -0.904551 -0.426365 0
    outer loop
      vertex 6.44651 0.435699 -1.4
      vertex 6.40724 0.519012 -1.05
      vertex 6.40724 0.519012 -1.4
    endloop
  endfacet
  facet normal -0.904551 -0.426365 0
    outer loop
      vertex 6.40724 0.519012 -1.05
      vertex 6.44651 0.435699 -1.4
      vertex 6.44651 0.435699 -1.05
    endloop
  endfacet
  facet normal -0.796846 -0.604183 0
    outer loop
      vertex 6.40724 0.519012 -1.4
      vertex 6.35343 0.589981 -1.05
      vertex 6.35343 0.589981 -1.4
    endloop
  endfacet
  facet normal -0.796846 -0.604183 0
    outer loop
      vertex 6.35343 0.589981 -1.05
      vertex 6.40724 0.519012 -1.4
      vertex 6.40724 0.519012 -1.05
    endloop
  endfacet
  facet normal -0.650906 -0.759159 0
    outer loop
      vertex 6.28502 0.648636 -1.4
      vertex 6.35343 0.589981 -1.05
      vertex 6.28502 0.648636 -1.05
    endloop
  endfacet
  facet normal -0.650906 -0.759159 -0
    outer loop
      vertex 6.35343 0.589981 -1.05
      vertex 6.28502 0.648636 -1.4
      vertex 6.35343 0.589981 -1.4
    endloop
  endfacet
  facet normal -0.486178 -0.87386 0
    outer loop
      vertex 6.20244 0.69458 -1.4
      vertex 6.28502 0.648636 -1.05
      vertex 6.20244 0.69458 -1.05
    endloop
  endfacet
  facet normal -0.486178 -0.87386 -0
    outer loop
      vertex 6.28502 0.648636 -1.05
      vertex 6.20244 0.69458 -1.4
      vertex 6.28502 0.648636 -1.4
    endloop
  endfacet
  facet normal -0.322427 -0.946594 0
    outer loop
      vertex 6.10608 0.727402 -1.4
      vertex 6.20244 0.69458 -1.05
      vertex 6.10608 0.727402 -1.05
    endloop
  endfacet
  facet normal -0.322427 -0.946594 -0
    outer loop
      vertex 6.20244 0.69458 -1.05
      vertex 6.10608 0.727402 -1.4
      vertex 6.20244 0.69458 -1.4
    endloop
  endfacet
  facet normal -0.175961 -0.984397 0
    outer loop
      vertex 5.99596 0.747086 -1.4
      vertex 6.10608 0.727402 -1.05
      vertex 5.99596 0.747086 -1.05
    endloop
  endfacet
  facet normal -0.175961 -0.984397 -0
    outer loop
      vertex 6.10608 0.727402 -1.05
      vertex 5.99596 0.747086 -1.4
      vertex 6.10608 0.727402 -1.4
    endloop
  endfacet
  facet normal -0.0530047 -0.998594 0
    outer loop
      vertex 5.87207 0.753662 -1.4
      vertex 5.99596 0.747086 -1.05
      vertex 5.87207 0.753662 -1.05
    endloop
  endfacet
  facet normal -0.0530047 -0.998594 -0
    outer loop
      vertex 5.99596 0.747086 -1.05
      vertex 5.87207 0.753662 -1.4
      vertex 5.99596 0.747086 -1.4
    endloop
  endfacet
  facet normal 0.0651916 -0.997873 0
    outer loop
      vertex 5.74758 0.745529 -1.4
      vertex 5.87207 0.753662 -1.05
      vertex 5.74758 0.745529 -1.05
    endloop
  endfacet
  facet normal 0.0651916 -0.997873 0
    outer loop
      vertex 5.87207 0.753662 -1.05
      vertex 5.74758 0.745529 -1.4
      vertex 5.87207 0.753662 -1.4
    endloop
  endfacet
  facet normal 0.217753 -0.976004 0
    outer loop
      vertex 5.63822 0.72113 -1.4
      vertex 5.74758 0.745529 -1.05
      vertex 5.63822 0.72113 -1.05
    endloop
  endfacet
  facet normal 0.217753 -0.976004 0
    outer loop
      vertex 5.74758 0.745529 -1.05
      vertex 5.63822 0.72113 -1.4
      vertex 5.74758 0.745529 -1.4
    endloop
  endfacet
  facet normal 0.396352 -0.918099 0
    outer loop
      vertex 5.54399 0.68045 -1.4
      vertex 5.63822 0.72113 -1.05
      vertex 5.54399 0.68045 -1.05
    endloop
  endfacet
  facet normal 0.396352 -0.918099 0
    outer loop
      vertex 5.63822 0.72113 -1.05
      vertex 5.54399 0.68045 -1.4
      vertex 5.63822 0.72113 -1.4
    endloop
  endfacet
  facet normal 0.584302 -0.811536 0
    outer loop
      vertex 5.46492 0.62352 -1.4
      vertex 5.54399 0.68045 -1.05
      vertex 5.46492 0.62352 -1.05
    endloop
  endfacet
  facet normal 0.584302 -0.811536 0
    outer loop
      vertex 5.54399 0.68045 -1.05
      vertex 5.46492 0.62352 -1.4
      vertex 5.54399 0.68045 -1.4
    endloop
  endfacet
  facet normal 0.754407 -0.656407 0
    outer loop
      vertex 5.40236 0.55162 -1.05
      vertex 5.46492 0.62352 -1.4
      vertex 5.46492 0.62352 -1.05
    endloop
  endfacet
  facet normal 0.754407 -0.656407 0
    outer loop
      vertex 5.46492 0.62352 -1.4
      vertex 5.40236 0.55162 -1.05
      vertex 5.40236 0.55162 -1.4
    endloop
  endfacet
  facet normal 0.886463 -0.462799 0
    outer loop
      vertex 5.35767 0.466019 -1.05
      vertex 5.40236 0.55162 -1.4
      vertex 5.40236 0.55162 -1.05
    endloop
  endfacet
  facet normal 0.886463 -0.462799 0
    outer loop
      vertex 5.40236 0.55162 -1.4
      vertex 5.35767 0.466019 -1.05
      vertex 5.35767 0.466019 -1.4
    endloop
  endfacet
  facet normal 0.965375 -0.260865 0
    outer loop
      vertex 5.33084 0.36673 -1.05
      vertex 5.35767 0.466019 -1.4
      vertex 5.35767 0.466019 -1.05
    endloop
  endfacet
  facet normal 0.965375 -0.260865 0
    outer loop
      vertex 5.35767 0.466019 -1.4
      vertex 5.33084 0.36673 -1.05
      vertex 5.33084 0.36673 -1.4
    endloop
  endfacet
  facet normal 0.996898 -0.0787099 0
    outer loop
      vertex 5.32192 0.253754 -1.05
      vertex 5.33084 0.36673 -1.4
      vertex 5.33084 0.36673 -1.05
    endloop
  endfacet
  facet normal 0.996898 -0.0787099 0
    outer loop
      vertex 5.33084 0.36673 -1.4
      vertex 5.32192 0.253754 -1.05
      vertex 5.32192 0.253754 -1.4
    endloop
  endfacet
  facet normal 1 -0 0
    outer loop
      vertex 5.32192 -0.253876 -1.05
      vertex 5.32192 0.253754 -1.4
      vertex 5.32192 0.253754 -1.05
    endloop
  endfacet
  facet normal 1 0 0
    outer loop
      vertex 5.32192 0.253754 -1.4
      vertex 5.32192 -0.253876 -1.05
      vertex 5.32192 -0.253876 -1.4
    endloop
  endfacet
  facet normal 0.999523 -0.0308672 0
    outer loop
      vertex 5.32025 -0.307953 -1.05
      vertex 5.32192 -0.253876 -1.4
      vertex 5.32192 -0.253876 -1.05
    endloop
  endfacet
  facet normal 0.999523 -0.0308672 0
    outer loop
      vertex 5.32192 -0.253876 -1.4
      vertex 5.32025 -0.307953 -1.05
      vertex 5.32025 -0.307953 -1.4
    endloop
  endfacet
  facet normal 0.994024 -0.109163 0
    outer loop
      vertex 5.31531 -0.352936 -1.05
      vertex 5.32025 -0.307953 -1.4
      vertex 5.32025 -0.307953 -1.05
    endloop
  endfacet
  facet normal 0.994024 -0.109163 0
    outer loop
      vertex 5.32025 -0.307953 -1.4
      vertex 5.31531 -0.352936 -1.05
      vertex 5.31531 -0.352936 -1.4
    endloop
  endfacet
  facet normal 0.97456 -0.224127 0
    outer loop
      vertex 5.30706 -0.388809 -1.05
      vertex 5.31531 -0.352936 -1.4
      vertex 5.31531 -0.352936 -1.05
    endloop
  endfacet
  facet normal 0.97456 -0.224127 0
    outer loop
      vertex 5.31531 -0.352936 -1.4
      vertex 5.30706 -0.388809 -1.05
      vertex 5.30706 -0.388809 -1.4
    endloop
  endfacet
  facet normal 0.918108 -0.39633 0
    outer loop
      vertex 5.2955 -0.415588 -1.05
      vertex 5.30706 -0.388809 -1.4
      vertex 5.30706 -0.388809 -1.05
    endloop
  endfacet
  facet normal 0.918108 -0.39633 0
    outer loop
      vertex 5.30706 -0.388809 -1.4
      vertex 5.2955 -0.415588 -1.05
      vertex 5.2955 -0.415588 -1.4
    endloop
  endfacet
  facet normal 0.783457 -0.621446 0
    outer loop
      vertex 5.28008 -0.435028 -1.05
      vertex 5.2955 -0.415588 -1.4
      vertex 5.2955 -0.415588 -1.05
    endloop
  endfacet
  facet normal 0.783457 -0.621446 0
    outer loop
      vertex 5.2955 -0.415588 -1.4
      vertex 5.28008 -0.435028 -1.05
      vertex 5.28008 -0.435028 -1.4
    endloop
  endfacet
  facet normal 0.572825 -0.819677 0
    outer loop
      vertex 5.26021 -0.448914 -1.4
      vertex 5.28008 -0.435028 -1.05
      vertex 5.26021 -0.448914 -1.05
    endloop
  endfacet
  facet normal 0.572825 -0.819677 0
    outer loop
      vertex 5.28008 -0.435028 -1.05
      vertex 5.26021 -0.448914 -1.4
      vertex 5.28008 -0.435028 -1.4
    endloop
  endfacet
  facet normal 0.324548 -0.945869 0
    outer loop
      vertex 5.23593 -0.457245 -1.4
      vertex 5.26021 -0.448914 -1.05
      vertex 5.23593 -0.457245 -1.05
    endloop
  endfacet
  facet normal 0.324548 -0.945869 0
    outer loop
      vertex 5.26021 -0.448914 -1.05
      vertex 5.23593 -0.457245 -1.4
      vertex 5.26021 -0.448914 -1.4
    endloop
  endfacet
  facet normal 0.0968251 -0.995301 0
    outer loop
      vertex 5.20723 -0.460037 -1.4
      vertex 5.23593 -0.457245 -1.05
      vertex 5.20723 -0.460037 -1.05
    endloop
  endfacet
  facet normal 0.0968251 -0.995301 0
    outer loop
      vertex 5.23593 -0.457245 -1.05
      vertex 5.20723 -0.460037 -1.4
      vertex 5.23593 -0.457245 -1.4
    endloop
  endfacet
  facet normal -0.0238446 -0.999716 0
    outer loop
      vertex 5.18677 -0.459549 -1.4
      vertex 5.20723 -0.460037 -1.05
      vertex 5.18677 -0.459549 -1.05
    endloop
  endfacet
  facet normal -0.0238446 -0.999716 -0
    outer loop
      vertex 5.20723 -0.460037 -1.05
      vertex 5.18677 -0.459549 -1.4
      vertex 5.20723 -0.460037 -1.4
    endloop
  endfacet
  facet normal -0.0718456 -0.997416 0
    outer loop
      vertex 5.16664 -0.458099 -1.4
      vertex 5.18677 -0.459549 -1.05
      vertex 5.16664 -0.458099 -1.05
    endloop
  endfacet
  facet normal -0.0718456 -0.997416 -0
    outer loop
      vertex 5.18677 -0.459549 -1.05
      vertex 5.16664 -0.458099 -1.4
      vertex 5.18677 -0.459549 -1.4
    endloop
  endfacet
  facet normal -0.121616 -0.992577 0
    outer loop
      vertex 5.14684 -0.455673 -1.4
      vertex 5.16664 -0.458099 -1.05
      vertex 5.14684 -0.455673 -1.05
    endloop
  endfacet
  facet normal -0.121616 -0.992577 -0
    outer loop
      vertex 5.16664 -0.458099 -1.05
      vertex 5.14684 -0.455673 -1.4
      vertex 5.16664 -0.458099 -1.4
    endloop
  endfacet
  facet normal -0.170479 -0.985361 0
    outer loop
      vertex 5.12735 -0.452301 -1.4
      vertex 5.14684 -0.455673 -1.05
      vertex 5.12735 -0.452301 -1.05
    endloop
  endfacet
  facet normal -0.170479 -0.985361 -0
    outer loop
      vertex 5.14684 -0.455673 -1.05
      vertex 5.12735 -0.452301 -1.4
      vertex 5.14684 -0.455673 -1.4
    endloop
  endfacet
  facet normal 1 -0 0
    outer loop
      vertex 5.12735 -0.648148 -1.05
      vertex 5.12735 -0.452301 -1.4
      vertex 5.12735 -0.452301 -1.05
    endloop
  endfacet
  facet normal 1 0 0
    outer loop
      vertex 5.12735 -0.452301 -1.4
      vertex 5.12735 -0.648148 -1.05
      vertex 5.12735 -0.648148 -1.4
    endloop
  endfacet
  facet normal 0.23431 0.972162 -0
    outer loop
      vertex 5.14305 -0.651932 -1.4
      vertex 5.12735 -0.648148 -1.05
      vertex 5.14305 -0.651932 -1.05
    endloop
  endfacet
  facet normal 0.23431 0.972162 0
    outer loop
      vertex 5.12735 -0.648148 -1.05
      vertex 5.14305 -0.651932 -1.4
      vertex 5.12735 -0.648148 -1.4
    endloop
  endfacet
  facet normal 0.237172 0.971468 -0
    outer loop
      vertex 5.17205 -0.659012 -1.4
      vertex 5.14305 -0.651932 -1.05
      vertex 5.17205 -0.659012 -1.05
    endloop
  endfacet
  facet normal 0.237172 0.971468 0
    outer loop
      vertex 5.14305 -0.651932 -1.05
      vertex 5.17205 -0.659012 -1.4
      vertex 5.14305 -0.651932 -1.4
    endloop
  endfacet
  facet normal 0.241745 0.97034 -0
    outer loop
      vertex 5.18534 -0.662323 -1.4
      vertex 5.17205 -0.659012 -1.05
      vertex 5.18534 -0.662323 -1.05
    endloop
  endfacet
  facet normal 0.241745 0.97034 0
    outer loop
      vertex 5.17205 -0.659012 -1.05
      vertex 5.18534 -0.662323 -1.4
      vertex 5.17205 -0.659012 -1.4
    endloop
  endfacet
  facet normal 0.230741 0.973015 -0
    outer loop
      vertex 5.19821 -0.665375 -1.4
      vertex 5.18534 -0.662323 -1.05
      vertex 5.19821 -0.665375 -1.05
    endloop
  endfacet
  facet normal 0.230741 0.973015 0
    outer loop
      vertex 5.18534 -0.662323 -1.05
      vertex 5.19821 -0.665375 -1.4
      vertex 5.18534 -0.662323 -1.4
    endloop
  endfacet
  facet normal 0.208203 0.978086 -0
    outer loop
      vertex 5.21111 -0.668121 -1.4
      vertex 5.19821 -0.665375 -1.05
      vertex 5.21111 -0.668121 -1.05
    endloop
  endfacet
  facet normal 0.208203 0.978086 0
    outer loop
      vertex 5.19821 -0.665375 -1.05
      vertex 5.21111 -0.668121 -1.4
      vertex 5.19821 -0.665375 -1.4
    endloop
  endfacet
  facet normal 0.183994 0.982927 -0
    outer loop
      vertex 5.22399 -0.670532 -1.4
      vertex 5.21111 -0.668121 -1.05
      vertex 5.22399 -0.670532 -1.05
    endloop
  endfacet
  facet normal 0.183994 0.982927 0
    outer loop
      vertex 5.21111 -0.668121 -1.05
      vertex 5.22399 -0.670532 -1.4
      vertex 5.21111 -0.668121 -1.4
    endloop
  endfacet
  facet normal 0.160247 0.987077 -0
    outer loop
      vertex 5.23687 -0.672623 -1.4
      vertex 5.22399 -0.670532 -1.05
      vertex 5.23687 -0.672623 -1.05
    endloop
  endfacet
  facet normal 0.160247 0.987077 0
    outer loop
      vertex 5.22399 -0.670532 -1.05
      vertex 5.23687 -0.672623 -1.4
      vertex 5.22399 -0.670532 -1.4
    endloop
  endfacet
  facet normal 0.140754 0.990045 -0
    outer loop
      vertex 5.24996 -0.674484 -1.4
      vertex 5.23687 -0.672623 -1.05
      vertex 5.24996 -0.674484 -1.05
    endloop
  endfacet
  facet normal 0.140754 0.990045 0
    outer loop
      vertex 5.23687 -0.672623 -1.05
      vertex 5.24996 -0.674484 -1.4
      vertex 5.23687 -0.672623 -1.4
    endloop
  endfacet
  facet normal 0.12369 0.992321 -0
    outer loop
      vertex 5.26343 -0.676163 -1.4
      vertex 5.24996 -0.674484 -1.05
      vertex 5.26343 -0.676163 -1.05
    endloop
  endfacet
  facet normal 0.12369 0.992321 0
    outer loop
      vertex 5.24996 -0.674484 -1.05
      vertex 5.26343 -0.676163 -1.4
      vertex 5.24996 -0.674484 -1.4
    endloop
  endfacet
  facet normal 0.110188 0.993911 -0
    outer loop
      vertex 5.27733 -0.677704 -1.4
      vertex 5.26343 -0.676163 -1.05
      vertex 5.27733 -0.677704 -1.05
    endloop
  endfacet
  facet normal 0.110188 0.993911 0
    outer loop
      vertex 5.26343 -0.676163 -1.05
      vertex 5.27733 -0.677704 -1.4
      vertex 5.26343 -0.676163 -1.4
    endloop
  endfacet
  facet normal 0.0945397 0.995521 -0
    outer loop
      vertex 5.29163 -0.679062 -1.4
      vertex 5.27733 -0.677704 -1.05
      vertex 5.29163 -0.679062 -1.05
    endloop
  endfacet
  facet normal 0.0945397 0.995521 0
    outer loop
      vertex 5.27733 -0.677704 -1.05
      vertex 5.29163 -0.679062 -1.4
      vertex 5.27733 -0.677704 -1.4
    endloop
  endfacet
  facet normal 0.0746092 0.997213 -0
    outer loop
      vertex 5.30672 -0.680191 -1.4
      vertex 5.29163 -0.679062 -1.05
      vertex 5.30672 -0.680191 -1.05
    endloop
  endfacet
  facet normal 0.0746092 0.997213 0
    outer loop
      vertex 5.29163 -0.679062 -1.05
      vertex 5.30672 -0.680191 -1.4
      vertex 5.29163 -0.679062 -1.4
    endloop
  endfacet
  facet normal 0.0495406 0.998772 -0
    outer loop
      vertex 5.32303 -0.681 -1.4
      vertex 5.30672 -0.680191 -1.05
      vertex 5.32303 -0.681 -1.05
    endloop
  endfacet
  facet normal 0.0495406 0.998772 0
    outer loop
      vertex 5.30672 -0.680191 -1.05
      vertex 5.32303 -0.681 -1.4
      vertex 5.30672 -0.680191 -1.4
    endloop
  endfacet
  facet normal 0.0278431 0.999612 -0
    outer loop
      vertex 5.34055 -0.681488 -1.4
      vertex 5.32303 -0.681 -1.05
      vertex 5.34055 -0.681488 -1.05
    endloop
  endfacet
  facet normal 0.0278431 0.999612 0
    outer loop
      vertex 5.32303 -0.681 -1.05
      vertex 5.34055 -0.681488 -1.4
      vertex 5.32303 -0.681 -1.4
    endloop
  endfacet
  facet normal 0.0081728 0.999967 -0
    outer loop
      vertex 5.35927 -0.681641 -1.4
      vertex 5.34055 -0.681488 -1.05
      vertex 5.35927 -0.681641 -1.05
    endloop
  endfacet
  facet normal 0.0081728 0.999967 0
    outer loop
      vertex 5.34055 -0.681488 -1.05
      vertex 5.35927 -0.681641 -1.4
      vertex 5.34055 -0.681488 -1.4
    endloop
  endfacet
  facet normal -0.0653824 0.99786 0
    outer loop
      vertex 5.42308 -0.67746 -1.4
      vertex 5.35927 -0.681641 -1.05
      vertex 5.42308 -0.67746 -1.05
    endloop
  endfacet
  facet normal -0.0653824 0.99786 0
    outer loop
      vertex 5.35927 -0.681641 -1.05
      vertex 5.42308 -0.67746 -1.4
      vertex 5.35927 -0.681641 -1.4
    endloop
  endfacet
  facet normal -0.223023 0.974813 0
    outer loop
      vertex 5.47797 -0.664902 -1.4
      vertex 5.42308 -0.67746 -1.05
      vertex 5.47797 -0.664902 -1.05
    endloop
  endfacet
  facet normal -0.223023 0.974813 0
    outer loop
      vertex 5.42308 -0.67746 -1.05
      vertex 5.47797 -0.664902 -1.4
      vertex 5.42308 -0.67746 -1.4
    endloop
  endfacet
  facet normal -0.414751 0.909935 0
    outer loop
      vertex 5.5239 -0.643967 -1.4
      vertex 5.47797 -0.664902 -1.05
      vertex 5.5239 -0.643967 -1.05
    endloop
  endfacet
  facet normal -0.414751 0.909935 0
    outer loop
      vertex 5.47797 -0.664902 -1.05
      vertex 5.5239 -0.643967 -1.4
      vertex 5.47797 -0.664902 -1.4
    endloop
  endfacet
  facet normal -0.620762 0.783999 0
    outer loop
      vertex 5.56092 -0.614655 -1.4
      vertex 5.5239 -0.643967 -1.05
      vertex 5.56092 -0.614655 -1.05
    endloop
  endfacet
  facet normal -0.620762 0.783999 0
    outer loop
      vertex 5.5239 -0.643967 -1.05
      vertex 5.56092 -0.614655 -1.4
      vertex 5.5239 -0.643967 -1.4
    endloop
  endfacet
  facet normal -0.78809 0.61556 0
    outer loop
      vertex 5.56092 -0.614655 -1.4
      vertex 5.59018 -0.577194 -1.05
      vertex 5.59018 -0.577194 -1.4
    endloop
  endfacet
  facet normal -0.78809 0.61556 0
    outer loop
      vertex 5.59018 -0.577194 -1.05
      vertex 5.56092 -0.614655 -1.4
      vertex 5.56092 -0.614655 -1.05
    endloop
  endfacet
  facet normal -0.893772 0.448522 0
    outer loop
      vertex 5.59018 -0.577194 -1.4
      vertex 5.61293 -0.53186 -1.05
      vertex 5.61293 -0.53186 -1.4
    endloop
  endfacet
  facet normal -0.893772 0.448522 0
    outer loop
      vertex 5.61293 -0.53186 -1.05
      vertex 5.59018 -0.577194 -1.4
      vertex 5.59018 -0.577194 -1.05
    endloop
  endfacet
  facet normal -0.956588 0.291443 0
    outer loop
      vertex 5.61293 -0.53186 -1.4
      vertex 5.62915 -0.478622 -1.05
      vertex 5.62915 -0.478622 -1.4
    endloop
  endfacet
  facet normal -0.956588 0.291443 0
    outer loop
      vertex 5.62915 -0.478622 -1.05
      vertex 5.61293 -0.53186 -1.4
      vertex 5.61293 -0.53186 -1.05
    endloop
  endfacet
  facet normal -0.987586 0.15708 0
    outer loop
      vertex 5.62915 -0.478622 -1.4
      vertex 5.63887 -0.417511 -1.05
      vertex 5.63887 -0.417511 -1.4
    endloop
  endfacet
  facet normal -0.987586 0.15708 0
    outer loop
      vertex 5.63887 -0.417511 -1.05
      vertex 5.62915 -0.478622 -1.4
      vertex 5.62915 -0.478622 -1.05
    endloop
  endfacet
  facet normal 0 1 -0
    outer loop
      vertex 5.64658 -0.417511 -1.4
      vertex 5.63887 -0.417511 -1.05
      vertex 5.64658 -0.417511 -1.05
    endloop
  endfacet
  facet normal 0 1 0
    outer loop
      vertex 5.63887 -0.417511 -1.05
      vertex 5.64658 -0.417511 -1.4
      vertex 5.63887 -0.417511 -1.4
    endloop
  endfacet
  facet normal 0.81394 0.58095 0
    outer loop
      vertex 5.73227 -0.537567 -1.05
      vertex 5.64658 -0.417511 -1.4
      vertex 5.64658 -0.417511 -1.05
    endloop
  endfacet
  facet normal 0.81394 0.58095 0
    outer loop
      vertex 5.64658 -0.417511 -1.4
      vertex 5.73227 -0.537567 -1.05
      vertex 5.73227 -0.537567 -1.4
    endloop
  endfacet
  facet normal 0.632623 0.77446 -0
    outer loop
      vertex 5.83727 -0.623337 -1.4
      vertex 5.73227 -0.537567 -1.05
      vertex 5.83727 -0.623337 -1.05
    endloop
  endfacet
  facet normal 0.632623 0.77446 0
    outer loop
      vertex 5.73227 -0.537567 -1.05
      vertex 5.83727 -0.623337 -1.4
      vertex 5.73227 -0.537567 -1.4
    endloop
  endfacet
  facet normal 0.382358 0.924014 -0
    outer loop
      vertex 5.96161 -0.674789 -1.4
      vertex 5.83727 -0.623337 -1.05
      vertex 5.96161 -0.674789 -1.05
    endloop
  endfacet
  facet normal 0.382358 0.924014 0
    outer loop
      vertex 5.83727 -0.623337 -1.05
      vertex 5.96161 -0.674789 -1.4
      vertex 5.83727 -0.623337 -1.4
    endloop
  endfacet
  facet normal 0.118544 0.992949 -0
    outer loop
      vertex 6.10527 -0.69194 -1.4
      vertex 5.96161 -0.674789 -1.05
      vertex 6.10527 -0.69194 -1.05
    endloop
  endfacet
  facet normal 0.118544 0.992949 0
    outer loop
      vertex 5.96161 -0.674789 -1.05
      vertex 6.10527 -0.69194 -1.4
      vertex 5.96161 -0.674789 -1.4
    endloop
  endfacet
  facet normal -0.0718062 0.997419 0
    outer loop
      vertex 6.20085 -0.685059 -1.4
      vertex 6.10527 -0.69194 -1.05
      vertex 6.20085 -0.685059 -1.05
    endloop
  endfacet
  facet normal -0.0718062 0.997419 0
    outer loop
      vertex 6.10527 -0.69194 -1.05
      vertex 6.20085 -0.685059 -1.4
      vertex 6.10527 -0.69194 -1.4
    endloop
  endfacet
  facet normal -0.213736 -0.976891 0
    outer loop
      vertex 5.90798 -0.427826 -1.4
      vertex 5.94773 -0.436523 -1.05
      vertex 5.90798 -0.427826 -1.05
    endloop
  endfacet
  facet normal -0.213736 -0.976891 -0
    outer loop
      vertex 5.94773 -0.436523 -1.05
      vertex 5.90798 -0.427826 -1.4
      vertex 5.94773 -0.436523 -1.4
    endloop
  endfacet
  facet normal -0.357323 -0.933981 0
    outer loop
      vertex 5.87009 -0.41333 -1.4
      vertex 5.90798 -0.427826 -1.05
      vertex 5.87009 -0.41333 -1.05
    endloop
  endfacet
  facet normal -0.357323 -0.933981 -0
    outer loop
      vertex 5.90798 -0.427826 -1.05
      vertex 5.87009 -0.41333 -1.4
      vertex 5.90798 -0.427826 -1.4
    endloop
  endfacet
  facet normal -0.490656 -0.871353 0
    outer loop
      vertex 5.83405 -0.393036 -1.4
      vertex 5.87009 -0.41333 -1.05
      vertex 5.83405 -0.393036 -1.05
    endloop
  endfacet
  facet normal -0.490656 -0.871353 -0
    outer loop
      vertex 5.87009 -0.41333 -1.05
      vertex 5.83405 -0.393036 -1.4
      vertex 5.87009 -0.41333 -1.4
    endloop
  endfacet
  facet normal -0.607487 -0.794329 0
    outer loop
      vertex 5.80083 -0.36763 -1.4
      vertex 5.83405 -0.393036 -1.05
      vertex 5.80083 -0.36763 -1.05
    endloop
  endfacet
  facet normal -0.607487 -0.794329 -0
    outer loop
      vertex 5.83405 -0.393036 -1.05
      vertex 5.80083 -0.36763 -1.4
      vertex 5.83405 -0.393036 -1.4
    endloop
  endfacet
  facet normal -0.712052 -0.702127 0
    outer loop
      vertex 5.80083 -0.36763 -1.4
      vertex 5.7714 -0.337784 -1.05
      vertex 5.7714 -0.337784 -1.4
    endloop
  endfacet
  facet normal -0.712052 -0.702127 0
    outer loop
      vertex 5.7714 -0.337784 -1.05
      vertex 5.80083 -0.36763 -1.4
      vertex 5.80083 -0.36763 -1.05
    endloop
  endfacet
  facet normal -0.800709 -0.599054 0
    outer loop
      vertex 5.7714 -0.337784 -1.4
      vertex 5.74576 -0.303513 -1.05
      vertex 5.74576 -0.303513 -1.4
    endloop
  endfacet
  facet normal -0.800709 -0.599054 0
    outer loop
      vertex 5.74576 -0.303513 -1.05
      vertex 5.7714 -0.337784 -1.4
      vertex 5.7714 -0.337784 -1.05
    endloop
  endfacet
  facet normal -0.870681 -0.491849 0
    outer loop
      vertex 5.74576 -0.303513 -1.4
      vertex 5.7239 -0.264816 -1.05
      vertex 5.7239 -0.264816 -1.4
    endloop
  endfacet
  facet normal -0.870681 -0.491849 0
    outer loop
      vertex 5.7239 -0.264816 -1.05
      vertex 5.74576 -0.303513 -1.4
      vertex 5.74576 -0.303513 -1.05
    endloop
  endfacet
  facet normal -0.921599 -0.388144 0
    outer loop
      vertex 5.7239 -0.264816 -1.4
      vertex 5.70642 -0.223312 -1.05
      vertex 5.70642 -0.223312 -1.4
    endloop
  endfacet
  facet normal -0.921599 -0.388144 0
    outer loop
      vertex 5.70642 -0.223312 -1.05
      vertex 5.7239 -0.264816 -1.4
      vertex 5.7239 -0.264816 -1.05
    endloop
  endfacet
  facet normal -0.95986 -0.280481 0
    outer loop
      vertex 5.70642 -0.223312 -1.4
      vertex 5.69394 -0.180603 -1.05
      vertex 5.69394 -0.180603 -1.4
    endloop
  endfacet
  facet normal -0.95986 -0.280481 0
    outer loop
      vertex 5.69394 -0.180603 -1.05
      vertex 5.70642 -0.223312 -1.4
      vertex 5.70642 -0.223312 -1.05
    endloop
  endfacet
  facet normal -0.985775 -0.168073 0
    outer loop
      vertex 5.69394 -0.180603 -1.4
      vertex 5.68645 -0.136673 -1.05
      vertex 5.68645 -0.136673 -1.4
    endloop
  endfacet
  facet normal -0.985775 -0.168073 0
    outer loop
      vertex 5.68645 -0.136673 -1.05
      vertex 5.69394 -0.180603 -1.4
      vertex 5.69394 -0.180603 -1.05
    endloop
  endfacet
  facet normal -0.99847 -0.055304 0
    outer loop
      vertex 5.68645 -0.136673 -1.4
      vertex 5.68395 -0.0915375 -1.05
      vertex 5.68395 -0.0915375 -1.4
    endloop
  endfacet
  facet normal -0.99847 -0.055304 0
    outer loop
      vertex 5.68395 -0.0915375 -1.05
      vertex 5.68645 -0.136673 -1.4
      vertex 5.68645 -0.136673 -1.05
    endloop
  endfacet
  facet normal -1 0 0
    outer loop
      vertex 5.68395 -0.0915375 -1.4
      vertex 5.68395 -0.0206757 -1.05
      vertex 5.68395 -0.0206757 -1.4
    endloop
  endfacet
  facet normal -1 -0 0
    outer loop
      vertex 5.68395 -0.0206757 -1.05
      vertex 5.68395 -0.0915375 -1.4
      vertex 5.68395 -0.0915375 -1.05
    endloop
  endfacet
  facet normal 0.013897 0.999903 -0
    outer loop
      vertex 5.86949 -0.0232544 -1.4
      vertex 5.68395 -0.0206757 -1.05
      vertex 5.86949 -0.0232544 -1.05
    endloop
  endfacet
  facet normal 0.013897 0.999903 0
    outer loop
      vertex 5.68395 -0.0206757 -1.05
      vertex 5.86949 -0.0232544 -1.4
      vertex 5.68395 -0.0206757 -1.4
    endloop
  endfacet
  facet normal 0.0624246 0.99805 -0
    outer loop
      vertex 5.92804 -0.0269165 -1.4
      vertex 5.86949 -0.0232544 -1.05
      vertex 5.92804 -0.0269165 -1.05
    endloop
  endfacet
  facet normal 0.0624246 0.99805 0
    outer loop
      vertex 5.86949 -0.0232544 -1.05
      vertex 5.92804 -0.0269165 -1.4
      vertex 5.86949 -0.0232544 -1.4
    endloop
  endfacet
  facet normal 0.117576 0.993064 -0
    outer loop
      vertex 5.9774 -0.0327606 -1.4
      vertex 5.92804 -0.0269165 -1.05
      vertex 5.9774 -0.0327606 -1.05
    endloop
  endfacet
  facet normal 0.117576 0.993064 0
    outer loop
      vertex 5.92804 -0.0269165 -1.05
      vertex 5.9774 -0.0327606 -1.4
      vertex 5.92804 -0.0269165 -1.4
    endloop
  endfacet
  facet normal 0.195527 0.980698 -0
    outer loop
      vertex 6.01758 -0.0407715 -1.4
      vertex 5.9774 -0.0327606 -1.05
      vertex 6.01758 -0.0407715 -1.05
    endloop
  endfacet
  facet normal 0.195527 0.980698 0
    outer loop
      vertex 5.9774 -0.0327606 -1.05
      vertex 6.01758 -0.0407715 -1.4
      vertex 5.9774 -0.0327606 -1.4
    endloop
  endfacet
  facet normal 0.312261 0.949996 -0
    outer loop
      vertex 6.04859 -0.0509644 -1.4
      vertex 6.01758 -0.0407715 -1.05
      vertex 6.04859 -0.0509644 -1.05
    endloop
  endfacet
  facet normal 0.312261 0.949996 0
    outer loop
      vertex 6.01758 -0.0407715 -1.05
      vertex 6.04859 -0.0509644 -1.4
      vertex 6.01758 -0.0407715 -1.4
    endloop
  endfacet
  facet normal 0.456822 0.889558 -0
    outer loop
      vertex 6.07343 -0.0637207 -1.4
      vertex 6.04859 -0.0509644 -1.05
      vertex 6.07343 -0.0637207 -1.05
    endloop
  endfacet
  facet normal 0.456822 0.889558 0
    outer loop
      vertex 6.04859 -0.0509644 -1.05
      vertex 6.07343 -0.0637207 -1.4
      vertex 6.04859 -0.0509644 -1.4
    endloop
  endfacet
  facet normal 0.58695 0.809623 -0
    outer loop
      vertex 6.09513 -0.0794525 -1.4
      vertex 6.07343 -0.0637207 -1.05
      vertex 6.09513 -0.0794525 -1.05
    endloop
  endfacet
  facet normal 0.58695 0.809623 0
    outer loop
      vertex 6.07343 -0.0637207 -1.05
      vertex 6.09513 -0.0794525 -1.4
      vertex 6.07343 -0.0637207 -1.4
    endloop
  endfacet
  facet normal 0.710659 0.703537 0
    outer loop
      vertex 6.11368 -0.0981903 -1.05
      vertex 6.09513 -0.0794525 -1.4
      vertex 6.09513 -0.0794525 -1.05
    endloop
  endfacet
  facet normal 0.710659 0.703537 0
    outer loop
      vertex 6.09513 -0.0794525 -1.4
      vertex 6.11368 -0.0981903 -1.05
      vertex 6.11368 -0.0981903 -1.4
    endloop
  endfacet
  facet normal 0.814946 0.579537 0
    outer loop
      vertex 6.12911 -0.119888 -1.05
      vertex 6.11368 -0.0981903 -1.4
      vertex 6.11368 -0.0981903 -1.05
    endloop
  endfacet
  facet normal 0.814946 0.579537 0
    outer loop
      vertex 6.11368 -0.0981903 -1.4
      vertex 6.12911 -0.119888 -1.05
      vertex 6.12911 -0.119888 -1.4
    endloop
  endfacet
  facet normal 0.90087 0.434089 0
    outer loop
      vertex 6.14122 -0.14502 -1.05
      vertex 6.12911 -0.119888 -1.4
      vertex 6.12911 -0.119888 -1.05
    endloop
  endfacet
  facet normal 0.90087 0.434089 0
    outer loop
      vertex 6.12911 -0.119888 -1.4
      vertex 6.14122 -0.14502 -1.05
      vertex 6.14122 -0.14502 -1.4
    endloop
  endfacet
  facet normal 0.958034 0.286656 0
    outer loop
      vertex 6.14989 -0.173996 -1.05
      vertex 6.14122 -0.14502 -1.4
      vertex 6.14122 -0.14502 -1.05
    endloop
  endfacet
  facet normal 0.958034 0.286656 0
    outer loop
      vertex 6.14122 -0.14502 -1.4
      vertex 6.14989 -0.173996 -1.05
      vertex 6.14989 -0.173996 -1.4
    endloop
  endfacet
  facet normal 0.98775 0.156046 0
    outer loop
      vertex 6.15508 -0.206848 -1.05
      vertex 6.14989 -0.173996 -1.4
      vertex 6.14989 -0.173996 -1.05
    endloop
  endfacet
  facet normal 0.98775 0.156046 0
    outer loop
      vertex 6.14989 -0.173996 -1.4
      vertex 6.15508 -0.206848 -1.05
      vertex 6.15508 -0.206848 -1.4
    endloop
  endfacet
  facet normal 0.998904 0.0467986 0
    outer loop
      vertex 6.1568 -0.243561 -1.05
      vertex 6.15508 -0.206848 -1.4
      vertex 6.15508 -0.206848 -1.05
    endloop
  endfacet
  facet normal 0.998904 0.0467986 0
    outer loop
      vertex 6.15508 -0.206848 -1.4
      vertex 6.1568 -0.243561 -1.05
      vertex 6.1568 -0.243561 -1.4
    endloop
  endfacet
  facet normal 0.998122 -0.0612648 0
    outer loop
      vertex 6.15395 -0.289993 -1.05
      vertex 6.1568 -0.243561 -1.4
      vertex 6.1568 -0.243561 -1.05
    endloop
  endfacet
  facet normal 0.998122 -0.0612648 0
    outer loop
      vertex 6.1568 -0.243561 -1.4
      vertex 6.15395 -0.289993 -1.05
      vertex 6.15395 -0.289993 -1.4
    endloop
  endfacet
  facet normal 0.977835 -0.209379 0
    outer loop
      vertex 6.14537 -0.330063 -1.05
      vertex 6.15395 -0.289993 -1.4
      vertex 6.15395 -0.289993 -1.05
    endloop
  endfacet
  facet normal 0.977835 -0.209379 0
    outer loop
      vertex 6.15395 -0.289993 -1.4
      vertex 6.14537 -0.330063 -1.05
      vertex 6.14537 -0.330063 -1.4
    endloop
  endfacet
  facet normal 0.920613 -0.390477 0
    outer loop
      vertex 6.13108 -0.363754 -1.05
      vertex 6.14537 -0.330063 -1.4
      vertex 6.14537 -0.330063 -1.05
    endloop
  endfacet
  facet normal 0.920613 -0.390477 0
    outer loop
      vertex 6.14537 -0.330063 -1.4
      vertex 6.13108 -0.363754 -1.05
      vertex 6.13108 -0.363754 -1.4
    endloop
  endfacet
  facet normal 0.806999 -0.590552 0
    outer loop
      vertex 6.11107 -0.391098 -1.05
      vertex 6.13108 -0.363754 -1.4
      vertex 6.13108 -0.363754 -1.05
    endloop
  endfacet
  facet normal 0.806999 -0.590552 0
    outer loop
      vertex 6.13108 -0.363754 -1.4
      vertex 6.11107 -0.391098 -1.05
      vertex 6.11107 -0.391098 -1.4
    endloop
  endfacet
  facet normal 0.649199 -0.760619 0
    outer loop
      vertex 6.08631 -0.412231 -1.4
      vertex 6.11107 -0.391098 -1.05
      vertex 6.08631 -0.412231 -1.05
    endloop
  endfacet
  facet normal 0.649199 -0.760619 0
    outer loop
      vertex 6.11107 -0.391098 -1.05
      vertex 6.08631 -0.412231 -1.4
      vertex 6.11107 -0.391098 -1.4
    endloop
  endfacet
  facet normal 0.467701 -0.883887 0
    outer loop
      vertex 6.05776 -0.427338 -1.4
      vertex 6.08631 -0.412231 -1.05
      vertex 6.05776 -0.427338 -1.05
    endloop
  endfacet
  facet normal 0.467701 -0.883887 0
    outer loop
      vertex 6.08631 -0.412231 -1.05
      vertex 6.05776 -0.427338 -1.4
      vertex 6.08631 -0.412231 -1.4
    endloop
  endfacet
  facet normal 0.27 -0.96286 0
    outer loop
      vertex 6.02544 -0.436401 -1.4
      vertex 6.05776 -0.427338 -1.05
      vertex 6.02544 -0.436401 -1.05
    endloop
  endfacet
  facet normal 0.27 -0.96286 0
    outer loop
      vertex 6.05776 -0.427338 -1.05
      vertex 6.02544 -0.436401 -1.4
      vertex 6.05776 -0.427338 -1.4
    endloop
  endfacet
  facet normal 0.0829359 -0.996555 0
    outer loop
      vertex 5.98932 -0.439407 -1.4
      vertex 6.02544 -0.436401 -1.05
      vertex 5.98932 -0.439407 -1.05
    endloop
  endfacet
  facet normal 0.0829359 -0.996555 0
    outer loop
      vertex 6.02544 -0.436401 -1.05
      vertex 5.98932 -0.439407 -1.4
      vertex 6.02544 -0.436401 -1.4
    endloop
  endfacet
  facet normal -0.0691775 -0.997604 0
    outer loop
      vertex 5.94773 -0.436523 -1.4
      vertex 5.98932 -0.439407 -1.05
      vertex 5.94773 -0.436523 -1.05
    endloop
  endfacet
  facet normal -0.0691775 -0.997604 -0
    outer loop
      vertex 5.98932 -0.439407 -1.05
      vertex 5.94773 -0.436523 -1.4
      vertex 5.98932 -0.439407 -1.4
    endloop
  endfacet
  facet normal -0.259587 0.96572 0
    outer loop
      vertex 3.1272 -0.645401 -1.4
      vertex 2.99732 -0.680313 -1.05
      vertex 3.1272 -0.645401 -1.05
    endloop
  endfacet
  facet normal -0.259587 0.96572 0
    outer loop
      vertex 2.99732 -0.680313 -1.05
      vertex 3.1272 -0.645401 -1.4
      vertex 2.99732 -0.680313 -1.4
    endloop
  endfacet
  facet normal -0.461998 0.886881 0
    outer loop
      vertex 3.23889 -0.587219 -1.4
      vertex 3.1272 -0.645401 -1.05
      vertex 3.23889 -0.587219 -1.05
    endloop
  endfacet
  facet normal -0.461998 0.886881 0
    outer loop
      vertex 3.1272 -0.645401 -1.05
      vertex 3.23889 -0.587219 -1.4
      vertex 3.1272 -0.645401 -1.4
    endloop
  endfacet
  facet normal -0.656812 0.754054 0
    outer loop
      vertex 3.3324 -0.505768 -1.4
      vertex 3.23889 -0.587219 -1.05
      vertex 3.3324 -0.505768 -1.05
    endloop
  endfacet
  facet normal -0.656812 0.754054 0
    outer loop
      vertex 3.23889 -0.587219 -1.05
      vertex 3.3324 -0.505768 -1.4
      vertex 3.23889 -0.587219 -1.4
    endloop
  endfacet
  facet normal -0.814751 0.579811 0
    outer loop
      vertex 3.3324 -0.505768 -1.4
      vertex 3.40624 -0.402008 -1.05
      vertex 3.40624 -0.402008 -1.4
    endloop
  endfacet
  facet normal -0.814751 0.579811 0
    outer loop
      vertex 3.40624 -0.402008 -1.05
      vertex 3.3324 -0.505768 -1.4
      vertex 3.3324 -0.505768 -1.05
    endloop
  endfacet
  facet normal -0.921442 0.388516 0
    outer loop
      vertex 3.40624 -0.402008 -1.4
      vertex 3.45899 -0.276901 -1.05
      vertex 3.45899 -0.276901 -1.4
    endloop
  endfacet
  facet normal -0.921442 0.388516 0
    outer loop
      vertex 3.45899 -0.276901 -1.05
      vertex 3.40624 -0.402008 -1.4
      vertex 3.40624 -0.402008 -1.05
    endloop
  endfacet
  facet normal -0.977459 0.211127 0
    outer loop
      vertex 3.45899 -0.276901 -1.4
      vertex 3.49062 -0.130463 -1.05
      vertex 3.49062 -0.130463 -1.4
    endloop
  endfacet
  facet normal -0.977459 0.211127 0
    outer loop
      vertex 3.49062 -0.130463 -1.05
      vertex 3.45899 -0.276901 -1.4
      vertex 3.45899 -0.276901 -1.05
    endloop
  endfacet
  facet normal -0.998025 0.0628244 0
    outer loop
      vertex 3.49062 -0.130463 -1.4
      vertex 3.50118 0.0372925 -1.05
      vertex 3.50118 0.0372925 -1.4
    endloop
  endfacet
  facet normal -0.998025 0.0628244 0
    outer loop
      vertex 3.50118 0.0372925 -1.05
      vertex 3.49062 -0.130463 -1.4
      vertex 3.49062 -0.130463 -1.05
    endloop
  endfacet
  facet normal -0.997839 -0.0657012 0
    outer loop
      vertex 3.50118 0.0372925 -1.4
      vertex 3.49047 0.199951 -1.05
      vertex 3.49047 0.199951 -1.4
    endloop
  endfacet
  facet normal -0.997839 -0.0657012 0
    outer loop
      vertex 3.49047 0.199951 -1.05
      vertex 3.50118 0.0372925 -1.4
      vertex 3.50118 0.0372925 -1.05
    endloop
  endfacet
  facet normal -0.975562 -0.219724 0
    outer loop
      vertex 3.49047 0.199951 -1.4
      vertex 3.45833 0.342651 -1.05
      vertex 3.45833 0.342651 -1.4
    endloop
  endfacet
  facet normal -0.975562 -0.219724 0
    outer loop
      vertex 3.45833 0.342651 -1.05
      vertex 3.49047 0.199951 -1.4
      vertex 3.49047 0.199951 -1.05
    endloop
  endfacet
  facet normal -0.916559 -0.3999 0
    outer loop
      vertex 3.45833 0.342651 -1.4
      vertex 3.40479 0.465363 -1.05
      vertex 3.40479 0.465363 -1.4
    endloop
  endfacet
  facet normal -0.916559 -0.3999 0
    outer loop
      vertex 3.40479 0.465363 -1.05
      vertex 3.45833 0.342651 -1.4
      vertex 3.45833 0.342651 -1.05
    endloop
  endfacet
  facet normal -0.807795 -0.589463 0
    outer loop
      vertex 3.40479 0.465363 -1.4
      vertex 3.32981 0.568115 -1.05
      vertex 3.32981 0.568115 -1.4
    endloop
  endfacet
  facet normal -0.807795 -0.589463 0
    outer loop
      vertex 3.32981 0.568115 -1.05
      vertex 3.40479 0.465363 -1.4
      vertex 3.40479 0.465363 -1.05
    endloop
  endfacet
  facet normal -0.651174 -0.758929 0
    outer loop
      vertex 3.2352 0.649292 -1.4
      vertex 3.32981 0.568115 -1.05
      vertex 3.2352 0.649292 -1.05
    endloop
  endfacet
  facet normal -0.651174 -0.758929 -0
    outer loop
      vertex 3.32981 0.568115 -1.05
      vertex 3.2352 0.649292 -1.4
      vertex 3.32981 0.568115 -1.4
    endloop
  endfacet
  facet normal -0.458134 -0.888883 0
    outer loop
      vertex 3.1227 0.707275 -1.4
      vertex 3.2352 0.649292 -1.05
      vertex 3.1227 0.707275 -1.05
    endloop
  endfacet
  facet normal -0.458134 -0.888883 -0
    outer loop
      vertex 3.2352 0.649292 -1.05
      vertex 3.1227 0.707275 -1.4
      vertex 3.2352 0.649292 -1.4
    endloop
  endfacet
  facet normal -0.257833 -0.966189 0
    outer loop
      vertex 2.99233 0.742065 -1.4
      vertex 3.1227 0.707275 -1.05
      vertex 2.99233 0.742065 -1.05
    endloop
  endfacet
  facet normal -0.257833 -0.966189 -0
    outer loop
      vertex 3.1227 0.707275 -1.05
      vertex 2.99233 0.742065 -1.4
      vertex 3.1227 0.707275 -1.4
    endloop
  endfacet
  facet normal -0.0779825 -0.996955 0
    outer loop
      vertex 2.84407 0.753662 -1.4
      vertex 2.99233 0.742065 -1.05
      vertex 2.84407 0.753662 -1.05
    endloop
  endfacet
  facet normal -0.0779825 -0.996955 -0
    outer loop
      vertex 2.99233 0.742065 -1.05
      vertex 2.84407 0.753662 -1.4
      vertex 2.99233 0.742065 -1.4
    endloop
  endfacet
  facet normal 0.0878082 -0.996137 0
    outer loop
      vertex 2.70282 0.741211 -1.4
      vertex 2.84407 0.753662 -1.05
      vertex 2.70282 0.741211 -1.05
    endloop
  endfacet
  facet normal 0.0878082 -0.996137 0
    outer loop
      vertex 2.84407 0.753662 -1.05
      vertex 2.70282 0.741211 -1.4
      vertex 2.84407 0.753662 -1.4
    endloop
  endfacet
  facet normal 0.289224 -0.957261 0
    outer loop
      vertex 2.57929 0.703888 -1.4
      vertex 2.70282 0.741211 -1.05
      vertex 2.57929 0.703888 -1.05
    endloop
  endfacet
  facet normal 0.289224 -0.957261 0
    outer loop
      vertex 2.70282 0.741211 -1.05
      vertex 2.57929 0.703888 -1.4
      vertex 2.70282 0.741211 -1.4
    endloop
  endfacet
  facet normal 0.506831 -0.862045 0
    outer loop
      vertex 2.47348 0.641678 -1.4
      vertex 2.57929 0.703888 -1.05
      vertex 2.47348 0.641678 -1.05
    endloop
  endfacet
  facet normal 0.506831 -0.862045 0
    outer loop
      vertex 2.57929 0.703888 -1.05
      vertex 2.47348 0.641678 -1.4
      vertex 2.57929 0.703888 -1.4
    endloop
  endfacet
  facet normal 0.702986 -0.711204 0
    outer loop
      vertex 2.38538 0.554596 -1.4
      vertex 2.47348 0.641678 -1.05
      vertex 2.38538 0.554596 -1.05
    endloop
  endfacet
  facet normal 0.702986 -0.711204 0
    outer loop
      vertex 2.47348 0.641678 -1.05
      vertex 2.38538 0.554596 -1.4
      vertex 2.47348 0.641678 -1.4
    endloop
  endfacet
  facet normal 0.848298 -0.529518 0
    outer loop
      vertex 2.31604 0.443512 -1.05
      vertex 2.38538 0.554596 -1.4
      vertex 2.38538 0.554596 -1.05
    endloop
  endfacet
  facet normal 0.848298 -0.529518 0
    outer loop
      vertex 2.38538 0.554596 -1.4
      vertex 2.31604 0.443512 -1.05
      vertex 2.31604 0.443512 -1.4
    endloop
  endfacet
  facet normal 0.93819 -0.346121 0
    outer loop
      vertex 2.26653 0.309311 -1.05
      vertex 2.31604 0.443512 -1.4
      vertex 2.31604 0.443512 -1.05
    endloop
  endfacet
  facet normal 0.93819 -0.346121 0
    outer loop
      vertex 2.31604 0.443512 -1.4
      vertex 2.26653 0.309311 -1.05
      vertex 2.26653 0.309311 -1.4
    endloop
  endfacet
  facet normal 0.982608 -0.185693 0
    outer loop
      vertex 2.2368 0.151993 -1.05
      vertex 2.26653 0.309311 -1.4
      vertex 2.26653 0.309311 -1.05
    endloop
  endfacet
  facet normal 0.982608 -0.185693 0
    outer loop
      vertex 2.26653 0.309311 -1.4
      vertex 2.2368 0.151993 -1.05
      vertex 2.2368 0.151993 -1.4
    endloop
  endfacet
  facet normal 0.998498 -0.0547941 0
    outer loop
      vertex 2.2269 -0.0284119 -1.05
      vertex 2.2368 0.151993 -1.4
      vertex 2.2368 0.151993 -1.05
    endloop
  endfacet
  facet normal 0.998498 -0.0547941 0
    outer loop
      vertex 2.2368 0.151993 -1.4
      vertex 2.2269 -0.0284119 -1.05
      vertex 2.2269 -0.0284119 -1.4
    endloop
  endfacet
  facet normal 1 -0 0
    outer loop
      vertex 2.2269 -0.0387115 -1.05
      vertex 2.2269 -0.0284119 -1.4
      vertex 2.2269 -0.0284119 -1.05
    endloop
  endfacet
  facet normal 1 0 0
    outer loop
      vertex 2.2269 -0.0284119 -1.4
      vertex 2.2269 -0.0387115 -1.05
      vertex 2.2269 -0.0387115 -1.4
    endloop
  endfacet
  facet normal 0 1 -0
    outer loop
      vertex 3.12108 -0.0387115 -1.4
      vertex 2.2269 -0.0387115 -1.05
      vertex 3.12108 -0.0387115 -1.05
    endloop
  endfacet
  facet normal 0 1 0
    outer loop
      vertex 2.2269 -0.0387115 -1.05
      vertex 3.12108 -0.0387115 -1.4
      vertex 2.2269 -0.0387115 -1.4
    endloop
  endfacet
  facet normal 0.998787 -0.0492335 0
    outer loop
      vertex 3.11637 -0.134262 -1.05
      vertex 3.12108 -0.0387115 -1.4
      vertex 3.12108 -0.0387115 -1.05
    endloop
  endfacet
  facet normal 0.998787 -0.0492335 0
    outer loop
      vertex 3.12108 -0.0387115 -1.4
      vertex 3.11637 -0.134262 -1.05
      vertex 3.11637 -0.134262 -1.4
    endloop
  endfacet
  facet normal 0.98584 -0.167691 0
    outer loop
      vertex 3.10224 -0.217331 -1.05
      vertex 3.11637 -0.134262 -1.4
      vertex 3.11637 -0.134262 -1.05
    endloop
  endfacet
  facet normal 0.98584 -0.167691 0
    outer loop
      vertex 3.11637 -0.134262 -1.4
      vertex 3.10224 -0.217331 -1.05
      vertex 3.10224 -0.217331 -1.4
    endloop
  endfacet
  facet normal 0.948538 -0.316663 0
    outer loop
      vertex 3.07868 -0.287903 -1.05
      vertex 3.10224 -0.217331 -1.4
      vertex 3.10224 -0.217331 -1.05
    endloop
  endfacet
  facet normal 0.948538 -0.316663 0
    outer loop
      vertex 3.10224 -0.217331 -1.4
      vertex 3.07868 -0.287903 -1.05
      vertex 3.07868 -0.287903 -1.4
    endloop
  endfacet
  facet normal 0.869676 -0.493622 0
    outer loop
      vertex 3.0457 -0.346008 -1.05
      vertex 3.07868 -0.287903 -1.4
      vertex 3.07868 -0.287903 -1.05
    endloop
  endfacet
  facet normal 0.869676 -0.493622 0
    outer loop
      vertex 3.07868 -0.287903 -1.4
      vertex 3.0457 -0.346008 -1.05
      vertex 3.0457 -0.346008 -1.4
    endloop
  endfacet
  facet normal 0.736574 -0.676356 0
    outer loop
      vertex 3.00403 -0.391388 -1.05
      vertex 3.0457 -0.346008 -1.4
      vertex 3.0457 -0.346008 -1.05
    endloop
  endfacet
  facet normal 0.736574 -0.676356 0
    outer loop
      vertex 3.0457 -0.346008 -1.4
      vertex 3.00403 -0.391388 -1.05
      vertex 3.00403 -0.391388 -1.4
    endloop
  endfacet
  facet normal 0.546506 -0.837456 0
    outer loop
      vertex 2.95439 -0.423782 -1.4
      vertex 3.00403 -0.391388 -1.05
      vertex 2.95439 -0.423782 -1.05
    endloop
  endfacet
  facet normal 0.546506 -0.837456 0
    outer loop
      vertex 3.00403 -0.391388 -1.05
      vertex 2.95439 -0.423782 -1.4
      vertex 3.00403 -0.391388 -1.4
    endloop
  endfacet
  facet normal 0.319851 -0.947468 0
    outer loop
      vertex 2.89676 -0.443237 -1.4
      vertex 2.95439 -0.423782 -1.05
      vertex 2.89676 -0.443237 -1.05
    endloop
  endfacet
  facet normal 0.319851 -0.947468 0
    outer loop
      vertex 2.95439 -0.423782 -1.05
      vertex 2.89676 -0.443237 -1.4
      vertex 2.95439 -0.423782 -1.4
    endloop
  endfacet
  facet normal 0.0981815 -0.995169 0
    outer loop
      vertex 2.83118 -0.449707 -1.4
      vertex 2.89676 -0.443237 -1.05
      vertex 2.83118 -0.449707 -1.05
    endloop
  endfacet
  facet normal 0.0981815 -0.995169 0
    outer loop
      vertex 2.89676 -0.443237 -1.05
      vertex 2.83118 -0.449707 -1.4
      vertex 2.89676 -0.443237 -1.4
    endloop
  endfacet
  facet normal -0.118251 -0.992984 0
    outer loop
      vertex 2.74405 -0.439331 -1.4
      vertex 2.83118 -0.449707 -1.05
      vertex 2.74405 -0.439331 -1.05
    endloop
  endfacet
  facet normal -0.118251 -0.992984 -0
    outer loop
      vertex 2.83118 -0.449707 -1.05
      vertex 2.74405 -0.439331 -1.4
      vertex 2.83118 -0.449707 -1.4
    endloop
  endfacet
  facet normal -0.409703 -0.912219 0
    outer loop
      vertex 2.67464 -0.408157 -1.4
      vertex 2.74405 -0.439331 -1.05
      vertex 2.67464 -0.408157 -1.05
    endloop
  endfacet
  facet normal -0.409703 -0.912219 -0
    outer loop
      vertex 2.74405 -0.439331 -1.05
      vertex 2.67464 -0.408157 -1.4
      vertex 2.74405 -0.439331 -1.4
    endloop
  endfacet
  facet normal -0.70864 -0.70557 0
    outer loop
      vertex 2.67464 -0.408157 -1.4
      vertex 2.62294 -0.356232 -1.05
      vertex 2.62294 -0.356232 -1.4
    endloop
  endfacet
  facet normal -0.70864 -0.70557 0
    outer loop
      vertex 2.62294 -0.356232 -1.05
      vertex 2.67464 -0.408157 -1.4
      vertex 2.67464 -0.408157 -1.05
    endloop
  endfacet
  facet normal -0.905946 -0.423393 0
    outer loop
      vertex 2.62294 -0.356232 -1.4
      vertex 2.58896 -0.283524 -1.05
      vertex 2.58896 -0.283524 -1.4
    endloop
  endfacet
  facet normal -0.905946 -0.423393 0
    outer loop
      vertex 2.58896 -0.283524 -1.05
      vertex 2.62294 -0.356232 -1.4
      vertex 2.62294 -0.356232 -1.05
    endloop
  endfacet
  facet normal 0.086417 -0.996259 0
    outer loop
      vertex 2.24752 -0.313141 -1.4
      vertex 2.58896 -0.283524 -1.05
      vertex 2.24752 -0.313141 -1.05
    endloop
  endfacet
  facet normal 0.086417 -0.996259 0
    outer loop
      vertex 2.58896 -0.283524 -1.05
      vertex 2.24752 -0.313141 -1.4
      vertex 2.58896 -0.283524 -1.4
    endloop
  endfacet
  facet normal 0.87169 0.490058 0
    outer loop
      vertex 2.34069 -0.478867 -1.05
      vertex 2.24752 -0.313141 -1.4
      vertex 2.24752 -0.313141 -1.05
    endloop
  endfacet
  facet normal 0.87169 0.490058 0
    outer loop
      vertex 2.24752 -0.313141 -1.4
      vertex 2.34069 -0.478867 -1.05
      vertex 2.34069 -0.478867 -1.4
    endloop
  endfacet
  facet normal 0.669499 0.742813 -0
    outer loop
      vertex 2.47203 -0.597244 -1.4
      vertex 2.34069 -0.478867 -1.05
      vertex 2.47203 -0.597244 -1.05
    endloop
  endfacet
  facet normal 0.669499 0.742813 0
    outer loop
      vertex 2.34069 -0.478867 -1.05
      vertex 2.47203 -0.597244 -1.4
      vertex 2.34069 -0.478867 -1.4
    endloop
  endfacet
  facet normal 0.386473 0.922301 -0
    outer loop
      vertex 2.64154 -0.668274 -1.4
      vertex 2.47203 -0.597244 -1.05
      vertex 2.64154 -0.668274 -1.05
    endloop
  endfacet
  facet normal 0.386473 0.922301 0
    outer loop
      vertex 2.47203 -0.597244 -1.05
      vertex 2.64154 -0.668274 -1.4
      vertex 2.47203 -0.597244 -1.4
    endloop
  endfacet
  facet normal 0.113216 0.99357 -0
    outer loop
      vertex 2.84923 -0.69194 -1.4
      vertex 2.64154 -0.668274 -1.05
      vertex 2.84923 -0.69194 -1.05
    endloop
  endfacet
  facet normal 0.113216 0.99357 0
    outer loop
      vertex 2.64154 -0.668274 -1.05
      vertex 2.84923 -0.69194 -1.4
      vertex 2.64154 -0.668274 -1.4
    endloop
  endfacet
  facet normal -0.0782722 0.996932 0
    outer loop
      vertex 2.99732 -0.680313 -1.4
      vertex 2.84923 -0.69194 -1.05
      vertex 2.99732 -0.680313 -1.05
    endloop
  endfacet
  facet normal -0.0782722 0.996932 0
    outer loop
      vertex 2.84923 -0.69194 -1.05
      vertex 2.99732 -0.680313 -1.4
      vertex 2.84923 -0.69194 -1.4
    endloop
  endfacet
  facet normal -0.993648 0.112531 0
    outer loop
      vertex 2.57735 0.188049 -1.4
      vertex 2.58631 0.267166 -1.05
      vertex 2.58631 0.267166 -1.4
    endloop
  endfacet
  facet normal -0.993648 0.112531 0
    outer loop
      vertex 2.58631 0.267166 -1.05
      vertex 2.57735 0.188049 -1.4
      vertex 2.57735 0.188049 -1.05
    endloop
  endfacet
  facet normal -0.972207 0.234125 0
    outer loop
      vertex 2.58631 0.267166 -1.4
      vertex 2.60282 0.335724 -1.05
      vertex 2.60282 0.335724 -1.4
    endloop
  endfacet
  facet normal -0.972207 0.234125 0
    outer loop
      vertex 2.60282 0.335724 -1.05
      vertex 2.58631 0.267166 -1.4
      vertex 2.58631 0.267166 -1.05
    endloop
  endfacet
  facet normal -0.92369 0.38314 0
    outer loop
      vertex 2.60282 0.335724 -1.4
      vertex 2.62689 0.393753 -1.05
      vertex 2.62689 0.393753 -1.4
    endloop
  endfacet
  facet normal -0.92369 0.38314 0
    outer loop
      vertex 2.62689 0.393753 -1.05
      vertex 2.60282 0.335724 -1.4
      vertex 2.60282 0.335724 -1.05
    endloop
  endfacet
  facet normal -0.832023 0.554741 0
    outer loop
      vertex 2.62689 0.393753 -1.4
      vertex 2.65854 0.441223 -1.05
      vertex 2.65854 0.441223 -1.4
    endloop
  endfacet
  facet normal -0.832023 0.554741 0
    outer loop
      vertex 2.65854 0.441223 -1.05
      vertex 2.62689 0.393753 -1.4
      vertex 2.62689 0.393753 -1.05
    endloop
  endfacet
  facet normal -0.692387 0.721526 0
    outer loop
      vertex 2.69702 0.478149 -1.4
      vertex 2.65854 0.441223 -1.05
      vertex 2.69702 0.478149 -1.05
    endloop
  endfacet
  facet normal -0.692387 0.721526 0
    outer loop
      vertex 2.65854 0.441223 -1.05
      vertex 2.69702 0.478149 -1.4
      vertex 2.65854 0.441223 -1.4
    endloop
  endfacet
  facet normal -0.508753 0.860913 0
    outer loop
      vertex 2.74164 0.504517 -1.4
      vertex 2.69702 0.478149 -1.05
      vertex 2.74164 0.504517 -1.05
    endloop
  endfacet
  facet normal -0.508753 0.860913 0
    outer loop
      vertex 2.69702 0.478149 -1.05
      vertex 2.74164 0.504517 -1.4
      vertex 2.69702 0.478149 -1.4
    endloop
  endfacet
  facet normal -0.297705 0.954658 0
    outer loop
      vertex 2.79238 0.52034 -1.4
      vertex 2.74164 0.504517 -1.05
      vertex 2.79238 0.52034 -1.05
    endloop
  endfacet
  facet normal -0.297705 0.954658 0
    outer loop
      vertex 2.74164 0.504517 -1.05
      vertex 2.79238 0.52034 -1.4
      vertex 2.74164 0.504517 -1.4
    endloop
  endfacet
  facet normal -0.092478 0.995715 0
    outer loop
      vertex 2.84923 0.52562 -1.4
      vertex 2.79238 0.52034 -1.05
      vertex 2.84923 0.52562 -1.05
    endloop
  endfacet
  facet normal -0.092478 0.995715 0
    outer loop
      vertex 2.79238 0.52034 -1.05
      vertex 2.84923 0.52562 -1.4
      vertex 2.79238 0.52034 -1.4
    endloop
  endfacet
  facet normal 0.0920218 0.995757 -0
    outer loop
      vertex 2.90934 0.520065 -1.4
      vertex 2.84923 0.52562 -1.05
      vertex 2.90934 0.520065 -1.05
    endloop
  endfacet
  facet normal 0.0920218 0.995757 0
    outer loop
      vertex 2.84923 0.52562 -1.05
      vertex 2.90934 0.520065 -1.4
      vertex 2.84923 0.52562 -1.4
    endloop
  endfacet
  facet normal 0.301306 0.953527 -0
    outer loop
      vertex 2.96212 0.503387 -1.4
      vertex 2.90934 0.520065 -1.05
      vertex 2.96212 0.503387 -1.05
    endloop
  endfacet
  facet normal 0.301306 0.953527 0
    outer loop
      vertex 2.90934 0.520065 -1.05
      vertex 2.96212 0.503387 -1.4
      vertex 2.90934 0.520065 -1.4
    endloop
  endfacet
  facet normal 0.5216 0.85319 -0
    outer loop
      vertex 3.00757 0.475601 -1.4
      vertex 2.96212 0.503387 -1.05
      vertex 3.00757 0.475601 -1.05
    endloop
  endfacet
  facet normal 0.5216 0.85319 0
    outer loop
      vertex 2.96212 0.503387 -1.05
      vertex 3.00757 0.475601 -1.4
      vertex 2.96212 0.503387 -1.4
    endloop
  endfacet
  facet normal 0.714229 0.699912 0
    outer loop
      vertex 3.0457 0.436691 -1.05
      vertex 3.00757 0.475601 -1.4
      vertex 3.00757 0.475601 -1.05
    endloop
  endfacet
  facet normal 0.714229 0.699912 0
    outer loop
      vertex 3.00757 0.475601 -1.4
      vertex 3.0457 0.436691 -1.05
      vertex 3.0457 0.436691 -1.4
    endloop
  endfacet
  facet normal 0.84906 0.528296 0
    outer loop
      vertex 3.07611 0.387817 -1.05
      vertex 3.0457 0.436691 -1.4
      vertex 3.0457 0.436691 -1.05
    endloop
  endfacet
  facet normal 0.84906 0.528296 0
    outer loop
      vertex 3.0457 0.436691 -1.4
      vertex 3.07611 0.387817 -1.05
      vertex 3.07611 0.387817 -1.4
    endloop
  endfacet
  facet normal 0.933006 0.359861 0
    outer loop
      vertex 3.09838 0.330078 -1.05
      vertex 3.07611 0.387817 -1.4
      vertex 3.07611 0.387817 -1.05
    endloop
  endfacet
  facet normal 0.933006 0.359861 0
    outer loop
      vertex 3.07611 0.387817 -1.4
      vertex 3.09838 0.330078 -1.05
      vertex 3.09838 0.330078 -1.4
    endloop
  endfacet
  facet normal 0.978219 0.207575 0
    outer loop
      vertex 3.11251 0.263489 -1.05
      vertex 3.09838 0.330078 -1.4
      vertex 3.09838 0.330078 -1.05
    endloop
  endfacet
  facet normal 0.978219 0.207575 0
    outer loop
      vertex 3.09838 0.330078 -1.4
      vertex 3.11251 0.263489 -1.05
      vertex 3.11251 0.263489 -1.4
    endloop
  endfacet
  facet normal 0.996842 0.0794144 0
    outer loop
      vertex 3.11852 0.188049 -1.05
      vertex 3.11251 0.263489 -1.4
      vertex 3.11251 0.263489 -1.05
    endloop
  endfacet
  facet normal 0.996842 0.0794144 0
    outer loop
      vertex 3.11251 0.263489 -1.4
      vertex 3.11852 0.188049 -1.05
      vertex 3.11852 0.188049 -1.4
    endloop
  endfacet
  facet normal 0 -1 0
    outer loop
      vertex 2.57735 0.188049 -1.4
      vertex 3.11852 0.188049 -1.05
      vertex 2.57735 0.188049 -1.05
    endloop
  endfacet
  facet normal 0 -1 -0
    outer loop
      vertex 3.11852 0.188049 -1.05
      vertex 2.57735 0.188049 -1.4
      vertex 3.11852 0.188049 -1.4
    endloop
  endfacet
  facet normal -0.237512 0.971385 0
    outer loop
      vertex 14.594 -0.664398 -1.4
      vertex 14.5095 -0.685059 -1.05
      vertex 14.594 -0.664398 -1.05
    endloop
  endfacet
  facet normal -0.237512 0.971385 0
    outer loop
      vertex 14.5095 -0.685059 -1.05
      vertex 14.594 -0.664398 -1.4
      vertex 14.5095 -0.685059 -1.4
    endloop
  endfacet
  facet normal -0.424613 0.905375 0
    outer loop
      vertex 14.6674 -0.629974 -1.4
      vertex 14.594 -0.664398 -1.05
      vertex 14.6674 -0.629974 -1.05
    endloop
  endfacet
  facet normal -0.424613 0.905375 0
    outer loop
      vertex 14.594 -0.664398 -1.05
      vertex 14.6674 -0.629974 -1.4
      vertex 14.594 -0.664398 -1.4
    endloop
  endfacet
  facet normal -0.612429 0.790526 0
    outer loop
      vertex 14.7296 -0.581787 -1.4
      vertex 14.6674 -0.629974 -1.05
      vertex 14.7296 -0.581787 -1.05
    endloop
  endfacet
  facet normal -0.612429 0.790526 0
    outer loop
      vertex 14.6674 -0.629974 -1.05
      vertex 14.7296 -0.581787 -1.4
      vertex 14.6674 -0.629974 -1.4
    endloop
  endfacet
  facet normal -0.774273 0.632851 0
    outer loop
      vertex 14.7296 -0.581787 -1.4
      vertex 14.7792 -0.521103 -1.05
      vertex 14.7792 -0.521103 -1.4
    endloop
  endfacet
  facet normal -0.774273 0.632851 0
    outer loop
      vertex 14.7792 -0.521103 -1.05
      vertex 14.7296 -0.581787 -1.4
      vertex 14.7296 -0.581787 -1.05
    endloop
  endfacet
  facet normal -0.89708 0.441868 0
    outer loop
      vertex 14.7792 -0.521103 -1.4
      vertex 14.8146 -0.449234 -1.05
      vertex 14.8146 -0.449234 -1.4
    endloop
  endfacet
  facet normal -0.89708 0.441868 0
    outer loop
      vertex 14.8146 -0.449234 -1.05
      vertex 14.7792 -0.521103 -1.4
      vertex 14.7792 -0.521103 -1.05
    endloop
  endfacet
  facet normal -0.968663 0.248378 0
    outer loop
      vertex 14.8146 -0.449234 -1.4
      vertex 14.8359 -0.366165 -1.05
      vertex 14.8359 -0.366165 -1.4
    endloop
  endfacet
  facet normal -0.968663 0.248378 0
    outer loop
      vertex 14.8359 -0.366165 -1.05
      vertex 14.8146 -0.449234 -1.4
      vertex 14.8146 -0.449234 -1.05
    endloop
  endfacet
  facet normal -0.997175 0.0751163 0
    outer loop
      vertex 14.8359 -0.366165 -1.4
      vertex 14.843 -0.271912 -1.05
      vertex 14.843 -0.271912 -1.4
    endloop
  endfacet
  facet normal -0.997175 0.0751163 0
    outer loop
      vertex 14.843 -0.271912 -1.05
      vertex 14.8359 -0.366165 -1.4
      vertex 14.8359 -0.366165 -1.05
    endloop
  endfacet
  facet normal -0.996283 -0.0861421 0
    outer loop
      vertex 14.843 -0.271912 -1.4
      vertex 14.8342 -0.170135 -1.05
      vertex 14.8342 -0.170135 -1.4
    endloop
  endfacet
  facet normal -0.996283 -0.0861421 0
    outer loop
      vertex 14.8342 -0.170135 -1.05
      vertex 14.843 -0.271912 -1.4
      vertex 14.843 -0.271912 -1.05
    endloop
  endfacet
  facet normal -0.958327 -0.285674 0
    outer loop
      vertex 14.8342 -0.170135 -1.4
      vertex 14.8077 -0.0812378 -1.05
      vertex 14.8077 -0.0812378 -1.4
    endloop
  endfacet
  facet normal -0.958327 -0.285674 0
    outer loop
      vertex 14.8077 -0.0812378 -1.05
      vertex 14.8342 -0.170135 -1.4
      vertex 14.8342 -0.170135 -1.05
    endloop
  endfacet
  facet normal -0.864988 -0.501793 0
    outer loop
      vertex 14.8077 -0.0812378 -1.4
      vertex 14.7636 -0.00521851 -1.05
      vertex 14.7636 -0.00521851 -1.4
    endloop
  endfacet
  facet normal -0.864988 -0.501793 0
    outer loop
      vertex 14.7636 -0.00521851 -1.05
      vertex 14.8077 -0.0812378 -1.4
      vertex 14.8077 -0.0812378 -1.05
    endloop
  endfacet
  facet normal -0.715051 -0.699072 0
    outer loop
      vertex 14.7636 -0.00521851 -1.4
      vertex 14.7019 0.0578918 -1.05
      vertex 14.7019 0.0578918 -1.4
    endloop
  endfacet
  facet normal -0.715051 -0.699072 0
    outer loop
      vertex 14.7019 0.0578918 -1.05
      vertex 14.7636 -0.00521851 -1.4
      vertex 14.7636 -0.00521851 -1.05
    endloop
  endfacet
  facet normal -0.535494 -0.844539 0
    outer loop
      vertex 14.6234 0.107666 -1.4
      vertex 14.7019 0.0578918 -1.05
      vertex 14.6234 0.107666 -1.05
    endloop
  endfacet
  facet normal -0.535494 -0.844539 -0
    outer loop
      vertex 14.7019 0.0578918 -1.05
      vertex 14.6234 0.107666 -1.4
      vertex 14.7019 0.0578918 -1.4
    endloop
  endfacet
  facet normal -0.355954 -0.934504 0
    outer loop
      vertex 14.5291 0.143585 -1.4
      vertex 14.6234 0.107666 -1.05
      vertex 14.5291 0.143585 -1.05
    endloop
  endfacet
  facet normal -0.355954 -0.934504 -0
    outer loop
      vertex 14.6234 0.107666 -1.05
      vertex 14.5291 0.143585 -1.4
      vertex 14.6234 0.107666 -1.4
    endloop
  endfacet
  facet normal -0.196321 -0.98054 0
    outer loop
      vertex 14.4189 0.165649 -1.4
      vertex 14.5291 0.143585 -1.05
      vertex 14.4189 0.165649 -1.05
    endloop
  endfacet
  facet normal -0.196321 -0.98054 -0
    outer loop
      vertex 14.5291 0.143585 -1.05
      vertex 14.4189 0.165649 -1.4
      vertex 14.5291 0.143585 -1.4
    endloop
  endfacet
  facet normal -0.0650877 -0.99788 0
    outer loop
      vertex 14.2928 0.173874 -1.4
      vertex 14.4189 0.165649 -1.05
      vertex 14.2928 0.173874 -1.05
    endloop
  endfacet
  facet normal -0.0650877 -0.99788 -0
    outer loop
      vertex 14.4189 0.165649 -1.05
      vertex 14.2928 0.173874 -1.4
      vertex 14.4189 0.165649 -1.4
    endloop
  endfacet
  facet normal -0.0171261 -0.999853 0
    outer loop
      vertex 13.9926 0.179016 -1.4
      vertex 14.2928 0.173874 -1.05
      vertex 13.9926 0.179016 -1.05
    endloop
  endfacet
  facet normal -0.0171261 -0.999853 -0
    outer loop
      vertex 14.2928 0.173874 -1.05
      vertex 13.9926 0.179016 -1.4
      vertex 14.2928 0.173874 -1.4
    endloop
  endfacet
  facet normal -1 0 0
    outer loop
      vertex 13.9926 0.179016 -1.4
      vertex 13.9926 0.249893 -1.05
      vertex 13.9926 0.249893 -1.4
    endloop
  endfacet
  facet normal -1 -0 0
    outer loop
      vertex 13.9926 0.249893 -1.05
      vertex 13.9926 0.179016 -1.4
      vertex 13.9926 0.179016 -1.05
    endloop
  endfacet
  facet normal -0.998899 0.0469048 0
    outer loop
      vertex 13.9926 0.249893 -1.4
      vertex 13.9956 0.313782 -1.05
      vertex 13.9956 0.313782 -1.4
    endloop
  endfacet
  facet normal -0.998899 0.0469048 0
    outer loop
      vertex 13.9956 0.313782 -1.05
      vertex 13.9926 0.249893 -1.4
      vertex 13.9926 0.249893 -1.05
    endloop
  endfacet
  facet normal -0.987218 0.159373 0
    outer loop
      vertex 13.9956 0.313782 -1.4
      vertex 14.0045 0.368912 -1.05
      vertex 14.0045 0.368912 -1.4
    endloop
  endfacet
  facet normal -0.987218 0.159373 0
    outer loop
      vertex 14.0045 0.368912 -1.05
      vertex 13.9956 0.313782 -1.4
      vertex 13.9956 0.313782 -1.05
    endloop
  endfacet
  facet normal -0.952001 0.306096 0
    outer loop
      vertex 14.0045 0.368912 -1.4
      vertex 14.0194 0.415253 -1.05
      vertex 14.0194 0.415253 -1.4
    endloop
  endfacet
  facet normal -0.952001 0.306096 0
    outer loop
      vertex 14.0194 0.415253 -1.05
      vertex 14.0045 0.368912 -1.4
      vertex 14.0045 0.368912 -1.05
    endloop
  endfacet
  facet normal -0.873784 0.486315 0
    outer loop
      vertex 14.0194 0.415253 -1.4
      vertex 14.0403 0.452805 -1.05
      vertex 14.0403 0.452805 -1.4
    endloop
  endfacet
  facet normal -0.873784 0.486315 0
    outer loop
      vertex 14.0403 0.452805 -1.05
      vertex 14.0194 0.415253 -1.4
      vertex 14.0194 0.415253 -1.05
    endloop
  endfacet
  facet normal -0.724814 0.688944 0
    outer loop
      vertex 14.0403 0.452805 -1.4
      vertex 14.0679 0.481842 -1.05
      vertex 14.0679 0.481842 -1.4
    endloop
  endfacet
  facet normal -0.724814 0.688944 0
    outer loop
      vertex 14.0679 0.481842 -1.05
      vertex 14.0403 0.452805 -1.4
      vertex 14.0403 0.452805 -1.05
    endloop
  endfacet
  facet normal -0.507586 0.861601 0
    outer loop
      vertex 14.1031 0.502579 -1.4
      vertex 14.0679 0.481842 -1.05
      vertex 14.1031 0.502579 -1.05
    endloop
  endfacet
  facet normal -0.507586 0.861601 0
    outer loop
      vertex 14.0679 0.481842 -1.05
      vertex 14.1031 0.502579 -1.4
      vertex 14.0679 0.481842 -1.4
    endloop
  endfacet
  facet normal -0.279331 0.960195 0
    outer loop
      vertex 14.1459 0.51503 -1.4
      vertex 14.1031 0.502579 -1.05
      vertex 14.1459 0.51503 -1.05
    endloop
  endfacet
  facet normal -0.279331 0.960195 0
    outer loop
      vertex 14.1031 0.502579 -1.05
      vertex 14.1459 0.51503 -1.4
      vertex 14.1031 0.502579 -1.4
    endloop
  endfacet
  facet normal -0.0822256 0.996614 0
    outer loop
      vertex 14.1962 0.51918 -1.4
      vertex 14.1459 0.51503 -1.05
      vertex 14.1962 0.51918 -1.05
    endloop
  endfacet
  facet normal -0.0822256 0.996614 0
    outer loop
      vertex 14.1459 0.51503 -1.05
      vertex 14.1962 0.51918 -1.4
      vertex 14.1459 0.51503 -1.4
    endloop
  endfacet
  facet normal 0.0610374 0.998135 -0
    outer loop
      vertex 14.2431 0.516312 -1.4
      vertex 14.1962 0.51918 -1.05
      vertex 14.2431 0.516312 -1.05
    endloop
  endfacet
  facet normal 0.0610374 0.998135 0
    outer loop
      vertex 14.1962 0.51918 -1.05
      vertex 14.2431 0.516312 -1.4
      vertex 14.1962 0.51918 -1.4
    endloop
  endfacet
  facet normal 0.208638 0.977993 -0
    outer loop
      vertex 14.2833 0.507736 -1.4
      vertex 14.2431 0.516312 -1.05
      vertex 14.2833 0.507736 -1.05
    endloop
  endfacet
  facet normal 0.208638 0.977993 0
    outer loop
      vertex 14.2431 0.516312 -1.05
      vertex 14.2833 0.507736 -1.4
      vertex 14.2431 0.516312 -1.4
    endloop
  endfacet
  facet normal 0.391535 0.920163 -0
    outer loop
      vertex 14.3169 0.493439 -1.4
      vertex 14.2833 0.507736 -1.05
      vertex 14.3169 0.493439 -1.05
    endloop
  endfacet
  facet normal 0.391535 0.920163 0
    outer loop
      vertex 14.2833 0.507736 -1.05
      vertex 14.3169 0.493439 -1.4
      vertex 14.2833 0.507736 -1.4
    endloop
  endfacet
  facet normal 0.598468 0.801146 -0
    outer loop
      vertex 14.3437 0.473419 -1.4
      vertex 14.3169 0.493439 -1.05
      vertex 14.3437 0.473419 -1.05
    endloop
  endfacet
  facet normal 0.598468 0.801146 0
    outer loop
      vertex 14.3169 0.493439 -1.05
      vertex 14.3437 0.473419 -1.4
      vertex 14.3169 0.493439 -1.4
    endloop
  endfacet
  facet normal 0.780708 0.624895 0
    outer loop
      vertex 14.365 0.446808 -1.05
      vertex 14.3437 0.473419 -1.4
      vertex 14.3437 0.473419 -1.05
    endloop
  endfacet
  facet normal 0.780708 0.624895 0
    outer loop
      vertex 14.3437 0.473419 -1.4
      vertex 14.365 0.446808 -1.05
      vertex 14.365 0.446808 -1.4
    endloop
  endfacet
  facet normal 0.896019 0.444016 0
    outer loop
      vertex 14.3819 0.412704 -1.05
      vertex 14.365 0.446808 -1.4
      vertex 14.365 0.446808 -1.05
    endloop
  endfacet
  facet normal 0.896019 0.444016 0
    outer loop
      vertex 14.365 0.446808 -1.4
      vertex 14.3819 0.412704 -1.05
      vertex 14.3819 0.412704 -1.4
    endloop
  endfacet
  facet normal 0.958294 0.285783 0
    outer loop
      vertex 14.3943 0.371124 -1.05
      vertex 14.3819 0.412704 -1.4
      vertex 14.3819 0.412704 -1.05
    endloop
  endfacet
  facet normal 0.958294 0.285783 0
    outer loop
      vertex 14.3819 0.412704 -1.4
      vertex 14.3943 0.371124 -1.05
      vertex 14.3943 0.371124 -1.4
    endloop
  endfacet
  facet normal 0.986978 0.160854 0
    outer loop
      vertex 14.4023 0.322037 -1.05
      vertex 14.3943 0.371124 -1.4
      vertex 14.3943 0.371124 -1.05
    endloop
  endfacet
  facet normal 0.986978 0.160854 0
    outer loop
      vertex 14.3943 0.371124 -1.4
      vertex 14.4023 0.322037 -1.05
      vertex 14.4023 0.322037 -1.4
    endloop
  endfacet
  facet normal -0.0477626 0.998859 0
    outer loop
      vertex 14.7798 0.340088 -1.4
      vertex 14.4023 0.322037 -1.05
      vertex 14.7798 0.340088 -1.05
    endloop
  endfacet
  facet normal -0.0477626 0.998859 0
    outer loop
      vertex 14.4023 0.322037 -1.05
      vertex 14.7798 0.340088 -1.4
      vertex 14.4023 0.322037 -1.4
    endloop
  endfacet
  facet normal -0.968458 -0.249177 0
    outer loop
      vertex 14.7798 0.340088 -1.4
      vertex 14.7552 0.435699 -1.05
      vertex 14.7552 0.435699 -1.4
    endloop
  endfacet
  facet normal -0.968458 -0.249177 0
    outer loop
      vertex 14.7552 0.435699 -1.05
      vertex 14.7798 0.340088 -1.4
      vertex 14.7798 0.340088 -1.05
    endloop
  endfacet
  facet normal -0.904426 -0.426631 0
    outer loop
      vertex 14.7552 0.435699 -1.4
      vertex 14.7159 0.519012 -1.05
      vertex 14.7159 0.519012 -1.4
    endloop
  endfacet
  facet normal -0.904426 -0.426631 0
    outer loop
      vertex 14.7159 0.519012 -1.05
      vertex 14.7552 0.435699 -1.4
      vertex 14.7552 0.435699 -1.05
    endloop
  endfacet
  facet normal -0.7969 -0.604112 0
    outer loop
      vertex 14.7159 0.519012 -1.4
      vertex 14.6621 0.589981 -1.05
      vertex 14.6621 0.589981 -1.4
    endloop
  endfacet
  facet normal -0.7969 -0.604112 0
    outer loop
      vertex 14.6621 0.589981 -1.05
      vertex 14.7159 0.519012 -1.4
      vertex 14.7159 0.519012 -1.05
    endloop
  endfacet
  facet normal -0.65096 -0.759112 0
    outer loop
      vertex 14.5937 0.648636 -1.4
      vertex 14.6621 0.589981 -1.05
      vertex 14.5937 0.648636 -1.05
    endloop
  endfacet
  facet normal -0.65096 -0.759112 -0
    outer loop
      vertex 14.6621 0.589981 -1.05
      vertex 14.5937 0.648636 -1.4
      vertex 14.6621 0.589981 -1.4
    endloop
  endfacet
  facet normal -0.486088 -0.87391 0
    outer loop
      vertex 14.5111 0.69458 -1.4
      vertex 14.5937 0.648636 -1.05
      vertex 14.5111 0.69458 -1.05
    endloop
  endfacet
  facet normal -0.486088 -0.87391 -0
    outer loop
      vertex 14.5937 0.648636 -1.05
      vertex 14.5111 0.69458 -1.4
      vertex 14.5937 0.648636 -1.4
    endloop
  endfacet
  facet normal -0.322607 -0.946533 0
    outer loop
      vertex 14.4148 0.727402 -1.4
      vertex 14.5111 0.69458 -1.05
      vertex 14.4148 0.727402 -1.05
    endloop
  endfacet
  facet normal -0.322607 -0.946533 -0
    outer loop
      vertex 14.5111 0.69458 -1.05
      vertex 14.4148 0.727402 -1.4
      vertex 14.5111 0.69458 -1.4
    endloop
  endfacet
  facet normal -0.175838 -0.984419 0
    outer loop
      vertex 14.3046 0.747086 -1.4
      vertex 14.4148 0.727402 -1.05
      vertex 14.3046 0.747086 -1.05
    endloop
  endfacet
  facet normal -0.175838 -0.984419 -0
    outer loop
      vertex 14.4148 0.727402 -1.05
      vertex 14.3046 0.747086 -1.4
      vertex 14.4148 0.727402 -1.4
    endloop
  endfacet
  facet normal -0.0530005 -0.998594 0
    outer loop
      vertex 14.1807 0.753662 -1.4
      vertex 14.3046 0.747086 -1.05
      vertex 14.1807 0.753662 -1.05
    endloop
  endfacet
  facet normal -0.0530005 -0.998594 -0
    outer loop
      vertex 14.3046 0.747086 -1.05
      vertex 14.1807 0.753662 -1.4
      vertex 14.3046 0.747086 -1.4
    endloop
  endfacet
  facet normal 0.0651864 -0.997873 0
    outer loop
      vertex 14.0562 0.745529 -1.4
      vertex 14.1807 0.753662 -1.05
      vertex 14.0562 0.745529 -1.05
    endloop
  endfacet
  facet normal 0.0651864 -0.997873 0
    outer loop
      vertex 14.1807 0.753662 -1.05
      vertex 14.0562 0.745529 -1.4
      vertex 14.1807 0.753662 -1.4
    endloop
  endfacet
  facet normal 0.217867 -0.975978 0
    outer loop
      vertex 13.9469 0.72113 -1.4
      vertex 14.0562 0.745529 -1.05
      vertex 13.9469 0.72113 -1.05
    endloop
  endfacet
  facet normal 0.217867 -0.975978 0
    outer loop
      vertex 14.0562 0.745529 -1.05
      vertex 13.9469 0.72113 -1.4
      vertex 14.0562 0.745529 -1.4
    endloop
  endfacet
  facet normal 0.396458 -0.918053 0
    outer loop
      vertex 13.8527 0.68045 -1.4
      vertex 13.9469 0.72113 -1.05
      vertex 13.8527 0.68045 -1.05
    endloop
  endfacet
  facet normal 0.396458 -0.918053 0
    outer loop
      vertex 13.9469 0.72113 -1.05
      vertex 13.8527 0.68045 -1.4
      vertex 13.9469 0.72113 -1.4
    endloop
  endfacet
  facet normal 0.584156 -0.811641 0
    outer loop
      vertex 13.7736 0.62352 -1.4
      vertex 13.8527 0.68045 -1.05
      vertex 13.7736 0.62352 -1.05
    endloop
  endfacet
  facet normal 0.584156 -0.811641 0
    outer loop
      vertex 13.8527 0.68045 -1.05
      vertex 13.7736 0.62352 -1.4
      vertex 13.8527 0.68045 -1.4
    endloop
  endfacet
  facet normal 0.754199 -0.656646 0
    outer loop
      vertex 13.711 0.55162 -1.05
      vertex 13.7736 0.62352 -1.4
      vertex 13.7736 0.62352 -1.05
    endloop
  endfacet
  facet normal 0.754199 -0.656646 0
    outer loop
      vertex 13.7736 0.62352 -1.4
      vertex 13.711 0.55162 -1.05
      vertex 13.711 0.55162 -1.4
    endloop
  endfacet
  facet normal 0.886421 -0.46288 0
    outer loop
      vertex 13.6663 0.466019 -1.05
      vertex 13.711 0.55162 -1.4
      vertex 13.711 0.55162 -1.05
    endloop
  endfacet
  facet normal 0.886421 -0.46288 0
    outer loop
      vertex 13.711 0.55162 -1.4
      vertex 13.6663 0.466019 -1.05
      vertex 13.6663 0.466019 -1.4
    endloop
  endfacet
  facet normal 0.965449 -0.260593 0
    outer loop
      vertex 13.6395 0.36673 -1.05
      vertex 13.6663 0.466019 -1.4
      vertex 13.6663 0.466019 -1.05
    endloop
  endfacet
  facet normal 0.965449 -0.260593 0
    outer loop
      vertex 13.6663 0.466019 -1.4
      vertex 13.6395 0.36673 -1.05
      vertex 13.6395 0.36673 -1.4
    endloop
  endfacet
  facet normal 0.996911 -0.0785345 0
    outer loop
      vertex 13.6306 0.253754 -1.05
      vertex 13.6395 0.36673 -1.4
      vertex 13.6395 0.36673 -1.05
    endloop
  endfacet
  facet normal 0.996911 -0.0785345 0
    outer loop
      vertex 13.6395 0.36673 -1.4
      vertex 13.6306 0.253754 -1.05
      vertex 13.6306 0.253754 -1.4
    endloop
  endfacet
  facet normal 1 -0 0
    outer loop
      vertex 13.6306 -0.253876 -1.05
      vertex 13.6306 0.253754 -1.4
      vertex 13.6306 0.253754 -1.05
    endloop
  endfacet
  facet normal 1 0 0
    outer loop
      vertex 13.6306 0.253754 -1.4
      vertex 13.6306 -0.253876 -1.05
      vertex 13.6306 -0.253876 -1.4
    endloop
  endfacet
  facet normal 0.999506 -0.0314211 0
    outer loop
      vertex 13.6289 -0.307953 -1.05
      vertex 13.6306 -0.253876 -1.4
      vertex 13.6306 -0.253876 -1.05
    endloop
  endfacet
  facet normal 0.999506 -0.0314211 0
    outer loop
      vertex 13.6306 -0.253876 -1.4
      vertex 13.6289 -0.307953 -1.05
      vertex 13.6289 -0.307953 -1.4
    endloop
  endfacet
  facet normal 0.994119 -0.108289 0
    outer loop
      vertex 13.624 -0.352936 -1.05
      vertex 13.6289 -0.307953 -1.4
      vertex 13.6289 -0.307953 -1.05
    endloop
  endfacet
  facet normal 0.994119 -0.108289 0
    outer loop
      vertex 13.6289 -0.307953 -1.4
      vertex 13.624 -0.352936 -1.05
      vertex 13.624 -0.352936 -1.4
    endloop
  endfacet
  facet normal 0.974262 -0.225417 0
    outer loop
      vertex 13.6157 -0.388809 -1.05
      vertex 13.624 -0.352936 -1.4
      vertex 13.624 -0.352936 -1.05
    endloop
  endfacet
  facet normal 0.974262 -0.225417 0
    outer loop
      vertex 13.624 -0.352936 -1.4
      vertex 13.6157 -0.388809 -1.05
      vertex 13.6157 -0.388809 -1.4
    endloop
  endfacet
  facet normal 0.918855 -0.394594 0
    outer loop
      vertex 13.6042 -0.415588 -1.05
      vertex 13.6157 -0.388809 -1.4
      vertex 13.6157 -0.388809 -1.05
    endloop
  endfacet
  facet normal 0.918855 -0.394594 0
    outer loop
      vertex 13.6157 -0.388809 -1.4
      vertex 13.6042 -0.415588 -1.05
      vertex 13.6042 -0.415588 -1.4
    endloop
  endfacet
  facet normal 0.781888 -0.623419 0
    outer loop
      vertex 13.5887 -0.435028 -1.05
      vertex 13.6042 -0.415588 -1.4
      vertex 13.6042 -0.415588 -1.05
    endloop
  endfacet
  facet normal 0.781888 -0.623419 0
    outer loop
      vertex 13.6042 -0.415588 -1.4
      vertex 13.5887 -0.435028 -1.05
      vertex 13.5887 -0.435028 -1.4
    endloop
  endfacet
  facet normal 0.574184 -0.818727 0
    outer loop
      vertex 13.5689 -0.448914 -1.4
      vertex 13.5887 -0.435028 -1.05
      vertex 13.5689 -0.448914 -1.05
    endloop
  endfacet
  facet normal 0.574184 -0.818727 0
    outer loop
      vertex 13.5887 -0.435028 -1.05
      vertex 13.5689 -0.448914 -1.4
      vertex 13.5887 -0.435028 -1.4
    endloop
  endfacet
  facet normal 0.324309 -0.945951 0
    outer loop
      vertex 13.5446 -0.457245 -1.4
      vertex 13.5689 -0.448914 -1.05
      vertex 13.5446 -0.457245 -1.05
    endloop
  endfacet
  facet normal 0.324309 -0.945951 0
    outer loop
      vertex 13.5689 -0.448914 -1.05
      vertex 13.5446 -0.457245 -1.4
      vertex 13.5689 -0.448914 -1.4
    endloop
  endfacet
  facet normal 0.0968251 -0.995301 0
    outer loop
      vertex 13.5159 -0.460037 -1.4
      vertex 13.5446 -0.457245 -1.05
      vertex 13.5159 -0.460037 -1.05
    endloop
  endfacet
  facet normal 0.0968251 -0.995301 0
    outer loop
      vertex 13.5446 -0.457245 -1.05
      vertex 13.5159 -0.460037 -1.4
      vertex 13.5446 -0.457245 -1.4
    endloop
  endfacet
  facet normal -0.0237981 -0.999717 0
    outer loop
      vertex 13.4954 -0.459549 -1.4
      vertex 13.5159 -0.460037 -1.05
      vertex 13.4954 -0.459549 -1.05
    endloop
  endfacet
  facet normal -0.0237981 -0.999717 -0
    outer loop
      vertex 13.5159 -0.460037 -1.05
      vertex 13.4954 -0.459549 -1.4
      vertex 13.5159 -0.460037 -1.4
    endloop
  endfacet
  facet normal -0.0719523 -0.997408 0
    outer loop
      vertex 13.4753 -0.458099 -1.4
      vertex 13.4954 -0.459549 -1.05
      vertex 13.4753 -0.458099 -1.05
    endloop
  endfacet
  facet normal -0.0719523 -0.997408 -0
    outer loop
      vertex 13.4954 -0.459549 -1.05
      vertex 13.4753 -0.458099 -1.4
      vertex 13.4954 -0.459549 -1.4
    endloop
  endfacet
  facet normal -0.121616 -0.992577 0
    outer loop
      vertex 13.4555 -0.455673 -1.4
      vertex 13.4753 -0.458099 -1.05
      vertex 13.4555 -0.455673 -1.05
    endloop
  endfacet
  facet normal -0.121616 -0.992577 -0
    outer loop
      vertex 13.4753 -0.458099 -1.05
      vertex 13.4555 -0.455673 -1.4
      vertex 13.4753 -0.458099 -1.4
    endloop
  endfacet
  facet normal -0.170394 -0.985376 0
    outer loop
      vertex 13.436 -0.452301 -1.4
      vertex 13.4555 -0.455673 -1.05
      vertex 13.436 -0.452301 -1.05
    endloop
  endfacet
  facet normal -0.170394 -0.985376 -0
    outer loop
      vertex 13.4555 -0.455673 -1.05
      vertex 13.436 -0.452301 -1.4
      vertex 13.4555 -0.455673 -1.4
    endloop
  endfacet
  facet normal 1 -0 0
    outer loop
      vertex 13.436 -0.648148 -1.05
      vertex 13.436 -0.452301 -1.4
      vertex 13.436 -0.452301 -1.05
    endloop
  endfacet
  facet normal 1 0 0
    outer loop
      vertex 13.436 -0.452301 -1.4
      vertex 13.436 -0.648148 -1.05
      vertex 13.436 -0.648148 -1.4
    endloop
  endfacet
  facet normal 0.235055 0.971982 -0
    outer loop
      vertex 13.4666 -0.655548 -1.4
      vertex 13.436 -0.648148 -1.05
      vertex 13.4666 -0.655548 -1.05
    endloop
  endfacet
  facet normal 0.235055 0.971982 0
    outer loop
      vertex 13.436 -0.648148 -1.05
      vertex 13.4666 -0.655548 -1.4
      vertex 13.436 -0.648148 -1.4
    endloop
  endfacet
  facet normal 0.240034 0.970765 -0
    outer loop
      vertex 13.494 -0.662323 -1.4
      vertex 13.4666 -0.655548 -1.05
      vertex 13.494 -0.662323 -1.05
    endloop
  endfacet
  facet normal 0.240034 0.970765 0
    outer loop
      vertex 13.4666 -0.655548 -1.05
      vertex 13.494 -0.662323 -1.4
      vertex 13.4666 -0.655548 -1.4
    endloop
  endfacet
  facet normal 0.230233 0.973135 -0
    outer loop
      vertex 13.5069 -0.665375 -1.4
      vertex 13.494 -0.662323 -1.05
      vertex 13.5069 -0.665375 -1.05
    endloop
  endfacet
  facet normal 0.230233 0.973135 0
    outer loop
      vertex 13.494 -0.662323 -1.05
      vertex 13.5069 -0.665375 -1.4
      vertex 13.494 -0.662323 -1.4
    endloop
  endfacet
  facet normal 0.208203 0.978086 -0
    outer loop
      vertex 13.5198 -0.668121 -1.4
      vertex 13.5069 -0.665375 -1.05
      vertex 13.5198 -0.668121 -1.05
    endloop
  endfacet
  facet normal 0.208203 0.978086 0
    outer loop
      vertex 13.5069 -0.665375 -1.05
      vertex 13.5198 -0.668121 -1.4
      vertex 13.5069 -0.665375 -1.4
    endloop
  endfacet
  facet normal 0.185104 0.982719 -0
    outer loop
      vertex 13.5326 -0.670532 -1.4
      vertex 13.5198 -0.668121 -1.05
      vertex 13.5326 -0.670532 -1.05
    endloop
  endfacet
  facet normal 0.185104 0.982719 0
    outer loop
      vertex 13.5198 -0.668121 -1.05
      vertex 13.5326 -0.670532 -1.4
      vertex 13.5198 -0.668121 -1.4
    endloop
  endfacet
  facet normal 0.160005 0.987116 -0
    outer loop
      vertex 13.5455 -0.672623 -1.4
      vertex 13.5326 -0.670532 -1.05
      vertex 13.5455 -0.672623 -1.05
    endloop
  endfacet
  facet normal 0.160005 0.987116 0
    outer loop
      vertex 13.5326 -0.670532 -1.05
      vertex 13.5455 -0.672623 -1.4
      vertex 13.5326 -0.670532 -1.4
    endloop
  endfacet
  facet normal 0.140649 0.99006 -0
    outer loop
      vertex 13.5586 -0.674484 -1.4
      vertex 13.5455 -0.672623 -1.05
      vertex 13.5586 -0.674484 -1.05
    endloop
  endfacet
  facet normal 0.140649 0.99006 0
    outer loop
      vertex 13.5455 -0.672623 -1.05
      vertex 13.5586 -0.674484 -1.4
      vertex 13.5455 -0.672623 -1.4
    endloop
  endfacet
  facet normal 0.12342 0.992355 -0
    outer loop
      vertex 13.5721 -0.676163 -1.4
      vertex 13.5586 -0.674484 -1.05
      vertex 13.5721 -0.676163 -1.05
    endloop
  endfacet
  facet normal 0.12342 0.992355 0
    outer loop
      vertex 13.5586 -0.674484 -1.05
      vertex 13.5721 -0.676163 -1.4
      vertex 13.5586 -0.674484 -1.4
    endloop
  endfacet
  facet normal 0.110188 0.993911 -0
    outer loop
      vertex 13.586 -0.677704 -1.4
      vertex 13.5721 -0.676163 -1.05
      vertex 13.586 -0.677704 -1.05
    endloop
  endfacet
  facet normal 0.110188 0.993911 0
    outer loop
      vertex 13.5721 -0.676163 -1.05
      vertex 13.586 -0.677704 -1.4
      vertex 13.5721 -0.676163 -1.4
    endloop
  endfacet
  facet normal 0.0945397 0.995521 -0
    outer loop
      vertex 13.6003 -0.679062 -1.4
      vertex 13.586 -0.677704 -1.05
      vertex 13.6003 -0.679062 -1.05
    endloop
  endfacet
  facet normal 0.0945397 0.995521 0
    outer loop
      vertex 13.586 -0.677704 -1.05
      vertex 13.6003 -0.679062 -1.4
      vertex 13.586 -0.677704 -1.4
    endloop
  endfacet
  facet normal 0.0745601 0.997217 -0
    outer loop
      vertex 13.6154 -0.680191 -1.4
      vertex 13.6003 -0.679062 -1.05
      vertex 13.6154 -0.680191 -1.05
    endloop
  endfacet
  facet normal 0.0745601 0.997217 0
    outer loop
      vertex 13.6003 -0.679062 -1.05
      vertex 13.6154 -0.680191 -1.4
      vertex 13.6003 -0.679062 -1.4
    endloop
  endfacet
  facet normal 0.0495709 0.998771 -0
    outer loop
      vertex 13.6317 -0.681 -1.4
      vertex 13.6154 -0.680191 -1.05
      vertex 13.6317 -0.681 -1.05
    endloop
  endfacet
  facet normal 0.0495709 0.998771 0
    outer loop
      vertex 13.6154 -0.680191 -1.05
      vertex 13.6317 -0.681 -1.4
      vertex 13.6154 -0.680191 -1.4
    endloop
  endfacet
  facet normal 0.0278749 0.999611 -0
    outer loop
      vertex 13.6492 -0.681488 -1.4
      vertex 13.6317 -0.681 -1.05
      vertex 13.6492 -0.681488 -1.05
    endloop
  endfacet
  facet normal 0.0278749 0.999611 0
    outer loop
      vertex 13.6317 -0.681 -1.05
      vertex 13.6492 -0.681488 -1.4
      vertex 13.6317 -0.681 -1.4
    endloop
  endfacet
  facet normal 0.00818154 0.999967 -0
    outer loop
      vertex 13.6679 -0.681641 -1.4
      vertex 13.6492 -0.681488 -1.05
      vertex 13.6679 -0.681641 -1.05
    endloop
  endfacet
  facet normal 0.00818154 0.999967 0
    outer loop
      vertex 13.6492 -0.681488 -1.05
      vertex 13.6679 -0.681641 -1.4
      vertex 13.6492 -0.681488 -1.4
    endloop
  endfacet
  facet normal -0.0653926 0.99786 0
    outer loop
      vertex 13.7317 -0.67746 -1.4
      vertex 13.6679 -0.681641 -1.05
      vertex 13.7317 -0.67746 -1.05
    endloop
  endfacet
  facet normal -0.0653926 0.99786 0
    outer loop
      vertex 13.6679 -0.681641 -1.05
      vertex 13.7317 -0.67746 -1.4
      vertex 13.6679 -0.681641 -1.4
    endloop
  endfacet
  facet normal -0.222984 0.974822 0
    outer loop
      vertex 13.7866 -0.664902 -1.4
      vertex 13.7317 -0.67746 -1.05
      vertex 13.7866 -0.664902 -1.05
    endloop
  endfacet
  facet normal -0.222984 0.974822 0
    outer loop
      vertex 13.7317 -0.67746 -1.05
      vertex 13.7866 -0.664902 -1.4
      vertex 13.7317 -0.67746 -1.4
    endloop
  endfacet
  facet normal -0.414228 0.910173 0
    outer loop
      vertex 13.8326 -0.643967 -1.4
      vertex 13.7866 -0.664902 -1.05
      vertex 13.8326 -0.643967 -1.05
    endloop
  endfacet
  facet normal -0.414228 0.910173 0
    outer loop
      vertex 13.7866 -0.664902 -1.05
      vertex 13.8326 -0.643967 -1.4
      vertex 13.7866 -0.664902 -1.4
    endloop
  endfacet
  facet normal -0.620968 0.783836 0
    outer loop
      vertex 13.8696 -0.614655 -1.4
      vertex 13.8326 -0.643967 -1.05
      vertex 13.8696 -0.614655 -1.05
    endloop
  endfacet
  facet normal -0.620968 0.783836 0
    outer loop
      vertex 13.8326 -0.643967 -1.05
      vertex 13.8696 -0.614655 -1.4
      vertex 13.8326 -0.643967 -1.4
    endloop
  endfacet
  facet normal -0.788702 0.614775 0
    outer loop
      vertex 13.8696 -0.614655 -1.4
      vertex 13.8988 -0.577194 -1.05
      vertex 13.8988 -0.577194 -1.4
    endloop
  endfacet
  facet normal -0.788702 0.614775 0
    outer loop
      vertex 13.8988 -0.577194 -1.05
      vertex 13.8696 -0.614655 -1.4
      vertex 13.8696 -0.614655 -1.05
    endloop
  endfacet
  facet normal -0.893376 0.449309 0
    outer loop
      vertex 13.8988 -0.577194 -1.4
      vertex 13.9216 -0.53186 -1.05
      vertex 13.9216 -0.53186 -1.4
    endloop
  endfacet
  facet normal -0.893376 0.449309 0
    outer loop
      vertex 13.9216 -0.53186 -1.05
      vertex 13.8988 -0.577194 -1.4
      vertex 13.8988 -0.577194 -1.05
    endloop
  endfacet
  facet normal -0.956688 0.291114 0
    outer loop
      vertex 13.9216 -0.53186 -1.4
      vertex 13.9378 -0.478622 -1.05
      vertex 13.9378 -0.478622 -1.4
    endloop
  endfacet
  facet normal -0.956688 0.291114 0
    outer loop
      vertex 13.9378 -0.478622 -1.05
      vertex 13.9216 -0.53186 -1.4
      vertex 13.9216 -0.53186 -1.05
    endloop
  endfacet
  facet normal -0.987636 0.156765 0
    outer loop
      vertex 13.9378 -0.478622 -1.4
      vertex 13.9475 -0.417511 -1.05
      vertex 13.9475 -0.417511 -1.4
    endloop
  endfacet
  facet normal -0.987636 0.156765 0
    outer loop
      vertex 13.9475 -0.417511 -1.05
      vertex 13.9378 -0.478622 -1.4
      vertex 13.9378 -0.478622 -1.05
    endloop
  endfacet
  facet normal 0 1 -0
    outer loop
      vertex 13.9552 -0.417511 -1.4
      vertex 13.9475 -0.417511 -1.05
      vertex 13.9552 -0.417511 -1.05
    endloop
  endfacet
  facet normal 0 1 0
    outer loop
      vertex 13.9475 -0.417511 -1.05
      vertex 13.9552 -0.417511 -1.4
      vertex 13.9475 -0.417511 -1.4
    endloop
  endfacet
  facet normal 0.813908 0.580994 0
    outer loop
      vertex 14.0409 -0.537567 -1.05
      vertex 13.9552 -0.417511 -1.4
      vertex 13.9552 -0.417511 -1.05
    endloop
  endfacet
  facet normal 0.813908 0.580994 0
    outer loop
      vertex 13.9552 -0.417511 -1.4
      vertex 14.0409 -0.537567 -1.05
      vertex 14.0409 -0.537567 -1.4
    endloop
  endfacet
  facet normal 0.632623 0.77446 -0
    outer loop
      vertex 14.1459 -0.623337 -1.4
      vertex 14.0409 -0.537567 -1.05
      vertex 14.1459 -0.623337 -1.05
    endloop
  endfacet
  facet normal 0.632623 0.77446 0
    outer loop
      vertex 14.0409 -0.537567 -1.05
      vertex 14.1459 -0.623337 -1.4
      vertex 14.0409 -0.537567 -1.4
    endloop
  endfacet
  facet normal 0.3822 0.924079 -0
    outer loop
      vertex 14.2703 -0.674789 -1.4
      vertex 14.1459 -0.623337 -1.05
      vertex 14.2703 -0.674789 -1.05
    endloop
  endfacet
  facet normal 0.3822 0.924079 0
    outer loop
      vertex 14.1459 -0.623337 -1.05
      vertex 14.2703 -0.674789 -1.4
      vertex 14.1459 -0.623337 -1.4
    endloop
  endfacet
  facet normal 0.118593 0.992943 -0
    outer loop
      vertex 14.4139 -0.69194 -1.4
      vertex 14.2703 -0.674789 -1.05
      vertex 14.4139 -0.69194 -1.05
    endloop
  endfacet
  facet normal 0.118593 0.992943 0
    outer loop
      vertex 14.2703 -0.674789 -1.05
      vertex 14.4139 -0.69194 -1.4
      vertex 14.2703 -0.674789 -1.4
    endloop
  endfacet
  facet normal -0.0717913 0.99742 0
    outer loop
      vertex 14.5095 -0.685059 -1.4
      vertex 14.4139 -0.69194 -1.05
      vertex 14.5095 -0.685059 -1.05
    endloop
  endfacet
  facet normal -0.0717913 0.99742 0
    outer loop
      vertex 14.4139 -0.69194 -1.05
      vertex 14.5095 -0.685059 -1.4
      vertex 14.4139 -0.69194 -1.4
    endloop
  endfacet
  facet normal -0.21348 -0.976947 0
    outer loop
      vertex 14.2166 -0.427826 -1.4
      vertex 14.2564 -0.436523 -1.05
      vertex 14.2166 -0.427826 -1.05
    endloop
  endfacet
  facet normal -0.21348 -0.976947 -0
    outer loop
      vertex 14.2564 -0.436523 -1.05
      vertex 14.2166 -0.427826 -1.4
      vertex 14.2564 -0.436523 -1.4
    endloop
  endfacet
  facet normal -0.358065 -0.933697 0
    outer loop
      vertex 14.1788 -0.41333 -1.4
      vertex 14.2166 -0.427826 -1.05
      vertex 14.1788 -0.41333 -1.05
    endloop
  endfacet
  facet normal -0.358065 -0.933697 -0
    outer loop
      vertex 14.2166 -0.427826 -1.05
      vertex 14.1788 -0.41333 -1.4
      vertex 14.2166 -0.427826 -1.4
    endloop
  endfacet
  facet normal -0.490037 -0.871702 0
    outer loop
      vertex 14.1427 -0.393036 -1.4
      vertex 14.1788 -0.41333 -1.05
      vertex 14.1427 -0.393036 -1.05
    endloop
  endfacet
  facet normal -0.490037 -0.871702 -0
    outer loop
      vertex 14.1788 -0.41333 -1.05
      vertex 14.1427 -0.393036 -1.4
      vertex 14.1788 -0.41333 -1.4
    endloop
  endfacet
  facet normal -0.607718 -0.794153 0
    outer loop
      vertex 14.1095 -0.36763 -1.4
      vertex 14.1427 -0.393036 -1.05
      vertex 14.1095 -0.36763 -1.05
    endloop
  endfacet
  facet normal -0.607718 -0.794153 -0
    outer loop
      vertex 14.1427 -0.393036 -1.05
      vertex 14.1095 -0.36763 -1.4
      vertex 14.1427 -0.393036 -1.4
    endloop
  endfacet
  facet normal -0.71241 -0.701764 0
    outer loop
      vertex 14.1095 -0.36763 -1.4
      vertex 14.0801 -0.337784 -1.05
      vertex 14.0801 -0.337784 -1.4
    endloop
  endfacet
  facet normal -0.71241 -0.701764 0
    outer loop
      vertex 14.0801 -0.337784 -1.05
      vertex 14.1095 -0.36763 -1.4
      vertex 14.1095 -0.36763 -1.05
    endloop
  endfacet
  facet normal -0.800036 -0.599951 0
    outer loop
      vertex 14.0801 -0.337784 -1.4
      vertex 14.0544 -0.303513 -1.05
      vertex 14.0544 -0.303513 -1.4
    endloop
  endfacet
  facet normal -0.800036 -0.599951 0
    outer loop
      vertex 14.0544 -0.303513 -1.05
      vertex 14.0801 -0.337784 -1.4
      vertex 14.0801 -0.337784 -1.05
    endloop
  endfacet
  facet normal -0.870295 -0.492531 0
    outer loop
      vertex 14.0544 -0.303513 -1.4
      vertex 14.0325 -0.264816 -1.05
      vertex 14.0325 -0.264816 -1.4
    endloop
  endfacet
  facet normal -0.870295 -0.492531 0
    outer loop
      vertex 14.0325 -0.264816 -1.05
      vertex 14.0544 -0.303513 -1.4
      vertex 14.0544 -0.303513 -1.05
    endloop
  endfacet
  facet normal -0.922233 -0.386634 0
    outer loop
      vertex 14.0325 -0.264816 -1.4
      vertex 14.0151 -0.223312 -1.05
      vertex 14.0151 -0.223312 -1.4
    endloop
  endfacet
  facet normal -0.922233 -0.386634 0
    outer loop
      vertex 14.0151 -0.223312 -1.05
      vertex 14.0325 -0.264816 -1.4
      vertex 14.0325 -0.264816 -1.05
    endloop
  endfacet
  facet normal -0.959739 -0.280895 0
    outer loop
      vertex 14.0151 -0.223312 -1.4
      vertex 14.0026 -0.180603 -1.05
      vertex 14.0026 -0.180603 -1.4
    endloop
  endfacet
  facet normal -0.959739 -0.280895 0
    outer loop
      vertex 14.0026 -0.180603 -1.05
      vertex 14.0151 -0.223312 -1.4
      vertex 14.0151 -0.223312 -1.05
    endloop
  endfacet
  facet normal -0.985737 -0.168291 0
    outer loop
      vertex 14.0026 -0.180603 -1.4
      vertex 13.9951 -0.136673 -1.05
      vertex 13.9951 -0.136673 -1.4
    endloop
  endfacet
  facet normal -0.985737 -0.168291 0
    outer loop
      vertex 13.9951 -0.136673 -1.05
      vertex 14.0026 -0.180603 -1.4
      vertex 14.0026 -0.180603 -1.05
    endloop
  endfacet
  facet normal -0.99847 -0.055304 0
    outer loop
      vertex 13.9951 -0.136673 -1.4
      vertex 13.9926 -0.0915375 -1.05
      vertex 13.9926 -0.0915375 -1.4
    endloop
  endfacet
  facet normal -0.99847 -0.055304 0
    outer loop
      vertex 13.9926 -0.0915375 -1.05
      vertex 13.9951 -0.136673 -1.4
      vertex 13.9951 -0.136673 -1.05
    endloop
  endfacet
  facet normal -1 0 0
    outer loop
      vertex 13.9926 -0.0915375 -1.4
      vertex 13.9926 -0.0206757 -1.05
      vertex 13.9926 -0.0206757 -1.4
    endloop
  endfacet
  facet normal -1 -0 0
    outer loop
      vertex 13.9926 -0.0206757 -1.05
      vertex 13.9926 -0.0915375 -1.4
      vertex 13.9926 -0.0915375 -1.05
    endloop
  endfacet
  facet normal 0.0139 0.999903 -0
    outer loop
      vertex 14.1781 -0.0232544 -1.4
      vertex 13.9926 -0.0206757 -1.05
      vertex 14.1781 -0.0232544 -1.05
    endloop
  endfacet
  facet normal 0.0139 0.999903 0
    outer loop
      vertex 13.9926 -0.0206757 -1.05
      vertex 14.1781 -0.0232544 -1.4
      vertex 13.9926 -0.0206757 -1.4
    endloop
  endfacet
  facet normal 0.0623715 0.998053 -0
    outer loop
      vertex 14.2367 -0.0269165 -1.4
      vertex 14.1781 -0.0232544 -1.05
      vertex 14.2367 -0.0269165 -1.05
    endloop
  endfacet
  facet normal 0.0623715 0.998053 0
    outer loop
      vertex 14.1781 -0.0232544 -1.05
      vertex 14.2367 -0.0269165 -1.4
      vertex 14.1781 -0.0232544 -1.4
    endloop
  endfacet
  facet normal 0.117482 0.993075 -0
    outer loop
      vertex 14.2861 -0.0327606 -1.4
      vertex 14.2367 -0.0269165 -1.05
      vertex 14.2861 -0.0327606 -1.05
    endloop
  endfacet
  facet normal 0.117482 0.993075 0
    outer loop
      vertex 14.2367 -0.0269165 -1.05
      vertex 14.2861 -0.0327606 -1.4
      vertex 14.2367 -0.0269165 -1.4
    endloop
  endfacet
  facet normal 0.195433 0.980717 -0
    outer loop
      vertex 14.3263 -0.0407715 -1.4
      vertex 14.2861 -0.0327606 -1.05
      vertex 14.3263 -0.0407715 -1.05
    endloop
  endfacet
  facet normal 0.195433 0.980717 0
    outer loop
      vertex 14.2861 -0.0327606 -1.05
      vertex 14.3263 -0.0407715 -1.4
      vertex 14.2861 -0.0327606 -1.4
    endloop
  endfacet
  facet normal 0.313264 0.949666 -0
    outer loop
      vertex 14.3572 -0.0509644 -1.4
      vertex 14.3263 -0.0407715 -1.05
      vertex 14.3572 -0.0509644 -1.05
    endloop
  endfacet
  facet normal 0.313264 0.949666 0
    outer loop
      vertex 14.3263 -0.0407715 -1.05
      vertex 14.3572 -0.0509644 -1.4
      vertex 14.3263 -0.0407715 -1.4
    endloop
  endfacet
  facet normal 0.455951 0.890005 -0
    outer loop
      vertex 14.3821 -0.0637207 -1.4
      vertex 14.3572 -0.0509644 -1.05
      vertex 14.3821 -0.0637207 -1.05
    endloop
  endfacet
  facet normal 0.455951 0.890005 0
    outer loop
      vertex 14.3572 -0.0509644 -1.05
      vertex 14.3821 -0.0637207 -1.4
      vertex 14.3572 -0.0509644 -1.4
    endloop
  endfacet
  facet normal 0.58695 0.809623 -0
    outer loop
      vertex 14.4038 -0.0794525 -1.4
      vertex 14.3821 -0.0637207 -1.05
      vertex 14.4038 -0.0794525 -1.05
    endloop
  endfacet
  facet normal 0.58695 0.809623 0
    outer loop
      vertex 14.3821 -0.0637207 -1.05
      vertex 14.4038 -0.0794525 -1.4
      vertex 14.3821 -0.0637207 -1.4
    endloop
  endfacet
  facet normal 0.709712 0.704492 0
    outer loop
      vertex 14.4224 -0.0981903 -1.05
      vertex 14.4038 -0.0794525 -1.4
      vertex 14.4038 -0.0794525 -1.05
    endloop
  endfacet
  facet normal 0.709712 0.704492 0
    outer loop
      vertex 14.4038 -0.0794525 -1.4
      vertex 14.4224 -0.0981903 -1.05
      vertex 14.4224 -0.0981903 -1.4
    endloop
  endfacet
  facet normal 0.815478 0.578788 0
    outer loop
      vertex 14.4378 -0.119888 -1.05
      vertex 14.4224 -0.0981903 -1.4
      vertex 14.4224 -0.0981903 -1.05
    endloop
  endfacet
  facet normal 0.815478 0.578788 0
    outer loop
      vertex 14.4224 -0.0981903 -1.4
      vertex 14.4378 -0.119888 -1.05
      vertex 14.4378 -0.119888 -1.4
    endloop
  endfacet
  facet normal 0.90101 0.433798 0
    outer loop
      vertex 14.4499 -0.14502 -1.05
      vertex 14.4378 -0.119888 -1.4
      vertex 14.4378 -0.119888 -1.05
    endloop
  endfacet
  facet normal 0.90101 0.433798 0
    outer loop
      vertex 14.4378 -0.119888 -1.4
      vertex 14.4499 -0.14502 -1.05
      vertex 14.4499 -0.14502 -1.4
    endloop
  endfacet
  facet normal 0.958667 0.28453 0
    outer loop
      vertex 14.4585 -0.173996 -1.05
      vertex 14.4499 -0.14502 -1.4
      vertex 14.4499 -0.14502 -1.05
    endloop
  endfacet
  facet normal 0.958667 0.28453 0
    outer loop
      vertex 14.4499 -0.14502 -1.4
      vertex 14.4585 -0.173996 -1.05
      vertex 14.4585 -0.173996 -1.4
    endloop
  endfacet
  facet normal 0.987703 0.156339 0
    outer loop
      vertex 14.4637 -0.206848 -1.05
      vertex 14.4585 -0.173996 -1.4
      vertex 14.4585 -0.173996 -1.05
    endloop
  endfacet
  facet normal 0.987703 0.156339 0
    outer loop
      vertex 14.4585 -0.173996 -1.4
      vertex 14.4637 -0.206848 -1.05
      vertex 14.4637 -0.206848 -1.4
    endloop
  endfacet
  facet normal 0.9988 0.0489701 0
    outer loop
      vertex 14.4655 -0.243561 -1.05
      vertex 14.4637 -0.206848 -1.4
      vertex 14.4637 -0.206848 -1.05
    endloop
  endfacet
  facet normal 0.9988 0.0489701 0
    outer loop
      vertex 14.4637 -0.206848 -1.4
      vertex 14.4655 -0.243561 -1.05
      vertex 14.4655 -0.243561 -1.4
    endloop
  endfacet
  facet normal 0.998055 -0.0623355 0
    outer loop
      vertex 14.4626 -0.289993 -1.05
      vertex 14.4655 -0.243561 -1.4
      vertex 14.4655 -0.243561 -1.05
    endloop
  endfacet
  facet normal 0.998055 -0.0623355 0
    outer loop
      vertex 14.4655 -0.243561 -1.4
      vertex 14.4626 -0.289993 -1.05
      vertex 14.4626 -0.289993 -1.4
    endloop
  endfacet
  facet normal 0.977735 -0.209846 0
    outer loop
      vertex 14.454 -0.330063 -1.05
      vertex 14.4626 -0.289993 -1.4
      vertex 14.4626 -0.289993 -1.05
    endloop
  endfacet
  facet normal 0.977735 -0.209846 0
    outer loop
      vertex 14.4626 -0.289993 -1.4
      vertex 14.454 -0.330063 -1.05
      vertex 14.454 -0.330063 -1.4
    endloop
  endfacet
  facet normal 0.920514 -0.390708 0
    outer loop
      vertex 14.4397 -0.363754 -1.05
      vertex 14.454 -0.330063 -1.4
      vertex 14.454 -0.330063 -1.05
    endloop
  endfacet
  facet normal 0.920514 -0.390708 0
    outer loop
      vertex 14.454 -0.330063 -1.4
      vertex 14.4397 -0.363754 -1.05
      vertex 14.4397 -0.363754 -1.4
    endloop
  endfacet
  facet normal 0.80714 -0.59036 0
    outer loop
      vertex 14.4197 -0.391098 -1.05
      vertex 14.4397 -0.363754 -1.4
      vertex 14.4397 -0.363754 -1.05
    endloop
  endfacet
  facet normal 0.80714 -0.59036 0
    outer loop
      vertex 14.4397 -0.363754 -1.4
      vertex 14.4197 -0.391098 -1.05
      vertex 14.4197 -0.391098 -1.4
    endloop
  endfacet
  facet normal 0.65011 -0.75984 0
    outer loop
      vertex 14.395 -0.412231 -1.4
      vertex 14.4197 -0.391098 -1.05
      vertex 14.395 -0.412231 -1.05
    endloop
  endfacet
  facet normal 0.65011 -0.75984 0
    outer loop
      vertex 14.4197 -0.391098 -1.05
      vertex 14.395 -0.412231 -1.4
      vertex 14.4197 -0.391098 -1.4
    endloop
  endfacet
  facet normal 0.467062 -0.884224 0
    outer loop
      vertex 14.3664 -0.427338 -1.4
      vertex 14.395 -0.412231 -1.05
      vertex 14.3664 -0.427338 -1.05
    endloop
  endfacet
  facet normal 0.467062 -0.884224 0
    outer loop
      vertex 14.395 -0.412231 -1.05
      vertex 14.3664 -0.427338 -1.4
      vertex 14.395 -0.412231 -1.4
    endloop
  endfacet
  facet normal 0.270155 -0.962817 0
    outer loop
      vertex 14.3341 -0.436401 -1.4
      vertex 14.3664 -0.427338 -1.05
      vertex 14.3341 -0.436401 -1.05
    endloop
  endfacet
  facet normal 0.270155 -0.962817 0
    outer loop
      vertex 14.3664 -0.427338 -1.05
      vertex 14.3341 -0.436401 -1.4
      vertex 14.3664 -0.427338 -1.4
    endloop
  endfacet
  facet normal 0.0829815 -0.996551 0
    outer loop
      vertex 14.298 -0.439407 -1.4
      vertex 14.3341 -0.436401 -1.05
      vertex 14.298 -0.439407 -1.05
    endloop
  endfacet
  facet normal 0.0829815 -0.996551 0
    outer loop
      vertex 14.3341 -0.436401 -1.05
      vertex 14.298 -0.439407 -1.4
      vertex 14.3341 -0.436401 -1.4
    endloop
  endfacet
  facet normal -0.0691609 -0.997606 0
    outer loop
      vertex 14.2564 -0.436523 -1.4
      vertex 14.298 -0.439407 -1.05
      vertex 14.2564 -0.436523 -1.05
    endloop
  endfacet
  facet normal -0.0691609 -0.997606 -0
    outer loop
      vertex 14.298 -0.439407 -1.05
      vertex 14.2564 -0.436523 -1.4
      vertex 14.298 -0.439407 -1.4
    endloop
  endfacet
  facet normal -0.971865 0.235538 0
    outer loop
      vertex 15.8373 0.184174 -1.4
      vertex 15.8469 0.223785 -1.05
      vertex 15.8469 0.223785 -1.4
    endloop
  endfacet
  facet normal -0.971865 0.235538 0
    outer loop
      vertex 15.8469 0.223785 -1.05
      vertex 15.8373 0.184174 -1.4
      vertex 15.8373 0.184174 -1.05
    endloop
  endfacet
  facet normal -0.976961 0.213419 0
    outer loop
      vertex 15.8469 0.223785 -1.4
      vertex 15.8602 0.284668 -1.05
      vertex 15.8602 0.284668 -1.4
    endloop
  endfacet
  facet normal -0.976961 0.213419 0
    outer loop
      vertex 15.8602 0.284668 -1.05
      vertex 15.8469 0.223785 -1.4
      vertex 15.8469 0.223785 -1.05
    endloop
  endfacet
  facet normal -0.979254 0.202638 0
    outer loop
      vertex 15.8602 0.284668 -1.4
      vertex 15.8772 0.366821 -1.05
      vertex 15.8772 0.366821 -1.4
    endloop
  endfacet
  facet normal -0.979254 0.202638 0
    outer loop
      vertex 15.8772 0.366821 -1.05
      vertex 15.8602 0.284668 -1.4
      vertex 15.8602 0.284668 -1.05
    endloop
  endfacet
  facet normal -0.980542 0.196309 0
    outer loop
      vertex 15.8772 0.366821 -1.4
      vertex 15.8979 0.470215 -1.05
      vertex 15.8979 0.470215 -1.4
    endloop
  endfacet
  facet normal -0.980542 0.196309 0
    outer loop
      vertex 15.8979 0.470215 -1.05
      vertex 15.8772 0.366821 -1.4
      vertex 15.8772 0.366821 -1.05
    endloop
  endfacet
  facet normal 0.974095 0.226137 0
    outer loop
      vertex 15.9649 0.18161 -1.05
      vertex 15.8979 0.470215 -1.4
      vertex 15.8979 0.470215 -1.05
    endloop
  endfacet
  facet normal 0.974095 0.226137 0
    outer loop
      vertex 15.8979 0.470215 -1.4
      vertex 15.9649 0.18161 -1.05
      vertex 15.9649 0.18161 -1.4
    endloop
  endfacet
  facet normal 0.966766 0.255663 0
    outer loop
      vertex 16.1891 -0.666183 -1.05
      vertex 15.9649 0.18161 -1.4
      vertex 15.9649 0.18161 -1.05
    endloop
  endfacet
  facet normal 0.966766 0.255663 0
    outer loop
      vertex 15.9649 0.18161 -1.4
      vertex 16.1891 -0.666183 -1.05
      vertex 16.1891 -0.666183 -1.4
    endloop
  endfacet
  facet normal 0 1 -0
    outer loop
      vertex 16.5718 -0.666183 -1.4
      vertex 16.1891 -0.666183 -1.05
      vertex 16.5718 -0.666183 -1.05
    endloop
  endfacet
  facet normal 0 1 0
    outer loop
      vertex 16.1891 -0.666183 -1.05
      vertex 16.5718 -0.666183 -1.4
      vertex 16.1891 -0.666183 -1.4
    endloop
  endfacet
  facet normal -0.968119 0.250489 0
    outer loop
      vertex 16.5718 -0.666183 -1.4
      vertex 16.9325 0.72789 -1.05
      vertex 16.9325 0.72789 -1.4
    endloop
  endfacet
  facet normal -0.968119 0.250489 0
    outer loop
      vertex 16.9325 0.72789 -1.05
      vertex 16.5718 -0.666183 -1.4
      vertex 16.5718 -0.666183 -1.05
    endloop
  endfacet
  facet normal 0 -1 0
    outer loop
      vertex 16.5924 0.72789 -1.4
      vertex 16.9325 0.72789 -1.05
      vertex 16.5924 0.72789 -1.05
    endloop
  endfacet
  facet normal 0 -1 -0
    outer loop
      vertex 16.9325 0.72789 -1.05
      vertex 16.5924 0.72789 -1.4
      vertex 16.9325 0.72789 -1.4
    endloop
  endfacet
  facet normal 0.9776 -0.210471 0
    outer loop
      vertex 16.363 -0.337631 -1.05
      vertex 16.5924 0.72789 -1.4
      vertex 16.5924 0.72789 -1.05
    endloop
  endfacet
  facet normal 0.9776 -0.210471 0
    outer loop
      vertex 16.5924 0.72789 -1.4
      vertex 16.363 -0.337631 -1.05
      vertex 16.363 -0.337631 -1.4
    endloop
  endfacet
  facet normal -0.982639 -0.185526 0
    outer loop
      vertex 16.363 -0.337631 -1.4
      vertex 16.345 -0.242294 -1.05
      vertex 16.345 -0.242294 -1.4
    endloop
  endfacet
  facet normal -0.982639 -0.185526 0
    outer loop
      vertex 16.345 -0.242294 -1.05
      vertex 16.363 -0.337631 -1.4
      vertex 16.363 -0.337631 -1.05
    endloop
  endfacet
  facet normal -0.977942 -0.208878 0
    outer loop
      vertex 16.345 -0.242294 -1.4
      vertex 16.3128 -0.0915375 -1.05
      vertex 16.3128 -0.0915375 -1.4
    endloop
  endfacet
  facet normal -0.977942 -0.208878 0
    outer loop
      vertex 16.3128 -0.0915375 -1.05
      vertex 16.345 -0.242294 -1.4
      vertex 16.345 -0.242294 -1.05
    endloop
  endfacet
  facet normal -0.966092 -0.258198 0
    outer loop
      vertex 16.3128 -0.0915375 -1.4
      vertex 16.0938 0.72789 -1.05
      vertex 16.0938 0.72789 -1.4
    endloop
  endfacet
  facet normal -0.966092 -0.258198 0
    outer loop
      vertex 16.0938 0.72789 -1.05
      vertex 16.3128 -0.0915375 -1.4
      vertex 16.3128 -0.0915375 -1.05
    endloop
  endfacet
  facet normal 0 -1 0
    outer loop
      vertex 15.7059 0.72789 -1.4
      vertex 16.0938 0.72789 -1.05
      vertex 15.7059 0.72789 -1.05
    endloop
  endfacet
  facet normal 0 -1 -0
    outer loop
      vertex 16.0938 0.72789 -1.05
      vertex 15.7059 0.72789 -1.4
      vertex 16.0938 0.72789 -1.4
    endloop
  endfacet
  facet normal 0.967578 -0.252573 0
    outer loop
      vertex 15.492 -0.0915375 -1.05
      vertex 15.7059 0.72789 -1.4
      vertex 15.7059 0.72789 -1.05
    endloop
  endfacet
  facet normal 0.967578 -0.252573 0
    outer loop
      vertex 15.7059 0.72789 -1.4
      vertex 15.492 -0.0915375 -1.05
      vertex 15.492 -0.0915375 -1.4
    endloop
  endfacet
  facet normal 0.970861 -0.239645 0
    outer loop
      vertex 15.482 -0.13205 -1.05
      vertex 15.492 -0.0915375 -1.4
      vertex 15.492 -0.0915375 -1.05
    endloop
  endfacet
  facet normal 0.970861 -0.239645 0
    outer loop
      vertex 15.492 -0.0915375 -1.4
      vertex 15.482 -0.13205 -1.05
      vertex 15.482 -0.13205 -1.4
    endloop
  endfacet
  facet normal 0.975865 -0.218374 0
    outer loop
      vertex 15.4698 -0.186569 -1.05
      vertex 15.482 -0.13205 -1.4
      vertex 15.482 -0.13205 -1.05
    endloop
  endfacet
  facet normal 0.975865 -0.218374 0
    outer loop
      vertex 15.482 -0.13205 -1.4
      vertex 15.4698 -0.186569 -1.05
      vertex 15.4698 -0.186569 -1.4
    endloop
  endfacet
  facet normal 0.979198 -0.202907 0
    outer loop
      vertex 15.4556 -0.255096 -1.05
      vertex 15.4698 -0.186569 -1.4
      vertex 15.4698 -0.186569 -1.05
    endloop
  endfacet
  facet normal 0.979198 -0.202907 0
    outer loop
      vertex 15.4698 -0.186569 -1.4
      vertex 15.4556 -0.255096 -1.05
      vertex 15.4556 -0.255096 -1.4
    endloop
  endfacet
  facet normal 0.980824 -0.194893 0
    outer loop
      vertex 15.4392 -0.337631 -1.05
      vertex 15.4556 -0.255096 -1.4
      vertex 15.4556 -0.255096 -1.05
    endloop
  endfacet
  facet normal 0.980824 -0.194893 0
    outer loop
      vertex 15.4556 -0.255096 -1.4
      vertex 15.4392 -0.337631 -1.05
      vertex 15.4392 -0.337631 -1.4
    endloop
  endfacet
  facet normal -0.978206 -0.207635 0
    outer loop
      vertex 15.4392 -0.337631 -1.4
      vertex 15.4031 -0.167557 -1.05
      vertex 15.4031 -0.167557 -1.4
    endloop
  endfacet
  facet normal -0.978206 -0.207635 0
    outer loop
      vertex 15.4031 -0.167557 -1.05
      vertex 15.4392 -0.337631 -1.4
      vertex 15.4392 -0.337631 -1.05
    endloop
  endfacet
  facet normal -0.975744 -0.218915 0
    outer loop
      vertex 15.4031 -0.167557 -1.4
      vertex 15.2022 0.72789 -1.05
      vertex 15.2022 0.72789 -1.4
    endloop
  endfacet
  facet normal -0.975744 -0.218915 0
    outer loop
      vertex 15.2022 0.72789 -1.05
      vertex 15.4031 -0.167557 -1.4
      vertex 15.4031 -0.167557 -1.05
    endloop
  endfacet
  facet normal 0 -1 0
    outer loop
      vertex 14.8671 0.72789 -1.4
      vertex 15.2022 0.72789 -1.05
      vertex 14.8671 0.72789 -1.05
    endloop
  endfacet
  facet normal 0 -1 -0
    outer loop
      vertex 15.2022 0.72789 -1.05
      vertex 14.8671 0.72789 -1.4
      vertex 15.2022 0.72789 -1.4
    endloop
  endfacet
  facet normal 0.967221 0.253934 0
    outer loop
      vertex 15.2331 -0.666183 -1.05
      vertex 14.8671 0.72789 -1.4
      vertex 14.8671 0.72789 -1.05
    endloop
  endfacet
  facet normal 0.967221 0.253934 0
    outer loop
      vertex 14.8671 0.72789 -1.4
      vertex 15.2331 -0.666183 -1.05
      vertex 15.2331 -0.666183 -1.4
    endloop
  endfacet
  facet normal 0 1 -0
    outer loop
      vertex 15.6157 -0.666183 -1.4
      vertex 15.2331 -0.666183 -1.05
      vertex 15.6157 -0.666183 -1.05
    endloop
  endfacet
  facet normal 0 1 0
    outer loop
      vertex 15.2331 -0.666183 -1.05
      vertex 15.6157 -0.666183 -1.4
      vertex 15.2331 -0.666183 -1.4
    endloop
  endfacet
  facet normal -0.967682 0.252174 0
    outer loop
      vertex 15.6157 -0.666183 -1.4
      vertex 15.8373 0.184174 -1.05
      vertex 15.8373 0.184174 -1.4
    endloop
  endfacet
  facet normal -0.967682 0.252174 0
    outer loop
      vertex 15.8373 0.184174 -1.05
      vertex 15.6157 -0.666183 -1.4
      vertex 15.6157 -0.666183 -1.05
    endloop
  endfacet
  facet normal 0 -1 0
    outer loop
      vertex 10.5644 -0.887802 -1.4
      vertex 12.0809 -0.887802 -1.05
      vertex 10.5644 -0.887802 -1.05
    endloop
  endfacet
  facet normal 0 -1 -0
    outer loop
      vertex 12.0809 -0.887802 -1.05
      vertex 10.5644 -0.887802 -1.4
      vertex 12.0809 -0.887802 -1.4
    endloop
  endfacet
  facet normal 1 -0 0
    outer loop
      vertex 10.5644 -0.988281 -1.05
      vertex 10.5644 -0.887802 -1.4
      vertex 10.5644 -0.887802 -1.05
    endloop
  endfacet
  facet normal 1 0 0
    outer loop
      vertex 10.5644 -0.887802 -1.4
      vertex 10.5644 -0.988281 -1.05
      vertex 10.5644 -0.988281 -1.4
    endloop
  endfacet
  facet normal 0 1 -0
    outer loop
      vertex 12.0809 -0.988281 -1.4
      vertex 10.5644 -0.988281 -1.05
      vertex 12.0809 -0.988281 -1.05
    endloop
  endfacet
  facet normal 0 1 0
    outer loop
      vertex 10.5644 -0.988281 -1.05
      vertex 12.0809 -0.988281 -1.4
      vertex 10.5644 -0.988281 -1.4
    endloop
  endfacet
  facet normal -1 0 0
    outer loop
      vertex 12.0809 -0.988281 -1.4
      vertex 12.0809 -0.887802 -1.05
      vertex 12.0809 -0.887802 -1.4
    endloop
  endfacet
  facet normal -1 -0 0
    outer loop
      vertex 12.0809 -0.887802 -1.05
      vertex 12.0809 -0.988281 -1.4
      vertex 12.0809 -0.988281 -1.05
    endloop
  endfacet
endsolid OpenSCAD_Model
