solid OpenSCAD_Model
  facet normal 1 -0 0
    outer loop
      vertex 2 0 16.5
      vertex 2 2 1.5
      vertex 2 2 16.5
    endloop
  endfacet
  facet normal 1 0 0
    outer loop
      vertex 2 2 1.5
      vertex 2 0 16.5
      vertex 2 0 1.5
    endloop
  endfacet
  facet normal 0 0 1
    outer loop
      vertex 12 12 18
      vertex 8.66293 6 18
      vertex 12 0 18
    endloop
  endfacet
  facet normal 0 0 1
    outer loop
      vertex 12 12 18
      vertex 8.6008 6.20992 18
      vertex 8.66293 6 18
    endloop
  endfacet
  facet normal 0 0 1
    outer loop
      vertex 12 12 18
      vertex 8.55091 6.37845 18
      vertex 8.6008 6.20992 18
    endloop
  endfacet
  facet normal 0 0 1
    outer loop
      vertex 12 12 18
      vertex 8.34577 6.55478 18
      vertex 8.55091 6.37845 18
    endloop
  endfacet
  facet normal 0 0 1
    outer loop
      vertex 12 12 18
      vertex 8.25042 6.63674 18
      vertex 8.34577 6.55478 18
    endloop
  endfacet
  facet normal 0 0 1
    outer loop
      vertex 12 12 18
      vertex 7.87798 6.68986 18
      vertex 8.25042 6.63674 18
    endloop
  endfacet
  facet normal 0 0 1
    outer loop
      vertex 12 12 18
      vertex 7.85686 6.69287 18
      vertex 7.87798 6.68986 18
    endloop
  endfacet
  facet normal 0 0 1
    outer loop
      vertex 4.14734 6.69287 18
      vertex 7.85686 6.69287 18
      vertex 12 12 18
    endloop
  endfacet
  facet normal 0 0 1
    outer loop
      vertex 7.85686 6.69287 18
      vertex 4.14734 6.69287 18
      vertex 7.79566 6.66515 18
    endloop
  endfacet
  facet normal 0 0 1
    outer loop
      vertex 7.26313 6.19721 18
      vertex 4.73458 6.19721 18
      vertex 7.26313 5.80279 18
    endloop
  endfacet
  facet normal -0 0 1
    outer loop
      vertex 4.67045 6.29066 18
      vertex 7.26313 6.19721 18
      vertex 7.38192 6.37469 18
    endloop
  endfacet
  facet normal -0 0 1
    outer loop
      vertex 4.55229 6.47062 18
      vertex 7.38192 6.37469 18
      vertex 7.48522 6.52902 18
    endloop
  endfacet
  facet normal 0 -0 1
    outer loop
      vertex 4.31472 6.61806 18
      vertex 7.79566 6.66515 18
      vertex 4.14734 6.69287 18
    endloop
  endfacet
  facet normal 0 0 1
    outer loop
      vertex 7.26313 6.19721 18
      vertex 4.72008 6.21835 18
      vertex 4.73458 6.19721 18
    endloop
  endfacet
  facet normal 0 0 1
    outer loop
      vertex 7.26313 6.19721 18
      vertex 4.67045 6.29066 18
      vertex 4.72008 6.21835 18
    endloop
  endfacet
  facet normal 0 0 1
    outer loop
      vertex 7.38192 6.37469 18
      vertex 4.55229 6.47062 18
      vertex 4.67045 6.29066 18
    endloop
  endfacet
  facet normal 0 0 1
    outer loop
      vertex 7.48522 6.52902 18
      vertex 4.51393 6.52902 18
      vertex 4.55229 6.47062 18
    endloop
  endfacet
  facet normal 0 0 1
    outer loop
      vertex 7.48522 6.52902 18
      vertex 4.31472 6.61806 18
      vertex 4.51393 6.52902 18
    endloop
  endfacet
  facet normal 0 0 1
    outer loop
      vertex 7.79566 6.66515 18
      vertex 4.31472 6.61806 18
      vertex 7.48522 6.52902 18
    endloop
  endfacet
  facet normal -0 0 1
    outer loop
      vertex 0 12 18
      vertex 4.14734 6.69287 18
      vertex 12 12 18
    endloop
  endfacet
  facet normal 0 0 1
    outer loop
      vertex 4.14734 6.69287 18
      vertex 0 12 18
      vertex 4.019 6.67482 18
    endloop
  endfacet
  facet normal 0 0 1
    outer loop
      vertex 0 12 18
      vertex 3.69933 6.59511 18
      vertex 3.74843 6.63674 18
    endloop
  endfacet
  facet normal 0 0 1
    outer loop
      vertex 3.43732 6.35668 18
      vertex 0 12 18
      vertex 3.3303 6 18
    endloop
  endfacet
  facet normal 0 0 1
    outer loop
      vertex 3.44385 6.37845 18
      vertex 0 12 18
      vertex 3.43732 6.35668 18
    endloop
  endfacet
  facet normal 0 0 1
    outer loop
      vertex 3.69933 6.59511 18
      vertex 0 12 18
      vertex 3.44385 6.37845 18
    endloop
  endfacet
  facet normal 0 0 1
    outer loop
      vertex 4.019 6.67482 18
      vertex 0 12 18
      vertex 3.74843 6.63674 18
    endloop
  endfacet
  facet normal -0 0 1
    outer loop
      vertex 8.6103 5.82217 18
      vertex 12 0 18
      vertex 8.66293 6 18
    endloop
  endfacet
  facet normal -0 0 1
    outer loop
      vertex 8.55091 5.62155 18
      vertex 12 0 18
      vertex 8.6103 5.82217 18
    endloop
  endfacet
  facet normal -0 0 1
    outer loop
      vertex 8.4272 5.51521 18
      vertex 12 0 18
      vertex 8.55091 5.62155 18
    endloop
  endfacet
  facet normal -0 0 1
    outer loop
      vertex 8.25042 5.36326 18
      vertex 12 0 18
      vertex 8.4272 5.51521 18
    endloop
  endfacet
  facet normal -0 0 1
    outer loop
      vertex 8.143 5.34794 18
      vertex 12 0 18
      vertex 8.25042 5.36326 18
    endloop
  endfacet
  facet normal -0 0 1
    outer loop
      vertex 7.85686 5.30712 18
      vertex 12 0 18
      vertex 8.143 5.34794 18
    endloop
  endfacet
  facet normal 0 0 1
    outer loop
      vertex 4.14734 5.30712 18
      vertex 7.85686 5.30712 18
      vertex 7.84098 5.31432 18
    endloop
  endfacet
  facet normal 0 0 1
    outer loop
      vertex 4.14734 5.30712 18
      vertex 7.84098 5.31432 18
      vertex 7.79566 5.33485 18
    endloop
  endfacet
  facet normal 0 0 1
    outer loop
      vertex 4.14734 5.30712 18
      vertex 7.79566 5.33485 18
      vertex 7.55568 5.44008 18
    endloop
  endfacet
  facet normal 0 0 1
    outer loop
      vertex 4.41731 5.42779 18
      vertex 7.55568 5.44008 18
      vertex 7.48522 5.47097 18
    endloop
  endfacet
  facet normal 0 0 1
    outer loop
      vertex 4.73458 5.80279 18
      vertex 7.26313 5.80279 18
      vertex 4.73458 6.19721 18
    endloop
  endfacet
  facet normal 0 0 1
    outer loop
      vertex 7.26313 5.80279 18
      vertex 4.73458 5.80279 18
      vertex 7.35741 5.66192 18
    endloop
  endfacet
  facet normal -0 0 1
    outer loop
      vertex 4.67045 5.70934 18
      vertex 7.35741 5.66192 18
      vertex 4.73458 5.80279 18
    endloop
  endfacet
  facet normal 0 0 1
    outer loop
      vertex 4.51393 5.47097 18
      vertex 7.35741 5.66192 18
      vertex 4.67045 5.70934 18
    endloop
  endfacet
  facet normal 0 0 1
    outer loop
      vertex 7.35741 5.66192 18
      vertex 4.51393 5.47097 18
      vertex 7.48522 5.47097 18
    endloop
  endfacet
  facet normal 0 0 1
    outer loop
      vertex 4.41731 5.42779 18
      vertex 7.48522 5.47097 18
      vertex 4.51393 5.47097 18
    endloop
  endfacet
  facet normal 0 0 1
    outer loop
      vertex 7.55568 5.44008 18
      vertex 4.41731 5.42779 18
      vertex 4.14734 5.30712 18
    endloop
  endfacet
  facet normal 0 0 1
    outer loop
      vertex 7.85686 5.30712 18
      vertex 4.14734 5.30712 18
      vertex 12 0 18
    endloop
  endfacet
  facet normal 0 0 1
    outer loop
      vertex 0 0 18
      vertex 4.14734 5.30712 18
      vertex 3.87234 5.34582 18
    endloop
  endfacet
  facet normal 0 0 1
    outer loop
      vertex 0 0 18
      vertex 3.87234 5.34582 18
      vertex 3.74843 5.36326 18
    endloop
  endfacet
  facet normal 0 0 1
    outer loop
      vertex 0 0 18
      vertex 3.3303 6 18
      vertex 0 12 18
    endloop
  endfacet
  facet normal 0 0 1
    outer loop
      vertex 3.3303 6 18
      vertex 0 0 18
      vertex 3.33252 5.99262 18
    endloop
  endfacet
  facet normal 0 0 1
    outer loop
      vertex 4.14734 5.30712 18
      vertex 0 0 18
      vertex 12 0 18
    endloop
  endfacet
  facet normal 0 0 1
    outer loop
      vertex 3.46866 5.60051 18
      vertex 0 0 18
      vertex 3.74843 5.36326 18
    endloop
  endfacet
  facet normal 0 0 1
    outer loop
      vertex 3.44385 5.62155 18
      vertex 0 0 18
      vertex 3.46866 5.60051 18
    endloop
  endfacet
  facet normal 0 0 1
    outer loop
      vertex 3.33252 5.99262 18
      vertex 0 0 18
      vertex 3.44385 5.62155 18
    endloop
  endfacet
  facet normal 0 0 -1
    outer loop
      vertex 0 0 0
      vertex 12 12 0
      vertex 12 0 0
    endloop
  endfacet
  facet normal -0 0 -1
    outer loop
      vertex 12 12 0
      vertex 0 0 0
      vertex 0 12 0
    endloop
  endfacet
  facet normal -1 0 0
    outer loop
      vertex 0 12 0
      vertex 0 10 1.5
      vertex 0 12 18
    endloop
  endfacet
  facet normal -1 0 0
    outer loop
      vertex 0 12 0
      vertex 0 8.43 1.5
      vertex 0 10 1.5
    endloop
  endfacet
  facet normal -1 0 0
    outer loop
      vertex 0 8.43 1.5
      vertex 0 6.93 1.5
      vertex 0 8.43 16.5
    endloop
  endfacet
  facet normal -1 0 0
    outer loop
      vertex 0 12 0
      vertex 0 6.93 1.5
      vertex 0 8.43 1.5
    endloop
  endfacet
  facet normal -1 0 0
    outer loop
      vertex 0 12 0
      vertex 0 5.07 1.5
      vertex 0 6.93 1.5
    endloop
  endfacet
  facet normal -1 0 0
    outer loop
      vertex 0 5.07 1.5
      vertex 0 3.57 1.5
      vertex 0 5.07 16.5
    endloop
  endfacet
  facet normal -1 0 0
    outer loop
      vertex 0 0 0
      vertex 0 5.07 1.5
      vertex 0 12 0
    endloop
  endfacet
  facet normal -1 -0 0
    outer loop
      vertex 0 5.07 1.5
      vertex 0 0 0
      vertex 0 3.57 1.5
    endloop
  endfacet
  facet normal -1 -0 0
    outer loop
      vertex 0 2 1.5
      vertex 0 0 0
      vertex 0 2 16.5
    endloop
  endfacet
  facet normal -1 -0 0
    outer loop
      vertex 0 3.57 1.5
      vertex 0 0 0
      vertex 0 2 1.5
    endloop
  endfacet
  facet normal -1 0 0
    outer loop
      vertex 0 10 16.5
      vertex 0 12 18
      vertex 0 10 1.5
    endloop
  endfacet
  facet normal -1 0 0
    outer loop
      vertex 0 8.43 16.5
      vertex 0 12 18
      vertex 0 10 16.5
    endloop
  endfacet
  facet normal -1 0 0
    outer loop
      vertex 0 6.93 16.5
      vertex 0 8.43 16.5
      vertex 0 6.93 1.5
    endloop
  endfacet
  facet normal -1 0 0
    outer loop
      vertex 0 6.93 16.5
      vertex 0 12 18
      vertex 0 8.43 16.5
    endloop
  endfacet
  facet normal -1 0 0
    outer loop
      vertex 0 5.07 16.5
      vertex 0 12 18
      vertex 0 6.93 16.5
    endloop
  endfacet
  facet normal -1 0 0
    outer loop
      vertex 0 3.57 16.5
      vertex 0 5.07 16.5
      vertex 0 3.57 1.5
    endloop
  endfacet
  facet normal -1 0 0
    outer loop
      vertex 0 0 18
      vertex 0 5.07 16.5
      vertex 0 3.57 16.5
    endloop
  endfacet
  facet normal -1 0 0
    outer loop
      vertex 0 0 18
      vertex 0 3.57 16.5
      vertex 0 2 16.5
    endloop
  endfacet
  facet normal -1 0 0
    outer loop
      vertex 0 5.07 16.5
      vertex 0 0 18
      vertex 0 12 18
    endloop
  endfacet
  facet normal -1 0 0
    outer loop
      vertex 0 0 18
      vertex 0 2 16.5
      vertex 0 0 0
    endloop
  endfacet
  facet normal 0 1 -0
    outer loop
      vertex 2 2 1.5
      vertex 0 2 16.5
      vertex 2 2 16.5
    endloop
  endfacet
  facet normal 0 1 0
    outer loop
      vertex 0 2 16.5
      vertex 2 2 1.5
      vertex 0 2 1.5
    endloop
  endfacet
  facet normal 0 -1 0
    outer loop
      vertex 6.93 0 1.5
      vertex 8.43 0 16.5
      vertex 6.93 0 16.5
    endloop
  endfacet
  facet normal 0 -1 -0
    outer loop
      vertex 8.43 0 16.5
      vertex 6.93 0 1.5
      vertex 8.43 0 1.5
    endloop
  endfacet
  facet normal 0 -1 0
    outer loop
      vertex 3.57 0 1.5
      vertex 5.07 0 16.5
      vertex 3.57 0 16.5
    endloop
  endfacet
  facet normal 0 -1 -0
    outer loop
      vertex 5.07 0 16.5
      vertex 3.57 0 1.5
      vertex 5.07 0 1.5
    endloop
  endfacet
  facet normal 0 -1 0
    outer loop
      vertex 3.57 0 16.5
      vertex 0 0 18
      vertex 2 0 16.5
    endloop
  endfacet
  facet normal 0 -1 0
    outer loop
      vertex 0 0 18
      vertex 2 0 1.5
      vertex 2 0 16.5
    endloop
  endfacet
  facet normal 0 -1 0
    outer loop
      vertex 0 0 0
      vertex 3.57 0 1.5
      vertex 2 0 1.5
    endloop
  endfacet
  facet normal 0 -1 -0
    outer loop
      vertex 3.57 0 1.5
      vertex 0 0 0
      vertex 5.07 0 1.5
    endloop
  endfacet
  facet normal 0 -1 -0
    outer loop
      vertex 5.07 0 1.5
      vertex 0 0 0
      vertex 6.93 0 1.5
    endloop
  endfacet
  facet normal 0 -1 0
    outer loop
      vertex 12 0 0
      vertex 6.93 0 1.5
      vertex 0 0 0
    endloop
  endfacet
  facet normal 0 -1 0
    outer loop
      vertex 6.93 0 1.5
      vertex 12 0 0
      vertex 8.43 0 1.5
    endloop
  endfacet
  facet normal 0 -1 0
    outer loop
      vertex 0 0 0
      vertex 2 0 1.5
      vertex 0 0 18
    endloop
  endfacet
  facet normal 0 -1 0
    outer loop
      vertex 5.07 0 16.5
      vertex 0 0 18
      vertex 3.57 0 16.5
    endloop
  endfacet
  facet normal 0 -1 0
    outer loop
      vertex 0 0 18
      vertex 5.07 0 16.5
      vertex 12 0 18
    endloop
  endfacet
  facet normal 0 -1 0
    outer loop
      vertex 6.93 0 16.5
      vertex 12 0 18
      vertex 5.07 0 16.5
    endloop
  endfacet
  facet normal 0 -1 0
    outer loop
      vertex 8.43 0 16.5
      vertex 12 0 18
      vertex 6.93 0 16.5
    endloop
  endfacet
  facet normal 0 -1 0
    outer loop
      vertex 10 0 16.5
      vertex 12 0 18
      vertex 8.43 0 16.5
    endloop
  endfacet
  facet normal 0 -1 0
    outer loop
      vertex 10 0 1.5
      vertex 12 0 18
      vertex 10 0 16.5
    endloop
  endfacet
  facet normal 0 -1 0
    outer loop
      vertex 10 0 1.5
      vertex 12 0 0
      vertex 12 0 18
    endloop
  endfacet
  facet normal 0 -1 0
    outer loop
      vertex 8.43 0 1.5
      vertex 12 0 0
      vertex 10 0 1.5
    endloop
  endfacet
  facet normal 1 -0 0
    outer loop
      vertex 2 10 16.5
      vertex 2 12 1.5
      vertex 2 12 16.5
    endloop
  endfacet
  facet normal 1 0 0
    outer loop
      vertex 2 12 1.5
      vertex 2 10 16.5
      vertex 2 10 1.5
    endloop
  endfacet
  facet normal 0 1 -0
    outer loop
      vertex 5.07 12 1.5
      vertex 3.57 12 16.5
      vertex 5.07 12 16.5
    endloop
  endfacet
  facet normal 0 1 0
    outer loop
      vertex 3.57 12 16.5
      vertex 5.07 12 1.5
      vertex 3.57 12 1.5
    endloop
  endfacet
  facet normal 0 1 -0
    outer loop
      vertex 8.43 12 1.5
      vertex 6.93 12 16.5
      vertex 8.43 12 16.5
    endloop
  endfacet
  facet normal 0 1 0
    outer loop
      vertex 6.93 12 16.5
      vertex 8.43 12 1.5
      vertex 6.93 12 1.5
    endloop
  endfacet
  facet normal 0 1 0
    outer loop
      vertex 8.43 12 16.5
      vertex 12 12 18
      vertex 10 12 16.5
    endloop
  endfacet
  facet normal 0 1 0
    outer loop
      vertex 12 12 18
      vertex 10 12 1.5
      vertex 10 12 16.5
    endloop
  endfacet
  facet normal 0 1 0
    outer loop
      vertex 12 12 0
      vertex 8.43 12 1.5
      vertex 10 12 1.5
    endloop
  endfacet
  facet normal 0 1 0
    outer loop
      vertex 8.43 12 1.5
      vertex 12 12 0
      vertex 6.93 12 1.5
    endloop
  endfacet
  facet normal 0 1 0
    outer loop
      vertex 6.93 12 1.5
      vertex 12 12 0
      vertex 5.07 12 1.5
    endloop
  endfacet
  facet normal 0 1 0
    outer loop
      vertex 0 12 0
      vertex 5.07 12 1.5
      vertex 12 12 0
    endloop
  endfacet
  facet normal 0 1 0
    outer loop
      vertex 5.07 12 1.5
      vertex 0 12 0
      vertex 3.57 12 1.5
    endloop
  endfacet
  facet normal 0 1 -0
    outer loop
      vertex 12 12 0
      vertex 10 12 1.5
      vertex 12 12 18
    endloop
  endfacet
  facet normal 0 1 0
    outer loop
      vertex 6.93 12 16.5
      vertex 12 12 18
      vertex 8.43 12 16.5
    endloop
  endfacet
  facet normal 0 1 0
    outer loop
      vertex 12 12 18
      vertex 6.93 12 16.5
      vertex 0 12 18
    endloop
  endfacet
  facet normal 0 1 -0
    outer loop
      vertex 5.07 12 16.5
      vertex 0 12 18
      vertex 6.93 12 16.5
    endloop
  endfacet
  facet normal 0 1 -0
    outer loop
      vertex 3.57 12 16.5
      vertex 0 12 18
      vertex 5.07 12 16.5
    endloop
  endfacet
  facet normal 0 1 -0
    outer loop
      vertex 2 12 16.5
      vertex 0 12 18
      vertex 3.57 12 16.5
    endloop
  endfacet
  facet normal 0 1 -0
    outer loop
      vertex 2 12 1.5
      vertex 0 12 18
      vertex 2 12 16.5
    endloop
  endfacet
  facet normal 0 1 0
    outer loop
      vertex 2 12 1.5
      vertex 0 12 0
      vertex 0 12 18
    endloop
  endfacet
  facet normal 0 1 0
    outer loop
      vertex 3.57 12 1.5
      vertex 0 12 0
      vertex 2 12 1.5
    endloop
  endfacet
  facet normal 0 -1 0
    outer loop
      vertex 0 10 1.5
      vertex 2 10 16.5
      vertex 0 10 16.5
    endloop
  endfacet
  facet normal 0 -1 -0
    outer loop
      vertex 2 10 16.5
      vertex 0 10 1.5
      vertex 2 10 1.5
    endloop
  endfacet
  facet normal 1 0 0
    outer loop
      vertex 12 12 18
      vertex 12 10 16.5
      vertex 12 12 0
    endloop
  endfacet
  facet normal 1 0 0
    outer loop
      vertex 12 12 18
      vertex 12 8.43 16.5
      vertex 12 10 16.5
    endloop
  endfacet
  facet normal 1 0 0
    outer loop
      vertex 12 8.43 16.5
      vertex 12 6.93 16.5
      vertex 12 8.43 1.5
    endloop
  endfacet
  facet normal 1 0 0
    outer loop
      vertex 12 12 18
      vertex 12 6.93 16.5
      vertex 12 8.43 16.5
    endloop
  endfacet
  facet normal 1 0 0
    outer loop
      vertex 12 12 18
      vertex 12 5.07 16.5
      vertex 12 6.93 16.5
    endloop
  endfacet
  facet normal 1 0 0
    outer loop
      vertex 12 5.07 16.5
      vertex 12 3.57 16.5
      vertex 12 5.07 1.5
    endloop
  endfacet
  facet normal 1 -0 0
    outer loop
      vertex 12 0 18
      vertex 12 5.07 16.5
      vertex 12 12 18
    endloop
  endfacet
  facet normal 1 0 0
    outer loop
      vertex 12 5.07 16.5
      vertex 12 0 18
      vertex 12 3.57 16.5
    endloop
  endfacet
  facet normal 1 0 0
    outer loop
      vertex 12 2 16.5
      vertex 12 0 18
      vertex 12 2 1.5
    endloop
  endfacet
  facet normal 1 0 0
    outer loop
      vertex 12 3.57 16.5
      vertex 12 0 18
      vertex 12 2 16.5
    endloop
  endfacet
  facet normal 1 -0 0
    outer loop
      vertex 12 10 1.5
      vertex 12 12 0
      vertex 12 10 16.5
    endloop
  endfacet
  facet normal 1 -0 0
    outer loop
      vertex 12 8.43 1.5
      vertex 12 12 0
      vertex 12 10 1.5
    endloop
  endfacet
  facet normal 1 0 0
    outer loop
      vertex 12 6.93 1.5
      vertex 12 8.43 1.5
      vertex 12 6.93 16.5
    endloop
  endfacet
  facet normal 1 -0 0
    outer loop
      vertex 12 6.93 1.5
      vertex 12 12 0
      vertex 12 8.43 1.5
    endloop
  endfacet
  facet normal 1 -0 0
    outer loop
      vertex 12 5.07 1.5
      vertex 12 12 0
      vertex 12 6.93 1.5
    endloop
  endfacet
  facet normal 1 0 0
    outer loop
      vertex 12 3.57 1.5
      vertex 12 5.07 1.5
      vertex 12 3.57 16.5
    endloop
  endfacet
  facet normal 1 0 0
    outer loop
      vertex 12 0 0
      vertex 12 5.07 1.5
      vertex 12 3.57 1.5
    endloop
  endfacet
  facet normal 1 0 0
    outer loop
      vertex 12 0 0
      vertex 12 3.57 1.5
      vertex 12 2 1.5
    endloop
  endfacet
  facet normal 1 0 0
    outer loop
      vertex 12 5.07 1.5
      vertex 12 0 0
      vertex 12 12 0
    endloop
  endfacet
  facet normal 1 0 0
    outer loop
      vertex 12 0 0
      vertex 12 2 1.5
      vertex 12 0 18
    endloop
  endfacet
  facet normal -1 0 0
    outer loop
      vertex 10 0 1.5
      vertex 10 2 16.5
      vertex 10 2 1.5
    endloop
  endfacet
  facet normal -1 -0 0
    outer loop
      vertex 10 2 16.5
      vertex 10 0 1.5
      vertex 10 0 16.5
    endloop
  endfacet
  facet normal 0 1 -0
    outer loop
      vertex 12 2 1.5
      vertex 10 2 16.5
      vertex 12 2 16.5
    endloop
  endfacet
  facet normal 0 1 0
    outer loop
      vertex 10 2 16.5
      vertex 12 2 1.5
      vertex 10 2 1.5
    endloop
  endfacet
  facet normal -1 0 0
    outer loop
      vertex 10 10 1.5
      vertex 10 12 16.5
      vertex 10 12 1.5
    endloop
  endfacet
  facet normal -1 -0 0
    outer loop
      vertex 10 12 16.5
      vertex 10 10 1.5
      vertex 10 10 16.5
    endloop
  endfacet
  facet normal 0 -1 0
    outer loop
      vertex 10 10 1.5
      vertex 12 10 16.5
      vertex 10 10 16.5
    endloop
  endfacet
  facet normal 0 -1 -0
    outer loop
      vertex 12 10 16.5
      vertex 10 10 1.5
      vertex 12 10 1.5
    endloop
  endfacet
  facet normal 1 -0 0
    outer loop
      vertex 5.07 0 16.5
      vertex 5.07 1.5 1.5
      vertex 5.07 1.5 16.5
    endloop
  endfacet
  facet normal 1 0 0
    outer loop
      vertex 5.07 1.5 1.5
      vertex 5.07 0 16.5
      vertex 5.07 0 1.5
    endloop
  endfacet
  facet normal -1 0 0
    outer loop
      vertex 3.57 0 1.5
      vertex 3.57 1.5 16.5
      vertex 3.57 1.5 1.5
    endloop
  endfacet
  facet normal -1 -0 0
    outer loop
      vertex 3.57 1.5 16.5
      vertex 3.57 0 1.5
      vertex 3.57 0 16.5
    endloop
  endfacet
  facet normal 0 1 -0
    outer loop
      vertex 5.07 1.5 1.5
      vertex 3.57 1.5 16.5
      vertex 5.07 1.5 16.5
    endloop
  endfacet
  facet normal 0 1 0
    outer loop
      vertex 3.57 1.5 16.5
      vertex 5.07 1.5 1.5
      vertex 3.57 1.5 1.5
    endloop
  endfacet
  facet normal 1 -0 0
    outer loop
      vertex 5.07 10.5 16.5
      vertex 5.07 12 1.5
      vertex 5.07 12 16.5
    endloop
  endfacet
  facet normal 1 0 0
    outer loop
      vertex 5.07 12 1.5
      vertex 5.07 10.5 16.5
      vertex 5.07 10.5 1.5
    endloop
  endfacet
  facet normal -1 0 0
    outer loop
      vertex 3.57 10.5 1.5
      vertex 3.57 12 16.5
      vertex 3.57 12 1.5
    endloop
  endfacet
  facet normal -1 -0 0
    outer loop
      vertex 3.57 12 16.5
      vertex 3.57 10.5 1.5
      vertex 3.57 10.5 16.5
    endloop
  endfacet
  facet normal 0 -1 0
    outer loop
      vertex 3.57 10.5 1.5
      vertex 5.07 10.5 16.5
      vertex 3.57 10.5 16.5
    endloop
  endfacet
  facet normal 0 -1 -0
    outer loop
      vertex 5.07 10.5 16.5
      vertex 3.57 10.5 1.5
      vertex 5.07 10.5 1.5
    endloop
  endfacet
  facet normal 1 -0 0
    outer loop
      vertex 1.5 3.57 16.5
      vertex 1.5 5.07 1.5
      vertex 1.5 5.07 16.5
    endloop
  endfacet
  facet normal 1 0 0
    outer loop
      vertex 1.5 5.07 1.5
      vertex 1.5 3.57 16.5
      vertex 1.5 3.57 1.5
    endloop
  endfacet
  facet normal 0 1 -0
    outer loop
      vertex 1.5 5.07 1.5
      vertex 0 5.07 16.5
      vertex 1.5 5.07 16.5
    endloop
  endfacet
  facet normal 0 1 0
    outer loop
      vertex 0 5.07 16.5
      vertex 1.5 5.07 1.5
      vertex 0 5.07 1.5
    endloop
  endfacet
  facet normal 0 -1 0
    outer loop
      vertex 0 3.57 1.5
      vertex 1.5 3.57 16.5
      vertex 0 3.57 16.5
    endloop
  endfacet
  facet normal 0 -1 -0
    outer loop
      vertex 1.5 3.57 16.5
      vertex 0 3.57 1.5
      vertex 1.5 3.57 1.5
    endloop
  endfacet
  facet normal -1 0 0
    outer loop
      vertex 10.5 3.57 1.5
      vertex 10.5 5.07 16.5
      vertex 10.5 5.07 1.5
    endloop
  endfacet
  facet normal -1 -0 0
    outer loop
      vertex 10.5 5.07 16.5
      vertex 10.5 3.57 1.5
      vertex 10.5 3.57 16.5
    endloop
  endfacet
  facet normal 0 1 -0
    outer loop
      vertex 12 5.07 1.5
      vertex 10.5 5.07 16.5
      vertex 12 5.07 16.5
    endloop
  endfacet
  facet normal 0 1 0
    outer loop
      vertex 10.5 5.07 16.5
      vertex 12 5.07 1.5
      vertex 10.5 5.07 1.5
    endloop
  endfacet
  facet normal 0 -1 0
    outer loop
      vertex 10.5 3.57 1.5
      vertex 12 3.57 16.5
      vertex 10.5 3.57 16.5
    endloop
  endfacet
  facet normal 0 -1 -0
    outer loop
      vertex 12 3.57 16.5
      vertex 10.5 3.57 1.5
      vertex 12 3.57 1.5
    endloop
  endfacet
  facet normal 1 -0 0
    outer loop
      vertex 8.43 0 16.5
      vertex 8.43 1.5 1.5
      vertex 8.43 1.5 16.5
    endloop
  endfacet
  facet normal 1 0 0
    outer loop
      vertex 8.43 1.5 1.5
      vertex 8.43 0 16.5
      vertex 8.43 0 1.5
    endloop
  endfacet
  facet normal -1 0 0
    outer loop
      vertex 6.93 0 1.5
      vertex 6.93 1.5 16.5
      vertex 6.93 1.5 1.5
    endloop
  endfacet
  facet normal -1 -0 0
    outer loop
      vertex 6.93 1.5 16.5
      vertex 6.93 0 1.5
      vertex 6.93 0 16.5
    endloop
  endfacet
  facet normal 0 1 -0
    outer loop
      vertex 8.43 1.5 1.5
      vertex 6.93 1.5 16.5
      vertex 8.43 1.5 16.5
    endloop
  endfacet
  facet normal 0 1 0
    outer loop
      vertex 6.93 1.5 16.5
      vertex 8.43 1.5 1.5
      vertex 6.93 1.5 1.5
    endloop
  endfacet
  facet normal 1 -0 0
    outer loop
      vertex 8.43 10.5 16.5
      vertex 8.43 12 1.5
      vertex 8.43 12 16.5
    endloop
  endfacet
  facet normal 1 0 0
    outer loop
      vertex 8.43 12 1.5
      vertex 8.43 10.5 16.5
      vertex 8.43 10.5 1.5
    endloop
  endfacet
  facet normal -1 0 0
    outer loop
      vertex 6.93 10.5 1.5
      vertex 6.93 12 16.5
      vertex 6.93 12 1.5
    endloop
  endfacet
  facet normal -1 -0 0
    outer loop
      vertex 6.93 12 16.5
      vertex 6.93 10.5 1.5
      vertex 6.93 10.5 16.5
    endloop
  endfacet
  facet normal 0 -1 0
    outer loop
      vertex 6.93 10.5 1.5
      vertex 8.43 10.5 16.5
      vertex 6.93 10.5 16.5
    endloop
  endfacet
  facet normal 0 -1 -0
    outer loop
      vertex 8.43 10.5 16.5
      vertex 6.93 10.5 1.5
      vertex 8.43 10.5 1.5
    endloop
  endfacet
  facet normal 1 -0 0
    outer loop
      vertex 1.5 6.93 16.5
      vertex 1.5 8.43 1.5
      vertex 1.5 8.43 16.5
    endloop
  endfacet
  facet normal 1 0 0
    outer loop
      vertex 1.5 8.43 1.5
      vertex 1.5 6.93 16.5
      vertex 1.5 6.93 1.5
    endloop
  endfacet
  facet normal 0 1 -0
    outer loop
      vertex 1.5 8.43 1.5
      vertex 0 8.43 16.5
      vertex 1.5 8.43 16.5
    endloop
  endfacet
  facet normal 0 1 0
    outer loop
      vertex 0 8.43 16.5
      vertex 1.5 8.43 1.5
      vertex 0 8.43 1.5
    endloop
  endfacet
  facet normal 0 -1 0
    outer loop
      vertex 0 6.93 1.5
      vertex 1.5 6.93 16.5
      vertex 0 6.93 16.5
    endloop
  endfacet
  facet normal 0 -1 -0
    outer loop
      vertex 1.5 6.93 16.5
      vertex 0 6.93 1.5
      vertex 1.5 6.93 1.5
    endloop
  endfacet
  facet normal -1 0 0
    outer loop
      vertex 10.5 6.93 1.5
      vertex 10.5 8.43 16.5
      vertex 10.5 8.43 1.5
    endloop
  endfacet
  facet normal -1 -0 0
    outer loop
      vertex 10.5 8.43 16.5
      vertex 10.5 6.93 1.5
      vertex 10.5 6.93 16.5
    endloop
  endfacet
  facet normal 0 1 -0
    outer loop
      vertex 12 8.43 1.5
      vertex 10.5 8.43 16.5
      vertex 12 8.43 16.5
    endloop
  endfacet
  facet normal 0 1 0
    outer loop
      vertex 10.5 8.43 16.5
      vertex 12 8.43 1.5
      vertex 10.5 8.43 1.5
    endloop
  endfacet
  facet normal 0 -1 0
    outer loop
      vertex 10.5 6.93 1.5
      vertex 12 6.93 16.5
      vertex 10.5 6.93 16.5
    endloop
  endfacet
  facet normal 0 -1 -0
    outer loop
      vertex 12 6.93 16.5
      vertex 10.5 6.93 1.5
      vertex 12 6.93 1.5
    endloop
  endfacet
  facet normal 0 0 1
    outer loop
      vertex 12 10 1.5
      vertex 10.5 8.43 1.5
      vertex 12 8.43 1.5
    endloop
  endfacet
  facet normal 0 0 1
    outer loop
      vertex 6.93 10.5 1.5
      vertex 10.5 6.93 1.5
      vertex 10.5 8.43 1.5
    endloop
  endfacet
  facet normal 0 0 1
    outer loop
      vertex 10.5 6.93 1.5
      vertex 6.93 10.5 1.5
      vertex 10.5 5.07 1.5
    endloop
  endfacet
  facet normal 0 0 1
    outer loop
      vertex 8.43 10.5 1.5
      vertex 10.5 8.43 1.5
      vertex 10 10 1.5
    endloop
  endfacet
  facet normal -0 0 1
    outer loop
      vertex 10 10 1.5
      vertex 10.5 8.43 1.5
      vertex 12 10 1.5
    endloop
  endfacet
  facet normal -0 0 1
    outer loop
      vertex 10.5 6.93 1.5
      vertex 12 5.07 1.5
      vertex 12 6.93 1.5
    endloop
  endfacet
  facet normal 0 0 1
    outer loop
      vertex 12 5.07 1.5
      vertex 10.5 6.93 1.5
      vertex 10.5 5.07 1.5
    endloop
  endfacet
  facet normal -0 0 1
    outer loop
      vertex 10.5 3.57 1.5
      vertex 12 2 1.5
      vertex 12 3.57 1.5
    endloop
  endfacet
  facet normal 0 0 1
    outer loop
      vertex 10.5 3.57 1.5
      vertex 10 2 1.5
      vertex 12 2 1.5
    endloop
  endfacet
  facet normal -0 0 1
    outer loop
      vertex 6.93 10.5 1.5
      vertex 10.5 8.43 1.5
      vertex 8.43 10.5 1.5
    endloop
  endfacet
  facet normal -0 0 1
    outer loop
      vertex 0 6.93 1.5
      vertex 1.5 5.07 1.5
      vertex 1.5 6.93 1.5
    endloop
  endfacet
  facet normal 0 0 1
    outer loop
      vertex 1.5 5.07 1.5
      vertex 0 6.93 1.5
      vertex 0 5.07 1.5
    endloop
  endfacet
  facet normal -0 0 1
    outer loop
      vertex 1.5 5.07 1.5
      vertex 5.07 1.5 1.5
      vertex 1.5 6.93 1.5
    endloop
  endfacet
  facet normal -0 0 1
    outer loop
      vertex 0 10 1.5
      vertex 1.5 8.43 1.5
      vertex 2 10 1.5
    endloop
  endfacet
  facet normal 0 0 1
    outer loop
      vertex 1.5 8.43 1.5
      vertex 0 10 1.5
      vertex 0 8.43 1.5
    endloop
  endfacet
  facet normal -0 0 1
    outer loop
      vertex 2 12 1.5
      vertex 3.57 10.5 1.5
      vertex 3.57 12 1.5
    endloop
  endfacet
  facet normal 0 0 1
    outer loop
      vertex 1.5 8.43 1.5
      vertex 3.57 10.5 1.5
      vertex 2 10 1.5
    endloop
  endfacet
  facet normal 0 0 1
    outer loop
      vertex 3.57 10.5 1.5
      vertex 2 12 1.5
      vertex 2 10 1.5
    endloop
  endfacet
  facet normal 0 0 1
    outer loop
      vertex 5.07 10.5 1.5
      vertex 1.5 6.93 1.5
      vertex 5.07 1.5 1.5
    endloop
  endfacet
  facet normal 0 0 1
    outer loop
      vertex 2 0 1.5
      vertex 3.57 1.5 1.5
      vertex 2 2 1.5
    endloop
  endfacet
  facet normal 0 0 1
    outer loop
      vertex 3.57 1.5 1.5
      vertex 2 0 1.5
      vertex 3.57 0 1.5
    endloop
  endfacet
  facet normal 0 0 1
    outer loop
      vertex 1.5 8.43 1.5
      vertex 5.07 10.5 1.5
      vertex 3.57 10.5 1.5
    endloop
  endfacet
  facet normal 0 0 1
    outer loop
      vertex 1.5 6.93 1.5
      vertex 5.07 10.5 1.5
      vertex 1.5 8.43 1.5
    endloop
  endfacet
  facet normal 0 0 1
    outer loop
      vertex 5.07 10.5 1.5
      vertex 6.93 10.5 1.5
      vertex 6.93 12 1.5
    endloop
  endfacet
  facet normal 0 0 1
    outer loop
      vertex 6.93 10.5 1.5
      vertex 5.07 10.5 1.5
      vertex 6.93 1.5 1.5
    endloop
  endfacet
  facet normal 0 0 1
    outer loop
      vertex 5.07 10.5 1.5
      vertex 6.93 12 1.5
      vertex 5.07 12 1.5
    endloop
  endfacet
  facet normal 0 0 1
    outer loop
      vertex 5.07 1.5 1.5
      vertex 6.93 1.5 1.5
      vertex 5.07 10.5 1.5
    endloop
  endfacet
  facet normal 0 0 1
    outer loop
      vertex 6.93 1.5 1.5
      vertex 5.07 1.5 1.5
      vertex 6.93 0 1.5
    endloop
  endfacet
  facet normal 0 0 1
    outer loop
      vertex 6.93 0 1.5
      vertex 5.07 1.5 1.5
      vertex 5.07 0 1.5
    endloop
  endfacet
  facet normal 0 0 1
    outer loop
      vertex 10.5 5.07 1.5
      vertex 6.93 1.5 1.5
      vertex 10.5 3.57 1.5
    endloop
  endfacet
  facet normal 0 0 1
    outer loop
      vertex 10.5 3.57 1.5
      vertex 6.93 1.5 1.5
      vertex 8.43 1.5 1.5
    endloop
  endfacet
  facet normal -0 0 1
    outer loop
      vertex 8.43 10.5 1.5
      vertex 10 10 1.5
      vertex 10 12 1.5
    endloop
  endfacet
  facet normal 0 0 1
    outer loop
      vertex 6.93 1.5 1.5
      vertex 10.5 5.07 1.5
      vertex 6.93 10.5 1.5
    endloop
  endfacet
  facet normal 0 0 1
    outer loop
      vertex 8.43 10.5 1.5
      vertex 10 12 1.5
      vertex 8.43 12 1.5
    endloop
  endfacet
  facet normal 0 0 1
    outer loop
      vertex 10.5 3.57 1.5
      vertex 8.43 1.5 1.5
      vertex 10 2 1.5
    endloop
  endfacet
  facet normal 0 0 1
    outer loop
      vertex 10 2 1.5
      vertex 8.43 1.5 1.5
      vertex 10 0 1.5
    endloop
  endfacet
  facet normal 0 0 1
    outer loop
      vertex 10 0 1.5
      vertex 8.43 1.5 1.5
      vertex 8.43 0 1.5
    endloop
  endfacet
  facet normal 0 0 1
    outer loop
      vertex 5.07 1.5 1.5
      vertex 1.5 5.07 1.5
      vertex 3.57 1.5 1.5
    endloop
  endfacet
  facet normal -0 0 1
    outer loop
      vertex 1.5 3.57 1.5
      vertex 3.57 1.5 1.5
      vertex 1.5 5.07 1.5
    endloop
  endfacet
  facet normal 0 0 1
    outer loop
      vertex 3.57 1.5 1.5
      vertex 1.5 3.57 1.5
      vertex 2 2 1.5
    endloop
  endfacet
  facet normal 0 0 1
    outer loop
      vertex 0 2 1.5
      vertex 1.5 3.57 1.5
      vertex 0 3.57 1.5
    endloop
  endfacet
  facet normal 0 0 1
    outer loop
      vertex 1.5 3.57 1.5
      vertex 0 2 1.5
      vertex 2 2 1.5
    endloop
  endfacet
  facet normal 0 0 -1
    outer loop
      vertex 12 2 16.5
      vertex 10.5 3.57 16.5
      vertex 12 3.57 16.5
    endloop
  endfacet
  facet normal 0 0 -1
    outer loop
      vertex 8.33594 5.62155 16.5
      vertex 10.5 5.07 16.5
      vertex 10.5 3.57 16.5
    endloop
  endfacet
  facet normal 0 -0 -1
    outer loop
      vertex 8.45833 6 16.5
      vertex 10.5 5.07 16.5
      vertex 8.40352 5.83052 16.5
    endloop
  endfacet
  facet normal 0 0 -1
    outer loop
      vertex 8.43 1.5 16.5
      vertex 10.5 3.57 16.5
      vertex 10 2 16.5
    endloop
  endfacet
  facet normal 0 0 -1
    outer loop
      vertex 10 2 16.5
      vertex 10.5 3.57 16.5
      vertex 12 2 16.5
    endloop
  endfacet
  facet normal 0 0 -1
    outer loop
      vertex 10.5 5.07 16.5
      vertex 12 6.93 16.5
      vertex 12 5.07 16.5
    endloop
  endfacet
  facet normal -0 0 -1
    outer loop
      vertex 12 6.93 16.5
      vertex 10.5 5.07 16.5
      vertex 10.5 6.93 16.5
    endloop
  endfacet
  facet normal 0 0 -1
    outer loop
      vertex 10.5 8.43 16.5
      vertex 12 10 16.5
      vertex 12 8.43 16.5
    endloop
  endfacet
  facet normal 0 0 -1
    outer loop
      vertex 10.5 8.43 16.5
      vertex 10 10 16.5
      vertex 12 10 16.5
    endloop
  endfacet
  facet normal 0 0 -1
    outer loop
      vertex 8.39 6.21129 16.5
      vertex 10.5 6.93 16.5
      vertex 8.45833 6 16.5
    endloop
  endfacet
  facet normal 0 0 -1
    outer loop
      vertex 0 5.07 16.5
      vertex 1.5 6.93 16.5
      vertex 1.5 5.07 16.5
    endloop
  endfacet
  facet normal -0 0 -1
    outer loop
      vertex 1.5 6.93 16.5
      vertex 0 5.07 16.5
      vertex 0 6.93 16.5
    endloop
  endfacet
  facet normal -0 0 -1
    outer loop
      vertex 3.55133 5.95647 16.5
      vertex 1.5 5.07 16.5
      vertex 3.53768 6 16.5
    endloop
  endfacet
  facet normal 0 0 -1
    outer loop
      vertex 0 2 16.5
      vertex 1.5 3.57 16.5
      vertex 2 2 16.5
    endloop
  endfacet
  facet normal -0 0 -1
    outer loop
      vertex 1.5 3.57 16.5
      vertex 0 2 16.5
      vertex 0 3.57 16.5
    endloop
  endfacet
  facet normal 0 0 -1
    outer loop
      vertex 1.5 6.93 16.5
      vertex 3.53768 6 16.5
      vertex 1.5 5.07 16.5
    endloop
  endfacet
  facet normal 0 0 -1
    outer loop
      vertex 1.5 8.43 16.5
      vertex 3.53768 6 16.5
      vertex 1.5 6.93 16.5
    endloop
  endfacet
  facet normal 0 0 -1
    outer loop
      vertex 3.53768 6 16.5
      vertex 1.5 8.43 16.5
      vertex 2 10 16.5
    endloop
  endfacet
  facet normal 0 0 -1
    outer loop
      vertex 0 10 16.5
      vertex 1.5 8.43 16.5
      vertex 0 8.43 16.5
    endloop
  endfacet
  facet normal 0 0 -1
    outer loop
      vertex 1.5 8.43 16.5
      vertex 0 10 16.5
      vertex 2 10 16.5
    endloop
  endfacet
  facet normal 0 0 -1
    outer loop
      vertex 2 0 16.5
      vertex 3.57 1.5 16.5
      vertex 3.57 0 16.5
    endloop
  endfacet
  facet normal 0 0 -1
    outer loop
      vertex 1.5 3.57 16.5
      vertex 3.57 1.5 16.5
      vertex 2 2 16.5
    endloop
  endfacet
  facet normal -0 0 -1
    outer loop
      vertex 3.57 1.5 16.5
      vertex 2 0 16.5
      vertex 2 2 16.5
    endloop
  endfacet
  facet normal 0 0 -1
    outer loop
      vertex 7.07876 6.52902 16.5
      vertex 4.92578 6.52902 16.5
      vertex 5.07 10.5 16.5
    endloop
  endfacet
  facet normal 0 0 -1
    outer loop
      vertex 4.77233 6.57779 16.5
      vertex 5.07 10.5 16.5
      vertex 4.92578 6.52902 16.5
    endloop
  endfacet
  facet normal 0 0 -1
    outer loop
      vertex 4.4548 6.69287 16.5
      vertex 5.07 10.5 16.5
      vertex 4.77233 6.57779 16.5
    endloop
  endfacet
  facet normal 0 0 -1
    outer loop
      vertex 3.57 10.5 16.5
      vertex 4.4548 6.69287 16.5
      vertex 4.33735 6.67947 16.5
    endloop
  endfacet
  facet normal 0 0 -1
    outer loop
      vertex 3.57 10.5 16.5
      vertex 4.33735 6.67947 16.5
      vertex 3.99745 6.63674 16.5
    endloop
  endfacet
  facet normal 0 0 -1
    outer loop
      vertex 2 10 16.5
      vertex 3.99745 6.63674 16.5
      vertex 3.65888 6.38022 16.5
    endloop
  endfacet
  facet normal 0 0 -1
    outer loop
      vertex 2 10 16.5
      vertex 3.65888 6.38022 16.5
      vertex 3.65654 6.37845 16.5
    endloop
  endfacet
  facet normal 0 0 -1
    outer loop
      vertex 4.4548 6.69287 16.5
      vertex 3.57 10.5 16.5
      vertex 5.07 10.5 16.5
    endloop
  endfacet
  facet normal 0 0 -1
    outer loop
      vertex 2 10 16.5
      vertex 3.65654 6.37845 16.5
      vertex 3.65349 6.36936 16.5
    endloop
  endfacet
  facet normal 0 0 -1
    outer loop
      vertex 2 10 16.5
      vertex 3.65349 6.36936 16.5
      vertex 3.53768 6 16.5
    endloop
  endfacet
  facet normal 0 0 -1
    outer loop
      vertex 3.99745 6.63674 16.5
      vertex 2 10 16.5
      vertex 3.57 10.5 16.5
    endloop
  endfacet
  facet normal -0 0 -1
    outer loop
      vertex 3.65617 5.62265 16.5
      vertex 1.5 5.07 16.5
      vertex 3.65349 5.63064 16.5
    endloop
  endfacet
  facet normal -0 0 -1
    outer loop
      vertex 3.65349 5.63064 16.5
      vertex 1.5 5.07 16.5
      vertex 3.55133 5.95647 16.5
    endloop
  endfacet
  facet normal 0 0 -1
    outer loop
      vertex 2 12 16.5
      vertex 3.57 10.5 16.5
      vertex 2 10 16.5
    endloop
  endfacet
  facet normal 0 0 -1
    outer loop
      vertex 3.57 10.5 16.5
      vertex 2 12 16.5
      vertex 3.57 12 16.5
    endloop
  endfacet
  facet normal 0 0 -1
    outer loop
      vertex 5.07 1.5 16.5
      vertex 6.93 1.5 16.5
      vertex 6.93 0 16.5
    endloop
  endfacet
  facet normal 0 0 -1
    outer loop
      vertex 4.92578 5.47097 16.5
      vertex 6.93 1.5 16.5
      vertex 5.07 1.5 16.5
    endloop
  endfacet
  facet normal 0 0 -1
    outer loop
      vertex 6.7407 5.80279 16.5
      vertex 5.26066 5.80279 16.5
      vertex 6.7407 6.19721 16.5
    endloop
  endfacet
  facet normal 0 0 -1
    outer loop
      vertex 6.93 1.5 16.5
      vertex 4.92578 5.47097 16.5
      vertex 6.78698 5.76517 16.5
    endloop
  endfacet
  facet normal 0 -0 -1
    outer loop
      vertex 5.01297 5.5654 16.5
      vertex 6.78698 5.76517 16.5
      vertex 4.92578 5.47097 16.5
    endloop
  endfacet
  facet normal -0 0 -1
    outer loop
      vertex 6.7407 5.80279 16.5
      vertex 5.16278 5.71393 16.5
      vertex 5.26066 5.80279 16.5
    endloop
  endfacet
  facet normal 0 0 -1
    outer loop
      vertex 5.07 1.5 16.5
      vertex 6.93 0 16.5
      vertex 5.07 0 16.5
    endloop
  endfacet
  facet normal -0 0 -1
    outer loop
      vertex 6.78698 5.76517 16.5
      vertex 5.16278 5.71393 16.5
      vertex 6.7407 5.80279 16.5
    endloop
  endfacet
  facet normal 0 0 -1
    outer loop
      vertex 5.16278 5.71393 16.5
      vertex 5.01297 5.5654 16.5
      vertex 5.08457 5.64294 16.5
    endloop
  endfacet
  facet normal 0 -0 -1
    outer loop
      vertex 5.16278 5.71393 16.5
      vertex 6.78698 5.76517 16.5
      vertex 5.01297 5.5654 16.5
    endloop
  endfacet
  facet normal 0 0 -1
    outer loop
      vertex 5.07 1.5 16.5
      vertex 4.84073 5.44395 16.5
      vertex 4.92578 5.47097 16.5
    endloop
  endfacet
  facet normal 0 0 -1
    outer loop
      vertex 5.07 1.5 16.5
      vertex 4.77233 5.42221 16.5
      vertex 4.84073 5.44395 16.5
    endloop
  endfacet
  facet normal 0 0 -1
    outer loop
      vertex 5.07 1.5 16.5
      vertex 4.63687 5.37311 16.5
      vertex 4.77233 5.42221 16.5
    endloop
  endfacet
  facet normal 0 0 -1
    outer loop
      vertex 5.07 1.5 16.5
      vertex 4.4548 5.30712 16.5
      vertex 4.63687 5.37311 16.5
    endloop
  endfacet
  facet normal 0 0 -1
    outer loop
      vertex 3.57 1.5 16.5
      vertex 4.4548 5.30712 16.5
      vertex 5.07 1.5 16.5
    endloop
  endfacet
  facet normal -0 0 -1
    outer loop
      vertex 4.4548 5.30712 16.5
      vertex 3.57 1.5 16.5
      vertex 4.4021 5.31314 16.5
    endloop
  endfacet
  facet normal -0 0 -1
    outer loop
      vertex 4.4021 5.31314 16.5
      vertex 3.57 1.5 16.5
      vertex 4.33735 5.32053 16.5
    endloop
  endfacet
  facet normal -0 0 -1
    outer loop
      vertex 4.33735 5.32053 16.5
      vertex 3.57 1.5 16.5
      vertex 4.15755 5.34313 16.5
    endloop
  endfacet
  facet normal -0 0 -1
    outer loop
      vertex 4.15755 5.34313 16.5
      vertex 3.57 1.5 16.5
      vertex 3.99745 5.36326 16.5
    endloop
  endfacet
  facet normal 0 0 -1
    outer loop
      vertex 1.5 3.57 16.5
      vertex 3.99745 5.36326 16.5
      vertex 3.57 1.5 16.5
    endloop
  endfacet
  facet normal -0 0 -1
    outer loop
      vertex 3.99745 5.36326 16.5
      vertex 1.5 3.57 16.5
      vertex 3.90204 5.43555 16.5
    endloop
  endfacet
  facet normal -0 0 -1
    outer loop
      vertex 3.90204 5.43555 16.5
      vertex 1.5 3.57 16.5
      vertex 3.65654 5.62155 16.5
    endloop
  endfacet
  facet normal 0 0 -1
    outer loop
      vertex 1.5 5.07 16.5
      vertex 3.65654 5.62155 16.5
      vertex 1.5 3.57 16.5
    endloop
  endfacet
  facet normal -0 0 -1
    outer loop
      vertex 3.65654 5.62155 16.5
      vertex 1.5 5.07 16.5
      vertex 3.65617 5.62265 16.5
    endloop
  endfacet
  facet normal -0 0 -1
    outer loop
      vertex 10.5 6.93 16.5
      vertex 8.2137 6.47461 16.5
      vertex 10.5 8.43 16.5
    endloop
  endfacet
  facet normal 0 0 -1
    outer loop
      vertex 8.0076 6.63674 16.5
      vertex 10.5 8.43 16.5
      vertex 8.2137 6.47461 16.5
    endloop
  endfacet
  facet normal 0 -0 -1
    outer loop
      vertex 8.43 10.5 16.5
      vertex 10.5 8.43 16.5
      vertex 8.0076 6.63674 16.5
    endloop
  endfacet
  facet normal 0 0 -1
    outer loop
      vertex 10.5 8.43 16.5
      vertex 8.43 10.5 16.5
      vertex 10 10 16.5
    endloop
  endfacet
  facet normal 0 0 -1
    outer loop
      vertex 7.98703 6.63943 16.5
      vertex 8.43 10.5 16.5
      vertex 8.0076 6.63674 16.5
    endloop
  endfacet
  facet normal 0 0 -1
    outer loop
      vertex 7.95999 6.64296 16.5
      vertex 8.43 10.5 16.5
      vertex 7.98703 6.63943 16.5
    endloop
  endfacet
  facet normal 0 0 -1
    outer loop
      vertex 7.7136 6.67258 16.5
      vertex 8.43 10.5 16.5
      vertex 7.95999 6.64296 16.5
    endloop
  endfacet
  facet normal 0 0 -1
    outer loop
      vertex 7.54481 6.69287 16.5
      vertex 8.43 10.5 16.5
      vertex 7.7136 6.67258 16.5
    endloop
  endfacet
  facet normal 0 0 -1
    outer loop
      vertex 6.93 10.5 16.5
      vertex 7.54481 6.69287 16.5
      vertex 7.48001 6.66813 16.5
    endloop
  endfacet
  facet normal 0 0 -1
    outer loop
      vertex 6.93 10.5 16.5
      vertex 7.48001 6.66813 16.5
      vertex 7.42455 6.64695 16.5
    endloop
  endfacet
  facet normal 0 0 -1
    outer loop
      vertex 6.93 10.5 16.5
      vertex 7.42455 6.64695 16.5
      vertex 7.25679 6.58974 16.5
    endloop
  endfacet
  facet normal 0 0 -1
    outer loop
      vertex 6.93 10.5 16.5
      vertex 7.25679 6.58974 16.5
      vertex 7.07876 6.52902 16.5
    endloop
  endfacet
  facet normal 0 0 -1
    outer loop
      vertex 7.06053 6.50784 16.5
      vertex 4.92578 6.52902 16.5
      vertex 7.06937 6.51811 16.5
    endloop
  endfacet
  facet normal 0 0 -1
    outer loop
      vertex 6.90991 6.35751 16.5
      vertex 4.92578 6.52902 16.5
      vertex 7.06053 6.50784 16.5
    endloop
  endfacet
  facet normal 0 0 -1
    outer loop
      vertex 7.54481 6.69287 16.5
      vertex 6.93 10.5 16.5
      vertex 8.43 10.5 16.5
    endloop
  endfacet
  facet normal 0 0 -1
    outer loop
      vertex 4.92578 6.52902 16.5
      vertex 6.90991 6.35751 16.5
      vertex 5.08457 6.35706 16.5
    endloop
  endfacet
  facet normal 0 0 -1
    outer loop
      vertex 7.07876 6.52902 16.5
      vertex 5.07 10.5 16.5
      vertex 6.93 10.5 16.5
    endloop
  endfacet
  facet normal 0 0 -1
    outer loop
      vertex 6.76831 6.21966 16.5
      vertex 6.90991 6.35751 16.5
      vertex 6.78698 6.23483 16.5
    endloop
  endfacet
  facet normal 0 0 -1
    outer loop
      vertex 5.26066 6.19721 16.5
      vertex 6.90991 6.35751 16.5
      vertex 6.76831 6.21966 16.5
    endloop
  endfacet
  facet normal 0 0 -1
    outer loop
      vertex 5.26066 6.19721 16.5
      vertex 6.76831 6.21966 16.5
      vertex 6.7407 6.19721 16.5
    endloop
  endfacet
  facet normal 0 0 -1
    outer loop
      vertex 5.26066 6.19721 16.5
      vertex 6.7407 6.19721 16.5
      vertex 5.26066 5.80279 16.5
    endloop
  endfacet
  facet normal 0 0 -1
    outer loop
      vertex 6.90991 6.35751 16.5
      vertex 5.26066 6.19721 16.5
      vertex 5.08457 6.35706 16.5
    endloop
  endfacet
  facet normal 0 0 -1
    outer loop
      vertex 7.06937 6.51811 16.5
      vertex 4.92578 6.52902 16.5
      vertex 7.07876 6.52902 16.5
    endloop
  endfacet
  facet normal 0 0 -1
    outer loop
      vertex 6.93 10.5 16.5
      vertex 5.07 10.5 16.5
      vertex 6.93 12 16.5
    endloop
  endfacet
  facet normal -0 0 -1
    outer loop
      vertex 6.93 12 16.5
      vertex 5.07 10.5 16.5
      vertex 5.07 12 16.5
    endloop
  endfacet
  facet normal 0 0 -1
    outer loop
      vertex 8.43 1.5 16.5
      vertex 10 2 16.5
      vertex 10 0 16.5
    endloop
  endfacet
  facet normal 0 0 -1
    outer loop
      vertex 8.33594 6.37845 16.5
      vertex 10.5 6.93 16.5
      vertex 8.39 6.21129 16.5
    endloop
  endfacet
  facet normal 0 0 -1
    outer loop
      vertex 8.2137 6.47461 16.5
      vertex 10.5 6.93 16.5
      vertex 8.33594 6.37845 16.5
    endloop
  endfacet
  facet normal 0 0 -1
    outer loop
      vertex 8.43 1.5 16.5
      vertex 10 0 16.5
      vertex 8.43 0 16.5
    endloop
  endfacet
  facet normal -0 0 -1
    outer loop
      vertex 10.5 3.57 16.5
      vertex 8.43 1.5 16.5
      vertex 8.0076 5.36326 16.5
    endloop
  endfacet
  facet normal 0 0 -1
    outer loop
      vertex 10.5 5.07 16.5
      vertex 8.45833 6 16.5
      vertex 10.5 6.93 16.5
    endloop
  endfacet
  facet normal 0 0 -1
    outer loop
      vertex 10.5 5.07 16.5
      vertex 8.33594 5.62155 16.5
      vertex 8.40352 5.83052 16.5
    endloop
  endfacet
  facet normal 0 0 -1
    outer loop
      vertex 10.5 3.57 16.5
      vertex 8.04298 5.39109 16.5
      vertex 8.33594 5.62155 16.5
    endloop
  endfacet
  facet normal 0 0 -1
    outer loop
      vertex 10.5 3.57 16.5
      vertex 8.0076 5.36326 16.5
      vertex 8.04298 5.39109 16.5
    endloop
  endfacet
  facet normal 0 0 -1
    outer loop
      vertex 8.43 1.5 16.5
      vertex 7.95999 5.35704 16.5
      vertex 8.0076 5.36326 16.5
    endloop
  endfacet
  facet normal 0 0 -1
    outer loop
      vertex 8.43 1.5 16.5
      vertex 7.54481 5.30712 16.5
      vertex 7.95999 5.35704 16.5
    endloop
  endfacet
  facet normal 0 0 -1
    outer loop
      vertex 6.93 1.5 16.5
      vertex 7.54481 5.30712 16.5
      vertex 8.43 1.5 16.5
    endloop
  endfacet
  facet normal -0 0 -1
    outer loop
      vertex 7.54481 5.30712 16.5
      vertex 6.93 1.5 16.5
      vertex 7.42455 5.35305 16.5
    endloop
  endfacet
  facet normal -0 0 -1
    outer loop
      vertex 7.42455 5.35305 16.5
      vertex 6.93 1.5 16.5
      vertex 7.07876 5.47097 16.5
    endloop
  endfacet
  facet normal 0 -0 -1
    outer loop
      vertex 6.97116 5.58136 16.5
      vertex 7.07876 5.47097 16.5
      vertex 6.93 1.5 16.5
    endloop
  endfacet
  facet normal 0 0 -1
    outer loop
      vertex 7.07876 5.47097 16.5
      vertex 6.97116 5.58136 16.5
      vertex 7.06053 5.49216 16.5
    endloop
  endfacet
  facet normal -0 0 -1
    outer loop
      vertex 6.97116 5.58136 16.5
      vertex 6.93 1.5 16.5
      vertex 6.78698 5.76517 16.5
    endloop
  endfacet
  facet normal 0 0 -1
    outer loop
      vertex 10 10 16.5
      vertex 8.43 10.5 16.5
      vertex 10 12 16.5
    endloop
  endfacet
  facet normal -0 0 -1
    outer loop
      vertex 10 12 16.5
      vertex 8.43 10.5 16.5
      vertex 8.43 12 16.5
    endloop
  endfacet
  facet normal -0.936742 -0.281045 0.208634
    outer loop
      vertex 3.44385 5.62155 18
      vertex 3.52089 5.62155 18.3459
      vertex 3.33252 5.99262 18
    endloop
  endfacet
  facet normal -0.936541 -0.281724 0.208621
    outer loop
      vertex 3.33252 5.99262 18
      vertex 3.41448 6 18.3779
      vertex 3.3303 6 18
    endloop
  endfacet
  facet normal -0.936743 -0.28103 0.208652
    outer loop
      vertex 3.41448 6 18.3779
      vertex 3.33252 5.99262 18
      vertex 3.52089 5.62155 18.3459
    endloop
  endfacet
  facet normal -0.640162 -0.754892 0.142584
    outer loop
      vertex 3.74843 5.36326 18
      vertex 3.80634 5.36326 18.26
      vertex 3.46866 5.60051 18
    endloop
  endfacet
  facet normal -0.640174 -0.754882 0.142582
    outer loop
      vertex 3.46866 5.60051 18
      vertex 3.52089 5.62155 18.3459
      vertex 3.44385 5.62155 18
    endloop
  endfacet
  facet normal -0.640161 -0.754894 0.14258
    outer loop
      vertex 3.52089 5.62155 18.3459
      vertex 3.46866 5.60051 18
      vertex 3.80634 5.36326 18.26
    endloop
  endfacet
  facet normal -0.139287 -0.989766 0.0310209
    outer loop
      vertex 4.14734 5.30712 18
      vertex 4.18019 5.30712 18.1475
      vertex 3.87234 5.34582 18
    endloop
  endfacet
  facet normal -0.139306 -0.989763 0.0310278
    outer loop
      vertex 3.87234 5.34582 18
      vertex 3.80634 5.36326 18.26
      vertex 3.74843 5.36326 18
    endloop
  endfacet
  facet normal -0.139292 -0.989765 0.0310316
    outer loop
      vertex 3.80634 5.36326 18.26
      vertex 3.87234 5.34582 18
      vertex 4.18019 5.30712 18.1475
    endloop
  endfacet
  facet normal 0.406337 -0.909223 -0.0905735
    outer loop
      vertex 4.51393 5.47097 18
      vertex 4.52376 5.47097 18.0441
      vertex 4.41731 5.42779 18
    endloop
  endfacet
  facet normal 0.406392 -0.909205 -0.0905084
    outer loop
      vertex 4.41731 5.42779 18
      vertex 4.18019 5.30712 18.1475
      vertex 4.14734 5.30712 18
    endloop
  endfacet
  facet normal 0.406344 -0.909218 -0.0905965
    outer loop
      vertex 4.18019 5.30712 18.1475
      vertex 4.41731 5.42779 18
      vertex 4.52376 5.47097 18.0441
    endloop
  endfacet
  facet normal 0.821761 -0.53959 -0.183173
    outer loop
      vertex 4.67045 5.70934 18
      vertex 4.52376 5.47097 18.0441
      vertex 4.51393 5.47097 18
    endloop
  endfacet
  facet normal 0.821679 0.53972 -0.183154
    outer loop
      vertex 4.52376 6.52902 18.0441
      vertex 4.55229 6.47062 18
      vertex 4.51393 6.52902 18
    endloop
  endfacet
  facet normal 0.821816 0.539597 -0.182903
    outer loop
      vertex 4.67045 6.29066 18
      vertex 4.55229 6.47062 18
      vertex 4.52376 6.52902 18.0441
    endloop
  endfacet
  facet normal 0.406371 0.909215 -0.0905036
    outer loop
      vertex 4.18019 6.69287 18.1475
      vertex 4.31472 6.61806 18
      vertex 4.14734 6.69287 18
    endloop
  endfacet
  facet normal 0.406382 0.909202 -0.0905836
    outer loop
      vertex 4.31472 6.61806 18
      vertex 4.52376 6.52902 18.0441
      vertex 4.51393 6.52902 18
    endloop
  endfacet
  facet normal 0.406371 0.909215 -0.0905039
    outer loop
      vertex 4.52376 6.52902 18.0441
      vertex 4.31472 6.61806 18
      vertex 4.18019 6.69287 18.1475
    endloop
  endfacet
  facet normal -0.139299 0.989764 0.0310262
    outer loop
      vertex 3.80634 6.63674 18.26
      vertex 4.019 6.67482 18
      vertex 3.74843 6.63674 18
    endloop
  endfacet
  facet normal -0.139204 0.989778 0.0310025
    outer loop
      vertex 4.019 6.67482 18
      vertex 4.18019 6.69287 18.1475
      vertex 4.14734 6.69287 18
    endloop
  endfacet
  facet normal -0.139257 0.989769 0.0310614
    outer loop
      vertex 4.18019 6.69287 18.1475
      vertex 4.019 6.67482 18
      vertex 3.80634 6.63674 18.26
    endloop
  endfacet
  facet normal -0.640177 0.75488 0.142582
    outer loop
      vertex 3.52089 6.37845 18.3459
      vertex 3.69933 6.59511 18
      vertex 3.44385 6.37845 18
    endloop
  endfacet
  facet normal -0.640095 0.754952 0.142569
    outer loop
      vertex 3.69933 6.59511 18
      vertex 3.80634 6.63674 18.26
      vertex 3.74843 6.63674 18
    endloop
  endfacet
  facet normal -0.640155 0.754895 0.142603
    outer loop
      vertex 3.80634 6.63674 18.26
      vertex 3.69933 6.59511 18
      vertex 3.52089 6.37845 18.3459
    endloop
  endfacet
  facet normal -0.936731 0.281061 0.208664
    outer loop
      vertex 3.41448 6 18.3779
      vertex 3.43732 6.35668 18
      vertex 3.3303 6 18
    endloop
  endfacet
  facet normal -0.936759 0.280985 0.208638
    outer loop
      vertex 3.43732 6.35668 18
      vertex 3.52089 6.37845 18.3459
      vertex 3.44385 6.37845 18
    endloop
  endfacet
  facet normal -0.936747 0.281029 0.208632
    outer loop
      vertex 3.52089 6.37845 18.3459
      vertex 3.43732 6.35668 18
      vertex 3.41448 6 18.3779
    endloop
  endfacet
  facet normal -0.896376 -0.281025 0.342832
    outer loop
      vertex 3.52089 5.62155 18.3459
      vertex 3.6559 5.62155 18.6989
      vertex 3.41448 6 18.3779
    endloop
  endfacet
  facet normal -0.896371 -0.280972 0.34289
    outer loop
      vertex 3.6559 5.62155 18.6989
      vertex 3.55529 6 18.746
      vertex 3.41448 6 18.3779
    endloop
  endfacet
  facet normal -0.612552 -0.754896 0.234331
    outer loop
      vertex 3.80634 5.36326 18.26
      vertex 3.92581 5.36326 18.5723
      vertex 3.52089 5.62155 18.3459
    endloop
  endfacet
  facet normal -0.612539 -0.754925 0.234274
    outer loop
      vertex 3.92581 5.36326 18.5723
      vertex 3.6559 5.62155 18.6989
      vertex 3.52089 5.62155 18.3459
    endloop
  endfacet
  facet normal -0.133288 -0.989765 0.0509848
    outer loop
      vertex 4.18019 5.30712 18.1475
      vertex 4.2793 5.30712 18.4066
      vertex 3.80634 5.36326 18.26
    endloop
  endfacet
  facet normal -0.133289 -0.989765 0.0509896
    outer loop
      vertex 4.2793 5.30712 18.4066
      vertex 3.92581 5.36326 18.5723
      vertex 3.80634 5.36326 18.26
    endloop
  endfacet
  facet normal 0.388848 -0.909217 -0.148732
    outer loop
      vertex 4.52376 5.47097 18.0441
      vertex 4.60416 5.47097 18.2543
      vertex 4.18019 5.30712 18.1475
    endloop
  endfacet
  facet normal 0.388849 -0.909215 -0.148741
    outer loop
      vertex 4.60416 5.47097 18.2543
      vertex 4.2793 5.30712 18.4066
      vertex 4.18019 5.30712 18.1475
    endloop
  endfacet
  facet normal 0.786336 -0.539622 -0.300805
    outer loop
      vertex 4.79724 5.80279 18.1638
      vertex 4.67045 5.70934 18
      vertex 4.73458 5.80279 18
    endloop
  endfacet
  facet normal 0.786354 -0.539572 -0.300848
    outer loop
      vertex 4.67045 5.70934 18
      vertex 4.79724 5.80279 18.1638
      vertex 4.52376 5.47097 18.0441
    endloop
  endfacet
  facet normal 0.78636 -0.539602 -0.300777
    outer loop
      vertex 4.79724 5.80279 18.1638
      vertex 4.60416 5.47097 18.2543
      vertex 4.52376 5.47097 18.0441
    endloop
  endfacet
  facet normal 0.933994 0 -0.35729
    outer loop
      vertex 4.79724 5.80279 18.1638
      vertex 4.73458 6.19721 18
      vertex 4.79724 6.19721 18.1638
    endloop
  endfacet
  facet normal 0.933994 0 -0.35729
    outer loop
      vertex 4.73458 6.19721 18
      vertex 4.79724 5.80279 18.1638
      vertex 4.73458 5.80279 18
    endloop
  endfacet
  facet normal 0.786368 0.53959 -0.30078
    outer loop
      vertex 4.60416 6.52902 18.2543
      vertex 4.67045 6.29066 18
      vertex 4.52376 6.52902 18.0441
    endloop
  endfacet
  facet normal 0.786281 0.539664 -0.300872
    outer loop
      vertex 4.67045 6.29066 18
      vertex 4.60416 6.52902 18.2543
      vertex 4.72008 6.21835 18
    endloop
  endfacet
  facet normal 0.786352 0.539614 -0.300778
    outer loop
      vertex 4.79724 6.19721 18.1638
      vertex 4.72008 6.21835 18
      vertex 4.60416 6.52902 18.2543
    endloop
  endfacet
  facet normal 0.786451 0.53943 -0.300849
    outer loop
      vertex 4.72008 6.21835 18
      vertex 4.79724 6.19721 18.1638
      vertex 4.73458 6.19721 18
    endloop
  endfacet
  facet normal 0.388845 0.909217 -0.14874
    outer loop
      vertex 4.2793 6.69287 18.4066
      vertex 4.52376 6.52902 18.0441
      vertex 4.18019 6.69287 18.1475
    endloop
  endfacet
  facet normal 0.388853 0.909215 -0.148733
    outer loop
      vertex 4.60416 6.52902 18.2543
      vertex 4.52376 6.52902 18.0441
      vertex 4.2793 6.69287 18.4066
    endloop
  endfacet
  facet normal -0.133263 0.989769 0.0509797
    outer loop
      vertex 3.92581 6.63674 18.5723
      vertex 4.18019 6.69287 18.1475
      vertex 3.80634 6.63674 18.26
    endloop
  endfacet
  facet normal -0.133268 0.989768 0.0509771
    outer loop
      vertex 4.2793 6.69287 18.4066
      vertex 4.18019 6.69287 18.1475
      vertex 3.92581 6.63674 18.5723
    endloop
  endfacet
  facet normal -0.612568 0.754898 0.234285
    outer loop
      vertex 3.6559 6.37845 18.6989
      vertex 3.80634 6.63674 18.26
      vertex 3.52089 6.37845 18.3459
    endloop
  endfacet
  facet normal -0.61252 0.754927 0.234319
    outer loop
      vertex 3.92581 6.63674 18.5723
      vertex 3.80634 6.63674 18.26
      vertex 3.6559 6.37845 18.6989
    endloop
  endfacet
  facet normal -0.896357 0.281024 0.342885
    outer loop
      vertex 3.55529 6 18.746
      vertex 3.52089 6.37845 18.3459
      vertex 3.41448 6 18.3779
    endloop
  endfacet
  facet normal -0.896391 0.280971 0.342838
    outer loop
      vertex 3.55529 6 18.746
      vertex 3.6559 6.37845 18.6989
      vertex 3.52089 6.37845 18.3459
    endloop
  endfacet
  facet normal -0.836925 -0.280952 0.469704
    outer loop
      vertex 3.6559 5.62155 18.6989
      vertex 3.84088 5.62155 19.0285
      vertex 3.55529 6 18.746
    endloop
  endfacet
  facet normal -0.836941 -0.28101 0.469641
    outer loop
      vertex 3.84088 5.62155 19.0285
      vertex 3.74821 6 19.0898
      vertex 3.55529 6 18.746
    endloop
  endfacet
  facet normal -0.571913 -0.754937 0.320914
    outer loop
      vertex 3.92581 5.36326 18.5723
      vertex 4.08949 5.36326 18.864
      vertex 3.6559 5.62155 18.6989
    endloop
  endfacet
  facet normal -0.571918 -0.754907 0.320975
    outer loop
      vertex 4.08949 5.36326 18.864
      vertex 3.84088 5.62155 19.0285
      vertex 3.6559 5.62155 18.6989
    endloop
  endfacet
  facet normal -0.124456 -0.989765 0.0698341
    outer loop
      vertex 4.2793 5.30712 18.4066
      vertex 4.41509 5.30712 18.6486
      vertex 3.92581 5.36326 18.5723
    endloop
  endfacet
  facet normal -0.124456 -0.989764 0.0698353
    outer loop
      vertex 4.41509 5.30712 18.6486
      vertex 4.08949 5.36326 18.864
      vertex 3.92581 5.36326 18.5723
    endloop
  endfacet
  facet normal 0.36307 -0.909216 -0.20373
    outer loop
      vertex 4.60416 5.47097 18.2543
      vertex 4.71431 5.47097 18.4506
      vertex 4.2793 5.30712 18.4066
    endloop
  endfacet
  facet normal 0.36307 -0.909217 -0.203724
    outer loop
      vertex 4.71431 5.47097 18.4506
      vertex 4.41509 5.30712 18.6486
      vertex 4.2793 5.30712 18.4066
    endloop
  endfacet
  facet normal 0.734186 -0.539598 -0.412073
    outer loop
      vertex 4.79724 5.80279 18.1638
      vertex 4.89215 5.80279 18.3329
      vertex 4.60416 5.47097 18.2543
    endloop
  endfacet
  facet normal 0.734207 -0.539636 -0.411986
    outer loop
      vertex 4.89215 5.80279 18.3329
      vertex 4.71431 5.47097 18.4506
      vertex 4.60416 5.47097 18.2543
    endloop
  endfacet
  facet normal 0.872035 0 -0.489443
    outer loop
      vertex 4.89215 5.80279 18.3329
      vertex 4.79724 6.19721 18.1638
      vertex 4.89215 6.19721 18.3329
    endloop
  endfacet
  facet normal 0.872035 0 -0.489443
    outer loop
      vertex 4.79724 6.19721 18.1638
      vertex 4.89215 5.80279 18.3329
      vertex 4.79724 5.80279 18.1638
    endloop
  endfacet
  facet normal 0.73422 0.539612 -0.411994
    outer loop
      vertex 4.71431 6.52902 18.4506
      vertex 4.79724 6.19721 18.1638
      vertex 4.60416 6.52902 18.2543
    endloop
  endfacet
  facet normal 0.734157 0.539651 -0.412057
    outer loop
      vertex 4.89215 6.19721 18.3329
      vertex 4.79724 6.19721 18.1638
      vertex 4.71431 6.52902 18.4506
    endloop
  endfacet
  facet normal 0.363072 0.909216 -0.203726
    outer loop
      vertex 4.41509 6.69287 18.6486
      vertex 4.60416 6.52902 18.2543
      vertex 4.2793 6.69287 18.4066
    endloop
  endfacet
  facet normal 0.363068 0.909218 -0.203728
    outer loop
      vertex 4.71431 6.52902 18.4506
      vertex 4.60416 6.52902 18.2543
      vertex 4.41509 6.69287 18.6486
    endloop
  endfacet
  facet normal -0.124434 0.989768 0.0698228
    outer loop
      vertex 4.08949 6.63674 18.864
      vertex 4.2793 6.69287 18.4066
      vertex 3.92581 6.63674 18.5723
    endloop
  endfacet
  facet normal -0.124435 0.989768 0.0698223
    outer loop
      vertex 4.41509 6.69287 18.6486
      vertex 4.2793 6.69287 18.4066
      vertex 4.08949 6.63674 18.864
    endloop
  endfacet
  facet normal -0.57189 0.754935 0.320959
    outer loop
      vertex 3.84088 6.37845 19.0285
      vertex 3.92581 6.63674 18.5723
      vertex 3.6559 6.37845 18.6989
    endloop
  endfacet
  facet normal -0.571945 0.754905 0.320932
    outer loop
      vertex 4.08949 6.63674 18.864
      vertex 3.92581 6.63674 18.5723
      vertex 3.84088 6.37845 19.0285
    endloop
  endfacet
  facet normal -0.836956 0.280953 0.469649
    outer loop
      vertex 3.74821 6 19.0898
      vertex 3.6559 6.37845 18.6989
      vertex 3.55529 6 18.746
    endloop
  endfacet
  facet normal -0.83691 0.281011 0.469696
    outer loop
      vertex 3.74821 6 19.0898
      vertex 3.84088 6.37845 19.0285
      vertex 3.6559 6.37845 18.6989
    endloop
  endfacet
  facet normal -0.759552 -0.281007 0.586614
    outer loop
      vertex 3.84088 5.62155 19.0285
      vertex 4.07188 5.62155 19.3276
      vertex 3.74821 6 19.0898
    endloop
  endfacet
  facet normal -0.759599 -0.281121 0.586498
    outer loop
      vertex 4.07188 5.62155 19.3276
      vertex 3.98911 6 19.4018
      vertex 3.74821 6 19.0898
    endloop
  endfacet
  facet normal -0.51909 -0.75491 0.400819
    outer loop
      vertex 4.08949 5.36326 18.864
      vertex 4.29388 5.36326 19.1287
      vertex 3.84088 5.62155 19.0285
    endloop
  endfacet
  facet normal -0.519085 -0.754871 0.400899
    outer loop
      vertex 4.29388 5.36326 19.1287
      vertex 4.07188 5.62155 19.3276
      vertex 3.84088 5.62155 19.0285
    endloop
  endfacet
  facet normal -0.112957 -0.989765 0.0872175
    outer loop
      vertex 4.41509 5.30712 18.6486
      vertex 4.58465 5.30712 18.8682
      vertex 4.08949 5.36326 18.864
    endloop
  endfacet
  facet normal -0.112957 -0.989764 0.0872204
    outer loop
      vertex 4.58465 5.30712 18.8682
      vertex 4.29388 5.36326 19.1287
      vertex 4.08949 5.36326 18.864
    endloop
  endfacet
  facet normal 0.329491 -0.909219 -0.254472
    outer loop
      vertex 4.71431 5.47097 18.4506
      vertex 4.85186 5.47097 18.6287
      vertex 4.41509 5.30712 18.6486
    endloop
  endfacet
  facet normal 0.329498 -0.909232 -0.254416
    outer loop
      vertex 4.85186 5.47097 18.6287
      vertex 4.58465 5.30712 18.8682
      vertex 4.41509 5.30712 18.6486
    endloop
  endfacet
  facet normal 0.666351 -0.539648 -0.514545
    outer loop
      vertex 4.89215 5.80279 18.3329
      vertex 5.01068 5.80279 18.4864
      vertex 4.71431 5.47097 18.4506
    endloop
  endfacet
  facet normal 0.666324 -0.539615 -0.514614
    outer loop
      vertex 5.01068 5.80279 18.4864
      vertex 4.85186 5.47097 18.6287
      vertex 4.71431 5.47097 18.4506
    endloop
  endfacet
  facet normal 0.791494 0 -0.611177
    outer loop
      vertex 5.01068 5.80279 18.4864
      vertex 4.89215 6.19721 18.3329
      vertex 5.01068 6.19721 18.4864
    endloop
  endfacet
  facet normal 0.791494 0 -0.611177
    outer loop
      vertex 4.89215 6.19721 18.3329
      vertex 5.01068 5.80279 18.4864
      vertex 4.89215 5.80279 18.3329
    endloop
  endfacet
  facet normal 0.666303 0.539657 -0.514598
    outer loop
      vertex 4.85186 6.52902 18.6287
      vertex 4.89215 6.19721 18.3329
      vertex 4.71431 6.52902 18.4506
    endloop
  endfacet
  facet normal 0.666363 0.539624 -0.514554
    outer loop
      vertex 5.01068 6.19721 18.4864
      vertex 4.89215 6.19721 18.3329
      vertex 4.85186 6.52902 18.6287
    endloop
  endfacet
  facet normal 0.329518 0.909221 -0.254431
    outer loop
      vertex 4.58465 6.69287 18.8682
      vertex 4.71431 6.52902 18.4506
      vertex 4.41509 6.69287 18.6486
    endloop
  endfacet
  facet normal 0.329466 0.909234 -0.254453
    outer loop
      vertex 4.85186 6.52902 18.6287
      vertex 4.71431 6.52902 18.4506
      vertex 4.58465 6.69287 18.8682
    endloop
  endfacet
  facet normal -0.112936 0.989768 0.0872042
    outer loop
      vertex 4.29388 6.63674 19.1287
      vertex 4.41509 6.69287 18.6486
      vertex 4.08949 6.63674 18.864
    endloop
  endfacet
  facet normal -0.112939 0.989768 0.0872034
    outer loop
      vertex 4.58465 6.69287 18.8682
      vertex 4.41509 6.69287 18.6486
      vertex 4.29388 6.63674 19.1287
    endloop
  endfacet
  facet normal -0.519052 0.754908 0.400873
    outer loop
      vertex 4.07188 6.37845 19.3276
      vertex 4.08949 6.63674 18.864
      vertex 3.84088 6.37845 19.0285
    endloop
  endfacet
  facet normal -0.519128 0.754869 0.400848
    outer loop
      vertex 4.29388 6.63674 19.1287
      vertex 4.08949 6.63674 18.864
      vertex 4.07188 6.37845 19.3276
    endloop
  endfacet
  facet normal -0.759625 0.281009 0.586518
    outer loop
      vertex 3.98911 6 19.4018
      vertex 3.84088 6.37845 19.0285
      vertex 3.74821 6 19.0898
    endloop
  endfacet
  facet normal -0.759525 0.281123 0.586594
    outer loop
      vertex 3.98911 6 19.4018
      vertex 4.07188 6.37845 19.3276
      vertex 3.84088 6.37845 19.0285
    endloop
  endfacet
  facet normal -0.666058 -0.281131 0.690892
    outer loop
      vertex 4.07188 5.62155 19.3276
      vertex 4.34396 5.62155 19.5899
      vertex 3.98911 6 19.4018
    endloop
  endfacet
  facet normal -0.665993 -0.281016 0.691002
    outer loop
      vertex 4.34396 5.62155 19.5899
      vertex 4.27288 6 19.6753
      vertex 3.98911 6 19.4018
    endloop
  endfacet
  facet normal -0.455206 -0.754866 0.472191
    outer loop
      vertex 4.29388 5.36326 19.1287
      vertex 4.53464 5.36326 19.3608
      vertex 4.07188 5.62155 19.3276
    endloop
  endfacet
  facet normal -0.455208 -0.754871 0.472181
    outer loop
      vertex 4.53464 5.36326 19.3608
      vertex 4.34396 5.62155 19.5899
      vertex 4.07188 5.62155 19.3276
    endloop
  endfacet
  facet normal -0.0990374 -0.989764 0.102757
    outer loop
      vertex 4.58465 5.30712 18.8682
      vertex 4.78438 5.30712 19.0607
      vertex 4.29388 5.36326 19.1287
    endloop
  endfacet
  facet normal -0.0990406 -0.989766 0.102736
    outer loop
      vertex 4.78438 5.30712 19.0607
      vertex 4.53464 5.36326 19.3608
      vertex 4.29388 5.36326 19.1287
    endloop
  endfacet
  facet normal 0.288923 -0.909236 -0.299688
    outer loop
      vertex 4.85186 5.47097 18.6287
      vertex 5.01388 5.47097 18.7849
      vertex 4.58465 5.30712 18.8682
    endloop
  endfacet
  facet normal 0.288904 -0.90922 -0.299755
    outer loop
      vertex 5.01388 5.47097 18.7849
      vertex 4.78438 5.30712 19.0607
      vertex 4.58465 5.30712 18.8682
    endloop
  endfacet
  facet normal 0.584348 -0.539612 -0.606099
    outer loop
      vertex 5.01068 5.80279 18.4864
      vertex 5.15029 5.80279 18.621
      vertex 4.85186 5.47097 18.6287
    endloop
  endfacet
  facet normal 0.58434 -0.539605 -0.606113
    outer loop
      vertex 5.15029 5.80279 18.621
      vertex 5.01388 5.47097 18.7849
      vertex 4.85186 5.47097 18.6287
    endloop
  endfacet
  facet normal 0.694072 0 -0.719906
    outer loop
      vertex 5.01068 5.80279 18.4864
      vertex 5.15029 6.19721 18.621
      vertex 5.15029 5.80279 18.621
    endloop
  endfacet
  facet normal 0.694072 0 -0.719906
    outer loop
      vertex 5.15029 6.19721 18.621
      vertex 5.01068 5.80279 18.4864
      vertex 5.01068 6.19721 18.4864
    endloop
  endfacet
  facet normal 0.584332 0.539623 -0.606105
    outer loop
      vertex 5.01388 6.52902 18.7849
      vertex 5.01068 6.19721 18.4864
      vertex 4.85186 6.52902 18.6287
    endloop
  endfacet
  facet normal 0.584347 0.539616 -0.606097
    outer loop
      vertex 5.01388 6.52902 18.7849
      vertex 5.15029 6.19721 18.621
      vertex 5.01068 6.19721 18.4864
    endloop
  endfacet
  facet normal 0.288882 0.909235 -0.299732
    outer loop
      vertex 4.78438 6.69287 19.0607
      vertex 4.85186 6.52902 18.6287
      vertex 4.58465 6.69287 18.8682
    endloop
  endfacet
  facet normal 0.288949 0.909219 -0.299716
    outer loop
      vertex 5.01388 6.52902 18.7849
      vertex 4.85186 6.52902 18.6287
      vertex 4.78438 6.69287 19.0607
    endloop
  endfacet
  facet normal -0.0990315 0.989768 0.102727
    outer loop
      vertex 4.53464 6.63674 19.3608
      vertex 4.58465 6.69287 18.8682
      vertex 4.29388 6.63674 19.1287
    endloop
  endfacet
  facet normal -0.0990102 0.98977 0.102729
    outer loop
      vertex 4.78438 6.69287 19.0607
      vertex 4.58465 6.69287 18.8682
      vertex 4.53464 6.63674 19.3608
    endloop
  endfacet
  facet normal -0.455212 0.754867 0.472185
    outer loop
      vertex 4.34396 6.37845 19.5899
      vertex 4.29388 6.63674 19.1287
      vertex 4.07188 6.37845 19.3276
    endloop
  endfacet
  facet normal -0.455202 0.754872 0.472186
    outer loop
      vertex 4.34396 6.37845 19.5899
      vertex 4.53464 6.63674 19.3608
      vertex 4.29388 6.63674 19.1287
    endloop
  endfacet
  facet normal -0.66597 0.281128 0.690978
    outer loop
      vertex 4.27288 6 19.6753
      vertex 4.07188 6.37845 19.3276
      vertex 3.98911 6 19.4018
    endloop
  endfacet
  facet normal -0.666082 0.281013 0.690917
    outer loop
      vertex 4.27288 6 19.6753
      vertex 4.34396 6.37845 19.5899
      vertex 4.07188 6.37845 19.3276
    endloop
  endfacet
  facet normal -0.558382 -0.281009 0.780541
    outer loop
      vertex 4.34396 5.62155 19.5899
      vertex 4.65135 5.62155 19.8098
      vertex 4.27288 6 19.6753
    endloop
  endfacet
  facet normal -0.558465 -0.281129 0.780438
    outer loop
      vertex 4.65135 5.62155 19.8098
      vertex 4.59346 6 19.9047
      vertex 4.27288 6 19.6753
    endloop
  endfacet
  facet normal -0.381638 -0.754868 0.53341
    outer loop
      vertex 4.53464 5.36326 19.3608
      vertex 4.80663 5.36326 19.5554
      vertex 4.34396 5.62155 19.5899
    endloop
  endfacet
  facet normal -0.381621 -0.754845 0.533454
    outer loop
      vertex 4.80663 5.36326 19.5554
      vertex 4.65135 5.62155 19.8098
      vertex 4.34396 5.62155 19.5899
    endloop
  endfacet
  facet normal -0.0830544 -0.989766 0.11604
    outer loop
      vertex 4.78438 5.30712 19.0607
      vertex 5.01002 5.30712 19.2222
      vertex 4.53464 5.36326 19.3608
    endloop
  endfacet
  facet normal -0.0830449 -0.989763 0.116071
    outer loop
      vertex 5.01002 5.30712 19.2222
      vertex 4.80663 5.36326 19.5554
      vertex 4.53464 5.36326 19.3608
    endloop
  endfacet
  facet normal 0.242292 -0.909222 -0.338542
    outer loop
      vertex 5.01388 5.47097 18.7849
      vertex 5.19692 5.47097 18.9159
      vertex 4.78438 5.30712 19.0607
    endloop
  endfacet
  facet normal 0.242298 -0.909225 -0.338528
    outer loop
      vertex 5.19692 5.47097 18.9159
      vertex 5.01002 5.30712 19.2222
      vertex 4.78438 5.30712 19.0607
    endloop
  endfacet
  facet normal 0.490051 -0.539609 -0.684596
    outer loop
      vertex 5.15029 5.80279 18.621
      vertex 5.30801 5.80279 18.7339
      vertex 5.01388 5.47097 18.7849
    endloop
  endfacet
  facet normal 0.490003 -0.539576 -0.684657
    outer loop
      vertex 5.30801 5.80279 18.7339
      vertex 5.19692 5.47097 18.9159
      vertex 5.01388 5.47097 18.7849
    endloop
  endfacet
  facet normal 0.582067 0 -0.813141
    outer loop
      vertex 5.15029 5.80279 18.621
      vertex 5.30801 6.19721 18.7339
      vertex 5.30801 5.80279 18.7339
    endloop
  endfacet
  facet normal 0.582067 0 -0.813141
    outer loop
      vertex 5.30801 6.19721 18.7339
      vertex 5.15029 5.80279 18.621
      vertex 5.15029 6.19721 18.621
    endloop
  endfacet
  facet normal 0.489987 0.539618 -0.684635
    outer loop
      vertex 5.19692 6.52902 18.9159
      vertex 5.15029 6.19721 18.621
      vertex 5.01388 6.52902 18.7849
    endloop
  endfacet
  facet normal 0.49006 0.539585 -0.684609
    outer loop
      vertex 5.19692 6.52902 18.9159
      vertex 5.30801 6.19721 18.7339
      vertex 5.15029 6.19721 18.621
    endloop
  endfacet
  facet normal 0.242303 0.909222 -0.338534
    outer loop
      vertex 5.01002 6.69287 19.2222
      vertex 5.01388 6.52902 18.7849
      vertex 4.78438 6.69287 19.0607
    endloop
  endfacet
  facet normal 0.242286 0.909226 -0.338535
    outer loop
      vertex 5.19692 6.52902 18.9159
      vertex 5.01388 6.52902 18.7849
      vertex 5.01002 6.69287 19.2222
    endloop
  endfacet
  facet normal -0.0830199 0.989769 0.116036
    outer loop
      vertex 4.80663 6.63674 19.5554
      vertex 4.78438 6.69287 19.0607
      vertex 4.53464 6.63674 19.3608
    endloop
  endfacet
  facet normal -0.0830526 0.989766 0.116037
    outer loop
      vertex 4.80663 6.63674 19.5554
      vertex 5.01002 6.69287 19.2222
      vertex 4.78438 6.69287 19.0607
    endloop
  endfacet
  facet normal -0.381607 0.754867 0.533434
    outer loop
      vertex 4.65135 6.37845 19.8098
      vertex 4.53464 6.63674 19.3608
      vertex 4.34396 6.37845 19.5899
    endloop
  endfacet
  facet normal -0.381654 0.754844 0.533433
    outer loop
      vertex 4.65135 6.37845 19.8098
      vertex 4.80663 6.63674 19.5554
      vertex 4.53464 6.63674 19.3608
    endloop
  endfacet
  facet normal -0.558484 0.281012 0.780466
    outer loop
      vertex 4.59346 6 19.9047
      vertex 4.34396 6.37845 19.5899
      vertex 4.27288 6 19.6753
    endloop
  endfacet
  facet normal -0.558361 0.281131 0.780512
    outer loop
      vertex 4.59346 6 19.9047
      vertex 4.65135 6.37845 19.8098
      vertex 4.34396 6.37845 19.5899
    endloop
  endfacet
  facet normal -0.438968 -0.281142 0.853385
    outer loop
      vertex 4.65135 5.62155 19.8098
      vertex 4.98748 5.62155 19.9827
      vertex 4.59346 6 19.9047
    endloop
  endfacet
  facet normal -0.438765 -0.280892 0.853572
    outer loop
      vertex 4.98748 5.62155 19.9827
      vertex 4.94402 6 20.0849
      vertex 4.59346 6 19.9047
    endloop
  endfacet
  facet normal -0.299879 -0.75484 0.583343
    outer loop
      vertex 4.80663 5.36326 19.5554
      vertex 5.10406 5.36326 19.7083
      vertex 4.65135 5.62155 19.8098
    endloop
  endfacet
  facet normal -0.299973 -0.754937 0.58317
    outer loop
      vertex 5.10406 5.36326 19.7083
      vertex 4.98748 5.62155 19.9827
      vertex 4.65135 5.62155 19.8098
    endloop
  endfacet
  facet normal -0.0652376 -0.989763 0.126941
    outer loop
      vertex 5.01002 5.30712 19.2222
      vertex 5.25675 5.30712 19.349
      vertex 4.80663 5.36326 19.5554
    endloop
  endfacet
  facet normal -0.0652466 -0.989765 0.126921
    outer loop
      vertex 5.25675 5.30712 19.349
      vertex 5.10406 5.36326 19.7083
      vertex 4.80663 5.36326 19.5554
    endloop
  endfacet
  facet normal 0.190342 -0.909229 -0.370233
    outer loop
      vertex 5.19692 5.47097 18.9159
      vertex 5.39707 5.47097 19.0188
      vertex 5.01002 5.30712 19.2222
    endloop
  endfacet
  facet normal 0.190302 -0.909212 -0.370294
    outer loop
      vertex 5.39707 5.47097 19.0188
      vertex 5.25675 5.30712 19.349
      vertex 5.01002 5.30712 19.2222
    endloop
  endfacet
  facet normal 0.384739 -0.539568 -0.748894
    outer loop
      vertex 5.30801 5.80279 18.7339
      vertex 5.48047 5.80279 18.8225
      vertex 5.19692 5.47097 18.9159
    endloop
  endfacet
  facet normal 0.384927 -0.539679 -0.748718
    outer loop
      vertex 5.48047 5.80279 18.8225
      vertex 5.39707 5.47097 19.0188
      vertex 5.19692 5.47097 18.9159
    endloop
  endfacet
  facet normal 0.456966 0 -0.889484
    outer loop
      vertex 5.30801 5.80279 18.7339
      vertex 5.48047 6.19721 18.8225
      vertex 5.48047 5.80279 18.8225
    endloop
  endfacet
  facet normal 0.456966 0 -0.889484
    outer loop
      vertex 5.48047 6.19721 18.8225
      vertex 5.30801 5.80279 18.7339
      vertex 5.30801 6.19721 18.7339
    endloop
  endfacet
  facet normal 0.384953 0.539588 -0.74877
    outer loop
      vertex 5.39707 6.52902 19.0188
      vertex 5.30801 6.19721 18.7339
      vertex 5.19692 6.52902 18.9159
    endloop
  endfacet
  facet normal 0.3847 0.539698 -0.74882
    outer loop
      vertex 5.39707 6.52902 19.0188
      vertex 5.48047 6.19721 18.8225
      vertex 5.30801 6.19721 18.7339
    endloop
  endfacet
  facet normal 0.190287 0.909227 -0.370265
    outer loop
      vertex 5.25675 6.69287 19.349
      vertex 5.19692 6.52902 18.9159
      vertex 5.01002 6.69287 19.2222
    endloop
  endfacet
  facet normal 0.190361 0.909211 -0.370269
    outer loop
      vertex 5.25675 6.69287 19.349
      vertex 5.39707 6.52902 19.0188
      vertex 5.19692 6.52902 18.9159
    endloop
  endfacet
  facet normal -0.0652405 0.989766 0.12691
    outer loop
      vertex 5.10406 6.63674 19.7083
      vertex 5.01002 6.69287 19.2222
      vertex 4.80663 6.63674 19.5554
    endloop
  endfacet
  facet normal -0.0652197 0.989768 0.126906
    outer loop
      vertex 5.10406 6.63674 19.7083
      vertex 5.25675 6.69287 19.349
      vertex 5.01002 6.69287 19.2222
    endloop
  endfacet
  facet normal -0.300021 0.754846 0.583262
    outer loop
      vertex 4.98748 6.37845 19.9827
      vertex 4.80663 6.63674 19.5554
      vertex 4.65135 6.37845 19.8098
    endloop
  endfacet
  facet normal -0.299825 0.754943 0.583238
    outer loop
      vertex 4.98748 6.37845 19.9827
      vertex 5.10406 6.63674 19.7083
      vertex 4.80663 6.63674 19.5554
    endloop
  endfacet
  facet normal -0.438733 0.281137 0.853508
    outer loop
      vertex 4.94402 6 20.0849
      vertex 4.65135 6.37845 19.8098
      vertex 4.59346 6 19.9047
    endloop
  endfacet
  facet normal -0.439002 0.280887 0.853452
    outer loop
      vertex 4.94402 6 20.0849
      vertex 4.98748 6.37845 19.9827
      vertex 4.65135 6.37845 19.8098
    endloop
  endfacet
  facet normal -0.309806 -0.28088 0.908365
    outer loop
      vertex 4.98748 5.62155 19.9827
      vertex 5.34519 5.62155 20.1047
      vertex 4.94402 6 20.0849
    endloop
  endfacet
  facet normal -0.309933 -0.28102 0.908278
    outer loop
      vertex 5.34519 5.62155 20.1047
      vertex 5.31708 6 20.2122
      vertex 4.94402 6 20.0849
    endloop
  endfacet
  facet normal -0.211773 -0.754947 0.620651
    outer loop
      vertex 5.10406 5.36326 19.7083
      vertex 5.42058 5.36326 19.8163
      vertex 4.98748 5.62155 19.9827
    endloop
  endfacet
  facet normal -0.211708 -0.754894 0.620738
    outer loop
      vertex 5.42058 5.36326 19.8163
      vertex 5.34519 5.62155 20.1047
      vertex 4.98748 5.62155 19.9827
    endloop
  endfacet
  facet normal -0.0460876 -0.989765 0.135063
    outer loop
      vertex 5.25675 5.30712 19.349
      vertex 5.51933 5.30712 19.4386
      vertex 5.10406 5.36326 19.7083
    endloop
  endfacet
  facet normal -0.0460859 -0.989764 0.135066
    outer loop
      vertex 5.51933 5.30712 19.4386
      vertex 5.42058 5.36326 19.8163
      vertex 5.10406 5.36326 19.7083
    endloop
  endfacet
  facet normal 0.134477 -0.909212 -0.394017
    outer loop
      vertex 5.39707 5.47097 19.0188
      vertex 5.61008 5.47097 19.0915
      vertex 5.25675 5.30712 19.349
    endloop
  endfacet
  facet normal 0.134458 -0.909205 -0.39404
    outer loop
      vertex 5.61008 5.47097 19.0915
      vertex 5.51933 5.30712 19.4386
      vertex 5.25675 5.30712 19.349
    endloop
  endfacet
  facet normal 0.27215 -0.539694 -0.796658
    outer loop
      vertex 5.48047 5.80279 18.8225
      vertex 5.66401 5.80279 18.8852
      vertex 5.39707 5.47097 19.0188
    endloop
  endfacet
  facet normal 0.271947 -0.539588 -0.7968
    outer loop
      vertex 5.66401 5.80279 18.8852
      vertex 5.61008 5.47097 19.0915
      vertex 5.39707 5.47097 19.0188
    endloop
  endfacet
  facet normal 0.323272 0 -0.946306
    outer loop
      vertex 5.48047 5.80279 18.8225
      vertex 5.66401 6.19721 18.8852
      vertex 5.66401 5.80279 18.8852
    endloop
  endfacet
  facet normal 0.323272 0 -0.946306
    outer loop
      vertex 5.66401 6.19721 18.8852
      vertex 5.48047 5.80279 18.8225
      vertex 5.48047 6.19721 18.8225
    endloop
  endfacet
  facet normal 0.271924 0.539698 -0.796733
    outer loop
      vertex 5.61008 6.52902 19.0915
      vertex 5.48047 6.19721 18.8225
      vertex 5.39707 6.52902 19.0188
    endloop
  endfacet
  facet normal 0.272172 0.539591 -0.796721
    outer loop
      vertex 5.61008 6.52902 19.0915
      vertex 5.66401 6.19721 18.8852
      vertex 5.48047 6.19721 18.8225
    endloop
  endfacet
  facet normal 0.134454 0.909211 -0.394027
    outer loop
      vertex 5.51933 6.69287 19.4386
      vertex 5.39707 6.52902 19.0188
      vertex 5.25675 6.69287 19.349
    endloop
  endfacet
  facet normal 0.134483 0.909204 -0.394033
    outer loop
      vertex 5.51933 6.69287 19.4386
      vertex 5.61008 6.52902 19.0915
      vertex 5.39707 6.52902 19.0188
    endloop
  endfacet
  facet normal -0.0460773 0.989768 0.135041
    outer loop
      vertex 5.42058 6.63674 19.8163
      vertex 5.25675 6.69287 19.349
      vertex 5.10406 6.63674 19.7083
    endloop
  endfacet
  facet normal -0.0460802 0.989768 0.135042
    outer loop
      vertex 5.42058 6.63674 19.8163
      vertex 5.51933 6.69287 19.4386
      vertex 5.25675 6.69287 19.349
    endloop
  endfacet
  facet normal -0.211689 0.754943 0.620684
    outer loop
      vertex 5.34519 6.37845 20.1047
      vertex 5.10406 6.63674 19.7083
      vertex 4.98748 6.37845 19.9827
    endloop
  endfacet
  facet normal -0.211794 0.75489 0.620713
    outer loop
      vertex 5.34519 6.37845 20.1047
      vertex 5.42058 6.63674 19.8163
      vertex 5.10406 6.63674 19.7083
    endloop
  endfacet
  facet normal -0.309946 0.280883 0.908316
    outer loop
      vertex 5.31708 6 20.2122
      vertex 4.98748 6.37845 19.9827
      vertex 4.94402 6 20.0849
    endloop
  endfacet
  facet normal -0.309792 0.281023 0.908325
    outer loop
      vertex 5.31708 6 20.2122
      vertex 5.34519 6.37845 20.1047
      vertex 4.98748 6.37845 19.9827
    endloop
  endfacet
  facet normal -0.174197 -0.281017 0.943761
    outer loop
      vertex 5.34519 5.62155 20.1047
      vertex 5.71685 5.62155 20.1733
      vertex 5.31708 6 20.2122
    endloop
  endfacet
  facet normal -0.174318 -0.281139 0.943702
    outer loop
      vertex 5.71685 5.62155 20.1733
      vertex 5.7047 6 20.2838
      vertex 5.31708 6 20.2122
    endloop
  endfacet
  facet normal -0.119041 -0.75489 0.644958
    outer loop
      vertex 5.42058 5.36326 19.8163
      vertex 5.74945 5.36326 19.877
      vertex 5.34519 5.62155 20.1047
    endloop
  endfacet
  facet normal -0.119044 -0.754892 0.644955
    outer loop
      vertex 5.74945 5.36326 19.877
      vertex 5.71685 5.62155 20.1733
      vertex 5.34519 5.62155 20.1047
    endloop
  endfacet
  facet normal -0.0259254 -0.989764 0.140337
    outer loop
      vertex 5.51933 5.30712 19.4386
      vertex 5.79215 5.30712 19.489
      vertex 5.42058 5.36326 19.8163
    endloop
  endfacet
  facet normal -0.0259061 -0.989762 0.140358
    outer loop
      vertex 5.79215 5.30712 19.489
      vertex 5.74945 5.36326 19.877
      vertex 5.42058 5.36326 19.8163
    endloop
  endfacet
  facet normal 0.0754861 -0.909201 -0.409456
    outer loop
      vertex 5.61008 5.47097 19.0915
      vertex 5.83139 5.47097 19.1323
      vertex 5.51933 5.30712 19.4386
    endloop
  endfacet
  facet normal 0.0756205 -0.909242 -0.409341
    outer loop
      vertex 5.83139 5.47097 19.1323
      vertex 5.79215 5.30712 19.489
      vertex 5.51933 5.30712 19.4386
    endloop
  endfacet
  facet normal 0.152816 -0.539588 -0.827944
    outer loop
      vertex 5.66401 5.80279 18.8852
      vertex 5.85472 5.80279 18.9204
      vertex 5.61008 5.47097 19.0915
    endloop
  endfacet
  facet normal 0.152652 -0.53951 -0.828026
    outer loop
      vertex 5.85472 5.80279 18.9204
      vertex 5.83139 5.47097 19.1323
      vertex 5.61008 5.47097 19.0915
    endloop
  endfacet
  facet normal 0.181508 0 -0.98339
    outer loop
      vertex 5.66401 5.80279 18.8852
      vertex 5.85472 6.19721 18.9204
      vertex 5.85472 5.80279 18.9204
    endloop
  endfacet
  facet normal 0.181508 0 -0.98339
    outer loop
      vertex 5.85472 6.19721 18.9204
      vertex 5.66401 5.80279 18.8852
      vertex 5.66401 6.19721 18.8852
    endloop
  endfacet
  facet normal 0.152642 0.539594 -0.827973
    outer loop
      vertex 5.83139 6.52902 19.1323
      vertex 5.66401 6.19721 18.8852
      vertex 5.61008 6.52902 19.0915
    endloop
  endfacet
  facet normal 0.152825 0.539515 -0.82799
    outer loop
      vertex 5.83139 6.52902 19.1323
      vertex 5.85472 6.19721 18.9204
      vertex 5.66401 6.19721 18.8852
    endloop
  endfacet
  facet normal 0.075635 0.909206 -0.409419
    outer loop
      vertex 5.79215 6.69287 19.489
      vertex 5.61008 6.52902 19.0915
      vertex 5.51933 6.69287 19.4386
    endloop
  endfacet
  facet normal 0.0754683 0.909246 -0.40936
    outer loop
      vertex 5.79215 6.69287 19.489
      vertex 5.83139 6.52902 19.1323
      vertex 5.61008 6.52902 19.0915
    endloop
  endfacet
  facet normal -0.0258987 0.989768 0.140318
    outer loop
      vertex 5.74945 6.63674 19.877
      vertex 5.51933 6.69287 19.4386
      vertex 5.42058 6.63674 19.8163
    endloop
  endfacet
  facet normal -0.0259244 0.989765 0.140331
    outer loop
      vertex 5.74945 6.63674 19.877
      vertex 5.79215 6.69287 19.489
      vertex 5.51933 6.69287 19.4386
    endloop
  endfacet
  facet normal -0.119044 0.75489 0.644957
    outer loop
      vertex 5.71685 6.37845 20.1733
      vertex 5.42058 6.63674 19.8163
      vertex 5.34519 6.37845 20.1047
    endloop
  endfacet
  facet normal -0.11904 0.754892 0.644956
    outer loop
      vertex 5.71685 6.37845 20.1733
      vertex 5.74945 6.63674 19.877
      vertex 5.42058 6.63674 19.8163
    endloop
  endfacet
  facet normal -0.174324 0.28102 0.943737
    outer loop
      vertex 5.7047 6 20.2838
      vertex 5.34519 6.37845 20.1047
      vertex 5.31708 6 20.2122
    endloop
  endfacet
  facet normal -0.17419 0.281142 0.943725
    outer loop
      vertex 5.7047 6 20.2838
      vertex 5.71685 6.37845 20.1733
      vertex 5.34519 6.37845 20.1047
    endloop
  endfacet
  facet normal -0.0350399 -0.281142 0.959026
    outer loop
      vertex 5.71685 5.62155 20.1733
      vertex 6.09455 5.62155 20.1871
      vertex 5.7047 6 20.2838
    endloop
  endfacet
  facet normal -0.0350585 -0.28116 0.95902
    outer loop
      vertex 6.09455 5.62155 20.1871
      vertex 6.09861 6 20.2982
      vertex 5.7047 6 20.2838
    endloop
  endfacet
  facet normal -0.0241209 -0.754895 0.655402
    outer loop
      vertex 5.74945 5.36326 19.877
      vertex 6.08366 5.36326 19.8893
      vertex 5.71685 5.62155 20.1733
    endloop
  endfacet
  facet normal -0.023951 -0.754792 0.655527
    outer loop
      vertex 6.08366 5.36326 19.8893
      vertex 6.09455 5.62155 20.1871
      vertex 5.71685 5.62155 20.1733
    endloop
  endfacet
  facet normal -0.00519598 -0.989761 0.142637
    outer loop
      vertex 5.79215 5.30712 19.489
      vertex 6.06941 5.30712 19.4991
      vertex 5.74945 5.36326 19.877
    endloop
  endfacet
  facet normal -0.00524793 -0.989767 0.142594
    outer loop
      vertex 6.06941 5.30712 19.4991
      vertex 6.08366 5.36326 19.8893
      vertex 5.74945 5.36326 19.877
    endloop
  endfacet
  facet normal 0.0153509 -0.909247 -0.415974
    outer loop
      vertex 5.83139 5.47097 19.1323
      vertex 6.0563 5.47097 19.1406
      vertex 5.79215 5.30712 19.489
    endloop
  endfacet
  facet normal 0.0151575 -0.909195 -0.416096
    outer loop
      vertex 6.0563 5.47097 19.1406
      vertex 6.06941 5.30712 19.4991
      vertex 5.79215 5.30712 19.489
    endloop
  endfacet
  facet normal 0.0308277 -0.539499 -0.841422
    outer loop
      vertex 5.85472 5.80279 18.9204
      vertex 6.04851 5.80279 18.9275
      vertex 5.83139 5.47097 19.1323
    endloop
  endfacet
  facet normal 0.0310489 -0.539599 -0.84135
    outer loop
      vertex 6.04851 5.80279 18.9275
      vertex 6.0563 5.47097 19.1406
      vertex 5.83139 5.47097 19.1323
    endloop
  endfacet
  facet normal 0.036613 0 -0.99933
    outer loop
      vertex 5.85472 5.80279 18.9204
      vertex 6.04851 6.19721 18.9275
      vertex 6.04851 5.80279 18.9275
    endloop
  endfacet
  facet normal 0.036613 0 -0.99933
    outer loop
      vertex 6.04851 6.19721 18.9275
      vertex 5.85472 5.80279 18.9204
      vertex 5.85472 6.19721 18.9204
    endloop
  endfacet
  facet normal 0.0310508 0.539518 -0.841401
    outer loop
      vertex 6.0563 6.52902 19.1406
      vertex 5.85472 6.19721 18.9204
      vertex 5.83139 6.52902 19.1323
    endloop
  endfacet
  facet normal 0.0308249 0.539618 -0.841346
    outer loop
      vertex 6.0563 6.52902 19.1406
      vertex 6.04851 6.19721 18.9275
      vertex 5.85472 6.19721 18.9204
    endloop
  endfacet
  facet normal 0.0151537 0.909242 -0.415993
    outer loop
      vertex 6.06941 6.69287 19.4991
      vertex 5.83139 6.52902 19.1323
      vertex 5.79215 6.69287 19.489
    endloop
  endfacet
  facet normal 0.0153556 0.909189 -0.4161
    outer loop
      vertex 6.06941 6.69287 19.4991
      vertex 6.0563 6.52902 19.1406
      vertex 5.83139 6.52902 19.1323
    endloop
  endfacet
  facet normal -0.00524839 0.989766 0.142607
    outer loop
      vertex 6.08366 6.63674 19.8893
      vertex 5.79215 6.69287 19.489
      vertex 5.74945 6.63674 19.877
    endloop
  endfacet
  facet normal -0.00519344 0.989771 0.142568
    outer loop
      vertex 6.08366 6.63674 19.8893
      vertex 6.06941 6.69287 19.4991
      vertex 5.79215 6.69287 19.489
    endloop
  endfacet
  facet normal -0.0239469 0.754889 0.655415
    outer loop
      vertex 6.09455 6.37845 20.1871
      vertex 5.74945 6.63674 19.877
      vertex 5.71685 6.37845 20.1733
    endloop
  endfacet
  facet normal -0.0241255 0.754785 0.655528
    outer loop
      vertex 6.09455 6.37845 20.1871
      vertex 6.08366 6.63674 19.8893
      vertex 5.74945 6.63674 19.877
    endloop
  endfacet
  facet normal -0.0350587 0.281142 0.959026
    outer loop
      vertex 6.09861 6 20.2982
      vertex 5.71685 6.37845 20.1733
      vertex 5.7047 6 20.2838
    endloop
  endfacet
  facet normal -0.0350397 0.28116 0.959021
    outer loop
      vertex 6.09861 6 20.2982
      vertex 6.09455 6.37845 20.1871
      vertex 5.71685 6.37845 20.1733
    endloop
  endfacet
  facet normal 0.104868 -0.281161 0.953914
    outer loop
      vertex 6.47023 5.62155 20.1458
      vertex 6.09861 6 20.2982
      vertex 6.09455 5.62155 20.1871
    endloop
  endfacet
  facet normal 0.104934 -0.281101 0.953924
    outer loop
      vertex 6.47023 5.62155 20.1458
      vertex 6.49042 6 20.2551
      vertex 6.09861 6 20.2982
    endloop
  endfacet
  facet normal 0.0717869 -0.754791 0.652026
    outer loop
      vertex 6.41609 5.36326 19.8527
      vertex 6.09455 5.62155 20.1871
      vertex 6.08366 5.36326 19.8893
    endloop
  endfacet
  facet normal 0.0716731 -0.754854 0.651965
    outer loop
      vertex 6.41609 5.36326 19.8527
      vertex 6.47023 5.62155 20.1458
      vertex 6.09455 5.62155 20.1871
    endloop
  endfacet
  facet normal 0.0155839 -0.989768 0.141834
    outer loop
      vertex 6.34518 5.30712 19.4688
      vertex 6.08366 5.36326 19.8893
      vertex 6.06941 5.30712 19.4991
    endloop
  endfacet
  facet normal 0.0156179 -0.989764 0.141854
    outer loop
      vertex 6.34518 5.30712 19.4688
      vertex 6.41609 5.36326 19.8527
      vertex 6.08366 5.36326 19.8893
    endloop
  endfacet
  facet normal -0.0455115 -0.909194 -0.413877
    outer loop
      vertex 6.28001 5.47097 19.116
      vertex 6.06941 5.30712 19.4991
      vertex 6.0563 5.47097 19.1406
    endloop
  endfacet
  facet normal -0.0454725 -0.909204 -0.41386
    outer loop
      vertex 6.28001 5.47097 19.116
      vertex 6.34518 5.30712 19.4688
      vertex 6.06941 5.30712 19.4991
    endloop
  endfacet
  facet normal -0.0920352 -0.539611 -0.836869
    outer loop
      vertex 6.24128 5.80279 18.9063
      vertex 6.0563 5.47097 19.1406
      vertex 6.04851 5.80279 18.9275
    endloop
  endfacet
  facet normal -0.0920251 -0.539615 -0.836867
    outer loop
      vertex 6.24128 5.80279 18.9063
      vertex 6.28001 5.47097 19.116
      vertex 6.0563 5.47097 19.1406
    endloop
  endfacet
  facet normal -0.109317 0 -0.994007
    outer loop
      vertex 6.04851 5.80279 18.9275
      vertex 6.24128 6.19721 18.9063
      vertex 6.24128 5.80279 18.9063
    endloop
  endfacet
  facet normal -0.109317 0 -0.994007
    outer loop
      vertex 6.24128 6.19721 18.9063
      vertex 6.04851 5.80279 18.9275
      vertex 6.04851 6.19721 18.9275
    endloop
  endfacet
  facet normal -0.0920246 0.539623 -0.836862
    outer loop
      vertex 6.0563 6.52902 19.1406
      vertex 6.28001 6.52902 19.116
      vertex 6.04851 6.19721 18.9275
    endloop
  endfacet
  facet normal -0.092034 0.539627 -0.836859
    outer loop
      vertex 6.28001 6.52902 19.116
      vertex 6.24128 6.19721 18.9063
      vertex 6.04851 6.19721 18.9275
    endloop
  endfacet
  facet normal -0.0454746 0.909196 -0.413879
    outer loop
      vertex 6.06941 6.69287 19.4991
      vertex 6.34518 6.69287 19.4688
      vertex 6.0563 6.52902 19.1406
    endloop
  endfacet
  facet normal -0.0455089 0.909205 -0.413853
    outer loop
      vertex 6.34518 6.69287 19.4688
      vertex 6.28001 6.52902 19.116
      vertex 6.0563 6.52902 19.1406
    endloop
  endfacet
  facet normal 0.0156128 0.989771 0.141808
    outer loop
      vertex 6.08366 6.63674 19.8893
      vertex 6.41609 6.63674 19.8527
      vertex 6.06941 6.69287 19.4991
    endloop
  endfacet
  facet normal 0.015584 0.989768 0.141835
    outer loop
      vertex 6.41609 6.63674 19.8527
      vertex 6.34518 6.69287 19.4688
      vertex 6.06941 6.69287 19.4991
    endloop
  endfacet
  facet normal 0.0716806 0.754795 0.652033
    outer loop
      vertex 6.09455 6.37845 20.1871
      vertex 6.47023 6.37845 20.1458
      vertex 6.08366 6.63674 19.8893
    endloop
  endfacet
  facet normal 0.0717785 0.754858 0.651949
    outer loop
      vertex 6.47023 6.37845 20.1458
      vertex 6.41609 6.63674 19.8527
      vertex 6.08366 6.63674 19.8893
    endloop
  endfacet
  facet normal 0.104932 0.28116 0.953907
    outer loop
      vertex 6.09861 6 20.2982
      vertex 6.49042 6 20.2551
      vertex 6.09455 6.37845 20.1871
    endloop
  endfacet
  facet normal 0.10487 0.281099 0.953932
    outer loop
      vertex 6.49042 6 20.2551
      vertex 6.47023 6.37845 20.1458
      vertex 6.09455 6.37845 20.1871
    endloop
  endfacet
  facet normal 0.242738 -0.281102 0.928472
    outer loop
      vertex 6.8359 5.62155 20.0502
      vertex 6.49042 6 20.2551
      vertex 6.47023 5.62155 20.1458
    endloop
  endfacet
  facet normal 0.242733 -0.281106 0.928472
    outer loop
      vertex 6.8359 5.62155 20.0502
      vertex 6.87178 6 20.1554
      vertex 6.49042 6 20.2551
    endloop
  endfacet
  facet normal 0.165916 -0.754856 0.634558
    outer loop
      vertex 6.73965 5.36326 19.7681
      vertex 6.47023 5.62155 20.1458
      vertex 6.41609 5.36326 19.8527
    endloop
  endfacet
  facet normal 0.165896 -0.754866 0.634551
    outer loop
      vertex 6.73965 5.36326 19.7681
      vertex 6.8359 5.62155 20.0502
      vertex 6.47023 5.62155 20.1458
    endloop
  endfacet
  facet normal 0.0361094 -0.989764 0.138069
    outer loop
      vertex 6.6136 5.30712 19.3986
      vertex 6.41609 5.36326 19.8527
      vertex 6.34518 5.30712 19.4688
    endloop
  endfacet
  facet normal 0.0360994 -0.989765 0.138065
    outer loop
      vertex 6.6136 5.30712 19.3986
      vertex 6.73965 5.36326 19.7681
      vertex 6.41609 5.36326 19.8527
    endloop
  endfacet
  facet normal -0.10544 -0.909203 -0.402782
    outer loop
      vertex 6.49775 5.47097 19.059
      vertex 6.34518 5.30712 19.4688
      vertex 6.28001 5.47097 19.116
    endloop
  endfacet
  facet normal -0.105332 -0.909228 -0.402751
    outer loop
      vertex 6.49775 5.47097 19.059
      vertex 6.6136 5.30712 19.3986
      vertex 6.34518 5.30712 19.4688
    endloop
  endfacet
  facet normal -0.213151 -0.539609 -0.814487
    outer loop
      vertex 6.4289 5.80279 18.8572
      vertex 6.28001 5.47097 19.116
      vertex 6.24128 5.80279 18.9063
    endloop
  endfacet
  facet normal -0.213217 -0.539581 -0.814488
    outer loop
      vertex 6.4289 5.80279 18.8572
      vertex 6.49775 5.47097 19.059
      vertex 6.28001 5.47097 19.116
    endloop
  endfacet
  facet normal -0.253173 0 -0.967421
    outer loop
      vertex 6.24128 5.80279 18.9063
      vertex 6.4289 6.19721 18.8572
      vertex 6.4289 5.80279 18.8572
    endloop
  endfacet
  facet normal -0.253173 0 -0.967421
    outer loop
      vertex 6.4289 6.19721 18.8572
      vertex 6.24128 5.80279 18.9063
      vertex 6.24128 6.19721 18.9063
    endloop
  endfacet
  facet normal -0.213211 0.539619 -0.814465
    outer loop
      vertex 6.28001 6.52902 19.116
      vertex 6.49775 6.52902 19.059
      vertex 6.24128 6.19721 18.9063
    endloop
  endfacet
  facet normal -0.213154 0.53959 -0.814499
    outer loop
      vertex 6.49775 6.52902 19.059
      vertex 6.4289 6.19721 18.8572
      vertex 6.24128 6.19721 18.9063
    endloop
  endfacet
  facet normal -0.105345 0.909205 -0.4028
    outer loop
      vertex 6.34518 6.69287 19.4688
      vertex 6.6136 6.69287 19.3986
      vertex 6.28001 6.52902 19.116
    endloop
  endfacet
  facet normal -0.105424 0.909231 -0.402721
    outer loop
      vertex 6.6136 6.69287 19.3986
      vertex 6.49775 6.52902 19.059
      vertex 6.28001 6.52902 19.116
    endloop
  endfacet
  facet normal 0.0360946 0.989768 0.138047
    outer loop
      vertex 6.41609 6.63674 19.8527
      vertex 6.73965 6.63674 19.7681
      vertex 6.34518 6.69287 19.4688
    endloop
  endfacet
  facet normal 0.0361012 0.989769 0.138038
    outer loop
      vertex 6.73965 6.63674 19.7681
      vertex 6.6136 6.69287 19.3986
      vertex 6.34518 6.69287 19.4688
    endloop
  endfacet
  facet normal 0.165899 0.754857 0.634562
    outer loop
      vertex 6.47023 6.37845 20.1458
      vertex 6.8359 6.37845 20.0502
      vertex 6.41609 6.63674 19.8527
    endloop
  endfacet
  facet normal 0.165912 0.754867 0.634546
    outer loop
      vertex 6.8359 6.37845 20.0502
      vertex 6.73965 6.63674 19.7681
      vertex 6.41609 6.63674 19.8527
    endloop
  endfacet
  facet normal 0.242733 0.281102 0.928473
    outer loop
      vertex 6.49042 6 20.2551
      vertex 6.87178 6 20.1554
      vertex 6.47023 6.37845 20.1458
    endloop
  endfacet
  facet normal 0.242737 0.281106 0.928471
    outer loop
      vertex 6.87178 6 20.1554
      vertex 6.8359 6.37845 20.0502
      vertex 6.47023 6.37845 20.1458
    endloop
  endfacet
  facet normal 0.3753 -0.281104 0.88325
    outer loop
      vertex 7.18374 5.62155 19.9024
      vertex 6.87178 6 20.1554
      vertex 6.8359 5.62155 20.0502
    endloop
  endfacet
  facet normal 0.375429 -0.280985 0.883233
    outer loop
      vertex 7.18374 5.62155 19.9024
      vertex 7.23455 6 20.0012
      vertex 6.87178 6 20.1554
    endloop
  endfacet
  facet normal 0.256515 -0.754868 0.603634
    outer loop
      vertex 7.04745 5.36326 19.6373
      vertex 6.8359 5.62155 20.0502
      vertex 6.73965 5.36326 19.7681
    endloop
  endfacet
  facet normal 0.256487 -0.754882 0.603629
    outer loop
      vertex 7.04745 5.36326 19.6373
      vertex 7.18374 5.62155 19.9024
      vertex 6.8359 5.62155 20.0502
    endloop
  endfacet
  facet normal 0.0558119 -0.989765 0.131341
    outer loop
      vertex 6.86893 5.30712 19.2901
      vertex 6.73965 5.36326 19.7681
      vertex 6.6136 5.30712 19.3986
    endloop
  endfacet
  facet normal 0.0558135 -0.989765 0.131341
    outer loop
      vertex 6.86893 5.30712 19.2901
      vertex 7.04745 5.36326 19.6373
      vertex 6.73965 5.36326 19.7681
    endloop
  endfacet
  facet normal -0.162784 -0.909228 -0.383152
    outer loop
      vertex 6.70488 5.47097 18.971
      vertex 6.6136 5.30712 19.3986
      vertex 6.49775 5.47097 19.059
    endloop
  endfacet
  facet normal -0.162819 -0.90922 -0.383157
    outer loop
      vertex 6.70488 5.47097 18.971
      vertex 6.86893 5.30712 19.2901
      vertex 6.6136 5.30712 19.3986
    endloop
  endfacet
  facet normal -0.329116 -0.539579 -0.774943
    outer loop
      vertex 6.60738 5.80279 18.7814
      vertex 6.49775 5.47097 19.059
      vertex 6.4289 5.80279 18.8572
    endloop
  endfacet
  facet normal -0.329232 -0.539529 -0.774929
    outer loop
      vertex 6.60738 5.80279 18.7814
      vertex 6.70488 5.47097 18.971
      vertex 6.49775 5.47097 19.059
    endloop
  endfacet
  facet normal -0.390905 0 -0.920431
    outer loop
      vertex 6.4289 5.80279 18.8572
      vertex 6.60738 6.19721 18.7814
      vertex 6.60738 5.80279 18.7814
    endloop
  endfacet
  facet normal -0.390905 0 -0.920431
    outer loop
      vertex 6.60738 6.19721 18.7814
      vertex 6.4289 5.80279 18.8572
      vertex 6.4289 6.19721 18.8572
    endloop
  endfacet
  facet normal -0.329217 0.539587 -0.774895
    outer loop
      vertex 6.49775 6.52902 19.059
      vertex 6.70488 6.52902 18.971
      vertex 6.4289 6.19721 18.8572
    endloop
  endfacet
  facet normal -0.329127 0.539537 -0.774968
    outer loop
      vertex 6.70488 6.52902 18.971
      vertex 6.60738 6.19721 18.7814
      vertex 6.4289 6.19721 18.8572
    endloop
  endfacet
  facet normal -0.162813 0.909227 -0.383142
    outer loop
      vertex 6.6136 6.69287 19.3986
      vertex 6.86893 6.69287 19.2901
      vertex 6.49775 6.52902 19.059
    endloop
  endfacet
  facet normal -0.162791 0.909219 -0.38317
    outer loop
      vertex 6.86893 6.69287 19.2901
      vertex 6.70488 6.52902 18.971
      vertex 6.49775 6.52902 19.059
    endloop
  endfacet
  facet normal 0.0558034 0.989769 0.131317
    outer loop
      vertex 6.73965 6.63674 19.7681
      vertex 7.04745 6.63674 19.6373
      vertex 6.6136 6.69287 19.3986
    endloop
  endfacet
  facet normal 0.0558026 0.989768 0.131319
    outer loop
      vertex 7.04745 6.63674 19.6373
      vertex 6.86893 6.69287 19.2901
      vertex 6.6136 6.69287 19.3986
    endloop
  endfacet
  facet normal 0.256493 0.754869 0.603643
    outer loop
      vertex 6.8359 6.37845 20.0502
      vertex 7.18374 6.37845 19.9024
      vertex 6.73965 6.63674 19.7681
    endloop
  endfacet
  facet normal 0.256508 0.754883 0.603618
    outer loop
      vertex 7.18374 6.37845 19.9024
      vertex 7.04745 6.63674 19.6373
      vertex 6.73965 6.63674 19.7681
    endloop
  endfacet
  facet normal 0.375416 0.281101 0.883202
    outer loop
      vertex 6.87178 6 20.1554
      vertex 7.23455 6 20.0012
      vertex 6.8359 6.37845 20.0502
    endloop
  endfacet
  facet normal 0.375314 0.280983 0.883283
    outer loop
      vertex 7.23455 6 20.0012
      vertex 7.18374 6.37845 19.9024
      vertex 6.8359 6.37845 20.0502
    endloop
  endfacet
  facet normal 0.499967 -0.280987 0.819194
    outer loop
      vertex 7.50636 5.62155 19.7055
      vertex 7.23455 6 20.0012
      vertex 7.18374 5.62155 19.9024
    endloop
  endfacet
  facet normal 0.499857 -0.281091 0.819226
    outer loop
      vertex 7.50636 5.62155 19.7055
      vertex 7.57102 6 19.7959
      vertex 7.23455 6 20.0012
    endloop
  endfacet
  facet normal 0.341635 -0.754883 0.559854
    outer loop
      vertex 7.33292 5.36326 19.4631
      vertex 7.18374 5.62155 19.9024
      vertex 7.04745 5.36326 19.6373
    endloop
  endfacet
  facet normal 0.341689 -0.754857 0.559857
    outer loop
      vertex 7.33292 5.36326 19.4631
      vertex 7.50636 5.62155 19.7055
      vertex 7.18374 5.62155 19.9024
    endloop
  endfacet
  facet normal 0.0743307 -0.989765 0.12182
    outer loop
      vertex 7.10575 5.30712 19.1456
      vertex 7.04745 5.36326 19.6373
      vertex 6.86893 5.30712 19.2901
    endloop
  endfacet
  facet normal 0.0743377 -0.989764 0.121821
    outer loop
      vertex 7.10575 5.30712 19.1456
      vertex 7.33292 5.36326 19.4631
      vertex 7.04745 5.36326 19.6373
    endloop
  endfacet
  facet normal -0.216816 -0.909221 -0.355397
    outer loop
      vertex 6.89699 5.47097 18.8538
      vertex 6.86893 5.30712 19.2901
      vertex 6.70488 5.47097 18.971
    endloop
  endfacet
  facet normal -0.216852 -0.909213 -0.355396
    outer loop
      vertex 6.89699 5.47097 18.8538
      vertex 7.10575 5.30712 19.1456
      vertex 6.86893 5.30712 19.2901
    endloop
  endfacet
  facet normal -0.438864 -0.539527 -0.718547
    outer loop
      vertex 6.77291 5.80279 18.6803
      vertex 6.70488 5.47097 18.971
      vertex 6.60738 5.80279 18.7814
    endloop
  endfacet
  facet normal -0.438434 -0.539718 -0.718665
    outer loop
      vertex 6.77291 5.80279 18.6803
      vertex 6.89699 5.47097 18.8538
      vertex 6.70488 5.47097 18.971
    endloop
  endfacet
  facet normal -0.521235 0 -0.853413
    outer loop
      vertex 6.60738 5.80279 18.7814
      vertex 6.77291 6.19721 18.6803
      vertex 6.77291 5.80279 18.6803
    endloop
  endfacet
  facet normal -0.521235 0 -0.853413
    outer loop
      vertex 6.77291 6.19721 18.6803
      vertex 6.60738 5.80279 18.7814
      vertex 6.60738 6.19721 18.7814
    endloop
  endfacet
  facet normal -0.438489 0.539552 -0.718756
    outer loop
      vertex 6.70488 6.52902 18.971
      vertex 6.89699 6.52902 18.8538
      vertex 6.60738 6.19721 18.7814
    endloop
  endfacet
  facet normal -0.438791 0.539744 -0.718428
    outer loop
      vertex 6.89699 6.52902 18.8538
      vertex 6.77291 6.19721 18.6803
      vertex 6.60738 6.19721 18.7814
    endloop
  endfacet
  facet normal -0.216843 0.909221 -0.355383
    outer loop
      vertex 6.86893 6.69287 19.2901
      vertex 7.10575 6.69287 19.1456
      vertex 6.70488 6.52902 18.971
    endloop
  endfacet
  facet normal -0.216826 0.909212 -0.355414
    outer loop
      vertex 7.10575 6.69287 19.1456
      vertex 6.89699 6.52902 18.8538
      vertex 6.70488 6.52902 18.971
    endloop
  endfacet
  facet normal 0.0743227 0.989769 0.121796
    outer loop
      vertex 7.04745 6.63674 19.6373
      vertex 7.33292 6.63674 19.4631
      vertex 6.86893 6.69287 19.2901
    endloop
  endfacet
  facet normal 0.0743201 0.989768 0.121803
    outer loop
      vertex 7.33292 6.63674 19.4631
      vertex 7.10575 6.69287 19.1456
      vertex 6.86893 6.69287 19.2901
    endloop
  endfacet
  facet normal 0.341674 0.754882 0.559832
    outer loop
      vertex 7.18374 6.37845 19.9024
      vertex 7.50636 6.37845 19.7055
      vertex 7.04745 6.63674 19.6373
    endloop
  endfacet
  facet normal 0.341652 0.754855 0.559882
    outer loop
      vertex 7.50636 6.37845 19.7055
      vertex 7.33292 6.63674 19.4631
      vertex 7.04745 6.63674 19.6373
    endloop
  endfacet
  facet normal 0.499873 0.28099 0.819251
    outer loop
      vertex 7.23455 6 20.0012
      vertex 7.57102 6 19.7959
      vertex 7.18374 6.37845 19.9024
    endloop
  endfacet
  facet normal 0.499951 0.281093 0.819168
    outer loop
      vertex 7.57102 6 19.7959
      vertex 7.50636 6.37845 19.7055
      vertex 7.18374 6.37845 19.9024
    endloop
  endfacet
  facet normal 0.613937 -0.281087 0.737612
    outer loop
      vertex 7.79687 5.62155 19.4637
      vertex 7.57102 6 19.7959
      vertex 7.50636 5.62155 19.7055
    endloop
  endfacet
  facet normal 0.613973 -0.28105 0.737596
    outer loop
      vertex 7.79687 5.62155 19.4637
      vertex 7.874 6 19.5437
      vertex 7.57102 6 19.7959
    endloop
  endfacet
  facet normal 0.419641 -0.754855 0.504079
    outer loop
      vertex 7.58998 5.36326 19.2491
      vertex 7.50636 5.62155 19.7055
      vertex 7.33292 5.36326 19.4631
    endloop
  endfacet
  facet normal 0.419566 -0.754892 0.504086
    outer loop
      vertex 7.58998 5.36326 19.2491
      vertex 7.79687 5.62155 19.4637
      vertex 7.50636 5.62155 19.7055
    endloop
  endfacet
  facet normal 0.0912977 -0.989764 0.109686
    outer loop
      vertex 7.319 5.30712 18.9681
      vertex 7.33292 5.36326 19.4631
      vertex 7.10575 5.30712 19.1456
    endloop
  endfacet
  facet normal 0.091312 -0.989763 0.109685
    outer loop
      vertex 7.58998 5.36326 19.2491
      vertex 7.33292 5.36326 19.4631
      vertex 7.319 5.30712 18.9681
    endloop
  endfacet
  facet normal -0.266356 -0.909213 -0.319979
    outer loop
      vertex 7.06998 5.47097 18.7098
      vertex 7.10575 5.30712 19.1456
      vertex 6.89699 5.47097 18.8538
    endloop
  endfacet
  facet normal -0.266339 -0.909217 -0.319982
    outer loop
      vertex 7.319 5.30712 18.9681
      vertex 7.10575 5.30712 19.1456
      vertex 7.06998 5.47097 18.7098
    endloop
  endfacet
  facet normal -0.53836 -0.539719 -0.647204
    outer loop
      vertex 6.92198 5.80279 18.5563
      vertex 6.89699 5.47097 18.8538
      vertex 6.77291 5.80279 18.6803
    endloop
  endfacet
  facet normal -0.538641 -0.539587 -0.64708
    outer loop
      vertex 6.92198 5.80279 18.5563
      vertex 7.06998 5.47097 18.7098
      vertex 6.89699 5.47097 18.8538
    endloop
  endfacet
  facet normal -0.639499 0 -0.768792
    outer loop
      vertex 6.77291 5.80279 18.6803
      vertex 6.92198 6.19721 18.5563
      vertex 6.92198 5.80279 18.5563
    endloop
  endfacet
  facet normal -0.639499 0 -0.768792
    outer loop
      vertex 6.92198 6.19721 18.5563
      vertex 6.77291 5.80279 18.6803
      vertex 6.77291 6.19721 18.6803
    endloop
  endfacet
  facet normal -0.538586 0.53972 -0.647014
    outer loop
      vertex 6.89699 6.52902 18.8538
      vertex 7.06998 6.52902 18.7098
      vertex 6.77291 6.19721 18.6803
    endloop
  endfacet
  facet normal -0.538413 0.539588 -0.647268
    outer loop
      vertex 7.06998 6.52902 18.7098
      vertex 6.92198 6.19721 18.5563
      vertex 6.77291 6.19721 18.6803
    endloop
  endfacet
  facet normal -0.266344 0.909213 -0.319988
    outer loop
      vertex 7.10575 6.69287 19.1456
      vertex 7.319 6.69287 18.9681
      vertex 6.89699 6.52902 18.8538
    endloop
  endfacet
  facet normal -0.26635 0.909217 -0.319972
    outer loop
      vertex 7.319 6.69287 18.9681
      vertex 7.06998 6.52902 18.7098
      vertex 6.89699 6.52902 18.8538
    endloop
  endfacet
  facet normal 0.091291 0.989768 0.10966
    outer loop
      vertex 7.33292 6.63674 19.4631
      vertex 7.58998 6.63674 19.2491
      vertex 7.10575 6.69287 19.1456
    endloop
  endfacet
  facet normal 0.0912879 0.989767 0.109674
    outer loop
      vertex 7.58998 6.63674 19.2491
      vertex 7.319 6.69287 18.9681
      vertex 7.10575 6.69287 19.1456
    endloop
  endfacet
  facet normal 0.419592 0.754857 0.504117
    outer loop
      vertex 7.50636 6.37845 19.7055
      vertex 7.79687 6.37845 19.4637
      vertex 7.33292 6.63674 19.4631
    endloop
  endfacet
  facet normal 0.419612 0.754894 0.504045
    outer loop
      vertex 7.79687 6.37845 19.4637
      vertex 7.58998 6.63674 19.2491
      vertex 7.33292 6.63674 19.4631
    endloop
  endfacet
  facet normal 0.613967 0.281086 0.737588
    outer loop
      vertex 7.57102 6 19.7959
      vertex 7.874 6 19.5437
      vertex 7.50636 6.37845 19.7055
    endloop
  endfacet
  facet normal 0.613944 0.281049 0.737621
    outer loop
      vertex 7.874 6 19.5437
      vertex 7.79687 6.37845 19.4637
      vertex 7.50636 6.37845 19.7055
    endloop
  endfacet
  facet normal 0.714646 -0.281051 0.64054
    outer loop
      vertex 8.04909 5.62155 19.1823
      vertex 7.874 6 19.5437
      vertex 7.79687 5.62155 19.4637
    endloop
  endfacet
  facet normal 0.714686 -0.281008 0.640514
    outer loop
      vertex 8.04909 5.62155 19.1823
      vertex 8.13704 6 19.2502
      vertex 7.874 6 19.5437
    endloop
  endfacet
  facet normal 0.488395 -0.754892 0.437731
    outer loop
      vertex 7.81315 5.36326 19.0001
      vertex 7.79687 5.62155 19.4637
      vertex 7.58998 5.36326 19.2491
    endloop
  endfacet
  facet normal 0.488378 -0.754901 0.437735
    outer loop
      vertex 7.81315 5.36326 19.0001
      vertex 8.04909 5.62155 19.1823
      vertex 7.79687 5.62155 19.4637
    endloop
  endfacet
  facet normal 0.106286 -0.989763 0.0952456
    outer loop
      vertex 7.50414 5.30712 18.7615
      vertex 7.58998 5.36326 19.2491
      vertex 7.319 5.30712 18.9681
    endloop
  endfacet
  facet normal 0.106272 -0.989765 0.0952481
    outer loop
      vertex 7.81315 5.36326 19.0001
      vertex 7.58998 5.36326 19.2491
      vertex 7.50414 5.30712 18.7615
    endloop
  endfacet
  facet normal -0.310049 -0.909216 -0.277842
    outer loop
      vertex 7.22017 5.47097 18.5422
      vertex 7.319 5.30712 18.9681
      vertex 7.06998 5.47097 18.7098
    endloop
  endfacet
  facet normal -0.310048 -0.909216 -0.277842
    outer loop
      vertex 7.50414 5.30712 18.7615
      vertex 7.319 5.30712 18.9681
      vertex 7.22017 5.47097 18.5422
    endloop
  endfacet
  facet normal -0.626987 -0.539587 -0.561901
    outer loop
      vertex 7.05139 5.80279 18.4119
      vertex 7.06998 5.47097 18.7098
      vertex 6.92198 5.80279 18.5563
    endloop
  endfacet
  facet normal -0.627016 -0.539573 -0.561883
    outer loop
      vertex 7.22017 5.47097 18.5422
      vertex 7.06998 5.47097 18.7098
      vertex 7.05139 5.80279 18.4119
    endloop
  endfacet
  facet normal -0.744703 0 -0.667396
    outer loop
      vertex 7.05139 5.80279 18.4119
      vertex 6.92198 6.19721 18.5563
      vertex 7.05139 6.19721 18.4119
    endloop
  endfacet
  facet normal -0.744703 -0 -0.667396
    outer loop
      vertex 6.92198 6.19721 18.5563
      vertex 7.05139 5.80279 18.4119
      vertex 6.92198 5.80279 18.5563
    endloop
  endfacet
  facet normal -0.627004 0.539598 -0.561872
    outer loop
      vertex 7.06998 6.52902 18.7098
      vertex 7.22017 6.52902 18.5422
      vertex 6.92198 6.19721 18.5563
    endloop
  endfacet
  facet normal -0.626989 0.539583 -0.561902
    outer loop
      vertex 7.22017 6.52902 18.5422
      vertex 7.05139 6.19721 18.4119
      vertex 6.92198 6.19721 18.5563
    endloop
  endfacet
  facet normal -0.310048 0.909216 -0.277843
    outer loop
      vertex 7.319 6.69287 18.9681
      vertex 7.50414 6.69287 18.7615
      vertex 7.06998 6.52902 18.7098
    endloop
  endfacet
  facet normal -0.310049 0.909216 -0.277841
    outer loop
      vertex 7.50414 6.69287 18.7615
      vertex 7.22017 6.52902 18.5422
      vertex 7.06998 6.52902 18.7098
    endloop
  endfacet
  facet normal 0.106259 0.989767 0.0952365
    outer loop
      vertex 7.58998 6.63674 19.2491
      vertex 7.81315 6.63674 19.0001
      vertex 7.319 6.69287 18.9681
    endloop
  endfacet
  facet normal 0.10626 0.989768 0.0952229
    outer loop
      vertex 7.81315 6.63674 19.0001
      vertex 7.50414 6.69287 18.7615
      vertex 7.319 6.69287 18.9681
    endloop
  endfacet
  facet normal 0.488385 0.754893 0.437741
    outer loop
      vertex 7.79687 6.37845 19.4637
      vertex 8.04909 6.37845 19.1823
      vertex 7.58998 6.63674 19.2491
    endloop
  endfacet
  facet normal 0.488387 0.754901 0.437724
    outer loop
      vertex 8.04909 6.37845 19.1823
      vertex 7.81315 6.63674 19.0001
      vertex 7.58998 6.63674 19.2491
    endloop
  endfacet
  facet normal 0.714677 0.28105 0.640506
    outer loop
      vertex 7.874 6 19.5437
      vertex 8.13704 6 19.2502
      vertex 7.79687 6.37845 19.4637
    endloop
  endfacet
  facet normal 0.714655 0.281007 0.640549
    outer loop
      vertex 8.13704 6 19.2502
      vertex 8.04909 6.37845 19.1823
      vertex 7.79687 6.37845 19.4637
    endloop
  endfacet
  facet normal 0.800462 -0.281011 0.529427
    outer loop
      vertex 8.25763 5.62155 18.867
      vertex 8.13704 6 19.2502
      vertex 8.04909 5.62155 19.1823
    endloop
  endfacet
  facet normal 0.800429 -0.281052 0.529456
    outer loop
      vertex 8.25763 5.62155 18.867
      vertex 8.35453 6 18.9214
      vertex 8.13704 6 19.2502
    endloop
  endfacet
  facet normal 0.546955 -0.754904 0.361885
    outer loop
      vertex 7.99768 5.36326 18.7212
      vertex 8.04909 5.62155 19.1823
      vertex 7.81315 5.36326 19.0001
    endloop
  endfacet
  facet normal 0.547075 -0.75484 0.361836
    outer loop
      vertex 8.25763 5.62155 18.867
      vertex 8.04909 5.62155 19.1823
      vertex 7.99768 5.36326 18.7212
    endloop
  endfacet
  facet normal 0.119021 -0.989765 0.0787371
    outer loop
      vertex 7.65722 5.30712 18.5301
      vertex 7.81315 5.36326 19.0001
      vertex 7.50414 5.30712 18.7615
    endloop
  endfacet
  facet normal 0.11901 -0.989766 0.078741
    outer loop
      vertex 7.99768 5.36326 18.7212
      vertex 7.81315 5.36326 19.0001
      vertex 7.65722 5.30712 18.5301
    endloop
  endfacet
  facet normal -0.347216 -0.909216 -0.229714
    outer loop
      vertex 7.34435 5.47097 18.3545
      vertex 7.50414 5.30712 18.7615
      vertex 7.22017 5.47097 18.5422
    endloop
  endfacet
  facet normal -0.34723 -0.909212 -0.229706
    outer loop
      vertex 7.65722 5.30712 18.5301
      vertex 7.50414 5.30712 18.7615
      vertex 7.34435 5.47097 18.3545
    endloop
  endfacet
  facet normal -0.702266 -0.539575 -0.464416
    outer loop
      vertex 7.15839 5.80279 18.2501
      vertex 7.22017 5.47097 18.5422
      vertex 7.05139 5.80279 18.4119
    endloop
  endfacet
  facet normal -0.702137 -0.539648 -0.464525
    outer loop
      vertex 7.34435 5.47097 18.3545
      vertex 7.22017 5.47097 18.5422
      vertex 7.15839 5.80279 18.2501
    endloop
  endfacet
  facet normal -0.834107 0 -0.551603
    outer loop
      vertex 7.15839 5.80279 18.2501
      vertex 7.05139 6.19721 18.4119
      vertex 7.15839 6.19721 18.2501
    endloop
  endfacet
  facet normal -0.834107 -0 -0.551603
    outer loop
      vertex 7.05139 6.19721 18.4119
      vertex 7.15839 5.80279 18.2501
      vertex 7.05139 5.80279 18.4119
    endloop
  endfacet
  facet normal -0.702167 0.539592 -0.464545
    outer loop
      vertex 7.22017 6.52902 18.5422
      vertex 7.34435 6.52902 18.3545
      vertex 7.05139 6.19721 18.4119
    endloop
  endfacet
  facet normal -0.702218 0.539665 -0.464384
    outer loop
      vertex 7.34435 6.52902 18.3545
      vertex 7.15839 6.19721 18.2501
      vertex 7.05139 6.19721 18.4119
    endloop
  endfacet
  facet normal -0.347224 0.909215 -0.229702
    outer loop
      vertex 7.50414 6.69287 18.7615
      vertex 7.65722 6.69287 18.5301
      vertex 7.22017 6.52902 18.5422
    endloop
  endfacet
  facet normal -0.347223 0.909211 -0.229719
    outer loop
      vertex 7.65722 6.69287 18.5301
      vertex 7.34435 6.52902 18.3545
      vertex 7.22017 6.52902 18.5422
    endloop
  endfacet
  facet normal 0.118995 0.989769 0.078731
    outer loop
      vertex 7.81315 6.63674 19.0001
      vertex 7.99768 6.63674 18.7212
      vertex 7.50414 6.69287 18.7615
    endloop
  endfacet
  facet normal 0.118994 0.98977 0.0787189
    outer loop
      vertex 7.99768 6.63674 18.7212
      vertex 7.65722 6.69287 18.5301
      vertex 7.50414 6.69287 18.7615
    endloop
  endfacet
  facet normal 0.547018 0.7549 0.361798
    outer loop
      vertex 8.04909 6.37845 19.1823
      vertex 8.25763 6.37845 18.867
      vertex 7.81315 6.63674 19.0001
    endloop
  endfacet
  facet normal 0.54702 0.754837 0.361927
    outer loop
      vertex 8.25763 6.37845 18.867
      vertex 7.99768 6.63674 18.7212
      vertex 7.81315 6.63674 19.0001
    endloop
  endfacet
  facet normal 0.800438 0.281012 0.529463
    outer loop
      vertex 8.13704 6 19.2502
      vertex 8.35453 6 18.9214
      vertex 8.04909 6.37845 19.1823
    endloop
  endfacet
  facet normal 0.800452 0.281052 0.52942
    outer loop
      vertex 8.35453 6 18.9214
      vertex 8.25763 6.37845 18.867
      vertex 8.04909 6.37845 19.1823
    endloop
  endfacet
  facet normal 0.868951 -0.281045 0.407356
    outer loop
      vertex 8.41805 5.62155 18.5248
      vertex 8.35453 6 18.9214
      vertex 8.25763 5.62155 18.867
    endloop
  endfacet
  facet normal 0.868952 -0.281042 0.407353
    outer loop
      vertex 8.41805 5.62155 18.5248
      vertex 8.52184 6 18.5645
      vertex 8.35453 6 18.9214
    endloop
  endfacet
  facet normal 0.593909 -0.754848 0.278347
    outer loop
      vertex 8.13964 5.36326 18.4183
      vertex 8.25763 5.62155 18.867
      vertex 7.99768 5.36326 18.7212
    endloop
  endfacet
  facet normal 0.593841 -0.754886 0.278387
    outer loop
      vertex 8.41805 5.62155 18.5248
      vertex 8.25763 5.62155 18.867
      vertex 8.13964 5.36326 18.4183
    endloop
  endfacet
  facet normal 0.129208 -0.989766 0.0605715
    outer loop
      vertex 7.77498 5.30712 18.2789
      vertex 7.99768 5.36326 18.7212
      vertex 7.65722 5.30712 18.5301
    endloop
  endfacet
  facet normal 0.129224 -0.989764 0.0605634
    outer loop
      vertex 8.13964 5.36326 18.4183
      vertex 7.99768 5.36326 18.7212
      vertex 7.77498 5.30712 18.2789
    endloop
  endfacet
  facet normal -0.376977 -0.909211 -0.176705
    outer loop
      vertex 7.43988 5.47097 18.1507
      vertex 7.65722 5.30712 18.5301
      vertex 7.34435 5.47097 18.3545
    endloop
  endfacet
  facet normal -0.376962 -0.909215 -0.176716
    outer loop
      vertex 7.77498 5.30712 18.2789
      vertex 7.65722 5.30712 18.5301
      vertex 7.43988 5.47097 18.1507
    endloop
  endfacet
  facet normal -0.762307 -0.539639 -0.357321
    outer loop
      vertex 7.2407 5.80279 18.0745
      vertex 7.34435 5.47097 18.3545
      vertex 7.15839 5.80279 18.2501
    endloop
  endfacet
  facet normal -0.762303 -0.539641 -0.357325
    outer loop
      vertex 7.43988 5.47097 18.1507
      vertex 7.34435 5.47097 18.3545
      vertex 7.2407 5.80279 18.0745
    endloop
  endfacet
  facet normal -0.905464 0 -0.424423
    outer loop
      vertex 7.2407 5.80279 18.0745
      vertex 7.15839 6.19721 18.2501
      vertex 7.2407 6.19721 18.0745
    endloop
  endfacet
  facet normal -0.905464 -0 -0.424423
    outer loop
      vertex 7.15839 6.19721 18.2501
      vertex 7.2407 5.80279 18.0745
      vertex 7.15839 5.80279 18.2501
    endloop
  endfacet
  facet normal -0.762298 0.53965 -0.357322
    outer loop
      vertex 7.34435 6.52902 18.3545
      vertex 7.43988 6.52902 18.1507
      vertex 7.15839 6.19721 18.2501
    endloop
  endfacet
  facet normal -0.762299 0.539653 -0.357317
    outer loop
      vertex 7.43988 6.52902 18.1507
      vertex 7.2407 6.19721 18.0745
      vertex 7.15839 6.19721 18.2501
    endloop
  endfacet
  facet normal -0.376969 0.909211 -0.176719
    outer loop
      vertex 7.65722 6.69287 18.5301
      vertex 7.77498 6.69287 18.2789
      vertex 7.34435 6.52902 18.3545
    endloop
  endfacet
  facet normal -0.376967 0.909215 -0.176701
    outer loop
      vertex 7.77498 6.69287 18.2789
      vertex 7.43988 6.52902 18.1507
      vertex 7.34435 6.52902 18.3545
    endloop
  endfacet
  facet normal 0.129193 0.989769 0.0605486
    outer loop
      vertex 7.99768 6.63674 18.7212
      vertex 8.13964 6.63674 18.4183
      vertex 7.65722 6.69287 18.5301
    endloop
  endfacet
  facet normal 0.129196 0.989768 0.060566
    outer loop
      vertex 8.13964 6.63674 18.4183
      vertex 7.77498 6.69287 18.2789
      vertex 7.65722 6.69287 18.5301
    endloop
  endfacet
  facet normal 0.593879 0.75485 0.278405
    outer loop
      vertex 8.25763 6.37845 18.867
      vertex 8.41805 6.37845 18.5248
      vertex 7.99768 6.63674 18.7212
    endloop
  endfacet
  facet normal 0.593866 0.754889 0.278327
    outer loop
      vertex 8.41805 6.37845 18.5248
      vertex 8.13964 6.63674 18.4183
      vertex 7.99768 6.63674 18.7212
    endloop
  endfacet
  facet normal 0.868952 0.281045 0.407353
    outer loop
      vertex 8.35453 6 18.9214
      vertex 8.52184 6 18.5645
      vertex 8.25763 6.37845 18.867
    endloop
  endfacet
  facet normal 0.868951 0.281042 0.407356
    outer loop
      vertex 8.52184 6 18.5645
      vertex 8.41805 6.37845 18.5248
      vertex 8.25763 6.37845 18.867
    endloop
  endfacet
  facet normal 0.918998 -0.281042 0.276512
    outer loop
      vertex 8.52694 5.62155 18.1629
      vertex 8.52184 6 18.5645
      vertex 8.41805 5.62155 18.5248
    endloop
  endfacet
  facet normal 0.91899 -0.281056 0.276525
    outer loop
      vertex 8.52694 5.62155 18.1629
      vertex 8.6354 6 18.1871
      vertex 8.52184 6 18.5645
    endloop
  endfacet
  facet normal 0.628047 -0.754884 0.188963
    outer loop
      vertex 8.23598 5.36326 18.0981
      vertex 8.41805 5.62155 18.5248
      vertex 8.13964 5.36326 18.4183
    endloop
  endfacet
  facet normal 0.628041 -0.754888 0.188968
    outer loop
      vertex 8.52694 5.62155 18.1629
      vertex 8.41805 5.62155 18.5248
      vertex 8.23598 5.36326 18.0981
    endloop
  endfacet
  facet normal 0.13666 -0.989765 0.0411112
    outer loop
      vertex 7.85491 5.30712 18.0132
      vertex 8.13964 5.36326 18.4183
      vertex 7.77498 5.30712 18.2789
    endloop
  endfacet
  facet normal 0.136654 -0.989765 0.0411157
    outer loop
      vertex 8.23598 5.36326 18.0981
      vertex 8.13964 5.36326 18.4183
      vertex 7.85491 5.30712 18.0132
    endloop
  endfacet
  facet normal -0.398616 -0.909243 -0.119929
    outer loop
      vertex 7.55568 5.44008 18
      vertex 7.43988 5.47097 18.1507
      vertex 7.48522 5.47097 18
    endloop
  endfacet
  facet normal -0.398669 -0.909214 -0.119975
    outer loop
      vertex 7.43988 5.47097 18.1507
      vertex 7.55568 5.44008 18
      vertex 7.77498 5.30712 18.2789
    endloop
  endfacet
  facet normal -0.398683 -0.909209 -0.119961
    outer loop
      vertex 7.79566 5.33485 18
      vertex 7.77498 5.30712 18.2789
      vertex 7.55568 5.44008 18
    endloop
  endfacet
  facet normal -0.398779 -0.909167 -0.119964
    outer loop
      vertex 7.77498 5.30712 18.2789
      vertex 7.79566 5.33485 18
      vertex 7.85491 5.30712 18.0132
    endloop
  endfacet
  facet normal -0.806198 -0.539564 -0.242725
    outer loop
      vertex 7.35741 5.66192 18
      vertex 7.2407 5.80279 18.0745
      vertex 7.26313 5.80279 18
    endloop
  endfacet
  facet normal -0.806193 -0.539636 -0.24258
    outer loop
      vertex 7.2407 5.80279 18.0745
      vertex 7.35741 5.66192 18
      vertex 7.43988 5.47097 18.1507
    endloop
  endfacet
  facet normal -0.806208 -0.539625 -0.242558
    outer loop
      vertex 7.48522 5.47097 18
      vertex 7.43988 5.47097 18.1507
      vertex 7.35741 5.66192 18
    endloop
  endfacet
  facet normal -0.957543 0 -0.288291
    outer loop
      vertex 7.26313 5.80279 18
      vertex 7.2407 6.19721 18.0745
      vertex 7.26313 6.19721 18
    endloop
  endfacet
  facet normal -0.957543 -0 -0.288291
    outer loop
      vertex 7.2407 6.19721 18.0745
      vertex 7.26313 5.80279 18
      vertex 7.2407 5.80279 18.0745
    endloop
  endfacet
  facet normal -0.806205 0.539629 -0.242557
    outer loop
      vertex 7.38192 6.37469 18
      vertex 7.43988 6.52902 18.1507
      vertex 7.48522 6.52902 18
    endloop
  endfacet
  facet normal -0.806184 0.539648 -0.242584
    outer loop
      vertex 7.43988 6.52902 18.1507
      vertex 7.38192 6.37469 18
      vertex 7.2407 6.19721 18.0745
    endloop
  endfacet
  facet normal -0.806182 0.53959 -0.24272
    outer loop
      vertex 7.38192 6.37469 18
      vertex 7.26313 6.19721 18
      vertex 7.2407 6.19721 18.0745
    endloop
  endfacet
  facet normal -0.398683 0.909212 -0.119935
    outer loop
      vertex 7.77498 6.69287 18.2789
      vertex 7.85491 6.69287 18.0132
      vertex 7.43988 6.52902 18.1507
    endloop
  endfacet
  facet normal -0.398671 0.909225 -0.119883
    outer loop
      vertex 7.79566 6.66515 18
      vertex 7.43988 6.52902 18.1507
      vertex 7.85491 6.69287 18.0132
    endloop
  endfacet
  facet normal -0.398693 0.909206 -0.119952
    outer loop
      vertex 7.43988 6.52902 18.1507
      vertex 7.79566 6.66515 18
      vertex 7.48522 6.52902 18
    endloop
  endfacet
  facet normal 0.136634 0.989768 0.0411097
    outer loop
      vertex 8.13964 6.63674 18.4183
      vertex 8.23598 6.63674 18.0981
      vertex 7.77498 6.69287 18.2789
    endloop
  endfacet
  facet normal 0.136631 0.989769 0.0411025
    outer loop
      vertex 8.23598 6.63674 18.0981
      vertex 7.85491 6.69287 18.0132
      vertex 7.77498 6.69287 18.2789
    endloop
  endfacet
  facet normal 0.628045 0.754884 0.188969
    outer loop
      vertex 8.41805 6.37845 18.5248
      vertex 8.52694 6.37845 18.1629
      vertex 8.13964 6.63674 18.4183
    endloop
  endfacet
  facet normal 0.628043 0.754888 0.188962
    outer loop
      vertex 8.52694 6.37845 18.1629
      vertex 8.23598 6.63674 18.0981
      vertex 8.13964 6.63674 18.4183
    endloop
  endfacet
  facet normal 0.918993 0.281042 0.276526
    outer loop
      vertex 8.52184 6 18.5645
      vertex 8.6354 6 18.1871
      vertex 8.41805 6.37845 18.5248
    endloop
  endfacet
  facet normal 0.918994 0.281056 0.276511
    outer loop
      vertex 8.6354 6 18.1871
      vertex 8.52694 6.37845 18.1629
      vertex 8.41805 6.37845 18.5248
    endloop
  endfacet
  facet normal 0.949466 -0.281044 0.139745
    outer loop
      vertex 8.52694 5.62155 18.1629
      vertex 8.6103 5.82217 18
      vertex 8.6354 6 18.1871
    endloop
  endfacet
  facet normal 0.949463 -0.281072 0.139709
    outer loop
      vertex 8.6103 5.82217 18
      vertex 8.52694 5.62155 18.1629
      vertex 8.55091 5.62155 18
    endloop
  endfacet
  facet normal 0.949483 -0.281006 0.139707
    outer loop
      vertex 8.66293 6 18
      vertex 8.6354 6 18.1871
      vertex 8.6103 5.82217 18
    endloop
  endfacet
  facet normal 0.64886 -0.75489 0.0955101
    outer loop
      vertex 8.4272 5.51521 18
      vertex 8.23598 5.36326 18.0981
      vertex 8.25042 5.36326 18
    endloop
  endfacet
  facet normal 0.648859 -0.754891 0.0955059
    outer loop
      vertex 8.23598 5.36326 18.0981
      vertex 8.4272 5.51521 18
      vertex 8.52694 5.62155 18.1629
    endloop
  endfacet
  facet normal 0.648883 -0.754874 0.0954802
    outer loop
      vertex 8.55091 5.62155 18
      vertex 8.52694 5.62155 18.1629
      vertex 8.4272 5.51521 18
    endloop
  endfacet
  facet normal 0.141197 -0.989762 0.0208586
    outer loop
      vertex 8.143 5.34794 18
      vertex 7.85491 5.30712 18.0132
      vertex 7.85686 5.30712 18
    endloop
  endfacet
  facet normal 0.141192 -0.989765 0.0207457
    outer loop
      vertex 7.85491 5.30712 18.0132
      vertex 8.143 5.34794 18
      vertex 8.23598 5.36326 18.0981
    endloop
  endfacet
  facet normal 0.141159 -0.989769 0.0207781
    outer loop
      vertex 8.25042 5.36326 18
      vertex 8.23598 5.36326 18.0981
      vertex 8.143 5.34794 18
    endloop
  endfacet
  facet normal -0.411861 -0.909184 -0.0612802
    outer loop
      vertex 7.84098 5.31432 18
      vertex 7.85491 5.30712 18.0132
      vertex 7.79566 5.33485 18
    endloop
  endfacet
  facet normal -0.412172 -0.909069 -0.0608891
    outer loop
      vertex 7.85686 5.30712 18
      vertex 7.85491 5.30712 18.0132
      vertex 7.84098 5.31432 18
    endloop
  endfacet
  facet normal -0.411827 0.909229 -0.0608381
    outer loop
      vertex 7.85491 6.69287 18.0132
      vertex 7.85686 6.69287 18
      vertex 7.79566 6.66515 18
    endloop
  endfacet
  facet normal 0.141168 0.989768 0.0207794
    outer loop
      vertex 7.87798 6.68986 18
      vertex 8.23598 6.63674 18.0981
      vertex 8.25042 6.63674 18
    endloop
  endfacet
  facet normal 0.141122 0.989771 0.0209458
    outer loop
      vertex 8.23598 6.63674 18.0981
      vertex 7.87798 6.68986 18
      vertex 7.85491 6.69287 18.0132
    endloop
  endfacet
  facet normal 0.141063 0.989781 0.0208388
    outer loop
      vertex 7.87798 6.68986 18
      vertex 7.85686 6.69287 18
      vertex 7.85491 6.69287 18.0132
    endloop
  endfacet
  facet normal 0.648869 0.754886 0.0954782
    outer loop
      vertex 8.34577 6.55478 18
      vertex 8.52694 6.37845 18.1629
      vertex 8.55091 6.37845 18
    endloop
  endfacet
  facet normal 0.648862 0.754891 0.0954914
    outer loop
      vertex 8.52694 6.37845 18.1629
      vertex 8.34577 6.55478 18
      vertex 8.23598 6.63674 18.0981
    endloop
  endfacet
  facet normal 0.648872 0.754879 0.0955118
    outer loop
      vertex 8.34577 6.55478 18
      vertex 8.25042 6.63674 18
      vertex 8.23598 6.63674 18.0981
    endloop
  endfacet
  facet normal 0.949467 0.281043 0.139738
    outer loop
      vertex 8.6354 6 18.1871
      vertex 8.6008 6.20992 18
      vertex 8.52694 6.37845 18.1629
    endloop
  endfacet
  facet normal 0.949479 0.281017 0.139707
    outer loop
      vertex 8.6008 6.20992 18
      vertex 8.6354 6 18.1871
      vertex 8.66293 6 18
    endloop
  endfacet
  facet normal 0.949464 0.28107 0.139709
    outer loop
      vertex 8.6008 6.20992 18
      vertex 8.55091 6.37845 18
      vertex 8.52694 6.37845 18.1629
    endloop
  endfacet
  facet normal 0.868917 -0.281004 -0.407455
    outer loop
      vertex 8.40352 5.83052 16.5
      vertex 8.33594 5.62155 16.5
      vertex 8.25763 5.62155 16.333
    endloop
  endfacet
  facet normal 0.868943 -0.281017 -0.407391
    outer loop
      vertex 8.40352 5.83052 16.5
      vertex 8.35453 6 16.2786
      vertex 8.45833 6 16.5
    endloop
  endfacet
  facet normal 0.868925 -0.281046 -0.407409
    outer loop
      vertex 8.35453 6 16.2786
      vertex 8.40352 5.83052 16.5
      vertex 8.25763 5.62155 16.333
    endloop
  endfacet
  facet normal 0.5939 -0.755019 -0.2779
    outer loop
      vertex 8.04298 5.39109 16.5
      vertex 8.0076 5.36326 16.5
      vertex 7.99768 5.36326 16.4788
    endloop
  endfacet
  facet normal 0.593958 -0.754844 -0.278253
    outer loop
      vertex 8.25763 5.62155 16.333
      vertex 8.04298 5.39109 16.5
      vertex 7.99768 5.36326 16.4788
    endloop
  endfacet
  facet normal 0.593827 -0.754871 -0.278459
    outer loop
      vertex 8.04298 5.39109 16.5
      vertex 8.25763 5.62155 16.333
      vertex 8.33594 5.62155 16.5
    endloop
  endfacet
  facet normal 0.129307 -0.989757 -0.0605057
    outer loop
      vertex 7.99768 5.36326 16.4788
      vertex 8.0076 5.36326 16.5
      vertex 7.95999 5.35704 16.5
    endloop
  endfacet
  facet normal 0.129431 0.989737 -0.0605639
    outer loop
      vertex 8.0076 6.63674 16.5
      vertex 7.99768 6.63674 16.4788
      vertex 7.98703 6.63943 16.5
    endloop
  endfacet
  facet normal 0.12921 0.989759 -0.0606774
    outer loop
      vertex 7.98703 6.63943 16.5
      vertex 7.99768 6.63674 16.4788
      vertex 7.95999 6.64296 16.5
    endloop
  endfacet
  facet normal 0.593822 0.754876 -0.278456
    outer loop
      vertex 8.33594 6.37845 16.5
      vertex 8.25763 6.37845 16.333
      vertex 8.2137 6.47461 16.5
    endloop
  endfacet
  facet normal 0.593923 0.754997 -0.277911
    outer loop
      vertex 8.2137 6.47461 16.5
      vertex 7.99768 6.63674 16.4788
      vertex 8.0076 6.63674 16.5
    endloop
  endfacet
  facet normal 0.593865 0.754851 -0.278431
    outer loop
      vertex 7.99768 6.63674 16.4788
      vertex 8.2137 6.47461 16.5
      vertex 8.25763 6.37845 16.333
    endloop
  endfacet
  facet normal 0.868945 0.281012 -0.407391
    outer loop
      vertex 8.39 6.21129 16.5
      vertex 8.45833 6 16.5
      vertex 8.35453 6 16.2786
    endloop
  endfacet
  facet normal 0.868916 0.28101 -0.407454
    outer loop
      vertex 8.39 6.21129 16.5
      vertex 8.25763 6.37845 16.333
      vertex 8.33594 6.37845 16.5
    endloop
  endfacet
  facet normal 0.86892 0.281046 -0.40742
    outer loop
      vertex 8.25763 6.37845 16.333
      vertex 8.39 6.21129 16.5
      vertex 8.35453 6 16.2786
    endloop
  endfacet
  facet normal 0.800452 -0.281052 -0.52942
    outer loop
      vertex 8.35453 6 16.2786
      vertex 8.25763 5.62155 16.333
      vertex 8.04909 5.62155 16.0177
    endloop
  endfacet
  facet normal 0.800438 -0.281012 -0.529463
    outer loop
      vertex 8.13704 6 15.9498
      vertex 8.35453 6 16.2786
      vertex 8.04909 5.62155 16.0177
    endloop
  endfacet
  facet normal 0.54702 -0.754837 -0.361927
    outer loop
      vertex 8.25763 5.62155 16.333
      vertex 7.99768 5.36326 16.4788
      vertex 7.81315 5.36326 16.1999
    endloop
  endfacet
  facet normal 0.547018 -0.7549 -0.361798
    outer loop
      vertex 8.04909 5.62155 16.0177
      vertex 8.25763 5.62155 16.333
      vertex 7.81315 5.36326 16.1999
    endloop
  endfacet
  facet normal 0.119007 -0.98977 -0.0786994
    outer loop
      vertex 7.50414 5.30712 16.4385
      vertex 7.95999 5.35704 16.5
      vertex 7.54481 5.30712 16.5
    endloop
  endfacet
  facet normal 0.119019 -0.98976 -0.0787964
    outer loop
      vertex 7.95999 5.35704 16.5
      vertex 7.50414 5.30712 16.4385
      vertex 7.99768 5.36326 16.4788
    endloop
  endfacet
  facet normal 0.119015 -0.989765 -0.0787447
    outer loop
      vertex 7.81315 5.36326 16.1999
      vertex 7.99768 5.36326 16.4788
      vertex 7.50414 5.30712 16.4385
    endloop
  endfacet
  facet normal -0.347252 -0.909221 0.229638
    outer loop
      vertex 7.50414 5.30712 16.4385
      vertex 7.54481 5.30712 16.5
      vertex 7.42455 5.35305 16.5
    endloop
  endfacet
  facet normal -0.347152 0.909275 0.229572
    outer loop
      vertex 7.54481 6.69287 16.5
      vertex 7.50414 6.69287 16.4385
      vertex 7.48001 6.66813 16.5
    endloop
  endfacet
  facet normal -0.347241 0.909253 0.229528
    outer loop
      vertex 7.48001 6.66813 16.5
      vertex 7.50414 6.69287 16.4385
      vertex 7.42455 6.64695 16.5
    endloop
  endfacet
  facet normal 0.119039 0.989761 -0.0787605
    outer loop
      vertex 7.81315 6.63674 16.1999
      vertex 7.95999 6.64296 16.5
      vertex 7.99768 6.63674 16.4788
    endloop
  endfacet
  facet normal 0.118986 0.989769 -0.0787347
    outer loop
      vertex 7.95999 6.64296 16.5
      vertex 7.81315 6.63674 16.1999
      vertex 7.7136 6.67258 16.5
    endloop
  endfacet
  facet normal 0.118979 0.989774 -0.0786811
    outer loop
      vertex 7.7136 6.67258 16.5
      vertex 7.50414 6.69287 16.4385
      vertex 7.54481 6.69287 16.5
    endloop
  endfacet
  facet normal 0.118994 0.989769 -0.078732
    outer loop
      vertex 7.50414 6.69287 16.4385
      vertex 7.7136 6.67258 16.5
      vertex 7.81315 6.63674 16.1999
    endloop
  endfacet
  facet normal 0.547075 0.75484 -0.361836
    outer loop
      vertex 8.25763 6.37845 16.333
      vertex 8.04909 6.37845 16.0177
      vertex 7.99768 6.63674 16.4788
    endloop
  endfacet
  facet normal 0.546955 0.754904 -0.361885
    outer loop
      vertex 7.99768 6.63674 16.4788
      vertex 8.04909 6.37845 16.0177
      vertex 7.81315 6.63674 16.1999
    endloop
  endfacet
  facet normal 0.800429 0.281052 -0.529456
    outer loop
      vertex 8.25763 6.37845 16.333
      vertex 8.35453 6 16.2786
      vertex 8.13704 6 15.9498
    endloop
  endfacet
  facet normal 0.800462 0.281011 -0.529427
    outer loop
      vertex 8.25763 6.37845 16.333
      vertex 8.13704 6 15.9498
      vertex 8.04909 6.37845 16.0177
    endloop
  endfacet
  facet normal 0.714655 -0.281007 -0.640549
    outer loop
      vertex 8.13704 6 15.9498
      vertex 8.04909 5.62155 16.0177
      vertex 7.79687 5.62155 15.7363
    endloop
  endfacet
  facet normal 0.714677 -0.28105 -0.640506
    outer loop
      vertex 7.874 6 15.6563
      vertex 8.13704 6 15.9498
      vertex 7.79687 5.62155 15.7363
    endloop
  endfacet
  facet normal 0.488387 -0.754901 -0.437724
    outer loop
      vertex 8.04909 5.62155 16.0177
      vertex 7.81315 5.36326 16.1999
      vertex 7.58998 5.36326 15.9509
    endloop
  endfacet
  facet normal 0.488385 -0.754893 -0.437741
    outer loop
      vertex 7.79687 5.62155 15.7363
      vertex 8.04909 5.62155 16.0177
      vertex 7.58998 5.36326 15.9509
    endloop
  endfacet
  facet normal 0.106279 -0.989765 -0.0952395
    outer loop
      vertex 7.81315 5.36326 16.1999
      vertex 7.50414 5.30712 16.4385
      vertex 7.319 5.30712 16.2319
    endloop
  endfacet
  facet normal 0.106278 -0.989764 -0.0952532
    outer loop
      vertex 7.58998 5.36326 15.9509
      vertex 7.81315 5.36326 16.1999
      vertex 7.319 5.30712 16.2319
    endloop
  endfacet
  facet normal -0.310061 -0.909228 0.27779
    outer loop
      vertex 7.06998 5.47097 16.4902
      vertex 7.42455 5.35305 16.5
      vertex 7.07876 5.47097 16.5
    endloop
  endfacet
  facet normal -0.310062 -0.909232 0.277775
    outer loop
      vertex 7.42455 5.35305 16.5
      vertex 7.06998 5.47097 16.4902
      vertex 7.50414 5.30712 16.4385
    endloop
  endfacet
  facet normal -0.310048 -0.909216 0.277843
    outer loop
      vertex 7.319 5.30712 16.2319
      vertex 7.50414 5.30712 16.4385
      vertex 7.06998 5.47097 16.4902
    endloop
  endfacet
  facet normal -0.62711 -0.53951 0.561839
    outer loop
      vertex 7.06998 5.47097 16.4902
      vertex 7.07876 5.47097 16.5
      vertex 7.06053 5.49216 16.5
    endloop
  endfacet
  facet normal -0.627032 0.539673 0.561769
    outer loop
      vertex 7.07876 6.52902 16.5
      vertex 7.06998 6.52902 16.4902
      vertex 7.06937 6.51811 16.5
    endloop
  endfacet
  facet normal -0.626995 0.539691 0.561793
    outer loop
      vertex 7.06937 6.51811 16.5
      vertex 7.06998 6.52902 16.4902
      vertex 7.06053 6.50784 16.5
    endloop
  endfacet
  facet normal -0.309969 0.909264 0.277772
    outer loop
      vertex 7.319 6.69287 16.2319
      vertex 7.42455 6.64695 16.5
      vertex 7.50414 6.69287 16.4385
    endloop
  endfacet
  facet normal -0.310066 0.909222 0.277803
    outer loop
      vertex 7.42455 6.64695 16.5
      vertex 7.319 6.69287 16.2319
      vertex 7.25679 6.58974 16.5
    endloop
  endfacet
  facet normal -0.310099 0.909205 0.277823
    outer loop
      vertex 7.25679 6.58974 16.5
      vertex 7.06998 6.52902 16.4902
      vertex 7.07876 6.52902 16.5
    endloop
  endfacet
  facet normal -0.3101 0.909214 0.277791
    outer loop
      vertex 7.06998 6.52902 16.4902
      vertex 7.25679 6.58974 16.5
      vertex 7.319 6.69287 16.2319
    endloop
  endfacet
  facet normal 0.106254 0.989768 -0.0952315
    outer loop
      vertex 7.81315 6.63674 16.1999
      vertex 7.58998 6.63674 15.9509
      vertex 7.50414 6.69287 16.4385
    endloop
  endfacet
  facet normal 0.106267 0.989767 -0.095229
    outer loop
      vertex 7.50414 6.69287 16.4385
      vertex 7.58998 6.63674 15.9509
      vertex 7.319 6.69287 16.2319
    endloop
  endfacet
  facet normal 0.488378 0.754901 -0.437735
    outer loop
      vertex 7.81315 6.63674 16.1999
      vertex 8.04909 6.37845 16.0177
      vertex 7.79687 6.37845 15.7363
    endloop
  endfacet
  facet normal 0.488395 0.754892 -0.437731
    outer loop
      vertex 7.81315 6.63674 16.1999
      vertex 7.79687 6.37845 15.7363
      vertex 7.58998 6.63674 15.9509
    endloop
  endfacet
  facet normal 0.714686 0.281008 -0.640514
    outer loop
      vertex 8.04909 6.37845 16.0177
      vertex 8.13704 6 15.9498
      vertex 7.874 6 15.6563
    endloop
  endfacet
  facet normal 0.714646 0.281051 -0.64054
    outer loop
      vertex 8.04909 6.37845 16.0177
      vertex 7.874 6 15.6563
      vertex 7.79687 6.37845 15.7363
    endloop
  endfacet
  facet normal 0.613944 -0.281049 -0.737621
    outer loop
      vertex 7.874 6 15.6563
      vertex 7.79687 5.62155 15.7363
      vertex 7.50636 5.62155 15.4945
    endloop
  endfacet
  facet normal 0.613967 -0.281086 -0.737588
    outer loop
      vertex 7.57102 6 15.4041
      vertex 7.874 6 15.6563
      vertex 7.50636 5.62155 15.4945
    endloop
  endfacet
  facet normal 0.419612 -0.754894 -0.504045
    outer loop
      vertex 7.79687 5.62155 15.7363
      vertex 7.58998 5.36326 15.9509
      vertex 7.33292 5.36326 15.7369
    endloop
  endfacet
  facet normal 0.419592 -0.754857 -0.504117
    outer loop
      vertex 7.50636 5.62155 15.4945
      vertex 7.79687 5.62155 15.7363
      vertex 7.33292 5.36326 15.7369
    endloop
  endfacet
  facet normal 0.0913038 -0.989763 -0.109693
    outer loop
      vertex 7.58998 5.36326 15.9509
      vertex 7.319 5.30712 16.2319
      vertex 7.10575 5.30712 16.0544
    endloop
  endfacet
  facet normal 0.091307 -0.989764 -0.109679
    outer loop
      vertex 7.33292 5.36326 15.7369
      vertex 7.58998 5.36326 15.9509
      vertex 7.10575 5.30712 16.0544
    endloop
  endfacet
  facet normal -0.26635 -0.909217 0.319972
    outer loop
      vertex 7.319 5.30712 16.2319
      vertex 7.06998 5.47097 16.4902
      vertex 6.89699 5.47097 16.3462
    endloop
  endfacet
  facet normal -0.266344 -0.909213 0.319988
    outer loop
      vertex 7.10575 5.30712 16.0544
      vertex 7.319 5.30712 16.2319
      vertex 6.89699 5.47097 16.3462
    endloop
  endfacet
  facet normal -0.538475 -0.539501 0.64729
    outer loop
      vertex 7.06998 5.47097 16.4902
      vertex 7.06053 5.49216 16.5
      vertex 6.97116 5.58136 16.5
    endloop
  endfacet
  facet normal -0.538628 -0.539618 0.647064
    outer loop
      vertex 6.97116 5.58136 16.5
      vertex 6.89699 5.47097 16.3462
      vertex 7.06998 5.47097 16.4902
    endloop
  endfacet
  facet normal -0.538577 -0.539661 0.647071
    outer loop
      vertex 6.89699 5.47097 16.3462
      vertex 6.97116 5.58136 16.5
      vertex 6.78698 5.76517 16.5
    endloop
  endfacet
  facet normal -0.538598 0.53969 0.647029
    outer loop
      vertex 6.89699 6.52902 16.3462
      vertex 7.06053 6.50784 16.5
      vertex 7.06998 6.52902 16.4902
    endloop
  endfacet
  facet normal -0.538616 0.539655 0.647043
    outer loop
      vertex 7.06053 6.50784 16.5
      vertex 6.89699 6.52902 16.3462
      vertex 6.90991 6.35751 16.5
    endloop
  endfacet
  facet normal -0.538577 0.539674 0.64706
    outer loop
      vertex 6.90991 6.35751 16.5
      vertex 6.89699 6.52902 16.3462
      vertex 6.78698 6.23483 16.5
    endloop
  endfacet
  facet normal -0.266339 0.909217 0.319982
    outer loop
      vertex 7.319 6.69287 16.2319
      vertex 7.10575 6.69287 16.0544
      vertex 7.06998 6.52902 16.4902
    endloop
  endfacet
  facet normal -0.266356 0.909213 0.319979
    outer loop
      vertex 7.06998 6.52902 16.4902
      vertex 7.10575 6.69287 16.0544
      vertex 6.89699 6.52902 16.3462
    endloop
  endfacet
  facet normal 0.0912961 0.989767 -0.109666
    outer loop
      vertex 7.58998 6.63674 15.9509
      vertex 7.33292 6.63674 15.7369
      vertex 7.319 6.69287 16.2319
    endloop
  endfacet
  facet normal 0.0912818 0.989768 -0.109667
    outer loop
      vertex 7.319 6.69287 16.2319
      vertex 7.33292 6.63674 15.7369
      vertex 7.10575 6.69287 16.0544
    endloop
  endfacet
  facet normal 0.419566 0.754892 -0.504086
    outer loop
      vertex 7.58998 6.63674 15.9509
      vertex 7.79687 6.37845 15.7363
      vertex 7.50636 6.37845 15.4945
    endloop
  endfacet
  facet normal 0.419641 0.754855 -0.504079
    outer loop
      vertex 7.58998 6.63674 15.9509
      vertex 7.50636 6.37845 15.4945
      vertex 7.33292 6.63674 15.7369
    endloop
  endfacet
  facet normal 0.613973 0.28105 -0.737596
    outer loop
      vertex 7.79687 6.37845 15.7363
      vertex 7.874 6 15.6563
      vertex 7.57102 6 15.4041
    endloop
  endfacet
  facet normal 0.613937 0.281087 -0.737612
    outer loop
      vertex 7.79687 6.37845 15.7363
      vertex 7.57102 6 15.4041
      vertex 7.50636 6.37845 15.4945
    endloop
  endfacet
  facet normal 0.499951 -0.281093 -0.819168
    outer loop
      vertex 7.57102 6 15.4041
      vertex 7.50636 5.62155 15.4945
      vertex 7.18374 5.62155 15.2976
    endloop
  endfacet
  facet normal 0.499873 -0.28099 -0.819251
    outer loop
      vertex 7.23455 6 15.1988
      vertex 7.57102 6 15.4041
      vertex 7.18374 5.62155 15.2976
    endloop
  endfacet
  facet normal 0.341652 -0.754855 -0.559882
    outer loop
      vertex 7.50636 5.62155 15.4945
      vertex 7.33292 5.36326 15.7369
      vertex 7.04745 5.36326 15.5627
    endloop
  endfacet
  facet normal 0.341674 -0.754882 -0.559832
    outer loop
      vertex 7.18374 5.62155 15.2976
      vertex 7.50636 5.62155 15.4945
      vertex 7.04745 5.36326 15.5627
    endloop
  endfacet
  facet normal 0.0743331 -0.989764 -0.121824
    outer loop
      vertex 7.33292 5.36326 15.7369
      vertex 7.10575 5.30712 16.0544
      vertex 6.86893 5.30712 15.9099
    endloop
  endfacet
  facet normal 0.0743356 -0.989765 -0.121817
    outer loop
      vertex 7.04745 5.36326 15.5627
      vertex 7.33292 5.36326 15.7369
      vertex 6.86893 5.30712 15.9099
    endloop
  endfacet
  facet normal -0.216826 -0.909212 0.355414
    outer loop
      vertex 7.10575 5.30712 16.0544
      vertex 6.89699 5.47097 16.3462
      vertex 6.70488 5.47097 16.229
    endloop
  endfacet
  facet normal -0.216843 -0.909221 0.355383
    outer loop
      vertex 6.86893 5.30712 15.9099
      vertex 7.10575 5.30712 16.0544
      vertex 6.70488 5.47097 16.229
    endloop
  endfacet
  facet normal -0.438702 -0.53969 0.718523
    outer loop
      vertex 6.60738 5.80279 16.4186
      vertex 6.78698 5.76517 16.5
      vertex 6.7407 5.80279 16.5
    endloop
  endfacet
  facet normal -0.438704 -0.539675 0.718534
    outer loop
      vertex 6.78698 5.76517 16.5
      vertex 6.60738 5.80279 16.4186
      vertex 6.89699 5.47097 16.3462
    endloop
  endfacet
  facet normal -0.438493 -0.539541 0.718762
    outer loop
      vertex 6.70488 5.47097 16.229
      vertex 6.89699 5.47097 16.3462
      vertex 6.60738 5.80279 16.4186
    endloop
  endfacet
  facet normal -0.521108 0 0.853491
    outer loop
      vertex 6.60738 6.19721 16.4186
      vertex 6.7407 5.80279 16.5
      vertex 6.7407 6.19721 16.5
    endloop
  endfacet
  facet normal -0.521108 0 0.853491
    outer loop
      vertex 6.7407 5.80279 16.5
      vertex 6.60738 6.19721 16.4186
      vertex 6.60738 5.80279 16.4186
    endloop
  endfacet
  facet normal -0.438448 0.539678 0.718688
    outer loop
      vertex 6.70488 6.52902 16.229
      vertex 6.78698 6.23483 16.5
      vertex 6.89699 6.52902 16.3462
    endloop
  endfacet
  facet normal -0.438489 0.539657 0.718678
    outer loop
      vertex 6.78698 6.23483 16.5
      vertex 6.70488 6.52902 16.229
      vertex 6.76831 6.21966 16.5
    endloop
  endfacet
  facet normal -0.438746 0.539543 0.718607
    outer loop
      vertex 6.60738 6.19721 16.4186
      vertex 6.76831 6.21966 16.5
      vertex 6.70488 6.52902 16.229
    endloop
  endfacet
  facet normal -0.438739 0.53958 0.718583
    outer loop
      vertex 6.76831 6.21966 16.5
      vertex 6.60738 6.19721 16.4186
      vertex 6.7407 6.19721 16.5
    endloop
  endfacet
  facet normal -0.216852 0.909213 0.355396
    outer loop
      vertex 6.89699 6.52902 16.3462
      vertex 7.10575 6.69287 16.0544
      vertex 6.86893 6.69287 15.9099
    endloop
  endfacet
  facet normal -0.216816 0.909221 0.355397
    outer loop
      vertex 6.89699 6.52902 16.3462
      vertex 6.86893 6.69287 15.9099
      vertex 6.70488 6.52902 16.229
    endloop
  endfacet
  facet normal 0.0743247 0.989768 -0.121799
    outer loop
      vertex 7.10575 6.69287 16.0544
      vertex 7.33292 6.63674 15.7369
      vertex 7.04745 6.63674 15.5627
    endloop
  endfacet
  facet normal 0.0743177 0.989769 -0.121799
    outer loop
      vertex 7.10575 6.69287 16.0544
      vertex 7.04745 6.63674 15.5627
      vertex 6.86893 6.69287 15.9099
    endloop
  endfacet
  facet normal 0.341689 0.754857 -0.559857
    outer loop
      vertex 7.33292 6.63674 15.7369
      vertex 7.50636 6.37845 15.4945
      vertex 7.18374 6.37845 15.2976
    endloop
  endfacet
  facet normal 0.341635 0.754883 -0.559854
    outer loop
      vertex 7.33292 6.63674 15.7369
      vertex 7.18374 6.37845 15.2976
      vertex 7.04745 6.63674 15.5627
    endloop
  endfacet
  facet normal 0.499857 0.281091 -0.819226
    outer loop
      vertex 7.50636 6.37845 15.4945
      vertex 7.57102 6 15.4041
      vertex 7.23455 6 15.1988
    endloop
  endfacet
  facet normal 0.499967 0.280987 -0.819194
    outer loop
      vertex 7.50636 6.37845 15.4945
      vertex 7.23455 6 15.1988
      vertex 7.18374 6.37845 15.2976
    endloop
  endfacet
  facet normal 0.375314 -0.280983 -0.883283
    outer loop
      vertex 7.23455 6 15.1988
      vertex 7.18374 5.62155 15.2976
      vertex 6.8359 5.62155 15.1498
    endloop
  endfacet
  facet normal 0.375416 -0.281101 -0.883202
    outer loop
      vertex 6.87178 6 15.0446
      vertex 7.23455 6 15.1988
      vertex 6.8359 5.62155 15.1498
    endloop
  endfacet
  facet normal 0.256508 -0.754883 -0.603618
    outer loop
      vertex 7.18374 5.62155 15.2976
      vertex 7.04745 5.36326 15.5627
      vertex 6.73965 5.36326 15.4319
    endloop
  endfacet
  facet normal 0.256493 -0.754869 -0.603643
    outer loop
      vertex 6.8359 5.62155 15.1498
      vertex 7.18374 5.62155 15.2976
      vertex 6.73965 5.36326 15.4319
    endloop
  endfacet
  facet normal 0.0558123 -0.989765 -0.131342
    outer loop
      vertex 7.04745 5.36326 15.5627
      vertex 6.86893 5.30712 15.9099
      vertex 6.6136 5.30712 15.8014
    endloop
  endfacet
  facet normal 0.0558131 -0.989765 -0.13134
    outer loop
      vertex 6.73965 5.36326 15.4319
      vertex 7.04745 5.36326 15.5627
      vertex 6.6136 5.30712 15.8014
    endloop
  endfacet
  facet normal -0.162791 -0.909219 0.38317
    outer loop
      vertex 6.86893 5.30712 15.9099
      vertex 6.70488 5.47097 16.229
      vertex 6.49775 5.47097 16.141
    endloop
  endfacet
  facet normal -0.162813 -0.909227 0.383142
    outer loop
      vertex 6.6136 5.30712 15.8014
      vertex 6.86893 5.30712 15.9099
      vertex 6.49775 5.47097 16.141
    endloop
  endfacet
  facet normal -0.32913 -0.539526 0.774975
    outer loop
      vertex 6.70488 5.47097 16.229
      vertex 6.60738 5.80279 16.4186
      vertex 6.4289 5.80279 16.3428
    endloop
  endfacet
  facet normal -0.32922 -0.539575 0.774902
    outer loop
      vertex 6.49775 5.47097 16.141
      vertex 6.70488 5.47097 16.229
      vertex 6.4289 5.80279 16.3428
    endloop
  endfacet
  facet normal -0.390905 0 0.920431
    outer loop
      vertex 6.4289 6.19721 16.3428
      vertex 6.60738 5.80279 16.4186
      vertex 6.60738 6.19721 16.4186
    endloop
  endfacet
  facet normal -0.390905 0 0.920431
    outer loop
      vertex 6.60738 5.80279 16.4186
      vertex 6.4289 6.19721 16.3428
      vertex 6.4289 5.80279 16.3428
    endloop
  endfacet
  facet normal -0.329229 0.539541 0.774922
    outer loop
      vertex 6.60738 6.19721 16.4186
      vertex 6.70488 6.52902 16.229
      vertex 6.49775 6.52902 16.141
    endloop
  endfacet
  facet normal -0.329113 0.539591 0.774936
    outer loop
      vertex 6.60738 6.19721 16.4186
      vertex 6.49775 6.52902 16.141
      vertex 6.4289 6.19721 16.3428
    endloop
  endfacet
  facet normal -0.162819 0.90922 0.383157
    outer loop
      vertex 6.70488 6.52902 16.229
      vertex 6.86893 6.69287 15.9099
      vertex 6.6136 6.69287 15.8014
    endloop
  endfacet
  facet normal -0.162784 0.909228 0.383152
    outer loop
      vertex 6.70488 6.52902 16.229
      vertex 6.6136 6.69287 15.8014
      vertex 6.49775 6.52902 16.141
    endloop
  endfacet
  facet normal 0.0558038 0.989768 -0.131318
    outer loop
      vertex 6.86893 6.69287 15.9099
      vertex 7.04745 6.63674 15.5627
      vertex 6.73965 6.63674 15.4319
    endloop
  endfacet
  facet normal 0.0558021 0.989769 -0.131318
    outer loop
      vertex 6.86893 6.69287 15.9099
      vertex 6.73965 6.63674 15.4319
      vertex 6.6136 6.69287 15.8014
    endloop
  endfacet
  facet normal 0.256487 0.754882 -0.603629
    outer loop
      vertex 7.04745 6.63674 15.5627
      vertex 7.18374 6.37845 15.2976
      vertex 6.8359 6.37845 15.1498
    endloop
  endfacet
  facet normal 0.256515 0.754868 -0.603634
    outer loop
      vertex 7.04745 6.63674 15.5627
      vertex 6.8359 6.37845 15.1498
      vertex 6.73965 6.63674 15.4319
    endloop
  endfacet
  facet normal 0.375429 0.280985 -0.883233
    outer loop
      vertex 7.18374 6.37845 15.2976
      vertex 7.23455 6 15.1988
      vertex 6.87178 6 15.0446
    endloop
  endfacet
  facet normal 0.3753 0.281104 -0.88325
    outer loop
      vertex 7.18374 6.37845 15.2976
      vertex 6.87178 6 15.0446
      vertex 6.8359 6.37845 15.1498
    endloop
  endfacet
  facet normal 0.242737 -0.281106 -0.928471
    outer loop
      vertex 6.87178 6 15.0446
      vertex 6.8359 5.62155 15.1498
      vertex 6.47023 5.62155 15.0542
    endloop
  endfacet
  facet normal 0.242733 -0.281102 -0.928473
    outer loop
      vertex 6.49042 6 14.9449
      vertex 6.87178 6 15.0446
      vertex 6.47023 5.62155 15.0542
    endloop
  endfacet
  facet normal 0.165912 -0.754867 -0.634546
    outer loop
      vertex 6.8359 5.62155 15.1498
      vertex 6.73965 5.36326 15.4319
      vertex 6.41609 5.36326 15.3473
    endloop
  endfacet
  facet normal 0.165899 -0.754857 -0.634562
    outer loop
      vertex 6.47023 5.62155 15.0542
      vertex 6.8359 5.62155 15.1498
      vertex 6.41609 5.36326 15.3473
    endloop
  endfacet
  facet normal 0.0361075 -0.989765 -0.138062
    outer loop
      vertex 6.73965 5.36326 15.4319
      vertex 6.6136 5.30712 15.8014
      vertex 6.34518 5.30712 15.7312
    endloop
  endfacet
  facet normal 0.0361009 -0.989764 -0.138071
    outer loop
      vertex 6.41609 5.36326 15.3473
      vertex 6.73965 5.36326 15.4319
      vertex 6.34518 5.30712 15.7312
    endloop
  endfacet
  facet normal -0.105424 -0.909231 0.402721
    outer loop
      vertex 6.6136 5.30712 15.8014
      vertex 6.49775 5.47097 16.141
      vertex 6.28001 5.47097 16.084
    endloop
  endfacet
  facet normal -0.105345 -0.909205 0.4028
    outer loop
      vertex 6.34518 5.30712 15.7312
      vertex 6.6136 5.30712 15.8014
      vertex 6.28001 5.47097 16.084
    endloop
  endfacet
  facet normal -0.213155 -0.539579 0.814506
    outer loop
      vertex 6.49775 5.47097 16.141
      vertex 6.4289 5.80279 16.3428
      vertex 6.24128 5.80279 16.2937
    endloop
  endfacet
  facet normal -0.213213 -0.539607 0.814472
    outer loop
      vertex 6.28001 5.47097 16.084
      vertex 6.49775 5.47097 16.141
      vertex 6.24128 5.80279 16.2937
    endloop
  endfacet
  facet normal -0.253173 0 0.967421
    outer loop
      vertex 6.24128 6.19721 16.2937
      vertex 6.4289 5.80279 16.3428
      vertex 6.4289 6.19721 16.3428
    endloop
  endfacet
  facet normal -0.253173 0 0.967421
    outer loop
      vertex 6.4289 5.80279 16.3428
      vertex 6.24128 6.19721 16.2937
      vertex 6.24128 5.80279 16.2937
    endloop
  endfacet
  facet normal -0.213215 0.539592 0.814481
    outer loop
      vertex 6.4289 6.19721 16.3428
      vertex 6.49775 6.52902 16.141
      vertex 6.28001 6.52902 16.084
    endloop
  endfacet
  facet normal -0.213149 0.539621 0.81448
    outer loop
      vertex 6.4289 6.19721 16.3428
      vertex 6.28001 6.52902 16.084
      vertex 6.24128 6.19721 16.2937
    endloop
  endfacet
  facet normal -0.105332 0.909228 0.402751
    outer loop
      vertex 6.49775 6.52902 16.141
      vertex 6.6136 6.69287 15.8014
      vertex 6.34518 6.69287 15.7312
    endloop
  endfacet
  facet normal -0.10544 0.909203 0.402782
    outer loop
      vertex 6.49775 6.52902 16.141
      vertex 6.34518 6.69287 15.7312
      vertex 6.28001 6.52902 16.084
    endloop
  endfacet
  facet normal 0.0360931 0.989769 -0.138041
    outer loop
      vertex 6.6136 6.69287 15.8014
      vertex 6.73965 6.63674 15.4319
      vertex 6.41609 6.63674 15.3473
    endloop
  endfacet
  facet normal 0.036103 0.989768 -0.138045
    outer loop
      vertex 6.6136 6.69287 15.8014
      vertex 6.41609 6.63674 15.3473
      vertex 6.34518 6.69287 15.7312
    endloop
  endfacet
  facet normal 0.165896 0.754866 -0.634551
    outer loop
      vertex 6.73965 6.63674 15.4319
      vertex 6.8359 6.37845 15.1498
      vertex 6.47023 6.37845 15.0542
    endloop
  endfacet
  facet normal 0.165916 0.754856 -0.634558
    outer loop
      vertex 6.73965 6.63674 15.4319
      vertex 6.47023 6.37845 15.0542
      vertex 6.41609 6.63674 15.3473
    endloop
  endfacet
  facet normal 0.242733 0.281106 -0.928472
    outer loop
      vertex 6.8359 6.37845 15.1498
      vertex 6.87178 6 15.0446
      vertex 6.49042 6 14.9449
    endloop
  endfacet
  facet normal 0.242738 0.281102 -0.928472
    outer loop
      vertex 6.8359 6.37845 15.1498
      vertex 6.49042 6 14.9449
      vertex 6.47023 6.37845 15.0542
    endloop
  endfacet
  facet normal 0.10512 -0.281104 -0.953903
    outer loop
      vertex 6.49042 6 14.9449
      vertex 6.47023 5.62155 15.0542
      vertex 6.09455 5.62155 15.0128
    endloop
  endfacet
  facet normal 0.104939 -0.280928 -0.953974
    outer loop
      vertex 6.09861 6 14.9018
      vertex 6.49042 6 14.9449
      vertex 6.09455 5.62155 15.0128
    endloop
  endfacet
  facet normal 0.0717785 -0.754858 -0.651949
    outer loop
      vertex 6.47023 5.62155 15.0542
      vertex 6.41609 5.36326 15.3473
      vertex 6.08366 5.36326 15.3107
    endloop
  endfacet
  facet normal 0.0718391 -0.754897 -0.651897
    outer loop
      vertex 6.09455 5.62155 15.0128
      vertex 6.47023 5.62155 15.0542
      vertex 6.08366 5.36326 15.3107
    endloop
  endfacet
  facet normal 0.0155868 -0.989764 -0.14186
    outer loop
      vertex 6.41609 5.36326 15.3473
      vertex 6.34518 5.30712 15.7312
      vertex 6.06941 5.30712 15.7009
    endloop
  endfacet
  facet normal 0.0156155 -0.989768 -0.141832
    outer loop
      vertex 6.08366 5.36326 15.3107
      vertex 6.41609 5.36326 15.3473
      vertex 6.06941 5.30712 15.7009
    endloop
  endfacet
  facet normal -0.0455089 -0.909205 0.413853
    outer loop
      vertex 6.34518 5.30712 15.7312
      vertex 6.28001 5.47097 16.084
      vertex 6.0563 5.47097 16.0594
    endloop
  endfacet
  facet normal -0.0454746 -0.909196 0.413879
    outer loop
      vertex 6.06941 5.30712 15.7009
      vertex 6.34518 5.30712 15.7312
      vertex 6.0563 5.47097 16.0594
    endloop
  endfacet
  facet normal -0.0920348 -0.539616 0.836866
    outer loop
      vertex 6.28001 5.47097 16.084
      vertex 6.24128 5.80279 16.2937
      vertex 6.04851 5.80279 16.2725
    endloop
  endfacet
  facet normal -0.0920254 -0.539611 0.83687
    outer loop
      vertex 6.0563 5.47097 16.0594
      vertex 6.28001 5.47097 16.084
      vertex 6.04851 5.80279 16.2725
    endloop
  endfacet
  facet normal -0.109317 0 0.994007
    outer loop
      vertex 6.04851 6.19721 16.2725
      vertex 6.24128 5.80279 16.2937
      vertex 6.24128 6.19721 16.2937
    endloop
  endfacet
  facet normal -0.109317 0 0.994007
    outer loop
      vertex 6.24128 5.80279 16.2937
      vertex 6.04851 6.19721 16.2725
      vertex 6.04851 5.80279 16.2725
    endloop
  endfacet
  facet normal -0.0920243 0.539627 0.83686
    outer loop
      vertex 6.24128 6.19721 16.2937
      vertex 6.28001 6.52902 16.084
      vertex 6.0563 6.52902 16.0594
    endloop
  endfacet
  facet normal -0.0920344 0.539622 0.836862
    outer loop
      vertex 6.24128 6.19721 16.2937
      vertex 6.0563 6.52902 16.0594
      vertex 6.04851 6.19721 16.2725
    endloop
  endfacet
  facet normal -0.0454725 0.909204 0.41386
    outer loop
      vertex 6.28001 6.52902 16.084
      vertex 6.34518 6.69287 15.7312
      vertex 6.06941 6.69287 15.7009
    endloop
  endfacet
  facet normal -0.0455115 0.909194 0.413877
    outer loop
      vertex 6.28001 6.52902 16.084
      vertex 6.06941 6.69287 15.7009
      vertex 6.0563 6.52902 16.0594
    endloop
  endfacet
  facet normal 0.0156152 0.989768 -0.14183
    outer loop
      vertex 6.34518 6.69287 15.7312
      vertex 6.41609 6.63674 15.3473
      vertex 6.08366 6.63674 15.3107
    endloop
  endfacet
  facet normal 0.0155811 0.989771 -0.141809
    outer loop
      vertex 6.34518 6.69287 15.7312
      vertex 6.08366 6.63674 15.3107
      vertex 6.06941 6.69287 15.7009
    endloop
  endfacet
  facet normal 0.0718438 0.75486 -0.651939
    outer loop
      vertex 6.41609 6.63674 15.3473
      vertex 6.47023 6.37845 15.0542
      vertex 6.09455 6.37845 15.0128
    endloop
  endfacet
  facet normal 0.0717733 0.7549 -0.651901
    outer loop
      vertex 6.41609 6.63674 15.3473
      vertex 6.09455 6.37845 15.0128
      vertex 6.08366 6.63674 15.3107
    endloop
  endfacet
  facet normal 0.104934 0.281101 -0.953924
    outer loop
      vertex 6.47023 6.37845 15.0542
      vertex 6.49042 6 14.9449
      vertex 6.09861 6 14.9018
    endloop
  endfacet
  facet normal 0.105126 0.280924 -0.953955
    outer loop
      vertex 6.47023 6.37845 15.0542
      vertex 6.09861 6 14.9018
      vertex 6.09455 6.37845 15.0128
    endloop
  endfacet
  facet normal -0.0352958 -0.280922 -0.959081
    outer loop
      vertex 6.09861 6 14.9018
      vertex 6.09455 5.62155 15.0128
      vertex 5.71685 5.62155 15.0267
    endloop
  endfacet
  facet normal -0.0350587 -0.281142 -0.959026
    outer loop
      vertex 6.09861 6 14.9018
      vertex 5.71685 5.62155 15.0267
      vertex 5.7047 6 14.9162
    endloop
  endfacet
  facet normal -0.0241209 -0.754895 -0.655402
    outer loop
      vertex 6.09455 5.62155 15.0128
      vertex 6.08366 5.36326 15.3107
      vertex 5.74945 5.36326 15.323
    endloop
  endfacet
  facet normal -0.0241199 -0.754895 -0.655402
    outer loop
      vertex 6.09455 5.62155 15.0128
      vertex 5.74945 5.36326 15.323
      vertex 5.71685 5.62155 15.0267
    endloop
  endfacet
  facet normal -0.00519434 -0.989768 -0.142592
    outer loop
      vertex 6.08366 5.36326 15.3107
      vertex 6.06941 5.30712 15.7009
      vertex 5.79215 5.30712 15.711
    endloop
  endfacet
  facet normal -0.0052493 -0.989762 -0.142632
    outer loop
      vertex 6.08366 5.36326 15.3107
      vertex 5.79215 5.30712 15.711
      vertex 5.74945 5.36326 15.323
    endloop
  endfacet
  facet normal 0.0151704 -0.909194 0.416096
    outer loop
      vertex 6.06941 5.30712 15.7009
      vertex 6.0563 5.47097 16.0594
      vertex 5.83139 5.47097 16.0676
    endloop
  endfacet
  facet normal 0.0151572 -0.909198 0.416089
    outer loop
      vertex 6.06941 5.30712 15.7009
      vertex 5.83139 5.47097 16.0676
      vertex 5.79215 5.30712 15.711
    endloop
  endfacet
  facet normal 0.0308252 -0.539606 0.841353
    outer loop
      vertex 6.0563 5.47097 16.0594
      vertex 6.04851 5.80279 16.2725
      vertex 5.85472 5.80279 16.2796
    endloop
  endfacet
  facet normal 0.0306735 -0.539674 0.841315
    outer loop
      vertex 6.0563 5.47097 16.0594
      vertex 5.85472 5.80279 16.2796
      vertex 5.83139 5.47097 16.0676
    endloop
  endfacet
  facet normal 0.036613 0 0.99933
    outer loop
      vertex 5.85472 6.19721 16.2796
      vertex 6.04851 5.80279 16.2725
      vertex 6.04851 6.19721 16.2725
    endloop
  endfacet
  facet normal 0.036613 0 0.99933
    outer loop
      vertex 6.04851 5.80279 16.2725
      vertex 5.85472 6.19721 16.2796
      vertex 5.85472 5.80279 16.2796
    endloop
  endfacet
  facet normal 0.0306747 0.539623 0.841348
    outer loop
      vertex 6.04851 6.19721 16.2725
      vertex 6.0563 6.52902 16.0594
      vertex 5.83139 6.52902 16.0676
    endloop
  endfacet
  facet normal 0.0308232 0.53969 0.841299
    outer loop
      vertex 5.85472 6.19721 16.2796
      vertex 6.04851 6.19721 16.2725
      vertex 5.83139 6.52902 16.0676
    endloop
  endfacet
  facet normal 0.0151575 0.909195 0.416096
    outer loop
      vertex 6.0563 6.52902 16.0594
      vertex 6.06941 6.69287 15.7009
      vertex 5.79215 6.69287 15.711
    endloop
  endfacet
  facet normal 0.0151701 0.909198 0.416088
    outer loop
      vertex 5.83139 6.52902 16.0676
      vertex 6.0563 6.52902 16.0594
      vertex 5.79215 6.69287 15.711
    endloop
  endfacet
  facet normal -0.00524701 0.989771 -0.142569
    outer loop
      vertex 6.06941 6.69287 15.7009
      vertex 6.08366 6.63674 15.3107
      vertex 5.74945 6.63674 15.323
    endloop
  endfacet
  facet normal -0.00519508 0.989765 -0.142613
    outer loop
      vertex 5.79215 6.69287 15.711
      vertex 6.06941 6.69287 15.7009
      vertex 5.74945 6.63674 15.323
    endloop
  endfacet
  facet normal -0.0241199 0.754895 -0.655402
    outer loop
      vertex 6.08366 6.63674 15.3107
      vertex 6.09455 6.37845 15.0128
      vertex 5.71685 6.37845 15.0267
    endloop
  endfacet
  facet normal -0.0241209 0.754895 -0.655402
    outer loop
      vertex 5.74945 6.63674 15.323
      vertex 6.08366 6.63674 15.3107
      vertex 5.71685 6.37845 15.0267
    endloop
  endfacet
  facet normal -0.035061 0.280926 -0.959089
    outer loop
      vertex 6.09455 6.37845 15.0128
      vertex 6.09861 6 14.9018
      vertex 5.7047 6 14.9162
    endloop
  endfacet
  facet normal -0.0352934 0.281147 -0.959016
    outer loop
      vertex 5.71685 6.37845 15.0267
      vertex 6.09455 6.37845 15.0128
      vertex 5.7047 6 14.9162
    endloop
  endfacet
  facet normal -0.17419 -0.281142 -0.943725
    outer loop
      vertex 5.7047 6 14.9162
      vertex 5.71685 5.62155 15.0267
      vertex 5.34519 5.62155 15.0953
    endloop
  endfacet
  facet normal -0.174324 -0.28102 -0.943737
    outer loop
      vertex 5.7047 6 14.9162
      vertex 5.34519 5.62155 15.0953
      vertex 5.31708 6 14.9878
    endloop
  endfacet
  facet normal -0.11904 -0.754892 -0.644956
    outer loop
      vertex 5.71685 5.62155 15.0267
      vertex 5.74945 5.36326 15.323
      vertex 5.42058 5.36326 15.3837
    endloop
  endfacet
  facet normal -0.119044 -0.75489 -0.644957
    outer loop
      vertex 5.71685 5.62155 15.0267
      vertex 5.42058 5.36326 15.3837
      vertex 5.34519 5.62155 15.0953
    endloop
  endfacet
  facet normal -0.0259289 -0.989762 -0.140356
    outer loop
      vertex 5.74945 5.36326 15.323
      vertex 5.79215 5.30712 15.711
      vertex 5.51933 5.30712 15.7614
    endloop
  endfacet
  facet normal -0.0259032 -0.989764 -0.140343
    outer loop
      vertex 5.74945 5.36326 15.323
      vertex 5.51933 5.30712 15.7614
      vertex 5.42058 5.36326 15.3837
    endloop
  endfacet
  facet normal 0.0756663 -0.909198 0.409431
    outer loop
      vertex 5.79215 5.30712 15.711
      vertex 5.83139 5.47097 16.0676
      vertex 5.61008 5.47097 16.1085
    endloop
  endfacet
  facet normal 0.075635 -0.909206 0.409419
    outer loop
      vertex 5.79215 5.30712 15.711
      vertex 5.61008 5.47097 16.1085
      vertex 5.51933 5.30712 15.7614
    endloop
  endfacet
  facet normal 0.152806 -0.539681 0.827886
    outer loop
      vertex 5.83139 5.47097 16.0676
      vertex 5.85472 5.80279 16.2796
      vertex 5.66401 5.80279 16.3148
    endloop
  endfacet
  facet normal 0.153004 -0.539595 0.827905
    outer loop
      vertex 5.83139 5.47097 16.0676
      vertex 5.66401 5.80279 16.3148
      vertex 5.61008 5.47097 16.1085
    endloop
  endfacet
  facet normal 0.181508 0 0.98339
    outer loop
      vertex 5.66401 6.19721 16.3148
      vertex 5.85472 5.80279 16.2796
      vertex 5.85472 6.19721 16.2796
    endloop
  endfacet
  facet normal 0.181508 0 0.98339
    outer loop
      vertex 5.85472 5.80279 16.2796
      vertex 5.66401 6.19721 16.3148
      vertex 5.66401 5.80279 16.3148
    endloop
  endfacet
  facet normal 0.152993 0.539686 0.827848
    outer loop
      vertex 5.85472 6.19721 16.2796
      vertex 5.83139 6.52902 16.0676
      vertex 5.61008 6.52902 16.1085
    endloop
  endfacet
  facet normal 0.152815 0.5396 0.827937
    outer loop
      vertex 5.66401 6.19721 16.3148
      vertex 5.85472 6.19721 16.2796
      vertex 5.61008 6.52902 16.1085
    endloop
  endfacet
  facet normal 0.0756377 0.909199 0.409434
    outer loop
      vertex 5.83139 6.52902 16.0676
      vertex 5.79215 6.69287 15.711
      vertex 5.51933 6.69287 15.7614
    endloop
  endfacet
  facet normal 0.075663 0.909207 0.409412
    outer loop
      vertex 5.61008 6.52902 16.1085
      vertex 5.83139 6.52902 16.0676
      vertex 5.51933 6.69287 15.7614
    endloop
  endfacet
  facet normal -0.0259016 0.989765 -0.140334
    outer loop
      vertex 5.79215 6.69287 15.711
      vertex 5.74945 6.63674 15.323
      vertex 5.42058 6.63674 15.3837
    endloop
  endfacet
  facet normal -0.0259209 0.989768 -0.140312
    outer loop
      vertex 5.51933 6.69287 15.7614
      vertex 5.79215 6.69287 15.711
      vertex 5.42058 6.63674 15.3837
    endloop
  endfacet
  facet normal -0.119044 0.754892 -0.644955
    outer loop
      vertex 5.74945 6.63674 15.323
      vertex 5.71685 6.37845 15.0267
      vertex 5.34519 6.37845 15.0953
    endloop
  endfacet
  facet normal -0.119041 0.75489 -0.644958
    outer loop
      vertex 5.42058 6.63674 15.3837
      vertex 5.74945 6.63674 15.323
      vertex 5.34519 6.37845 15.0953
    endloop
  endfacet
  facet normal -0.174318 0.281139 -0.943702
    outer loop
      vertex 5.71685 6.37845 15.0267
      vertex 5.7047 6 14.9162
      vertex 5.31708 6 14.9878
    endloop
  endfacet
  facet normal -0.174197 0.281017 -0.943761
    outer loop
      vertex 5.34519 6.37845 15.0953
      vertex 5.71685 6.37845 15.0267
      vertex 5.31708 6 14.9878
    endloop
  endfacet
  facet normal -0.309792 -0.281023 -0.908325
    outer loop
      vertex 5.31708 6 14.9878
      vertex 5.34519 5.62155 15.0953
      vertex 4.98748 5.62155 15.2173
    endloop
  endfacet
  facet normal -0.309946 -0.280883 -0.908316
    outer loop
      vertex 5.31708 6 14.9878
      vertex 4.98748 5.62155 15.2173
      vertex 4.94402 6 15.1151
    endloop
  endfacet
  facet normal -0.211794 -0.75489 -0.620713
    outer loop
      vertex 5.34519 5.62155 15.0953
      vertex 5.42058 5.36326 15.3837
      vertex 5.10406 5.36326 15.4917
    endloop
  endfacet
  facet normal -0.211689 -0.754943 -0.620684
    outer loop
      vertex 5.34519 5.62155 15.0953
      vertex 5.10406 5.36326 15.4917
      vertex 4.98748 5.62155 15.2173
    endloop
  endfacet
  facet normal -0.0460882 -0.989764 -0.135065
    outer loop
      vertex 5.42058 5.36326 15.3837
      vertex 5.51933 5.30712 15.7614
      vertex 5.25675 5.30712 15.851
    endloop
  endfacet
  facet normal -0.0460854 -0.989765 -0.135064
    outer loop
      vertex 5.42058 5.36326 15.3837
      vertex 5.25675 5.30712 15.851
      vertex 5.10406 5.36326 15.4917
    endloop
  endfacet
  facet normal 0.134483 -0.909204 0.394033
    outer loop
      vertex 5.51933 5.30712 15.7614
      vertex 5.61008 5.47097 16.1085
      vertex 5.39707 5.47097 16.1812
    endloop
  endfacet
  facet normal 0.134454 -0.909211 0.394027
    outer loop
      vertex 5.51933 5.30712 15.7614
      vertex 5.39707 5.47097 16.1812
      vertex 5.25675 5.30712 15.851
    endloop
  endfacet
  facet normal 0.272174 -0.53958 0.796728
    outer loop
      vertex 5.61008 5.47097 16.1085
      vertex 5.66401 5.80279 16.3148
      vertex 5.48047 5.80279 16.3775
    endloop
  endfacet
  facet normal 0.271926 -0.539686 0.79674
    outer loop
      vertex 5.61008 5.47097 16.1085
      vertex 5.48047 5.80279 16.3775
      vertex 5.39707 5.47097 16.1812
    endloop
  endfacet
  facet normal 0.323272 0 0.946306
    outer loop
      vertex 5.48047 6.19721 16.3775
      vertex 5.66401 5.80279 16.3148
      vertex 5.66401 6.19721 16.3148
    endloop
  endfacet
  facet normal 0.323272 0 0.946306
    outer loop
      vertex 5.66401 5.80279 16.3148
      vertex 5.48047 6.19721 16.3775
      vertex 5.48047 5.80279 16.3775
    endloop
  endfacet
  facet normal 0.271944 0.539599 0.796793
    outer loop
      vertex 5.66401 6.19721 16.3148
      vertex 5.61008 6.52902 16.1085
      vertex 5.39707 6.52902 16.1812
    endloop
  endfacet
  facet normal 0.272148 0.539706 0.796651
    outer loop
      vertex 5.48047 6.19721 16.3775
      vertex 5.66401 6.19721 16.3148
      vertex 5.39707 6.52902 16.1812
    endloop
  endfacet
  facet normal 0.134458 0.909205 0.39404
    outer loop
      vertex 5.61008 6.52902 16.1085
      vertex 5.51933 6.69287 15.7614
      vertex 5.25675 6.69287 15.851
    endloop
  endfacet
  facet normal 0.134477 0.909212 0.394017
    outer loop
      vertex 5.39707 6.52902 16.1812
      vertex 5.61008 6.52902 16.1085
      vertex 5.25675 6.69287 15.851
    endloop
  endfacet
  facet normal -0.0460779 0.989768 -0.135042
    outer loop
      vertex 5.51933 6.69287 15.7614
      vertex 5.42058 6.63674 15.3837
      vertex 5.10406 6.63674 15.4917
    endloop
  endfacet
  facet normal -0.0460795 0.989768 -0.13504
    outer loop
      vertex 5.25675 6.69287 15.851
      vertex 5.51933 6.69287 15.7614
      vertex 5.10406 6.63674 15.4917
    endloop
  endfacet
  facet normal -0.211708 0.754894 -0.620738
    outer loop
      vertex 5.42058 6.63674 15.3837
      vertex 5.34519 6.37845 15.0953
      vertex 4.98748 6.37845 15.2173
    endloop
  endfacet
  facet normal -0.211773 0.754947 -0.620651
    outer loop
      vertex 5.10406 6.63674 15.4917
      vertex 5.42058 6.63674 15.3837
      vertex 4.98748 6.37845 15.2173
    endloop
  endfacet
  facet normal -0.309933 0.28102 -0.908278
    outer loop
      vertex 5.34519 6.37845 15.0953
      vertex 5.31708 6 14.9878
      vertex 4.94402 6 15.1151
    endloop
  endfacet
  facet normal -0.309806 0.28088 -0.908365
    outer loop
      vertex 4.98748 6.37845 15.2173
      vertex 5.34519 6.37845 15.0953
      vertex 4.94402 6 15.1151
    endloop
  endfacet
  facet normal -0.439002 -0.280887 -0.853452
    outer loop
      vertex 4.94402 6 15.1151
      vertex 4.98748 5.62155 15.2173
      vertex 4.65135 5.62155 15.3902
    endloop
  endfacet
  facet normal -0.438733 -0.281137 -0.853508
    outer loop
      vertex 4.94402 6 15.1151
      vertex 4.65135 5.62155 15.3902
      vertex 4.59346 6 15.2953
    endloop
  endfacet
  facet normal -0.299825 -0.754943 -0.583238
    outer loop
      vertex 4.98748 5.62155 15.2173
      vertex 5.10406 5.36326 15.4917
      vertex 4.80663 5.36326 15.6446
    endloop
  endfacet
  facet normal -0.300021 -0.754846 -0.583262
    outer loop
      vertex 4.98748 5.62155 15.2173
      vertex 4.80663 5.36326 15.6446
      vertex 4.65135 5.62155 15.3902
    endloop
  endfacet
  facet normal -0.0652311 -0.989765 -0.126928
    outer loop
      vertex 5.10406 5.36326 15.4917
      vertex 5.25675 5.30712 15.851
      vertex 5.01002 5.30712 15.9778
    endloop
  endfacet
  facet normal -0.0652519 -0.989763 -0.126932
    outer loop
      vertex 5.10406 5.36326 15.4917
      vertex 5.01002 5.30712 15.9778
      vertex 4.80663 5.36326 15.6446
    endloop
  endfacet
  facet normal 0.190361 -0.909211 0.370269
    outer loop
      vertex 5.25675 5.30712 15.851
      vertex 5.39707 5.47097 16.1812
      vertex 5.19692 5.47097 16.2841
    endloop
  endfacet
  facet normal 0.190287 -0.909227 0.370265
    outer loop
      vertex 5.25675 5.30712 15.851
      vertex 5.19692 5.47097 16.2841
      vertex 5.01002 5.30712 15.9778
    endloop
  endfacet
  facet normal 0.384704 -0.539687 0.748826
    outer loop
      vertex 5.39707 5.47097 16.1812
      vertex 5.48047 5.80279 16.3775
      vertex 5.30801 5.80279 16.4661
    endloop
  endfacet
  facet normal 0.384957 -0.539576 0.748776
    outer loop
      vertex 5.39707 5.47097 16.1812
      vertex 5.30801 5.80279 16.4661
      vertex 5.19692 5.47097 16.2841
    endloop
  endfacet
  facet normal 0.456966 0 0.889484
    outer loop
      vertex 5.30801 6.19721 16.4661
      vertex 5.48047 5.80279 16.3775
      vertex 5.48047 6.19721 16.3775
    endloop
  endfacet
  facet normal 0.456966 0 0.889484
    outer loop
      vertex 5.48047 5.80279 16.3775
      vertex 5.30801 6.19721 16.4661
      vertex 5.30801 5.80279 16.4661
    endloop
  endfacet
  facet normal 0.384923 0.53969 0.748711
    outer loop
      vertex 5.48047 6.19721 16.3775
      vertex 5.39707 6.52902 16.1812
      vertex 5.19692 6.52902 16.2841
    endloop
  endfacet
  facet normal 0.384735 0.539579 0.748888
    outer loop
      vertex 5.30801 6.19721 16.4661
      vertex 5.48047 6.19721 16.3775
      vertex 5.19692 6.52902 16.2841
    endloop
  endfacet
  facet normal 0.190302 0.909212 0.370294
    outer loop
      vertex 5.39707 6.52902 16.1812
      vertex 5.25675 6.69287 15.851
      vertex 5.01002 6.69287 15.9778
    endloop
  endfacet
  facet normal 0.190342 0.909229 0.370233
    outer loop
      vertex 5.19692 6.52902 16.2841
      vertex 5.39707 6.52902 16.1812
      vertex 5.01002 6.69287 15.9778
    endloop
  endfacet
  facet normal -0.0652352 0.989768 -0.126899
    outer loop
      vertex 5.25675 6.69287 15.851
      vertex 5.10406 6.63674 15.4917
      vertex 4.80663 6.63674 15.6446
    endloop
  endfacet
  facet normal -0.0652262 0.989766 -0.126918
    outer loop
      vertex 5.01002 6.69287 15.9778
      vertex 5.25675 6.69287 15.851
      vertex 4.80663 6.63674 15.6446
    endloop
  endfacet
  facet normal -0.299973 0.754937 -0.58317
    outer loop
      vertex 5.10406 6.63674 15.4917
      vertex 4.98748 6.37845 15.2173
      vertex 4.65135 6.37845 15.3902
    endloop
  endfacet
  facet normal -0.299879 0.75484 -0.583343
    outer loop
      vertex 4.80663 6.63674 15.6446
      vertex 5.10406 6.63674 15.4917
      vertex 4.65135 6.37845 15.3902
    endloop
  endfacet
  facet normal -0.438765 0.280892 -0.853572
    outer loop
      vertex 4.98748 6.37845 15.2173
      vertex 4.94402 6 15.1151
      vertex 4.59346 6 15.2953
    endloop
  endfacet
  facet normal -0.438968 0.281142 -0.853385
    outer loop
      vertex 4.65135 6.37845 15.3902
      vertex 4.98748 6.37845 15.2173
      vertex 4.59346 6 15.2953
    endloop
  endfacet
  facet normal -0.558361 -0.281131 -0.780512
    outer loop
      vertex 4.59346 6 15.2953
      vertex 4.65135 5.62155 15.3902
      vertex 4.34396 5.62155 15.6101
    endloop
  endfacet
  facet normal -0.558484 -0.281012 -0.780466
    outer loop
      vertex 4.59346 6 15.2953
      vertex 4.34396 5.62155 15.6101
      vertex 4.27288 6 15.5247
    endloop
  endfacet
  facet normal -0.381654 -0.754844 -0.533433
    outer loop
      vertex 4.65135 5.62155 15.3902
      vertex 4.80663 5.36326 15.6446
      vertex 4.53464 5.36326 15.8392
    endloop
  endfacet
  facet normal -0.381607 -0.754867 -0.533434
    outer loop
      vertex 4.65135 5.62155 15.3902
      vertex 4.53464 5.36326 15.8392
      vertex 4.34396 5.62155 15.6101
    endloop
  endfacet
  facet normal -0.083067 -0.989763 -0.116057
    outer loop
      vertex 4.80663 5.36326 15.6446
      vertex 5.01002 5.30712 15.9778
      vertex 4.78438 5.30712 16.1393
    endloop
  endfacet
  facet normal -0.0830344 -0.989766 -0.116056
    outer loop
      vertex 4.80663 5.36326 15.6446
      vertex 4.78438 5.30712 16.1393
      vertex 4.53464 5.36326 15.8392
    endloop
  endfacet
  facet normal 0.242286 -0.909226 0.338535
    outer loop
      vertex 5.19692 5.47097 16.2841
      vertex 5.01388 5.47097 16.4151
      vertex 5.01002 5.30712 15.9778
    endloop
  endfacet
  facet normal 0.242303 -0.909222 0.338534
    outer loop
      vertex 5.01002 5.30712 15.9778
      vertex 5.01388 5.47097 16.4151
      vertex 4.78438 5.30712 16.1393
    endloop
  endfacet
  facet normal 0.49004 -0.539783 0.684466
    outer loop
      vertex 5.16278 5.71393 16.5
      vertex 5.30801 5.80279 16.4661
      vertex 5.26066 5.80279 16.5
    endloop
  endfacet
  facet normal 0.489965 -0.539577 0.684683
    outer loop
      vertex 5.30801 5.80279 16.4661
      vertex 5.16278 5.71393 16.5
      vertex 5.19692 5.47097 16.2841
    endloop
  endfacet
  facet normal 0.489824 -0.539641 0.684733
    outer loop
      vertex 5.08457 5.64294 16.5
      vertex 5.19692 5.47097 16.2841
      vertex 5.16278 5.71393 16.5
    endloop
  endfacet
  facet normal 0.490041 -0.539472 0.684711
    outer loop
      vertex 5.19692 5.47097 16.2841
      vertex 5.08457 5.64294 16.5
      vertex 5.01388 5.47097 16.4151
    endloop
  endfacet
  facet normal 0.582131 0 0.813095
    outer loop
      vertex 5.26066 6.19721 16.5
      vertex 5.30801 5.80279 16.4661
      vertex 5.30801 6.19721 16.4661
    endloop
  endfacet
  facet normal 0.582131 0 0.813095
    outer loop
      vertex 5.30801 5.80279 16.4661
      vertex 5.26066 6.19721 16.5
      vertex 5.26066 5.80279 16.5
    endloop
  endfacet
  facet normal 0.489998 0.539587 0.684651
    outer loop
      vertex 5.30801 6.19721 16.4661
      vertex 5.19692 6.52902 16.2841
      vertex 5.01388 6.52902 16.4151
    endloop
  endfacet
  facet normal 0.490029 0.539814 0.684451
    outer loop
      vertex 5.30801 6.19721 16.4661
      vertex 5.08457 6.35706 16.5
      vertex 5.26066 6.19721 16.5
    endloop
  endfacet
  facet normal 0.489853 0.539487 0.684834
    outer loop
      vertex 5.08457 6.35706 16.5
      vertex 5.30801 6.19721 16.4661
      vertex 5.01388 6.52902 16.4151
    endloop
  endfacet
  facet normal 0.242298 0.909225 0.338528
    outer loop
      vertex 5.19692 6.52902 16.2841
      vertex 5.01002 6.69287 15.9778
      vertex 4.78438 6.69287 16.1393
    endloop
  endfacet
  facet normal 0.242292 0.909222 0.338542
    outer loop
      vertex 5.01388 6.52902 16.4151
      vertex 5.19692 6.52902 16.2841
      vertex 4.78438 6.69287 16.1393
    endloop
  endfacet
  facet normal -0.0830304 0.989767 -0.116051
    outer loop
      vertex 5.01002 6.69287 15.9778
      vertex 4.80663 6.63674 15.6446
      vertex 4.53464 6.63674 15.8392
    endloop
  endfacet
  facet normal -0.0830399 0.98977 -0.116019
    outer loop
      vertex 4.78438 6.69287 16.1393
      vertex 5.01002 6.69287 15.9778
      vertex 4.53464 6.63674 15.8392
    endloop
  endfacet
  facet normal -0.381621 0.754845 -0.533454
    outer loop
      vertex 4.80663 6.63674 15.6446
      vertex 4.65135 6.37845 15.3902
      vertex 4.34396 6.37845 15.6101
    endloop
  endfacet
  facet normal -0.381638 0.754868 -0.53341
    outer loop
      vertex 4.53464 6.63674 15.8392
      vertex 4.80663 6.63674 15.6446
      vertex 4.34396 6.37845 15.6101
    endloop
  endfacet
  facet normal -0.558465 0.281129 -0.780438
    outer loop
      vertex 4.65135 6.37845 15.3902
      vertex 4.59346 6 15.2953
      vertex 4.27288 6 15.5247
    endloop
  endfacet
  facet normal -0.558382 0.281009 -0.780541
    outer loop
      vertex 4.34396 6.37845 15.6101
      vertex 4.65135 6.37845 15.3902
      vertex 4.27288 6 15.5247
    endloop
  endfacet
  facet normal -0.666082 -0.281013 -0.690917
    outer loop
      vertex 4.27288 6 15.5247
      vertex 4.34396 5.62155 15.6101
      vertex 4.07188 5.62155 15.8724
    endloop
  endfacet
  facet normal -0.66597 -0.281128 -0.690978
    outer loop
      vertex 4.27288 6 15.5247
      vertex 4.07188 5.62155 15.8724
      vertex 3.98911 6 15.7982
    endloop
  endfacet
  facet normal -0.455202 -0.754872 -0.472186
    outer loop
      vertex 4.34396 5.62155 15.6101
      vertex 4.53464 5.36326 15.8392
      vertex 4.29388 5.36326 16.0713
    endloop
  endfacet
  facet normal -0.455212 -0.754867 -0.472185
    outer loop
      vertex 4.34396 5.62155 15.6101
      vertex 4.29388 5.36326 16.0713
      vertex 4.07188 5.62155 15.8724
    endloop
  endfacet
  facet normal -0.0990275 -0.989766 -0.102747
    outer loop
      vertex 4.78438 5.30712 16.1393
      vertex 4.58465 5.30712 16.3318
      vertex 4.53464 5.36326 15.8392
    endloop
  endfacet
  facet normal -0.0990488 -0.989764 -0.102744
    outer loop
      vertex 4.53464 5.36326 15.8392
      vertex 4.58465 5.30712 16.3318
      vertex 4.29388 5.36326 16.0713
    endloop
  endfacet
  facet normal 0.28886 -0.909236 0.299748
    outer loop
      vertex 4.84073 5.44395 16.5
      vertex 5.01388 5.47097 16.4151
      vertex 4.92578 5.47097 16.5
    endloop
  endfacet
  facet normal 0.288874 -0.909221 0.29978
    outer loop
      vertex 5.01388 5.47097 16.4151
      vertex 4.84073 5.44395 16.5
      vertex 4.78438 5.30712 16.1393
    endloop
  endfacet
  facet normal 0.288908 -0.909217 0.299759
    outer loop
      vertex 4.78438 5.30712 16.1393
      vertex 4.77233 5.42221 16.5
      vertex 4.58465 5.30712 16.3318
    endloop
  endfacet
  facet normal 0.288976 -0.909197 0.299755
    outer loop
      vertex 4.77233 5.42221 16.5
      vertex 4.78438 5.30712 16.1393
      vertex 4.84073 5.44395 16.5
    endloop
  endfacet
  facet normal 0.584245 -0.539489 0.606308
    outer loop
      vertex 5.01388 5.47097 16.4151
      vertex 5.08457 5.64294 16.5
      vertex 5.01297 5.5654 16.5
    endloop
  endfacet
  facet normal 0.584272 -0.539476 0.606294
    outer loop
      vertex 5.01388 5.47097 16.4151
      vertex 5.01297 5.5654 16.5
      vertex 4.92578 5.47097 16.5
    endloop
  endfacet
  facet normal 0.584257 0.53951 0.606278
    outer loop
      vertex 5.08457 6.35706 16.5
      vertex 5.01388 6.52902 16.4151
      vertex 4.92578 6.52902 16.5
    endloop
  endfacet
  facet normal 0.288904 0.90922 0.299755
    outer loop
      vertex 5.01388 6.52902 16.4151
      vertex 4.78438 6.69287 16.1393
      vertex 4.58465 6.69287 16.3318
    endloop
  endfacet
  facet normal 0.288956 0.909173 0.299848
    outer loop
      vertex 5.01388 6.52902 16.4151
      vertex 4.77233 6.57779 16.5
      vertex 4.92578 6.52902 16.5
    endloop
  endfacet
  facet normal 0.288918 0.909232 0.299705
    outer loop
      vertex 4.77233 6.57779 16.5
      vertex 5.01388 6.52902 16.4151
      vertex 4.58465 6.69287 16.3318
    endloop
  endfacet
  facet normal -0.0990233 0.989769 -0.102718
    outer loop
      vertex 4.78438 6.69287 16.1393
      vertex 4.53464 6.63674 15.8392
      vertex 4.29388 6.63674 16.0713
    endloop
  endfacet
  facet normal -0.0990202 0.989767 -0.102739
    outer loop
      vertex 4.58465 6.69287 16.3318
      vertex 4.78438 6.69287 16.1393
      vertex 4.29388 6.63674 16.0713
    endloop
  endfacet
  facet normal -0.455208 0.754871 -0.472181
    outer loop
      vertex 4.53464 6.63674 15.8392
      vertex 4.34396 6.37845 15.6101
      vertex 4.07188 6.37845 15.8724
    endloop
  endfacet
  facet normal -0.455206 0.754866 -0.472191
    outer loop
      vertex 4.29388 6.63674 16.0713
      vertex 4.53464 6.63674 15.8392
      vertex 4.07188 6.37845 15.8724
    endloop
  endfacet
  facet normal -0.665993 0.281016 -0.691002
    outer loop
      vertex 4.34396 6.37845 15.6101
      vertex 4.27288 6 15.5247
      vertex 3.98911 6 15.7982
    endloop
  endfacet
  facet normal -0.666058 0.281131 -0.690892
    outer loop
      vertex 4.07188 6.37845 15.8724
      vertex 4.34396 6.37845 15.6101
      vertex 3.98911 6 15.7982
    endloop
  endfacet
  facet normal -0.759525 -0.281123 -0.586594
    outer loop
      vertex 3.98911 6 15.7982
      vertex 4.07188 5.62155 15.8724
      vertex 3.84088 5.62155 16.1715
    endloop
  endfacet
  facet normal -0.759625 -0.281009 -0.586518
    outer loop
      vertex 3.98911 6 15.7982
      vertex 3.84088 5.62155 16.1715
      vertex 3.74821 6 16.1102
    endloop
  endfacet
  facet normal -0.519128 -0.754869 -0.400848
    outer loop
      vertex 4.29388 5.36326 16.0713
      vertex 4.08949 5.36326 16.336
      vertex 4.07188 5.62155 15.8724
    endloop
  endfacet
  facet normal -0.519052 -0.754908 -0.400873
    outer loop
      vertex 4.07188 5.62155 15.8724
      vertex 4.08949 5.36326 16.336
      vertex 3.84088 5.62155 16.1715
    endloop
  endfacet
  facet normal -0.11306 -0.989747 -0.0872823
    outer loop
      vertex 4.4021 5.31314 16.5
      vertex 4.58465 5.30712 16.3318
      vertex 4.4548 5.30712 16.5
    endloop
  endfacet
  facet normal -0.11298 -0.989764 -0.0871945
    outer loop
      vertex 4.58465 5.30712 16.3318
      vertex 4.4021 5.31314 16.5
      vertex 4.29388 5.36326 16.0713
    endloop
  endfacet
  facet normal -0.112933 -0.989769 -0.0872022
    outer loop
      vertex 4.29388 5.36326 16.0713
      vertex 4.33735 5.32053 16.5
      vertex 4.08949 5.36326 16.336
    endloop
  endfacet
  facet normal -0.112963 -0.989765 -0.0871989
    outer loop
      vertex 4.33735 5.32053 16.5
      vertex 4.29388 5.36326 16.0713
      vertex 4.4021 5.31314 16.5
    endloop
  endfacet
  facet normal 0.329562 -0.909215 0.254396
    outer loop
      vertex 4.77233 5.42221 16.5
      vertex 4.63687 5.37311 16.5
      vertex 4.58465 5.30712 16.3318
    endloop
  endfacet
  facet normal 0.329541 -0.90922 0.254404
    outer loop
      vertex 4.58465 5.30712 16.3318
      vertex 4.63687 5.37311 16.5
      vertex 4.4548 5.30712 16.5
    endloop
  endfacet
  facet normal 0.329525 0.909229 0.254393
    outer loop
      vertex 4.77233 6.57779 16.5
      vertex 4.58465 6.69287 16.3318
      vertex 4.4548 6.69287 16.5
    endloop
  endfacet
  facet normal -0.112937 0.989768 -0.0872052
    outer loop
      vertex 4.58465 6.69287 16.3318
      vertex 4.29388 6.63674 16.0713
      vertex 4.08949 6.63674 16.336
    endloop
  endfacet
  facet normal -0.112924 0.989772 -0.0871772
    outer loop
      vertex 4.58465 6.69287 16.3318
      vertex 4.33735 6.67947 16.5
      vertex 4.4548 6.69287 16.5
    endloop
  endfacet
  facet normal -0.112937 0.989769 -0.0871965
    outer loop
      vertex 4.33735 6.67947 16.5
      vertex 4.58465 6.69287 16.3318
      vertex 4.08949 6.63674 16.336
    endloop
  endfacet
  facet normal -0.519085 0.754871 -0.400899
    outer loop
      vertex 4.29388 6.63674 16.0713
      vertex 4.07188 6.37845 15.8724
      vertex 3.84088 6.37845 16.1715
    endloop
  endfacet
  facet normal -0.51909 0.75491 -0.400819
    outer loop
      vertex 4.08949 6.63674 16.336
      vertex 4.29388 6.63674 16.0713
      vertex 3.84088 6.37845 16.1715
    endloop
  endfacet
  facet normal -0.759599 0.281121 -0.586498
    outer loop
      vertex 4.07188 6.37845 15.8724
      vertex 3.98911 6 15.7982
      vertex 3.74821 6 16.1102
    endloop
  endfacet
  facet normal -0.759552 0.281007 -0.586614
    outer loop
      vertex 3.84088 6.37845 16.1715
      vertex 4.07188 6.37845 15.8724
      vertex 3.74821 6 16.1102
    endloop
  endfacet
  facet normal -0.836934 -0.281011 -0.469653
    outer loop
      vertex 3.84088 5.62155 16.1715
      vertex 3.65617 5.62265 16.5
      vertex 3.74821 6 16.1102
    endloop
  endfacet
  facet normal -0.836816 -0.281475 -0.469585
    outer loop
      vertex 3.65617 5.62265 16.5
      vertex 3.84088 5.62155 16.1715
      vertex 3.65654 5.62155 16.5
    endloop
  endfacet
  facet normal -0.836943 -0.281003 -0.469642
    outer loop
      vertex 3.74821 6 16.1102
      vertex 3.65349 5.63064 16.5
      vertex 3.55529 6 16.454
    endloop
  endfacet
  facet normal -0.837111 -0.280783 -0.469475
    outer loop
      vertex 3.65349 5.63064 16.5
      vertex 3.74821 6 16.1102
      vertex 3.65617 5.62265 16.5
    endloop
  endfacet
  facet normal -0.571952 -0.754875 -0.32099
    outer loop
      vertex 3.90204 5.43555 16.5
      vertex 4.08949 5.36326 16.336
      vertex 3.99745 5.36326 16.5
    endloop
  endfacet
  facet normal -0.571931 -0.754906 -0.320953
    outer loop
      vertex 4.08949 5.36326 16.336
      vertex 3.90204 5.43555 16.5
      vertex 3.84088 5.62155 16.1715
    endloop
  endfacet
  facet normal -0.571941 -0.754901 -0.320949
    outer loop
      vertex 3.84088 5.62155 16.1715
      vertex 3.90204 5.43555 16.5
      vertex 3.65654 5.62155 16.5
    endloop
  endfacet
  facet normal -0.124409 -0.989769 -0.0698583
    outer loop
      vertex 4.33735 5.32053 16.5
      vertex 4.15755 5.34313 16.5
      vertex 4.08949 5.36326 16.336
    endloop
  endfacet
  facet normal -0.124447 -0.989765 -0.0698421
    outer loop
      vertex 4.08949 5.36326 16.336
      vertex 4.15755 5.34313 16.5
      vertex 3.99745 5.36326 16.5
    endloop
  endfacet
  facet normal -0.124427 0.989768 -0.069831
    outer loop
      vertex 4.33735 6.67947 16.5
      vertex 4.08949 6.63674 16.336
      vertex 3.99745 6.63674 16.5
    endloop
  endfacet
  facet normal -0.571939 0.754906 -0.320941
    outer loop
      vertex 3.84088 6.37845 16.1715
      vertex 3.65888 6.38022 16.5
      vertex 4.08949 6.63674 16.336
    endloop
  endfacet
  facet normal -0.571413 0.755427 -0.320652
    outer loop
      vertex 3.65888 6.38022 16.5
      vertex 3.84088 6.37845 16.1715
      vertex 3.65654 6.37845 16.5
    endloop
  endfacet
  facet normal -0.571943 0.754884 -0.320986
    outer loop
      vertex 3.99745 6.63674 16.5
      vertex 4.08949 6.63674 16.336
      vertex 3.65888 6.38022 16.5
    endloop
  endfacet
  facet normal -0.836941 0.28101 -0.469641
    outer loop
      vertex 3.84088 6.37845 16.1715
      vertex 3.74821 6 16.1102
      vertex 3.55529 6 16.454
    endloop
  endfacet
  facet normal -0.83698 0.280835 -0.469677
    outer loop
      vertex 3.84088 6.37845 16.1715
      vertex 3.65349 6.36936 16.5
      vertex 3.65654 6.37845 16.5
    endloop
  endfacet
  facet normal -0.836939 0.281003 -0.469649
    outer loop
      vertex 3.65349 6.36936 16.5
      vertex 3.84088 6.37845 16.1715
      vertex 3.55529 6 16.454
    endloop
  endfacet
  facet normal -0.896281 -0.281018 -0.343087
    outer loop
      vertex 3.55529 6 16.454
      vertex 3.65349 5.63064 16.5
      vertex 3.55133 5.95647 16.5
    endloop
  endfacet
  facet normal -0.896262 -0.281047 -0.343113
    outer loop
      vertex 3.55529 6 16.454
      vertex 3.55133 5.95647 16.5
      vertex 3.53768 6 16.5
    endloop
  endfacet
  facet normal -0.89627 0.281019 -0.343116
    outer loop
      vertex 3.65349 6.36936 16.5
      vertex 3.55529 6 16.454
      vertex 3.53768 6 16.5
    endloop
  endfacet
endsolid OpenSCAD_Model
