solid OpenSCAD_Model
  facet normal -1 0 0
    outer loop
      vertex 26.975 49.225 7.4
      vertex 26.975 44.7 8.3
      vertex 26.975 49.225 9
    endloop
  endfacet
  facet normal -1 0 0
    outer loop
      vertex 26.975 49.225 7.4
      vertex 26.975 43.9 8.3
      vertex 26.975 44.7 8.3
    endloop
  endfacet
  facet normal -1 0 0
    outer loop
      vertex 26.975 43.9 8.3
      vertex 26.975 38.2 8.3
      vertex 26.975 43.9 9
    endloop
  endfacet
  facet normal -1 0 0
    outer loop
      vertex 26.975 49.225 7.4
      vertex 26.975 38.2 8.3
      vertex 26.975 43.9 8.3
    endloop
  endfacet
  facet normal -1 0 0
    outer loop
      vertex 26.975 49.225 7.4
      vertex 26.975 37.4 8.3
      vertex 26.975 38.2 8.3
    endloop
  endfacet
  facet normal -1 0 0
    outer loop
      vertex 26.975 37.4 8.3
      vertex 26.975 31.7 8.3
      vertex 26.975 37.4 9
    endloop
  endfacet
  facet normal -1 0 0
    outer loop
      vertex 26.975 26.975 7.4
      vertex 26.975 37.4 8.3
      vertex 26.975 49.225 7.4
    endloop
  endfacet
  facet normal -1 -0 0
    outer loop
      vertex 26.975 37.4 8.3
      vertex 26.975 26.975 7.4
      vertex 26.975 31.7 8.3
    endloop
  endfacet
  facet normal -1 -0 0
    outer loop
      vertex 26.975 31.7 8.3
      vertex 26.975 26.975 7.4
      vertex 26.975 30.9 8.3
    endloop
  endfacet
  facet normal -1 0 0
    outer loop
      vertex 26.975 26.975 9
      vertex 26.975 30.9 8.3
      vertex 26.975 26.975 7.4
    endloop
  endfacet
  facet normal -1 0 0
    outer loop
      vertex 26.975 30.9 8.3
      vertex 26.975 26.975 9
      vertex 26.975 30.9 9
    endloop
  endfacet
  facet normal -1 -0 0
    outer loop
      vertex 26.975 49.225 9
      vertex 26.975 44.7 8.3
      vertex 26.975 44.7 9
    endloop
  endfacet
  facet normal -1 -0 0
    outer loop
      vertex 26.975 43.9 9
      vertex 26.975 38.2 8.3
      vertex 26.975 38.2 9
    endloop
  endfacet
  facet normal -1 -0 0
    outer loop
      vertex 26.975 37.4 9
      vertex 26.975 31.7 8.3
      vertex 26.975 31.7 9
    endloop
  endfacet
  facet normal -1 0 0
    outer loop
      vertex 26.975 23.825 7.4
      vertex 26.975 18.7 8.3
      vertex 26.975 23.825 8.81174
    endloop
  endfacet
  facet normal -1 0 0
    outer loop
      vertex 26.975 23.825 7.4
      vertex 26.975 17.9 8.3
      vertex 26.975 18.7 8.3
    endloop
  endfacet
  facet normal -1 0 0
    outer loop
      vertex 26.975 17.9 8.3
      vertex 26.975 12.2 8.3
      vertex 26.975 17.9 8.76072
    endloop
  endfacet
  facet normal -1 0 0
    outer loop
      vertex 26.975 23.825 7.4
      vertex 26.975 12.2 8.3
      vertex 26.975 17.9 8.3
    endloop
  endfacet
  facet normal -1 0 0
    outer loop
      vertex 26.975 1.575 7.4
      vertex 26.975 12.2 8.3
      vertex 26.975 23.825 7.4
    endloop
  endfacet
  facet normal -1 -0 0
    outer loop
      vertex 26.975 12.2 8.3
      vertex 26.975 1.575 7.4
      vertex 26.975 11.4 8.3
    endloop
  endfacet
  facet normal -1 0 0
    outer loop
      vertex 26.975 1.575 9
      vertex 26.975 11.4 8.3
      vertex 26.975 1.575 7.4
    endloop
  endfacet
  facet normal -1 0 0
    outer loop
      vertex 26.975 11.4 8.3
      vertex 26.975 1.575 9
      vertex 26.975 11.4 9
    endloop
  endfacet
  facet normal -1 -0 0
    outer loop
      vertex 26.975 23.825 8.81174
      vertex 26.975 18.7 8.3
      vertex 26.975 18.7 8.81174
    endloop
  endfacet
  facet normal -1 -0 0
    outer loop
      vertex 26.975 17.9 8.76072
      vertex 26.975 12.2 8.3
      vertex 26.975 12.2 8.76072
    endloop
  endfacet
  facet normal -0 0 1
    outer loop
      vertex 1.575 26.975 7.4
      vertex 23.825 23.825 7.4
      vertex 23.825 26.975 7.4
    endloop
  endfacet
  facet normal 0 0 1
    outer loop
      vertex 23.825 23.825 7.4
      vertex 1.575 26.975 7.4
      vertex 1.575 23.825 7.4
    endloop
  endfacet
  facet normal -0 0 1
    outer loop
      vertex 26.975 26.975 7.4
      vertex 49.225 23.825 7.4
      vertex 49.225 26.975 7.4
    endloop
  endfacet
  facet normal 0 0 1
    outer loop
      vertex 49.225 23.825 7.4
      vertex 26.975 26.975 7.4
      vertex 26.975 23.825 7.4
    endloop
  endfacet
  facet normal 0 0 1
    outer loop
      vertex 49.225 26.975 7.4
      vertex 50.8 50.8 7.4
      vertex 49.225 49.225 7.4
    endloop
  endfacet
  facet normal 0 0 1
    outer loop
      vertex 50.8 50.8 7.4
      vertex 26.975 49.225 7.4
      vertex 49.225 49.225 7.4
    endloop
  endfacet
  facet normal 0 0 1
    outer loop
      vertex 23.825 26.975 7.4
      vertex 26.975 26.975 7.4
      vertex 26.975 49.225 7.4
    endloop
  endfacet
  facet normal 0 0 1
    outer loop
      vertex 26.975 26.975 7.4
      vertex 23.825 26.975 7.4
      vertex 26.975 23.825 7.4
    endloop
  endfacet
  facet normal 0 0 1
    outer loop
      vertex 23.825 26.975 7.4
      vertex 26.975 49.225 7.4
      vertex 23.825 49.225 7.4
    endloop
  endfacet
  facet normal 0 0 1
    outer loop
      vertex 50.8 50.8 7.4
      vertex 23.825 49.225 7.4
      vertex 26.975 49.225 7.4
    endloop
  endfacet
  facet normal -0 0 1
    outer loop
      vertex 0 50.8 7.4
      vertex 23.825 49.225 7.4
      vertex 50.8 50.8 7.4
    endloop
  endfacet
  facet normal 0 0 1
    outer loop
      vertex 0 50.8 7.4
      vertex 1.575 26.975 7.4
      vertex 1.575 49.225 7.4
    endloop
  endfacet
  facet normal 0 0 1
    outer loop
      vertex 1.575 26.975 7.4
      vertex 0 50.8 7.4
      vertex 1.575 23.825 7.4
    endloop
  endfacet
  facet normal 0 0 1
    outer loop
      vertex 0 0 7.4
      vertex 1.575 23.825 7.4
      vertex 0 50.8 7.4
    endloop
  endfacet
  facet normal 0 0 1
    outer loop
      vertex 23.825 49.225 7.4
      vertex 0 50.8 7.4
      vertex 1.575 49.225 7.4
    endloop
  endfacet
  facet normal 0 0 1
    outer loop
      vertex 50.8 50.8 7.4
      vertex 49.225 26.975 7.4
      vertex 50.8 0 7.4
    endloop
  endfacet
  facet normal -0 0 1
    outer loop
      vertex 49.225 23.825 7.4
      vertex 50.8 0 7.4
      vertex 49.225 26.975 7.4
    endloop
  endfacet
  facet normal -0 0 1
    outer loop
      vertex 49.225 1.575 7.4
      vertex 50.8 0 7.4
      vertex 49.225 23.825 7.4
    endloop
  endfacet
  facet normal -0 0 1
    outer loop
      vertex 26.975 1.575 7.4
      vertex 50.8 0 7.4
      vertex 49.225 1.575 7.4
    endloop
  endfacet
  facet normal 0 0 1
    outer loop
      vertex 23.825 23.825 7.4
      vertex 26.975 23.825 7.4
      vertex 23.825 26.975 7.4
    endloop
  endfacet
  facet normal 0 0 1
    outer loop
      vertex 26.975 23.825 7.4
      vertex 23.825 23.825 7.4
      vertex 26.975 1.575 7.4
    endloop
  endfacet
  facet normal 0 0 1
    outer loop
      vertex 23.825 1.575 7.4
      vertex 26.975 1.575 7.4
      vertex 23.825 23.825 7.4
    endloop
  endfacet
  facet normal -0 0 1
    outer loop
      vertex 23.825 1.575 7.4
      vertex 50.8 0 7.4
      vertex 26.975 1.575 7.4
    endloop
  endfacet
  facet normal 0 0 1
    outer loop
      vertex 0 0 7.4
      vertex 23.825 1.575 7.4
      vertex 1.575 1.575 7.4
    endloop
  endfacet
  facet normal 0 0 1
    outer loop
      vertex 23.825 1.575 7.4
      vertex 0 0 7.4
      vertex 50.8 0 7.4
    endloop
  endfacet
  facet normal 0 0 1
    outer loop
      vertex 1.575 23.825 7.4
      vertex 0 0 7.4
      vertex 1.575 1.575 7.4
    endloop
  endfacet
  facet normal 1 0 0
    outer loop
      vertex 23.825 30.9 9
      vertex 23.825 26.975 9
      vertex 23.825 30.9 8.3
    endloop
  endfacet
  facet normal 1 0 0
    outer loop
      vertex 23.825 37.4 8.79024
      vertex 23.825 31.7 8.79024
      vertex 23.825 37.4 8.3
    endloop
  endfacet
  facet normal 1 0 0
    outer loop
      vertex 23.825 43.9 9
      vertex 23.825 38.2 9
      vertex 23.825 43.9 8.3
    endloop
  endfacet
  facet normal 1 -0 0
    outer loop
      vertex 23.825 43.9 8.3
      vertex 23.825 49.225 7.4
      vertex 23.825 49.225 8.3
    endloop
  endfacet
  facet normal 1 0 0
    outer loop
      vertex 23.825 38.2 8.3
      vertex 23.825 43.9 8.3
      vertex 23.825 38.2 9
    endloop
  endfacet
  facet normal 1 0 0
    outer loop
      vertex 23.825 43.9 8.3
      vertex 23.825 38.2 8.3
      vertex 23.825 49.225 7.4
    endloop
  endfacet
  facet normal 1 -0 0
    outer loop
      vertex 23.825 37.4 8.3
      vertex 23.825 49.225 7.4
      vertex 23.825 38.2 8.3
    endloop
  endfacet
  facet normal 1 0 0
    outer loop
      vertex 23.825 31.7 8.3
      vertex 23.825 37.4 8.3
      vertex 23.825 31.7 8.79024
    endloop
  endfacet
  facet normal 1 0 0
    outer loop
      vertex 23.825 26.975 7.4
      vertex 23.825 37.4 8.3
      vertex 23.825 31.7 8.3
    endloop
  endfacet
  facet normal 1 0 0
    outer loop
      vertex 23.825 26.975 7.4
      vertex 23.825 31.7 8.3
      vertex 23.825 30.9 8.3
    endloop
  endfacet
  facet normal 1 0 0
    outer loop
      vertex 23.825 37.4 8.3
      vertex 23.825 26.975 7.4
      vertex 23.825 49.225 7.4
    endloop
  endfacet
  facet normal 1 0 0
    outer loop
      vertex 23.825 26.975 7.4
      vertex 23.825 30.9 8.3
      vertex 23.825 26.975 9
    endloop
  endfacet
  facet normal 1 0 0
    outer loop
      vertex 23.825 11.4 9
      vertex 23.825 1.575 9
      vertex 23.825 11.4 8.3
    endloop
  endfacet
  facet normal 1 0 0
    outer loop
      vertex 23.825 17.9 8.76072
      vertex 23.825 12.2 8.76072
      vertex 23.825 17.9 8.3
    endloop
  endfacet
  facet normal 1 -0 0
    outer loop
      vertex 23.825 17.9 8.3
      vertex 23.825 23.825 7.4
      vertex 23.825 23.825 8.3
    endloop
  endfacet
  facet normal 1 0 0
    outer loop
      vertex 23.825 12.2 8.3
      vertex 23.825 17.9 8.3
      vertex 23.825 12.2 8.76072
    endloop
  endfacet
  facet normal 1 0 0
    outer loop
      vertex 23.825 17.9 8.3
      vertex 23.825 12.2 8.3
      vertex 23.825 23.825 7.4
    endloop
  endfacet
  facet normal 1 0 0
    outer loop
      vertex 23.825 1.575 7.4
      vertex 23.825 12.2 8.3
      vertex 23.825 11.4 8.3
    endloop
  endfacet
  facet normal 1 0 0
    outer loop
      vertex 23.825 1.575 7.4
      vertex 23.825 11.4 8.3
      vertex 23.825 1.575 9
    endloop
  endfacet
  facet normal 1 0 0
    outer loop
      vertex 23.825 12.2 8.3
      vertex 23.825 1.575 7.4
      vertex 23.825 23.825 7.4
    endloop
  endfacet
  facet normal 0 -1 0
    outer loop
      vertex 1.575 26.975 9
      vertex 7.03177 26.975 8.3
      vertex 7.03177 26.975 9
    endloop
  endfacet
  facet normal 0 -1 0
    outer loop
      vertex 1.575 26.975 7.4
      vertex 7.83177 26.975 8.3
      vertex 7.03177 26.975 8.3
    endloop
  endfacet
  facet normal 0 -1 -0
    outer loop
      vertex 7.83177 26.975 8.3
      vertex 1.575 26.975 7.4
      vertex 17.7225 26.975 8.3
    endloop
  endfacet
  facet normal 0 -1 0
    outer loop
      vertex 23.825 26.975 7.4
      vertex 17.7225 26.975 8.3
      vertex 1.575 26.975 7.4
    endloop
  endfacet
  facet normal 0 -1 0
    outer loop
      vertex 1.575 26.975 7.4
      vertex 7.03177 26.975 8.3
      vertex 1.575 26.975 9
    endloop
  endfacet
  facet normal 0 -1 0
    outer loop
      vertex 7.83177 26.975 8.3
      vertex 17.7225 26.975 9
      vertex 7.83177 26.975 9
    endloop
  endfacet
  facet normal 0 -1 -0
    outer loop
      vertex 17.7225 26.975 9
      vertex 7.83177 26.975 8.3
      vertex 17.7225 26.975 8.3
    endloop
  endfacet
  facet normal 0 -1 0
    outer loop
      vertex 18.5225 26.975 8.3
      vertex 23.825 26.975 9
      vertex 18.5225 26.975 9
    endloop
  endfacet
  facet normal 0 -1 0
    outer loop
      vertex 18.5225 26.975 8.3
      vertex 23.825 26.975 7.4
      vertex 23.825 26.975 9
    endloop
  endfacet
  facet normal 0 -1 0
    outer loop
      vertex 17.7225 26.975 8.3
      vertex 23.825 26.975 7.4
      vertex 18.5225 26.975 8.3
    endloop
  endfacet
  facet normal 0 -1 0
    outer loop
      vertex 26.975 26.975 9
      vertex 30.146 26.975 8.3
      vertex 30.146 26.975 9
    endloop
  endfacet
  facet normal 0 -1 0
    outer loop
      vertex 26.975 26.975 7.4
      vertex 30.946 26.975 8.3
      vertex 30.146 26.975 8.3
    endloop
  endfacet
  facet normal 0 -1 -0
    outer loop
      vertex 30.946 26.975 8.3
      vertex 26.975 26.975 7.4
      vertex 40.9669 26.975 8.3
    endloop
  endfacet
  facet normal 0 -1 0
    outer loop
      vertex 49.225 26.975 7.4
      vertex 40.9669 26.975 8.3
      vertex 26.975 26.975 7.4
    endloop
  endfacet
  facet normal 0 -1 0
    outer loop
      vertex 26.975 26.975 7.4
      vertex 30.146 26.975 8.3
      vertex 26.975 26.975 9
    endloop
  endfacet
  facet normal 0 -1 0
    outer loop
      vertex 30.946 26.975 9
      vertex 40.5 26.975 8.70385
      vertex 40.5 26.975 9
    endloop
  endfacet
  facet normal 0 -1 0
    outer loop
      vertex 30.946 26.975 8.3
      vertex 40.5 26.975 8.70385
      vertex 30.946 26.975 9
    endloop
  endfacet
  facet normal 0 -1 0
    outer loop
      vertex 40.9669 26.975 8.3
      vertex 40.5 26.975 8.70385
      vertex 30.946 26.975 8.3
    endloop
  endfacet
  facet normal 0 -1 0
    outer loop
      vertex 40.5 26.975 8.70385
      vertex 40.9669 26.975 8.3
      vertex 40.9669 26.975 8.70385
    endloop
  endfacet
  facet normal 0 -1 0
    outer loop
      vertex 41.7669 26.975 8.70385
      vertex 41.7669 26.975 8.3
      vertex 48.8 26.975 8.70385
    endloop
  endfacet
  facet normal 0 -1 0
    outer loop
      vertex 48.8 26.975 8.70385
      vertex 49.225 26.975 9
      vertex 48.8 26.975 9
    endloop
  endfacet
  facet normal 0 -1 0
    outer loop
      vertex 40.9669 26.975 8.3
      vertex 49.225 26.975 7.4
      vertex 41.7669 26.975 8.3
    endloop
  endfacet
  facet normal 0 -1 0
    outer loop
      vertex 48.8 26.975 8.70385
      vertex 49.225 26.975 7.4
      vertex 49.225 26.975 9
    endloop
  endfacet
  facet normal 0 -1 0
    outer loop
      vertex 41.7669 26.975 8.3
      vertex 49.225 26.975 7.4
      vertex 48.8 26.975 8.70385
    endloop
  endfacet
  facet normal 0 1 -0
    outer loop
      vertex 23.825 23.825 7.4
      vertex 23.2911 23.825 8.3
      vertex 23.825 23.825 8.3
    endloop
  endfacet
  facet normal 0 1 0
    outer loop
      vertex 23.2911 23.825 8.3
      vertex 23.825 23.825 7.4
      vertex 12.8166 23.825 8.3
    endloop
  endfacet
  facet normal 0 1 0
    outer loop
      vertex 12.8166 23.825 8.3
      vertex 23.825 23.825 7.4
      vertex 12.0166 23.825 8.3
    endloop
  endfacet
  facet normal 0 1 -0
    outer loop
      vertex 23.2911 23.825 8.3
      vertex 12.8166 23.825 9
      vertex 23.2911 23.825 9
    endloop
  endfacet
  facet normal 0 1 0
    outer loop
      vertex 12.8166 23.825 9
      vertex 23.2911 23.825 8.3
      vertex 12.8166 23.825 8.3
    endloop
  endfacet
  facet normal 0 1 -0
    outer loop
      vertex 12.0166 23.825 8.3
      vertex 1.575 23.825 9
      vertex 12.0166 23.825 9
    endloop
  endfacet
  facet normal 0 1 0
    outer loop
      vertex 1.575 23.825 7.4
      vertex 12.0166 23.825 8.3
      vertex 23.825 23.825 7.4
    endloop
  endfacet
  facet normal 0 1 0
    outer loop
      vertex 12.0166 23.825 8.3
      vertex 1.575 23.825 7.4
      vertex 1.575 23.825 9
    endloop
  endfacet
  facet normal 0 1 0
    outer loop
      vertex 49.225 23.825 9
      vertex 45.8263 23.825 8.3
      vertex 45.8263 23.825 9
    endloop
  endfacet
  facet normal 0 1 0
    outer loop
      vertex 49.225 23.825 7.4
      vertex 45.0263 23.825 8.3
      vertex 45.8263 23.825 8.3
    endloop
  endfacet
  facet normal 0 1 0
    outer loop
      vertex 45.0263 23.825 8.3
      vertex 49.225 23.825 7.4
      vertex 36.2581 23.825 8.3
    endloop
  endfacet
  facet normal 0 1 0
    outer loop
      vertex 26.975 23.825 7.4
      vertex 36.2581 23.825 8.3
      vertex 49.225 23.825 7.4
    endloop
  endfacet
  facet normal 0 1 -0
    outer loop
      vertex 49.225 23.825 7.4
      vertex 45.8263 23.825 8.3
      vertex 49.225 23.825 9
    endloop
  endfacet
  facet normal 0 1 -0
    outer loop
      vertex 45.0263 23.825 8.3
      vertex 36.2581 23.825 9
      vertex 45.0263 23.825 9
    endloop
  endfacet
  facet normal 0 1 0
    outer loop
      vertex 36.2581 23.825 9
      vertex 45.0263 23.825 8.3
      vertex 36.2581 23.825 8.3
    endloop
  endfacet
  facet normal 0 1 0
    outer loop
      vertex 35.4581 23.825 9
      vertex 35 23.825 8.81174
      vertex 35 23.825 9
    endloop
  endfacet
  facet normal 0 1 -0
    outer loop
      vertex 35.4581 23.825 8.3
      vertex 35 23.825 8.81174
      vertex 35.4581 23.825 9
    endloop
  endfacet
  facet normal 0 1 0
    outer loop
      vertex 26.975 23.825 7.4
      vertex 35 23.825 8.81174
      vertex 35.4581 23.825 8.3
    endloop
  endfacet
  facet normal 0 1 0
    outer loop
      vertex 36.2581 23.825 8.3
      vertex 26.975 23.825 7.4
      vertex 35.4581 23.825 8.3
    endloop
  endfacet
  facet normal 0 1 0
    outer loop
      vertex 35 23.825 8.81174
      vertex 26.975 23.825 7.4
      vertex 26.975 23.825 8.81174
    endloop
  endfacet
  facet normal 0 -1 0
    outer loop
      vertex 1.575 1.575 7.4
      vertex 23.825 1.575 9
      vertex 1.575 1.575 9
    endloop
  endfacet
  facet normal 0 -1 -0
    outer loop
      vertex 23.825 1.575 9
      vertex 1.575 1.575 7.4
      vertex 23.825 1.575 7.4
    endloop
  endfacet
  facet normal 0 -1 0
    outer loop
      vertex 26.975 1.575 7.4
      vertex 49.225 1.575 9
      vertex 26.975 1.575 9
    endloop
  endfacet
  facet normal 0 -1 -0
    outer loop
      vertex 49.225 1.575 9
      vertex 26.975 1.575 7.4
      vertex 49.225 1.575 7.4
    endloop
  endfacet
  facet normal 0 1 0
    outer loop
      vertex 49.225 49.225 9
      vertex 46.1138 49.225 8.3
      vertex 46.1138 49.225 9
    endloop
  endfacet
  facet normal 0 1 0
    outer loop
      vertex 49.225 49.225 7.4
      vertex 45.3138 49.225 8.3
      vertex 46.1138 49.225 8.3
    endloop
  endfacet
  facet normal 0 1 0
    outer loop
      vertex 45.3138 49.225 8.3
      vertex 49.225 49.225 7.4
      vertex 36.3632 49.225 8.3
    endloop
  endfacet
  facet normal 0 1 0
    outer loop
      vertex 26.975 49.225 7.4
      vertex 36.3632 49.225 8.3
      vertex 49.225 49.225 7.4
    endloop
  endfacet
  facet normal 0 1 -0
    outer loop
      vertex 49.225 49.225 7.4
      vertex 46.1138 49.225 8.3
      vertex 49.225 49.225 9
    endloop
  endfacet
  facet normal 0 1 -0
    outer loop
      vertex 45.3138 49.225 8.3
      vertex 36.3632 49.225 9
      vertex 45.3138 49.225 9
    endloop
  endfacet
  facet normal 0 1 0
    outer loop
      vertex 36.3632 49.225 9
      vertex 45.3138 49.225 8.3
      vertex 36.3632 49.225 8.3
    endloop
  endfacet
  facet normal 0 1 -0
    outer loop
      vertex 35.5632 49.225 8.3
      vertex 26.975 49.225 9
      vertex 35.5632 49.225 9
    endloop
  endfacet
  facet normal 0 1 0
    outer loop
      vertex 35.5632 49.225 8.3
      vertex 26.975 49.225 7.4
      vertex 26.975 49.225 9
    endloop
  endfacet
  facet normal 0 1 0
    outer loop
      vertex 36.3632 49.225 8.3
      vertex 26.975 49.225 7.4
      vertex 35.5632 49.225 8.3
    endloop
  endfacet
  facet normal 0 1 -0
    outer loop
      vertex 23.825 49.225 7.4
      vertex 23.6569 49.225 8.3
      vertex 23.825 49.225 8.3
    endloop
  endfacet
  facet normal 0 1 0
    outer loop
      vertex 23.6569 49.225 8.3
      vertex 23.825 49.225 7.4
      vertex 13.4223 49.225 8.3
    endloop
  endfacet
  facet normal 0 1 0
    outer loop
      vertex 13.4223 49.225 8.3
      vertex 23.825 49.225 7.4
      vertex 12.6223 49.225 8.3
    endloop
  endfacet
  facet normal 0 1 -0
    outer loop
      vertex 23.6569 49.225 8.3
      vertex 13.4223 49.225 8.83457
      vertex 23.6569 49.225 8.83457
    endloop
  endfacet
  facet normal 0 1 0
    outer loop
      vertex 13.4223 49.225 8.83457
      vertex 23.6569 49.225 8.3
      vertex 13.4223 49.225 8.3
    endloop
  endfacet
  facet normal 0 1 -0
    outer loop
      vertex 12.6223 49.225 8.3
      vertex 1.575 49.225 9
      vertex 12.6223 49.225 9
    endloop
  endfacet
  facet normal 0 1 0
    outer loop
      vertex 1.575 49.225 7.4
      vertex 12.6223 49.225 8.3
      vertex 23.825 49.225 7.4
    endloop
  endfacet
  facet normal 0 1 0
    outer loop
      vertex 12.6223 49.225 8.3
      vertex 1.575 49.225 7.4
      vertex 1.575 49.225 9
    endloop
  endfacet
  facet normal -1 0 0
    outer loop
      vertex 1.575 1.575 7.4
      vertex 1.575 23.825 9
      vertex 1.575 23.825 7.4
    endloop
  endfacet
  facet normal -1 -0 0
    outer loop
      vertex 1.575 23.825 9
      vertex 1.575 1.575 7.4
      vertex 1.575 1.575 9
    endloop
  endfacet
  facet normal -1 0 0
    outer loop
      vertex 1.575 26.975 7.4
      vertex 1.575 49.225 9
      vertex 1.575 49.225 7.4
    endloop
  endfacet
  facet normal -1 -0 0
    outer loop
      vertex 1.575 49.225 9
      vertex 1.575 26.975 7.4
      vertex 1.575 26.975 9
    endloop
  endfacet
  facet normal 1 -0 0
    outer loop
      vertex 49.225 26.975 9
      vertex 49.225 49.225 7.4
      vertex 49.225 49.225 9
    endloop
  endfacet
  facet normal 1 0 0
    outer loop
      vertex 49.225 49.225 7.4
      vertex 49.225 26.975 9
      vertex 49.225 26.975 7.4
    endloop
  endfacet
  facet normal 1 -0 0
    outer loop
      vertex 49.225 1.575 9
      vertex 49.225 23.825 7.4
      vertex 49.225 23.825 9
    endloop
  endfacet
  facet normal 1 0 0
    outer loop
      vertex 49.225 23.825 7.4
      vertex 49.225 1.575 9
      vertex 49.225 1.575 7.4
    endloop
  endfacet
  facet normal -1 0 0
    outer loop
      vertex 26.975 26.975 0
      vertex 26.975 49.225 1.6
      vertex 26.975 49.225 0
    endloop
  endfacet
  facet normal -1 -0 0
    outer loop
      vertex 26.975 49.225 1.6
      vertex 26.975 26.975 0
      vertex 26.975 26.975 1.6
    endloop
  endfacet
  facet normal -1 0 0
    outer loop
      vertex 26.975 1.575 0
      vertex 26.975 23.825 1.6
      vertex 26.975 23.825 0
    endloop
  endfacet
  facet normal -1 -0 0
    outer loop
      vertex 26.975 23.825 1.6
      vertex 26.975 1.575 0
      vertex 26.975 1.575 1.6
    endloop
  endfacet
  facet normal 0 0 -1
    outer loop
      vertex 1.575 23.825 1.6
      vertex 23.825 26.975 1.6
      vertex 23.825 23.825 1.6
    endloop
  endfacet
  facet normal -0 0 -1
    outer loop
      vertex 23.825 26.975 1.6
      vertex 1.575 23.825 1.6
      vertex 1.575 26.975 1.6
    endloop
  endfacet
  facet normal 0 0 -1
    outer loop
      vertex 26.975 23.825 1.6
      vertex 49.225 26.975 1.6
      vertex 49.225 23.825 1.6
    endloop
  endfacet
  facet normal -0 0 -1
    outer loop
      vertex 49.225 26.975 1.6
      vertex 26.975 23.825 1.6
      vertex 26.975 26.975 1.6
    endloop
  endfacet
  facet normal 0 0 -1
    outer loop
      vertex 49.225 23.825 1.6
      vertex 50.8 0 1.6
      vertex 49.225 1.575 1.6
    endloop
  endfacet
  facet normal 0 0 -1
    outer loop
      vertex 50.8 0 1.6
      vertex 26.975 1.575 1.6
      vertex 49.225 1.575 1.6
    endloop
  endfacet
  facet normal 0 0 -1
    outer loop
      vertex 23.825 23.825 1.6
      vertex 26.975 23.825 1.6
      vertex 26.975 1.575 1.6
    endloop
  endfacet
  facet normal 0 0 -1
    outer loop
      vertex 26.975 23.825 1.6
      vertex 23.825 23.825 1.6
      vertex 26.975 26.975 1.6
    endloop
  endfacet
  facet normal 0 0 -1
    outer loop
      vertex 23.825 23.825 1.6
      vertex 26.975 1.575 1.6
      vertex 23.825 1.575 1.6
    endloop
  endfacet
  facet normal 0 0 -1
    outer loop
      vertex 50.8 0 1.6
      vertex 23.825 1.575 1.6
      vertex 26.975 1.575 1.6
    endloop
  endfacet
  facet normal 0 0 -1
    outer loop
      vertex 0 0 1.6
      vertex 23.825 1.575 1.6
      vertex 50.8 0 1.6
    endloop
  endfacet
  facet normal 0 0 -1
    outer loop
      vertex 0 0 1.6
      vertex 1.575 23.825 1.6
      vertex 1.575 1.575 1.6
    endloop
  endfacet
  facet normal -0 0 -1
    outer loop
      vertex 1.575 23.825 1.6
      vertex 0 0 1.6
      vertex 1.575 26.975 1.6
    endloop
  endfacet
  facet normal 0 0 -1
    outer loop
      vertex 0 50.8 1.6
      vertex 1.575 26.975 1.6
      vertex 0 0 1.6
    endloop
  endfacet
  facet normal -0 0 -1
    outer loop
      vertex 23.825 1.575 1.6
      vertex 0 0 1.6
      vertex 1.575 1.575 1.6
    endloop
  endfacet
  facet normal 0 0 -1
    outer loop
      vertex 50.8 0 1.6
      vertex 49.225 23.825 1.6
      vertex 50.8 50.8 1.6
    endloop
  endfacet
  facet normal 0 0 -1
    outer loop
      vertex 49.225 26.975 1.6
      vertex 50.8 50.8 1.6
      vertex 49.225 23.825 1.6
    endloop
  endfacet
  facet normal 0 0 -1
    outer loop
      vertex 49.225 49.225 1.6
      vertex 50.8 50.8 1.6
      vertex 49.225 26.975 1.6
    endloop
  endfacet
  facet normal 0 0 -1
    outer loop
      vertex 26.975 49.225 1.6
      vertex 50.8 50.8 1.6
      vertex 49.225 49.225 1.6
    endloop
  endfacet
  facet normal 0 0 -1
    outer loop
      vertex 23.825 26.975 1.6
      vertex 26.975 26.975 1.6
      vertex 23.825 23.825 1.6
    endloop
  endfacet
  facet normal 0 0 -1
    outer loop
      vertex 26.975 26.975 1.6
      vertex 23.825 26.975 1.6
      vertex 26.975 49.225 1.6
    endloop
  endfacet
  facet normal 0 0 -1
    outer loop
      vertex 23.825 49.225 1.6
      vertex 26.975 49.225 1.6
      vertex 23.825 26.975 1.6
    endloop
  endfacet
  facet normal 0 0 -1
    outer loop
      vertex 23.825 49.225 1.6
      vertex 50.8 50.8 1.6
      vertex 26.975 49.225 1.6
    endloop
  endfacet
  facet normal 0 0 -1
    outer loop
      vertex 0 50.8 1.6
      vertex 23.825 49.225 1.6
      vertex 1.575 49.225 1.6
    endloop
  endfacet
  facet normal 0 0 -1
    outer loop
      vertex 23.825 49.225 1.6
      vertex 0 50.8 1.6
      vertex 50.8 50.8 1.6
    endloop
  endfacet
  facet normal 0 0 -1
    outer loop
      vertex 1.575 26.975 1.6
      vertex 0 50.8 1.6
      vertex 1.575 49.225 1.6
    endloop
  endfacet
  facet normal 1 -0 0
    outer loop
      vertex 23.825 26.975 1.6
      vertex 23.825 49.225 0
      vertex 23.825 49.225 1.6
    endloop
  endfacet
  facet normal 1 0 0
    outer loop
      vertex 23.825 49.225 0
      vertex 23.825 26.975 1.6
      vertex 23.825 26.975 0
    endloop
  endfacet
  facet normal 1 -0 0
    outer loop
      vertex 23.825 1.575 1.6
      vertex 23.825 23.825 0
      vertex 23.825 23.825 1.6
    endloop
  endfacet
  facet normal 1 0 0
    outer loop
      vertex 23.825 23.825 0
      vertex 23.825 1.575 1.6
      vertex 23.825 1.575 0
    endloop
  endfacet
  facet normal 0 -1 0
    outer loop
      vertex 1.575 26.975 0
      vertex 23.825 26.975 1.6
      vertex 1.575 26.975 1.6
    endloop
  endfacet
  facet normal 0 -1 -0
    outer loop
      vertex 23.825 26.975 1.6
      vertex 1.575 26.975 0
      vertex 23.825 26.975 0
    endloop
  endfacet
  facet normal 0 -1 0
    outer loop
      vertex 26.975 26.975 0
      vertex 49.225 26.975 1.6
      vertex 26.975 26.975 1.6
    endloop
  endfacet
  facet normal 0 -1 -0
    outer loop
      vertex 49.225 26.975 1.6
      vertex 26.975 26.975 0
      vertex 49.225 26.975 0
    endloop
  endfacet
  facet normal 0 1 -0
    outer loop
      vertex 23.825 23.825 0
      vertex 1.575 23.825 1.6
      vertex 23.825 23.825 1.6
    endloop
  endfacet
  facet normal 0 1 0
    outer loop
      vertex 1.575 23.825 1.6
      vertex 23.825 23.825 0
      vertex 1.575 23.825 0
    endloop
  endfacet
  facet normal 0 1 -0
    outer loop
      vertex 49.225 23.825 0
      vertex 26.975 23.825 1.6
      vertex 49.225 23.825 1.6
    endloop
  endfacet
  facet normal 0 1 0
    outer loop
      vertex 26.975 23.825 1.6
      vertex 49.225 23.825 0
      vertex 26.975 23.825 0
    endloop
  endfacet
  facet normal 0 -1 0
    outer loop
      vertex 1.575 1.575 0
      vertex 23.825 1.575 1.6
      vertex 1.575 1.575 1.6
    endloop
  endfacet
  facet normal 0 -1 -0
    outer loop
      vertex 23.825 1.575 1.6
      vertex 1.575 1.575 0
      vertex 23.825 1.575 0
    endloop
  endfacet
  facet normal 0 -1 0
    outer loop
      vertex 26.975 1.575 0
      vertex 49.225 1.575 1.6
      vertex 26.975 1.575 1.6
    endloop
  endfacet
  facet normal 0 -1 -0
    outer loop
      vertex 49.225 1.575 1.6
      vertex 26.975 1.575 0
      vertex 49.225 1.575 0
    endloop
  endfacet
  facet normal 0 1 -0
    outer loop
      vertex 49.225 49.225 0
      vertex 26.975 49.225 1.6
      vertex 49.225 49.225 1.6
    endloop
  endfacet
  facet normal 0 1 0
    outer loop
      vertex 26.975 49.225 1.6
      vertex 49.225 49.225 0
      vertex 26.975 49.225 0
    endloop
  endfacet
  facet normal 0 1 -0
    outer loop
      vertex 23.825 49.225 0
      vertex 1.575 49.225 1.6
      vertex 23.825 49.225 1.6
    endloop
  endfacet
  facet normal 0 1 0
    outer loop
      vertex 1.575 49.225 1.6
      vertex 23.825 49.225 0
      vertex 1.575 49.225 0
    endloop
  endfacet
  facet normal -1 0 0
    outer loop
      vertex 1.575 1.575 0
      vertex 1.575 23.825 1.6
      vertex 1.575 23.825 0
    endloop
  endfacet
  facet normal -1 -0 0
    outer loop
      vertex 1.575 23.825 1.6
      vertex 1.575 1.575 0
      vertex 1.575 1.575 1.6
    endloop
  endfacet
  facet normal -1 0 0
    outer loop
      vertex 1.575 26.975 0
      vertex 1.575 49.225 1.6
      vertex 1.575 49.225 0
    endloop
  endfacet
  facet normal -1 -0 0
    outer loop
      vertex 1.575 49.225 1.6
      vertex 1.575 26.975 0
      vertex 1.575 26.975 1.6
    endloop
  endfacet
  facet normal 1 -0 0
    outer loop
      vertex 49.225 26.975 1.6
      vertex 49.225 49.225 0
      vertex 49.225 49.225 1.6
    endloop
  endfacet
  facet normal 1 0 0
    outer loop
      vertex 49.225 49.225 0
      vertex 49.225 26.975 1.6
      vertex 49.225 26.975 0
    endloop
  endfacet
  facet normal 1 -0 0
    outer loop
      vertex 49.225 1.575 1.6
      vertex 49.225 23.825 0
      vertex 49.225 23.825 1.6
    endloop
  endfacet
  facet normal 1 0 0
    outer loop
      vertex 49.225 23.825 0
      vertex 49.225 1.575 1.6
      vertex 49.225 1.575 0
    endloop
  endfacet
  facet normal -1 0 0
    outer loop
      vertex 48.8 38.2 8.3
      vertex 48.8 37.4 8.3
      vertex 48.8 38.2 8.70817
    endloop
  endfacet
  facet normal -1 0 0
    outer loop
      vertex 48.8 43.9 8.70817
      vertex 48.8 44.7 8.3
      vertex 48.8 43.9 8.3
    endloop
  endfacet
  facet normal -1 0 0
    outer loop
      vertex 48.8 44.7 8.3
      vertex 48.8 43.9 8.70817
      vertex 48.8 44.7 9
    endloop
  endfacet
  facet normal -1 0 0
    outer loop
      vertex 48.8 38.2 8.70817
      vertex 48.8 44.7 9
      vertex 48.8 43.9 8.70817
    endloop
  endfacet
  facet normal -1 0 0
    outer loop
      vertex 48.8 38.2 8.70817
      vertex 48.8 37.4 9
      vertex 48.8 44.7 9
    endloop
  endfacet
  facet normal -1 0 0
    outer loop
      vertex 48.8 37.4 9
      vertex 48.8 38.2 8.70817
      vertex 48.8 37.4 8.3
    endloop
  endfacet
  facet normal 0 1 -0
    outer loop
      vertex 6.93021 43.9 8.3
      vertex 2 43.9 9
      vertex 6.93021 43.9 9
    endloop
  endfacet
  facet normal 0 1 0
    outer loop
      vertex 2 43.9 9
      vertex 6.93021 43.9 8.3
      vertex 2 43.9 8.3
    endloop
  endfacet
  facet normal 0 1 0
    outer loop
      vertex 48.8 43.9 8.70817
      vertex 48.8 43.9 8.3
      vertex 40.5 43.9 8.70817
    endloop
  endfacet
  facet normal 0 1 -0
    outer loop
      vertex 40.5 43.9 8.70817
      vertex 39.8305 43.9 9
      vertex 40.5 43.9 9
    endloop
  endfacet
  facet normal 0 1 0
    outer loop
      vertex 40.5 43.9 8.70817
      vertex 39.8305 43.9 8.3
      vertex 39.8305 43.9 9
    endloop
  endfacet
  facet normal 0 1 0
    outer loop
      vertex 39.8305 43.9 8.3
      vertex 40.5 43.9 8.70817
      vertex 48.8 43.9 8.3
    endloop
  endfacet
  facet normal 0 1 -0
    outer loop
      vertex 19.0522 43.9 8.3
      vertex 7.73021 43.9 9
      vertex 19.0522 43.9 9
    endloop
  endfacet
  facet normal 0 1 0
    outer loop
      vertex 7.73021 43.9 9
      vertex 19.0522 43.9 8.3
      vertex 7.73021 43.9 8.3
    endloop
  endfacet
  facet normal 0 1 -0
    outer loop
      vertex 23.825 43.9 8.3
      vertex 19.8522 43.9 9
      vertex 23.825 43.9 9
    endloop
  endfacet
  facet normal 0 1 0
    outer loop
      vertex 19.8522 43.9 9
      vertex 23.825 43.9 8.3
      vertex 19.8522 43.9 8.3
    endloop
  endfacet
  facet normal 0 1 -0
    outer loop
      vertex 28.1937 43.9 8.3
      vertex 26.975 43.9 9
      vertex 28.1937 43.9 9
    endloop
  endfacet
  facet normal 0 1 0
    outer loop
      vertex 26.975 43.9 9
      vertex 28.1937 43.9 8.3
      vertex 26.975 43.9 8.3
    endloop
  endfacet
  facet normal 0 1 -0
    outer loop
      vertex 39.0305 43.9 8.3
      vertex 28.9937 43.9 9
      vertex 39.0305 43.9 9
    endloop
  endfacet
  facet normal 0 1 0
    outer loop
      vertex 28.9937 43.9 9
      vertex 39.0305 43.9 8.3
      vertex 28.9937 43.9 8.3
    endloop
  endfacet
  facet normal 0 -1 0
    outer loop
      vertex 46.1138 44.7 8.3
      vertex 48.8 44.7 9
      vertex 46.1138 44.7 9
    endloop
  endfacet
  facet normal 0 -1 -0
    outer loop
      vertex 48.8 44.7 9
      vertex 46.1138 44.7 8.3
      vertex 48.8 44.7 8.3
    endloop
  endfacet
  facet normal 0 -1 0
    outer loop
      vertex 2 44.7 8.3
      vertex 12.6223 44.7 9
      vertex 2 44.7 9
    endloop
  endfacet
  facet normal 0 -1 -0
    outer loop
      vertex 12.6223 44.7 9
      vertex 2 44.7 8.3
      vertex 12.6223 44.7 8.3
    endloop
  endfacet
  facet normal 0 -1 0
    outer loop
      vertex 13.4223 44.7 8.3
      vertex 23.6569 44.7 8.83457
      vertex 13.4223 44.7 8.83457
    endloop
  endfacet
  facet normal 0 -1 -0
    outer loop
      vertex 23.6569 44.7 8.83457
      vertex 13.4223 44.7 8.3
      vertex 23.6569 44.7 8.3
    endloop
  endfacet
  facet normal 0 -1 0
    outer loop
      vertex 26.975 44.7 8.3
      vertex 35.5632 44.7 9
      vertex 26.975 44.7 9
    endloop
  endfacet
  facet normal 0 -1 -0
    outer loop
      vertex 35.5632 44.7 9
      vertex 26.975 44.7 8.3
      vertex 35.5632 44.7 8.3
    endloop
  endfacet
  facet normal 0 -1 0
    outer loop
      vertex 36.3632 44.7 8.3
      vertex 45.3138 44.7 9
      vertex 36.3632 44.7 9
    endloop
  endfacet
  facet normal 0 -1 -0
    outer loop
      vertex 45.3138 44.7 9
      vertex 36.3632 44.7 8.3
      vertex 45.3138 44.7 8.3
    endloop
  endfacet
  facet normal 1 -0 0
    outer loop
      vertex 2 43.9 9
      vertex 2 44.7 8.3
      vertex 2 44.7 9
    endloop
  endfacet
  facet normal 1 0 0
    outer loop
      vertex 2 44.7 8.3
      vertex 2 43.9 9
      vertex 2 43.9 8.3
    endloop
  endfacet
  facet normal 0 0 1
    outer loop
      vertex 13.4223 49.225 8.3
      vertex 12.6223 49.225 8.3
      vertex 13.4223 44.7 8.3
    endloop
  endfacet
  facet normal 0 0 1
    outer loop
      vertex 23.6569 44.7 8.3
      vertex 23.825 49.225 8.3
      vertex 23.6569 49.225 8.3
    endloop
  endfacet
  facet normal 0 0 1
    outer loop
      vertex 23.825 49.225 8.3
      vertex 23.6569 44.7 8.3
      vertex 23.825 43.9 8.3
    endloop
  endfacet
  facet normal 0 0 1
    outer loop
      vertex 23.6569 44.7 8.3
      vertex 19.8522 43.9 8.3
      vertex 23.825 43.9 8.3
    endloop
  endfacet
  facet normal 0 0 1
    outer loop
      vertex 19.8522 43.9 8.3
      vertex 19.0522 43.9 8.3
      vertex 19.8522 38.2 8.3
    endloop
  endfacet
  facet normal 0 0 1
    outer loop
      vertex 23.6569 44.7 8.3
      vertex 19.0522 43.9 8.3
      vertex 19.8522 43.9 8.3
    endloop
  endfacet
  facet normal -0 0 1
    outer loop
      vertex 13.4223 44.7 8.3
      vertex 19.0522 43.9 8.3
      vertex 23.6569 44.7 8.3
    endloop
  endfacet
  facet normal 0 0 1
    outer loop
      vertex 12.6223 44.7 8.3
      vertex 13.4223 44.7 8.3
      vertex 12.6223 49.225 8.3
    endloop
  endfacet
  facet normal 0 0 1
    outer loop
      vertex 7.73021 43.9 8.3
      vertex 13.4223 44.7 8.3
      vertex 12.6223 44.7 8.3
    endloop
  endfacet
  facet normal 0 0 1
    outer loop
      vertex 13.4223 44.7 8.3
      vertex 7.73021 43.9 8.3
      vertex 19.0522 43.9 8.3
    endloop
  endfacet
  facet normal 0 0 1
    outer loop
      vertex 7.73021 43.9 8.3
      vertex 6.93021 43.9 8.3
      vertex 7.73021 38.2 8.3
    endloop
  endfacet
  facet normal 0 0 1
    outer loop
      vertex 12.6223 44.7 8.3
      vertex 6.93021 43.9 8.3
      vertex 7.73021 43.9 8.3
    endloop
  endfacet
  facet normal -0 0 1
    outer loop
      vertex 2 44.7 8.3
      vertex 6.93021 43.9 8.3
      vertex 12.6223 44.7 8.3
    endloop
  endfacet
  facet normal 0 0 1
    outer loop
      vertex 6.93021 43.9 8.3
      vertex 2 44.7 8.3
      vertex 2 43.9 8.3
    endloop
  endfacet
  facet normal 0 0 1
    outer loop
      vertex 23.825 38.2 8.3
      vertex 23.5932 37.4 8.3
      vertex 23.825 37.4 8.3
    endloop
  endfacet
  facet normal 0 0 1
    outer loop
      vertex 23.5932 37.4 8.3
      vertex 22.7932 37.4 8.3
      vertex 23.5932 31.7 8.3
    endloop
  endfacet
  facet normal 0 0 1
    outer loop
      vertex 23.825 38.2 8.3
      vertex 22.7932 37.4 8.3
      vertex 23.5932 37.4 8.3
    endloop
  endfacet
  facet normal -0 0 1
    outer loop
      vertex 19.8522 38.2 8.3
      vertex 22.7932 37.4 8.3
      vertex 23.825 38.2 8.3
    endloop
  endfacet
  facet normal 0 0 1
    outer loop
      vertex 19.0522 38.2 8.3
      vertex 19.8522 38.2 8.3
      vertex 19.0522 43.9 8.3
    endloop
  endfacet
  facet normal -0 0 1
    outer loop
      vertex 19.0522 38.2 8.3
      vertex 22.7932 37.4 8.3
      vertex 19.8522 38.2 8.3
    endloop
  endfacet
  facet normal 0 0 1
    outer loop
      vertex 19.0522 38.2 8.3
      vertex 13.1116 37.4 8.3
      vertex 22.7932 37.4 8.3
    endloop
  endfacet
  facet normal 0 0 1
    outer loop
      vertex 13.1116 37.4 8.3
      vertex 12.3116 37.4 8.3
      vertex 13.1116 31.7 8.3
    endloop
  endfacet
  facet normal -0 0 1
    outer loop
      vertex 7.73021 38.2 8.3
      vertex 13.1116 37.4 8.3
      vertex 19.0522 38.2 8.3
    endloop
  endfacet
  facet normal 0 0 1
    outer loop
      vertex 13.1116 37.4 8.3
      vertex 7.73021 38.2 8.3
      vertex 12.3116 37.4 8.3
    endloop
  endfacet
  facet normal 0 0 1
    outer loop
      vertex 6.93021 38.2 8.3
      vertex 7.73021 38.2 8.3
      vertex 6.93021 43.9 8.3
    endloop
  endfacet
  facet normal -0 0 1
    outer loop
      vertex 6.93021 38.2 8.3
      vertex 12.3116 37.4 8.3
      vertex 7.73021 38.2 8.3
    endloop
  endfacet
  facet normal 0 0 1
    outer loop
      vertex 2 37.4 8.3
      vertex 6.93021 38.2 8.3
      vertex 2 38.2 8.3
    endloop
  endfacet
  facet normal 0 0 1
    outer loop
      vertex 6.93021 38.2 8.3
      vertex 2 37.4 8.3
      vertex 12.3116 37.4 8.3
    endloop
  endfacet
  facet normal -0 0 1
    outer loop
      vertex 23.5932 31.7 8.3
      vertex 23.825 30.9 8.3
      vertex 23.825 31.7 8.3
    endloop
  endfacet
  facet normal 0 0 1
    outer loop
      vertex 22.7932 31.7 8.3
      vertex 23.5932 31.7 8.3
      vertex 22.7932 37.4 8.3
    endloop
  endfacet
  facet normal -0 0 1
    outer loop
      vertex 22.7932 31.7 8.3
      vertex 23.825 30.9 8.3
      vertex 23.5932 31.7 8.3
    endloop
  endfacet
  facet normal 0 0 1
    outer loop
      vertex 22.7932 31.7 8.3
      vertex 18.5225 30.9 8.3
      vertex 23.825 30.9 8.3
    endloop
  endfacet
  facet normal 0 0 1
    outer loop
      vertex 18.5225 30.9 8.3
      vertex 17.7225 30.9 8.3
      vertex 18.5225 26.975 8.3
    endloop
  endfacet
  facet normal 0 0 1
    outer loop
      vertex 22.7932 31.7 8.3
      vertex 17.7225 30.9 8.3
      vertex 18.5225 30.9 8.3
    endloop
  endfacet
  facet normal -0 0 1
    outer loop
      vertex 13.1116 31.7 8.3
      vertex 17.7225 30.9 8.3
      vertex 22.7932 31.7 8.3
    endloop
  endfacet
  facet normal 0 0 1
    outer loop
      vertex 12.3116 31.7 8.3
      vertex 13.1116 31.7 8.3
      vertex 12.3116 37.4 8.3
    endloop
  endfacet
  facet normal -0 0 1
    outer loop
      vertex 12.3116 31.7 8.3
      vertex 17.7225 30.9 8.3
      vertex 13.1116 31.7 8.3
    endloop
  endfacet
  facet normal 0 0 1
    outer loop
      vertex 12.3116 31.7 8.3
      vertex 7.83177 30.9 8.3
      vertex 17.7225 30.9 8.3
    endloop
  endfacet
  facet normal 0 0 1
    outer loop
      vertex 7.83177 30.9 8.3
      vertex 7.03177 30.9 8.3
      vertex 7.83177 26.975 8.3
    endloop
  endfacet
  facet normal 0 0 1
    outer loop
      vertex 12.3116 31.7 8.3
      vertex 7.03177 30.9 8.3
      vertex 7.83177 30.9 8.3
    endloop
  endfacet
  facet normal -0 0 1
    outer loop
      vertex 2 31.7 8.3
      vertex 7.03177 30.9 8.3
      vertex 12.3116 31.7 8.3
    endloop
  endfacet
  facet normal 0 0 1
    outer loop
      vertex 7.03177 30.9 8.3
      vertex 2 31.7 8.3
      vertex 2 30.9 8.3
    endloop
  endfacet
  facet normal 0 0 1
    outer loop
      vertex 18.5225 26.975 8.3
      vertex 17.7225 30.9 8.3
      vertex 17.7225 26.975 8.3
    endloop
  endfacet
  facet normal 0 0 1
    outer loop
      vertex 7.83177 26.975 8.3
      vertex 7.03177 30.9 8.3
      vertex 7.03177 26.975 8.3
    endloop
  endfacet
  facet normal 0 0 1
    outer loop
      vertex 36.3632 49.225 8.3
      vertex 35.5632 49.225 8.3
      vertex 36.3632 44.7 8.3
    endloop
  endfacet
  facet normal 0 0 1
    outer loop
      vertex 48.8 38.2 8.3
      vertex 45.5885 37.4 8.3
      vertex 48.8 37.4 8.3
    endloop
  endfacet
  facet normal 0 0 1
    outer loop
      vertex 45.5885 37.4 8.3
      vertex 44.7885 37.4 8.3
      vertex 45.5885 31.7 8.3
    endloop
  endfacet
  facet normal 0 0 1
    outer loop
      vertex 48.8 38.2 8.3
      vertex 44.7885 37.4 8.3
      vertex 45.5885 37.4 8.3
    endloop
  endfacet
  facet normal -0 0 1
    outer loop
      vertex 39.8305 38.2 8.3
      vertex 44.7885 37.4 8.3
      vertex 48.8 38.2 8.3
    endloop
  endfacet
  facet normal 0 0 1
    outer loop
      vertex 39.0305 38.2 8.3
      vertex 39.8305 38.2 8.3
      vertex 39.0305 43.9 8.3
    endloop
  endfacet
  facet normal 0 0 1
    outer loop
      vertex 35.112 37.4 8.3
      vertex 39.8305 38.2 8.3
      vertex 39.0305 38.2 8.3
    endloop
  endfacet
  facet normal 0 0 1
    outer loop
      vertex 39.8305 38.2 8.3
      vertex 35.112 37.4 8.3
      vertex 44.7885 37.4 8.3
    endloop
  endfacet
  facet normal 0 0 1
    outer loop
      vertex 35.112 37.4 8.3
      vertex 34.312 37.4 8.3
      vertex 35.112 31.7 8.3
    endloop
  endfacet
  facet normal 0 0 1
    outer loop
      vertex 39.0305 38.2 8.3
      vertex 34.312 37.4 8.3
      vertex 35.112 37.4 8.3
    endloop
  endfacet
  facet normal -0 0 1
    outer loop
      vertex 28.9937 38.2 8.3
      vertex 34.312 37.4 8.3
      vertex 39.0305 38.2 8.3
    endloop
  endfacet
  facet normal 0 0 1
    outer loop
      vertex 28.1937 38.2 8.3
      vertex 28.9937 38.2 8.3
      vertex 28.1937 43.9 8.3
    endloop
  endfacet
  facet normal 0 0 1
    outer loop
      vertex 26.975 37.4 8.3
      vertex 28.9937 38.2 8.3
      vertex 28.1937 38.2 8.3
    endloop
  endfacet
  facet normal 0 0 1
    outer loop
      vertex 26.975 37.4 8.3
      vertex 28.1937 38.2 8.3
      vertex 26.975 38.2 8.3
    endloop
  endfacet
  facet normal 0 0 1
    outer loop
      vertex 28.9937 38.2 8.3
      vertex 26.975 37.4 8.3
      vertex 34.312 37.4 8.3
    endloop
  endfacet
  facet normal 0 0 1
    outer loop
      vertex 46.1138 49.225 8.3
      vertex 45.3138 49.225 8.3
      vertex 46.1138 44.7 8.3
    endloop
  endfacet
  facet normal -0 0 1
    outer loop
      vertex 46.1138 44.7 8.3
      vertex 48.8 43.9 8.3
      vertex 48.8 44.7 8.3
    endloop
  endfacet
  facet normal 0 0 1
    outer loop
      vertex 45.3138 44.7 8.3
      vertex 46.1138 44.7 8.3
      vertex 45.3138 49.225 8.3
    endloop
  endfacet
  facet normal -0 0 1
    outer loop
      vertex 45.3138 44.7 8.3
      vertex 48.8 43.9 8.3
      vertex 46.1138 44.7 8.3
    endloop
  endfacet
  facet normal 0 0 1
    outer loop
      vertex 45.3138 44.7 8.3
      vertex 39.8305 43.9 8.3
      vertex 48.8 43.9 8.3
    endloop
  endfacet
  facet normal 0 0 1
    outer loop
      vertex 39.8305 43.9 8.3
      vertex 39.0305 43.9 8.3
      vertex 39.8305 38.2 8.3
    endloop
  endfacet
  facet normal -0 0 1
    outer loop
      vertex 36.3632 44.7 8.3
      vertex 39.8305 43.9 8.3
      vertex 45.3138 44.7 8.3
    endloop
  endfacet
  facet normal 0 0 1
    outer loop
      vertex 39.8305 43.9 8.3
      vertex 36.3632 44.7 8.3
      vertex 39.0305 43.9 8.3
    endloop
  endfacet
  facet normal 0 0 1
    outer loop
      vertex 35.5632 44.7 8.3
      vertex 36.3632 44.7 8.3
      vertex 35.5632 49.225 8.3
    endloop
  endfacet
  facet normal -0 0 1
    outer loop
      vertex 35.5632 44.7 8.3
      vertex 39.0305 43.9 8.3
      vertex 36.3632 44.7 8.3
    endloop
  endfacet
  facet normal 0 0 1
    outer loop
      vertex 35.5632 44.7 8.3
      vertex 28.9937 43.9 8.3
      vertex 39.0305 43.9 8.3
    endloop
  endfacet
  facet normal 0 0 1
    outer loop
      vertex 28.9937 43.9 8.3
      vertex 28.1937 43.9 8.3
      vertex 28.9937 38.2 8.3
    endloop
  endfacet
  facet normal -0 0 1
    outer loop
      vertex 26.975 44.7 8.3
      vertex 28.9937 43.9 8.3
      vertex 35.5632 44.7 8.3
    endloop
  endfacet
  facet normal 0 0 1
    outer loop
      vertex 28.9937 43.9 8.3
      vertex 26.975 44.7 8.3
      vertex 28.1937 43.9 8.3
    endloop
  endfacet
  facet normal 0 0 1
    outer loop
      vertex 28.1937 43.9 8.3
      vertex 26.975 44.7 8.3
      vertex 26.975 43.9 8.3
    endloop
  endfacet
  facet normal -0 0 1
    outer loop
      vertex 45.5885 31.7 8.3
      vertex 48.8 30.9 8.3
      vertex 48.8 31.7 8.3
    endloop
  endfacet
  facet normal 0 0 1
    outer loop
      vertex 44.7885 31.7 8.3
      vertex 45.5885 31.7 8.3
      vertex 44.7885 37.4 8.3
    endloop
  endfacet
  facet normal 0 0 1
    outer loop
      vertex 41.7669 30.9 8.3
      vertex 45.5885 31.7 8.3
      vertex 44.7885 31.7 8.3
    endloop
  endfacet
  facet normal 0 0 1
    outer loop
      vertex 45.5885 31.7 8.3
      vertex 41.7669 30.9 8.3
      vertex 48.8 30.9 8.3
    endloop
  endfacet
  facet normal 0 0 1
    outer loop
      vertex 41.7669 30.9 8.3
      vertex 40.9669 30.9 8.3
      vertex 41.7669 26.975 8.3
    endloop
  endfacet
  facet normal 0 0 1
    outer loop
      vertex 44.7885 31.7 8.3
      vertex 40.9669 30.9 8.3
      vertex 41.7669 30.9 8.3
    endloop
  endfacet
  facet normal -0 0 1
    outer loop
      vertex 35.112 31.7 8.3
      vertex 40.9669 30.9 8.3
      vertex 44.7885 31.7 8.3
    endloop
  endfacet
  facet normal 0 0 1
    outer loop
      vertex 34.312 31.7 8.3
      vertex 35.112 31.7 8.3
      vertex 34.312 37.4 8.3
    endloop
  endfacet
  facet normal 0 0 1
    outer loop
      vertex 30.946 30.9 8.3
      vertex 35.112 31.7 8.3
      vertex 34.312 31.7 8.3
    endloop
  endfacet
  facet normal 0 0 1
    outer loop
      vertex 35.112 31.7 8.3
      vertex 30.946 30.9 8.3
      vertex 40.9669 30.9 8.3
    endloop
  endfacet
  facet normal 0 0 1
    outer loop
      vertex 30.946 30.9 8.3
      vertex 30.146 30.9 8.3
      vertex 30.946 26.975 8.3
    endloop
  endfacet
  facet normal -0 0 1
    outer loop
      vertex 26.975 31.7 8.3
      vertex 30.946 30.9 8.3
      vertex 34.312 31.7 8.3
    endloop
  endfacet
  facet normal 0 0 1
    outer loop
      vertex 30.946 30.9 8.3
      vertex 26.975 31.7 8.3
      vertex 30.146 30.9 8.3
    endloop
  endfacet
  facet normal 0 0 1
    outer loop
      vertex 30.146 30.9 8.3
      vertex 26.975 31.7 8.3
      vertex 26.975 30.9 8.3
    endloop
  endfacet
  facet normal 0 0 1
    outer loop
      vertex 41.7669 26.975 8.3
      vertex 40.9669 30.9 8.3
      vertex 40.9669 26.975 8.3
    endloop
  endfacet
  facet normal 0 0 1
    outer loop
      vertex 30.946 26.975 8.3
      vertex 30.146 30.9 8.3
      vertex 30.146 26.975 8.3
    endloop
  endfacet
  facet normal 0 0 1
    outer loop
      vertex 12.8166 23.825 8.3
      vertex 12.0166 23.825 8.3
      vertex 12.8166 18.7 8.3
    endloop
  endfacet
  facet normal 0 0 1
    outer loop
      vertex 23.2911 18.7 8.3
      vertex 23.825 23.825 8.3
      vertex 23.2911 23.825 8.3
    endloop
  endfacet
  facet normal 0 0 1
    outer loop
      vertex 23.825 23.825 8.3
      vertex 23.2911 18.7 8.3
      vertex 23.825 17.9 8.3
    endloop
  endfacet
  facet normal 0 0 1
    outer loop
      vertex 23.2911 18.7 8.3
      vertex 18.761 17.9 8.3
      vertex 23.825 17.9 8.3
    endloop
  endfacet
  facet normal 0 0 1
    outer loop
      vertex 18.761 17.9 8.3
      vertex 17.961 17.9 8.3
      vertex 18.761 12.2 8.3
    endloop
  endfacet
  facet normal 0 0 1
    outer loop
      vertex 23.2911 18.7 8.3
      vertex 17.961 17.9 8.3
      vertex 18.761 17.9 8.3
    endloop
  endfacet
  facet normal -0 0 1
    outer loop
      vertex 12.8166 18.7 8.3
      vertex 17.961 17.9 8.3
      vertex 23.2911 18.7 8.3
    endloop
  endfacet
  facet normal 0 0 1
    outer loop
      vertex 12.0166 18.7 8.3
      vertex 12.8166 18.7 8.3
      vertex 12.0166 23.825 8.3
    endloop
  endfacet
  facet normal -0 0 1
    outer loop
      vertex 12.0166 18.7 8.3
      vertex 17.961 17.9 8.3
      vertex 12.8166 18.7 8.3
    endloop
  endfacet
  facet normal 0 0 1
    outer loop
      vertex 12.0166 18.7 8.3
      vertex 7.11226 17.9 8.3
      vertex 17.961 17.9 8.3
    endloop
  endfacet
  facet normal 0 0 1
    outer loop
      vertex 7.11226 17.9 8.3
      vertex 6.31226 17.9 8.3
      vertex 7.11226 12.2 8.3
    endloop
  endfacet
  facet normal -0 0 1
    outer loop
      vertex 2 18.7 8.3
      vertex 7.11226 17.9 8.3
      vertex 12.0166 18.7 8.3
    endloop
  endfacet
  facet normal 0 0 1
    outer loop
      vertex 7.11226 17.9 8.3
      vertex 2 18.7 8.3
      vertex 6.31226 17.9 8.3
    endloop
  endfacet
  facet normal 0 0 1
    outer loop
      vertex 6.31226 17.9 8.3
      vertex 2 18.7 8.3
      vertex 2 17.9 8.3
    endloop
  endfacet
  facet normal 0 0 1
    outer loop
      vertex 23.825 12.2 8.3
      vertex 23.5912 11.4 8.3
      vertex 23.825 11.4 8.3
    endloop
  endfacet
  facet normal 0 0 1
    outer loop
      vertex 23.5912 11.4 8.3
      vertex 22.7912 11.4 8.3
      vertex 23.5912 5.3 8.3
    endloop
  endfacet
  facet normal 0 0 1
    outer loop
      vertex 23.825 12.2 8.3
      vertex 22.7912 11.4 8.3
      vertex 23.5912 11.4 8.3
    endloop
  endfacet
  facet normal -0 0 1
    outer loop
      vertex 18.761 12.2 8.3
      vertex 22.7912 11.4 8.3
      vertex 23.825 12.2 8.3
    endloop
  endfacet
  facet normal 0 0 1
    outer loop
      vertex 17.961 12.2 8.3
      vertex 18.761 12.2 8.3
      vertex 17.961 17.9 8.3
    endloop
  endfacet
  facet normal -0 0 1
    outer loop
      vertex 17.961 12.2 8.3
      vertex 22.7912 11.4 8.3
      vertex 18.761 12.2 8.3
    endloop
  endfacet
  facet normal 0 0 1
    outer loop
      vertex 17.961 12.2 8.3
      vertex 12.8842 11.4 8.3
      vertex 22.7912 11.4 8.3
    endloop
  endfacet
  facet normal 0 0 1
    outer loop
      vertex 12.8842 11.4 8.3
      vertex 12.0842 11.4 8.3
      vertex 12.8842 5.3 8.3
    endloop
  endfacet
  facet normal 0 0 1
    outer loop
      vertex 17.961 12.2 8.3
      vertex 12.0842 11.4 8.3
      vertex 12.8842 11.4 8.3
    endloop
  endfacet
  facet normal -0 0 1
    outer loop
      vertex 7.11226 12.2 8.3
      vertex 12.0842 11.4 8.3
      vertex 17.961 12.2 8.3
    endloop
  endfacet
  facet normal 0 0 1
    outer loop
      vertex 6.31226 12.2 8.3
      vertex 7.11226 12.2 8.3
      vertex 6.31226 17.9 8.3
    endloop
  endfacet
  facet normal 0 0 1
    outer loop
      vertex 2 11.4 8.3
      vertex 7.11226 12.2 8.3
      vertex 6.31226 12.2 8.3
    endloop
  endfacet
  facet normal 0 0 1
    outer loop
      vertex 2 11.4 8.3
      vertex 6.31226 12.2 8.3
      vertex 2 12.2 8.3
    endloop
  endfacet
  facet normal 0 0 1
    outer loop
      vertex 7.11226 12.2 8.3
      vertex 2 11.4 8.3
      vertex 12.0842 11.4 8.3
    endloop
  endfacet
  facet normal 0 0 1
    outer loop
      vertex 23.5912 5.3 8.3
      vertex 22.7912 11.4 8.3
      vertex 22.7912 5.3 8.3
    endloop
  endfacet
  facet normal 0 0 1
    outer loop
      vertex 12.8842 5.3 8.3
      vertex 12.0842 11.4 8.3
      vertex 12.0842 5.3 8.3
    endloop
  endfacet
  facet normal 0 0 1
    outer loop
      vertex 36.2581 23.825 8.3
      vertex 35.4581 23.825 8.3
      vertex 36.2581 18.7 8.3
    endloop
  endfacet
  facet normal 0 0 1
    outer loop
      vertex 45.8263 23.825 8.3
      vertex 45.0263 23.825 8.3
      vertex 45.8263 18.7 8.3
    endloop
  endfacet
  facet normal -0 0 1
    outer loop
      vertex 45.8263 18.7 8.3
      vertex 48.8 17.9 8.3
      vertex 48.8 18.7 8.3
    endloop
  endfacet
  facet normal 0 0 1
    outer loop
      vertex 45.0263 18.7 8.3
      vertex 45.8263 18.7 8.3
      vertex 45.0263 23.825 8.3
    endloop
  endfacet
  facet normal -0 0 1
    outer loop
      vertex 45.0263 18.7 8.3
      vertex 48.8 17.9 8.3
      vertex 45.8263 18.7 8.3
    endloop
  endfacet
  facet normal 0 0 1
    outer loop
      vertex 45.0263 18.7 8.3
      vertex 41.0583 17.9 8.3
      vertex 48.8 17.9 8.3
    endloop
  endfacet
  facet normal 0 0 1
    outer loop
      vertex 41.0583 17.9 8.3
      vertex 40.2583 17.9 8.3
      vertex 41.0583 12.2 8.3
    endloop
  endfacet
  facet normal 0 0 1
    outer loop
      vertex 45.0263 18.7 8.3
      vertex 40.2583 17.9 8.3
      vertex 41.0583 17.9 8.3
    endloop
  endfacet
  facet normal -0 0 1
    outer loop
      vertex 36.2581 18.7 8.3
      vertex 40.2583 17.9 8.3
      vertex 45.0263 18.7 8.3
    endloop
  endfacet
  facet normal 0 0 1
    outer loop
      vertex 35.4581 18.7 8.3
      vertex 36.2581 18.7 8.3
      vertex 35.4581 23.825 8.3
    endloop
  endfacet
  facet normal -0 0 1
    outer loop
      vertex 35.4581 18.7 8.3
      vertex 40.2583 17.9 8.3
      vertex 36.2581 18.7 8.3
    endloop
  endfacet
  facet normal 0 0 1
    outer loop
      vertex 35.4581 18.7 8.3
      vertex 30.5469 17.9 8.3
      vertex 40.2583 17.9 8.3
    endloop
  endfacet
  facet normal 0 0 1
    outer loop
      vertex 30.5469 17.9 8.3
      vertex 29.7469 17.9 8.3
      vertex 30.5469 12.2 8.3
    endloop
  endfacet
  facet normal -0 0 1
    outer loop
      vertex 26.975 18.7 8.3
      vertex 30.5469 17.9 8.3
      vertex 35.4581 18.7 8.3
    endloop
  endfacet
  facet normal 0 0 1
    outer loop
      vertex 30.5469 17.9 8.3
      vertex 26.975 18.7 8.3
      vertex 29.7469 17.9 8.3
    endloop
  endfacet
  facet normal 0 0 1
    outer loop
      vertex 29.7469 17.9 8.3
      vertex 26.975 18.7 8.3
      vertex 26.975 17.9 8.3
    endloop
  endfacet
  facet normal 0 0 1
    outer loop
      vertex 48.8 12.2 8.3
      vertex 46.2475 11.4 8.3
      vertex 48.8 11.4 8.3
    endloop
  endfacet
  facet normal 0 0 1
    outer loop
      vertex 46.2475 11.4 8.3
      vertex 45.4475 11.4 8.3
      vertex 46.2475 5.3 8.3
    endloop
  endfacet
  facet normal 0 0 1
    outer loop
      vertex 48.8 12.2 8.3
      vertex 45.4475 11.4 8.3
      vertex 46.2475 11.4 8.3
    endloop
  endfacet
  facet normal -0 0 1
    outer loop
      vertex 41.0583 12.2 8.3
      vertex 45.4475 11.4 8.3
      vertex 48.8 12.2 8.3
    endloop
  endfacet
  facet normal 0 0 1
    outer loop
      vertex 40.2583 12.2 8.3
      vertex 41.0583 12.2 8.3
      vertex 40.2583 17.9 8.3
    endloop
  endfacet
  facet normal -0 0 1
    outer loop
      vertex 40.2583 12.2 8.3
      vertex 45.4475 11.4 8.3
      vertex 41.0583 12.2 8.3
    endloop
  endfacet
  facet normal 0 0 1
    outer loop
      vertex 40.2583 12.2 8.3
      vertex 35.058 11.4 8.3
      vertex 45.4475 11.4 8.3
    endloop
  endfacet
  facet normal 0 0 1
    outer loop
      vertex 35.058 11.4 8.3
      vertex 34.258 11.4 8.3
      vertex 35.058 5.3 8.3
    endloop
  endfacet
  facet normal -0 0 1
    outer loop
      vertex 30.5469 12.2 8.3
      vertex 35.058 11.4 8.3
      vertex 40.2583 12.2 8.3
    endloop
  endfacet
  facet normal 0 0 1
    outer loop
      vertex 35.058 11.4 8.3
      vertex 30.5469 12.2 8.3
      vertex 34.258 11.4 8.3
    endloop
  endfacet
  facet normal 0 0 1
    outer loop
      vertex 29.7469 12.2 8.3
      vertex 30.5469 12.2 8.3
      vertex 29.7469 17.9 8.3
    endloop
  endfacet
  facet normal 0 0 1
    outer loop
      vertex 26.975 11.4 8.3
      vertex 30.5469 12.2 8.3
      vertex 29.7469 12.2 8.3
    endloop
  endfacet
  facet normal 0 0 1
    outer loop
      vertex 26.975 11.4 8.3
      vertex 29.7469 12.2 8.3
      vertex 26.975 12.2 8.3
    endloop
  endfacet
  facet normal 0 0 1
    outer loop
      vertex 30.5469 12.2 8.3
      vertex 26.975 11.4 8.3
      vertex 34.258 11.4 8.3
    endloop
  endfacet
  facet normal 0 0 1
    outer loop
      vertex 46.2475 5.3 8.3
      vertex 45.4475 11.4 8.3
      vertex 45.4475 5.3 8.3
    endloop
  endfacet
  facet normal 0 0 1
    outer loop
      vertex 35.058 5.3 8.3
      vertex 34.258 11.4 8.3
      vertex 34.258 5.3 8.3
    endloop
  endfacet
  facet normal 0 1 -0
    outer loop
      vertex 12.3116 37.4 8.3
      vertex 2 37.4 9
      vertex 12.3116 37.4 9
    endloop
  endfacet
  facet normal 0 1 0
    outer loop
      vertex 2 37.4 9
      vertex 12.3116 37.4 8.3
      vertex 2 37.4 8.3
    endloop
  endfacet
  facet normal 0 1 0
    outer loop
      vertex 48.8 37.4 9
      vertex 46 37.4 8.70255
      vertex 46 37.4 9
    endloop
  endfacet
  facet normal 0 1 -0
    outer loop
      vertex 48.8 37.4 8.3
      vertex 46 37.4 8.70255
      vertex 48.8 37.4 9
    endloop
  endfacet
  facet normal 0 1 0
    outer loop
      vertex 45.5885 37.4 8.3
      vertex 46 37.4 8.70255
      vertex 48.8 37.4 8.3
    endloop
  endfacet
  facet normal 0 1 0
    outer loop
      vertex 46 37.4 8.70255
      vertex 45.5885 37.4 8.3
      vertex 45.5885 37.4 8.70255
    endloop
  endfacet
  facet normal 0 1 -0
    outer loop
      vertex 23.825 37.4 8.3
      vertex 23.5932 37.4 8.79024
      vertex 23.825 37.4 8.79024
    endloop
  endfacet
  facet normal 0 1 0
    outer loop
      vertex 23.5932 37.4 8.79024
      vertex 23.825 37.4 8.3
      vertex 23.5932 37.4 8.3
    endloop
  endfacet
  facet normal 0 1 -0
    outer loop
      vertex 34.312 37.4 8.3
      vertex 26.975 37.4 9
      vertex 34.312 37.4 9
    endloop
  endfacet
  facet normal 0 1 0
    outer loop
      vertex 26.975 37.4 9
      vertex 34.312 37.4 8.3
      vertex 26.975 37.4 8.3
    endloop
  endfacet
  facet normal 0 1 -0
    outer loop
      vertex 22.7932 37.4 8.3
      vertex 13.1116 37.4 8.79024
      vertex 22.7932 37.4 8.79024
    endloop
  endfacet
  facet normal 0 1 0
    outer loop
      vertex 13.1116 37.4 8.79024
      vertex 22.7932 37.4 8.3
      vertex 13.1116 37.4 8.3
    endloop
  endfacet
  facet normal 0 1 -0
    outer loop
      vertex 44.7885 37.4 8.3
      vertex 35.112 37.4 8.70255
      vertex 44.7885 37.4 8.70255
    endloop
  endfacet
  facet normal 0 1 0
    outer loop
      vertex 35.112 37.4 8.70255
      vertex 44.7885 37.4 8.3
      vertex 35.112 37.4 8.3
    endloop
  endfacet
  facet normal 0 -1 0
    outer loop
      vertex 39.8305 38.2 9
      vertex 40.5 38.2 8.70817
      vertex 40.5 38.2 9
    endloop
  endfacet
  facet normal 0 -1 0
    outer loop
      vertex 39.8305 38.2 8.3
      vertex 40.5 38.2 8.70817
      vertex 39.8305 38.2 9
    endloop
  endfacet
  facet normal 0 -1 0
    outer loop
      vertex 48.8 38.2 8.3
      vertex 40.5 38.2 8.70817
      vertex 39.8305 38.2 8.3
    endloop
  endfacet
  facet normal 0 -1 0
    outer loop
      vertex 40.5 38.2 8.70817
      vertex 48.8 38.2 8.3
      vertex 48.8 38.2 8.70817
    endloop
  endfacet
  facet normal 0 -1 0
    outer loop
      vertex 2 38.2 8.3
      vertex 6.93021 38.2 9
      vertex 2 38.2 9
    endloop
  endfacet
  facet normal 0 -1 -0
    outer loop
      vertex 6.93021 38.2 9
      vertex 2 38.2 8.3
      vertex 6.93021 38.2 8.3
    endloop
  endfacet
  facet normal 0 -1 0
    outer loop
      vertex 7.73021 38.2 8.3
      vertex 19.0522 38.2 9
      vertex 7.73021 38.2 9
    endloop
  endfacet
  facet normal 0 -1 -0
    outer loop
      vertex 19.0522 38.2 9
      vertex 7.73021 38.2 8.3
      vertex 19.0522 38.2 8.3
    endloop
  endfacet
  facet normal 0 -1 0
    outer loop
      vertex 19.8522 38.2 8.3
      vertex 23.825 38.2 9
      vertex 19.8522 38.2 9
    endloop
  endfacet
  facet normal 0 -1 -0
    outer loop
      vertex 23.825 38.2 9
      vertex 19.8522 38.2 8.3
      vertex 23.825 38.2 8.3
    endloop
  endfacet
  facet normal 0 -1 0
    outer loop
      vertex 26.975 38.2 8.3
      vertex 28.1937 38.2 9
      vertex 26.975 38.2 9
    endloop
  endfacet
  facet normal 0 -1 -0
    outer loop
      vertex 28.1937 38.2 9
      vertex 26.975 38.2 8.3
      vertex 28.1937 38.2 8.3
    endloop
  endfacet
  facet normal 0 -1 0
    outer loop
      vertex 28.9937 38.2 8.3
      vertex 39.0305 38.2 9
      vertex 28.9937 38.2 9
    endloop
  endfacet
  facet normal 0 -1 -0
    outer loop
      vertex 39.0305 38.2 9
      vertex 28.9937 38.2 8.3
      vertex 39.0305 38.2 8.3
    endloop
  endfacet
  facet normal 1 -0 0
    outer loop
      vertex 2 37.4 9
      vertex 2 38.2 8.3
      vertex 2 38.2 9
    endloop
  endfacet
  facet normal 1 0 0
    outer loop
      vertex 2 38.2 8.3
      vertex 2 37.4 9
      vertex 2 37.4 8.3
    endloop
  endfacet
  facet normal -1 0 0
    outer loop
      vertex 48.8 30.9 8.70385
      vertex 48.8 31.7 8.3
      vertex 48.8 30.9 8.3
    endloop
  endfacet
  facet normal -1 0 0
    outer loop
      vertex 48.8 31.7 8.3
      vertex 48.8 30.9 8.70385
      vertex 48.8 31.7 9
    endloop
  endfacet
  facet normal -1 0 0
    outer loop
      vertex 48.8 26.975 9
      vertex 48.8 30.9 8.70385
      vertex 48.8 26.975 8.70385
    endloop
  endfacet
  facet normal -1 0 0
    outer loop
      vertex 48.8 30.9 8.70385
      vertex 48.8 26.975 9
      vertex 48.8 31.7 9
    endloop
  endfacet
  facet normal 0 1 -0
    outer loop
      vertex 7.03177 30.9 8.3
      vertex 2 30.9 9
      vertex 7.03177 30.9 9
    endloop
  endfacet
  facet normal 0 1 0
    outer loop
      vertex 2 30.9 9
      vertex 7.03177 30.9 8.3
      vertex 2 30.9 8.3
    endloop
  endfacet
  facet normal 0 1 -0
    outer loop
      vertex 48.8 30.9 8.3
      vertex 41.7669 30.9 8.70385
      vertex 48.8 30.9 8.70385
    endloop
  endfacet
  facet normal 0 1 0
    outer loop
      vertex 41.7669 30.9 8.70385
      vertex 48.8 30.9 8.3
      vertex 41.7669 30.9 8.3
    endloop
  endfacet
  facet normal 0 1 0
    outer loop
      vertex 40.9669 30.9 8.70385
      vertex 40.9669 30.9 8.3
      vertex 40.5 30.9 8.70385
    endloop
  endfacet
  facet normal 0 1 -0
    outer loop
      vertex 40.5 30.9 8.70385
      vertex 30.946 30.9 9
      vertex 40.5 30.9 9
    endloop
  endfacet
  facet normal 0 1 0
    outer loop
      vertex 30.946 30.9 8.3
      vertex 40.5 30.9 8.70385
      vertex 40.9669 30.9 8.3
    endloop
  endfacet
  facet normal 0 1 0
    outer loop
      vertex 40.5 30.9 8.70385
      vertex 30.946 30.9 8.3
      vertex 30.946 30.9 9
    endloop
  endfacet
  facet normal 0 1 -0
    outer loop
      vertex 17.7225 30.9 8.3
      vertex 7.83177 30.9 9
      vertex 17.7225 30.9 9
    endloop
  endfacet
  facet normal 0 1 0
    outer loop
      vertex 7.83177 30.9 9
      vertex 17.7225 30.9 8.3
      vertex 7.83177 30.9 8.3
    endloop
  endfacet
  facet normal 0 1 -0
    outer loop
      vertex 23.825 30.9 8.3
      vertex 18.5225 30.9 9
      vertex 23.825 30.9 9
    endloop
  endfacet
  facet normal 0 1 0
    outer loop
      vertex 18.5225 30.9 9
      vertex 23.825 30.9 8.3
      vertex 18.5225 30.9 8.3
    endloop
  endfacet
  facet normal 0 1 -0
    outer loop
      vertex 30.146 30.9 8.3
      vertex 26.975 30.9 9
      vertex 30.146 30.9 9
    endloop
  endfacet
  facet normal 0 1 0
    outer loop
      vertex 26.975 30.9 9
      vertex 30.146 30.9 8.3
      vertex 26.975 30.9 8.3
    endloop
  endfacet
  facet normal 0 -1 0
    outer loop
      vertex 45.5885 31.7 8.70255
      vertex 45.5885 31.7 8.3
      vertex 46 31.7 8.70255
    endloop
  endfacet
  facet normal 0 -1 0
    outer loop
      vertex 46 31.7 8.70255
      vertex 48.8 31.7 9
      vertex 46 31.7 9
    endloop
  endfacet
  facet normal 0 -1 0
    outer loop
      vertex 48.8 31.7 8.3
      vertex 46 31.7 8.70255
      vertex 45.5885 31.7 8.3
    endloop
  endfacet
  facet normal 0 -1 0
    outer loop
      vertex 46 31.7 8.70255
      vertex 48.8 31.7 8.3
      vertex 48.8 31.7 9
    endloop
  endfacet
  facet normal 0 -1 0
    outer loop
      vertex 2 31.7 8.3
      vertex 12.3116 31.7 9
      vertex 2 31.7 9
    endloop
  endfacet
  facet normal 0 -1 -0
    outer loop
      vertex 12.3116 31.7 9
      vertex 2 31.7 8.3
      vertex 12.3116 31.7 8.3
    endloop
  endfacet
  facet normal 0 -1 0
    outer loop
      vertex 23.5932 31.7 8.3
      vertex 23.825 31.7 8.79024
      vertex 23.5932 31.7 8.79024
    endloop
  endfacet
  facet normal 0 -1 -0
    outer loop
      vertex 23.825 31.7 8.79024
      vertex 23.5932 31.7 8.3
      vertex 23.825 31.7 8.3
    endloop
  endfacet
  facet normal 0 -1 0
    outer loop
      vertex 26.975 31.7 8.3
      vertex 34.312 31.7 9
      vertex 26.975 31.7 9
    endloop
  endfacet
  facet normal 0 -1 -0
    outer loop
      vertex 34.312 31.7 9
      vertex 26.975 31.7 8.3
      vertex 34.312 31.7 8.3
    endloop
  endfacet
  facet normal 0 -1 0
    outer loop
      vertex 13.1116 31.7 8.3
      vertex 22.7932 31.7 8.79024
      vertex 13.1116 31.7 8.79024
    endloop
  endfacet
  facet normal 0 -1 -0
    outer loop
      vertex 22.7932 31.7 8.79024
      vertex 13.1116 31.7 8.3
      vertex 22.7932 31.7 8.3
    endloop
  endfacet
  facet normal 0 -1 0
    outer loop
      vertex 35.112 31.7 8.3
      vertex 44.7885 31.7 8.70255
      vertex 35.112 31.7 8.70255
    endloop
  endfacet
  facet normal 0 -1 -0
    outer loop
      vertex 44.7885 31.7 8.70255
      vertex 35.112 31.7 8.3
      vertex 44.7885 31.7 8.3
    endloop
  endfacet
  facet normal 1 -0 0
    outer loop
      vertex 2 30.9 9
      vertex 2 31.7 8.3
      vertex 2 31.7 9
    endloop
  endfacet
  facet normal 1 0 0
    outer loop
      vertex 2 31.7 8.3
      vertex 2 30.9 9
      vertex 2 30.9 8.3
    endloop
  endfacet
  facet normal -1 0 0
    outer loop
      vertex 48.8 17.9 8.3
      vertex 48.8 18.7 9
      vertex 48.8 18.7 8.3
    endloop
  endfacet
  facet normal -1 -0 0
    outer loop
      vertex 48.8 18.7 9
      vertex 48.8 17.9 8.3
      vertex 48.8 17.9 9
    endloop
  endfacet
  facet normal 0 1 -0
    outer loop
      vertex 6.31226 17.9 8.3
      vertex 2 17.9 9
      vertex 6.31226 17.9 9
    endloop
  endfacet
  facet normal 0 1 0
    outer loop
      vertex 2 17.9 9
      vertex 6.31226 17.9 8.3
      vertex 2 17.9 8.3
    endloop
  endfacet
  facet normal 0 1 -0
    outer loop
      vertex 48.8 17.9 8.3
      vertex 41.0583 17.9 9
      vertex 48.8 17.9 9
    endloop
  endfacet
  facet normal 0 1 0
    outer loop
      vertex 41.0583 17.9 9
      vertex 48.8 17.9 8.3
      vertex 41.0583 17.9 8.3
    endloop
  endfacet
  facet normal 0 1 0
    outer loop
      vertex 29.7469 17.9 8.76298
      vertex 29.5 17.9 8.76072
      vertex 29.5 17.9 8.76298
    endloop
  endfacet
  facet normal 0 1 -0
    outer loop
      vertex 29.7469 17.9 8.3
      vertex 29.5 17.9 8.76072
      vertex 29.7469 17.9 8.76298
    endloop
  endfacet
  facet normal 0 1 0
    outer loop
      vertex 26.975 17.9 8.3
      vertex 29.5 17.9 8.76072
      vertex 29.7469 17.9 8.3
    endloop
  endfacet
  facet normal 0 1 0
    outer loop
      vertex 29.5 17.9 8.76072
      vertex 26.975 17.9 8.3
      vertex 26.975 17.9 8.76072
    endloop
  endfacet
  facet normal 0 1 -0
    outer loop
      vertex 23.825 17.9 8.3
      vertex 18.761 17.9 8.76072
      vertex 23.825 17.9 8.76072
    endloop
  endfacet
  facet normal 0 1 0
    outer loop
      vertex 18.761 17.9 8.76072
      vertex 23.825 17.9 8.3
      vertex 18.761 17.9 8.3
    endloop
  endfacet
  facet normal 0 1 -0
    outer loop
      vertex 17.961 17.9 8.3
      vertex 7.11226 17.9 9
      vertex 17.961 17.9 9
    endloop
  endfacet
  facet normal 0 1 0
    outer loop
      vertex 7.11226 17.9 9
      vertex 17.961 17.9 8.3
      vertex 7.11226 17.9 8.3
    endloop
  endfacet
  facet normal 0 1 -0
    outer loop
      vertex 40.2583 17.9 8.3
      vertex 30.5469 17.9 8.76298
      vertex 40.2583 17.9 8.76298
    endloop
  endfacet
  facet normal 0 1 0
    outer loop
      vertex 30.5469 17.9 8.76298
      vertex 40.2583 17.9 8.3
      vertex 30.5469 17.9 8.3
    endloop
  endfacet
  facet normal 0 -1 0
    outer loop
      vertex 45.8263 18.7 8.3
      vertex 48.8 18.7 9
      vertex 45.8263 18.7 9
    endloop
  endfacet
  facet normal 0 -1 -0
    outer loop
      vertex 48.8 18.7 9
      vertex 45.8263 18.7 8.3
      vertex 48.8 18.7 8.3
    endloop
  endfacet
  facet normal 0 -1 0
    outer loop
      vertex 2 18.7 8.3
      vertex 12.0166 18.7 9
      vertex 2 18.7 9
    endloop
  endfacet
  facet normal 0 -1 -0
    outer loop
      vertex 12.0166 18.7 9
      vertex 2 18.7 8.3
      vertex 12.0166 18.7 8.3
    endloop
  endfacet
  facet normal 0 -1 0
    outer loop
      vertex 26.975 18.7 8.81174
      vertex 26.975 18.7 8.3
      vertex 35 18.7 8.81174
    endloop
  endfacet
  facet normal 0 -1 0
    outer loop
      vertex 35 18.7 8.81174
      vertex 35.4581 18.7 9
      vertex 35 18.7 9
    endloop
  endfacet
  facet normal 0 -1 0
    outer loop
      vertex 35 18.7 8.81174
      vertex 35.4581 18.7 8.3
      vertex 35.4581 18.7 9
    endloop
  endfacet
  facet normal 0 -1 0
    outer loop
      vertex 35.4581 18.7 8.3
      vertex 35 18.7 8.81174
      vertex 26.975 18.7 8.3
    endloop
  endfacet
  facet normal 0 -1 0
    outer loop
      vertex 12.8166 18.7 8.3
      vertex 23.2911 18.7 9
      vertex 12.8166 18.7 9
    endloop
  endfacet
  facet normal 0 -1 -0
    outer loop
      vertex 23.2911 18.7 9
      vertex 12.8166 18.7 8.3
      vertex 23.2911 18.7 8.3
    endloop
  endfacet
  facet normal 0 -1 0
    outer loop
      vertex 36.2581 18.7 8.3
      vertex 45.0263 18.7 9
      vertex 36.2581 18.7 9
    endloop
  endfacet
  facet normal 0 -1 -0
    outer loop
      vertex 45.0263 18.7 9
      vertex 36.2581 18.7 8.3
      vertex 45.0263 18.7 8.3
    endloop
  endfacet
  facet normal 1 -0 0
    outer loop
      vertex 2 17.9 9
      vertex 2 18.7 8.3
      vertex 2 18.7 9
    endloop
  endfacet
  facet normal 1 0 0
    outer loop
      vertex 2 18.7 8.3
      vertex 2 17.9 9
      vertex 2 17.9 8.3
    endloop
  endfacet
  facet normal -1 0 0
    outer loop
      vertex 48.8 11.4 8.3
      vertex 48.8 12.2 9
      vertex 48.8 12.2 8.3
    endloop
  endfacet
  facet normal -1 -0 0
    outer loop
      vertex 48.8 12.2 9
      vertex 48.8 11.4 8.3
      vertex 48.8 11.4 9
    endloop
  endfacet
  facet normal 0 1 -0
    outer loop
      vertex 48.8 11.4 8.3
      vertex 46.2475 11.4 9
      vertex 48.8 11.4 9
    endloop
  endfacet
  facet normal 0 1 0
    outer loop
      vertex 46.2475 11.4 9
      vertex 48.8 11.4 8.3
      vertex 46.2475 11.4 8.3
    endloop
  endfacet
  facet normal 0 1 -0
    outer loop
      vertex 12.0842 11.4 8.3
      vertex 2 11.4 8.70348
      vertex 12.0842 11.4 8.70348
    endloop
  endfacet
  facet normal 0 1 0
    outer loop
      vertex 2 11.4 8.70348
      vertex 12.0842 11.4 8.3
      vertex 2 11.4 8.3
    endloop
  endfacet
  facet normal 0 1 0
    outer loop
      vertex 22.7912 11.4 9
      vertex 13 11.4 8.70348
      vertex 13 11.4 9
    endloop
  endfacet
  facet normal 0 1 -0
    outer loop
      vertex 22.7912 11.4 8.3
      vertex 13 11.4 8.70348
      vertex 22.7912 11.4 9
    endloop
  endfacet
  facet normal 0 1 0
    outer loop
      vertex 12.8842 11.4 8.3
      vertex 13 11.4 8.70348
      vertex 22.7912 11.4 8.3
    endloop
  endfacet
  facet normal 0 1 0
    outer loop
      vertex 13 11.4 8.70348
      vertex 12.8842 11.4 8.3
      vertex 12.8842 11.4 8.70348
    endloop
  endfacet
  facet normal 0 1 -0
    outer loop
      vertex 23.825 11.4 8.3
      vertex 23.5912 11.4 9
      vertex 23.825 11.4 9
    endloop
  endfacet
  facet normal 0 1 0
    outer loop
      vertex 23.5912 11.4 9
      vertex 23.825 11.4 8.3
      vertex 23.5912 11.4 8.3
    endloop
  endfacet
  facet normal 0 1 -0
    outer loop
      vertex 34.258 11.4 8.3
      vertex 26.975 11.4 9
      vertex 34.258 11.4 9
    endloop
  endfacet
  facet normal 0 1 0
    outer loop
      vertex 26.975 11.4 9
      vertex 34.258 11.4 8.3
      vertex 26.975 11.4 8.3
    endloop
  endfacet
  facet normal 0 1 -0
    outer loop
      vertex 45.4475 11.4 8.3
      vertex 35.058 11.4 9
      vertex 45.4475 11.4 9
    endloop
  endfacet
  facet normal 0 1 0
    outer loop
      vertex 35.058 11.4 9
      vertex 45.4475 11.4 8.3
      vertex 35.058 11.4 8.3
    endloop
  endfacet
  facet normal 0 -1 0
    outer loop
      vertex 41.0583 12.2 8.3
      vertex 48.8 12.2 9
      vertex 41.0583 12.2 9
    endloop
  endfacet
  facet normal 0 -1 -0
    outer loop
      vertex 48.8 12.2 9
      vertex 41.0583 12.2 8.3
      vertex 48.8 12.2 8.3
    endloop
  endfacet
  facet normal 0 -1 0
    outer loop
      vertex 2 12.2 8.3
      vertex 6.31226 12.2 9
      vertex 2 12.2 9
    endloop
  endfacet
  facet normal 0 -1 -0
    outer loop
      vertex 6.31226 12.2 9
      vertex 2 12.2 8.3
      vertex 6.31226 12.2 8.3
    endloop
  endfacet
  facet normal 0 -1 0
    outer loop
      vertex 26.975 12.2 8.76072
      vertex 26.975 12.2 8.3
      vertex 29.5 12.2 8.76072
    endloop
  endfacet
  facet normal 0 -1 0
    outer loop
      vertex 29.5 12.2 8.76072
      vertex 29.7469 12.2 8.76298
      vertex 29.5 12.2 8.76298
    endloop
  endfacet
  facet normal 0 -1 0
    outer loop
      vertex 29.7469 12.2 8.3
      vertex 29.5 12.2 8.76072
      vertex 26.975 12.2 8.3
    endloop
  endfacet
  facet normal 0 -1 0
    outer loop
      vertex 29.5 12.2 8.76072
      vertex 29.7469 12.2 8.3
      vertex 29.7469 12.2 8.76298
    endloop
  endfacet
  facet normal 0 -1 0
    outer loop
      vertex 18.761 12.2 8.3
      vertex 23.825 12.2 8.76072
      vertex 18.761 12.2 8.76072
    endloop
  endfacet
  facet normal 0 -1 -0
    outer loop
      vertex 23.825 12.2 8.76072
      vertex 18.761 12.2 8.3
      vertex 23.825 12.2 8.3
    endloop
  endfacet
  facet normal 0 -1 0
    outer loop
      vertex 7.11226 12.2 8.3
      vertex 17.961 12.2 9
      vertex 7.11226 12.2 9
    endloop
  endfacet
  facet normal 0 -1 -0
    outer loop
      vertex 17.961 12.2 9
      vertex 7.11226 12.2 8.3
      vertex 17.961 12.2 8.3
    endloop
  endfacet
  facet normal 0 -1 0
    outer loop
      vertex 30.5469 12.2 8.3
      vertex 40.2583 12.2 8.76298
      vertex 30.5469 12.2 8.76298
    endloop
  endfacet
  facet normal 0 -1 -0
    outer loop
      vertex 40.2583 12.2 8.76298
      vertex 30.5469 12.2 8.3
      vertex 40.2583 12.2 8.3
    endloop
  endfacet
  facet normal 1 0 0
    outer loop
      vertex 2 12.2 9
      vertex 2 11.4 8.70348
      vertex 2 12.2 8.3
    endloop
  endfacet
  facet normal 1 -0 0
    outer loop
      vertex 2 5.3 9
      vertex 2 11.4 8.70348
      vertex 2 12.2 9
    endloop
  endfacet
  facet normal 1 0 0
    outer loop
      vertex 2 11.4 8.70348
      vertex 2 5.3 9
      vertex 2 5.3 8.70348
    endloop
  endfacet
  facet normal 1 0 0
    outer loop
      vertex 2 12.2 8.3
      vertex 2 11.4 8.70348
      vertex 2 11.4 8.3
    endloop
  endfacet
  facet normal -1 0 0
    outer loop
      vertex 13.4223 44.7 8.3
      vertex 13.4223 49.225 8.83457
      vertex 13.4223 49.225 8.3
    endloop
  endfacet
  facet normal -1 -0 0
    outer loop
      vertex 13.4223 49.225 8.83457
      vertex 13.4223 44.7 8.3
      vertex 13.4223 44.7 8.83457
    endloop
  endfacet
  facet normal 1 -0 0
    outer loop
      vertex 12.6223 44.7 9
      vertex 12.6223 49.225 8.3
      vertex 12.6223 49.225 9
    endloop
  endfacet
  facet normal 1 0 0
    outer loop
      vertex 12.6223 49.225 8.3
      vertex 12.6223 44.7 9
      vertex 12.6223 44.7 8.3
    endloop
  endfacet
  facet normal 1 -0 0
    outer loop
      vertex 23.6569 44.7 8.83457
      vertex 23.6569 49.225 8.3
      vertex 23.6569 49.225 8.83457
    endloop
  endfacet
  facet normal 1 0 0
    outer loop
      vertex 23.6569 49.225 8.3
      vertex 23.6569 44.7 8.83457
      vertex 23.6569 44.7 8.3
    endloop
  endfacet
  facet normal -1 0 0
    outer loop
      vertex 36.3632 44.7 8.3
      vertex 36.3632 49.225 9
      vertex 36.3632 49.225 8.3
    endloop
  endfacet
  facet normal -1 -0 0
    outer loop
      vertex 36.3632 49.225 9
      vertex 36.3632 44.7 8.3
      vertex 36.3632 44.7 9
    endloop
  endfacet
  facet normal 1 -0 0
    outer loop
      vertex 35.5632 44.7 9
      vertex 35.5632 49.225 8.3
      vertex 35.5632 49.225 9
    endloop
  endfacet
  facet normal 1 0 0
    outer loop
      vertex 35.5632 49.225 8.3
      vertex 35.5632 44.7 9
      vertex 35.5632 44.7 8.3
    endloop
  endfacet
  facet normal -1 0 0
    outer loop
      vertex 46.1138 44.7 8.3
      vertex 46.1138 49.225 9
      vertex 46.1138 49.225 8.3
    endloop
  endfacet
  facet normal -1 -0 0
    outer loop
      vertex 46.1138 49.225 9
      vertex 46.1138 44.7 8.3
      vertex 46.1138 44.7 9
    endloop
  endfacet
  facet normal 1 -0 0
    outer loop
      vertex 45.3138 44.7 9
      vertex 45.3138 49.225 8.3
      vertex 45.3138 49.225 9
    endloop
  endfacet
  facet normal 1 0 0
    outer loop
      vertex 45.3138 49.225 8.3
      vertex 45.3138 44.7 9
      vertex 45.3138 44.7 8.3
    endloop
  endfacet
  facet normal -1 0 0
    outer loop
      vertex 7.73021 38.2 8.3
      vertex 7.73021 43.9 9
      vertex 7.73021 43.9 8.3
    endloop
  endfacet
  facet normal -1 -0 0
    outer loop
      vertex 7.73021 43.9 9
      vertex 7.73021 38.2 8.3
      vertex 7.73021 38.2 9
    endloop
  endfacet
  facet normal 1 -0 0
    outer loop
      vertex 6.93021 38.2 9
      vertex 6.93021 43.9 8.3
      vertex 6.93021 43.9 9
    endloop
  endfacet
  facet normal 1 0 0
    outer loop
      vertex 6.93021 43.9 8.3
      vertex 6.93021 38.2 9
      vertex 6.93021 38.2 8.3
    endloop
  endfacet
  facet normal -1 0 0
    outer loop
      vertex 19.8522 38.2 8.3
      vertex 19.8522 43.9 9
      vertex 19.8522 43.9 8.3
    endloop
  endfacet
  facet normal -1 -0 0
    outer loop
      vertex 19.8522 43.9 9
      vertex 19.8522 38.2 8.3
      vertex 19.8522 38.2 9
    endloop
  endfacet
  facet normal 1 -0 0
    outer loop
      vertex 19.0522 38.2 9
      vertex 19.0522 43.9 8.3
      vertex 19.0522 43.9 9
    endloop
  endfacet
  facet normal 1 0 0
    outer loop
      vertex 19.0522 43.9 8.3
      vertex 19.0522 38.2 9
      vertex 19.0522 38.2 8.3
    endloop
  endfacet
  facet normal -1 0 0
    outer loop
      vertex 28.9937 38.2 8.3
      vertex 28.9937 43.9 9
      vertex 28.9937 43.9 8.3
    endloop
  endfacet
  facet normal -1 -0 0
    outer loop
      vertex 28.9937 43.9 9
      vertex 28.9937 38.2 8.3
      vertex 28.9937 38.2 9
    endloop
  endfacet
  facet normal 1 -0 0
    outer loop
      vertex 28.1937 38.2 9
      vertex 28.1937 43.9 8.3
      vertex 28.1937 43.9 9
    endloop
  endfacet
  facet normal 1 0 0
    outer loop
      vertex 28.1937 43.9 8.3
      vertex 28.1937 38.2 9
      vertex 28.1937 38.2 8.3
    endloop
  endfacet
  facet normal -1 0 0
    outer loop
      vertex 39.8305 38.2 8.3
      vertex 39.8305 43.9 9
      vertex 39.8305 43.9 8.3
    endloop
  endfacet
  facet normal -1 -0 0
    outer loop
      vertex 39.8305 43.9 9
      vertex 39.8305 38.2 8.3
      vertex 39.8305 38.2 9
    endloop
  endfacet
  facet normal 1 -0 0
    outer loop
      vertex 39.0305 38.2 9
      vertex 39.0305 43.9 8.3
      vertex 39.0305 43.9 9
    endloop
  endfacet
  facet normal 1 0 0
    outer loop
      vertex 39.0305 43.9 8.3
      vertex 39.0305 38.2 9
      vertex 39.0305 38.2 8.3
    endloop
  endfacet
  facet normal -1 0 0
    outer loop
      vertex 13.1116 31.7 8.3
      vertex 13.1116 37.4 8.79024
      vertex 13.1116 37.4 8.3
    endloop
  endfacet
  facet normal -1 -0 0
    outer loop
      vertex 13.1116 37.4 8.79024
      vertex 13.1116 31.7 8.3
      vertex 13.1116 31.7 8.79024
    endloop
  endfacet
  facet normal 1 -0 0
    outer loop
      vertex 12.3116 31.7 9
      vertex 12.3116 37.4 8.3
      vertex 12.3116 37.4 9
    endloop
  endfacet
  facet normal 1 0 0
    outer loop
      vertex 12.3116 37.4 8.3
      vertex 12.3116 31.7 9
      vertex 12.3116 31.7 8.3
    endloop
  endfacet
  facet normal -1 0 0
    outer loop
      vertex 23.5932 31.7 8.3
      vertex 23.5932 37.4 8.79024
      vertex 23.5932 37.4 8.3
    endloop
  endfacet
  facet normal -1 -0 0
    outer loop
      vertex 23.5932 37.4 8.79024
      vertex 23.5932 31.7 8.3
      vertex 23.5932 31.7 8.79024
    endloop
  endfacet
  facet normal 1 -0 0
    outer loop
      vertex 22.7932 31.7 8.79024
      vertex 22.7932 37.4 8.3
      vertex 22.7932 37.4 8.79024
    endloop
  endfacet
  facet normal 1 0 0
    outer loop
      vertex 22.7932 37.4 8.3
      vertex 22.7932 31.7 8.79024
      vertex 22.7932 31.7 8.3
    endloop
  endfacet
  facet normal -1 0 0
    outer loop
      vertex 35.112 31.7 8.3
      vertex 35.112 37.4 8.70255
      vertex 35.112 37.4 8.3
    endloop
  endfacet
  facet normal -1 -0 0
    outer loop
      vertex 35.112 37.4 8.70255
      vertex 35.112 31.7 8.3
      vertex 35.112 31.7 8.70255
    endloop
  endfacet
  facet normal 1 -0 0
    outer loop
      vertex 34.312 31.7 9
      vertex 34.312 37.4 8.3
      vertex 34.312 37.4 9
    endloop
  endfacet
  facet normal 1 0 0
    outer loop
      vertex 34.312 37.4 8.3
      vertex 34.312 31.7 9
      vertex 34.312 31.7 8.3
    endloop
  endfacet
  facet normal -1 0 0
    outer loop
      vertex 45.5885 31.7 8.3
      vertex 45.5885 37.4 8.70255
      vertex 45.5885 37.4 8.3
    endloop
  endfacet
  facet normal -1 -0 0
    outer loop
      vertex 45.5885 37.4 8.70255
      vertex 45.5885 31.7 8.3
      vertex 45.5885 31.7 8.70255
    endloop
  endfacet
  facet normal 1 -0 0
    outer loop
      vertex 44.7885 31.7 8.70255
      vertex 44.7885 37.4 8.3
      vertex 44.7885 37.4 8.70255
    endloop
  endfacet
  facet normal 1 0 0
    outer loop
      vertex 44.7885 37.4 8.3
      vertex 44.7885 31.7 8.70255
      vertex 44.7885 31.7 8.3
    endloop
  endfacet
  facet normal -1 0 0
    outer loop
      vertex 7.83177 26.975 8.3
      vertex 7.83177 30.9 9
      vertex 7.83177 30.9 8.3
    endloop
  endfacet
  facet normal -1 -0 0
    outer loop
      vertex 7.83177 30.9 9
      vertex 7.83177 26.975 8.3
      vertex 7.83177 26.975 9
    endloop
  endfacet
  facet normal 1 -0 0
    outer loop
      vertex 7.03177 26.975 9
      vertex 7.03177 30.9 8.3
      vertex 7.03177 30.9 9
    endloop
  endfacet
  facet normal 1 0 0
    outer loop
      vertex 7.03177 30.9 8.3
      vertex 7.03177 26.975 9
      vertex 7.03177 26.975 8.3
    endloop
  endfacet
  facet normal -1 0 0
    outer loop
      vertex 18.5225 26.975 8.3
      vertex 18.5225 30.9 9
      vertex 18.5225 30.9 8.3
    endloop
  endfacet
  facet normal -1 -0 0
    outer loop
      vertex 18.5225 30.9 9
      vertex 18.5225 26.975 8.3
      vertex 18.5225 26.975 9
    endloop
  endfacet
  facet normal 1 -0 0
    outer loop
      vertex 17.7225 26.975 9
      vertex 17.7225 30.9 8.3
      vertex 17.7225 30.9 9
    endloop
  endfacet
  facet normal 1 0 0
    outer loop
      vertex 17.7225 30.9 8.3
      vertex 17.7225 26.975 9
      vertex 17.7225 26.975 8.3
    endloop
  endfacet
  facet normal -1 0 0
    outer loop
      vertex 30.946 26.975 8.3
      vertex 30.946 30.9 9
      vertex 30.946 30.9 8.3
    endloop
  endfacet
  facet normal -1 -0 0
    outer loop
      vertex 30.946 30.9 9
      vertex 30.946 26.975 8.3
      vertex 30.946 26.975 9
    endloop
  endfacet
  facet normal 1 -0 0
    outer loop
      vertex 30.146 26.975 9
      vertex 30.146 30.9 8.3
      vertex 30.146 30.9 9
    endloop
  endfacet
  facet normal 1 0 0
    outer loop
      vertex 30.146 30.9 8.3
      vertex 30.146 26.975 9
      vertex 30.146 26.975 8.3
    endloop
  endfacet
  facet normal -1 0 0
    outer loop
      vertex 41.7669 26.975 8.3
      vertex 41.7669 30.9 8.70385
      vertex 41.7669 30.9 8.3
    endloop
  endfacet
  facet normal -1 -0 0
    outer loop
      vertex 41.7669 30.9 8.70385
      vertex 41.7669 26.975 8.3
      vertex 41.7669 26.975 8.70385
    endloop
  endfacet
  facet normal 1 -0 0
    outer loop
      vertex 40.9669 26.975 8.70385
      vertex 40.9669 30.9 8.3
      vertex 40.9669 30.9 8.70385
    endloop
  endfacet
  facet normal 1 0 0
    outer loop
      vertex 40.9669 30.9 8.3
      vertex 40.9669 26.975 8.70385
      vertex 40.9669 26.975 8.3
    endloop
  endfacet
  facet normal -1 0 0
    outer loop
      vertex 12.8166 18.7 8.3
      vertex 12.8166 23.825 9
      vertex 12.8166 23.825 8.3
    endloop
  endfacet
  facet normal -1 -0 0
    outer loop
      vertex 12.8166 23.825 9
      vertex 12.8166 18.7 8.3
      vertex 12.8166 18.7 9
    endloop
  endfacet
  facet normal 1 -0 0
    outer loop
      vertex 12.0166 18.7 9
      vertex 12.0166 23.825 8.3
      vertex 12.0166 23.825 9
    endloop
  endfacet
  facet normal 1 0 0
    outer loop
      vertex 12.0166 23.825 8.3
      vertex 12.0166 18.7 9
      vertex 12.0166 18.7 8.3
    endloop
  endfacet
  facet normal 1 -0 0
    outer loop
      vertex 23.2911 18.7 9
      vertex 23.2911 23.825 8.3
      vertex 23.2911 23.825 9
    endloop
  endfacet
  facet normal 1 0 0
    outer loop
      vertex 23.2911 23.825 8.3
      vertex 23.2911 18.7 9
      vertex 23.2911 18.7 8.3
    endloop
  endfacet
  facet normal -1 0 0
    outer loop
      vertex 36.2581 18.7 8.3
      vertex 36.2581 23.825 9
      vertex 36.2581 23.825 8.3
    endloop
  endfacet
  facet normal -1 -0 0
    outer loop
      vertex 36.2581 23.825 9
      vertex 36.2581 18.7 8.3
      vertex 36.2581 18.7 9
    endloop
  endfacet
  facet normal 1 -0 0
    outer loop
      vertex 35.4581 18.7 9
      vertex 35.4581 23.825 8.3
      vertex 35.4581 23.825 9
    endloop
  endfacet
  facet normal 1 0 0
    outer loop
      vertex 35.4581 23.825 8.3
      vertex 35.4581 18.7 9
      vertex 35.4581 18.7 8.3
    endloop
  endfacet
  facet normal -1 0 0
    outer loop
      vertex 45.8263 18.7 8.3
      vertex 45.8263 23.825 9
      vertex 45.8263 23.825 8.3
    endloop
  endfacet
  facet normal -1 -0 0
    outer loop
      vertex 45.8263 23.825 9
      vertex 45.8263 18.7 8.3
      vertex 45.8263 18.7 9
    endloop
  endfacet
  facet normal 1 -0 0
    outer loop
      vertex 45.0263 18.7 9
      vertex 45.0263 23.825 8.3
      vertex 45.0263 23.825 9
    endloop
  endfacet
  facet normal 1 0 0
    outer loop
      vertex 45.0263 23.825 8.3
      vertex 45.0263 18.7 9
      vertex 45.0263 18.7 8.3
    endloop
  endfacet
  facet normal -1 0 0
    outer loop
      vertex 7.11226 12.2 8.3
      vertex 7.11226 17.9 9
      vertex 7.11226 17.9 8.3
    endloop
  endfacet
  facet normal -1 -0 0
    outer loop
      vertex 7.11226 17.9 9
      vertex 7.11226 12.2 8.3
      vertex 7.11226 12.2 9
    endloop
  endfacet
  facet normal 1 -0 0
    outer loop
      vertex 6.31226 12.2 9
      vertex 6.31226 17.9 8.3
      vertex 6.31226 17.9 9
    endloop
  endfacet
  facet normal 1 0 0
    outer loop
      vertex 6.31226 17.9 8.3
      vertex 6.31226 12.2 9
      vertex 6.31226 12.2 8.3
    endloop
  endfacet
  facet normal -1 0 0
    outer loop
      vertex 18.761 12.2 8.3
      vertex 18.761 17.9 8.76072
      vertex 18.761 17.9 8.3
    endloop
  endfacet
  facet normal -1 -0 0
    outer loop
      vertex 18.761 17.9 8.76072
      vertex 18.761 12.2 8.3
      vertex 18.761 12.2 8.76072
    endloop
  endfacet
  facet normal 1 -0 0
    outer loop
      vertex 17.961 12.2 9
      vertex 17.961 17.9 8.3
      vertex 17.961 17.9 9
    endloop
  endfacet
  facet normal 1 0 0
    outer loop
      vertex 17.961 17.9 8.3
      vertex 17.961 12.2 9
      vertex 17.961 12.2 8.3
    endloop
  endfacet
  facet normal -1 0 0
    outer loop
      vertex 30.5469 12.2 8.3
      vertex 30.5469 17.9 8.76298
      vertex 30.5469 17.9 8.3
    endloop
  endfacet
  facet normal -1 -0 0
    outer loop
      vertex 30.5469 17.9 8.76298
      vertex 30.5469 12.2 8.3
      vertex 30.5469 12.2 8.76298
    endloop
  endfacet
  facet normal 1 -0 0
    outer loop
      vertex 29.7469 12.2 8.76298
      vertex 29.7469 17.9 8.3
      vertex 29.7469 17.9 8.76298
    endloop
  endfacet
  facet normal 1 0 0
    outer loop
      vertex 29.7469 17.9 8.3
      vertex 29.7469 12.2 8.76298
      vertex 29.7469 12.2 8.3
    endloop
  endfacet
  facet normal -1 0 0
    outer loop
      vertex 41.0583 12.2 8.3
      vertex 41.0583 17.9 9
      vertex 41.0583 17.9 8.3
    endloop
  endfacet
  facet normal -1 -0 0
    outer loop
      vertex 41.0583 17.9 9
      vertex 41.0583 12.2 8.3
      vertex 41.0583 12.2 9
    endloop
  endfacet
  facet normal 1 -0 0
    outer loop
      vertex 40.2583 12.2 8.76298
      vertex 40.2583 17.9 8.3
      vertex 40.2583 17.9 8.76298
    endloop
  endfacet
  facet normal 1 0 0
    outer loop
      vertex 40.2583 17.9 8.3
      vertex 40.2583 12.2 8.76298
      vertex 40.2583 12.2 8.3
    endloop
  endfacet
  facet normal -1 0 0
    outer loop
      vertex 12.8842 5.3 8.3
      vertex 12.8842 11.4 8.70348
      vertex 12.8842 11.4 8.3
    endloop
  endfacet
  facet normal -1 -0 0
    outer loop
      vertex 12.8842 11.4 8.70348
      vertex 12.8842 5.3 8.3
      vertex 12.8842 5.3 8.70348
    endloop
  endfacet
  facet normal 0 1 -0
    outer loop
      vertex 12.8842 5.3 8.3
      vertex 12.0842 5.3 8.70348
      vertex 12.8842 5.3 8.70348
    endloop
  endfacet
  facet normal 0 1 0
    outer loop
      vertex 12.0842 5.3 8.70348
      vertex 12.8842 5.3 8.3
      vertex 12.0842 5.3 8.3
    endloop
  endfacet
  facet normal 0 1 0
    outer loop
      vertex 12.8842 5.3 8.70348
      vertex 13 5.3 9
      vertex 13 5.3 8.70348
    endloop
  endfacet
  facet normal 0 1 0
    outer loop
      vertex 12.0842 5.3 8.70348
      vertex 13 5.3 9
      vertex 12.8842 5.3 8.70348
    endloop
  endfacet
  facet normal 0 1 0
    outer loop
      vertex 13 5.3 9
      vertex 12.0842 5.3 8.70348
      vertex 2 5.3 9
    endloop
  endfacet
  facet normal 0 1 0
    outer loop
      vertex 2 5.3 9
      vertex 12.0842 5.3 8.70348
      vertex 2 5.3 8.70348
    endloop
  endfacet
  facet normal 1 -0 0
    outer loop
      vertex 12.0842 5.3 8.70348
      vertex 12.0842 11.4 8.3
      vertex 12.0842 11.4 8.70348
    endloop
  endfacet
  facet normal 1 0 0
    outer loop
      vertex 12.0842 11.4 8.3
      vertex 12.0842 5.3 8.70348
      vertex 12.0842 5.3 8.3
    endloop
  endfacet
  facet normal -1 0 0
    outer loop
      vertex 23.5912 5.3 8.3
      vertex 23.5912 11.4 9
      vertex 23.5912 11.4 8.3
    endloop
  endfacet
  facet normal -1 -0 0
    outer loop
      vertex 23.5912 11.4 9
      vertex 23.5912 5.3 8.3
      vertex 23.5912 5.3 9
    endloop
  endfacet
  facet normal 0 1 -0
    outer loop
      vertex 23.5912 5.3 8.3
      vertex 22.7912 5.3 9
      vertex 23.5912 5.3 9
    endloop
  endfacet
  facet normal 0 1 0
    outer loop
      vertex 22.7912 5.3 9
      vertex 23.5912 5.3 8.3
      vertex 22.7912 5.3 8.3
    endloop
  endfacet
  facet normal 1 -0 0
    outer loop
      vertex 22.7912 5.3 9
      vertex 22.7912 11.4 8.3
      vertex 22.7912 11.4 9
    endloop
  endfacet
  facet normal 1 0 0
    outer loop
      vertex 22.7912 11.4 8.3
      vertex 22.7912 5.3 9
      vertex 22.7912 5.3 8.3
    endloop
  endfacet
  facet normal -1 0 0
    outer loop
      vertex 35.058 5.3 8.3
      vertex 35.058 11.4 9
      vertex 35.058 11.4 8.3
    endloop
  endfacet
  facet normal -1 -0 0
    outer loop
      vertex 35.058 11.4 9
      vertex 35.058 5.3 8.3
      vertex 35.058 5.3 9
    endloop
  endfacet
  facet normal 0 1 -0
    outer loop
      vertex 35.058 5.3 8.3
      vertex 34.258 5.3 9
      vertex 35.058 5.3 9
    endloop
  endfacet
  facet normal 0 1 0
    outer loop
      vertex 34.258 5.3 9
      vertex 35.058 5.3 8.3
      vertex 34.258 5.3 8.3
    endloop
  endfacet
  facet normal 1 -0 0
    outer loop
      vertex 34.258 5.3 9
      vertex 34.258 11.4 8.3
      vertex 34.258 11.4 9
    endloop
  endfacet
  facet normal 1 0 0
    outer loop
      vertex 34.258 11.4 8.3
      vertex 34.258 5.3 9
      vertex 34.258 5.3 8.3
    endloop
  endfacet
  facet normal -1 0 0
    outer loop
      vertex 46.2475 5.3 8.3
      vertex 46.2475 11.4 9
      vertex 46.2475 11.4 8.3
    endloop
  endfacet
  facet normal -1 -0 0
    outer loop
      vertex 46.2475 11.4 9
      vertex 46.2475 5.3 8.3
      vertex 46.2475 5.3 9
    endloop
  endfacet
  facet normal 0 1 -0
    outer loop
      vertex 46.2475 5.3 8.3
      vertex 45.4475 5.3 9
      vertex 46.2475 5.3 9
    endloop
  endfacet
  facet normal 0 1 0
    outer loop
      vertex 45.4475 5.3 9
      vertex 46.2475 5.3 8.3
      vertex 45.4475 5.3 8.3
    endloop
  endfacet
  facet normal 1 -0 0
    outer loop
      vertex 45.4475 5.3 9
      vertex 45.4475 11.4 8.3
      vertex 45.4475 11.4 9
    endloop
  endfacet
  facet normal 1 0 0
    outer loop
      vertex 45.4475 11.4 8.3
      vertex 45.4475 5.3 9
      vertex 45.4475 5.3 8.3
    endloop
  endfacet
  facet normal -0 0 1
    outer loop
      vertex 23.5932 37.4 8.79024
      vertex 23.825 31.7 8.79024
      vertex 23.825 37.4 8.79024
    endloop
  endfacet
  facet normal 0 0 1
    outer loop
      vertex 23.825 31.7 8.79024
      vertex 23.5932 37.4 8.79024
      vertex 23.5932 31.7 8.79024
    endloop
  endfacet
  facet normal -0 0 1
    outer loop
      vertex 13.1116 37.4 8.79024
      vertex 22.7932 31.7 8.79024
      vertex 22.7932 37.4 8.79024
    endloop
  endfacet
  facet normal 0 0 1
    outer loop
      vertex 22.7932 31.7 8.79024
      vertex 13.1116 37.4 8.79024
      vertex 13.1116 31.7 8.79024
    endloop
  endfacet
  facet normal -1 0 0
    outer loop
      vertex 46 31.7 8.70255
      vertex 46 37.4 9
      vertex 46 37.4 8.70255
    endloop
  endfacet
  facet normal -1 -0 0
    outer loop
      vertex 46 37.4 9
      vertex 46 31.7 8.70255
      vertex 46 31.7 9
    endloop
  endfacet
  facet normal -0 0 1
    outer loop
      vertex 45.5885 37.4 8.70255
      vertex 46 31.7 8.70255
      vertex 46 37.4 8.70255
    endloop
  endfacet
  facet normal 0 0 1
    outer loop
      vertex 46 31.7 8.70255
      vertex 45.5885 37.4 8.70255
      vertex 45.5885 31.7 8.70255
    endloop
  endfacet
  facet normal -0 0 1
    outer loop
      vertex 35.112 37.4 8.70255
      vertex 44.7885 31.7 8.70255
      vertex 44.7885 37.4 8.70255
    endloop
  endfacet
  facet normal 0 0 1
    outer loop
      vertex 44.7885 31.7 8.70255
      vertex 35.112 37.4 8.70255
      vertex 35.112 31.7 8.70255
    endloop
  endfacet
  facet normal -1 0 0
    outer loop
      vertex 29.5 12.2 8.76072
      vertex 29.5 17.9 8.76298
      vertex 29.5 17.9 8.76072
    endloop
  endfacet
  facet normal -1 -0 0
    outer loop
      vertex 29.5 17.9 8.76298
      vertex 29.5 12.2 8.76072
      vertex 29.5 12.2 8.76298
    endloop
  endfacet
  facet normal -0 0 1
    outer loop
      vertex 26.975 17.9 8.76072
      vertex 29.5 12.2 8.76072
      vertex 29.5 17.9 8.76072
    endloop
  endfacet
  facet normal 0 0 1
    outer loop
      vertex 29.5 12.2 8.76072
      vertex 26.975 17.9 8.76072
      vertex 26.975 12.2 8.76072
    endloop
  endfacet
  facet normal -0 0 1
    outer loop
      vertex 18.761 17.9 8.76072
      vertex 23.825 12.2 8.76072
      vertex 23.825 17.9 8.76072
    endloop
  endfacet
  facet normal 0 0 1
    outer loop
      vertex 23.825 12.2 8.76072
      vertex 18.761 17.9 8.76072
      vertex 18.761 12.2 8.76072
    endloop
  endfacet
  facet normal -0 0 1
    outer loop
      vertex 29.5 17.9 8.76298
      vertex 29.7469 12.2 8.76298
      vertex 29.7469 17.9 8.76298
    endloop
  endfacet
  facet normal 0 0 1
    outer loop
      vertex 29.7469 12.2 8.76298
      vertex 29.5 17.9 8.76298
      vertex 29.5 12.2 8.76298
    endloop
  endfacet
  facet normal -0 0 1
    outer loop
      vertex 30.5469 17.9 8.76298
      vertex 40.2583 12.2 8.76298
      vertex 40.2583 17.9 8.76298
    endloop
  endfacet
  facet normal 0 0 1
    outer loop
      vertex 40.2583 12.2 8.76298
      vertex 30.5469 17.9 8.76298
      vertex 30.5469 12.2 8.76298
    endloop
  endfacet
  facet normal -0 0 1
    outer loop
      vertex 13.4223 49.225 8.83457
      vertex 23.6569 44.7 8.83457
      vertex 23.6569 49.225 8.83457
    endloop
  endfacet
  facet normal 0 0 1
    outer loop
      vertex 23.6569 44.7 8.83457
      vertex 13.4223 49.225 8.83457
      vertex 13.4223 44.7 8.83457
    endloop
  endfacet
  facet normal 1 -0 0
    outer loop
      vertex 40.5 38.2 9
      vertex 40.5 43.9 8.70817
      vertex 40.5 43.9 9
    endloop
  endfacet
  facet normal 1 0 0
    outer loop
      vertex 40.5 43.9 8.70817
      vertex 40.5 38.2 9
      vertex 40.5 38.2 8.70817
    endloop
  endfacet
  facet normal -0 0 1
    outer loop
      vertex 40.5 43.9 8.70817
      vertex 48.8 38.2 8.70817
      vertex 48.8 43.9 8.70817
    endloop
  endfacet
  facet normal 0 0 1
    outer loop
      vertex 48.8 38.2 8.70817
      vertex 40.5 43.9 8.70817
      vertex 40.5 38.2 8.70817
    endloop
  endfacet
  facet normal 1 -0 0
    outer loop
      vertex 40.5 26.975 9
      vertex 40.5 30.9 8.70385
      vertex 40.5 30.9 9
    endloop
  endfacet
  facet normal 1 0 0
    outer loop
      vertex 40.5 30.9 8.70385
      vertex 40.5 26.975 9
      vertex 40.5 26.975 8.70385
    endloop
  endfacet
  facet normal -0 0 1
    outer loop
      vertex 41.7669 30.9 8.70385
      vertex 48.8 26.975 8.70385
      vertex 48.8 30.9 8.70385
    endloop
  endfacet
  facet normal 0 0 1
    outer loop
      vertex 48.8 26.975 8.70385
      vertex 41.7669 30.9 8.70385
      vertex 41.7669 26.975 8.70385
    endloop
  endfacet
  facet normal -0 0 1
    outer loop
      vertex 40.5 30.9 8.70385
      vertex 40.9669 26.975 8.70385
      vertex 40.9669 30.9 8.70385
    endloop
  endfacet
  facet normal 0 0 1
    outer loop
      vertex 40.9669 26.975 8.70385
      vertex 40.5 30.9 8.70385
      vertex 40.5 26.975 8.70385
    endloop
  endfacet
  facet normal -1 0 0
    outer loop
      vertex 35 18.7 8.81174
      vertex 35 23.825 9
      vertex 35 23.825 8.81174
    endloop
  endfacet
  facet normal -1 -0 0
    outer loop
      vertex 35 23.825 9
      vertex 35 18.7 8.81174
      vertex 35 18.7 9
    endloop
  endfacet
  facet normal -0 0 1
    outer loop
      vertex 26.975 23.825 8.81174
      vertex 35 18.7 8.81174
      vertex 35 23.825 8.81174
    endloop
  endfacet
  facet normal 0 0 1
    outer loop
      vertex 35 18.7 8.81174
      vertex 26.975 23.825 8.81174
      vertex 26.975 18.7 8.81174
    endloop
  endfacet
  facet normal -1 0 0
    outer loop
      vertex 13 5.3 8.70348
      vertex 13 11.4 9
      vertex 13 11.4 8.70348
    endloop
  endfacet
  facet normal -1 -0 0
    outer loop
      vertex 13 11.4 9
      vertex 13 5.3 8.70348
      vertex 13 5.3 9
    endloop
  endfacet
  facet normal -0 0 1
    outer loop
      vertex 2 11.4 8.70348
      vertex 12.0842 5.3 8.70348
      vertex 12.0842 11.4 8.70348
    endloop
  endfacet
  facet normal 0 0 1
    outer loop
      vertex 12.0842 5.3 8.70348
      vertex 2 11.4 8.70348
      vertex 2 5.3 8.70348
    endloop
  endfacet
  facet normal -0 0 1
    outer loop
      vertex 12.8842 11.4 8.70348
      vertex 13 5.3 8.70348
      vertex 13 11.4 8.70348
    endloop
  endfacet
  facet normal 0 0 1
    outer loop
      vertex 13 5.3 8.70348
      vertex 12.8842 11.4 8.70348
      vertex 12.8842 5.3 8.70348
    endloop
  endfacet
  facet normal 0 -0.373773 0.92752
    outer loop
      vertex 0 13.8426 2.19237
      vertex 2.1 13.4769 2.045
      vertex 2.1 13.8426 2.19237
    endloop
  endfacet
  facet normal 0 -0.373773 0.92752
    outer loop
      vertex 2.1 13.4769 2.045
      vertex 0 13.8426 2.19237
      vertex 0 13.4769 2.045
    endloop
  endfacet
  facet normal 0 -0.636179 0.771541
    outer loop
      vertex 0 14.4856 2.64466
      vertex 2.1 14.1814 2.39383
      vertex 2.1 14.4856 2.64466
    endloop
  endfacet
  facet normal 0 -0.636179 0.771541
    outer loop
      vertex 2.1 14.1814 2.39383
      vertex 0 14.4856 2.64466
      vertex 0 14.1814 2.39383
    endloop
  endfacet
  facet normal 0 -0.981736 -0.190249
    outer loop
      vertex 0 15.258 4.79531
      vertex 2.1 15.183 5.18233
      vertex 0 15.183 5.18233
    endloop
  endfacet
  facet normal 0 -0.981736 -0.190249
    outer loop
      vertex 2.1 15.183 5.18233
      vertex 0 15.258 4.79531
      vertex 2.1 15.258 4.79531
    endloop
  endfacet
  facet normal 0 0.746538 0.665343
    outer loop
      vertex 2.1 10.9144 2.64466
      vertex 0 10.6521 2.93897
      vertex 2.1 10.6521 2.93897
    endloop
  endfacet
  facet normal 0 0.746538 0.665343
    outer loop
      vertex 0 10.6521 2.93897
      vertex 2.1 10.9144 2.64466
      vertex 0 10.9144 2.64466
    endloop
  endfacet
  facet normal -0 0.511097 0.859523
    outer loop
      vertex 0 11.5574 2.19237
      vertex 2.1 11.2186 2.39383
      vertex 2.1 11.5574 2.19237
    endloop
  endfacet
  facet normal 0 0.511097 0.859523
    outer loop
      vertex 2.1 11.2186 2.39383
      vertex 0 11.5574 2.19237
      vertex 0 11.2186 2.39383
    endloop
  endfacet
  facet normal 0 -0.941103 -0.338119
    outer loop
      vertex 0 15.183 5.18233
      vertex 2.1 15.0497 5.55335
      vertex 0 15.0497 5.55335
    endloop
  endfacet
  facet normal 0 -0.941103 -0.338119
    outer loop
      vertex 2.1 15.0497 5.55335
      vertex 0 15.183 5.18233
      vertex 2.1 15.183 5.18233
    endloop
  endfacet
  facet normal 0 -0.44372 -0.896166
    outer loop
      vertex 0 13.6626 6.88832
      vertex 2.1 14.0159 6.71339
      vertex 2.1 13.6626 6.88832
    endloop
  endfacet
  facet normal -0 -0.44372 -0.896166
    outer loop
      vertex 2.1 14.0159 6.71339
      vertex 0 13.6626 6.88832
      vertex 0 14.0159 6.71339
    endloop
  endfacet
  facet normal 0 -0.0765491 0.997066
    outer loop
      vertex 0 13.0931 1.95518
      vertex 2.1 12.7 1.925
      vertex 2.1 13.0931 1.95518
    endloop
  endfacet
  facet normal 0 -0.0765491 0.997066
    outer loop
      vertex 2.1 12.7 1.925
      vertex 0 13.0931 1.95518
      vertex 0 12.7 1.925
    endloop
  endfacet
  facet normal 0 -0.511097 0.859523
    outer loop
      vertex 0 14.1814 2.39383
      vertex 2.1 13.8426 2.19237
      vertex 2.1 14.1814 2.39383
    endloop
  endfacet
  facet normal 0 -0.511097 0.859523
    outer loop
      vertex 2.1 13.8426 2.19237
      vertex 0 14.1814 2.39383
      vertex 0 13.8426 2.19237
    endloop
  endfacet
  facet normal -0 0.636179 0.771541
    outer loop
      vertex 0 11.2186 2.39383
      vertex 2.1 10.9144 2.64466
      vertex 2.1 11.2186 2.39383
    endloop
  endfacet
  facet normal 0 0.636179 0.771541
    outer loop
      vertex 2.1 10.9144 2.64466
      vertex 0 11.2186 2.39383
      vertex 0 10.9144 2.64466
    endloop
  endfacet
  facet normal 0 -0.795276 -0.606248
    outer loop
      vertex 0 14.8614 5.89969
      vertex 2.1 14.6224 6.21321
      vertex 0 14.6224 6.21321
    endloop
  endfacet
  facet normal 0 -0.795276 -0.606248
    outer loop
      vertex 2.1 14.6224 6.21321
      vertex 0 14.8614 5.89969
      vertex 2.1 14.8614 5.89969
    endloop
  endfacet
  facet normal 0 0.795276 -0.606248
    outer loop
      vertex 2.1 10.5386 5.89969
      vertex 0 10.7776 6.21321
      vertex 2.1 10.7776 6.21321
    endloop
  endfacet
  facet normal 0 0.795276 -0.606248
    outer loop
      vertex 0 10.7776 6.21321
      vertex 2.1 10.5386 5.89969
      vertex 0 10.5386 5.89969
    endloop
  endfacet
  facet normal 0 -0.301696 -0.953404
    outer loop
      vertex 0 13.2867 7.00727
      vertex 2.1 13.6626 6.88832
      vertex 2.1 13.2867 7.00727
    endloop
  endfacet
  facet normal -0 -0.301696 -0.953404
    outer loop
      vertex 2.1 13.6626 6.88832
      vertex 0 13.2867 7.00727
      vertex 0 13.6626 6.88832
    endloop
  endfacet
  facet normal 0 0.993405 0.114654
    outer loop
      vertex 2.1 10.1721 4.00974
      vertex 0 10.1269 4.40137
      vertex 2.1 10.1269 4.40137
    endloop
  endfacet
  facet normal 0 0.993405 0.114654
    outer loop
      vertex 0 10.1269 4.40137
      vertex 2.1 10.1721 4.00974
      vertex 0 10.1721 4.00974
    endloop
  endfacet
  facet normal 0 -0.693368 -0.720583
    outer loop
      vertex 0 14.3383 6.48658
      vertex 2.1 14.6224 6.21321
      vertex 2.1 14.3383 6.48658
    endloop
  endfacet
  facet normal -0 -0.693368 -0.720583
    outer loop
      vertex 2.1 14.6224 6.21321
      vertex 0 14.3383 6.48658
      vertex 0 14.6224 6.21321
    endloop
  endfacet
  facet normal 0 0.912569 0.408923
    outer loop
      vertex 2.1 10.4378 3.26987
      vertex 0 10.2766 3.62961
      vertex 2.1 10.2766 3.62961
    endloop
  endfacet
  facet normal 0 0.912569 0.408923
    outer loop
      vertex 0 10.2766 3.62961
      vertex 2.1 10.4378 3.26987
      vertex 0 10.4378 3.26987
    endloop
  endfacet
  facet normal 0 -0.999266 -0.0383026
    outer loop
      vertex 0 15.2731 4.40137
      vertex 2.1 15.258 4.79531
      vertex 0 15.258 4.79531
    endloop
  endfacet
  facet normal 0 -0.999266 -0.0383026
    outer loop
      vertex 2.1 15.258 4.79531
      vertex 0 15.2731 4.40137
      vertex 2.1 15.2731 4.40137
    endloop
  endfacet
  facet normal 0 -0.152631 -0.988283
    outer loop
      vertex 0 12.8971 7.06744
      vertex 2.1 13.2867 7.00727
      vertex 2.1 12.8971 7.06744
    endloop
  endfacet
  facet normal -0 -0.152631 -0.988283
    outer loop
      vertex 2.1 13.2867 7.00727
      vertex 0 12.8971 7.06744
      vertex 0 13.2867 7.00727
    endloop
  endfacet
  facet normal -0 0.0765491 0.997066
    outer loop
      vertex 0 12.7 1.925
      vertex 2.1 12.3069 1.95518
      vertex 2.1 12.7 1.925
    endloop
  endfacet
  facet normal 0 0.0765491 0.997066
    outer loop
      vertex 2.1 12.3069 1.95518
      vertex 0 12.7 1.925
      vertex 0 12.3069 1.95518
    endloop
  endfacet
  facet normal 0 0.878548 -0.477654
    outer loop
      vertex 2.1 10.3503 5.55335
      vertex 0 10.5386 5.89969
      vertex 2.1 10.5386 5.89969
    endloop
  endfacet
  facet normal 0 0.878548 -0.477654
    outer loop
      vertex 0 10.5386 5.89969
      vertex 2.1 10.3503 5.55335
      vertex 0 10.3503 5.55335
    endloop
  endfacet
  facet normal 0 0.301696 -0.953404
    outer loop
      vertex 0 11.7374 6.88832
      vertex 2.1 12.1133 7.00727
      vertex 2.1 11.7374 6.88832
    endloop
  endfacet
  facet normal 0 0.301696 -0.953404
    outer loop
      vertex 2.1 12.1133 7.00727
      vertex 0 11.7374 6.88832
      vertex 0 12.1133 7.00727
    endloop
  endfacet
  facet normal 0 0.941103 -0.338119
    outer loop
      vertex 2.1 10.217 5.18233
      vertex 0 10.3503 5.55335
      vertex 2.1 10.3503 5.55335
    endloop
  endfacet
  facet normal 0 0.941103 -0.338119
    outer loop
      vertex 0 10.3503 5.55335
      vertex 2.1 10.217 5.18233
      vertex 0 10.217 5.18233
    endloop
  endfacet
  facet normal 0 -0.964229 0.265072
    outer loop
      vertex 0 15.1234 3.62961
      vertex 2.1 15.2279 4.00974
      vertex 0 15.2279 4.00974
    endloop
  endfacet
  facet normal 0 -0.964229 0.265072
    outer loop
      vertex 2.1 15.2279 4.00974
      vertex 0 15.1234 3.62961
      vertex 2.1 15.1234 3.62961
    endloop
  endfacet
  facet normal 0 -0.878548 -0.477654
    outer loop
      vertex 0 15.0497 5.55335
      vertex 2.1 14.8614 5.89969
      vertex 0 14.8614 5.89969
    endloop
  endfacet
  facet normal 0 -0.878548 -0.477654
    outer loop
      vertex 2.1 14.8614 5.89969
      vertex 0 15.0497 5.55335
      vertex 2.1 15.0497 5.55335
    endloop
  endfacet
  facet normal 0 0.44372 -0.896166
    outer loop
      vertex 0 11.3841 6.71339
      vertex 2.1 11.7374 6.88832
      vertex 2.1 11.3841 6.71339
    endloop
  endfacet
  facet normal 0 0.44372 -0.896166
    outer loop
      vertex 2.1 11.7374 6.88832
      vertex 0 11.3841 6.71339
      vertex 0 11.7374 6.88832
    endloop
  endfacet
  facet normal 0 -0.839352 0.543588
    outer loop
      vertex 0 14.7479 2.93897
      vertex 2.1 14.9622 3.26987
      vertex 0 14.9622 3.26987
    endloop
  endfacet
  facet normal 0 -0.839352 0.543588
    outer loop
      vertex 2.1 14.9622 3.26987
      vertex 0 14.7479 2.93897
      vertex 2.1 14.7479 2.93897
    endloop
  endfacet
  facet normal 0 -0.746538 0.665343
    outer loop
      vertex 0 14.4856 2.64466
      vertex 2.1 14.7479 2.93897
      vertex 0 14.7479 2.93897
    endloop
  endfacet
  facet normal 0 -0.746538 0.665343
    outer loop
      vertex 2.1 14.7479 2.93897
      vertex 0 14.4856 2.64466
      vertex 2.1 14.4856 2.64466
    endloop
  endfacet
  facet normal 0 -0.993405 0.114654
    outer loop
      vertex 0 15.2279 4.00974
      vertex 2.1 15.2731 4.40137
      vertex 0 15.2731 4.40137
    endloop
  endfacet
  facet normal 0 -0.993405 0.114654
    outer loop
      vertex 2.1 15.2731 4.40137
      vertex 0 15.2279 4.00974
      vertex 2.1 15.2279 4.00974
    endloop
  endfacet
  facet normal -0 0.373773 0.92752
    outer loop
      vertex 0 11.9231 2.045
      vertex 2.1 11.5574 2.19237
      vertex 2.1 11.9231 2.045
    endloop
  endfacet
  facet normal 0 0.373773 0.92752
    outer loop
      vertex 2.1 11.5574 2.19237
      vertex 0 11.9231 2.045
      vertex 0 11.5574 2.19237
    endloop
  endfacet
  facet normal 0 0.964229 0.265072
    outer loop
      vertex 2.1 10.2766 3.62961
      vertex 0 10.1721 4.00974
      vertex 2.1 10.1721 4.00974
    endloop
  endfacet
  facet normal 0 0.964229 0.265072
    outer loop
      vertex 0 10.1721 4.00974
      vertex 2.1 10.2766 3.62961
      vertex 0 10.2766 3.62961
    endloop
  endfacet
  facet normal 0 -0.227871 0.973691
    outer loop
      vertex 0 13.4769 2.045
      vertex 2.1 13.0931 1.95518
      vertex 2.1 13.4769 2.045
    endloop
  endfacet
  facet normal 0 -0.227871 0.973691
    outer loop
      vertex 2.1 13.0931 1.95518
      vertex 0 13.4769 2.045
      vertex 0 13.0931 1.95518
    endloop
  endfacet
  facet normal 0 -0.575385 -0.817883
    outer loop
      vertex 0 14.0159 6.71339
      vertex 2.1 14.3383 6.48658
      vertex 2.1 14.0159 6.71339
    endloop
  endfacet
  facet normal -0 -0.575385 -0.817883
    outer loop
      vertex 2.1 14.3383 6.48658
      vertex 0 14.0159 6.71339
      vertex 0 14.3383 6.48658
    endloop
  endfacet
  facet normal -0 0.227871 0.973691
    outer loop
      vertex 0 12.3069 1.95518
      vertex 2.1 11.9231 2.045
      vertex 2.1 12.3069 1.95518
    endloop
  endfacet
  facet normal 0 0.227871 0.973691
    outer loop
      vertex 2.1 11.9231 2.045
      vertex 0 12.3069 1.95518
      vertex 0 11.9231 2.045
    endloop
  endfacet
  facet normal 0 0.575385 -0.817883
    outer loop
      vertex 0 11.0617 6.48658
      vertex 2.1 11.3841 6.71339
      vertex 2.1 11.0617 6.48658
    endloop
  endfacet
  facet normal 0 0.575385 -0.817883
    outer loop
      vertex 2.1 11.3841 6.71339
      vertex 0 11.0617 6.48658
      vertex 0 11.3841 6.71339
    endloop
  endfacet
  facet normal -1 0 0
    outer loop
      vertex 2.1 15.2279 4.00974
      vertex 2.1 15.258 4.79531
      vertex 2.1 15.2731 4.40137
    endloop
  endfacet
  facet normal -1 0 0
    outer loop
      vertex 2.1 15.2279 4.00974
      vertex 2.1 15.183 5.18233
      vertex 2.1 15.258 4.79531
    endloop
  endfacet
  facet normal -1 0 0
    outer loop
      vertex 2.1 15.1234 3.62961
      vertex 2.1 15.183 5.18233
      vertex 2.1 15.2279 4.00974
    endloop
  endfacet
  facet normal -1 0 0
    outer loop
      vertex 2.1 15.1234 3.62961
      vertex 2.1 15.0497 5.55335
      vertex 2.1 15.183 5.18233
    endloop
  endfacet
  facet normal -1 0 0
    outer loop
      vertex 2.1 14.9622 3.26987
      vertex 2.1 15.0497 5.55335
      vertex 2.1 15.1234 3.62961
    endloop
  endfacet
  facet normal -1 0 0
    outer loop
      vertex 2.1 14.9622 3.26987
      vertex 2.1 14.8614 5.89969
      vertex 2.1 15.0497 5.55335
    endloop
  endfacet
  facet normal -1 0 0
    outer loop
      vertex 2.1 14.7479 2.93897
      vertex 2.1 14.8614 5.89969
      vertex 2.1 14.9622 3.26987
    endloop
  endfacet
  facet normal -1 0 0
    outer loop
      vertex 2.1 14.7479 2.93897
      vertex 2.1 14.6224 6.21321
      vertex 2.1 14.8614 5.89969
    endloop
  endfacet
  facet normal -1 0 0
    outer loop
      vertex 2.1 14.4856 2.64466
      vertex 2.1 14.6224 6.21321
      vertex 2.1 14.7479 2.93897
    endloop
  endfacet
  facet normal -1 0 0
    outer loop
      vertex 2.1 14.4856 2.64466
      vertex 2.1 14.3383 6.48658
      vertex 2.1 14.6224 6.21321
    endloop
  endfacet
  facet normal -1 0 0
    outer loop
      vertex 2.1 14.1814 2.39383
      vertex 2.1 14.3383 6.48658
      vertex 2.1 14.4856 2.64466
    endloop
  endfacet
  facet normal -1 0 0
    outer loop
      vertex 2.1 14.1814 2.39383
      vertex 2.1 14.0159 6.71339
      vertex 2.1 14.3383 6.48658
    endloop
  endfacet
  facet normal -1 0 0
    outer loop
      vertex 2.1 13.8426 2.19237
      vertex 2.1 14.0159 6.71339
      vertex 2.1 14.1814 2.39383
    endloop
  endfacet
  facet normal -1 0 0
    outer loop
      vertex 2.1 13.8426 2.19237
      vertex 2.1 13.6626 6.88832
      vertex 2.1 14.0159 6.71339
    endloop
  endfacet
  facet normal -1 0 0
    outer loop
      vertex 2.1 13.4769 2.045
      vertex 2.1 13.6626 6.88832
      vertex 2.1 13.8426 2.19237
    endloop
  endfacet
  facet normal -1 0 0
    outer loop
      vertex 2.1 13.4769 2.045
      vertex 2.1 13.2867 7.00727
      vertex 2.1 13.6626 6.88832
    endloop
  endfacet
  facet normal -1 0 0
    outer loop
      vertex 2.1 13.0931 1.95518
      vertex 2.1 13.2867 7.00727
      vertex 2.1 13.4769 2.045
    endloop
  endfacet
  facet normal -1 0 0
    outer loop
      vertex 2.1 13.0931 1.95518
      vertex 2.1 12.8971 7.06744
      vertex 2.1 13.2867 7.00727
    endloop
  endfacet
  facet normal -1 0 0
    outer loop
      vertex 2.1 12.7 1.925
      vertex 2.1 12.8971 7.06744
      vertex 2.1 13.0931 1.95518
    endloop
  endfacet
  facet normal -1 0 0
    outer loop
      vertex 2.1 12.7 1.925
      vertex 2.1 12.5029 7.06744
      vertex 2.1 12.8971 7.06744
    endloop
  endfacet
  facet normal -1 0 0
    outer loop
      vertex 2.1 12.3069 1.95518
      vertex 2.1 12.5029 7.06744
      vertex 2.1 12.7 1.925
    endloop
  endfacet
  facet normal -1 0 0
    outer loop
      vertex 2.1 12.3069 1.95518
      vertex 2.1 12.1133 7.00727
      vertex 2.1 12.5029 7.06744
    endloop
  endfacet
  facet normal -1 0 0
    outer loop
      vertex 2.1 11.9231 2.045
      vertex 2.1 12.1133 7.00727
      vertex 2.1 12.3069 1.95518
    endloop
  endfacet
  facet normal -1 0 0
    outer loop
      vertex 2.1 11.9231 2.045
      vertex 2.1 11.7374 6.88832
      vertex 2.1 12.1133 7.00727
    endloop
  endfacet
  facet normal -1 0 0
    outer loop
      vertex 2.1 11.5574 2.19237
      vertex 2.1 11.7374 6.88832
      vertex 2.1 11.9231 2.045
    endloop
  endfacet
  facet normal -1 0 0
    outer loop
      vertex 2.1 11.5574 2.19237
      vertex 2.1 11.3841 6.71339
      vertex 2.1 11.7374 6.88832
    endloop
  endfacet
  facet normal -1 0 0
    outer loop
      vertex 2.1 11.2186 2.39383
      vertex 2.1 11.3841 6.71339
      vertex 2.1 11.5574 2.19237
    endloop
  endfacet
  facet normal -1 0 0
    outer loop
      vertex 2.1 11.2186 2.39383
      vertex 2.1 11.0617 6.48658
      vertex 2.1 11.3841 6.71339
    endloop
  endfacet
  facet normal -1 0 0
    outer loop
      vertex 2.1 10.9144 2.64466
      vertex 2.1 11.0617 6.48658
      vertex 2.1 11.2186 2.39383
    endloop
  endfacet
  facet normal -1 0 0
    outer loop
      vertex 2.1 10.9144 2.64466
      vertex 2.1 10.7776 6.21321
      vertex 2.1 11.0617 6.48658
    endloop
  endfacet
  facet normal -1 0 0
    outer loop
      vertex 2.1 10.6521 2.93897
      vertex 2.1 10.7776 6.21321
      vertex 2.1 10.9144 2.64466
    endloop
  endfacet
  facet normal -1 0 0
    outer loop
      vertex 2.1 10.6521 2.93897
      vertex 2.1 10.5386 5.89969
      vertex 2.1 10.7776 6.21321
    endloop
  endfacet
  facet normal -1 0 0
    outer loop
      vertex 2.1 10.4378 3.26987
      vertex 2.1 10.5386 5.89969
      vertex 2.1 10.6521 2.93897
    endloop
  endfacet
  facet normal -1 0 0
    outer loop
      vertex 2.1 10.4378 3.26987
      vertex 2.1 10.3503 5.55335
      vertex 2.1 10.5386 5.89969
    endloop
  endfacet
  facet normal -1 0 0
    outer loop
      vertex 2.1 10.2766 3.62961
      vertex 2.1 10.3503 5.55335
      vertex 2.1 10.4378 3.26987
    endloop
  endfacet
  facet normal -1 0 0
    outer loop
      vertex 2.1 10.2766 3.62961
      vertex 2.1 10.217 5.18233
      vertex 2.1 10.3503 5.55335
    endloop
  endfacet
  facet normal -1 0 0
    outer loop
      vertex 2.1 10.1721 4.00974
      vertex 2.1 10.217 5.18233
      vertex 2.1 10.2766 3.62961
    endloop
  endfacet
  facet normal -1 0 0
    outer loop
      vertex 2.1 10.1721 4.00974
      vertex 2.1 10.142 4.79531
      vertex 2.1 10.217 5.18233
    endloop
  endfacet
  facet normal -1 0 -0
    outer loop
      vertex 2.1 10.142 4.79531
      vertex 2.1 10.1721 4.00974
      vertex 2.1 10.1269 4.40137
    endloop
  endfacet
  facet normal 0 0 -1
    outer loop
      vertex 0 12.5029 7.06744
      vertex 2.1 12.8971 7.06744
      vertex 2.1 12.5029 7.06744
    endloop
  endfacet
  facet normal -0 0 -1
    outer loop
      vertex 2.1 12.8971 7.06744
      vertex 0 12.5029 7.06744
      vertex 0 12.8971 7.06744
    endloop
  endfacet
  facet normal 0 0.152631 -0.988283
    outer loop
      vertex 0 12.1133 7.00727
      vertex 2.1 12.5029 7.06744
      vertex 2.1 12.1133 7.00727
    endloop
  endfacet
  facet normal 0 0.152631 -0.988283
    outer loop
      vertex 2.1 12.5029 7.06744
      vertex 0 12.1133 7.00727
      vertex 0 12.5029 7.06744
    endloop
  endfacet
  facet normal 0 0.693368 -0.720583
    outer loop
      vertex 0 10.7776 6.21321
      vertex 2.1 11.0617 6.48658
      vertex 2.1 10.7776 6.21321
    endloop
  endfacet
  facet normal 0 0.693368 -0.720583
    outer loop
      vertex 2.1 11.0617 6.48658
      vertex 0 10.7776 6.21321
      vertex 0 11.0617 6.48658
    endloop
  endfacet
  facet normal 0 -0.912569 0.408923
    outer loop
      vertex 0 14.9622 3.26987
      vertex 2.1 15.1234 3.62961
      vertex 0 15.1234 3.62961
    endloop
  endfacet
  facet normal 0 -0.912569 0.408923
    outer loop
      vertex 2.1 15.1234 3.62961
      vertex 0 14.9622 3.26987
      vertex 2.1 14.9622 3.26987
    endloop
  endfacet
  facet normal 0 0.999266 -0.0383026
    outer loop
      vertex 2.1 10.1269 4.40137
      vertex 0 10.142 4.79531
      vertex 2.1 10.142 4.79531
    endloop
  endfacet
  facet normal 0 0.999266 -0.0383026
    outer loop
      vertex 0 10.142 4.79531
      vertex 2.1 10.1269 4.40137
      vertex 0 10.1269 4.40137
    endloop
  endfacet
  facet normal 0 0.981736 -0.190249
    outer loop
      vertex 2.1 10.142 4.79531
      vertex 0 10.217 5.18233
      vertex 2.1 10.217 5.18233
    endloop
  endfacet
  facet normal 0 0.981736 -0.190249
    outer loop
      vertex 0 10.217 5.18233
      vertex 2.1 10.142 4.79531
      vertex 0 10.142 4.79531
    endloop
  endfacet
  facet normal 0 0.839352 0.543588
    outer loop
      vertex 2.1 10.6521 2.93897
      vertex 0 10.4378 3.26987
      vertex 2.1 10.4378 3.26987
    endloop
  endfacet
  facet normal 0 0.839352 0.543588
    outer loop
      vertex 0 10.4378 3.26987
      vertex 2.1 10.6521 2.93897
      vertex 0 10.6521 2.93897
    endloop
  endfacet
  facet normal -0 0.227871 0.973691
    outer loop
      vertex 48.7 12.3069 1.95518
      vertex 50.8 11.9231 2.045
      vertex 50.8 12.3069 1.95518
    endloop
  endfacet
  facet normal 0 0.227871 0.973691
    outer loop
      vertex 50.8 11.9231 2.045
      vertex 48.7 12.3069 1.95518
      vertex 48.7 11.9231 2.045
    endloop
  endfacet
  facet normal 0 0.878548 -0.477654
    outer loop
      vertex 50.8 10.3503 5.55335
      vertex 48.7 10.5386 5.89969
      vertex 50.8 10.5386 5.89969
    endloop
  endfacet
  facet normal 0 0.878548 -0.477654
    outer loop
      vertex 48.7 10.5386 5.89969
      vertex 50.8 10.3503 5.55335
      vertex 48.7 10.3503 5.55335
    endloop
  endfacet
  facet normal 0 -0.0765491 0.997066
    outer loop
      vertex 48.7 13.0931 1.95518
      vertex 50.8 12.7 1.925
      vertex 50.8 13.0931 1.95518
    endloop
  endfacet
  facet normal 0 -0.0765491 0.997066
    outer loop
      vertex 50.8 12.7 1.925
      vertex 48.7 13.0931 1.95518
      vertex 48.7 12.7 1.925
    endloop
  endfacet
  facet normal 0 -0.999266 -0.0383026
    outer loop
      vertex 48.7 15.2731 4.40137
      vertex 50.8 15.258 4.79531
      vertex 48.7 15.258 4.79531
    endloop
  endfacet
  facet normal 0 -0.999266 -0.0383026
    outer loop
      vertex 50.8 15.258 4.79531
      vertex 48.7 15.2731 4.40137
      vertex 50.8 15.2731 4.40137
    endloop
  endfacet
  facet normal 0 -0.795276 -0.606248
    outer loop
      vertex 48.7 14.8614 5.89969
      vertex 50.8 14.6224 6.21321
      vertex 48.7 14.6224 6.21321
    endloop
  endfacet
  facet normal 0 -0.795276 -0.606248
    outer loop
      vertex 50.8 14.6224 6.21321
      vertex 48.7 14.8614 5.89969
      vertex 50.8 14.8614 5.89969
    endloop
  endfacet
  facet normal 0 -0.693368 -0.720583
    outer loop
      vertex 48.7 14.3383 6.48658
      vertex 50.8 14.6224 6.21321
      vertex 50.8 14.3383 6.48658
    endloop
  endfacet
  facet normal -0 -0.693368 -0.720583
    outer loop
      vertex 50.8 14.6224 6.21321
      vertex 48.7 14.3383 6.48658
      vertex 48.7 14.6224 6.21321
    endloop
  endfacet
  facet normal 0 0.152631 -0.988283
    outer loop
      vertex 48.7 12.1133 7.00727
      vertex 50.8 12.5029 7.06744
      vertex 50.8 12.1133 7.00727
    endloop
  endfacet
  facet normal 0 0.152631 -0.988283
    outer loop
      vertex 50.8 12.5029 7.06744
      vertex 48.7 12.1133 7.00727
      vertex 48.7 12.5029 7.06744
    endloop
  endfacet
  facet normal -0 0.511097 0.859523
    outer loop
      vertex 48.7 11.5574 2.19237
      vertex 50.8 11.2186 2.39383
      vertex 50.8 11.5574 2.19237
    endloop
  endfacet
  facet normal 0 0.511097 0.859523
    outer loop
      vertex 50.8 11.2186 2.39383
      vertex 48.7 11.5574 2.19237
      vertex 48.7 11.2186 2.39383
    endloop
  endfacet
  facet normal 0 0.839352 0.543588
    outer loop
      vertex 50.8 10.6521 2.93897
      vertex 48.7 10.4378 3.26987
      vertex 50.8 10.4378 3.26987
    endloop
  endfacet
  facet normal 0 0.839352 0.543588
    outer loop
      vertex 48.7 10.4378 3.26987
      vertex 50.8 10.6521 2.93897
      vertex 48.7 10.6521 2.93897
    endloop
  endfacet
  facet normal 0 -0.152631 -0.988283
    outer loop
      vertex 48.7 12.8971 7.06744
      vertex 50.8 13.2867 7.00727
      vertex 50.8 12.8971 7.06744
    endloop
  endfacet
  facet normal -0 -0.152631 -0.988283
    outer loop
      vertex 50.8 13.2867 7.00727
      vertex 48.7 12.8971 7.06744
      vertex 48.7 13.2867 7.00727
    endloop
  endfacet
  facet normal 0 -0.511097 0.859523
    outer loop
      vertex 48.7 14.1814 2.39383
      vertex 50.8 13.8426 2.19237
      vertex 50.8 14.1814 2.39383
    endloop
  endfacet
  facet normal 0 -0.511097 0.859523
    outer loop
      vertex 50.8 13.8426 2.19237
      vertex 48.7 14.1814 2.39383
      vertex 48.7 13.8426 2.19237
    endloop
  endfacet
  facet normal 0 0.999266 -0.0383026
    outer loop
      vertex 50.8 10.1269 4.40137
      vertex 48.7 10.142 4.79531
      vertex 50.8 10.142 4.79531
    endloop
  endfacet
  facet normal 0 0.999266 -0.0383026
    outer loop
      vertex 48.7 10.142 4.79531
      vertex 50.8 10.1269 4.40137
      vertex 48.7 10.1269 4.40137
    endloop
  endfacet
  facet normal 0 -0.373773 0.92752
    outer loop
      vertex 48.7 13.8426 2.19237
      vertex 50.8 13.4769 2.045
      vertex 50.8 13.8426 2.19237
    endloop
  endfacet
  facet normal 0 -0.373773 0.92752
    outer loop
      vertex 50.8 13.4769 2.045
      vertex 48.7 13.8426 2.19237
      vertex 48.7 13.4769 2.045
    endloop
  endfacet
  facet normal 0 0.575385 -0.817883
    outer loop
      vertex 48.7 11.0617 6.48658
      vertex 50.8 11.3841 6.71339
      vertex 50.8 11.0617 6.48658
    endloop
  endfacet
  facet normal 0 0.575385 -0.817883
    outer loop
      vertex 50.8 11.3841 6.71339
      vertex 48.7 11.0617 6.48658
      vertex 48.7 11.3841 6.71339
    endloop
  endfacet
  facet normal 0 -0.941103 -0.338119
    outer loop
      vertex 48.7 15.183 5.18233
      vertex 50.8 15.0497 5.55335
      vertex 48.7 15.0497 5.55335
    endloop
  endfacet
  facet normal 0 -0.941103 -0.338119
    outer loop
      vertex 50.8 15.0497 5.55335
      vertex 48.7 15.183 5.18233
      vertex 50.8 15.183 5.18233
    endloop
  endfacet
  facet normal 0 0.693368 -0.720583
    outer loop
      vertex 48.7 10.7776 6.21321
      vertex 50.8 11.0617 6.48658
      vertex 50.8 10.7776 6.21321
    endloop
  endfacet
  facet normal 0 0.693368 -0.720583
    outer loop
      vertex 50.8 11.0617 6.48658
      vertex 48.7 10.7776 6.21321
      vertex 48.7 11.0617 6.48658
    endloop
  endfacet
  facet normal -0 0.373773 0.92752
    outer loop
      vertex 48.7 11.9231 2.045
      vertex 50.8 11.5574 2.19237
      vertex 50.8 11.9231 2.045
    endloop
  endfacet
  facet normal 0 0.373773 0.92752
    outer loop
      vertex 50.8 11.5574 2.19237
      vertex 48.7 11.9231 2.045
      vertex 48.7 11.5574 2.19237
    endloop
  endfacet
  facet normal 0 0.795276 -0.606248
    outer loop
      vertex 50.8 10.5386 5.89969
      vertex 48.7 10.7776 6.21321
      vertex 50.8 10.7776 6.21321
    endloop
  endfacet
  facet normal 0 0.795276 -0.606248
    outer loop
      vertex 48.7 10.7776 6.21321
      vertex 50.8 10.5386 5.89969
      vertex 48.7 10.5386 5.89969
    endloop
  endfacet
  facet normal 0 -0.993405 0.114654
    outer loop
      vertex 48.7 15.2279 4.00974
      vertex 50.8 15.2731 4.40137
      vertex 48.7 15.2731 4.40137
    endloop
  endfacet
  facet normal 0 -0.993405 0.114654
    outer loop
      vertex 50.8 15.2731 4.40137
      vertex 48.7 15.2279 4.00974
      vertex 50.8 15.2279 4.00974
    endloop
  endfacet
  facet normal 0 -0.912569 0.408923
    outer loop
      vertex 48.7 14.9622 3.26987
      vertex 50.8 15.1234 3.62961
      vertex 48.7 15.1234 3.62961
    endloop
  endfacet
  facet normal 0 -0.912569 0.408923
    outer loop
      vertex 50.8 15.1234 3.62961
      vertex 48.7 14.9622 3.26987
      vertex 50.8 14.9622 3.26987
    endloop
  endfacet
  facet normal 0 0.912569 0.408923
    outer loop
      vertex 50.8 10.4378 3.26987
      vertex 48.7 10.2766 3.62961
      vertex 50.8 10.2766 3.62961
    endloop
  endfacet
  facet normal 0 0.912569 0.408923
    outer loop
      vertex 48.7 10.2766 3.62961
      vertex 50.8 10.4378 3.26987
      vertex 48.7 10.4378 3.26987
    endloop
  endfacet
  facet normal 0 -0.981736 -0.190249
    outer loop
      vertex 48.7 15.258 4.79531
      vertex 50.8 15.183 5.18233
      vertex 48.7 15.183 5.18233
    endloop
  endfacet
  facet normal 0 -0.981736 -0.190249
    outer loop
      vertex 50.8 15.183 5.18233
      vertex 48.7 15.258 4.79531
      vertex 50.8 15.258 4.79531
    endloop
  endfacet
  facet normal -0 0.636179 0.771541
    outer loop
      vertex 48.7 11.2186 2.39383
      vertex 50.8 10.9144 2.64466
      vertex 50.8 11.2186 2.39383
    endloop
  endfacet
  facet normal 0 0.636179 0.771541
    outer loop
      vertex 50.8 10.9144 2.64466
      vertex 48.7 11.2186 2.39383
      vertex 48.7 10.9144 2.64466
    endloop
  endfacet
  facet normal 0 -0.44372 -0.896166
    outer loop
      vertex 48.7 13.6626 6.88832
      vertex 50.8 14.0159 6.71339
      vertex 50.8 13.6626 6.88832
    endloop
  endfacet
  facet normal -0 -0.44372 -0.896166
    outer loop
      vertex 50.8 14.0159 6.71339
      vertex 48.7 13.6626 6.88832
      vertex 48.7 14.0159 6.71339
    endloop
  endfacet
  facet normal 0 -0.575385 -0.817883
    outer loop
      vertex 48.7 14.0159 6.71339
      vertex 50.8 14.3383 6.48658
      vertex 50.8 14.0159 6.71339
    endloop
  endfacet
  facet normal -0 -0.575385 -0.817883
    outer loop
      vertex 50.8 14.3383 6.48658
      vertex 48.7 14.0159 6.71339
      vertex 48.7 14.3383 6.48658
    endloop
  endfacet
  facet normal 0 -0.878548 -0.477654
    outer loop
      vertex 48.7 15.0497 5.55335
      vertex 50.8 14.8614 5.89969
      vertex 48.7 14.8614 5.89969
    endloop
  endfacet
  facet normal 0 -0.878548 -0.477654
    outer loop
      vertex 50.8 14.8614 5.89969
      vertex 48.7 15.0497 5.55335
      vertex 50.8 15.0497 5.55335
    endloop
  endfacet
  facet normal 0 0 -1
    outer loop
      vertex 48.7 12.5029 7.06744
      vertex 50.8 12.8971 7.06744
      vertex 50.8 12.5029 7.06744
    endloop
  endfacet
  facet normal -0 0 -1
    outer loop
      vertex 50.8 12.8971 7.06744
      vertex 48.7 12.5029 7.06744
      vertex 48.7 12.8971 7.06744
    endloop
  endfacet
  facet normal 0 -0.839352 0.543588
    outer loop
      vertex 48.7 14.7479 2.93897
      vertex 50.8 14.9622 3.26987
      vertex 48.7 14.9622 3.26987
    endloop
  endfacet
  facet normal 0 -0.839352 0.543588
    outer loop
      vertex 50.8 14.9622 3.26987
      vertex 48.7 14.7479 2.93897
      vertex 50.8 14.7479 2.93897
    endloop
  endfacet
  facet normal 0 -0.301696 -0.953404
    outer loop
      vertex 48.7 13.2867 7.00727
      vertex 50.8 13.6626 6.88832
      vertex 50.8 13.2867 7.00727
    endloop
  endfacet
  facet normal -0 -0.301696 -0.953404
    outer loop
      vertex 50.8 13.6626 6.88832
      vertex 48.7 13.2867 7.00727
      vertex 48.7 13.6626 6.88832
    endloop
  endfacet
  facet normal 0 0.993405 0.114654
    outer loop
      vertex 50.8 10.1721 4.00974
      vertex 48.7 10.1269 4.40137
      vertex 50.8 10.1269 4.40137
    endloop
  endfacet
  facet normal 0 0.993405 0.114654
    outer loop
      vertex 48.7 10.1269 4.40137
      vertex 50.8 10.1721 4.00974
      vertex 48.7 10.1721 4.00974
    endloop
  endfacet
  facet normal -0 0.0765491 0.997066
    outer loop
      vertex 48.7 12.7 1.925
      vertex 50.8 12.3069 1.95518
      vertex 50.8 12.7 1.925
    endloop
  endfacet
  facet normal 0 0.0765491 0.997066
    outer loop
      vertex 50.8 12.3069 1.95518
      vertex 48.7 12.7 1.925
      vertex 48.7 12.3069 1.95518
    endloop
  endfacet
  facet normal 0 0.941103 -0.338119
    outer loop
      vertex 50.8 10.217 5.18233
      vertex 48.7 10.3503 5.55335
      vertex 50.8 10.3503 5.55335
    endloop
  endfacet
  facet normal 0 0.941103 -0.338119
    outer loop
      vertex 48.7 10.3503 5.55335
      vertex 50.8 10.217 5.18233
      vertex 48.7 10.217 5.18233
    endloop
  endfacet
  facet normal 0 -0.227871 0.973691
    outer loop
      vertex 48.7 13.4769 2.045
      vertex 50.8 13.0931 1.95518
      vertex 50.8 13.4769 2.045
    endloop
  endfacet
  facet normal 0 -0.227871 0.973691
    outer loop
      vertex 50.8 13.0931 1.95518
      vertex 48.7 13.4769 2.045
      vertex 48.7 13.0931 1.95518
    endloop
  endfacet
  facet normal 1 0 0
    outer loop
      vertex 48.7 15.258 4.79531
      vertex 48.7 15.2279 4.00974
      vertex 48.7 15.2731 4.40137
    endloop
  endfacet
  facet normal 1 0 0
    outer loop
      vertex 48.7 15.183 5.18233
      vertex 48.7 15.2279 4.00974
      vertex 48.7 15.258 4.79531
    endloop
  endfacet
  facet normal 1 0 0
    outer loop
      vertex 48.7 15.183 5.18233
      vertex 48.7 15.1234 3.62961
      vertex 48.7 15.2279 4.00974
    endloop
  endfacet
  facet normal 1 0 0
    outer loop
      vertex 48.7 15.0497 5.55335
      vertex 48.7 15.1234 3.62961
      vertex 48.7 15.183 5.18233
    endloop
  endfacet
  facet normal 1 0 0
    outer loop
      vertex 48.7 15.0497 5.55335
      vertex 48.7 14.9622 3.26987
      vertex 48.7 15.1234 3.62961
    endloop
  endfacet
  facet normal 1 0 0
    outer loop
      vertex 48.7 14.8614 5.89969
      vertex 48.7 14.9622 3.26987
      vertex 48.7 15.0497 5.55335
    endloop
  endfacet
  facet normal 1 0 0
    outer loop
      vertex 48.7 14.8614 5.89969
      vertex 48.7 14.7479 2.93897
      vertex 48.7 14.9622 3.26987
    endloop
  endfacet
  facet normal 1 0 0
    outer loop
      vertex 48.7 14.6224 6.21321
      vertex 48.7 14.7479 2.93897
      vertex 48.7 14.8614 5.89969
    endloop
  endfacet
  facet normal 1 0 0
    outer loop
      vertex 48.7 14.6224 6.21321
      vertex 48.7 14.4856 2.64466
      vertex 48.7 14.7479 2.93897
    endloop
  endfacet
  facet normal 1 0 0
    outer loop
      vertex 48.7 14.3383 6.48658
      vertex 48.7 14.4856 2.64466
      vertex 48.7 14.6224 6.21321
    endloop
  endfacet
  facet normal 1 0 0
    outer loop
      vertex 48.7 14.3383 6.48658
      vertex 48.7 14.1814 2.39383
      vertex 48.7 14.4856 2.64466
    endloop
  endfacet
  facet normal 1 0 0
    outer loop
      vertex 48.7 14.0159 6.71339
      vertex 48.7 14.1814 2.39383
      vertex 48.7 14.3383 6.48658
    endloop
  endfacet
  facet normal 1 0 0
    outer loop
      vertex 48.7 14.0159 6.71339
      vertex 48.7 13.8426 2.19237
      vertex 48.7 14.1814 2.39383
    endloop
  endfacet
  facet normal 1 0 0
    outer loop
      vertex 48.7 13.6626 6.88832
      vertex 48.7 13.8426 2.19237
      vertex 48.7 14.0159 6.71339
    endloop
  endfacet
  facet normal 1 0 0
    outer loop
      vertex 48.7 13.6626 6.88832
      vertex 48.7 13.4769 2.045
      vertex 48.7 13.8426 2.19237
    endloop
  endfacet
  facet normal 1 0 0
    outer loop
      vertex 48.7 13.2867 7.00727
      vertex 48.7 13.4769 2.045
      vertex 48.7 13.6626 6.88832
    endloop
  endfacet
  facet normal 1 0 0
    outer loop
      vertex 48.7 13.2867 7.00727
      vertex 48.7 13.0931 1.95518
      vertex 48.7 13.4769 2.045
    endloop
  endfacet
  facet normal 1 0 0
    outer loop
      vertex 48.7 12.8971 7.06744
      vertex 48.7 13.0931 1.95518
      vertex 48.7 13.2867 7.00727
    endloop
  endfacet
  facet normal 1 0 0
    outer loop
      vertex 48.7 12.8971 7.06744
      vertex 48.7 12.7 1.925
      vertex 48.7 13.0931 1.95518
    endloop
  endfacet
  facet normal 1 -0 0
    outer loop
      vertex 48.7 12.5029 7.06744
      vertex 48.7 12.7 1.925
      vertex 48.7 12.8971 7.06744
    endloop
  endfacet
  facet normal 1 0 0
    outer loop
      vertex 48.7 12.5029 7.06744
      vertex 48.7 12.3069 1.95518
      vertex 48.7 12.7 1.925
    endloop
  endfacet
  facet normal 1 -0 0
    outer loop
      vertex 48.7 12.1133 7.00727
      vertex 48.7 12.3069 1.95518
      vertex 48.7 12.5029 7.06744
    endloop
  endfacet
  facet normal 1 0 0
    outer loop
      vertex 48.7 12.1133 7.00727
      vertex 48.7 11.9231 2.045
      vertex 48.7 12.3069 1.95518
    endloop
  endfacet
  facet normal 1 -0 0
    outer loop
      vertex 48.7 11.7374 6.88832
      vertex 48.7 11.9231 2.045
      vertex 48.7 12.1133 7.00727
    endloop
  endfacet
  facet normal 1 0 0
    outer loop
      vertex 48.7 11.7374 6.88832
      vertex 48.7 11.5574 2.19237
      vertex 48.7 11.9231 2.045
    endloop
  endfacet
  facet normal 1 -0 0
    outer loop
      vertex 48.7 11.3841 6.71339
      vertex 48.7 11.5574 2.19237
      vertex 48.7 11.7374 6.88832
    endloop
  endfacet
  facet normal 1 0 0
    outer loop
      vertex 48.7 11.3841 6.71339
      vertex 48.7 11.2186 2.39383
      vertex 48.7 11.5574 2.19237
    endloop
  endfacet
  facet normal 1 -0 0
    outer loop
      vertex 48.7 11.0617 6.48658
      vertex 48.7 11.2186 2.39383
      vertex 48.7 11.3841 6.71339
    endloop
  endfacet
  facet normal 1 0 0
    outer loop
      vertex 48.7 11.0617 6.48658
      vertex 48.7 10.9144 2.64466
      vertex 48.7 11.2186 2.39383
    endloop
  endfacet
  facet normal 1 -0 0
    outer loop
      vertex 48.7 10.7776 6.21321
      vertex 48.7 10.9144 2.64466
      vertex 48.7 11.0617 6.48658
    endloop
  endfacet
  facet normal 1 0 0
    outer loop
      vertex 48.7 10.7776 6.21321
      vertex 48.7 10.6521 2.93897
      vertex 48.7 10.9144 2.64466
    endloop
  endfacet
  facet normal 1 -0 0
    outer loop
      vertex 48.7 10.5386 5.89969
      vertex 48.7 10.6521 2.93897
      vertex 48.7 10.7776 6.21321
    endloop
  endfacet
  facet normal 1 0 0
    outer loop
      vertex 48.7 10.5386 5.89969
      vertex 48.7 10.4378 3.26987
      vertex 48.7 10.6521 2.93897
    endloop
  endfacet
  facet normal 1 -0 0
    outer loop
      vertex 48.7 10.3503 5.55335
      vertex 48.7 10.4378 3.26987
      vertex 48.7 10.5386 5.89969
    endloop
  endfacet
  facet normal 1 0 0
    outer loop
      vertex 48.7 10.3503 5.55335
      vertex 48.7 10.2766 3.62961
      vertex 48.7 10.4378 3.26987
    endloop
  endfacet
  facet normal 1 -0 0
    outer loop
      vertex 48.7 10.217 5.18233
      vertex 48.7 10.2766 3.62961
      vertex 48.7 10.3503 5.55335
    endloop
  endfacet
  facet normal 1 0 0
    outer loop
      vertex 48.7 10.217 5.18233
      vertex 48.7 10.1721 4.00974
      vertex 48.7 10.2766 3.62961
    endloop
  endfacet
  facet normal 1 -0 0
    outer loop
      vertex 48.7 10.142 4.79531
      vertex 48.7 10.1721 4.00974
      vertex 48.7 10.217 5.18233
    endloop
  endfacet
  facet normal 1 0 0
    outer loop
      vertex 48.7 10.1721 4.00974
      vertex 48.7 10.142 4.79531
      vertex 48.7 10.1269 4.40137
    endloop
  endfacet
  facet normal 0 0.964229 0.265072
    outer loop
      vertex 50.8 10.2766 3.62961
      vertex 48.7 10.1721 4.00974
      vertex 50.8 10.1721 4.00974
    endloop
  endfacet
  facet normal 0 0.964229 0.265072
    outer loop
      vertex 48.7 10.1721 4.00974
      vertex 50.8 10.2766 3.62961
      vertex 48.7 10.2766 3.62961
    endloop
  endfacet
  facet normal 0 0.981736 -0.190249
    outer loop
      vertex 50.8 10.142 4.79531
      vertex 48.7 10.217 5.18233
      vertex 50.8 10.217 5.18233
    endloop
  endfacet
  facet normal 0 0.981736 -0.190249
    outer loop
      vertex 48.7 10.217 5.18233
      vertex 50.8 10.142 4.79531
      vertex 48.7 10.142 4.79531
    endloop
  endfacet
  facet normal 0 -0.746538 0.665343
    outer loop
      vertex 48.7 14.4856 2.64466
      vertex 50.8 14.7479 2.93897
      vertex 48.7 14.7479 2.93897
    endloop
  endfacet
  facet normal 0 -0.746538 0.665343
    outer loop
      vertex 50.8 14.7479 2.93897
      vertex 48.7 14.4856 2.64466
      vertex 50.8 14.4856 2.64466
    endloop
  endfacet
  facet normal 0 -0.636179 0.771541
    outer loop
      vertex 48.7 14.4856 2.64466
      vertex 50.8 14.1814 2.39383
      vertex 50.8 14.4856 2.64466
    endloop
  endfacet
  facet normal 0 -0.636179 0.771541
    outer loop
      vertex 50.8 14.1814 2.39383
      vertex 48.7 14.4856 2.64466
      vertex 48.7 14.1814 2.39383
    endloop
  endfacet
  facet normal 0 0.746538 0.665343
    outer loop
      vertex 50.8 10.9144 2.64466
      vertex 48.7 10.6521 2.93897
      vertex 50.8 10.6521 2.93897
    endloop
  endfacet
  facet normal 0 0.746538 0.665343
    outer loop
      vertex 48.7 10.6521 2.93897
      vertex 50.8 10.9144 2.64466
      vertex 48.7 10.9144 2.64466
    endloop
  endfacet
  facet normal 0 -0.964229 0.265072
    outer loop
      vertex 48.7 15.1234 3.62961
      vertex 50.8 15.2279 4.00974
      vertex 48.7 15.2279 4.00974
    endloop
  endfacet
  facet normal 0 -0.964229 0.265072
    outer loop
      vertex 50.8 15.2279 4.00974
      vertex 48.7 15.1234 3.62961
      vertex 50.8 15.1234 3.62961
    endloop
  endfacet
  facet normal 0 0.301696 -0.953404
    outer loop
      vertex 48.7 11.7374 6.88832
      vertex 50.8 12.1133 7.00727
      vertex 50.8 11.7374 6.88832
    endloop
  endfacet
  facet normal 0 0.301696 -0.953404
    outer loop
      vertex 50.8 12.1133 7.00727
      vertex 48.7 11.7374 6.88832
      vertex 48.7 12.1133 7.00727
    endloop
  endfacet
  facet normal 0 0.44372 -0.896166
    outer loop
      vertex 48.7 11.3841 6.71339
      vertex 50.8 11.7374 6.88832
      vertex 50.8 11.3841 6.71339
    endloop
  endfacet
  facet normal 0 0.44372 -0.896166
    outer loop
      vertex 50.8 11.7374 6.88832
      vertex 48.7 11.3841 6.71339
      vertex 48.7 11.7374 6.88832
    endloop
  endfacet
  facet normal 0 -0.795276 -0.606248
    outer loop
      vertex 0 40.2614 5.89969
      vertex 2.1 40.0224 6.21321
      vertex 0 40.0224 6.21321
    endloop
  endfacet
  facet normal 0 -0.795276 -0.606248
    outer loop
      vertex 2.1 40.0224 6.21321
      vertex 0 40.2614 5.89969
      vertex 2.1 40.2614 5.89969
    endloop
  endfacet
  facet normal 0 -0.373773 0.92752
    outer loop
      vertex 0 39.2426 2.19237
      vertex 2.1 38.8769 2.045
      vertex 2.1 39.2426 2.19237
    endloop
  endfacet
  facet normal 0 -0.373773 0.92752
    outer loop
      vertex 2.1 38.8769 2.045
      vertex 0 39.2426 2.19237
      vertex 0 38.8769 2.045
    endloop
  endfacet
  facet normal 0 0.999266 -0.0383026
    outer loop
      vertex 2.1 35.5269 4.40137
      vertex 0 35.542 4.79531
      vertex 2.1 35.542 4.79531
    endloop
  endfacet
  facet normal 0 0.999266 -0.0383026
    outer loop
      vertex 0 35.542 4.79531
      vertex 2.1 35.5269 4.40137
      vertex 0 35.5269 4.40137
    endloop
  endfacet
  facet normal 0 0.912569 0.408923
    outer loop
      vertex 2.1 35.8378 3.26987
      vertex 0 35.6766 3.62961
      vertex 2.1 35.6766 3.62961
    endloop
  endfacet
  facet normal 0 0.912569 0.408923
    outer loop
      vertex 0 35.6766 3.62961
      vertex 2.1 35.8378 3.26987
      vertex 0 35.8378 3.26987
    endloop
  endfacet
  facet normal 0 0.693368 -0.720583
    outer loop
      vertex 0 36.1776 6.21321
      vertex 2.1 36.4617 6.48658
      vertex 2.1 36.1776 6.21321
    endloop
  endfacet
  facet normal 0 0.693368 -0.720583
    outer loop
      vertex 2.1 36.4617 6.48658
      vertex 0 36.1776 6.21321
      vertex 0 36.4617 6.48658
    endloop
  endfacet
  facet normal -0 0.373773 0.92752
    outer loop
      vertex 0 37.3231 2.045
      vertex 2.1 36.9574 2.19237
      vertex 2.1 37.3231 2.045
    endloop
  endfacet
  facet normal 0 0.373773 0.92752
    outer loop
      vertex 2.1 36.9574 2.19237
      vertex 0 37.3231 2.045
      vertex 0 36.9574 2.19237
    endloop
  endfacet
  facet normal 0 -0.0765491 0.997066
    outer loop
      vertex 0 38.4931 1.95518
      vertex 2.1 38.1 1.925
      vertex 2.1 38.4931 1.95518
    endloop
  endfacet
  facet normal 0 -0.0765491 0.997066
    outer loop
      vertex 2.1 38.1 1.925
      vertex 0 38.4931 1.95518
      vertex 0 38.1 1.925
    endloop
  endfacet
  facet normal 0 0.301696 -0.953404
    outer loop
      vertex 0 37.1374 6.88832
      vertex 2.1 37.5133 7.00727
      vertex 2.1 37.1374 6.88832
    endloop
  endfacet
  facet normal 0 0.301696 -0.953404
    outer loop
      vertex 2.1 37.5133 7.00727
      vertex 0 37.1374 6.88832
      vertex 0 37.5133 7.00727
    endloop
  endfacet
  facet normal 0 -0.912569 0.408923
    outer loop
      vertex 0 40.3622 3.26987
      vertex 2.1 40.5234 3.62961
      vertex 0 40.5234 3.62961
    endloop
  endfacet
  facet normal 0 -0.912569 0.408923
    outer loop
      vertex 2.1 40.5234 3.62961
      vertex 0 40.3622 3.26987
      vertex 2.1 40.3622 3.26987
    endloop
  endfacet
  facet normal 0 0.795276 -0.606248
    outer loop
      vertex 2.1 35.9386 5.89969
      vertex 0 36.1776 6.21321
      vertex 2.1 36.1776 6.21321
    endloop
  endfacet
  facet normal 0 0.795276 -0.606248
    outer loop
      vertex 0 36.1776 6.21321
      vertex 2.1 35.9386 5.89969
      vertex 0 35.9386 5.89969
    endloop
  endfacet
  facet normal 0 -0.878548 -0.477654
    outer loop
      vertex 0 40.4497 5.55335
      vertex 2.1 40.2614 5.89969
      vertex 0 40.2614 5.89969
    endloop
  endfacet
  facet normal 0 -0.878548 -0.477654
    outer loop
      vertex 2.1 40.2614 5.89969
      vertex 0 40.4497 5.55335
      vertex 2.1 40.4497 5.55335
    endloop
  endfacet
  facet normal -0 0.227871 0.973691
    outer loop
      vertex 0 37.7069 1.95518
      vertex 2.1 37.3231 2.045
      vertex 2.1 37.7069 1.95518
    endloop
  endfacet
  facet normal 0 0.227871 0.973691
    outer loop
      vertex 2.1 37.3231 2.045
      vertex 0 37.7069 1.95518
      vertex 0 37.3231 2.045
    endloop
  endfacet
  facet normal 0 0.878548 -0.477654
    outer loop
      vertex 2.1 35.7503 5.55335
      vertex 0 35.9386 5.89969
      vertex 2.1 35.9386 5.89969
    endloop
  endfacet
  facet normal 0 0.878548 -0.477654
    outer loop
      vertex 0 35.9386 5.89969
      vertex 2.1 35.7503 5.55335
      vertex 0 35.7503 5.55335
    endloop
  endfacet
  facet normal 0 0.993405 0.114654
    outer loop
      vertex 2.1 35.5721 4.00974
      vertex 0 35.5269 4.40137
      vertex 2.1 35.5269 4.40137
    endloop
  endfacet
  facet normal 0 0.993405 0.114654
    outer loop
      vertex 0 35.5269 4.40137
      vertex 2.1 35.5721 4.00974
      vertex 0 35.5721 4.00974
    endloop
  endfacet
  facet normal 0 -0.941103 -0.338119
    outer loop
      vertex 0 40.583 5.18233
      vertex 2.1 40.4497 5.55335
      vertex 0 40.4497 5.55335
    endloop
  endfacet
  facet normal 0 -0.941103 -0.338119
    outer loop
      vertex 2.1 40.4497 5.55335
      vertex 0 40.583 5.18233
      vertex 2.1 40.583 5.18233
    endloop
  endfacet
  facet normal 0 -0.981736 -0.190249
    outer loop
      vertex 0 40.658 4.79531
      vertex 2.1 40.583 5.18233
      vertex 0 40.583 5.18233
    endloop
  endfacet
  facet normal 0 -0.981736 -0.190249
    outer loop
      vertex 2.1 40.583 5.18233
      vertex 0 40.658 4.79531
      vertex 2.1 40.658 4.79531
    endloop
  endfacet
  facet normal 0 0.839352 0.543588
    outer loop
      vertex 2.1 36.0521 2.93897
      vertex 0 35.8378 3.26987
      vertex 2.1 35.8378 3.26987
    endloop
  endfacet
  facet normal 0 0.839352 0.543588
    outer loop
      vertex 0 35.8378 3.26987
      vertex 2.1 36.0521 2.93897
      vertex 0 36.0521 2.93897
    endloop
  endfacet
  facet normal 0 0.44372 -0.896166
    outer loop
      vertex 0 36.7841 6.71339
      vertex 2.1 37.1374 6.88832
      vertex 2.1 36.7841 6.71339
    endloop
  endfacet
  facet normal 0 0.44372 -0.896166
    outer loop
      vertex 2.1 37.1374 6.88832
      vertex 0 36.7841 6.71339
      vertex 0 37.1374 6.88832
    endloop
  endfacet
  facet normal 0 -0.227871 0.973691
    outer loop
      vertex 0 38.8769 2.045
      vertex 2.1 38.4931 1.95518
      vertex 2.1 38.8769 2.045
    endloop
  endfacet
  facet normal 0 -0.227871 0.973691
    outer loop
      vertex 2.1 38.4931 1.95518
      vertex 0 38.8769 2.045
      vertex 0 38.4931 1.95518
    endloop
  endfacet
  facet normal 0 0.746538 0.665343
    outer loop
      vertex 2.1 36.3144 2.64466
      vertex 0 36.0521 2.93897
      vertex 2.1 36.0521 2.93897
    endloop
  endfacet
  facet normal 0 0.746538 0.665343
    outer loop
      vertex 0 36.0521 2.93897
      vertex 2.1 36.3144 2.64466
      vertex 0 36.3144 2.64466
    endloop
  endfacet
  facet normal 0 -0.152631 -0.988283
    outer loop
      vertex 0 38.2971 7.06744
      vertex 2.1 38.6867 7.00727
      vertex 2.1 38.2971 7.06744
    endloop
  endfacet
  facet normal -0 -0.152631 -0.988283
    outer loop
      vertex 2.1 38.6867 7.00727
      vertex 0 38.2971 7.06744
      vertex 0 38.6867 7.00727
    endloop
  endfacet
  facet normal 0 0.152631 -0.988283
    outer loop
      vertex 0 37.5133 7.00727
      vertex 2.1 37.9029 7.06744
      vertex 2.1 37.5133 7.00727
    endloop
  endfacet
  facet normal 0 0.152631 -0.988283
    outer loop
      vertex 2.1 37.9029 7.06744
      vertex 0 37.5133 7.00727
      vertex 0 37.9029 7.06744
    endloop
  endfacet
  facet normal 0 -0.993405 0.114654
    outer loop
      vertex 0 40.6279 4.00974
      vertex 2.1 40.6731 4.40137
      vertex 0 40.6731 4.40137
    endloop
  endfacet
  facet normal 0 -0.993405 0.114654
    outer loop
      vertex 2.1 40.6731 4.40137
      vertex 0 40.6279 4.00974
      vertex 2.1 40.6279 4.00974
    endloop
  endfacet
  facet normal 0 -0.746538 0.665343
    outer loop
      vertex 0 39.8856 2.64466
      vertex 2.1 40.1479 2.93897
      vertex 0 40.1479 2.93897
    endloop
  endfacet
  facet normal 0 -0.746538 0.665343
    outer loop
      vertex 2.1 40.1479 2.93897
      vertex 0 39.8856 2.64466
      vertex 2.1 39.8856 2.64466
    endloop
  endfacet
  facet normal -1 0 0
    outer loop
      vertex 2.1 40.6279 4.00974
      vertex 2.1 40.658 4.79531
      vertex 2.1 40.6731 4.40137
    endloop
  endfacet
  facet normal -1 0 0
    outer loop
      vertex 2.1 40.6279 4.00974
      vertex 2.1 40.583 5.18233
      vertex 2.1 40.658 4.79531
    endloop
  endfacet
  facet normal -1 0 0
    outer loop
      vertex 2.1 40.5234 3.62961
      vertex 2.1 40.583 5.18233
      vertex 2.1 40.6279 4.00974
    endloop
  endfacet
  facet normal -1 0 0
    outer loop
      vertex 2.1 40.5234 3.62961
      vertex 2.1 40.4497 5.55335
      vertex 2.1 40.583 5.18233
    endloop
  endfacet
  facet normal -1 0 0
    outer loop
      vertex 2.1 40.3622 3.26987
      vertex 2.1 40.4497 5.55335
      vertex 2.1 40.5234 3.62961
    endloop
  endfacet
  facet normal -1 0 0
    outer loop
      vertex 2.1 40.3622 3.26987
      vertex 2.1 40.2614 5.89969
      vertex 2.1 40.4497 5.55335
    endloop
  endfacet
  facet normal -1 0 0
    outer loop
      vertex 2.1 40.1479 2.93897
      vertex 2.1 40.2614 5.89969
      vertex 2.1 40.3622 3.26987
    endloop
  endfacet
  facet normal -1 0 0
    outer loop
      vertex 2.1 40.1479 2.93897
      vertex 2.1 40.0224 6.21321
      vertex 2.1 40.2614 5.89969
    endloop
  endfacet
  facet normal -1 0 0
    outer loop
      vertex 2.1 39.8856 2.64466
      vertex 2.1 40.0224 6.21321
      vertex 2.1 40.1479 2.93897
    endloop
  endfacet
  facet normal -1 0 0
    outer loop
      vertex 2.1 39.8856 2.64466
      vertex 2.1 39.7383 6.48658
      vertex 2.1 40.0224 6.21321
    endloop
  endfacet
  facet normal -1 0 0
    outer loop
      vertex 2.1 39.5814 2.39383
      vertex 2.1 39.7383 6.48658
      vertex 2.1 39.8856 2.64466
    endloop
  endfacet
  facet normal -1 0 0
    outer loop
      vertex 2.1 39.5814 2.39383
      vertex 2.1 39.4159 6.71339
      vertex 2.1 39.7383 6.48658
    endloop
  endfacet
  facet normal -1 0 0
    outer loop
      vertex 2.1 39.2426 2.19237
      vertex 2.1 39.4159 6.71339
      vertex 2.1 39.5814 2.39383
    endloop
  endfacet
  facet normal -1 0 0
    outer loop
      vertex 2.1 39.2426 2.19237
      vertex 2.1 39.0626 6.88832
      vertex 2.1 39.4159 6.71339
    endloop
  endfacet
  facet normal -1 0 0
    outer loop
      vertex 2.1 38.8769 2.045
      vertex 2.1 39.0626 6.88832
      vertex 2.1 39.2426 2.19237
    endloop
  endfacet
  facet normal -1 0 0
    outer loop
      vertex 2.1 38.8769 2.045
      vertex 2.1 38.6867 7.00727
      vertex 2.1 39.0626 6.88832
    endloop
  endfacet
  facet normal -1 0 0
    outer loop
      vertex 2.1 38.4931 1.95518
      vertex 2.1 38.6867 7.00727
      vertex 2.1 38.8769 2.045
    endloop
  endfacet
  facet normal -1 0 0
    outer loop
      vertex 2.1 38.4931 1.95518
      vertex 2.1 38.2971 7.06744
      vertex 2.1 38.6867 7.00727
    endloop
  endfacet
  facet normal -1 0 0
    outer loop
      vertex 2.1 38.1 1.925
      vertex 2.1 38.2971 7.06744
      vertex 2.1 38.4931 1.95518
    endloop
  endfacet
  facet normal -1 0 0
    outer loop
      vertex 2.1 38.1 1.925
      vertex 2.1 37.9029 7.06744
      vertex 2.1 38.2971 7.06744
    endloop
  endfacet
  facet normal -1 0 0
    outer loop
      vertex 2.1 37.7069 1.95518
      vertex 2.1 37.9029 7.06744
      vertex 2.1 38.1 1.925
    endloop
  endfacet
  facet normal -1 0 0
    outer loop
      vertex 2.1 37.7069 1.95518
      vertex 2.1 37.5133 7.00727
      vertex 2.1 37.9029 7.06744
    endloop
  endfacet
  facet normal -1 0 0
    outer loop
      vertex 2.1 37.3231 2.045
      vertex 2.1 37.5133 7.00727
      vertex 2.1 37.7069 1.95518
    endloop
  endfacet
  facet normal -1 0 0
    outer loop
      vertex 2.1 37.3231 2.045
      vertex 2.1 37.1374 6.88832
      vertex 2.1 37.5133 7.00727
    endloop
  endfacet
  facet normal -1 0 0
    outer loop
      vertex 2.1 36.9574 2.19237
      vertex 2.1 37.1374 6.88832
      vertex 2.1 37.3231 2.045
    endloop
  endfacet
  facet normal -1 0 0
    outer loop
      vertex 2.1 36.9574 2.19237
      vertex 2.1 36.7841 6.71339
      vertex 2.1 37.1374 6.88832
    endloop
  endfacet
  facet normal -1 0 0
    outer loop
      vertex 2.1 36.6186 2.39383
      vertex 2.1 36.7841 6.71339
      vertex 2.1 36.9574 2.19237
    endloop
  endfacet
  facet normal -1 0 0
    outer loop
      vertex 2.1 36.6186 2.39383
      vertex 2.1 36.4617 6.48658
      vertex 2.1 36.7841 6.71339
    endloop
  endfacet
  facet normal -1 0 0
    outer loop
      vertex 2.1 36.3144 2.64466
      vertex 2.1 36.4617 6.48658
      vertex 2.1 36.6186 2.39383
    endloop
  endfacet
  facet normal -1 0 0
    outer loop
      vertex 2.1 36.3144 2.64466
      vertex 2.1 36.1776 6.21321
      vertex 2.1 36.4617 6.48658
    endloop
  endfacet
  facet normal -1 0 0
    outer loop
      vertex 2.1 36.0521 2.93897
      vertex 2.1 36.1776 6.21321
      vertex 2.1 36.3144 2.64466
    endloop
  endfacet
  facet normal -1 0 0
    outer loop
      vertex 2.1 36.0521 2.93897
      vertex 2.1 35.9386 5.89969
      vertex 2.1 36.1776 6.21321
    endloop
  endfacet
  facet normal -1 0 0
    outer loop
      vertex 2.1 35.8378 3.26987
      vertex 2.1 35.9386 5.89969
      vertex 2.1 36.0521 2.93897
    endloop
  endfacet
  facet normal -1 0 0
    outer loop
      vertex 2.1 35.8378 3.26987
      vertex 2.1 35.7503 5.55335
      vertex 2.1 35.9386 5.89969
    endloop
  endfacet
  facet normal -1 0 0
    outer loop
      vertex 2.1 35.6766 3.62961
      vertex 2.1 35.7503 5.55335
      vertex 2.1 35.8378 3.26987
    endloop
  endfacet
  facet normal -1 0 0
    outer loop
      vertex 2.1 35.6766 3.62961
      vertex 2.1 35.617 5.18233
      vertex 2.1 35.7503 5.55335
    endloop
  endfacet
  facet normal -1 0 0
    outer loop
      vertex 2.1 35.5721 4.00974
      vertex 2.1 35.617 5.18233
      vertex 2.1 35.6766 3.62961
    endloop
  endfacet
  facet normal -1 0 0
    outer loop
      vertex 2.1 35.5721 4.00974
      vertex 2.1 35.542 4.79531
      vertex 2.1 35.617 5.18233
    endloop
  endfacet
  facet normal -1 0 -0
    outer loop
      vertex 2.1 35.542 4.79531
      vertex 2.1 35.5721 4.00974
      vertex 2.1 35.5269 4.40137
    endloop
  endfacet
  facet normal -0 0.511097 0.859523
    outer loop
      vertex 0 36.9574 2.19237
      vertex 2.1 36.6186 2.39383
      vertex 2.1 36.9574 2.19237
    endloop
  endfacet
  facet normal 0 0.511097 0.859523
    outer loop
      vertex 2.1 36.6186 2.39383
      vertex 0 36.9574 2.19237
      vertex 0 36.6186 2.39383
    endloop
  endfacet
  facet normal 0 -0.839352 0.543588
    outer loop
      vertex 0 40.1479 2.93897
      vertex 2.1 40.3622 3.26987
      vertex 0 40.3622 3.26987
    endloop
  endfacet
  facet normal 0 -0.839352 0.543588
    outer loop
      vertex 2.1 40.3622 3.26987
      vertex 0 40.1479 2.93897
      vertex 2.1 40.1479 2.93897
    endloop
  endfacet
  facet normal -0 0.636179 0.771541
    outer loop
      vertex 0 36.6186 2.39383
      vertex 2.1 36.3144 2.64466
      vertex 2.1 36.6186 2.39383
    endloop
  endfacet
  facet normal 0 0.636179 0.771541
    outer loop
      vertex 2.1 36.3144 2.64466
      vertex 0 36.6186 2.39383
      vertex 0 36.3144 2.64466
    endloop
  endfacet
  facet normal 0 -0.999266 -0.0383026
    outer loop
      vertex 0 40.6731 4.40137
      vertex 2.1 40.658 4.79531
      vertex 0 40.658 4.79531
    endloop
  endfacet
  facet normal 0 -0.999266 -0.0383026
    outer loop
      vertex 2.1 40.658 4.79531
      vertex 0 40.6731 4.40137
      vertex 2.1 40.6731 4.40137
    endloop
  endfacet
  facet normal 0 0 -1
    outer loop
      vertex 0 37.9029 7.06744
      vertex 2.1 38.2971 7.06744
      vertex 2.1 37.9029 7.06744
    endloop
  endfacet
  facet normal -0 0 -1
    outer loop
      vertex 2.1 38.2971 7.06744
      vertex 0 37.9029 7.06744
      vertex 0 38.2971 7.06744
    endloop
  endfacet
  facet normal 0 -0.511097 0.859523
    outer loop
      vertex 0 39.5814 2.39383
      vertex 2.1 39.2426 2.19237
      vertex 2.1 39.5814 2.39383
    endloop
  endfacet
  facet normal 0 -0.511097 0.859523
    outer loop
      vertex 2.1 39.2426 2.19237
      vertex 0 39.5814 2.39383
      vertex 0 39.2426 2.19237
    endloop
  endfacet
  facet normal 0 0.575385 -0.817883
    outer loop
      vertex 0 36.4617 6.48658
      vertex 2.1 36.7841 6.71339
      vertex 2.1 36.4617 6.48658
    endloop
  endfacet
  facet normal 0 0.575385 -0.817883
    outer loop
      vertex 2.1 36.7841 6.71339
      vertex 0 36.4617 6.48658
      vertex 0 36.7841 6.71339
    endloop
  endfacet
  facet normal -0 0.0765491 0.997066
    outer loop
      vertex 0 38.1 1.925
      vertex 2.1 37.7069 1.95518
      vertex 2.1 38.1 1.925
    endloop
  endfacet
  facet normal 0 0.0765491 0.997066
    outer loop
      vertex 2.1 37.7069 1.95518
      vertex 0 38.1 1.925
      vertex 0 37.7069 1.95518
    endloop
  endfacet
  facet normal 0 0.964229 0.265072
    outer loop
      vertex 2.1 35.6766 3.62961
      vertex 0 35.5721 4.00974
      vertex 2.1 35.5721 4.00974
    endloop
  endfacet
  facet normal 0 0.964229 0.265072
    outer loop
      vertex 0 35.5721 4.00974
      vertex 2.1 35.6766 3.62961
      vertex 0 35.6766 3.62961
    endloop
  endfacet
  facet normal 0 -0.636179 0.771541
    outer loop
      vertex 0 39.8856 2.64466
      vertex 2.1 39.5814 2.39383
      vertex 2.1 39.8856 2.64466
    endloop
  endfacet
  facet normal 0 -0.636179 0.771541
    outer loop
      vertex 2.1 39.5814 2.39383
      vertex 0 39.8856 2.64466
      vertex 0 39.5814 2.39383
    endloop
  endfacet
  facet normal 0 -0.693368 -0.720583
    outer loop
      vertex 0 39.7383 6.48658
      vertex 2.1 40.0224 6.21321
      vertex 2.1 39.7383 6.48658
    endloop
  endfacet
  facet normal -0 -0.693368 -0.720583
    outer loop
      vertex 2.1 40.0224 6.21321
      vertex 0 39.7383 6.48658
      vertex 0 40.0224 6.21321
    endloop
  endfacet
  facet normal 0 -0.44372 -0.896166
    outer loop
      vertex 0 39.0626 6.88832
      vertex 2.1 39.4159 6.71339
      vertex 2.1 39.0626 6.88832
    endloop
  endfacet
  facet normal -0 -0.44372 -0.896166
    outer loop
      vertex 2.1 39.4159 6.71339
      vertex 0 39.0626 6.88832
      vertex 0 39.4159 6.71339
    endloop
  endfacet
  facet normal 0 -0.301696 -0.953404
    outer loop
      vertex 0 38.6867 7.00727
      vertex 2.1 39.0626 6.88832
      vertex 2.1 38.6867 7.00727
    endloop
  endfacet
  facet normal -0 -0.301696 -0.953404
    outer loop
      vertex 2.1 39.0626 6.88832
      vertex 0 38.6867 7.00727
      vertex 0 39.0626 6.88832
    endloop
  endfacet
  facet normal 0 0.941103 -0.338119
    outer loop
      vertex 2.1 35.617 5.18233
      vertex 0 35.7503 5.55335
      vertex 2.1 35.7503 5.55335
    endloop
  endfacet
  facet normal 0 0.941103 -0.338119
    outer loop
      vertex 0 35.7503 5.55335
      vertex 2.1 35.617 5.18233
      vertex 0 35.617 5.18233
    endloop
  endfacet
  facet normal 0 -0.964229 0.265072
    outer loop
      vertex 0 40.5234 3.62961
      vertex 2.1 40.6279 4.00974
      vertex 0 40.6279 4.00974
    endloop
  endfacet
  facet normal 0 -0.964229 0.265072
    outer loop
      vertex 2.1 40.6279 4.00974
      vertex 0 40.5234 3.62961
      vertex 2.1 40.5234 3.62961
    endloop
  endfacet
  facet normal 0 0.981736 -0.190249
    outer loop
      vertex 2.1 35.542 4.79531
      vertex 0 35.617 5.18233
      vertex 2.1 35.617 5.18233
    endloop
  endfacet
  facet normal 0 0.981736 -0.190249
    outer loop
      vertex 0 35.617 5.18233
      vertex 2.1 35.542 4.79531
      vertex 0 35.542 4.79531
    endloop
  endfacet
  facet normal 0 -0.575385 -0.817883
    outer loop
      vertex 0 39.4159 6.71339
      vertex 2.1 39.7383 6.48658
      vertex 2.1 39.4159 6.71339
    endloop
  endfacet
  facet normal -0 -0.575385 -0.817883
    outer loop
      vertex 2.1 39.7383 6.48658
      vertex 0 39.4159 6.71339
      vertex 0 39.7383 6.48658
    endloop
  endfacet
  facet normal -0 0.636179 0.771541
    outer loop
      vertex 48.7 36.6186 2.39383
      vertex 50.8 36.3144 2.64466
      vertex 50.8 36.6186 2.39383
    endloop
  endfacet
  facet normal 0 0.636179 0.771541
    outer loop
      vertex 50.8 36.3144 2.64466
      vertex 48.7 36.6186 2.39383
      vertex 48.7 36.3144 2.64466
    endloop
  endfacet
  facet normal 0 0.941103 -0.338119
    outer loop
      vertex 50.8 35.617 5.18233
      vertex 48.7 35.7503 5.55335
      vertex 50.8 35.7503 5.55335
    endloop
  endfacet
  facet normal 0 0.941103 -0.338119
    outer loop
      vertex 48.7 35.7503 5.55335
      vertex 50.8 35.617 5.18233
      vertex 48.7 35.617 5.18233
    endloop
  endfacet
  facet normal 0 -0.0765491 0.997066
    outer loop
      vertex 48.7 38.4931 1.95518
      vertex 50.8 38.1 1.925
      vertex 50.8 38.4931 1.95518
    endloop
  endfacet
  facet normal 0 -0.0765491 0.997066
    outer loop
      vertex 50.8 38.1 1.925
      vertex 48.7 38.4931 1.95518
      vertex 48.7 38.1 1.925
    endloop
  endfacet
  facet normal -0 0.373773 0.92752
    outer loop
      vertex 48.7 37.3231 2.045
      vertex 50.8 36.9574 2.19237
      vertex 50.8 37.3231 2.045
    endloop
  endfacet
  facet normal 0 0.373773 0.92752
    outer loop
      vertex 50.8 36.9574 2.19237
      vertex 48.7 37.3231 2.045
      vertex 48.7 36.9574 2.19237
    endloop
  endfacet
  facet normal 0 0.839352 0.543588
    outer loop
      vertex 50.8 36.0521 2.93897
      vertex 48.7 35.8378 3.26987
      vertex 50.8 35.8378 3.26987
    endloop
  endfacet
  facet normal 0 0.839352 0.543588
    outer loop
      vertex 48.7 35.8378 3.26987
      vertex 50.8 36.0521 2.93897
      vertex 48.7 36.0521 2.93897
    endloop
  endfacet
  facet normal 0 -0.999266 -0.0383026
    outer loop
      vertex 48.7 40.6731 4.40137
      vertex 50.8 40.658 4.79531
      vertex 48.7 40.658 4.79531
    endloop
  endfacet
  facet normal 0 -0.999266 -0.0383026
    outer loop
      vertex 50.8 40.658 4.79531
      vertex 48.7 40.6731 4.40137
      vertex 50.8 40.6731 4.40137
    endloop
  endfacet
  facet normal 0 -0.964229 0.265072
    outer loop
      vertex 48.7 40.5234 3.62961
      vertex 50.8 40.6279 4.00974
      vertex 48.7 40.6279 4.00974
    endloop
  endfacet
  facet normal 0 -0.964229 0.265072
    outer loop
      vertex 50.8 40.6279 4.00974
      vertex 48.7 40.5234 3.62961
      vertex 50.8 40.5234 3.62961
    endloop
  endfacet
  facet normal 0 0.993405 0.114654
    outer loop
      vertex 50.8 35.5721 4.00974
      vertex 48.7 35.5269 4.40137
      vertex 50.8 35.5269 4.40137
    endloop
  endfacet
  facet normal 0 0.993405 0.114654
    outer loop
      vertex 48.7 35.5269 4.40137
      vertex 50.8 35.5721 4.00974
      vertex 48.7 35.5721 4.00974
    endloop
  endfacet
  facet normal 0 -0.981736 -0.190249
    outer loop
      vertex 48.7 40.658 4.79531
      vertex 50.8 40.583 5.18233
      vertex 48.7 40.583 5.18233
    endloop
  endfacet
  facet normal 0 -0.981736 -0.190249
    outer loop
      vertex 50.8 40.583 5.18233
      vertex 48.7 40.658 4.79531
      vertex 50.8 40.658 4.79531
    endloop
  endfacet
  facet normal 0 0.575385 -0.817883
    outer loop
      vertex 48.7 36.4617 6.48658
      vertex 50.8 36.7841 6.71339
      vertex 50.8 36.4617 6.48658
    endloop
  endfacet
  facet normal 0 0.575385 -0.817883
    outer loop
      vertex 50.8 36.7841 6.71339
      vertex 48.7 36.4617 6.48658
      vertex 48.7 36.7841 6.71339
    endloop
  endfacet
  facet normal -0 0.511097 0.859523
    outer loop
      vertex 48.7 36.9574 2.19237
      vertex 50.8 36.6186 2.39383
      vertex 50.8 36.9574 2.19237
    endloop
  endfacet
  facet normal 0 0.511097 0.859523
    outer loop
      vertex 50.8 36.6186 2.39383
      vertex 48.7 36.9574 2.19237
      vertex 48.7 36.6186 2.39383
    endloop
  endfacet
  facet normal 0 -0.993405 0.114654
    outer loop
      vertex 48.7 40.6279 4.00974
      vertex 50.8 40.6731 4.40137
      vertex 48.7 40.6731 4.40137
    endloop
  endfacet
  facet normal 0 -0.993405 0.114654
    outer loop
      vertex 50.8 40.6731 4.40137
      vertex 48.7 40.6279 4.00974
      vertex 50.8 40.6279 4.00974
    endloop
  endfacet
  facet normal 0 -0.373773 0.92752
    outer loop
      vertex 48.7 39.2426 2.19237
      vertex 50.8 38.8769 2.045
      vertex 50.8 39.2426 2.19237
    endloop
  endfacet
  facet normal 0 -0.373773 0.92752
    outer loop
      vertex 50.8 38.8769 2.045
      vertex 48.7 39.2426 2.19237
      vertex 48.7 38.8769 2.045
    endloop
  endfacet
  facet normal 0 -0.227871 0.973691
    outer loop
      vertex 48.7 38.8769 2.045
      vertex 50.8 38.4931 1.95518
      vertex 50.8 38.8769 2.045
    endloop
  endfacet
  facet normal 0 -0.227871 0.973691
    outer loop
      vertex 50.8 38.4931 1.95518
      vertex 48.7 38.8769 2.045
      vertex 48.7 38.4931 1.95518
    endloop
  endfacet
  facet normal 0 -0.575385 -0.817883
    outer loop
      vertex 48.7 39.4159 6.71339
      vertex 50.8 39.7383 6.48658
      vertex 50.8 39.4159 6.71339
    endloop
  endfacet
  facet normal -0 -0.575385 -0.817883
    outer loop
      vertex 50.8 39.7383 6.48658
      vertex 48.7 39.4159 6.71339
      vertex 48.7 39.7383 6.48658
    endloop
  endfacet
  facet normal 0 0.44372 -0.896166
    outer loop
      vertex 48.7 36.7841 6.71339
      vertex 50.8 37.1374 6.88832
      vertex 50.8 36.7841 6.71339
    endloop
  endfacet
  facet normal 0 0.44372 -0.896166
    outer loop
      vertex 50.8 37.1374 6.88832
      vertex 48.7 36.7841 6.71339
      vertex 48.7 37.1374 6.88832
    endloop
  endfacet
  facet normal -0 0.227871 0.973691
    outer loop
      vertex 48.7 37.7069 1.95518
      vertex 50.8 37.3231 2.045
      vertex 50.8 37.7069 1.95518
    endloop
  endfacet
  facet normal 0 0.227871 0.973691
    outer loop
      vertex 50.8 37.3231 2.045
      vertex 48.7 37.7069 1.95518
      vertex 48.7 37.3231 2.045
    endloop
  endfacet
  facet normal 0 0.746538 0.665343
    outer loop
      vertex 50.8 36.3144 2.64466
      vertex 48.7 36.0521 2.93897
      vertex 50.8 36.0521 2.93897
    endloop
  endfacet
  facet normal 0 0.746538 0.665343
    outer loop
      vertex 48.7 36.0521 2.93897
      vertex 50.8 36.3144 2.64466
      vertex 48.7 36.3144 2.64466
    endloop
  endfacet
  facet normal 0 -0.912569 0.408923
    outer loop
      vertex 48.7 40.3622 3.26987
      vertex 50.8 40.5234 3.62961
      vertex 48.7 40.5234 3.62961
    endloop
  endfacet
  facet normal 0 -0.912569 0.408923
    outer loop
      vertex 50.8 40.5234 3.62961
      vertex 48.7 40.3622 3.26987
      vertex 50.8 40.3622 3.26987
    endloop
  endfacet
  facet normal 0 -0.152631 -0.988283
    outer loop
      vertex 48.7 38.2971 7.06744
      vertex 50.8 38.6867 7.00727
      vertex 50.8 38.2971 7.06744
    endloop
  endfacet
  facet normal -0 -0.152631 -0.988283
    outer loop
      vertex 50.8 38.6867 7.00727
      vertex 48.7 38.2971 7.06744
      vertex 48.7 38.6867 7.00727
    endloop
  endfacet
  facet normal 0 -0.636179 0.771541
    outer loop
      vertex 48.7 39.8856 2.64466
      vertex 50.8 39.5814 2.39383
      vertex 50.8 39.8856 2.64466
    endloop
  endfacet
  facet normal 0 -0.636179 0.771541
    outer loop
      vertex 50.8 39.5814 2.39383
      vertex 48.7 39.8856 2.64466
      vertex 48.7 39.5814 2.39383
    endloop
  endfacet
  facet normal 0 -0.693368 -0.720583
    outer loop
      vertex 48.7 39.7383 6.48658
      vertex 50.8 40.0224 6.21321
      vertex 50.8 39.7383 6.48658
    endloop
  endfacet
  facet normal -0 -0.693368 -0.720583
    outer loop
      vertex 50.8 40.0224 6.21321
      vertex 48.7 39.7383 6.48658
      vertex 48.7 40.0224 6.21321
    endloop
  endfacet
  facet normal 0 -0.511097 0.859523
    outer loop
      vertex 48.7 39.5814 2.39383
      vertex 50.8 39.2426 2.19237
      vertex 50.8 39.5814 2.39383
    endloop
  endfacet
  facet normal 0 -0.511097 0.859523
    outer loop
      vertex 50.8 39.2426 2.19237
      vertex 48.7 39.5814 2.39383
      vertex 48.7 39.2426 2.19237
    endloop
  endfacet
  facet normal 0 0.912569 0.408923
    outer loop
      vertex 50.8 35.8378 3.26987
      vertex 48.7 35.6766 3.62961
      vertex 50.8 35.6766 3.62961
    endloop
  endfacet
  facet normal 0 0.912569 0.408923
    outer loop
      vertex 48.7 35.6766 3.62961
      vertex 50.8 35.8378 3.26987
      vertex 48.7 35.8378 3.26987
    endloop
  endfacet
  facet normal 0 0.878548 -0.477654
    outer loop
      vertex 50.8 35.7503 5.55335
      vertex 48.7 35.9386 5.89969
      vertex 50.8 35.9386 5.89969
    endloop
  endfacet
  facet normal 0 0.878548 -0.477654
    outer loop
      vertex 48.7 35.9386 5.89969
      vertex 50.8 35.7503 5.55335
      vertex 48.7 35.7503 5.55335
    endloop
  endfacet
  facet normal 0 -0.941103 -0.338119
    outer loop
      vertex 48.7 40.583 5.18233
      vertex 50.8 40.4497 5.55335
      vertex 48.7 40.4497 5.55335
    endloop
  endfacet
  facet normal 0 -0.941103 -0.338119
    outer loop
      vertex 50.8 40.4497 5.55335
      vertex 48.7 40.583 5.18233
      vertex 50.8 40.583 5.18233
    endloop
  endfacet
  facet normal 0 0.999266 -0.0383026
    outer loop
      vertex 50.8 35.5269 4.40137
      vertex 48.7 35.542 4.79531
      vertex 50.8 35.542 4.79531
    endloop
  endfacet
  facet normal 0 0.999266 -0.0383026
    outer loop
      vertex 48.7 35.542 4.79531
      vertex 50.8 35.5269 4.40137
      vertex 48.7 35.5269 4.40137
    endloop
  endfacet
  facet normal 0 -0.878548 -0.477654
    outer loop
      vertex 48.7 40.4497 5.55335
      vertex 50.8 40.2614 5.89969
      vertex 48.7 40.2614 5.89969
    endloop
  endfacet
  facet normal 0 -0.878548 -0.477654
    outer loop
      vertex 50.8 40.2614 5.89969
      vertex 48.7 40.4497 5.55335
      vertex 50.8 40.4497 5.55335
    endloop
  endfacet
  facet normal 0 -0.795276 -0.606248
    outer loop
      vertex 48.7 40.2614 5.89969
      vertex 50.8 40.0224 6.21321
      vertex 48.7 40.0224 6.21321
    endloop
  endfacet
  facet normal 0 -0.795276 -0.606248
    outer loop
      vertex 50.8 40.0224 6.21321
      vertex 48.7 40.2614 5.89969
      vertex 50.8 40.2614 5.89969
    endloop
  endfacet
  facet normal 0 0 -1
    outer loop
      vertex 48.7 37.9029 7.06744
      vertex 50.8 38.2971 7.06744
      vertex 50.8 37.9029 7.06744
    endloop
  endfacet
  facet normal -0 0 -1
    outer loop
      vertex 50.8 38.2971 7.06744
      vertex 48.7 37.9029 7.06744
      vertex 48.7 38.2971 7.06744
    endloop
  endfacet
  facet normal 0 -0.839352 0.543588
    outer loop
      vertex 48.7 40.1479 2.93897
      vertex 50.8 40.3622 3.26987
      vertex 48.7 40.3622 3.26987
    endloop
  endfacet
  facet normal 0 -0.839352 0.543588
    outer loop
      vertex 50.8 40.3622 3.26987
      vertex 48.7 40.1479 2.93897
      vertex 50.8 40.1479 2.93897
    endloop
  endfacet
  facet normal 0 0.693368 -0.720583
    outer loop
      vertex 48.7 36.1776 6.21321
      vertex 50.8 36.4617 6.48658
      vertex 50.8 36.1776 6.21321
    endloop
  endfacet
  facet normal 0 0.693368 -0.720583
    outer loop
      vertex 50.8 36.4617 6.48658
      vertex 48.7 36.1776 6.21321
      vertex 48.7 36.4617 6.48658
    endloop
  endfacet
  facet normal 0 -0.746538 0.665343
    outer loop
      vertex 48.7 39.8856 2.64466
      vertex 50.8 40.1479 2.93897
      vertex 48.7 40.1479 2.93897
    endloop
  endfacet
  facet normal 0 -0.746538 0.665343
    outer loop
      vertex 50.8 40.1479 2.93897
      vertex 48.7 39.8856 2.64466
      vertex 50.8 39.8856 2.64466
    endloop
  endfacet
  facet normal 0 0.152631 -0.988283
    outer loop
      vertex 48.7 37.5133 7.00727
      vertex 50.8 37.9029 7.06744
      vertex 50.8 37.5133 7.00727
    endloop
  endfacet
  facet normal 0 0.152631 -0.988283
    outer loop
      vertex 50.8 37.9029 7.06744
      vertex 48.7 37.5133 7.00727
      vertex 48.7 37.9029 7.06744
    endloop
  endfacet
  facet normal 0 0.301696 -0.953404
    outer loop
      vertex 48.7 37.1374 6.88832
      vertex 50.8 37.5133 7.00727
      vertex 50.8 37.1374 6.88832
    endloop
  endfacet
  facet normal 0 0.301696 -0.953404
    outer loop
      vertex 50.8 37.5133 7.00727
      vertex 48.7 37.1374 6.88832
      vertex 48.7 37.5133 7.00727
    endloop
  endfacet
  facet normal 0 0.795276 -0.606248
    outer loop
      vertex 50.8 35.9386 5.89969
      vertex 48.7 36.1776 6.21321
      vertex 50.8 36.1776 6.21321
    endloop
  endfacet
  facet normal 0 0.795276 -0.606248
    outer loop
      vertex 48.7 36.1776 6.21321
      vertex 50.8 35.9386 5.89969
      vertex 48.7 35.9386 5.89969
    endloop
  endfacet
  facet normal 0 -0.301696 -0.953404
    outer loop
      vertex 48.7 38.6867 7.00727
      vertex 50.8 39.0626 6.88832
      vertex 50.8 38.6867 7.00727
    endloop
  endfacet
  facet normal -0 -0.301696 -0.953404
    outer loop
      vertex 50.8 39.0626 6.88832
      vertex 48.7 38.6867 7.00727
      vertex 48.7 39.0626 6.88832
    endloop
  endfacet
  facet normal 0 0.981736 -0.190249
    outer loop
      vertex 50.8 35.542 4.79531
      vertex 48.7 35.617 5.18233
      vertex 50.8 35.617 5.18233
    endloop
  endfacet
  facet normal 0 0.981736 -0.190249
    outer loop
      vertex 48.7 35.617 5.18233
      vertex 50.8 35.542 4.79531
      vertex 48.7 35.542 4.79531
    endloop
  endfacet
  facet normal 0 -0.44372 -0.896166
    outer loop
      vertex 48.7 39.0626 6.88832
      vertex 50.8 39.4159 6.71339
      vertex 50.8 39.0626 6.88832
    endloop
  endfacet
  facet normal -0 -0.44372 -0.896166
    outer loop
      vertex 50.8 39.4159 6.71339
      vertex 48.7 39.0626 6.88832
      vertex 48.7 39.4159 6.71339
    endloop
  endfacet
  facet normal -0 0.0765491 0.997066
    outer loop
      vertex 48.7 38.1 1.925
      vertex 50.8 37.7069 1.95518
      vertex 50.8 38.1 1.925
    endloop
  endfacet
  facet normal 0 0.0765491 0.997066
    outer loop
      vertex 50.8 37.7069 1.95518
      vertex 48.7 38.1 1.925
      vertex 48.7 37.7069 1.95518
    endloop
  endfacet
  facet normal 0 0.964229 0.265072
    outer loop
      vertex 50.8 35.6766 3.62961
      vertex 48.7 35.5721 4.00974
      vertex 50.8 35.5721 4.00974
    endloop
  endfacet
  facet normal 0 0.964229 0.265072
    outer loop
      vertex 48.7 35.5721 4.00974
      vertex 50.8 35.6766 3.62961
      vertex 48.7 35.6766 3.62961
    endloop
  endfacet
  facet normal 1 0 0
    outer loop
      vertex 48.7 40.658 4.79531
      vertex 48.7 40.6279 4.00974
      vertex 48.7 40.6731 4.40137
    endloop
  endfacet
  facet normal 1 0 0
    outer loop
      vertex 48.7 40.583 5.18233
      vertex 48.7 40.6279 4.00974
      vertex 48.7 40.658 4.79531
    endloop
  endfacet
  facet normal 1 0 0
    outer loop
      vertex 48.7 40.583 5.18233
      vertex 48.7 40.5234 3.62961
      vertex 48.7 40.6279 4.00974
    endloop
  endfacet
  facet normal 1 0 0
    outer loop
      vertex 48.7 40.4497 5.55335
      vertex 48.7 40.5234 3.62961
      vertex 48.7 40.583 5.18233
    endloop
  endfacet
  facet normal 1 0 0
    outer loop
      vertex 48.7 40.4497 5.55335
      vertex 48.7 40.3622 3.26987
      vertex 48.7 40.5234 3.62961
    endloop
  endfacet
  facet normal 1 0 0
    outer loop
      vertex 48.7 40.2614 5.89969
      vertex 48.7 40.3622 3.26987
      vertex 48.7 40.4497 5.55335
    endloop
  endfacet
  facet normal 1 0 0
    outer loop
      vertex 48.7 40.2614 5.89969
      vertex 48.7 40.1479 2.93897
      vertex 48.7 40.3622 3.26987
    endloop
  endfacet
  facet normal 1 0 0
    outer loop
      vertex 48.7 40.0224 6.21321
      vertex 48.7 40.1479 2.93897
      vertex 48.7 40.2614 5.89969
    endloop
  endfacet
  facet normal 1 0 0
    outer loop
      vertex 48.7 40.0224 6.21321
      vertex 48.7 39.8856 2.64466
      vertex 48.7 40.1479 2.93897
    endloop
  endfacet
  facet normal 1 0 0
    outer loop
      vertex 48.7 39.7383 6.48658
      vertex 48.7 39.8856 2.64466
      vertex 48.7 40.0224 6.21321
    endloop
  endfacet
  facet normal 1 0 0
    outer loop
      vertex 48.7 39.7383 6.48658
      vertex 48.7 39.5814 2.39383
      vertex 48.7 39.8856 2.64466
    endloop
  endfacet
  facet normal 1 0 0
    outer loop
      vertex 48.7 39.4159 6.71339
      vertex 48.7 39.5814 2.39383
      vertex 48.7 39.7383 6.48658
    endloop
  endfacet
  facet normal 1 0 0
    outer loop
      vertex 48.7 39.4159 6.71339
      vertex 48.7 39.2426 2.19237
      vertex 48.7 39.5814 2.39383
    endloop
  endfacet
  facet normal 1 0 0
    outer loop
      vertex 48.7 39.0626 6.88832
      vertex 48.7 39.2426 2.19237
      vertex 48.7 39.4159 6.71339
    endloop
  endfacet
  facet normal 1 0 0
    outer loop
      vertex 48.7 39.0626 6.88832
      vertex 48.7 38.8769 2.045
      vertex 48.7 39.2426 2.19237
    endloop
  endfacet
  facet normal 1 0 0
    outer loop
      vertex 48.7 38.6867 7.00727
      vertex 48.7 38.8769 2.045
      vertex 48.7 39.0626 6.88832
    endloop
  endfacet
  facet normal 1 0 0
    outer loop
      vertex 48.7 38.6867 7.00727
      vertex 48.7 38.4931 1.95518
      vertex 48.7 38.8769 2.045
    endloop
  endfacet
  facet normal 1 0 0
    outer loop
      vertex 48.7 38.2971 7.06744
      vertex 48.7 38.4931 1.95518
      vertex 48.7 38.6867 7.00727
    endloop
  endfacet
  facet normal 1 0 0
    outer loop
      vertex 48.7 38.2971 7.06744
      vertex 48.7 38.1 1.925
      vertex 48.7 38.4931 1.95518
    endloop
  endfacet
  facet normal 1 -0 0
    outer loop
      vertex 48.7 37.9029 7.06744
      vertex 48.7 38.1 1.925
      vertex 48.7 38.2971 7.06744
    endloop
  endfacet
  facet normal 1 0 0
    outer loop
      vertex 48.7 37.9029 7.06744
      vertex 48.7 37.7069 1.95518
      vertex 48.7 38.1 1.925
    endloop
  endfacet
  facet normal 1 -0 0
    outer loop
      vertex 48.7 37.5133 7.00727
      vertex 48.7 37.7069 1.95518
      vertex 48.7 37.9029 7.06744
    endloop
  endfacet
  facet normal 1 0 0
    outer loop
      vertex 48.7 37.5133 7.00727
      vertex 48.7 37.3231 2.045
      vertex 48.7 37.7069 1.95518
    endloop
  endfacet
  facet normal 1 -0 0
    outer loop
      vertex 48.7 37.1374 6.88832
      vertex 48.7 37.3231 2.045
      vertex 48.7 37.5133 7.00727
    endloop
  endfacet
  facet normal 1 0 0
    outer loop
      vertex 48.7 37.1374 6.88832
      vertex 48.7 36.9574 2.19237
      vertex 48.7 37.3231 2.045
    endloop
  endfacet
  facet normal 1 -0 0
    outer loop
      vertex 48.7 36.7841 6.71339
      vertex 48.7 36.9574 2.19237
      vertex 48.7 37.1374 6.88832
    endloop
  endfacet
  facet normal 1 0 0
    outer loop
      vertex 48.7 36.7841 6.71339
      vertex 48.7 36.6186 2.39383
      vertex 48.7 36.9574 2.19237
    endloop
  endfacet
  facet normal 1 -0 0
    outer loop
      vertex 48.7 36.4617 6.48658
      vertex 48.7 36.6186 2.39383
      vertex 48.7 36.7841 6.71339
    endloop
  endfacet
  facet normal 1 0 0
    outer loop
      vertex 48.7 36.4617 6.48658
      vertex 48.7 36.3144 2.64466
      vertex 48.7 36.6186 2.39383
    endloop
  endfacet
  facet normal 1 -0 0
    outer loop
      vertex 48.7 36.1776 6.21321
      vertex 48.7 36.3144 2.64466
      vertex 48.7 36.4617 6.48658
    endloop
  endfacet
  facet normal 1 0 0
    outer loop
      vertex 48.7 36.1776 6.21321
      vertex 48.7 36.0521 2.93897
      vertex 48.7 36.3144 2.64466
    endloop
  endfacet
  facet normal 1 -0 0
    outer loop
      vertex 48.7 35.9386 5.89969
      vertex 48.7 36.0521 2.93897
      vertex 48.7 36.1776 6.21321
    endloop
  endfacet
  facet normal 1 0 0
    outer loop
      vertex 48.7 35.9386 5.89969
      vertex 48.7 35.8378 3.26987
      vertex 48.7 36.0521 2.93897
    endloop
  endfacet
  facet normal 1 -0 0
    outer loop
      vertex 48.7 35.7503 5.55335
      vertex 48.7 35.8378 3.26987
      vertex 48.7 35.9386 5.89969
    endloop
  endfacet
  facet normal 1 0 0
    outer loop
      vertex 48.7 35.7503 5.55335
      vertex 48.7 35.6766 3.62961
      vertex 48.7 35.8378 3.26987
    endloop
  endfacet
  facet normal 1 -0 0
    outer loop
      vertex 48.7 35.617 5.18233
      vertex 48.7 35.6766 3.62961
      vertex 48.7 35.7503 5.55335
    endloop
  endfacet
  facet normal 1 0 0
    outer loop
      vertex 48.7 35.617 5.18233
      vertex 48.7 35.5721 4.00974
      vertex 48.7 35.6766 3.62961
    endloop
  endfacet
  facet normal 1 -0 0
    outer loop
      vertex 48.7 35.542 4.79531
      vertex 48.7 35.5721 4.00974
      vertex 48.7 35.617 5.18233
    endloop
  endfacet
  facet normal 1 0 0
    outer loop
      vertex 48.7 35.5721 4.00974
      vertex 48.7 35.542 4.79531
      vertex 48.7 35.5269 4.40137
    endloop
  endfacet
  facet normal 0.227871 0 0.973691
    outer loop
      vertex 11.9231 2.1 2.045
      vertex 12.3069 0 1.95518
      vertex 12.3069 2.1 1.95518
    endloop
  endfacet
  facet normal 0.227871 0 0.973691
    outer loop
      vertex 12.3069 0 1.95518
      vertex 11.9231 2.1 2.045
      vertex 11.9231 0 2.045
    endloop
  endfacet
  facet normal 0.0765491 0 0.997066
    outer loop
      vertex 12.3069 2.1 1.95518
      vertex 12.7 0 1.925
      vertex 12.7 2.1 1.925
    endloop
  endfacet
  facet normal 0.0765491 0 0.997066
    outer loop
      vertex 12.7 0 1.925
      vertex 12.3069 2.1 1.95518
      vertex 12.3069 0 1.95518
    endloop
  endfacet
  facet normal 0.373773 0 0.92752
    outer loop
      vertex 11.5574 2.1 2.19237
      vertex 11.9231 0 2.045
      vertex 11.9231 2.1 2.045
    endloop
  endfacet
  facet normal 0.373773 0 0.92752
    outer loop
      vertex 11.9231 0 2.045
      vertex 11.5574 2.1 2.19237
      vertex 11.5574 0 2.19237
    endloop
  endfacet
  facet normal 0.912569 -0 0.408923
    outer loop
      vertex 10.2766 0 3.62961
      vertex 10.4378 2.1 3.26987
      vertex 10.2766 2.1 3.62961
    endloop
  endfacet
  facet normal 0.912569 0 0.408923
    outer loop
      vertex 10.4378 2.1 3.26987
      vertex 10.2766 0 3.62961
      vertex 10.4378 0 3.26987
    endloop
  endfacet
  facet normal -0.636179 0 0.771541
    outer loop
      vertex 14.1814 2.1 2.39383
      vertex 14.4856 0 2.64466
      vertex 14.4856 2.1 2.64466
    endloop
  endfacet
  facet normal -0.636179 0 0.771541
    outer loop
      vertex 14.4856 0 2.64466
      vertex 14.1814 2.1 2.39383
      vertex 14.1814 0 2.39383
    endloop
  endfacet
  facet normal 0.839352 -0 0.543588
    outer loop
      vertex 10.4378 0 3.26987
      vertex 10.6521 2.1 2.93897
      vertex 10.4378 2.1 3.26987
    endloop
  endfacet
  facet normal 0.839352 0 0.543588
    outer loop
      vertex 10.6521 2.1 2.93897
      vertex 10.4378 0 3.26987
      vertex 10.6521 0 2.93897
    endloop
  endfacet
  facet normal 0.993405 -0 0.114654
    outer loop
      vertex 10.1269 0 4.40137
      vertex 10.1721 2.1 4.00974
      vertex 10.1269 2.1 4.40137
    endloop
  endfacet
  facet normal 0.993405 0 0.114654
    outer loop
      vertex 10.1721 2.1 4.00974
      vertex 10.1269 0 4.40137
      vertex 10.1721 0 4.00974
    endloop
  endfacet
  facet normal 0.511097 0 0.859523
    outer loop
      vertex 11.2186 2.1 2.39383
      vertex 11.5574 0 2.19237
      vertex 11.5574 2.1 2.19237
    endloop
  endfacet
  facet normal 0.511097 0 0.859523
    outer loop
      vertex 11.5574 0 2.19237
      vertex 11.2186 2.1 2.39383
      vertex 11.2186 0 2.39383
    endloop
  endfacet
  facet normal 0.636179 0 0.771541
    outer loop
      vertex 10.9144 2.1 2.64466
      vertex 11.2186 0 2.39383
      vertex 11.2186 2.1 2.39383
    endloop
  endfacet
  facet normal 0.636179 0 0.771541
    outer loop
      vertex 11.2186 0 2.39383
      vertex 10.9144 2.1 2.64466
      vertex 10.9144 0 2.64466
    endloop
  endfacet
  facet normal -0.993405 0 0.114654
    outer loop
      vertex 15.2279 0 4.00974
      vertex 15.2731 2.1 4.40137
      vertex 15.2279 2.1 4.00974
    endloop
  endfacet
  facet normal -0.993405 0 0.114654
    outer loop
      vertex 15.2731 2.1 4.40137
      vertex 15.2279 0 4.00974
      vertex 15.2731 0 4.40137
    endloop
  endfacet
  facet normal 0.44372 0 -0.896166
    outer loop
      vertex 11.3841 0 6.71339
      vertex 11.7374 2.1 6.88832
      vertex 11.7374 0 6.88832
    endloop
  endfacet
  facet normal 0.44372 0 -0.896166
    outer loop
      vertex 11.7374 2.1 6.88832
      vertex 11.3841 0 6.71339
      vertex 11.3841 2.1 6.71339
    endloop
  endfacet
  facet normal -0.373773 0 0.92752
    outer loop
      vertex 13.4769 2.1 2.045
      vertex 13.8426 0 2.19237
      vertex 13.8426 2.1 2.19237
    endloop
  endfacet
  facet normal -0.373773 0 0.92752
    outer loop
      vertex 13.8426 0 2.19237
      vertex 13.4769 2.1 2.045
      vertex 13.4769 0 2.045
    endloop
  endfacet
  facet normal 0 0 -1
    outer loop
      vertex 12.5029 0 7.06744
      vertex 12.8971 2.1 7.06744
      vertex 12.8971 0 7.06744
    endloop
  endfacet
  facet normal -0 0 -1
    outer loop
      vertex 12.8971 2.1 7.06744
      vertex 12.5029 0 7.06744
      vertex 12.5029 2.1 7.06744
    endloop
  endfacet
  facet normal -0.746538 0 0.665343
    outer loop
      vertex 14.4856 0 2.64466
      vertex 14.7479 2.1 2.93897
      vertex 14.4856 2.1 2.64466
    endloop
  endfacet
  facet normal -0.746538 0 0.665343
    outer loop
      vertex 14.7479 2.1 2.93897
      vertex 14.4856 0 2.64466
      vertex 14.7479 0 2.93897
    endloop
  endfacet
  facet normal 0.693368 0 -0.720583
    outer loop
      vertex 10.7776 0 6.21321
      vertex 11.0617 2.1 6.48658
      vertex 11.0617 0 6.48658
    endloop
  endfacet
  facet normal 0.693368 0 -0.720583
    outer loop
      vertex 11.0617 2.1 6.48658
      vertex 10.7776 0 6.21321
      vertex 10.7776 2.1 6.21321
    endloop
  endfacet
  facet normal -0.912569 0 0.408923
    outer loop
      vertex 14.9622 0 3.26987
      vertex 15.1234 2.1 3.62961
      vertex 14.9622 2.1 3.26987
    endloop
  endfacet
  facet normal -0.912569 0 0.408923
    outer loop
      vertex 15.1234 2.1 3.62961
      vertex 14.9622 0 3.26987
      vertex 15.1234 0 3.62961
    endloop
  endfacet
  facet normal -0.0765491 0 0.997066
    outer loop
      vertex 12.7 2.1 1.925
      vertex 13.0931 0 1.95518
      vertex 13.0931 2.1 1.95518
    endloop
  endfacet
  facet normal -0.0765491 0 0.997066
    outer loop
      vertex 13.0931 0 1.95518
      vertex 12.7 2.1 1.925
      vertex 12.7 0 1.925
    endloop
  endfacet
  facet normal 0.981736 0 -0.190249
    outer loop
      vertex 10.217 0 5.18233
      vertex 10.142 2.1 4.79531
      vertex 10.217 2.1 5.18233
    endloop
  endfacet
  facet normal 0.981736 0 -0.190249
    outer loop
      vertex 10.142 2.1 4.79531
      vertex 10.217 0 5.18233
      vertex 10.142 0 4.79531
    endloop
  endfacet
  facet normal 0.999266 0 -0.0383026
    outer loop
      vertex 10.142 0 4.79531
      vertex 10.1269 2.1 4.40137
      vertex 10.142 2.1 4.79531
    endloop
  endfacet
  facet normal 0.999266 0 -0.0383026
    outer loop
      vertex 10.1269 2.1 4.40137
      vertex 10.142 0 4.79531
      vertex 10.1269 0 4.40137
    endloop
  endfacet
  facet normal -0.511097 0 0.859523
    outer loop
      vertex 13.8426 2.1 2.19237
      vertex 14.1814 0 2.39383
      vertex 14.1814 2.1 2.39383
    endloop
  endfacet
  facet normal -0.511097 0 0.859523
    outer loop
      vertex 14.1814 0 2.39383
      vertex 13.8426 2.1 2.19237
      vertex 13.8426 0 2.19237
    endloop
  endfacet
  facet normal -0.795276 0 -0.606248
    outer loop
      vertex 14.8614 0 5.89969
      vertex 14.6224 2.1 6.21321
      vertex 14.8614 2.1 5.89969
    endloop
  endfacet
  facet normal -0.795276 -0 -0.606248
    outer loop
      vertex 14.6224 2.1 6.21321
      vertex 14.8614 0 5.89969
      vertex 14.6224 0 6.21321
    endloop
  endfacet
  facet normal 0.746538 -0 0.665343
    outer loop
      vertex 10.6521 0 2.93897
      vertex 10.9144 2.1 2.64466
      vertex 10.6521 2.1 2.93897
    endloop
  endfacet
  facet normal 0.746538 0 0.665343
    outer loop
      vertex 10.9144 2.1 2.64466
      vertex 10.6521 0 2.93897
      vertex 10.9144 0 2.64466
    endloop
  endfacet
  facet normal -0.839352 0 0.543588
    outer loop
      vertex 14.7479 0 2.93897
      vertex 14.9622 2.1 3.26987
      vertex 14.7479 2.1 2.93897
    endloop
  endfacet
  facet normal -0.839352 0 0.543588
    outer loop
      vertex 14.9622 2.1 3.26987
      vertex 14.7479 0 2.93897
      vertex 14.9622 0 3.26987
    endloop
  endfacet
  facet normal 0.152631 0 -0.988283
    outer loop
      vertex 12.1133 0 7.00727
      vertex 12.5029 2.1 7.06744
      vertex 12.5029 0 7.06744
    endloop
  endfacet
  facet normal 0.152631 0 -0.988283
    outer loop
      vertex 12.5029 2.1 7.06744
      vertex 12.1133 0 7.00727
      vertex 12.1133 2.1 7.00727
    endloop
  endfacet
  facet normal 0.795276 0 -0.606248
    outer loop
      vertex 10.7776 0 6.21321
      vertex 10.5386 2.1 5.89969
      vertex 10.7776 2.1 6.21321
    endloop
  endfacet
  facet normal 0.795276 0 -0.606248
    outer loop
      vertex 10.5386 2.1 5.89969
      vertex 10.7776 0 6.21321
      vertex 10.5386 0 5.89969
    endloop
  endfacet
  facet normal -0.999266 0 -0.0383026
    outer loop
      vertex 15.2731 0 4.40137
      vertex 15.258 2.1 4.79531
      vertex 15.2731 2.1 4.40137
    endloop
  endfacet
  facet normal -0.999266 -0 -0.0383026
    outer loop
      vertex 15.258 2.1 4.79531
      vertex 15.2731 0 4.40137
      vertex 15.258 0 4.79531
    endloop
  endfacet
  facet normal -0.152631 0 -0.988283
    outer loop
      vertex 12.8971 0 7.06744
      vertex 13.2867 2.1 7.00727
      vertex 13.2867 0 7.00727
    endloop
  endfacet
  facet normal -0.152631 0 -0.988283
    outer loop
      vertex 13.2867 2.1 7.00727
      vertex 12.8971 0 7.06744
      vertex 12.8971 2.1 7.06744
    endloop
  endfacet
  facet normal -0.575385 0 -0.817883
    outer loop
      vertex 14.0159 0 6.71339
      vertex 14.3383 2.1 6.48658
      vertex 14.3383 0 6.48658
    endloop
  endfacet
  facet normal -0.575385 0 -0.817883
    outer loop
      vertex 14.3383 2.1 6.48658
      vertex 14.0159 0 6.71339
      vertex 14.0159 2.1 6.71339
    endloop
  endfacet
  facet normal -0.227871 0 0.973691
    outer loop
      vertex 13.0931 2.1 1.95518
      vertex 13.4769 0 2.045
      vertex 13.4769 2.1 2.045
    endloop
  endfacet
  facet normal -0.227871 0 0.973691
    outer loop
      vertex 13.4769 0 2.045
      vertex 13.0931 2.1 1.95518
      vertex 13.0931 0 1.95518
    endloop
  endfacet
  facet normal -0.964229 0 0.265072
    outer loop
      vertex 15.1234 0 3.62961
      vertex 15.2279 2.1 4.00974
      vertex 15.1234 2.1 3.62961
    endloop
  endfacet
  facet normal -0.964229 0 0.265072
    outer loop
      vertex 15.2279 2.1 4.00974
      vertex 15.1234 0 3.62961
      vertex 15.2279 0 4.00974
    endloop
  endfacet
  facet normal -0.301696 0 -0.953404
    outer loop
      vertex 13.2867 0 7.00727
      vertex 13.6626 2.1 6.88832
      vertex 13.6626 0 6.88832
    endloop
  endfacet
  facet normal -0.301696 0 -0.953404
    outer loop
      vertex 13.6626 2.1 6.88832
      vertex 13.2867 0 7.00727
      vertex 13.2867 2.1 7.00727
    endloop
  endfacet
  facet normal -0.693368 0 -0.720583
    outer loop
      vertex 14.3383 0 6.48658
      vertex 14.6224 2.1 6.21321
      vertex 14.6224 0 6.21321
    endloop
  endfacet
  facet normal -0.693368 0 -0.720583
    outer loop
      vertex 14.6224 2.1 6.21321
      vertex 14.3383 0 6.48658
      vertex 14.3383 2.1 6.48658
    endloop
  endfacet
  facet normal 0.941103 0 -0.338119
    outer loop
      vertex 10.3503 0 5.55335
      vertex 10.217 2.1 5.18233
      vertex 10.3503 2.1 5.55335
    endloop
  endfacet
  facet normal 0.941103 0 -0.338119
    outer loop
      vertex 10.217 2.1 5.18233
      vertex 10.3503 0 5.55335
      vertex 10.217 0 5.18233
    endloop
  endfacet
  facet normal -0.44372 0 -0.896166
    outer loop
      vertex 13.6626 0 6.88832
      vertex 14.0159 2.1 6.71339
      vertex 14.0159 0 6.71339
    endloop
  endfacet
  facet normal -0.44372 0 -0.896166
    outer loop
      vertex 14.0159 2.1 6.71339
      vertex 13.6626 0 6.88832
      vertex 13.6626 2.1 6.88832
    endloop
  endfacet
  facet normal -0.981736 0 -0.190249
    outer loop
      vertex 15.258 0 4.79531
      vertex 15.183 2.1 5.18233
      vertex 15.258 2.1 4.79531
    endloop
  endfacet
  facet normal -0.981736 -0 -0.190249
    outer loop
      vertex 15.183 2.1 5.18233
      vertex 15.258 0 4.79531
      vertex 15.183 0 5.18233
    endloop
  endfacet
  facet normal 0.878548 0 -0.477654
    outer loop
      vertex 10.5386 0 5.89969
      vertex 10.3503 2.1 5.55335
      vertex 10.5386 2.1 5.89969
    endloop
  endfacet
  facet normal 0.878548 0 -0.477654
    outer loop
      vertex 10.3503 2.1 5.55335
      vertex 10.5386 0 5.89969
      vertex 10.3503 0 5.55335
    endloop
  endfacet
  facet normal 0 -1 0
    outer loop
      vertex 12.1133 2.1 7.00727
      vertex 12.8971 2.1 7.06744
      vertex 12.5029 2.1 7.06744
    endloop
  endfacet
  facet normal 0 -1 0
    outer loop
      vertex 12.1133 2.1 7.00727
      vertex 13.2867 2.1 7.00727
      vertex 12.8971 2.1 7.06744
    endloop
  endfacet
  facet normal 0 -1 0
    outer loop
      vertex 11.7374 2.1 6.88832
      vertex 13.2867 2.1 7.00727
      vertex 12.1133 2.1 7.00727
    endloop
  endfacet
  facet normal 0 -1 0
    outer loop
      vertex 11.7374 2.1 6.88832
      vertex 13.6626 2.1 6.88832
      vertex 13.2867 2.1 7.00727
    endloop
  endfacet
  facet normal 0 -1 0
    outer loop
      vertex 11.3841 2.1 6.71339
      vertex 13.6626 2.1 6.88832
      vertex 11.7374 2.1 6.88832
    endloop
  endfacet
  facet normal 0 -1 0
    outer loop
      vertex 11.3841 2.1 6.71339
      vertex 14.0159 2.1 6.71339
      vertex 13.6626 2.1 6.88832
    endloop
  endfacet
  facet normal 0 -1 0
    outer loop
      vertex 11.0617 2.1 6.48658
      vertex 14.0159 2.1 6.71339
      vertex 11.3841 2.1 6.71339
    endloop
  endfacet
  facet normal 0 -1 0
    outer loop
      vertex 11.0617 2.1 6.48658
      vertex 14.3383 2.1 6.48658
      vertex 14.0159 2.1 6.71339
    endloop
  endfacet
  facet normal 0 -1 0
    outer loop
      vertex 10.7776 2.1 6.21321
      vertex 14.3383 2.1 6.48658
      vertex 11.0617 2.1 6.48658
    endloop
  endfacet
  facet normal 0 -1 0
    outer loop
      vertex 10.7776 2.1 6.21321
      vertex 14.6224 2.1 6.21321
      vertex 14.3383 2.1 6.48658
    endloop
  endfacet
  facet normal 0 -1 0
    outer loop
      vertex 10.5386 2.1 5.89969
      vertex 14.6224 2.1 6.21321
      vertex 10.7776 2.1 6.21321
    endloop
  endfacet
  facet normal 0 -1 0
    outer loop
      vertex 10.5386 2.1 5.89969
      vertex 14.8614 2.1 5.89969
      vertex 14.6224 2.1 6.21321
    endloop
  endfacet
  facet normal 0 -1 0
    outer loop
      vertex 10.3503 2.1 5.55335
      vertex 14.8614 2.1 5.89969
      vertex 10.5386 2.1 5.89969
    endloop
  endfacet
  facet normal 0 -1 0
    outer loop
      vertex 10.3503 2.1 5.55335
      vertex 15.0497 2.1 5.55335
      vertex 14.8614 2.1 5.89969
    endloop
  endfacet
  facet normal 0 -1 0
    outer loop
      vertex 10.217 2.1 5.18233
      vertex 15.0497 2.1 5.55335
      vertex 10.3503 2.1 5.55335
    endloop
  endfacet
  facet normal 0 -1 0
    outer loop
      vertex 10.217 2.1 5.18233
      vertex 15.183 2.1 5.18233
      vertex 15.0497 2.1 5.55335
    endloop
  endfacet
  facet normal 0 -1 0
    outer loop
      vertex 10.142 2.1 4.79531
      vertex 15.183 2.1 5.18233
      vertex 10.217 2.1 5.18233
    endloop
  endfacet
  facet normal 0 -1 0
    outer loop
      vertex 10.142 2.1 4.79531
      vertex 15.258 2.1 4.79531
      vertex 15.183 2.1 5.18233
    endloop
  endfacet
  facet normal 0 -1 0
    outer loop
      vertex 10.1269 2.1 4.40137
      vertex 15.258 2.1 4.79531
      vertex 10.142 2.1 4.79531
    endloop
  endfacet
  facet normal 0 -1 0
    outer loop
      vertex 10.1269 2.1 4.40137
      vertex 15.2731 2.1 4.40137
      vertex 15.258 2.1 4.79531
    endloop
  endfacet
  facet normal 0 -1 0
    outer loop
      vertex 10.1721 2.1 4.00974
      vertex 15.2731 2.1 4.40137
      vertex 10.1269 2.1 4.40137
    endloop
  endfacet
  facet normal 0 -1 0
    outer loop
      vertex 10.1721 2.1 4.00974
      vertex 15.2279 2.1 4.00974
      vertex 15.2731 2.1 4.40137
    endloop
  endfacet
  facet normal 0 -1 0
    outer loop
      vertex 10.2766 2.1 3.62961
      vertex 15.2279 2.1 4.00974
      vertex 10.1721 2.1 4.00974
    endloop
  endfacet
  facet normal 0 -1 0
    outer loop
      vertex 10.2766 2.1 3.62961
      vertex 15.1234 2.1 3.62961
      vertex 15.2279 2.1 4.00974
    endloop
  endfacet
  facet normal 0 -1 0
    outer loop
      vertex 10.4378 2.1 3.26987
      vertex 15.1234 2.1 3.62961
      vertex 10.2766 2.1 3.62961
    endloop
  endfacet
  facet normal 0 -1 0
    outer loop
      vertex 10.4378 2.1 3.26987
      vertex 14.9622 2.1 3.26987
      vertex 15.1234 2.1 3.62961
    endloop
  endfacet
  facet normal 0 -1 0
    outer loop
      vertex 10.6521 2.1 2.93897
      vertex 14.9622 2.1 3.26987
      vertex 10.4378 2.1 3.26987
    endloop
  endfacet
  facet normal 0 -1 0
    outer loop
      vertex 10.6521 2.1 2.93897
      vertex 14.7479 2.1 2.93897
      vertex 14.9622 2.1 3.26987
    endloop
  endfacet
  facet normal 0 -1 0
    outer loop
      vertex 10.9144 2.1 2.64466
      vertex 14.7479 2.1 2.93897
      vertex 10.6521 2.1 2.93897
    endloop
  endfacet
  facet normal 0 -1 0
    outer loop
      vertex 10.9144 2.1 2.64466
      vertex 14.4856 2.1 2.64466
      vertex 14.7479 2.1 2.93897
    endloop
  endfacet
  facet normal 0 -1 0
    outer loop
      vertex 11.2186 2.1 2.39383
      vertex 14.4856 2.1 2.64466
      vertex 10.9144 2.1 2.64466
    endloop
  endfacet
  facet normal 0 -1 0
    outer loop
      vertex 11.2186 2.1 2.39383
      vertex 14.1814 2.1 2.39383
      vertex 14.4856 2.1 2.64466
    endloop
  endfacet
  facet normal 0 -1 0
    outer loop
      vertex 11.5574 2.1 2.19237
      vertex 14.1814 2.1 2.39383
      vertex 11.2186 2.1 2.39383
    endloop
  endfacet
  facet normal 0 -1 0
    outer loop
      vertex 11.5574 2.1 2.19237
      vertex 13.8426 2.1 2.19237
      vertex 14.1814 2.1 2.39383
    endloop
  endfacet
  facet normal 0 -1 0
    outer loop
      vertex 11.9231 2.1 2.045
      vertex 13.8426 2.1 2.19237
      vertex 11.5574 2.1 2.19237
    endloop
  endfacet
  facet normal 0 -1 0
    outer loop
      vertex 11.9231 2.1 2.045
      vertex 13.4769 2.1 2.045
      vertex 13.8426 2.1 2.19237
    endloop
  endfacet
  facet normal 0 -1 0
    outer loop
      vertex 12.3069 2.1 1.95518
      vertex 13.4769 2.1 2.045
      vertex 11.9231 2.1 2.045
    endloop
  endfacet
  facet normal 0 -1 0
    outer loop
      vertex 12.3069 2.1 1.95518
      vertex 13.0931 2.1 1.95518
      vertex 13.4769 2.1 2.045
    endloop
  endfacet
  facet normal -0 -1 0
    outer loop
      vertex 13.0931 2.1 1.95518
      vertex 12.3069 2.1 1.95518
      vertex 12.7 2.1 1.925
    endloop
  endfacet
  facet normal 0.301696 0 -0.953404
    outer loop
      vertex 11.7374 0 6.88832
      vertex 12.1133 2.1 7.00727
      vertex 12.1133 0 7.00727
    endloop
  endfacet
  facet normal 0.301696 0 -0.953404
    outer loop
      vertex 12.1133 2.1 7.00727
      vertex 11.7374 0 6.88832
      vertex 11.7374 2.1 6.88832
    endloop
  endfacet
  facet normal 0.964229 -0 0.265072
    outer loop
      vertex 10.1721 0 4.00974
      vertex 10.2766 2.1 3.62961
      vertex 10.1721 2.1 4.00974
    endloop
  endfacet
  facet normal 0.964229 0 0.265072
    outer loop
      vertex 10.2766 2.1 3.62961
      vertex 10.1721 0 4.00974
      vertex 10.2766 0 3.62961
    endloop
  endfacet
  facet normal -0.941103 0 -0.338119
    outer loop
      vertex 15.183 0 5.18233
      vertex 15.0497 2.1 5.55335
      vertex 15.183 2.1 5.18233
    endloop
  endfacet
  facet normal -0.941103 -0 -0.338119
    outer loop
      vertex 15.0497 2.1 5.55335
      vertex 15.183 0 5.18233
      vertex 15.0497 0 5.55335
    endloop
  endfacet
  facet normal 0.575385 0 -0.817883
    outer loop
      vertex 11.0617 0 6.48658
      vertex 11.3841 2.1 6.71339
      vertex 11.3841 0 6.71339
    endloop
  endfacet
  facet normal 0.575385 0 -0.817883
    outer loop
      vertex 11.3841 2.1 6.71339
      vertex 11.0617 0 6.48658
      vertex 11.0617 2.1 6.48658
    endloop
  endfacet
  facet normal -0.878548 0 -0.477654
    outer loop
      vertex 15.0497 0 5.55335
      vertex 14.8614 2.1 5.89969
      vertex 15.0497 2.1 5.55335
    endloop
  endfacet
  facet normal -0.878548 -0 -0.477654
    outer loop
      vertex 14.8614 2.1 5.89969
      vertex 15.0497 0 5.55335
      vertex 14.8614 0 5.89969
    endloop
  endfacet
  facet normal -0.373773 0 0.92752
    outer loop
      vertex 13.4769 50.8 2.045
      vertex 13.8426 48.7 2.19237
      vertex 13.8426 50.8 2.19237
    endloop
  endfacet
  facet normal -0.373773 0 0.92752
    outer loop
      vertex 13.8426 48.7 2.19237
      vertex 13.4769 50.8 2.045
      vertex 13.4769 48.7 2.045
    endloop
  endfacet
  facet normal 0.0765491 0 0.997066
    outer loop
      vertex 12.3069 50.8 1.95518
      vertex 12.7 48.7 1.925
      vertex 12.7 50.8 1.925
    endloop
  endfacet
  facet normal 0.0765491 0 0.997066
    outer loop
      vertex 12.7 48.7 1.925
      vertex 12.3069 50.8 1.95518
      vertex 12.3069 48.7 1.95518
    endloop
  endfacet
  facet normal 0.941103 0 -0.338119
    outer loop
      vertex 10.3503 48.7 5.55335
      vertex 10.217 50.8 5.18233
      vertex 10.3503 50.8 5.55335
    endloop
  endfacet
  facet normal 0.941103 0 -0.338119
    outer loop
      vertex 10.217 50.8 5.18233
      vertex 10.3503 48.7 5.55335
      vertex 10.217 48.7 5.18233
    endloop
  endfacet
  facet normal 0.993405 -0 0.114654
    outer loop
      vertex 10.1269 48.7 4.40137
      vertex 10.1721 50.8 4.00974
      vertex 10.1269 50.8 4.40137
    endloop
  endfacet
  facet normal 0.993405 0 0.114654
    outer loop
      vertex 10.1721 50.8 4.00974
      vertex 10.1269 48.7 4.40137
      vertex 10.1721 48.7 4.00974
    endloop
  endfacet
  facet normal 0.999266 0 -0.0383026
    outer loop
      vertex 10.142 48.7 4.79531
      vertex 10.1269 50.8 4.40137
      vertex 10.142 50.8 4.79531
    endloop
  endfacet
  facet normal 0.999266 0 -0.0383026
    outer loop
      vertex 10.1269 50.8 4.40137
      vertex 10.142 48.7 4.79531
      vertex 10.1269 48.7 4.40137
    endloop
  endfacet
  facet normal -0.993405 0 0.114654
    outer loop
      vertex 15.2279 48.7 4.00974
      vertex 15.2731 50.8 4.40137
      vertex 15.2279 50.8 4.00974
    endloop
  endfacet
  facet normal -0.993405 0 0.114654
    outer loop
      vertex 15.2731 50.8 4.40137
      vertex 15.2279 48.7 4.00974
      vertex 15.2731 48.7 4.40137
    endloop
  endfacet
  facet normal 0.964229 -0 0.265072
    outer loop
      vertex 10.1721 48.7 4.00974
      vertex 10.2766 50.8 3.62961
      vertex 10.1721 50.8 4.00974
    endloop
  endfacet
  facet normal 0.964229 0 0.265072
    outer loop
      vertex 10.2766 50.8 3.62961
      vertex 10.1721 48.7 4.00974
      vertex 10.2766 48.7 3.62961
    endloop
  endfacet
  facet normal 0.795276 0 -0.606248
    outer loop
      vertex 10.7776 48.7 6.21321
      vertex 10.5386 50.8 5.89969
      vertex 10.7776 50.8 6.21321
    endloop
  endfacet
  facet normal 0.795276 0 -0.606248
    outer loop
      vertex 10.5386 50.8 5.89969
      vertex 10.7776 48.7 6.21321
      vertex 10.5386 48.7 5.89969
    endloop
  endfacet
  facet normal 0.373773 0 0.92752
    outer loop
      vertex 11.5574 50.8 2.19237
      vertex 11.9231 48.7 2.045
      vertex 11.9231 50.8 2.045
    endloop
  endfacet
  facet normal 0.373773 0 0.92752
    outer loop
      vertex 11.9231 48.7 2.045
      vertex 11.5574 50.8 2.19237
      vertex 11.5574 48.7 2.19237
    endloop
  endfacet
  facet normal -0.575385 0 -0.817883
    outer loop
      vertex 14.0159 48.7 6.71339
      vertex 14.3383 50.8 6.48658
      vertex 14.3383 48.7 6.48658
    endloop
  endfacet
  facet normal -0.575385 0 -0.817883
    outer loop
      vertex 14.3383 50.8 6.48658
      vertex 14.0159 48.7 6.71339
      vertex 14.0159 50.8 6.71339
    endloop
  endfacet
  facet normal -0.152631 0 -0.988283
    outer loop
      vertex 12.8971 48.7 7.06744
      vertex 13.2867 50.8 7.00727
      vertex 13.2867 48.7 7.00727
    endloop
  endfacet
  facet normal -0.152631 0 -0.988283
    outer loop
      vertex 13.2867 50.8 7.00727
      vertex 12.8971 48.7 7.06744
      vertex 12.8971 50.8 7.06744
    endloop
  endfacet
  facet normal -0.912569 0 0.408923
    outer loop
      vertex 14.9622 48.7 3.26987
      vertex 15.1234 50.8 3.62961
      vertex 14.9622 50.8 3.26987
    endloop
  endfacet
  facet normal -0.912569 0 0.408923
    outer loop
      vertex 15.1234 50.8 3.62961
      vertex 14.9622 48.7 3.26987
      vertex 15.1234 48.7 3.62961
    endloop
  endfacet
  facet normal 0.636179 0 0.771541
    outer loop
      vertex 10.9144 50.8 2.64466
      vertex 11.2186 48.7 2.39383
      vertex 11.2186 50.8 2.39383
    endloop
  endfacet
  facet normal 0.636179 0 0.771541
    outer loop
      vertex 11.2186 48.7 2.39383
      vertex 10.9144 50.8 2.64466
      vertex 10.9144 48.7 2.64466
    endloop
  endfacet
  facet normal -0.839352 0 0.543588
    outer loop
      vertex 14.7479 48.7 2.93897
      vertex 14.9622 50.8 3.26987
      vertex 14.7479 50.8 2.93897
    endloop
  endfacet
  facet normal -0.839352 0 0.543588
    outer loop
      vertex 14.9622 50.8 3.26987
      vertex 14.7479 48.7 2.93897
      vertex 14.9622 48.7 3.26987
    endloop
  endfacet
  facet normal 0.746538 -0 0.665343
    outer loop
      vertex 10.6521 48.7 2.93897
      vertex 10.9144 50.8 2.64466
      vertex 10.6521 50.8 2.93897
    endloop
  endfacet
  facet normal 0.746538 0 0.665343
    outer loop
      vertex 10.9144 50.8 2.64466
      vertex 10.6521 48.7 2.93897
      vertex 10.9144 48.7 2.64466
    endloop
  endfacet
  facet normal 0.511097 0 0.859523
    outer loop
      vertex 11.2186 50.8 2.39383
      vertex 11.5574 48.7 2.19237
      vertex 11.5574 50.8 2.19237
    endloop
  endfacet
  facet normal 0.511097 0 0.859523
    outer loop
      vertex 11.5574 48.7 2.19237
      vertex 11.2186 50.8 2.39383
      vertex 11.2186 48.7 2.39383
    endloop
  endfacet
  facet normal 0.839352 -0 0.543588
    outer loop
      vertex 10.4378 48.7 3.26987
      vertex 10.6521 50.8 2.93897
      vertex 10.4378 50.8 3.26987
    endloop
  endfacet
  facet normal 0.839352 0 0.543588
    outer loop
      vertex 10.6521 50.8 2.93897
      vertex 10.4378 48.7 3.26987
      vertex 10.6521 48.7 2.93897
    endloop
  endfacet
  facet normal -0.301696 0 -0.953404
    outer loop
      vertex 13.2867 48.7 7.00727
      vertex 13.6626 50.8 6.88832
      vertex 13.6626 48.7 6.88832
    endloop
  endfacet
  facet normal -0.301696 0 -0.953404
    outer loop
      vertex 13.6626 50.8 6.88832
      vertex 13.2867 48.7 7.00727
      vertex 13.2867 50.8 7.00727
    endloop
  endfacet
  facet normal 0.878548 0 -0.477654
    outer loop
      vertex 10.5386 48.7 5.89969
      vertex 10.3503 50.8 5.55335
      vertex 10.5386 50.8 5.89969
    endloop
  endfacet
  facet normal 0.878548 0 -0.477654
    outer loop
      vertex 10.3503 50.8 5.55335
      vertex 10.5386 48.7 5.89969
      vertex 10.3503 48.7 5.55335
    endloop
  endfacet
  facet normal -0.746538 0 0.665343
    outer loop
      vertex 14.4856 48.7 2.64466
      vertex 14.7479 50.8 2.93897
      vertex 14.4856 50.8 2.64466
    endloop
  endfacet
  facet normal -0.746538 0 0.665343
    outer loop
      vertex 14.7479 50.8 2.93897
      vertex 14.4856 48.7 2.64466
      vertex 14.7479 48.7 2.93897
    endloop
  endfacet
  facet normal -0.999266 0 -0.0383026
    outer loop
      vertex 15.2731 48.7 4.40137
      vertex 15.258 50.8 4.79531
      vertex 15.2731 50.8 4.40137
    endloop
  endfacet
  facet normal -0.999266 -0 -0.0383026
    outer loop
      vertex 15.258 50.8 4.79531
      vertex 15.2731 48.7 4.40137
      vertex 15.258 48.7 4.79531
    endloop
  endfacet
  facet normal -0.227871 0 0.973691
    outer loop
      vertex 13.0931 50.8 1.95518
      vertex 13.4769 48.7 2.045
      vertex 13.4769 50.8 2.045
    endloop
  endfacet
  facet normal -0.227871 0 0.973691
    outer loop
      vertex 13.4769 48.7 2.045
      vertex 13.0931 50.8 1.95518
      vertex 13.0931 48.7 1.95518
    endloop
  endfacet
  facet normal -0.981736 0 -0.190249
    outer loop
      vertex 15.258 48.7 4.79531
      vertex 15.183 50.8 5.18233
      vertex 15.258 50.8 4.79531
    endloop
  endfacet
  facet normal -0.981736 -0 -0.190249
    outer loop
      vertex 15.183 50.8 5.18233
      vertex 15.258 48.7 4.79531
      vertex 15.183 48.7 5.18233
    endloop
  endfacet
  facet normal -0.44372 0 -0.896166
    outer loop
      vertex 13.6626 48.7 6.88832
      vertex 14.0159 50.8 6.71339
      vertex 14.0159 48.7 6.71339
    endloop
  endfacet
  facet normal -0.44372 0 -0.896166
    outer loop
      vertex 14.0159 50.8 6.71339
      vertex 13.6626 48.7 6.88832
      vertex 13.6626 50.8 6.88832
    endloop
  endfacet
  facet normal -0.636179 0 0.771541
    outer loop
      vertex 14.1814 50.8 2.39383
      vertex 14.4856 48.7 2.64466
      vertex 14.4856 50.8 2.64466
    endloop
  endfacet
  facet normal -0.636179 0 0.771541
    outer loop
      vertex 14.4856 48.7 2.64466
      vertex 14.1814 50.8 2.39383
      vertex 14.1814 48.7 2.39383
    endloop
  endfacet
  facet normal -0.795276 0 -0.606248
    outer loop
      vertex 14.8614 48.7 5.89969
      vertex 14.6224 50.8 6.21321
      vertex 14.8614 50.8 5.89969
    endloop
  endfacet
  facet normal -0.795276 -0 -0.606248
    outer loop
      vertex 14.6224 50.8 6.21321
      vertex 14.8614 48.7 5.89969
      vertex 14.6224 48.7 6.21321
    endloop
  endfacet
  facet normal 0.227871 0 0.973691
    outer loop
      vertex 11.9231 50.8 2.045
      vertex 12.3069 48.7 1.95518
      vertex 12.3069 50.8 1.95518
    endloop
  endfacet
  facet normal 0.227871 0 0.973691
    outer loop
      vertex 12.3069 48.7 1.95518
      vertex 11.9231 50.8 2.045
      vertex 11.9231 48.7 2.045
    endloop
  endfacet
  facet normal 0.575385 0 -0.817883
    outer loop
      vertex 11.0617 48.7 6.48658
      vertex 11.3841 50.8 6.71339
      vertex 11.3841 48.7 6.71339
    endloop
  endfacet
  facet normal 0.575385 0 -0.817883
    outer loop
      vertex 11.3841 50.8 6.71339
      vertex 11.0617 48.7 6.48658
      vertex 11.0617 50.8 6.48658
    endloop
  endfacet
  facet normal -0.511097 0 0.859523
    outer loop
      vertex 13.8426 50.8 2.19237
      vertex 14.1814 48.7 2.39383
      vertex 14.1814 50.8 2.39383
    endloop
  endfacet
  facet normal -0.511097 0 0.859523
    outer loop
      vertex 14.1814 48.7 2.39383
      vertex 13.8426 50.8 2.19237
      vertex 13.8426 48.7 2.19237
    endloop
  endfacet
  facet normal -0.941103 0 -0.338119
    outer loop
      vertex 15.183 48.7 5.18233
      vertex 15.0497 50.8 5.55335
      vertex 15.183 50.8 5.18233
    endloop
  endfacet
  facet normal -0.941103 -0 -0.338119
    outer loop
      vertex 15.0497 50.8 5.55335
      vertex 15.183 48.7 5.18233
      vertex 15.0497 48.7 5.55335
    endloop
  endfacet
  facet normal 0.152631 0 -0.988283
    outer loop
      vertex 12.1133 48.7 7.00727
      vertex 12.5029 50.8 7.06744
      vertex 12.5029 48.7 7.06744
    endloop
  endfacet
  facet normal 0.152631 0 -0.988283
    outer loop
      vertex 12.5029 50.8 7.06744
      vertex 12.1133 48.7 7.00727
      vertex 12.1133 50.8 7.00727
    endloop
  endfacet
  facet normal -0.878548 0 -0.477654
    outer loop
      vertex 15.0497 48.7 5.55335
      vertex 14.8614 50.8 5.89969
      vertex 15.0497 50.8 5.55335
    endloop
  endfacet
  facet normal -0.878548 -0 -0.477654
    outer loop
      vertex 14.8614 50.8 5.89969
      vertex 15.0497 48.7 5.55335
      vertex 14.8614 48.7 5.89969
    endloop
  endfacet
  facet normal -0.964229 0 0.265072
    outer loop
      vertex 15.1234 48.7 3.62961
      vertex 15.2279 50.8 4.00974
      vertex 15.1234 50.8 3.62961
    endloop
  endfacet
  facet normal -0.964229 0 0.265072
    outer loop
      vertex 15.2279 50.8 4.00974
      vertex 15.1234 48.7 3.62961
      vertex 15.2279 48.7 4.00974
    endloop
  endfacet
  facet normal 0.981736 0 -0.190249
    outer loop
      vertex 10.217 48.7 5.18233
      vertex 10.142 50.8 4.79531
      vertex 10.217 50.8 5.18233
    endloop
  endfacet
  facet normal 0.981736 0 -0.190249
    outer loop
      vertex 10.142 50.8 4.79531
      vertex 10.217 48.7 5.18233
      vertex 10.142 48.7 4.79531
    endloop
  endfacet
  facet normal 0.912569 -0 0.408923
    outer loop
      vertex 10.2766 48.7 3.62961
      vertex 10.4378 50.8 3.26987
      vertex 10.2766 50.8 3.62961
    endloop
  endfacet
  facet normal 0.912569 0 0.408923
    outer loop
      vertex 10.4378 50.8 3.26987
      vertex 10.2766 48.7 3.62961
      vertex 10.4378 48.7 3.26987
    endloop
  endfacet
  facet normal 0.44372 0 -0.896166
    outer loop
      vertex 11.3841 48.7 6.71339
      vertex 11.7374 50.8 6.88832
      vertex 11.7374 48.7 6.88832
    endloop
  endfacet
  facet normal 0.44372 0 -0.896166
    outer loop
      vertex 11.7374 50.8 6.88832
      vertex 11.3841 48.7 6.71339
      vertex 11.3841 50.8 6.71339
    endloop
  endfacet
  facet normal 0.693368 0 -0.720583
    outer loop
      vertex 10.7776 48.7 6.21321
      vertex 11.0617 50.8 6.48658
      vertex 11.0617 48.7 6.48658
    endloop
  endfacet
  facet normal 0.693368 0 -0.720583
    outer loop
      vertex 11.0617 50.8 6.48658
      vertex 10.7776 48.7 6.21321
      vertex 10.7776 50.8 6.21321
    endloop
  endfacet
  facet normal 0 1 0
    outer loop
      vertex 13.2867 48.7 7.00727
      vertex 12.5029 48.7 7.06744
      vertex 12.8971 48.7 7.06744
    endloop
  endfacet
  facet normal 0 1 0
    outer loop
      vertex 13.2867 48.7 7.00727
      vertex 12.1133 48.7 7.00727
      vertex 12.5029 48.7 7.06744
    endloop
  endfacet
  facet normal 0 1 0
    outer loop
      vertex 13.6626 48.7 6.88832
      vertex 12.1133 48.7 7.00727
      vertex 13.2867 48.7 7.00727
    endloop
  endfacet
  facet normal 0 1 0
    outer loop
      vertex 13.6626 48.7 6.88832
      vertex 11.7374 48.7 6.88832
      vertex 12.1133 48.7 7.00727
    endloop
  endfacet
  facet normal 0 1 0
    outer loop
      vertex 14.0159 48.7 6.71339
      vertex 11.7374 48.7 6.88832
      vertex 13.6626 48.7 6.88832
    endloop
  endfacet
  facet normal 0 1 0
    outer loop
      vertex 14.0159 48.7 6.71339
      vertex 11.3841 48.7 6.71339
      vertex 11.7374 48.7 6.88832
    endloop
  endfacet
  facet normal 0 1 0
    outer loop
      vertex 14.3383 48.7 6.48658
      vertex 11.3841 48.7 6.71339
      vertex 14.0159 48.7 6.71339
    endloop
  endfacet
  facet normal 0 1 0
    outer loop
      vertex 14.3383 48.7 6.48658
      vertex 11.0617 48.7 6.48658
      vertex 11.3841 48.7 6.71339
    endloop
  endfacet
  facet normal 0 1 0
    outer loop
      vertex 14.6224 48.7 6.21321
      vertex 11.0617 48.7 6.48658
      vertex 14.3383 48.7 6.48658
    endloop
  endfacet
  facet normal 0 1 0
    outer loop
      vertex 14.6224 48.7 6.21321
      vertex 10.7776 48.7 6.21321
      vertex 11.0617 48.7 6.48658
    endloop
  endfacet
  facet normal 0 1 0
    outer loop
      vertex 14.8614 48.7 5.89969
      vertex 10.7776 48.7 6.21321
      vertex 14.6224 48.7 6.21321
    endloop
  endfacet
  facet normal 0 1 0
    outer loop
      vertex 14.8614 48.7 5.89969
      vertex 10.5386 48.7 5.89969
      vertex 10.7776 48.7 6.21321
    endloop
  endfacet
  facet normal 0 1 0
    outer loop
      vertex 15.0497 48.7 5.55335
      vertex 10.5386 48.7 5.89969
      vertex 14.8614 48.7 5.89969
    endloop
  endfacet
  facet normal 0 1 0
    outer loop
      vertex 15.0497 48.7 5.55335
      vertex 10.3503 48.7 5.55335
      vertex 10.5386 48.7 5.89969
    endloop
  endfacet
  facet normal 0 1 0
    outer loop
      vertex 15.183 48.7 5.18233
      vertex 10.3503 48.7 5.55335
      vertex 15.0497 48.7 5.55335
    endloop
  endfacet
  facet normal 0 1 0
    outer loop
      vertex 15.183 48.7 5.18233
      vertex 10.217 48.7 5.18233
      vertex 10.3503 48.7 5.55335
    endloop
  endfacet
  facet normal 0 1 0
    outer loop
      vertex 15.258 48.7 4.79531
      vertex 10.217 48.7 5.18233
      vertex 15.183 48.7 5.18233
    endloop
  endfacet
  facet normal 0 1 0
    outer loop
      vertex 15.258 48.7 4.79531
      vertex 10.142 48.7 4.79531
      vertex 10.217 48.7 5.18233
    endloop
  endfacet
  facet normal 0 1 0
    outer loop
      vertex 15.2731 48.7 4.40137
      vertex 10.142 48.7 4.79531
      vertex 15.258 48.7 4.79531
    endloop
  endfacet
  facet normal 0 1 0
    outer loop
      vertex 15.2731 48.7 4.40137
      vertex 10.1269 48.7 4.40137
      vertex 10.142 48.7 4.79531
    endloop
  endfacet
  facet normal 0 1 -0
    outer loop
      vertex 15.2279 48.7 4.00974
      vertex 10.1269 48.7 4.40137
      vertex 15.2731 48.7 4.40137
    endloop
  endfacet
  facet normal 0 1 0
    outer loop
      vertex 15.2279 48.7 4.00974
      vertex 10.1721 48.7 4.00974
      vertex 10.1269 48.7 4.40137
    endloop
  endfacet
  facet normal 0 1 -0
    outer loop
      vertex 15.1234 48.7 3.62961
      vertex 10.1721 48.7 4.00974
      vertex 15.2279 48.7 4.00974
    endloop
  endfacet
  facet normal 0 1 0
    outer loop
      vertex 15.1234 48.7 3.62961
      vertex 10.2766 48.7 3.62961
      vertex 10.1721 48.7 4.00974
    endloop
  endfacet
  facet normal 0 1 -0
    outer loop
      vertex 14.9622 48.7 3.26987
      vertex 10.2766 48.7 3.62961
      vertex 15.1234 48.7 3.62961
    endloop
  endfacet
  facet normal 0 1 0
    outer loop
      vertex 14.9622 48.7 3.26987
      vertex 10.4378 48.7 3.26987
      vertex 10.2766 48.7 3.62961
    endloop
  endfacet
  facet normal 0 1 -0
    outer loop
      vertex 14.7479 48.7 2.93897
      vertex 10.4378 48.7 3.26987
      vertex 14.9622 48.7 3.26987
    endloop
  endfacet
  facet normal 0 1 0
    outer loop
      vertex 14.7479 48.7 2.93897
      vertex 10.6521 48.7 2.93897
      vertex 10.4378 48.7 3.26987
    endloop
  endfacet
  facet normal 0 1 -0
    outer loop
      vertex 14.4856 48.7 2.64466
      vertex 10.6521 48.7 2.93897
      vertex 14.7479 48.7 2.93897
    endloop
  endfacet
  facet normal 0 1 0
    outer loop
      vertex 14.4856 48.7 2.64466
      vertex 10.9144 48.7 2.64466
      vertex 10.6521 48.7 2.93897
    endloop
  endfacet
  facet normal 0 1 -0
    outer loop
      vertex 14.1814 48.7 2.39383
      vertex 10.9144 48.7 2.64466
      vertex 14.4856 48.7 2.64466
    endloop
  endfacet
  facet normal 0 1 0
    outer loop
      vertex 14.1814 48.7 2.39383
      vertex 11.2186 48.7 2.39383
      vertex 10.9144 48.7 2.64466
    endloop
  endfacet
  facet normal 0 1 -0
    outer loop
      vertex 13.8426 48.7 2.19237
      vertex 11.2186 48.7 2.39383
      vertex 14.1814 48.7 2.39383
    endloop
  endfacet
  facet normal 0 1 0
    outer loop
      vertex 13.8426 48.7 2.19237
      vertex 11.5574 48.7 2.19237
      vertex 11.2186 48.7 2.39383
    endloop
  endfacet
  facet normal 0 1 -0
    outer loop
      vertex 13.4769 48.7 2.045
      vertex 11.5574 48.7 2.19237
      vertex 13.8426 48.7 2.19237
    endloop
  endfacet
  facet normal 0 1 0
    outer loop
      vertex 13.4769 48.7 2.045
      vertex 11.9231 48.7 2.045
      vertex 11.5574 48.7 2.19237
    endloop
  endfacet
  facet normal 0 1 -0
    outer loop
      vertex 13.0931 48.7 1.95518
      vertex 11.9231 48.7 2.045
      vertex 13.4769 48.7 2.045
    endloop
  endfacet
  facet normal 0 1 0
    outer loop
      vertex 13.0931 48.7 1.95518
      vertex 12.3069 48.7 1.95518
      vertex 11.9231 48.7 2.045
    endloop
  endfacet
  facet normal -0 1 0
    outer loop
      vertex 12.3069 48.7 1.95518
      vertex 13.0931 48.7 1.95518
      vertex 12.7 48.7 1.925
    endloop
  endfacet
  facet normal 0 0 -1
    outer loop
      vertex 12.5029 48.7 7.06744
      vertex 12.8971 50.8 7.06744
      vertex 12.8971 48.7 7.06744
    endloop
  endfacet
  facet normal -0 0 -1
    outer loop
      vertex 12.8971 50.8 7.06744
      vertex 12.5029 48.7 7.06744
      vertex 12.5029 50.8 7.06744
    endloop
  endfacet
  facet normal -0.693368 0 -0.720583
    outer loop
      vertex 14.3383 48.7 6.48658
      vertex 14.6224 50.8 6.21321
      vertex 14.6224 48.7 6.21321
    endloop
  endfacet
  facet normal -0.693368 0 -0.720583
    outer loop
      vertex 14.6224 50.8 6.21321
      vertex 14.3383 48.7 6.48658
      vertex 14.3383 50.8 6.48658
    endloop
  endfacet
  facet normal 0.301696 0 -0.953404
    outer loop
      vertex 11.7374 48.7 6.88832
      vertex 12.1133 50.8 7.00727
      vertex 12.1133 48.7 7.00727
    endloop
  endfacet
  facet normal 0.301696 0 -0.953404
    outer loop
      vertex 12.1133 50.8 7.00727
      vertex 11.7374 48.7 6.88832
      vertex 11.7374 50.8 6.88832
    endloop
  endfacet
  facet normal -0.0765491 0 0.997066
    outer loop
      vertex 12.7 50.8 1.925
      vertex 13.0931 48.7 1.95518
      vertex 13.0931 50.8 1.95518
    endloop
  endfacet
  facet normal -0.0765491 0 0.997066
    outer loop
      vertex 13.0931 48.7 1.95518
      vertex 12.7 50.8 1.925
      vertex 12.7 48.7 1.925
    endloop
  endfacet
  facet normal 0.964229 -0 0.265072
    outer loop
      vertex 35.5721 0 4.00974
      vertex 35.6766 2.1 3.62961
      vertex 35.5721 2.1 4.00974
    endloop
  endfacet
  facet normal 0.964229 0 0.265072
    outer loop
      vertex 35.6766 2.1 3.62961
      vertex 35.5721 0 4.00974
      vertex 35.6766 0 3.62961
    endloop
  endfacet
  facet normal 0.227871 0 0.973691
    outer loop
      vertex 37.3231 2.1 2.045
      vertex 37.7069 0 1.95518
      vertex 37.7069 2.1 1.95518
    endloop
  endfacet
  facet normal 0.227871 0 0.973691
    outer loop
      vertex 37.7069 0 1.95518
      vertex 37.3231 2.1 2.045
      vertex 37.3231 0 2.045
    endloop
  endfacet
  facet normal 0.0765491 0 0.997066
    outer loop
      vertex 37.7069 2.1 1.95518
      vertex 38.1 0 1.925
      vertex 38.1 2.1 1.925
    endloop
  endfacet
  facet normal 0.0765491 0 0.997066
    outer loop
      vertex 38.1 0 1.925
      vertex 37.7069 2.1 1.95518
      vertex 37.7069 0 1.95518
    endloop
  endfacet
  facet normal -0.964229 0 0.265072
    outer loop
      vertex 40.5234 0 3.62961
      vertex 40.6279 2.1 4.00974
      vertex 40.5234 2.1 3.62961
    endloop
  endfacet
  facet normal -0.964229 0 0.265072
    outer loop
      vertex 40.6279 2.1 4.00974
      vertex 40.5234 0 3.62961
      vertex 40.6279 0 4.00974
    endloop
  endfacet
  facet normal -0.511097 0 0.859523
    outer loop
      vertex 39.2426 2.1 2.19237
      vertex 39.5814 0 2.39383
      vertex 39.5814 2.1 2.39383
    endloop
  endfacet
  facet normal -0.511097 0 0.859523
    outer loop
      vertex 39.5814 0 2.39383
      vertex 39.2426 2.1 2.19237
      vertex 39.2426 0 2.19237
    endloop
  endfacet
  facet normal 0 0 -1
    outer loop
      vertex 37.9029 0 7.06744
      vertex 38.2971 2.1 7.06744
      vertex 38.2971 0 7.06744
    endloop
  endfacet
  facet normal -0 0 -1
    outer loop
      vertex 38.2971 2.1 7.06744
      vertex 37.9029 0 7.06744
      vertex 37.9029 2.1 7.06744
    endloop
  endfacet
  facet normal 0.746538 -0 0.665343
    outer loop
      vertex 36.0521 0 2.93897
      vertex 36.3144 2.1 2.64466
      vertex 36.0521 2.1 2.93897
    endloop
  endfacet
  facet normal 0.746538 0 0.665343
    outer loop
      vertex 36.3144 2.1 2.64466
      vertex 36.0521 0 2.93897
      vertex 36.3144 0 2.64466
    endloop
  endfacet
  facet normal 0.941103 0 -0.338119
    outer loop
      vertex 35.7503 0 5.55335
      vertex 35.617 2.1 5.18233
      vertex 35.7503 2.1 5.55335
    endloop
  endfacet
  facet normal 0.941103 0 -0.338119
    outer loop
      vertex 35.617 2.1 5.18233
      vertex 35.7503 0 5.55335
      vertex 35.617 0 5.18233
    endloop
  endfacet
  facet normal -0.993405 0 0.114654
    outer loop
      vertex 40.6279 0 4.00974
      vertex 40.6731 2.1 4.40137
      vertex 40.6279 2.1 4.00974
    endloop
  endfacet
  facet normal -0.993405 0 0.114654
    outer loop
      vertex 40.6731 2.1 4.40137
      vertex 40.6279 0 4.00974
      vertex 40.6731 0 4.40137
    endloop
  endfacet
  facet normal -0.373773 0 0.92752
    outer loop
      vertex 38.8769 2.1 2.045
      vertex 39.2426 0 2.19237
      vertex 39.2426 2.1 2.19237
    endloop
  endfacet
  facet normal -0.373773 0 0.92752
    outer loop
      vertex 39.2426 0 2.19237
      vertex 38.8769 2.1 2.045
      vertex 38.8769 0 2.045
    endloop
  endfacet
  facet normal 0.693368 0 -0.720583
    outer loop
      vertex 36.1776 0 6.21321
      vertex 36.4617 2.1 6.48658
      vertex 36.4617 0 6.48658
    endloop
  endfacet
  facet normal 0.693368 0 -0.720583
    outer loop
      vertex 36.4617 2.1 6.48658
      vertex 36.1776 0 6.21321
      vertex 36.1776 2.1 6.21321
    endloop
  endfacet
  facet normal -0.152631 0 -0.988283
    outer loop
      vertex 38.2971 0 7.06744
      vertex 38.6867 2.1 7.00727
      vertex 38.6867 0 7.00727
    endloop
  endfacet
  facet normal -0.152631 0 -0.988283
    outer loop
      vertex 38.6867 2.1 7.00727
      vertex 38.2971 0 7.06744
      vertex 38.2971 2.1 7.06744
    endloop
  endfacet
  facet normal -0.301696 0 -0.953404
    outer loop
      vertex 38.6867 0 7.00727
      vertex 39.0626 2.1 6.88832
      vertex 39.0626 0 6.88832
    endloop
  endfacet
  facet normal -0.301696 0 -0.953404
    outer loop
      vertex 39.0626 2.1 6.88832
      vertex 38.6867 0 7.00727
      vertex 38.6867 2.1 7.00727
    endloop
  endfacet
  facet normal 0.575385 0 -0.817883
    outer loop
      vertex 36.4617 0 6.48658
      vertex 36.7841 2.1 6.71339
      vertex 36.7841 0 6.71339
    endloop
  endfacet
  facet normal 0.575385 0 -0.817883
    outer loop
      vertex 36.7841 2.1 6.71339
      vertex 36.4617 0 6.48658
      vertex 36.4617 2.1 6.48658
    endloop
  endfacet
  facet normal 0.993405 -0 0.114654
    outer loop
      vertex 35.5269 0 4.40137
      vertex 35.5721 2.1 4.00974
      vertex 35.5269 2.1 4.40137
    endloop
  endfacet
  facet normal 0.993405 0 0.114654
    outer loop
      vertex 35.5721 2.1 4.00974
      vertex 35.5269 0 4.40137
      vertex 35.5721 0 4.00974
    endloop
  endfacet
  facet normal 0.152631 0 -0.988283
    outer loop
      vertex 37.5133 0 7.00727
      vertex 37.9029 2.1 7.06744
      vertex 37.9029 0 7.06744
    endloop
  endfacet
  facet normal 0.152631 0 -0.988283
    outer loop
      vertex 37.9029 2.1 7.06744
      vertex 37.5133 0 7.00727
      vertex 37.5133 2.1 7.00727
    endloop
  endfacet
  facet normal -0.636179 0 0.771541
    outer loop
      vertex 39.5814 2.1 2.39383
      vertex 39.8856 0 2.64466
      vertex 39.8856 2.1 2.64466
    endloop
  endfacet
  facet normal -0.636179 0 0.771541
    outer loop
      vertex 39.8856 0 2.64466
      vertex 39.5814 2.1 2.39383
      vertex 39.5814 0 2.39383
    endloop
  endfacet
  facet normal -0.746538 0 0.665343
    outer loop
      vertex 39.8856 0 2.64466
      vertex 40.1479 2.1 2.93897
      vertex 39.8856 2.1 2.64466
    endloop
  endfacet
  facet normal -0.746538 0 0.665343
    outer loop
      vertex 40.1479 2.1 2.93897
      vertex 39.8856 0 2.64466
      vertex 40.1479 0 2.93897
    endloop
  endfacet
  facet normal -0.912569 0 0.408923
    outer loop
      vertex 40.3622 0 3.26987
      vertex 40.5234 2.1 3.62961
      vertex 40.3622 2.1 3.26987
    endloop
  endfacet
  facet normal -0.912569 0 0.408923
    outer loop
      vertex 40.5234 2.1 3.62961
      vertex 40.3622 0 3.26987
      vertex 40.5234 0 3.62961
    endloop
  endfacet
  facet normal -0.795276 0 -0.606248
    outer loop
      vertex 40.2614 0 5.89969
      vertex 40.0224 2.1 6.21321
      vertex 40.2614 2.1 5.89969
    endloop
  endfacet
  facet normal -0.795276 -0 -0.606248
    outer loop
      vertex 40.0224 2.1 6.21321
      vertex 40.2614 0 5.89969
      vertex 40.0224 0 6.21321
    endloop
  endfacet
  facet normal 0.636179 0 0.771541
    outer loop
      vertex 36.3144 2.1 2.64466
      vertex 36.6186 0 2.39383
      vertex 36.6186 2.1 2.39383
    endloop
  endfacet
  facet normal 0.636179 0 0.771541
    outer loop
      vertex 36.6186 0 2.39383
      vertex 36.3144 2.1 2.64466
      vertex 36.3144 0 2.64466
    endloop
  endfacet
  facet normal 0.999266 0 -0.0383026
    outer loop
      vertex 35.542 0 4.79531
      vertex 35.5269 2.1 4.40137
      vertex 35.542 2.1 4.79531
    endloop
  endfacet
  facet normal 0.999266 0 -0.0383026
    outer loop
      vertex 35.5269 2.1 4.40137
      vertex 35.542 0 4.79531
      vertex 35.5269 0 4.40137
    endloop
  endfacet
  facet normal 0.839352 -0 0.543588
    outer loop
      vertex 35.8378 0 3.26987
      vertex 36.0521 2.1 2.93897
      vertex 35.8378 2.1 3.26987
    endloop
  endfacet
  facet normal 0.839352 0 0.543588
    outer loop
      vertex 36.0521 2.1 2.93897
      vertex 35.8378 0 3.26987
      vertex 36.0521 0 2.93897
    endloop
  endfacet
  facet normal -0.999266 0 -0.0383026
    outer loop
      vertex 40.6731 0 4.40137
      vertex 40.658 2.1 4.79531
      vertex 40.6731 2.1 4.40137
    endloop
  endfacet
  facet normal -0.999266 -0 -0.0383026
    outer loop
      vertex 40.658 2.1 4.79531
      vertex 40.6731 0 4.40137
      vertex 40.658 0 4.79531
    endloop
  endfacet
  facet normal 0.301696 0 -0.953404
    outer loop
      vertex 37.1374 0 6.88832
      vertex 37.5133 2.1 7.00727
      vertex 37.5133 0 7.00727
    endloop
  endfacet
  facet normal 0.301696 0 -0.953404
    outer loop
      vertex 37.5133 2.1 7.00727
      vertex 37.1374 0 6.88832
      vertex 37.1374 2.1 6.88832
    endloop
  endfacet
  facet normal 0.44372 0 -0.896166
    outer loop
      vertex 36.7841 0 6.71339
      vertex 37.1374 2.1 6.88832
      vertex 37.1374 0 6.88832
    endloop
  endfacet
  facet normal 0.44372 0 -0.896166
    outer loop
      vertex 37.1374 2.1 6.88832
      vertex 36.7841 0 6.71339
      vertex 36.7841 2.1 6.71339
    endloop
  endfacet
  facet normal 0.981736 0 -0.190249
    outer loop
      vertex 35.617 0 5.18233
      vertex 35.542 2.1 4.79531
      vertex 35.617 2.1 5.18233
    endloop
  endfacet
  facet normal 0.981736 0 -0.190249
    outer loop
      vertex 35.542 2.1 4.79531
      vertex 35.617 0 5.18233
      vertex 35.542 0 4.79531
    endloop
  endfacet
  facet normal 0.511097 0 0.859523
    outer loop
      vertex 36.6186 2.1 2.39383
      vertex 36.9574 0 2.19237
      vertex 36.9574 2.1 2.19237
    endloop
  endfacet
  facet normal 0.511097 0 0.859523
    outer loop
      vertex 36.9574 0 2.19237
      vertex 36.6186 2.1 2.39383
      vertex 36.6186 0 2.39383
    endloop
  endfacet
  facet normal -0.575385 0 -0.817883
    outer loop
      vertex 39.4159 0 6.71339
      vertex 39.7383 2.1 6.48658
      vertex 39.7383 0 6.48658
    endloop
  endfacet
  facet normal -0.575385 0 -0.817883
    outer loop
      vertex 39.7383 2.1 6.48658
      vertex 39.4159 0 6.71339
      vertex 39.4159 2.1 6.71339
    endloop
  endfacet
  facet normal -0.693368 0 -0.720583
    outer loop
      vertex 39.7383 0 6.48658
      vertex 40.0224 2.1 6.21321
      vertex 40.0224 0 6.21321
    endloop
  endfacet
  facet normal -0.693368 0 -0.720583
    outer loop
      vertex 40.0224 2.1 6.21321
      vertex 39.7383 0 6.48658
      vertex 39.7383 2.1 6.48658
    endloop
  endfacet
  facet normal 0.878548 0 -0.477654
    outer loop
      vertex 35.9386 0 5.89969
      vertex 35.7503 2.1 5.55335
      vertex 35.9386 2.1 5.89969
    endloop
  endfacet
  facet normal 0.878548 0 -0.477654
    outer loop
      vertex 35.7503 2.1 5.55335
      vertex 35.9386 0 5.89969
      vertex 35.7503 0 5.55335
    endloop
  endfacet
  facet normal -0.981736 0 -0.190249
    outer loop
      vertex 40.658 0 4.79531
      vertex 40.583 2.1 5.18233
      vertex 40.658 2.1 4.79531
    endloop
  endfacet
  facet normal -0.981736 -0 -0.190249
    outer loop
      vertex 40.583 2.1 5.18233
      vertex 40.658 0 4.79531
      vertex 40.583 0 5.18233
    endloop
  endfacet
  facet normal -0.44372 0 -0.896166
    outer loop
      vertex 39.0626 0 6.88832
      vertex 39.4159 2.1 6.71339
      vertex 39.4159 0 6.71339
    endloop
  endfacet
  facet normal -0.44372 0 -0.896166
    outer loop
      vertex 39.4159 2.1 6.71339
      vertex 39.0626 0 6.88832
      vertex 39.0626 2.1 6.88832
    endloop
  endfacet
  facet normal 0.912569 -0 0.408923
    outer loop
      vertex 35.6766 0 3.62961
      vertex 35.8378 2.1 3.26987
      vertex 35.6766 2.1 3.62961
    endloop
  endfacet
  facet normal 0.912569 0 0.408923
    outer loop
      vertex 35.8378 2.1 3.26987
      vertex 35.6766 0 3.62961
      vertex 35.8378 0 3.26987
    endloop
  endfacet
  facet normal -0.227871 0 0.973691
    outer loop
      vertex 38.4931 2.1 1.95518
      vertex 38.8769 0 2.045
      vertex 38.8769 2.1 2.045
    endloop
  endfacet
  facet normal -0.227871 0 0.973691
    outer loop
      vertex 38.8769 0 2.045
      vertex 38.4931 2.1 1.95518
      vertex 38.4931 0 1.95518
    endloop
  endfacet
  facet normal 0.373773 0 0.92752
    outer loop
      vertex 36.9574 2.1 2.19237
      vertex 37.3231 0 2.045
      vertex 37.3231 2.1 2.045
    endloop
  endfacet
  facet normal 0.373773 0 0.92752
    outer loop
      vertex 37.3231 0 2.045
      vertex 36.9574 2.1 2.19237
      vertex 36.9574 0 2.19237
    endloop
  endfacet
  facet normal 0.795276 0 -0.606248
    outer loop
      vertex 36.1776 0 6.21321
      vertex 35.9386 2.1 5.89969
      vertex 36.1776 2.1 6.21321
    endloop
  endfacet
  facet normal 0.795276 0 -0.606248
    outer loop
      vertex 35.9386 2.1 5.89969
      vertex 36.1776 0 6.21321
      vertex 35.9386 0 5.89969
    endloop
  endfacet
  facet normal -0.839352 0 0.543588
    outer loop
      vertex 40.1479 0 2.93897
      vertex 40.3622 2.1 3.26987
      vertex 40.1479 2.1 2.93897
    endloop
  endfacet
  facet normal -0.839352 0 0.543588
    outer loop
      vertex 40.3622 2.1 3.26987
      vertex 40.1479 0 2.93897
      vertex 40.3622 0 3.26987
    endloop
  endfacet
  facet normal 0 -1 0
    outer loop
      vertex 37.5133 2.1 7.00727
      vertex 38.2971 2.1 7.06744
      vertex 37.9029 2.1 7.06744
    endloop
  endfacet
  facet normal 0 -1 0
    outer loop
      vertex 37.5133 2.1 7.00727
      vertex 38.6867 2.1 7.00727
      vertex 38.2971 2.1 7.06744
    endloop
  endfacet
  facet normal 0 -1 0
    outer loop
      vertex 37.1374 2.1 6.88832
      vertex 38.6867 2.1 7.00727
      vertex 37.5133 2.1 7.00727
    endloop
  endfacet
  facet normal 0 -1 0
    outer loop
      vertex 37.1374 2.1 6.88832
      vertex 39.0626 2.1 6.88832
      vertex 38.6867 2.1 7.00727
    endloop
  endfacet
  facet normal 0 -1 0
    outer loop
      vertex 36.7841 2.1 6.71339
      vertex 39.0626 2.1 6.88832
      vertex 37.1374 2.1 6.88832
    endloop
  endfacet
  facet normal 0 -1 0
    outer loop
      vertex 36.7841 2.1 6.71339
      vertex 39.4159 2.1 6.71339
      vertex 39.0626 2.1 6.88832
    endloop
  endfacet
  facet normal 0 -1 0
    outer loop
      vertex 36.4617 2.1 6.48658
      vertex 39.4159 2.1 6.71339
      vertex 36.7841 2.1 6.71339
    endloop
  endfacet
  facet normal 0 -1 0
    outer loop
      vertex 36.4617 2.1 6.48658
      vertex 39.7383 2.1 6.48658
      vertex 39.4159 2.1 6.71339
    endloop
  endfacet
  facet normal 0 -1 0
    outer loop
      vertex 36.1776 2.1 6.21321
      vertex 39.7383 2.1 6.48658
      vertex 36.4617 2.1 6.48658
    endloop
  endfacet
  facet normal 0 -1 0
    outer loop
      vertex 36.1776 2.1 6.21321
      vertex 40.0224 2.1 6.21321
      vertex 39.7383 2.1 6.48658
    endloop
  endfacet
  facet normal 0 -1 0
    outer loop
      vertex 35.9386 2.1 5.89969
      vertex 40.0224 2.1 6.21321
      vertex 36.1776 2.1 6.21321
    endloop
  endfacet
  facet normal 0 -1 0
    outer loop
      vertex 35.9386 2.1 5.89969
      vertex 40.2614 2.1 5.89969
      vertex 40.0224 2.1 6.21321
    endloop
  endfacet
  facet normal 0 -1 0
    outer loop
      vertex 35.7503 2.1 5.55335
      vertex 40.2614 2.1 5.89969
      vertex 35.9386 2.1 5.89969
    endloop
  endfacet
  facet normal 0 -1 0
    outer loop
      vertex 35.7503 2.1 5.55335
      vertex 40.4497 2.1 5.55335
      vertex 40.2614 2.1 5.89969
    endloop
  endfacet
  facet normal 0 -1 0
    outer loop
      vertex 35.617 2.1 5.18233
      vertex 40.4497 2.1 5.55335
      vertex 35.7503 2.1 5.55335
    endloop
  endfacet
  facet normal 0 -1 0
    outer loop
      vertex 35.617 2.1 5.18233
      vertex 40.583 2.1 5.18233
      vertex 40.4497 2.1 5.55335
    endloop
  endfacet
  facet normal 0 -1 0
    outer loop
      vertex 35.542 2.1 4.79531
      vertex 40.583 2.1 5.18233
      vertex 35.617 2.1 5.18233
    endloop
  endfacet
  facet normal 0 -1 0
    outer loop
      vertex 35.542 2.1 4.79531
      vertex 40.658 2.1 4.79531
      vertex 40.583 2.1 5.18233
    endloop
  endfacet
  facet normal 0 -1 0
    outer loop
      vertex 35.5269 2.1 4.40137
      vertex 40.658 2.1 4.79531
      vertex 35.542 2.1 4.79531
    endloop
  endfacet
  facet normal 0 -1 0
    outer loop
      vertex 35.5269 2.1 4.40137
      vertex 40.6731 2.1 4.40137
      vertex 40.658 2.1 4.79531
    endloop
  endfacet
  facet normal 0 -1 0
    outer loop
      vertex 35.5721 2.1 4.00974
      vertex 40.6731 2.1 4.40137
      vertex 35.5269 2.1 4.40137
    endloop
  endfacet
  facet normal 0 -1 0
    outer loop
      vertex 35.5721 2.1 4.00974
      vertex 40.6279 2.1 4.00974
      vertex 40.6731 2.1 4.40137
    endloop
  endfacet
  facet normal 0 -1 0
    outer loop
      vertex 35.6766 2.1 3.62961
      vertex 40.6279 2.1 4.00974
      vertex 35.5721 2.1 4.00974
    endloop
  endfacet
  facet normal 0 -1 0
    outer loop
      vertex 35.6766 2.1 3.62961
      vertex 40.5234 2.1 3.62961
      vertex 40.6279 2.1 4.00974
    endloop
  endfacet
  facet normal 0 -1 0
    outer loop
      vertex 35.8378 2.1 3.26987
      vertex 40.5234 2.1 3.62961
      vertex 35.6766 2.1 3.62961
    endloop
  endfacet
  facet normal 0 -1 0
    outer loop
      vertex 35.8378 2.1 3.26987
      vertex 40.3622 2.1 3.26987
      vertex 40.5234 2.1 3.62961
    endloop
  endfacet
  facet normal 0 -1 0
    outer loop
      vertex 36.0521 2.1 2.93897
      vertex 40.3622 2.1 3.26987
      vertex 35.8378 2.1 3.26987
    endloop
  endfacet
  facet normal 0 -1 0
    outer loop
      vertex 36.0521 2.1 2.93897
      vertex 40.1479 2.1 2.93897
      vertex 40.3622 2.1 3.26987
    endloop
  endfacet
  facet normal 0 -1 0
    outer loop
      vertex 36.3144 2.1 2.64466
      vertex 40.1479 2.1 2.93897
      vertex 36.0521 2.1 2.93897
    endloop
  endfacet
  facet normal 0 -1 0
    outer loop
      vertex 36.3144 2.1 2.64466
      vertex 39.8856 2.1 2.64466
      vertex 40.1479 2.1 2.93897
    endloop
  endfacet
  facet normal 0 -1 0
    outer loop
      vertex 36.6186 2.1 2.39383
      vertex 39.8856 2.1 2.64466
      vertex 36.3144 2.1 2.64466
    endloop
  endfacet
  facet normal 0 -1 0
    outer loop
      vertex 36.6186 2.1 2.39383
      vertex 39.5814 2.1 2.39383
      vertex 39.8856 2.1 2.64466
    endloop
  endfacet
  facet normal 0 -1 0
    outer loop
      vertex 36.9574 2.1 2.19237
      vertex 39.5814 2.1 2.39383
      vertex 36.6186 2.1 2.39383
    endloop
  endfacet
  facet normal 0 -1 0
    outer loop
      vertex 36.9574 2.1 2.19237
      vertex 39.2426 2.1 2.19237
      vertex 39.5814 2.1 2.39383
    endloop
  endfacet
  facet normal 0 -1 0
    outer loop
      vertex 37.3231 2.1 2.045
      vertex 39.2426 2.1 2.19237
      vertex 36.9574 2.1 2.19237
    endloop
  endfacet
  facet normal 0 -1 0
    outer loop
      vertex 37.3231 2.1 2.045
      vertex 38.8769 2.1 2.045
      vertex 39.2426 2.1 2.19237
    endloop
  endfacet
  facet normal 0 -1 0
    outer loop
      vertex 37.7069 2.1 1.95518
      vertex 38.8769 2.1 2.045
      vertex 37.3231 2.1 2.045
    endloop
  endfacet
  facet normal 0 -1 0
    outer loop
      vertex 37.7069 2.1 1.95518
      vertex 38.4931 2.1 1.95518
      vertex 38.8769 2.1 2.045
    endloop
  endfacet
  facet normal -0 -1 0
    outer loop
      vertex 38.4931 2.1 1.95518
      vertex 37.7069 2.1 1.95518
      vertex 38.1 2.1 1.925
    endloop
  endfacet
  facet normal -0.0765491 0 0.997066
    outer loop
      vertex 38.1 2.1 1.925
      vertex 38.4931 0 1.95518
      vertex 38.4931 2.1 1.95518
    endloop
  endfacet
  facet normal -0.0765491 0 0.997066
    outer loop
      vertex 38.4931 0 1.95518
      vertex 38.1 2.1 1.925
      vertex 38.1 0 1.925
    endloop
  endfacet
  facet normal -0.878548 0 -0.477654
    outer loop
      vertex 40.4497 0 5.55335
      vertex 40.2614 2.1 5.89969
      vertex 40.4497 2.1 5.55335
    endloop
  endfacet
  facet normal -0.878548 -0 -0.477654
    outer loop
      vertex 40.2614 2.1 5.89969
      vertex 40.4497 0 5.55335
      vertex 40.2614 0 5.89969
    endloop
  endfacet
  facet normal -0.941103 0 -0.338119
    outer loop
      vertex 40.583 0 5.18233
      vertex 40.4497 2.1 5.55335
      vertex 40.583 2.1 5.18233
    endloop
  endfacet
  facet normal -0.941103 -0 -0.338119
    outer loop
      vertex 40.4497 2.1 5.55335
      vertex 40.583 0 5.18233
      vertex 40.4497 0 5.55335
    endloop
  endfacet
  facet normal 0.373773 0 0.92752
    outer loop
      vertex 36.9574 50.8 2.19237
      vertex 37.3231 48.7 2.045
      vertex 37.3231 50.8 2.045
    endloop
  endfacet
  facet normal 0.373773 0 0.92752
    outer loop
      vertex 37.3231 48.7 2.045
      vertex 36.9574 50.8 2.19237
      vertex 36.9574 48.7 2.19237
    endloop
  endfacet
  facet normal 0.941103 0 -0.338119
    outer loop
      vertex 35.7503 48.7 5.55335
      vertex 35.617 50.8 5.18233
      vertex 35.7503 50.8 5.55335
    endloop
  endfacet
  facet normal 0.941103 0 -0.338119
    outer loop
      vertex 35.617 50.8 5.18233
      vertex 35.7503 48.7 5.55335
      vertex 35.617 48.7 5.18233
    endloop
  endfacet
  facet normal -0.693368 0 -0.720583
    outer loop
      vertex 39.7383 48.7 6.48658
      vertex 40.0224 50.8 6.21321
      vertex 40.0224 48.7 6.21321
    endloop
  endfacet
  facet normal -0.693368 0 -0.720583
    outer loop
      vertex 40.0224 50.8 6.21321
      vertex 39.7383 48.7 6.48658
      vertex 39.7383 50.8 6.48658
    endloop
  endfacet
  facet normal -0.44372 0 -0.896166
    outer loop
      vertex 39.0626 48.7 6.88832
      vertex 39.4159 50.8 6.71339
      vertex 39.4159 48.7 6.71339
    endloop
  endfacet
  facet normal -0.44372 0 -0.896166
    outer loop
      vertex 39.4159 50.8 6.71339
      vertex 39.0626 48.7 6.88832
      vertex 39.0626 50.8 6.88832
    endloop
  endfacet
  facet normal -0.152631 0 -0.988283
    outer loop
      vertex 38.2971 48.7 7.06744
      vertex 38.6867 50.8 7.00727
      vertex 38.6867 48.7 7.00727
    endloop
  endfacet
  facet normal -0.152631 0 -0.988283
    outer loop
      vertex 38.6867 50.8 7.00727
      vertex 38.2971 48.7 7.06744
      vertex 38.2971 50.8 7.06744
    endloop
  endfacet
  facet normal 0.0765491 0 0.997066
    outer loop
      vertex 37.7069 50.8 1.95518
      vertex 38.1 48.7 1.925
      vertex 38.1 50.8 1.925
    endloop
  endfacet
  facet normal 0.0765491 0 0.997066
    outer loop
      vertex 38.1 48.7 1.925
      vertex 37.7069 50.8 1.95518
      vertex 37.7069 48.7 1.95518
    endloop
  endfacet
  facet normal 0.44372 0 -0.896166
    outer loop
      vertex 36.7841 48.7 6.71339
      vertex 37.1374 50.8 6.88832
      vertex 37.1374 48.7 6.88832
    endloop
  endfacet
  facet normal 0.44372 0 -0.896166
    outer loop
      vertex 37.1374 50.8 6.88832
      vertex 36.7841 48.7 6.71339
      vertex 36.7841 50.8 6.71339
    endloop
  endfacet
  facet normal -0.999266 0 -0.0383026
    outer loop
      vertex 40.6731 48.7 4.40137
      vertex 40.658 50.8 4.79531
      vertex 40.6731 50.8 4.40137
    endloop
  endfacet
  facet normal -0.999266 -0 -0.0383026
    outer loop
      vertex 40.658 50.8 4.79531
      vertex 40.6731 48.7 4.40137
      vertex 40.658 48.7 4.79531
    endloop
  endfacet
  facet normal 0.152631 0 -0.988283
    outer loop
      vertex 37.5133 48.7 7.00727
      vertex 37.9029 50.8 7.06744
      vertex 37.9029 48.7 7.06744
    endloop
  endfacet
  facet normal 0.152631 0 -0.988283
    outer loop
      vertex 37.9029 50.8 7.06744
      vertex 37.5133 48.7 7.00727
      vertex 37.5133 50.8 7.00727
    endloop
  endfacet
  facet normal 0.575385 0 -0.817883
    outer loop
      vertex 36.4617 48.7 6.48658
      vertex 36.7841 50.8 6.71339
      vertex 36.7841 48.7 6.71339
    endloop
  endfacet
  facet normal 0.575385 0 -0.817883
    outer loop
      vertex 36.7841 50.8 6.71339
      vertex 36.4617 48.7 6.48658
      vertex 36.4617 50.8 6.48658
    endloop
  endfacet
  facet normal 0 0 -1
    outer loop
      vertex 37.9029 48.7 7.06744
      vertex 38.2971 50.8 7.06744
      vertex 38.2971 48.7 7.06744
    endloop
  endfacet
  facet normal -0 0 -1
    outer loop
      vertex 38.2971 50.8 7.06744
      vertex 37.9029 48.7 7.06744
      vertex 37.9029 50.8 7.06744
    endloop
  endfacet
  facet normal 0.795276 0 -0.606248
    outer loop
      vertex 36.1776 48.7 6.21321
      vertex 35.9386 50.8 5.89969
      vertex 36.1776 50.8 6.21321
    endloop
  endfacet
  facet normal 0.795276 0 -0.606248
    outer loop
      vertex 35.9386 50.8 5.89969
      vertex 36.1776 48.7 6.21321
      vertex 35.9386 48.7 5.89969
    endloop
  endfacet
  facet normal -0.373773 0 0.92752
    outer loop
      vertex 38.8769 50.8 2.045
      vertex 39.2426 48.7 2.19237
      vertex 39.2426 50.8 2.19237
    endloop
  endfacet
  facet normal -0.373773 0 0.92752
    outer loop
      vertex 39.2426 48.7 2.19237
      vertex 38.8769 50.8 2.045
      vertex 38.8769 48.7 2.045
    endloop
  endfacet
  facet normal 0.839352 -0 0.543588
    outer loop
      vertex 35.8378 48.7 3.26987
      vertex 36.0521 50.8 2.93897
      vertex 35.8378 50.8 3.26987
    endloop
  endfacet
  facet normal 0.839352 0 0.543588
    outer loop
      vertex 36.0521 50.8 2.93897
      vertex 35.8378 48.7 3.26987
      vertex 36.0521 48.7 2.93897
    endloop
  endfacet
  facet normal 0.746538 -0 0.665343
    outer loop
      vertex 36.0521 48.7 2.93897
      vertex 36.3144 50.8 2.64466
      vertex 36.0521 50.8 2.93897
    endloop
  endfacet
  facet normal 0.746538 0 0.665343
    outer loop
      vertex 36.3144 50.8 2.64466
      vertex 36.0521 48.7 2.93897
      vertex 36.3144 48.7 2.64466
    endloop
  endfacet
  facet normal -0.941103 0 -0.338119
    outer loop
      vertex 40.583 48.7 5.18233
      vertex 40.4497 50.8 5.55335
      vertex 40.583 50.8 5.18233
    endloop
  endfacet
  facet normal -0.941103 -0 -0.338119
    outer loop
      vertex 40.4497 50.8 5.55335
      vertex 40.583 48.7 5.18233
      vertex 40.4497 48.7 5.55335
    endloop
  endfacet
  facet normal -0.795276 0 -0.606248
    outer loop
      vertex 40.2614 48.7 5.89969
      vertex 40.0224 50.8 6.21321
      vertex 40.2614 50.8 5.89969
    endloop
  endfacet
  facet normal -0.795276 -0 -0.606248
    outer loop
      vertex 40.0224 50.8 6.21321
      vertex 40.2614 48.7 5.89969
      vertex 40.0224 48.7 6.21321
    endloop
  endfacet
  facet normal -0.511097 0 0.859523
    outer loop
      vertex 39.2426 50.8 2.19237
      vertex 39.5814 48.7 2.39383
      vertex 39.5814 50.8 2.39383
    endloop
  endfacet
  facet normal -0.511097 0 0.859523
    outer loop
      vertex 39.5814 48.7 2.39383
      vertex 39.2426 50.8 2.19237
      vertex 39.2426 48.7 2.19237
    endloop
  endfacet
  facet normal 0.993405 -0 0.114654
    outer loop
      vertex 35.5269 48.7 4.40137
      vertex 35.5721 50.8 4.00974
      vertex 35.5269 50.8 4.40137
    endloop
  endfacet
  facet normal 0.993405 0 0.114654
    outer loop
      vertex 35.5721 50.8 4.00974
      vertex 35.5269 48.7 4.40137
      vertex 35.5721 48.7 4.00974
    endloop
  endfacet
  facet normal 0.999266 0 -0.0383026
    outer loop
      vertex 35.542 48.7 4.79531
      vertex 35.5269 50.8 4.40137
      vertex 35.542 50.8 4.79531
    endloop
  endfacet
  facet normal 0.999266 0 -0.0383026
    outer loop
      vertex 35.5269 50.8 4.40137
      vertex 35.542 48.7 4.79531
      vertex 35.5269 48.7 4.40137
    endloop
  endfacet
  facet normal -0.878548 0 -0.477654
    outer loop
      vertex 40.4497 48.7 5.55335
      vertex 40.2614 50.8 5.89969
      vertex 40.4497 50.8 5.55335
    endloop
  endfacet
  facet normal -0.878548 -0 -0.477654
    outer loop
      vertex 40.2614 50.8 5.89969
      vertex 40.4497 48.7 5.55335
      vertex 40.2614 48.7 5.89969
    endloop
  endfacet
  facet normal -0.575385 0 -0.817883
    outer loop
      vertex 39.4159 48.7 6.71339
      vertex 39.7383 50.8 6.48658
      vertex 39.7383 48.7 6.48658
    endloop
  endfacet
  facet normal -0.575385 0 -0.817883
    outer loop
      vertex 39.7383 50.8 6.48658
      vertex 39.4159 48.7 6.71339
      vertex 39.4159 50.8 6.71339
    endloop
  endfacet
  facet normal 0.301696 0 -0.953404
    outer loop
      vertex 37.1374 48.7 6.88832
      vertex 37.5133 50.8 7.00727
      vertex 37.5133 48.7 7.00727
    endloop
  endfacet
  facet normal 0.301696 0 -0.953404
    outer loop
      vertex 37.5133 50.8 7.00727
      vertex 37.1374 48.7 6.88832
      vertex 37.1374 50.8 6.88832
    endloop
  endfacet
  facet normal 0.981736 0 -0.190249
    outer loop
      vertex 35.617 48.7 5.18233
      vertex 35.542 50.8 4.79531
      vertex 35.617 50.8 5.18233
    endloop
  endfacet
  facet normal 0.981736 0 -0.190249
    outer loop
      vertex 35.542 50.8 4.79531
      vertex 35.617 48.7 5.18233
      vertex 35.542 48.7 4.79531
    endloop
  endfacet
  facet normal 0.227871 0 0.973691
    outer loop
      vertex 37.3231 50.8 2.045
      vertex 37.7069 48.7 1.95518
      vertex 37.7069 50.8 1.95518
    endloop
  endfacet
  facet normal 0.227871 0 0.973691
    outer loop
      vertex 37.7069 48.7 1.95518
      vertex 37.3231 50.8 2.045
      vertex 37.3231 48.7 2.045
    endloop
  endfacet
  facet normal 0.511097 0 0.859523
    outer loop
      vertex 36.6186 50.8 2.39383
      vertex 36.9574 48.7 2.19237
      vertex 36.9574 50.8 2.19237
    endloop
  endfacet
  facet normal 0.511097 0 0.859523
    outer loop
      vertex 36.9574 48.7 2.19237
      vertex 36.6186 50.8 2.39383
      vertex 36.6186 48.7 2.39383
    endloop
  endfacet
  facet normal -0.839352 0 0.543588
    outer loop
      vertex 40.1479 48.7 2.93897
      vertex 40.3622 50.8 3.26987
      vertex 40.1479 50.8 2.93897
    endloop
  endfacet
  facet normal -0.839352 0 0.543588
    outer loop
      vertex 40.3622 50.8 3.26987
      vertex 40.1479 48.7 2.93897
      vertex 40.3622 48.7 3.26987
    endloop
  endfacet
  facet normal 0.878548 0 -0.477654
    outer loop
      vertex 35.9386 48.7 5.89969
      vertex 35.7503 50.8 5.55335
      vertex 35.9386 50.8 5.89969
    endloop
  endfacet
  facet normal 0.878548 0 -0.477654
    outer loop
      vertex 35.7503 50.8 5.55335
      vertex 35.9386 48.7 5.89969
      vertex 35.7503 48.7 5.55335
    endloop
  endfacet
  facet normal 0.693368 0 -0.720583
    outer loop
      vertex 36.1776 48.7 6.21321
      vertex 36.4617 50.8 6.48658
      vertex 36.4617 48.7 6.48658
    endloop
  endfacet
  facet normal 0.693368 0 -0.720583
    outer loop
      vertex 36.4617 50.8 6.48658
      vertex 36.1776 48.7 6.21321
      vertex 36.1776 50.8 6.21321
    endloop
  endfacet
  facet normal -0.227871 0 0.973691
    outer loop
      vertex 38.4931 50.8 1.95518
      vertex 38.8769 48.7 2.045
      vertex 38.8769 50.8 2.045
    endloop
  endfacet
  facet normal -0.227871 0 0.973691
    outer loop
      vertex 38.8769 48.7 2.045
      vertex 38.4931 50.8 1.95518
      vertex 38.4931 48.7 1.95518
    endloop
  endfacet
  facet normal -0.912569 0 0.408923
    outer loop
      vertex 40.3622 48.7 3.26987
      vertex 40.5234 50.8 3.62961
      vertex 40.3622 50.8 3.26987
    endloop
  endfacet
  facet normal -0.912569 0 0.408923
    outer loop
      vertex 40.5234 50.8 3.62961
      vertex 40.3622 48.7 3.26987
      vertex 40.5234 48.7 3.62961
    endloop
  endfacet
  facet normal -0.301696 0 -0.953404
    outer loop
      vertex 38.6867 48.7 7.00727
      vertex 39.0626 50.8 6.88832
      vertex 39.0626 48.7 6.88832
    endloop
  endfacet
  facet normal -0.301696 0 -0.953404
    outer loop
      vertex 39.0626 50.8 6.88832
      vertex 38.6867 48.7 7.00727
      vertex 38.6867 50.8 7.00727
    endloop
  endfacet
  facet normal -0.964229 0 0.265072
    outer loop
      vertex 40.5234 48.7 3.62961
      vertex 40.6279 50.8 4.00974
      vertex 40.5234 50.8 3.62961
    endloop
  endfacet
  facet normal -0.964229 0 0.265072
    outer loop
      vertex 40.6279 50.8 4.00974
      vertex 40.5234 48.7 3.62961
      vertex 40.6279 48.7 4.00974
    endloop
  endfacet
  facet normal -0.746538 0 0.665343
    outer loop
      vertex 39.8856 48.7 2.64466
      vertex 40.1479 50.8 2.93897
      vertex 39.8856 50.8 2.64466
    endloop
  endfacet
  facet normal -0.746538 0 0.665343
    outer loop
      vertex 40.1479 50.8 2.93897
      vertex 39.8856 48.7 2.64466
      vertex 40.1479 48.7 2.93897
    endloop
  endfacet
  facet normal 0.964229 -0 0.265072
    outer loop
      vertex 35.5721 48.7 4.00974
      vertex 35.6766 50.8 3.62961
      vertex 35.5721 50.8 4.00974
    endloop
  endfacet
  facet normal 0.964229 0 0.265072
    outer loop
      vertex 35.6766 50.8 3.62961
      vertex 35.5721 48.7 4.00974
      vertex 35.6766 48.7 3.62961
    endloop
  endfacet
  facet normal -0.993405 0 0.114654
    outer loop
      vertex 40.6279 48.7 4.00974
      vertex 40.6731 50.8 4.40137
      vertex 40.6279 50.8 4.00974
    endloop
  endfacet
  facet normal -0.993405 0 0.114654
    outer loop
      vertex 40.6731 50.8 4.40137
      vertex 40.6279 48.7 4.00974
      vertex 40.6731 48.7 4.40137
    endloop
  endfacet
  facet normal 0.636179 0 0.771541
    outer loop
      vertex 36.3144 50.8 2.64466
      vertex 36.6186 48.7 2.39383
      vertex 36.6186 50.8 2.39383
    endloop
  endfacet
  facet normal 0.636179 0 0.771541
    outer loop
      vertex 36.6186 48.7 2.39383
      vertex 36.3144 50.8 2.64466
      vertex 36.3144 48.7 2.64466
    endloop
  endfacet
  facet normal -0.0765491 0 0.997066
    outer loop
      vertex 38.1 50.8 1.925
      vertex 38.4931 48.7 1.95518
      vertex 38.4931 50.8 1.95518
    endloop
  endfacet
  facet normal -0.0765491 0 0.997066
    outer loop
      vertex 38.4931 48.7 1.95518
      vertex 38.1 50.8 1.925
      vertex 38.1 48.7 1.925
    endloop
  endfacet
  facet normal -0.981736 0 -0.190249
    outer loop
      vertex 40.658 48.7 4.79531
      vertex 40.583 50.8 5.18233
      vertex 40.658 50.8 4.79531
    endloop
  endfacet
  facet normal -0.981736 -0 -0.190249
    outer loop
      vertex 40.583 50.8 5.18233
      vertex 40.658 48.7 4.79531
      vertex 40.583 48.7 5.18233
    endloop
  endfacet
  facet normal 0 1 0
    outer loop
      vertex 38.6867 48.7 7.00727
      vertex 37.9029 48.7 7.06744
      vertex 38.2971 48.7 7.06744
    endloop
  endfacet
  facet normal 0 1 0
    outer loop
      vertex 38.6867 48.7 7.00727
      vertex 37.5133 48.7 7.00727
      vertex 37.9029 48.7 7.06744
    endloop
  endfacet
  facet normal 0 1 0
    outer loop
      vertex 39.0626 48.7 6.88832
      vertex 37.5133 48.7 7.00727
      vertex 38.6867 48.7 7.00727
    endloop
  endfacet
  facet normal 0 1 0
    outer loop
      vertex 39.0626 48.7 6.88832
      vertex 37.1374 48.7 6.88832
      vertex 37.5133 48.7 7.00727
    endloop
  endfacet
  facet normal 0 1 0
    outer loop
      vertex 39.4159 48.7 6.71339
      vertex 37.1374 48.7 6.88832
      vertex 39.0626 48.7 6.88832
    endloop
  endfacet
  facet normal 0 1 0
    outer loop
      vertex 39.4159 48.7 6.71339
      vertex 36.7841 48.7 6.71339
      vertex 37.1374 48.7 6.88832
    endloop
  endfacet
  facet normal 0 1 0
    outer loop
      vertex 39.7383 48.7 6.48658
      vertex 36.7841 48.7 6.71339
      vertex 39.4159 48.7 6.71339
    endloop
  endfacet
  facet normal 0 1 0
    outer loop
      vertex 39.7383 48.7 6.48658
      vertex 36.4617 48.7 6.48658
      vertex 36.7841 48.7 6.71339
    endloop
  endfacet
  facet normal 0 1 0
    outer loop
      vertex 40.0224 48.7 6.21321
      vertex 36.4617 48.7 6.48658
      vertex 39.7383 48.7 6.48658
    endloop
  endfacet
  facet normal 0 1 0
    outer loop
      vertex 40.0224 48.7 6.21321
      vertex 36.1776 48.7 6.21321
      vertex 36.4617 48.7 6.48658
    endloop
  endfacet
  facet normal 0 1 0
    outer loop
      vertex 40.2614 48.7 5.89969
      vertex 36.1776 48.7 6.21321
      vertex 40.0224 48.7 6.21321
    endloop
  endfacet
  facet normal 0 1 0
    outer loop
      vertex 40.2614 48.7 5.89969
      vertex 35.9386 48.7 5.89969
      vertex 36.1776 48.7 6.21321
    endloop
  endfacet
  facet normal 0 1 0
    outer loop
      vertex 40.4497 48.7 5.55335
      vertex 35.9386 48.7 5.89969
      vertex 40.2614 48.7 5.89969
    endloop
  endfacet
  facet normal 0 1 0
    outer loop
      vertex 40.4497 48.7 5.55335
      vertex 35.7503 48.7 5.55335
      vertex 35.9386 48.7 5.89969
    endloop
  endfacet
  facet normal 0 1 0
    outer loop
      vertex 40.583 48.7 5.18233
      vertex 35.7503 48.7 5.55335
      vertex 40.4497 48.7 5.55335
    endloop
  endfacet
  facet normal 0 1 0
    outer loop
      vertex 40.583 48.7 5.18233
      vertex 35.617 48.7 5.18233
      vertex 35.7503 48.7 5.55335
    endloop
  endfacet
  facet normal 0 1 0
    outer loop
      vertex 40.658 48.7 4.79531
      vertex 35.617 48.7 5.18233
      vertex 40.583 48.7 5.18233
    endloop
  endfacet
  facet normal 0 1 0
    outer loop
      vertex 40.658 48.7 4.79531
      vertex 35.542 48.7 4.79531
      vertex 35.617 48.7 5.18233
    endloop
  endfacet
  facet normal 0 1 0
    outer loop
      vertex 40.6731 48.7 4.40137
      vertex 35.542 48.7 4.79531
      vertex 40.658 48.7 4.79531
    endloop
  endfacet
  facet normal 0 1 0
    outer loop
      vertex 40.6731 48.7 4.40137
      vertex 35.5269 48.7 4.40137
      vertex 35.542 48.7 4.79531
    endloop
  endfacet
  facet normal 0 1 -0
    outer loop
      vertex 40.6279 48.7 4.00974
      vertex 35.5269 48.7 4.40137
      vertex 40.6731 48.7 4.40137
    endloop
  endfacet
  facet normal 0 1 0
    outer loop
      vertex 40.6279 48.7 4.00974
      vertex 35.5721 48.7 4.00974
      vertex 35.5269 48.7 4.40137
    endloop
  endfacet
  facet normal 0 1 -0
    outer loop
      vertex 40.5234 48.7 3.62961
      vertex 35.5721 48.7 4.00974
      vertex 40.6279 48.7 4.00974
    endloop
  endfacet
  facet normal 0 1 0
    outer loop
      vertex 40.5234 48.7 3.62961
      vertex 35.6766 48.7 3.62961
      vertex 35.5721 48.7 4.00974
    endloop
  endfacet
  facet normal 0 1 -0
    outer loop
      vertex 40.3622 48.7 3.26987
      vertex 35.6766 48.7 3.62961
      vertex 40.5234 48.7 3.62961
    endloop
  endfacet
  facet normal 0 1 0
    outer loop
      vertex 40.3622 48.7 3.26987
      vertex 35.8378 48.7 3.26987
      vertex 35.6766 48.7 3.62961
    endloop
  endfacet
  facet normal 0 1 -0
    outer loop
      vertex 40.1479 48.7 2.93897
      vertex 35.8378 48.7 3.26987
      vertex 40.3622 48.7 3.26987
    endloop
  endfacet
  facet normal 0 1 0
    outer loop
      vertex 40.1479 48.7 2.93897
      vertex 36.0521 48.7 2.93897
      vertex 35.8378 48.7 3.26987
    endloop
  endfacet
  facet normal 0 1 -0
    outer loop
      vertex 39.8856 48.7 2.64466
      vertex 36.0521 48.7 2.93897
      vertex 40.1479 48.7 2.93897
    endloop
  endfacet
  facet normal 0 1 0
    outer loop
      vertex 39.8856 48.7 2.64466
      vertex 36.3144 48.7 2.64466
      vertex 36.0521 48.7 2.93897
    endloop
  endfacet
  facet normal 0 1 -0
    outer loop
      vertex 39.5814 48.7 2.39383
      vertex 36.3144 48.7 2.64466
      vertex 39.8856 48.7 2.64466
    endloop
  endfacet
  facet normal 0 1 0
    outer loop
      vertex 39.5814 48.7 2.39383
      vertex 36.6186 48.7 2.39383
      vertex 36.3144 48.7 2.64466
    endloop
  endfacet
  facet normal 0 1 -0
    outer loop
      vertex 39.2426 48.7 2.19237
      vertex 36.6186 48.7 2.39383
      vertex 39.5814 48.7 2.39383
    endloop
  endfacet
  facet normal 0 1 0
    outer loop
      vertex 39.2426 48.7 2.19237
      vertex 36.9574 48.7 2.19237
      vertex 36.6186 48.7 2.39383
    endloop
  endfacet
  facet normal 0 1 -0
    outer loop
      vertex 38.8769 48.7 2.045
      vertex 36.9574 48.7 2.19237
      vertex 39.2426 48.7 2.19237
    endloop
  endfacet
  facet normal 0 1 0
    outer loop
      vertex 38.8769 48.7 2.045
      vertex 37.3231 48.7 2.045
      vertex 36.9574 48.7 2.19237
    endloop
  endfacet
  facet normal 0 1 -0
    outer loop
      vertex 38.4931 48.7 1.95518
      vertex 37.3231 48.7 2.045
      vertex 38.8769 48.7 2.045
    endloop
  endfacet
  facet normal 0 1 0
    outer loop
      vertex 38.4931 48.7 1.95518
      vertex 37.7069 48.7 1.95518
      vertex 37.3231 48.7 2.045
    endloop
  endfacet
  facet normal -0 1 0
    outer loop
      vertex 37.7069 48.7 1.95518
      vertex 38.4931 48.7 1.95518
      vertex 38.1 48.7 1.925
    endloop
  endfacet
  facet normal -0.636179 0 0.771541
    outer loop
      vertex 39.5814 50.8 2.39383
      vertex 39.8856 48.7 2.64466
      vertex 39.8856 50.8 2.64466
    endloop
  endfacet
  facet normal -0.636179 0 0.771541
    outer loop
      vertex 39.8856 48.7 2.64466
      vertex 39.5814 50.8 2.39383
      vertex 39.5814 48.7 2.39383
    endloop
  endfacet
  facet normal 0.912569 -0 0.408923
    outer loop
      vertex 35.6766 48.7 3.62961
      vertex 35.8378 50.8 3.26987
      vertex 35.6766 50.8 3.62961
    endloop
  endfacet
  facet normal 0.912569 0 0.408923
    outer loop
      vertex 35.8378 50.8 3.26987
      vertex 35.6766 48.7 3.62961
      vertex 35.8378 48.7 3.26987
    endloop
  endfacet
  facet normal 1 0 0
    outer loop
      vertex 50.8 50.8 7.4
      vertex 50.8 40.6731 4.40137
      vertex 50.8 50.8 1.6
    endloop
  endfacet
  facet normal 1 0 0
    outer loop
      vertex 50.8 50.8 7.4
      vertex 50.8 40.658 4.79531
      vertex 50.8 40.6731 4.40137
    endloop
  endfacet
  facet normal 1 0 0
    outer loop
      vertex 50.8 50.8 7.4
      vertex 50.8 40.583 5.18233
      vertex 50.8 40.658 4.79531
    endloop
  endfacet
  facet normal 1 0 0
    outer loop
      vertex 50.8 50.8 7.4
      vertex 50.8 40.4497 5.55335
      vertex 50.8 40.583 5.18233
    endloop
  endfacet
  facet normal 1 0 0
    outer loop
      vertex 50.8 50.8 7.4
      vertex 50.8 40.2614 5.89969
      vertex 50.8 40.4497 5.55335
    endloop
  endfacet
  facet normal 1 0 0
    outer loop
      vertex 50.8 50.8 7.4
      vertex 50.8 40.0224 6.21321
      vertex 50.8 40.2614 5.89969
    endloop
  endfacet
  facet normal 1 0 0
    outer loop
      vertex 50.8 50.8 7.4
      vertex 50.8 39.7383 6.48658
      vertex 50.8 40.0224 6.21321
    endloop
  endfacet
  facet normal 1 0 0
    outer loop
      vertex 50.8 50.8 7.4
      vertex 50.8 39.4159 6.71339
      vertex 50.8 39.7383 6.48658
    endloop
  endfacet
  facet normal 1 0 0
    outer loop
      vertex 50.8 50.8 7.4
      vertex 50.8 39.0626 6.88832
      vertex 50.8 39.4159 6.71339
    endloop
  endfacet
  facet normal 1 0 0
    outer loop
      vertex 50.8 50.8 7.4
      vertex 50.8 38.6867 7.00727
      vertex 50.8 39.0626 6.88832
    endloop
  endfacet
  facet normal 1 0 0
    outer loop
      vertex 50.8 50.8 7.4
      vertex 50.8 38.2971 7.06744
      vertex 50.8 38.6867 7.00727
    endloop
  endfacet
  facet normal 1 0 0
    outer loop
      vertex 50.8 50.8 7.4
      vertex 50.8 37.9029 7.06744
      vertex 50.8 38.2971 7.06744
    endloop
  endfacet
  facet normal 1 0 0
    outer loop
      vertex 50.8 35.542 4.79531
      vertex 50.8 15.2731 4.40137
      vertex 50.8 35.5269 4.40137
    endloop
  endfacet
  facet normal 1 0 0
    outer loop
      vertex 50.8 15.258 4.79531
      vertex 50.8 35.542 4.79531
      vertex 50.8 35.617 5.18233
    endloop
  endfacet
  facet normal 1 0 0
    outer loop
      vertex 50.8 15.183 5.18233
      vertex 50.8 35.617 5.18233
      vertex 50.8 35.7503 5.55335
    endloop
  endfacet
  facet normal 1 0 0
    outer loop
      vertex 50.8 15.0497 5.55335
      vertex 50.8 35.7503 5.55335
      vertex 50.8 35.9386 5.89969
    endloop
  endfacet
  facet normal 1 0 0
    outer loop
      vertex 50.8 14.8614 5.89969
      vertex 50.8 35.9386 5.89969
      vertex 50.8 36.1776 6.21321
    endloop
  endfacet
  facet normal 1 0 0
    outer loop
      vertex 50.8 14.6224 6.21321
      vertex 50.8 36.1776 6.21321
      vertex 50.8 36.4617 6.48658
    endloop
  endfacet
  facet normal 1 0 0
    outer loop
      vertex 50.8 14.3383 6.48658
      vertex 50.8 36.4617 6.48658
      vertex 50.8 36.7841 6.71339
    endloop
  endfacet
  facet normal 1 0 0
    outer loop
      vertex 50.8 14.0159 6.71339
      vertex 50.8 36.7841 6.71339
      vertex 50.8 37.1374 6.88832
    endloop
  endfacet
  facet normal 1 0 0
    outer loop
      vertex 50.8 13.6626 6.88832
      vertex 50.8 37.1374 6.88832
      vertex 50.8 37.5133 7.00727
    endloop
  endfacet
  facet normal 1 0 0
    outer loop
      vertex 50.8 13.2867 7.00727
      vertex 50.8 37.5133 7.00727
      vertex 50.8 37.9029 7.06744
    endloop
  endfacet
  facet normal 1 0 0
    outer loop
      vertex 50.8 35.542 4.79531
      vertex 50.8 15.258 4.79531
      vertex 50.8 15.2731 4.40137
    endloop
  endfacet
  facet normal 1 0 0
    outer loop
      vertex 50.8 35.617 5.18233
      vertex 50.8 15.183 5.18233
      vertex 50.8 15.258 4.79531
    endloop
  endfacet
  facet normal 1 0 0
    outer loop
      vertex 50.8 35.7503 5.55335
      vertex 50.8 15.0497 5.55335
      vertex 50.8 15.183 5.18233
    endloop
  endfacet
  facet normal 1 0 0
    outer loop
      vertex 50.8 35.9386 5.89969
      vertex 50.8 14.8614 5.89969
      vertex 50.8 15.0497 5.55335
    endloop
  endfacet
  facet normal 1 0 0
    outer loop
      vertex 50.8 36.1776 6.21321
      vertex 50.8 14.6224 6.21321
      vertex 50.8 14.8614 5.89969
    endloop
  endfacet
  facet normal 1 0 0
    outer loop
      vertex 50.8 36.4617 6.48658
      vertex 50.8 14.3383 6.48658
      vertex 50.8 14.6224 6.21321
    endloop
  endfacet
  facet normal 1 0 0
    outer loop
      vertex 50.8 12.8971 7.06744
      vertex 50.8 37.9029 7.06744
      vertex 50.8 50.8 7.4
    endloop
  endfacet
  facet normal 1 0 0
    outer loop
      vertex 50.8 36.7841 6.71339
      vertex 50.8 14.0159 6.71339
      vertex 50.8 14.3383 6.48658
    endloop
  endfacet
  facet normal 1 0 0
    outer loop
      vertex 50.8 37.1374 6.88832
      vertex 50.8 13.6626 6.88832
      vertex 50.8 14.0159 6.71339
    endloop
  endfacet
  facet normal 1 0 0
    outer loop
      vertex 50.8 37.5133 7.00727
      vertex 50.8 13.2867 7.00727
      vertex 50.8 13.6626 6.88832
    endloop
  endfacet
  facet normal 1 0 0
    outer loop
      vertex 50.8 37.9029 7.06744
      vertex 50.8 12.8971 7.06744
      vertex 50.8 13.2867 7.00727
    endloop
  endfacet
  facet normal 1 -0 0
    outer loop
      vertex 50.8 0 7.4
      vertex 50.8 12.8971 7.06744
      vertex 50.8 50.8 7.4
    endloop
  endfacet
  facet normal 1 0 0
    outer loop
      vertex 50.8 10.142 4.79531
      vertex 50.8 0 7.4
      vertex 50.8 10.1269 4.40137
    endloop
  endfacet
  facet normal 1 0 0
    outer loop
      vertex 50.8 10.217 5.18233
      vertex 50.8 0 7.4
      vertex 50.8 10.142 4.79531
    endloop
  endfacet
  facet normal 1 0 0
    outer loop
      vertex 50.8 10.3503 5.55335
      vertex 50.8 0 7.4
      vertex 50.8 10.217 5.18233
    endloop
  endfacet
  facet normal 1 0 0
    outer loop
      vertex 50.8 10.5386 5.89969
      vertex 50.8 0 7.4
      vertex 50.8 10.3503 5.55335
    endloop
  endfacet
  facet normal 1 0 0
    outer loop
      vertex 50.8 10.7776 6.21321
      vertex 50.8 0 7.4
      vertex 50.8 10.5386 5.89969
    endloop
  endfacet
  facet normal 1 0 0
    outer loop
      vertex 50.8 11.0617 6.48658
      vertex 50.8 0 7.4
      vertex 50.8 10.7776 6.21321
    endloop
  endfacet
  facet normal 1 0 0
    outer loop
      vertex 50.8 11.3841 6.71339
      vertex 50.8 0 7.4
      vertex 50.8 11.0617 6.48658
    endloop
  endfacet
  facet normal 1 0 0
    outer loop
      vertex 50.8 11.7374 6.88832
      vertex 50.8 0 7.4
      vertex 50.8 11.3841 6.71339
    endloop
  endfacet
  facet normal 1 0 0
    outer loop
      vertex 50.8 12.1133 7.00727
      vertex 50.8 0 7.4
      vertex 50.8 11.7374 6.88832
    endloop
  endfacet
  facet normal 1 0 0
    outer loop
      vertex 50.8 12.5029 7.06744
      vertex 50.8 0 7.4
      vertex 50.8 12.1133 7.00727
    endloop
  endfacet
  facet normal 1 0 0
    outer loop
      vertex 50.8 12.8971 7.06744
      vertex 50.8 0 7.4
      vertex 50.8 12.5029 7.06744
    endloop
  endfacet
  facet normal 1 -0 0
    outer loop
      vertex 50.8 40.6279 4.00974
      vertex 50.8 50.8 1.6
      vertex 50.8 40.6731 4.40137
    endloop
  endfacet
  facet normal 1 -0 0
    outer loop
      vertex 50.8 40.5234 3.62961
      vertex 50.8 50.8 1.6
      vertex 50.8 40.6279 4.00974
    endloop
  endfacet
  facet normal 1 -0 0
    outer loop
      vertex 50.8 40.3622 3.26987
      vertex 50.8 50.8 1.6
      vertex 50.8 40.5234 3.62961
    endloop
  endfacet
  facet normal 1 -0 0
    outer loop
      vertex 50.8 40.1479 2.93897
      vertex 50.8 50.8 1.6
      vertex 50.8 40.3622 3.26987
    endloop
  endfacet
  facet normal 1 -0 0
    outer loop
      vertex 50.8 39.8856 2.64466
      vertex 50.8 50.8 1.6
      vertex 50.8 40.1479 2.93897
    endloop
  endfacet
  facet normal 1 -0 0
    outer loop
      vertex 50.8 39.5814 2.39383
      vertex 50.8 50.8 1.6
      vertex 50.8 39.8856 2.64466
    endloop
  endfacet
  facet normal 1 -0 0
    outer loop
      vertex 50.8 39.2426 2.19237
      vertex 50.8 50.8 1.6
      vertex 50.8 39.5814 2.39383
    endloop
  endfacet
  facet normal 1 -0 0
    outer loop
      vertex 50.8 38.8769 2.045
      vertex 50.8 50.8 1.6
      vertex 50.8 39.2426 2.19237
    endloop
  endfacet
  facet normal 1 -0 0
    outer loop
      vertex 50.8 38.4931 1.95518
      vertex 50.8 50.8 1.6
      vertex 50.8 38.8769 2.045
    endloop
  endfacet
  facet normal 1 -0 0
    outer loop
      vertex 50.8 38.1 1.925
      vertex 50.8 50.8 1.6
      vertex 50.8 38.4931 1.95518
    endloop
  endfacet
  facet normal 1 -0 0
    outer loop
      vertex 50.8 15.2731 4.40137
      vertex 50.8 35.5721 4.00974
      vertex 50.8 35.5269 4.40137
    endloop
  endfacet
  facet normal 1 0 0
    outer loop
      vertex 50.8 15.2279 4.00974
      vertex 50.8 35.5721 4.00974
      vertex 50.8 15.2731 4.40137
    endloop
  endfacet
  facet normal 1 0 0
    outer loop
      vertex 50.8 35.5721 4.00974
      vertex 50.8 15.2279 4.00974
      vertex 50.8 35.6766 3.62961
    endloop
  endfacet
  facet normal 1 0 0
    outer loop
      vertex 50.8 15.1234 3.62961
      vertex 50.8 35.6766 3.62961
      vertex 50.8 15.2279 4.00974
    endloop
  endfacet
  facet normal 1 0 0
    outer loop
      vertex 50.8 35.6766 3.62961
      vertex 50.8 15.1234 3.62961
      vertex 50.8 35.8378 3.26987
    endloop
  endfacet
  facet normal 1 0 0
    outer loop
      vertex 50.8 14.9622 3.26987
      vertex 50.8 35.8378 3.26987
      vertex 50.8 15.1234 3.62961
    endloop
  endfacet
  facet normal 1 0 0
    outer loop
      vertex 50.8 35.8378 3.26987
      vertex 50.8 14.9622 3.26987
      vertex 50.8 36.0521 2.93897
    endloop
  endfacet
  facet normal 1 0 0
    outer loop
      vertex 50.8 14.7479 2.93897
      vertex 50.8 36.0521 2.93897
      vertex 50.8 14.9622 3.26987
    endloop
  endfacet
  facet normal 1 0 0
    outer loop
      vertex 50.8 36.0521 2.93897
      vertex 50.8 14.7479 2.93897
      vertex 50.8 36.3144 2.64466
    endloop
  endfacet
  facet normal 1 0 0
    outer loop
      vertex 50.8 14.4856 2.64466
      vertex 50.8 36.3144 2.64466
      vertex 50.8 14.7479 2.93897
    endloop
  endfacet
  facet normal 1 0 0
    outer loop
      vertex 50.8 36.3144 2.64466
      vertex 50.8 14.4856 2.64466
      vertex 50.8 36.6186 2.39383
    endloop
  endfacet
  facet normal 1 0 0
    outer loop
      vertex 50.8 14.1814 2.39383
      vertex 50.8 36.6186 2.39383
      vertex 50.8 14.4856 2.64466
    endloop
  endfacet
  facet normal 1 0 0
    outer loop
      vertex 50.8 36.6186 2.39383
      vertex 50.8 14.1814 2.39383
      vertex 50.8 36.9574 2.19237
    endloop
  endfacet
  facet normal 1 0 0
    outer loop
      vertex 50.8 13.8426 2.19237
      vertex 50.8 36.9574 2.19237
      vertex 50.8 14.1814 2.39383
    endloop
  endfacet
  facet normal 1 0 0
    outer loop
      vertex 50.8 36.9574 2.19237
      vertex 50.8 13.8426 2.19237
      vertex 50.8 37.3231 2.045
    endloop
  endfacet
  facet normal 1 0 0
    outer loop
      vertex 50.8 13.4769 2.045
      vertex 50.8 37.3231 2.045
      vertex 50.8 13.8426 2.19237
    endloop
  endfacet
  facet normal 1 0 0
    outer loop
      vertex 50.8 37.3231 2.045
      vertex 50.8 13.4769 2.045
      vertex 50.8 37.7069 1.95518
    endloop
  endfacet
  facet normal 1 0 0
    outer loop
      vertex 50.8 13.0931 1.95518
      vertex 50.8 37.7069 1.95518
      vertex 50.8 13.4769 2.045
    endloop
  endfacet
  facet normal 1 0 0
    outer loop
      vertex 50.8 37.7069 1.95518
      vertex 50.8 13.0931 1.95518
      vertex 50.8 38.1 1.925
    endloop
  endfacet
  facet normal 1 0 0
    outer loop
      vertex 50.8 12.7 1.925
      vertex 50.8 38.1 1.925
      vertex 50.8 13.0931 1.95518
    endloop
  endfacet
  facet normal 1 0 0
    outer loop
      vertex 50.8 38.1 1.925
      vertex 50.8 12.7 1.925
      vertex 50.8 50.8 1.6
    endloop
  endfacet
  facet normal 1 0 0
    outer loop
      vertex 50.8 0 1.6
      vertex 50.8 10.1269 4.40137
      vertex 50.8 0 7.4
    endloop
  endfacet
  facet normal 1 0 0
    outer loop
      vertex 50.8 10.1269 4.40137
      vertex 50.8 0 1.6
      vertex 50.8 10.1721 4.00974
    endloop
  endfacet
  facet normal 1 0 0
    outer loop
      vertex 50.8 10.1721 4.00974
      vertex 50.8 0 1.6
      vertex 50.8 10.2766 3.62961
    endloop
  endfacet
  facet normal 1 0 0
    outer loop
      vertex 50.8 10.2766 3.62961
      vertex 50.8 0 1.6
      vertex 50.8 10.4378 3.26987
    endloop
  endfacet
  facet normal 1 0 0
    outer loop
      vertex 50.8 10.4378 3.26987
      vertex 50.8 0 1.6
      vertex 50.8 10.6521 2.93897
    endloop
  endfacet
  facet normal 1 0 0
    outer loop
      vertex 50.8 10.6521 2.93897
      vertex 50.8 0 1.6
      vertex 50.8 10.9144 2.64466
    endloop
  endfacet
  facet normal 1 0 0
    outer loop
      vertex 50.8 10.9144 2.64466
      vertex 50.8 0 1.6
      vertex 50.8 11.2186 2.39383
    endloop
  endfacet
  facet normal 1 0 0
    outer loop
      vertex 50.8 12.7 1.925
      vertex 50.8 0 1.6
      vertex 50.8 50.8 1.6
    endloop
  endfacet
  facet normal 1 0 0
    outer loop
      vertex 50.8 12.3069 1.95518
      vertex 50.8 0 1.6
      vertex 50.8 12.7 1.925
    endloop
  endfacet
  facet normal 1 0 0
    outer loop
      vertex 50.8 11.9231 2.045
      vertex 50.8 0 1.6
      vertex 50.8 12.3069 1.95518
    endloop
  endfacet
  facet normal 1 0 0
    outer loop
      vertex 50.8 11.5574 2.19237
      vertex 50.8 0 1.6
      vertex 50.8 11.9231 2.045
    endloop
  endfacet
  facet normal 1 0 0
    outer loop
      vertex 50.8 11.2186 2.39383
      vertex 50.8 0 1.6
      vertex 50.8 11.5574 2.19237
    endloop
  endfacet
  facet normal 0 0 1
    outer loop
      vertex 12.0166 23.825 9
      vertex 2 18.7 9
      vertex 12.0166 18.7 9
    endloop
  endfacet
  facet normal 0 0 1
    outer loop
      vertex 1.575 23.825 9
      vertex 2 17.9 9
      vertex 2 18.7 9
    endloop
  endfacet
  facet normal 0 0 1
    outer loop
      vertex 2 17.9 9
      vertex 1.575 23.825 9
      vertex 2 12.2 9
    endloop
  endfacet
  facet normal 0 0 1
    outer loop
      vertex 2 12.2 9
      vertex 1.575 23.825 9
      vertex 1.575 1.575 9
    endloop
  endfacet
  facet normal -0 0 1
    outer loop
      vertex 1.575 23.825 9
      vertex 2 18.7 9
      vertex 12.0166 23.825 9
    endloop
  endfacet
  facet normal -0 0 1
    outer loop
      vertex 2 17.9 9
      vertex 6.31226 12.2 9
      vertex 6.31226 17.9 9
    endloop
  endfacet
  facet normal 0 0 1
    outer loop
      vertex 6.31226 12.2 9
      vertex 2 17.9 9
      vertex 2 12.2 9
    endloop
  endfacet
  facet normal 0 0 1
    outer loop
      vertex 22.7912 11.4 9
      vertex 13 11.4 9
      vertex 22.7912 5.3 9
    endloop
  endfacet
  facet normal 0 0 1
    outer loop
      vertex 23.5912 5.3 9
      vertex 23.825 11.4 9
      vertex 23.5912 11.4 9
    endloop
  endfacet
  facet normal 0 0 1
    outer loop
      vertex 23.825 11.4 9
      vertex 23.5912 5.3 9
      vertex 23.825 1.575 9
    endloop
  endfacet
  facet normal -0 0 1
    outer loop
      vertex 22.7912 5.3 9
      vertex 23.825 1.575 9
      vertex 23.5912 5.3 9
    endloop
  endfacet
  facet normal 0 0 1
    outer loop
      vertex 13 5.3 9
      vertex 22.7912 5.3 9
      vertex 13 11.4 9
    endloop
  endfacet
  facet normal 0 0 1
    outer loop
      vertex 22.7912 5.3 9
      vertex 13 5.3 9
      vertex 23.825 1.575 9
    endloop
  endfacet
  facet normal 0 0 1
    outer loop
      vertex 1.575 1.575 9
      vertex 13 5.3 9
      vertex 2 5.3 9
    endloop
  endfacet
  facet normal 0 0 1
    outer loop
      vertex 13 5.3 9
      vertex 1.575 1.575 9
      vertex 23.825 1.575 9
    endloop
  endfacet
  facet normal 0 0 1
    outer loop
      vertex 2 12.2 9
      vertex 1.575 1.575 9
      vertex 2 5.3 9
    endloop
  endfacet
  facet normal 0 0 1
    outer loop
      vertex 12.6223 49.225 9
      vertex 2 44.7 9
      vertex 12.6223 44.7 9
    endloop
  endfacet
  facet normal 0 0 1
    outer loop
      vertex 1.575 49.225 9
      vertex 2 43.9 9
      vertex 2 44.7 9
    endloop
  endfacet
  facet normal 0 0 1
    outer loop
      vertex 2 43.9 9
      vertex 1.575 49.225 9
      vertex 2 38.2 9
    endloop
  endfacet
  facet normal 0 0 1
    outer loop
      vertex 2 38.2 9
      vertex 1.575 49.225 9
      vertex 2 37.4 9
    endloop
  endfacet
  facet normal 0 0 1
    outer loop
      vertex 2 37.4 9
      vertex 1.575 26.975 9
      vertex 2 31.7 9
    endloop
  endfacet
  facet normal 0 0 1
    outer loop
      vertex 2 37.4 9
      vertex 1.575 49.225 9
      vertex 1.575 26.975 9
    endloop
  endfacet
  facet normal -0 0 1
    outer loop
      vertex 1.575 49.225 9
      vertex 2 44.7 9
      vertex 12.6223 49.225 9
    endloop
  endfacet
  facet normal -0 0 1
    outer loop
      vertex 2 43.9 9
      vertex 6.93021 38.2 9
      vertex 6.93021 43.9 9
    endloop
  endfacet
  facet normal 0 0 1
    outer loop
      vertex 6.93021 38.2 9
      vertex 2 43.9 9
      vertex 2 38.2 9
    endloop
  endfacet
  facet normal -0 0 1
    outer loop
      vertex 2 37.4 9
      vertex 12.3116 31.7 9
      vertex 12.3116 37.4 9
    endloop
  endfacet
  facet normal 0 0 1
    outer loop
      vertex 12.3116 31.7 9
      vertex 2 37.4 9
      vertex 2 31.7 9
    endloop
  endfacet
  facet normal -0 0 1
    outer loop
      vertex 2 30.9 9
      vertex 7.03177 26.975 9
      vertex 7.03177 30.9 9
    endloop
  endfacet
  facet normal 0 0 1
    outer loop
      vertex 2 30.9 9
      vertex 1.575 26.975 9
      vertex 7.03177 26.975 9
    endloop
  endfacet
  facet normal 0 0 1
    outer loop
      vertex 2 31.7 9
      vertex 1.575 26.975 9
      vertex 2 30.9 9
    endloop
  endfacet
  facet normal -0 0 1
    outer loop
      vertex 18.5225 30.9 9
      vertex 23.825 26.975 9
      vertex 23.825 30.9 9
    endloop
  endfacet
  facet normal 0 0 1
    outer loop
      vertex 23.825 26.975 9
      vertex 18.5225 30.9 9
      vertex 18.5225 26.975 9
    endloop
  endfacet
  facet normal -0 0 1
    outer loop
      vertex 26.975 30.9 9
      vertex 30.146 26.975 9
      vertex 30.146 30.9 9
    endloop
  endfacet
  facet normal 0 0 1
    outer loop
      vertex 30.146 26.975 9
      vertex 26.975 30.9 9
      vertex 26.975 26.975 9
    endloop
  endfacet
  facet normal -0 0 1
    outer loop
      vertex 26.975 49.225 9
      vertex 35.5632 44.7 9
      vertex 35.5632 49.225 9
    endloop
  endfacet
  facet normal 0 0 1
    outer loop
      vertex 35.5632 44.7 9
      vertex 26.975 49.225 9
      vertex 26.975 44.7 9
    endloop
  endfacet
  facet normal 0 0 1
    outer loop
      vertex 34.258 11.4 9
      vertex 26.975 11.4 9
      vertex 34.258 5.3 9
    endloop
  endfacet
  facet normal 0 0 1
    outer loop
      vertex 45.4475 11.4 9
      vertex 35.058 11.4 9
      vertex 45.4475 5.3 9
    endloop
  endfacet
  facet normal -0 0 1
    outer loop
      vertex 41.0583 17.9 9
      vertex 48.8 12.2 9
      vertex 48.8 17.9 9
    endloop
  endfacet
  facet normal 0 0 1
    outer loop
      vertex 48.8 12.2 9
      vertex 41.0583 17.9 9
      vertex 41.0583 12.2 9
    endloop
  endfacet
  facet normal 0 0 1
    outer loop
      vertex 48.8 17.9 9
      vertex 49.225 23.825 9
      vertex 48.8 18.7 9
    endloop
  endfacet
  facet normal -0 0 1
    outer loop
      vertex 45.8263 23.825 9
      vertex 48.8 18.7 9
      vertex 49.225 23.825 9
    endloop
  endfacet
  facet normal 0 0 1
    outer loop
      vertex 48.8 18.7 9
      vertex 45.8263 23.825 9
      vertex 45.8263 18.7 9
    endloop
  endfacet
  facet normal 0 0 1
    outer loop
      vertex 48.8 12.2 9
      vertex 49.225 23.825 9
      vertex 48.8 17.9 9
    endloop
  endfacet
  facet normal 0 0 1
    outer loop
      vertex 49.225 23.825 9
      vertex 48.8 12.2 9
      vertex 49.225 1.575 9
    endloop
  endfacet
  facet normal -0 0 1
    outer loop
      vertex 48.8 11.4 9
      vertex 49.225 1.575 9
      vertex 48.8 12.2 9
    endloop
  endfacet
  facet normal 0 0 1
    outer loop
      vertex 46.2475 5.3 9
      vertex 48.8 11.4 9
      vertex 46.2475 11.4 9
    endloop
  endfacet
  facet normal 0 0 1
    outer loop
      vertex 48.8 11.4 9
      vertex 46.2475 5.3 9
      vertex 49.225 1.575 9
    endloop
  endfacet
  facet normal -0 0 1
    outer loop
      vertex 45.4475 5.3 9
      vertex 49.225 1.575 9
      vertex 46.2475 5.3 9
    endloop
  endfacet
  facet normal 0 0 1
    outer loop
      vertex 35.058 5.3 9
      vertex 45.4475 5.3 9
      vertex 35.058 11.4 9
    endloop
  endfacet
  facet normal 0 0 1
    outer loop
      vertex 45.4475 5.3 9
      vertex 35.058 5.3 9
      vertex 49.225 1.575 9
    endloop
  endfacet
  facet normal 0 0 1
    outer loop
      vertex 26.975 1.575 9
      vertex 35.058 5.3 9
      vertex 34.258 5.3 9
    endloop
  endfacet
  facet normal 0 0 1
    outer loop
      vertex 35.058 5.3 9
      vertex 26.975 1.575 9
      vertex 49.225 1.575 9
    endloop
  endfacet
  facet normal 0 0 1
    outer loop
      vertex 26.975 1.575 9
      vertex 34.258 5.3 9
      vertex 26.975 11.4 9
    endloop
  endfacet
  facet normal -0 0 1
    outer loop
      vertex 46 37.4 9
      vertex 48.8 31.7 9
      vertex 48.8 37.4 9
    endloop
  endfacet
  facet normal 0 0 1
    outer loop
      vertex 48.8 31.7 9
      vertex 46 37.4 9
      vertex 46 31.7 9
    endloop
  endfacet
  facet normal 0 0 1
    outer loop
      vertex 48.8 37.4 9
      vertex 49.225 49.225 9
      vertex 48.8 44.7 9
    endloop
  endfacet
  facet normal -0 0 1
    outer loop
      vertex 46.1138 49.225 9
      vertex 48.8 44.7 9
      vertex 49.225 49.225 9
    endloop
  endfacet
  facet normal 0 0 1
    outer loop
      vertex 48.8 44.7 9
      vertex 46.1138 49.225 9
      vertex 46.1138 44.7 9
    endloop
  endfacet
  facet normal 0 0 1
    outer loop
      vertex 49.225 49.225 9
      vertex 48.8 37.4 9
      vertex 49.225 26.975 9
    endloop
  endfacet
  facet normal -0 0 1
    outer loop
      vertex 48.8 31.7 9
      vertex 49.225 26.975 9
      vertex 48.8 37.4 9
    endloop
  endfacet
  facet normal 0 0 1
    outer loop
      vertex 49.225 26.975 9
      vertex 48.8 31.7 9
      vertex 48.8 26.975 9
    endloop
  endfacet
  facet normal -0 0 1
    outer loop
      vertex 7.83177 30.9 9
      vertex 17.7225 26.975 9
      vertex 17.7225 30.9 9
    endloop
  endfacet
  facet normal 0 0 1
    outer loop
      vertex 17.7225 26.975 9
      vertex 7.83177 30.9 9
      vertex 7.83177 26.975 9
    endloop
  endfacet
  facet normal -0 0 1
    outer loop
      vertex 12.8166 23.825 9
      vertex 23.2911 18.7 9
      vertex 23.2911 23.825 9
    endloop
  endfacet
  facet normal 0 0 1
    outer loop
      vertex 23.2911 18.7 9
      vertex 12.8166 23.825 9
      vertex 12.8166 18.7 9
    endloop
  endfacet
  facet normal -0 0 1
    outer loop
      vertex 19.8522 43.9 9
      vertex 23.825 38.2 9
      vertex 23.825 43.9 9
    endloop
  endfacet
  facet normal 0 0 1
    outer loop
      vertex 23.825 38.2 9
      vertex 19.8522 43.9 9
      vertex 19.8522 38.2 9
    endloop
  endfacet
  facet normal -0 0 1
    outer loop
      vertex 26.975 43.9 9
      vertex 28.1937 38.2 9
      vertex 28.1937 43.9 9
    endloop
  endfacet
  facet normal 0 0 1
    outer loop
      vertex 28.1937 38.2 9
      vertex 26.975 43.9 9
      vertex 26.975 38.2 9
    endloop
  endfacet
  facet normal -0 0 1
    outer loop
      vertex 26.975 37.4 9
      vertex 34.312 31.7 9
      vertex 34.312 37.4 9
    endloop
  endfacet
  facet normal 0 0 1
    outer loop
      vertex 34.312 31.7 9
      vertex 26.975 37.4 9
      vertex 26.975 31.7 9
    endloop
  endfacet
  facet normal -0 0 1
    outer loop
      vertex 30.946 30.9 9
      vertex 40.5 26.975 9
      vertex 40.5 30.9 9
    endloop
  endfacet
  facet normal 0 0 1
    outer loop
      vertex 40.5 26.975 9
      vertex 30.946 30.9 9
      vertex 30.946 26.975 9
    endloop
  endfacet
  facet normal -0 0 1
    outer loop
      vertex 36.3632 49.225 9
      vertex 45.3138 44.7 9
      vertex 45.3138 49.225 9
    endloop
  endfacet
  facet normal 0 0 1
    outer loop
      vertex 45.3138 44.7 9
      vertex 36.3632 49.225 9
      vertex 36.3632 44.7 9
    endloop
  endfacet
  facet normal -0 0 1
    outer loop
      vertex 35 23.825 9
      vertex 35.4581 18.7 9
      vertex 35.4581 23.825 9
    endloop
  endfacet
  facet normal 0 0 1
    outer loop
      vertex 35.4581 18.7 9
      vertex 35 23.825 9
      vertex 35 18.7 9
    endloop
  endfacet
  facet normal -0 0 1
    outer loop
      vertex 36.2581 23.825 9
      vertex 45.0263 18.7 9
      vertex 45.0263 23.825 9
    endloop
  endfacet
  facet normal 0 0 1
    outer loop
      vertex 45.0263 18.7 9
      vertex 36.2581 23.825 9
      vertex 36.2581 18.7 9
    endloop
  endfacet
  facet normal -0 0 1
    outer loop
      vertex 7.11226 17.9 9
      vertex 17.961 12.2 9
      vertex 17.961 17.9 9
    endloop
  endfacet
  facet normal 0 0 1
    outer loop
      vertex 17.961 12.2 9
      vertex 7.11226 17.9 9
      vertex 7.11226 12.2 9
    endloop
  endfacet
  facet normal -0 0 1
    outer loop
      vertex 7.73021 43.9 9
      vertex 19.0522 38.2 9
      vertex 19.0522 43.9 9
    endloop
  endfacet
  facet normal 0 0 1
    outer loop
      vertex 19.0522 38.2 9
      vertex 7.73021 43.9 9
      vertex 7.73021 38.2 9
    endloop
  endfacet
  facet normal -0 0 1
    outer loop
      vertex 28.9937 43.9 9
      vertex 39.0305 38.2 9
      vertex 39.0305 43.9 9
    endloop
  endfacet
  facet normal 0 0 1
    outer loop
      vertex 39.0305 38.2 9
      vertex 28.9937 43.9 9
      vertex 28.9937 38.2 9
    endloop
  endfacet
  facet normal -0 0 1
    outer loop
      vertex 39.8305 43.9 9
      vertex 40.5 38.2 9
      vertex 40.5 43.9 9
    endloop
  endfacet
  facet normal 0 0 1
    outer loop
      vertex 40.5 38.2 9
      vertex 39.8305 43.9 9
      vertex 39.8305 38.2 9
    endloop
  endfacet
  facet normal 0 0 -1
    outer loop
      vertex 4.78965 12.1958 0
      vertex 4.75286 12.2646 0
      vertex 4.77285 12.2306 0
    endloop
  endfacet
  facet normal 0 0 -1
    outer loop
      vertex 4.78965 12.1958 0
      vertex 4.72966 12.2977 0
      vertex 4.75286 12.2646 0
    endloop
  endfacet
  facet normal 0 0 -1
    outer loop
      vertex 3.90264 12.1958 0
      vertex 4.72966 12.2977 0
      vertex 4.78965 12.1958 0
    endloop
  endfacet
  facet normal -0 0 -1
    outer loop
      vertex 4.72966 12.2977 0
      vertex 3.90264 12.1958 0
      vertex 4.70327 12.3299 0
    endloop
  endfacet
  facet normal -0 0 -1
    outer loop
      vertex 4.70327 12.3299 0
      vertex 3.90264 12.1958 0
      vertex 4.67368 12.3613 0
    endloop
  endfacet
  facet normal -0 0 -1
    outer loop
      vertex 4.67368 12.3613 0
      vertex 3.90264 12.1958 0
      vertex 4.6418 12.3921 0
    endloop
  endfacet
  facet normal -0 0 -1
    outer loop
      vertex 4.6418 12.3921 0
      vertex 3.90264 12.1958 0
      vertex 4.60857 12.4229 0
    endloop
  endfacet
  facet normal -0 0 -1
    outer loop
      vertex 4.60857 12.4229 0
      vertex 3.90264 12.1958 0
      vertex 4.57399 12.4535 0
    endloop
  endfacet
  facet normal -0 0 -1
    outer loop
      vertex 4.57399 12.4535 0
      vertex 3.90264 12.1958 0
      vertex 4.53804 12.4841 0
    endloop
  endfacet
  facet normal -0 0 -1
    outer loop
      vertex 4.53804 12.4841 0
      vertex 3.90264 12.1958 0
      vertex 4.50077 12.5145 0
    endloop
  endfacet
  facet normal -0 0 -1
    outer loop
      vertex 4.50077 12.5145 0
      vertex 3.90264 12.1958 0
      vertex 4.42383 12.5759 0
    endloop
  endfacet
  facet normal -0 0 -1
    outer loop
      vertex 4.42383 12.5759 0
      vertex 3.90264 12.1958 0
      vertex 4.34496 12.6386 0
    endloop
  endfacet
  facet normal -0 0 -1
    outer loop
      vertex 4.34496 12.6386 0
      vertex 3.90264 12.1958 0
      vertex 4.30478 12.6705 0
    endloop
  endfacet
  facet normal -0 0 -1
    outer loop
      vertex 4.30478 12.6705 0
      vertex 3.90264 12.1958 0
      vertex 4.26509 12.7029 0
    endloop
  endfacet
  facet normal -0 0 -1
    outer loop
      vertex 4.26509 12.7029 0
      vertex 3.90264 12.1958 0
      vertex 4.22687 12.7363 0
    endloop
  endfacet
  facet normal -0 0 -1
    outer loop
      vertex 3.93459 13.2322 0
      vertex 3.90264 12.1958 0
      vertex 3.93248 13.2849 0
    endloop
  endfacet
  facet normal -0 0 -1
    outer loop
      vertex 3.94094 13.1816 0
      vertex 3.90264 12.1958 0
      vertex 3.93459 13.2322 0
    endloop
  endfacet
  facet normal -0 0 -1
    outer loop
      vertex 3.95153 13.133 0
      vertex 3.90264 12.1958 0
      vertex 3.94094 13.1816 0
    endloop
  endfacet
  facet normal -0 0 -1
    outer loop
      vertex 3.96634 13.0865 0
      vertex 3.90264 12.1958 0
      vertex 3.95153 13.133 0
    endloop
  endfacet
  facet normal -0 0 -1
    outer loop
      vertex 3.98538 13.0421 0
      vertex 3.90264 12.1958 0
      vertex 3.96634 13.0865 0
    endloop
  endfacet
  facet normal -0 0 -1
    outer loop
      vertex 4.00772 12.9994 0
      vertex 3.90264 12.1958 0
      vertex 3.98538 13.0421 0
    endloop
  endfacet
  facet normal -0 0 -1
    outer loop
      vertex 4.03246 12.958 0
      vertex 3.90264 12.1958 0
      vertex 4.00772 12.9994 0
    endloop
  endfacet
  facet normal -0 0 -1
    outer loop
      vertex 4.05959 12.918 0
      vertex 3.90264 12.1958 0
      vertex 4.03246 12.958 0
    endloop
  endfacet
  facet normal -0 0 -1
    outer loop
      vertex 4.0891 12.8793 0
      vertex 3.90264 12.1958 0
      vertex 4.05959 12.918 0
    endloop
  endfacet
  facet normal -0 0 -1
    outer loop
      vertex 4.12101 12.842 0
      vertex 3.90264 12.1958 0
      vertex 4.0891 12.8793 0
    endloop
  endfacet
  facet normal -0 0 -1
    outer loop
      vertex 4.15483 12.8059 0
      vertex 3.90264 12.1958 0
      vertex 4.12101 12.842 0
    endloop
  endfacet
  facet normal -0 0 -1
    outer loop
      vertex 4.19011 12.7706 0
      vertex 3.90264 12.1958 0
      vertex 4.15483 12.8059 0
    endloop
  endfacet
  facet normal -0 0 -1
    outer loop
      vertex 4.22687 12.7363 0
      vertex 3.90264 12.1958 0
      vertex 4.19011 12.7706 0
    endloop
  endfacet
  facet normal 0 0 -1
    outer loop
      vertex 5.17014 12.277 0
      vertex 5.86158 12.6447 0
      vertex 5.20754 12.2123 0
    endloop
  endfacet
  facet normal 0 0 -1
    outer loop
      vertex 5.12769 12.341 0
      vertex 5.86158 12.6447 0
      vertex 5.17014 12.277 0
    endloop
  endfacet
  facet normal 0 0 -1
    outer loop
      vertex 5.0802 12.4043 0
      vertex 5.86158 12.6447 0
      vertex 5.12769 12.341 0
    endloop
  endfacet
  facet normal 0 0 -1
    outer loop
      vertex 5.02765 12.467 0
      vertex 5.86158 12.6447 0
      vertex 5.0802 12.4043 0
    endloop
  endfacet
  facet normal -0 0 -1
    outer loop
      vertex 5.86158 12.6447 0
      vertex 5.02765 12.467 0
      vertex 5.22364 13.2767 0
    endloop
  endfacet
  facet normal 0 0 -1
    outer loop
      vertex 4.96974 12.53 0
      vertex 5.22364 13.2767 0
      vertex 5.02765 12.467 0
    endloop
  endfacet
  facet normal 0 0 -1
    outer loop
      vertex 4.90615 12.594 0
      vertex 5.22364 13.2767 0
      vertex 4.96974 12.53 0
    endloop
  endfacet
  facet normal 0 0 -1
    outer loop
      vertex 4.83684 12.6591 0
      vertex 5.22364 13.2767 0
      vertex 4.90615 12.594 0
    endloop
  endfacet
  facet normal 0 0 -1
    outer loop
      vertex 5.22364 13.2767 0
      vertex 4.83684 12.6591 0
      vertex 4.83982 13.255 0
    endloop
  endfacet
  facet normal 0 0 -1
    outer loop
      vertex 4.76183 12.7253 0
      vertex 4.83982 13.255 0
      vertex 4.83684 12.6591 0
    endloop
  endfacet
  facet normal 0 0 -1
    outer loop
      vertex 4.68114 12.7925 0
      vertex 4.83982 13.255 0
      vertex 4.76183 12.7253 0
    endloop
  endfacet
  facet normal 0 0 -1
    outer loop
      vertex 4.60564 12.8553 0
      vertex 4.83982 13.255 0
      vertex 4.68114 12.7925 0
    endloop
  endfacet
  facet normal 0 0 -1
    outer loop
      vertex 4.53975 12.9136 0
      vertex 4.83982 13.255 0
      vertex 4.60564 12.8553 0
    endloop
  endfacet
  facet normal 0 0 -1
    outer loop
      vertex 4.48348 12.9673 0
      vertex 4.83982 13.255 0
      vertex 4.53975 12.9136 0
    endloop
  endfacet
  facet normal 0 0 -1
    outer loop
      vertex 4.43679 13.0165 0
      vertex 4.83982 13.255 0
      vertex 4.48348 12.9673 0
    endloop
  endfacet
  facet normal 0 0 -1
    outer loop
      vertex 4.39972 13.0611 0
      vertex 4.83982 13.255 0
      vertex 4.43679 13.0165 0
    endloop
  endfacet
  facet normal 0 0 -1
    outer loop
      vertex 4.37067 13.1032 0
      vertex 4.83982 13.255 0
      vertex 4.39972 13.0611 0
    endloop
  endfacet
  facet normal -0 0 -1
    outer loop
      vertex 4.83982 13.255 0
      vertex 4.37067 13.1032 0
      vertex 4.8304 13.305 0
    endloop
  endfacet
  facet normal 0 0 -1
    outer loop
      vertex 4.34807 13.1451 0
      vertex 4.8304 13.305 0
      vertex 4.37067 13.1032 0
    endloop
  endfacet
  facet normal -0 0 -1
    outer loop
      vertex 4.8304 13.305 0
      vertex 4.34807 13.1451 0
      vertex 4.81736 13.3497 0
    endloop
  endfacet
  facet normal 0 0 -1
    outer loop
      vertex 4.33193 13.1865 0
      vertex 4.81736 13.3497 0
      vertex 4.34807 13.1451 0
    endloop
  endfacet
  facet normal 0 0 -1
    outer loop
      vertex 4.81736 13.3497 0
      vertex 4.61644 13.5155 0
      vertex 4.80066 13.3892 0
    endloop
  endfacet
  facet normal -0 -0 -1
    outer loop
      vertex 4.65834 13.5076 0
      vertex 4.80066 13.3892 0
      vertex 4.61644 13.5155 0
    endloop
  endfacet
  facet normal 0 0 -1
    outer loop
      vertex 4.80066 13.3892 0
      vertex 4.65834 13.5076 0
      vertex 4.78035 13.4234 0
    endloop
  endfacet
  facet normal -0 -0 -1
    outer loop
      vertex 4.69564 13.4944 0
      vertex 4.7564 13.4523 0
      vertex 4.65834 13.5076 0
    endloop
  endfacet
  facet normal 0 0 -1
    outer loop
      vertex 4.7564 13.4523 0
      vertex 4.69564 13.4944 0
      vertex 4.72832 13.476 0
    endloop
  endfacet
  facet normal 0 0 -1
    outer loop
      vertex 4.78035 13.4234 0
      vertex 4.65834 13.5076 0
      vertex 4.7564 13.4523 0
    endloop
  endfacet
  facet normal 0 0 -1
    outer loop
      vertex 4.81736 13.3497 0
      vertex 4.56992 13.5181 0
      vertex 4.61644 13.5155 0
    endloop
  endfacet
  facet normal -0 0 -1
    outer loop
      vertex 4.81736 13.3497 0
      vertex 4.33193 13.1865 0
      vertex 4.56992 13.5181 0
    endloop
  endfacet
  facet normal 0 0 -1
    outer loop
      vertex 4.32225 13.2277 0
      vertex 4.56992 13.5181 0
      vertex 4.33193 13.1865 0
    endloop
  endfacet
  facet normal 0 0 -1
    outer loop
      vertex 4.56992 13.5181 0
      vertex 4.31902 13.2686 0
      vertex 4.4796 13.5082 0
    endloop
  endfacet
  facet normal 0 -0 -1
    outer loop
      vertex 4.32906 13.3584 0
      vertex 4.4796 13.5082 0
      vertex 4.31902 13.2686 0
    endloop
  endfacet
  facet normal 0 0 -1
    outer loop
      vertex 4.4796 13.5082 0
      vertex 4.32906 13.3584 0
      vertex 4.40935 13.4782 0
    endloop
  endfacet
  facet normal 0 0 -1
    outer loop
      vertex 4.56992 13.5181 0
      vertex 4.32225 13.2277 0
      vertex 4.31902 13.2686 0
    endloop
  endfacet
  facet normal 0 0 -1
    outer loop
      vertex 4.40935 13.4782 0
      vertex 4.32906 13.3584 0
      vertex 4.35916 13.4283 0
    endloop
  endfacet
  facet normal 0 0 -1
    outer loop
      vertex 5.2399 12.147 0
      vertex 5.86158 12.6447 0
      vertex 5.32044 11.8825 0
    endloop
  endfacet
  facet normal -0 0 -1
    outer loop
      vertex 6.96883 13.133 0
      vertex 6.28879 12.6406 0
      vertex 6.8001 13.3499 0
    endloop
  endfacet
  facet normal 0 0 -1
    outer loop
      vertex 7.80695 12.1958 0
      vertex 7.77016 12.2646 0
      vertex 7.79015 12.2306 0
    endloop
  endfacet
  facet normal 0 0 -1
    outer loop
      vertex 7.80695 12.1958 0
      vertex 7.74697 12.2977 0
      vertex 7.77016 12.2646 0
    endloop
  endfacet
  facet normal 0 0 -1
    outer loop
      vertex 6.91994 12.1958 0
      vertex 7.74697 12.2977 0
      vertex 7.80695 12.1958 0
    endloop
  endfacet
  facet normal -0 0 -1
    outer loop
      vertex 7.74697 12.2977 0
      vertex 6.91994 12.1958 0
      vertex 7.72057 12.3299 0
    endloop
  endfacet
  facet normal -0 0 -1
    outer loop
      vertex 7.72057 12.3299 0
      vertex 6.91994 12.1958 0
      vertex 7.69098 12.3613 0
    endloop
  endfacet
  facet normal -0 0 -1
    outer loop
      vertex 7.69098 12.3613 0
      vertex 6.91994 12.1958 0
      vertex 7.65911 12.3921 0
    endloop
  endfacet
  facet normal -0 0 -1
    outer loop
      vertex 7.65911 12.3921 0
      vertex 6.91994 12.1958 0
      vertex 7.62587 12.4229 0
    endloop
  endfacet
  facet normal -0 0 -1
    outer loop
      vertex 7.62587 12.4229 0
      vertex 6.91994 12.1958 0
      vertex 7.5913 12.4535 0
    endloop
  endfacet
  facet normal -0 0 -1
    outer loop
      vertex 7.5913 12.4535 0
      vertex 6.91994 12.1958 0
      vertex 7.55536 12.4841 0
    endloop
  endfacet
  facet normal -0 0 -1
    outer loop
      vertex 7.55536 12.4841 0
      vertex 6.91994 12.1958 0
      vertex 7.51807 12.5145 0
    endloop
  endfacet
  facet normal -0 0 -1
    outer loop
      vertex 7.51807 12.5145 0
      vertex 6.91994 12.1958 0
      vertex 7.44113 12.5759 0
    endloop
  endfacet
  facet normal -0 0 -1
    outer loop
      vertex 7.44113 12.5759 0
      vertex 6.91994 12.1958 0
      vertex 7.36226 12.6386 0
    endloop
  endfacet
  facet normal -0 0 -1
    outer loop
      vertex 7.36226 12.6386 0
      vertex 6.91994 12.1958 0
      vertex 7.32209 12.6705 0
    endloop
  endfacet
  facet normal -0 0 -1
    outer loop
      vertex 7.32209 12.6705 0
      vertex 6.91994 12.1958 0
      vertex 7.2824 12.7029 0
    endloop
  endfacet
  facet normal -0 0 -1
    outer loop
      vertex 7.2824 12.7029 0
      vertex 6.91994 12.1958 0
      vertex 7.24417 12.7363 0
    endloop
  endfacet
  facet normal 0 0 -1
    outer loop
      vertex 6.95825 13.1816 0
      vertex 6.8001 13.3499 0
      vertex 6.95191 13.2322 0
    endloop
  endfacet
  facet normal 0 0 -1
    outer loop
      vertex 6.96883 13.133 0
      vertex 6.8001 13.3499 0
      vertex 6.95825 13.1816 0
    endloop
  endfacet
  facet normal 0 0 -1
    outer loop
      vertex 6.28879 12.6406 0
      vertex 6.96883 13.133 0
      vertex 6.98365 13.0865 0
    endloop
  endfacet
  facet normal -0 0 -1
    outer loop
      vertex 7.00269 13.0421 0
      vertex 6.28879 12.6406 0
      vertex 6.98365 13.0865 0
    endloop
  endfacet
  facet normal -0 0 -1
    outer loop
      vertex 7.02503 12.9994 0
      vertex 6.28879 12.6406 0
      vertex 7.00269 13.0421 0
    endloop
  endfacet
  facet normal -0 0 -1
    outer loop
      vertex 7.04976 12.958 0
      vertex 6.28879 12.6406 0
      vertex 7.02503 12.9994 0
    endloop
  endfacet
  facet normal -0 0 -1
    outer loop
      vertex 7.07689 12.918 0
      vertex 6.28879 12.6406 0
      vertex 7.04976 12.958 0
    endloop
  endfacet
  facet normal -0 0 -1
    outer loop
      vertex 7.1064 12.8793 0
      vertex 6.28879 12.6406 0
      vertex 7.07689 12.918 0
    endloop
  endfacet
  facet normal 0 0 -1
    outer loop
      vertex 6.28879 12.6406 0
      vertex 7.1064 12.8793 0
      vertex 6.91994 12.1958 0
    endloop
  endfacet
  facet normal -0 0 -1
    outer loop
      vertex 7.13831 12.842 0
      vertex 6.91994 12.1958 0
      vertex 7.1064 12.8793 0
    endloop
  endfacet
  facet normal -0 0 -1
    outer loop
      vertex 7.17214 12.8059 0
      vertex 6.91994 12.1958 0
      vertex 7.13831 12.842 0
    endloop
  endfacet
  facet normal -0 0 -1
    outer loop
      vertex 7.20743 12.7706 0
      vertex 6.91994 12.1958 0
      vertex 7.17214 12.8059 0
    endloop
  endfacet
  facet normal -0 0 -1
    outer loop
      vertex 7.24417 12.7363 0
      vertex 6.91994 12.1958 0
      vertex 7.20743 12.7706 0
    endloop
  endfacet
  facet normal 0 0 -1
    outer loop
      vertex 9.86264 13.3499 0
      vertex 8.22484 12.2123 0
      vertex 8.24094 13.2767 0
    endloop
  endfacet
  facet normal 0 0 -1
    outer loop
      vertex 8.18744 12.277 0
      vertex 8.24094 13.2767 0
      vertex 8.22484 12.2123 0
    endloop
  endfacet
  facet normal 0 0 -1
    outer loop
      vertex 8.14499 12.341 0
      vertex 8.24094 13.2767 0
      vertex 8.18744 12.277 0
    endloop
  endfacet
  facet normal 0 0 -1
    outer loop
      vertex 8.09751 12.4043 0
      vertex 8.24094 13.2767 0
      vertex 8.14499 12.341 0
    endloop
  endfacet
  facet normal 0 0 -1
    outer loop
      vertex 8.04497 12.467 0
      vertex 8.24094 13.2767 0
      vertex 8.09751 12.4043 0
    endloop
  endfacet
  facet normal 0 0 -1
    outer loop
      vertex 7.98705 12.53 0
      vertex 8.24094 13.2767 0
      vertex 8.04497 12.467 0
    endloop
  endfacet
  facet normal 0 0 -1
    outer loop
      vertex 7.92345 12.594 0
      vertex 8.24094 13.2767 0
      vertex 7.98705 12.53 0
    endloop
  endfacet
  facet normal 0 0 -1
    outer loop
      vertex 7.85414 12.6591 0
      vertex 8.24094 13.2767 0
      vertex 7.92345 12.594 0
    endloop
  endfacet
  facet normal 0 0 -1
    outer loop
      vertex 8.24094 13.2767 0
      vertex 7.85414 12.6591 0
      vertex 7.85712 13.255 0
    endloop
  endfacet
  facet normal 0 0 -1
    outer loop
      vertex 7.77915 12.7253 0
      vertex 7.85712 13.255 0
      vertex 7.85414 12.6591 0
    endloop
  endfacet
  facet normal 0 0 -1
    outer loop
      vertex 7.69844 12.7925 0
      vertex 7.85712 13.255 0
      vertex 7.77915 12.7253 0
    endloop
  endfacet
  facet normal 0 0 -1
    outer loop
      vertex 7.62294 12.8553 0
      vertex 7.85712 13.255 0
      vertex 7.69844 12.7925 0
    endloop
  endfacet
  facet normal 0 0 -1
    outer loop
      vertex 7.55706 12.9136 0
      vertex 7.85712 13.255 0
      vertex 7.62294 12.8553 0
    endloop
  endfacet
  facet normal 0 0 -1
    outer loop
      vertex 7.50078 12.9673 0
      vertex 7.85712 13.255 0
      vertex 7.55706 12.9136 0
    endloop
  endfacet
  facet normal 0 0 -1
    outer loop
      vertex 7.4541 13.0165 0
      vertex 7.85712 13.255 0
      vertex 7.50078 12.9673 0
    endloop
  endfacet
  facet normal 0 0 -1
    outer loop
      vertex 7.41703 13.0611 0
      vertex 7.85712 13.255 0
      vertex 7.4541 13.0165 0
    endloop
  endfacet
  facet normal 0 0 -1
    outer loop
      vertex 7.38797 13.1032 0
      vertex 7.85712 13.255 0
      vertex 7.41703 13.0611 0
    endloop
  endfacet
  facet normal -0 0 -1
    outer loop
      vertex 7.85712 13.255 0
      vertex 7.38797 13.1032 0
      vertex 7.8477 13.305 0
    endloop
  endfacet
  facet normal 0 0 -1
    outer loop
      vertex 7.36537 13.1451 0
      vertex 7.8477 13.305 0
      vertex 7.38797 13.1032 0
    endloop
  endfacet
  facet normal -0 0 -1
    outer loop
      vertex 7.8477 13.305 0
      vertex 7.36537 13.1451 0
      vertex 7.83466 13.3497 0
    endloop
  endfacet
  facet normal 0 0 -1
    outer loop
      vertex 7.34923 13.1865 0
      vertex 7.83466 13.3497 0
      vertex 7.36537 13.1451 0
    endloop
  endfacet
  facet normal 0 0 -1
    outer loop
      vertex 7.83466 13.3497 0
      vertex 7.63375 13.5155 0
      vertex 7.81797 13.3892 0
    endloop
  endfacet
  facet normal -0 -0 -1
    outer loop
      vertex 7.67565 13.5076 0
      vertex 7.81797 13.3892 0
      vertex 7.63375 13.5155 0
    endloop
  endfacet
  facet normal 0 0 -1
    outer loop
      vertex 7.81797 13.3892 0
      vertex 7.67565 13.5076 0
      vertex 7.79766 13.4234 0
    endloop
  endfacet
  facet normal -0 -0 -1
    outer loop
      vertex 7.71294 13.4944 0
      vertex 7.7737 13.4523 0
      vertex 7.67565 13.5076 0
    endloop
  endfacet
  facet normal 0 0 -1
    outer loop
      vertex 7.7737 13.4523 0
      vertex 7.71294 13.4944 0
      vertex 7.74562 13.476 0
    endloop
  endfacet
  facet normal 0 0 -1
    outer loop
      vertex 7.79766 13.4234 0
      vertex 7.67565 13.5076 0
      vertex 7.7737 13.4523 0
    endloop
  endfacet
  facet normal 0 0 -1
    outer loop
      vertex 7.83466 13.3497 0
      vertex 7.58722 13.5181 0
      vertex 7.63375 13.5155 0
    endloop
  endfacet
  facet normal -0 0 -1
    outer loop
      vertex 7.83466 13.3497 0
      vertex 7.34923 13.1865 0
      vertex 7.58722 13.5181 0
    endloop
  endfacet
  facet normal 0 0 -1
    outer loop
      vertex 7.33956 13.2277 0
      vertex 7.58722 13.5181 0
      vertex 7.34923 13.1865 0
    endloop
  endfacet
  facet normal 0 0 -1
    outer loop
      vertex 7.58722 13.5181 0
      vertex 7.33632 13.2686 0
      vertex 7.49691 13.5082 0
    endloop
  endfacet
  facet normal 0 -0 -1
    outer loop
      vertex 7.34636 13.3584 0
      vertex 7.49691 13.5082 0
      vertex 7.33632 13.2686 0
    endloop
  endfacet
  facet normal 0 0 -1
    outer loop
      vertex 7.49691 13.5082 0
      vertex 7.34636 13.3584 0
      vertex 7.42665 13.4782 0
    endloop
  endfacet
  facet normal 0 0 -1
    outer loop
      vertex 7.58722 13.5181 0
      vertex 7.33956 13.2277 0
      vertex 7.33632 13.2686 0
    endloop
  endfacet
  facet normal 0 0 -1
    outer loop
      vertex 7.42665 13.4782 0
      vertex 7.34636 13.3584 0
      vertex 7.37647 13.4283 0
    endloop
  endfacet
  facet normal -0 0 -1
    outer loop
      vertex 10.378 12.7776 0
      vertex 9.82332 11.8825 0
      vertex 9.86264 13.3499 0
    endloop
  endfacet
  facet normal 0 0 -1
    outer loop
      vertex 10.7957 12.7424 0
      vertex 10.2723 13.3499 0
      vertex 10.7957 13.8952 0
    endloop
  endfacet
  facet normal 0 0 -1
    outer loop
      vertex 9.88927 11.6492 0
      vertex 10.2397 11.8825 0
      vertex 9.88927 11.5434 0
    endloop
  endfacet
  facet normal 0 0 -1
    outer loop
      vertex 9.88927 11.6492 0
      vertex 9.82332 11.8825 0
      vertex 10.2397 11.8825 0
    endloop
  endfacet
  facet normal 0 -0 -1
    outer loop
      vertex 9.82332 11.8825 0
      vertex 9.88927 11.6492 0
      vertex 8.29297 11.6492 0
    endloop
  endfacet
  facet normal 0 0 -1
    outer loop
      vertex 11.7985 12.3884 0
      vertex 12.3709 12.623 0
      vertex 12.3589 12.4404 0
    endloop
  endfacet
  facet normal 0 0 -1
    outer loop
      vertex 12.3709 12.623 0
      vertex 11.8107 12.8685 0
      vertex 12.3591 12.8003 0
    endloop
  endfacet
  facet normal 0 0 -1
    outer loop
      vertex 11.7985 12.3884 0
      vertex 12.3589 12.4404 0
      vertex 12.3229 12.2984 0
    endloop
  endfacet
  facet normal 0 0 -1
    outer loop
      vertex 12.3591 12.8003 0
      vertex 11.8107 12.8685 0
      vertex 12.3238 12.9381 0
    endloop
  endfacet
  facet normal 0 0 -1
    outer loop
      vertex 12.0711 12.1158 0
      vertex 12.3229 12.2984 0
      vertex 12.263 12.1969 0
    endloop
  endfacet
  facet normal 0 -0 -1
    outer loop
      vertex 11.8192 12.9117 0
      vertex 12.3238 12.9381 0
      vertex 11.8107 12.8685 0
    endloop
  endfacet
  facet normal 0 0 -1
    outer loop
      vertex 12.0711 12.1158 0
      vertex 12.263 12.1969 0
      vertex 12.179 12.1361 0
    endloop
  endfacet
  facet normal 0 -0 -1
    outer loop
      vertex 12.0766 13.1153 0
      vertex 12.3238 12.9381 0
      vertex 11.8192 12.9117 0
    endloop
  endfacet
  facet normal 0 0 -1
    outer loop
      vertex 12.3229 12.2984 0
      vertex 12.0711 12.1158 0
      vertex 11.8215 12.2906 0
    endloop
  endfacet
  facet normal 0 0 -1
    outer loop
      vertex 12.3238 12.9381 0
      vertex 12.0766 13.1153 0
      vertex 12.2649 13.0366 0
    endloop
  endfacet
  facet normal 0 0 -1
    outer loop
      vertex 11.8215 12.2906 0
      vertex 12.0711 12.1158 0
      vertex 12.0291 12.1185 0
    endloop
  endfacet
  facet normal 0 0 -1
    outer loop
      vertex 11.8397 12.2498 0
      vertex 12.0291 12.1185 0
      vertex 11.99 12.1267 0
    endloop
  endfacet
  facet normal -0 0 -1
    outer loop
      vertex 12.3709 12.623 0
      vertex 11.7985 12.3884 0
      vertex 11.8107 12.8685 0
    endloop
  endfacet
  facet normal 0 0 -1
    outer loop
      vertex 11.8397 12.2498 0
      vertex 11.99 12.1267 0
      vertex 11.9536 12.1404 0
    endloop
  endfacet
  facet normal 0 0 -1
    outer loop
      vertex 12.2649 13.0366 0
      vertex 12.0766 13.1153 0
      vertex 12.1825 13.0956 0
    endloop
  endfacet
  facet normal 0 0 -1
    outer loop
      vertex 12.0766 13.1153 0
      vertex 11.8316 12.9513 0
      vertex 12.031 13.1126 0
    endloop
  endfacet
  facet normal 0 0 -1
    outer loop
      vertex 11.8397 12.2498 0
      vertex 11.9536 12.1404 0
      vertex 11.9201 12.1596 0
    endloop
  endfacet
  facet normal 0 -0 -1
    outer loop
      vertex 11.8478 12.9872 0
      vertex 12.031 13.1126 0
      vertex 11.8316 12.9513 0
    endloop
  endfacet
  facet normal 0 0 -1
    outer loop
      vertex 11.8397 12.2498 0
      vertex 11.9201 12.1596 0
      vertex 11.8894 12.1843 0
    endloop
  endfacet
  facet normal 0 0 -1
    outer loop
      vertex 12.031 13.1126 0
      vertex 11.8478 12.9872 0
      vertex 11.9897 13.1046 0
    endloop
  endfacet
  facet normal 0 0 -1
    outer loop
      vertex 11.8397 12.2498 0
      vertex 11.8894 12.1843 0
      vertex 11.8623 12.2144 0
    endloop
  endfacet
  facet normal 0 -0 -1
    outer loop
      vertex 11.868 13.0195 0
      vertex 11.9897 13.1046 0
      vertex 11.8478 12.9872 0
    endloop
  endfacet
  facet normal 0 0 -1
    outer loop
      vertex 12.0291 12.1185 0
      vertex 11.8397 12.2498 0
      vertex 11.8215 12.2906 0
    endloop
  endfacet
  facet normal 0 0 -1
    outer loop
      vertex 11.9897 13.1046 0
      vertex 11.868 13.0195 0
      vertex 11.9529 13.0912 0
    endloop
  endfacet
  facet normal -0 0 -1
    outer loop
      vertex 12.3229 12.2984 0
      vertex 11.8215 12.2906 0
      vertex 11.8078 12.3368 0
    endloop
  endfacet
  facet normal 0 0 -1
    outer loop
      vertex 11.9529 13.0912 0
      vertex 11.8921 13.0482 0
      vertex 11.9203 13.0724 0
    endloop
  endfacet
  facet normal 0 -0 -1
    outer loop
      vertex 11.8921 13.0482 0
      vertex 11.9529 13.0912 0
      vertex 11.868 13.0195 0
    endloop
  endfacet
  facet normal 0 0 -1
    outer loop
      vertex 12.3229 12.2984 0
      vertex 11.8078 12.3368 0
      vertex 11.7985 12.3884 0
    endloop
  endfacet
  facet normal 0 -0 -1
    outer loop
      vertex 11.8316 12.9513 0
      vertex 12.0766 13.1153 0
      vertex 11.8192 12.9117 0
    endloop
  endfacet
  facet normal 0 0 -1
    outer loop
      vertex 11.7985 12.3884 0
      vertex 11.4269 12.8875 0
      vertex 11.8107 12.8685 0
    endloop
  endfacet
  facet normal 0 -0 -1
    outer loop
      vertex 11.4269 12.8875 0
      vertex 11.7985 12.3884 0
      vertex 11.4161 12.3708 0
    endloop
  endfacet
  facet normal 0 0 -1
    outer loop
      vertex 13.3194 12.2853 0
      vertex 13.8763 12.4615 0
      vertex 13.8668 12.3884 0
    endloop
  endfacet
  facet normal 0 0 -1
    outer loop
      vertex 13.3194 12.2853 0
      vertex 13.8668 12.3884 0
      vertex 13.8509 12.3237 0
    endloop
  endfacet
  facet normal 0 0 -1
    outer loop
      vertex 13.3194 12.2853 0
      vertex 13.8509 12.3237 0
      vertex 13.8287 12.2674 0
    endloop
  endfacet
  facet normal 0 0 -1
    outer loop
      vertex 13.6302 12.1147 0
      vertex 13.8287 12.2674 0
      vertex 13.8002 12.2195 0
    endloop
  endfacet
  facet normal 0 0 -1
    outer loop
      vertex 13.6302 12.1147 0
      vertex 13.8002 12.2195 0
      vertex 13.7657 12.1802 0
    endloop
  endfacet
  facet normal 0 0 -1
    outer loop
      vertex 13.6302 12.1147 0
      vertex 13.7657 12.1802 0
      vertex 13.7259 12.1497 0
    endloop
  endfacet
  facet normal 0 0 -1
    outer loop
      vertex 13.6302 12.1147 0
      vertex 13.7259 12.1497 0
      vertex 13.6808 12.1278 0
    endloop
  endfacet
  facet normal 0 0 -1
    outer loop
      vertex 13.5743 12.1104 0
      vertex 13.8287 12.2674 0
      vertex 13.6302 12.1147 0
    endloop
  endfacet
  facet normal -0 0 -1
    outer loop
      vertex 13.8287 12.2674 0
      vertex 13.5743 12.1104 0
      vertex 13.3194 12.2853 0
    endloop
  endfacet
  facet normal 0 0 -1
    outer loop
      vertex 13.3194 12.2853 0
      vertex 13.5743 12.1104 0
      vertex 13.4995 12.1174 0
    endloop
  endfacet
  facet normal 0 0 -1
    outer loop
      vertex 13.3465 12.2223 0
      vertex 13.4995 12.1174 0
      vertex 13.4365 12.1384 0
    endloop
  endfacet
  facet normal 0 0 -1
    outer loop
      vertex 13.3465 12.2223 0
      vertex 13.4365 12.1384 0
      vertex 13.3855 12.1733 0
    endloop
  endfacet
  facet normal 0 0 -1
    outer loop
      vertex 13.4995 12.1174 0
      vertex 13.3465 12.2223 0
      vertex 13.3194 12.2853 0
    endloop
  endfacet
  facet normal -0 0 -1
    outer loop
      vertex 13.8763 12.4615 0
      vertex 13.3194 12.2853 0
      vertex 13.8795 12.543 0
    endloop
  endfacet
  facet normal 0 0 -1
    outer loop
      vertex 12.9383 12.543 0
      vertex 13.3194 12.2853 0
      vertex 12.96 12.2541 0
    endloop
  endfacet
  facet normal 0 0 -1
    outer loop
      vertex 13.3194 12.2853 0
      vertex 12.9383 12.543 0
      vertex 13.8795 12.543 0
    endloop
  endfacet
  facet normal 0 0 -1
    outer loop
      vertex 14.2725 12.4799 0
      vertex 14.5424 12.2026 0
      vertex 14.5419 12.1464 0
    endloop
  endfacet
  facet normal -0 0 -1
    outer loop
      vertex 14.95 13.167 0
      vertex 14.9208 13.118 0
      vertex 14.9235 13.3595 0
    endloop
  endfacet
  facet normal 0 0 -1
    outer loop
      vertex 20.9866 12.1917 0
      vertex 20.0978 13.7934 0
      vertex 20.9866 13.7934 0
    endloop
  endfacet
  facet normal 0 0 -1
    outer loop
      vertex 19.9612 12.1917 0
      vertex 20.0978 13.7934 0
      vertex 20.9866 12.1917 0
    endloop
  endfacet
  facet normal 0 0 -1
    outer loop
      vertex 20.0978 13.7934 0
      vertex 19.9612 12.1917 0
      vertex 19.3912 11.8825 0
    endloop
  endfacet
  facet normal 0 0 -1
    outer loop
      vertex 23.825 1.575 0
      vertex 21.3867 11.8825 0
      vertex 23.825 23.825 0
    endloop
  endfacet
  facet normal 0 0 -1
    outer loop
      vertex 23.825 1.575 0
      vertex 19.9612 11.8825 0
      vertex 21.3867 11.8825 0
    endloop
  endfacet
  facet normal 0 0 -1
    outer loop
      vertex 19.9612 11.8825 0
      vertex 19.3912 11.8825 0
      vertex 19.9612 12.1917 0
    endloop
  endfacet
  facet normal 0 0 -1
    outer loop
      vertex 23.825 1.575 0
      vertex 19.3912 11.8825 0
      vertex 19.9612 11.8825 0
    endloop
  endfacet
  facet normal 0 0 -1
    outer loop
      vertex 23.825 1.575 0
      vertex 18.9856 11.8825 0
      vertex 19.3912 11.8825 0
    endloop
  endfacet
  facet normal 0 0 -1
    outer loop
      vertex 18.9856 11.8825 0
      vertex 18.1881 13.4802 0
      vertex 18.2831 13.7934 0
    endloop
  endfacet
  facet normal 0 0 -1
    outer loop
      vertex 17.9101 11.8825 0
      vertex 18.9856 11.8825 0
      vertex 23.825 1.575 0
    endloop
  endfacet
  facet normal 0 0 -1
    outer loop
      vertex 17.9076 11.9774 0
      vertex 18.9856 11.8825 0
      vertex 17.9101 11.8825 0
    endloop
  endfacet
  facet normal 0 0 -1
    outer loop
      vertex 23.825 1.575 0
      vertex 17.5127 11.8825 0
      vertex 17.9101 11.8825 0
    endloop
  endfacet
  facet normal 0 0 -1
    outer loop
      vertex 15.8809 12.241 0
      vertex 17.5107 11.9727 0
      vertex 17.5127 11.8825 0
    endloop
  endfacet
  facet normal 0 0 -1
    outer loop
      vertex 17.5107 11.9727 0
      vertex 15.8809 12.241 0
      vertex 17.5047 12.061 0
    endloop
  endfacet
  facet normal 0 0 -1
    outer loop
      vertex 17.5047 12.061 0
      vertex 15.8809 12.241 0
      vertex 17.4949 12.1474 0
    endloop
  endfacet
  facet normal 0 0 -1
    outer loop
      vertex 17.4949 12.1474 0
      vertex 15.8809 12.241 0
      vertex 17.481 12.2319 0
    endloop
  endfacet
  facet normal 0 0 -1
    outer loop
      vertex 17.481 12.2319 0
      vertex 15.8809 12.241 0
      vertex 17.4632 12.3145 0
    endloop
  endfacet
  facet normal 0 -0 -1
    outer loop
      vertex 15.9088 12.3528 0
      vertex 17.4632 12.3145 0
      vertex 15.8809 12.241 0
    endloop
  endfacet
  facet normal 0 0 -1
    outer loop
      vertex 17.4632 12.3145 0
      vertex 15.9088 12.3528 0
      vertex 17.4419 12.3957 0
    endloop
  endfacet
  facet normal -0 0 -1
    outer loop
      vertex 17.4419 12.3957 0
      vertex 15.9088 12.3528 0
      vertex 17.4178 12.476 0
    endloop
  endfacet
  facet normal 0 -0 -1
    outer loop
      vertex 15.9256 12.4775 0
      vertex 17.3908 12.5555 0
      vertex 15.9088 12.3528 0
    endloop
  endfacet
  facet normal -0 0 -1
    outer loop
      vertex 17.3908 12.5555 0
      vertex 15.9256 12.4775 0
      vertex 17.361 12.6341 0
    endloop
  endfacet
  facet normal -0 0 -1
    outer loop
      vertex 17.361 12.6341 0
      vertex 15.9256 12.4775 0
      vertex 17.3282 12.7118 0
    endloop
  endfacet
  facet normal -0 0 -1
    outer loop
      vertex 17.3282 12.7118 0
      vertex 15.9256 12.4775 0
      vertex 17.2929 12.7891 0
    endloop
  endfacet
  facet normal -0 0 -1
    outer loop
      vertex 17.2929 12.7891 0
      vertex 15.9256 12.4775 0
      vertex 17.2552 12.8661 0
    endloop
  endfacet
  facet normal 0 -0 -1
    outer loop
      vertex 15.9312 12.6149 0
      vertex 17.2552 12.8661 0
      vertex 15.9256 12.4775 0
    endloop
  endfacet
  facet normal -0 0 -1
    outer loop
      vertex 17.2152 12.943 0
      vertex 15.9312 12.6149 0
      vertex 17.1729 13.0198 0
    endloop
  endfacet
  facet normal 0 0 -1
    outer loop
      vertex 15.9253 12.7542 0
      vertex 17.1729 13.0198 0
      vertex 15.9312 12.6149 0
    endloop
  endfacet
  facet normal -0 0 -1
    outer loop
      vertex 17.1729 13.0198 0
      vertex 15.9253 12.7542 0
      vertex 17.1282 13.0963 0
    endloop
  endfacet
  facet normal -0 0 -1
    outer loop
      vertex 17.1282 13.0963 0
      vertex 15.9253 12.7542 0
      vertex 17.0818 13.1733 0
    endloop
  endfacet
  facet normal 0 0 -1
    outer loop
      vertex 15.9076 12.8801 0
      vertex 17.0342 13.2513 0
      vertex 15.9253 12.7542 0
    endloop
  endfacet
  facet normal -0 0 -1
    outer loop
      vertex 16.9855 13.3302 0
      vertex 15.9076 12.8801 0
      vertex 16.9357 13.4101 0
    endloop
  endfacet
  facet normal -0 0 -1
    outer loop
      vertex 17.0342 13.2513 0
      vertex 15.9076 12.8801 0
      vertex 16.9855 13.3302 0
    endloop
  endfacet
  facet normal 0 0 -1
    outer loop
      vertex 15.4933 11.8634 0
      vertex 17.5127 11.8825 0
      vertex 23.825 1.575 0
    endloop
  endfacet
  facet normal -0 0 -1
    outer loop
      vertex 17.0818 13.1733 0
      vertex 15.9253 12.7542 0
      vertex 17.0342 13.2513 0
    endloop
  endfacet
  facet normal -0 0 -1
    outer loop
      vertex 17.2552 12.8661 0
      vertex 15.9312 12.6149 0
      vertex 17.2152 12.943 0
    endloop
  endfacet
  facet normal -0 0 -1
    outer loop
      vertex 17.4178 12.476 0
      vertex 15.9088 12.3528 0
      vertex 17.3908 12.5555 0
    endloop
  endfacet
  facet normal 0 0 -1
    outer loop
      vertex 17.5127 11.8825 0
      vertex 15.8418 12.1418 0
      vertex 15.8809 12.241 0
    endloop
  endfacet
  facet normal 0 0 -1
    outer loop
      vertex 17.5127 11.8825 0
      vertex 15.7915 12.0554 0
      vertex 15.8418 12.1418 0
    endloop
  endfacet
  facet normal 0 0 -1
    outer loop
      vertex 17.5127 11.8825 0
      vertex 15.7309 11.9834 0
      vertex 15.7915 12.0554 0
    endloop
  endfacet
  facet normal 0 0 -1
    outer loop
      vertex 17.5127 11.8825 0
      vertex 15.6611 11.9274 0
      vertex 15.7309 11.9834 0
    endloop
  endfacet
  facet normal 0 0 -1
    outer loop
      vertex 17.5127 11.8825 0
      vertex 15.5819 11.8874 0
      vertex 15.6611 11.9274 0
    endloop
  endfacet
  facet normal -0 0 -1
    outer loop
      vertex 17.5127 11.8825 0
      vertex 15.4933 11.8634 0
      vertex 15.5819 11.8874 0
    endloop
  endfacet
  facet normal 0 0 -1
    outer loop
      vertex 23.825 1.575 0
      vertex 15.3955 11.8554 0
      vertex 15.4933 11.8634 0
    endloop
  endfacet
  facet normal 0 0 -1
    outer loop
      vertex 14.9004 11.8825 0
      vertex 15.3955 11.8554 0
      vertex 23.825 1.575 0
    endloop
  endfacet
  facet normal 0 0 -1
    outer loop
      vertex 15.3955 11.8554 0
      vertex 14.9004 11.8825 0
      vertex 15.266 11.866 0
    endloop
  endfacet
  facet normal 0 0 -1
    outer loop
      vertex 15.266 11.866 0
      vertex 14.9004 11.8825 0
      vertex 15.1544 11.8979 0
    endloop
  endfacet
  facet normal -0 0 -1
    outer loop
      vertex 15.1544 11.8979 0
      vertex 14.9004 11.8825 0
      vertex 15.0605 11.9511 0
    endloop
  endfacet
  facet normal 0 0 -1
    outer loop
      vertex 14.9205 12.0984 0
      vertex 14.9262 12.1212 0
      vertex 14.9845 12.0255 0
    endloop
  endfacet
  facet normal -0 0 -1
    outer loop
      vertex 14.9262 12.1212 0
      vertex 14.9205 12.0984 0
      vertex 14.9208 12.1212 0
    endloop
  endfacet
  facet normal 0 -0 -1
    outer loop
      vertex 14.9027 11.8931 0
      vertex 15.0605 11.9511 0
      vertex 14.9004 11.8825 0
    endloop
  endfacet
  facet normal 0 0 -1
    outer loop
      vertex 14.9845 12.0255 0
      vertex 14.9196 12.0734 0
      vertex 14.9205 12.0984 0
    endloop
  endfacet
  facet normal 0 0 -1
    outer loop
      vertex 14.9845 12.0255 0
      vertex 14.9181 12.0461 0
      vertex 14.9196 12.0734 0
    endloop
  endfacet
  facet normal -0 0 -1
    outer loop
      vertex 14.9845 12.0255 0
      vertex 14.916 12.0166 0
      vertex 14.9181 12.0461 0
    endloop
  endfacet
  facet normal 0 0 -1
    outer loop
      vertex 14.9845 12.0255 0
      vertex 14.9133 11.9849 0
      vertex 14.916 12.0166 0
    endloop
  endfacet
  facet normal 0 0 -1
    outer loop
      vertex 14.9845 12.0255 0
      vertex 14.9104 11.9545 0
      vertex 14.9133 11.9849 0
    endloop
  endfacet
  facet normal 0 0 -1
    outer loop
      vertex 15.0605 11.9511 0
      vertex 14.9104 11.9545 0
      vertex 14.9845 12.0255 0
    endloop
  endfacet
  facet normal 0 -0 -1
    outer loop
      vertex 14.9104 11.9545 0
      vertex 15.0605 11.9511 0
      vertex 14.9077 11.9291 0
    endloop
  endfacet
  facet normal 0 -0 -1
    outer loop
      vertex 14.9077 11.9291 0
      vertex 15.0605 11.9511 0
      vertex 14.9051 11.9086 0
    endloop
  endfacet
  facet normal 0 -0 -1
    outer loop
      vertex 14.9051 11.9086 0
      vertex 15.0605 11.9511 0
      vertex 14.9027 11.8931 0
    endloop
  endfacet
  facet normal 0 0 -1
    outer loop
      vertex 23.825 1.575 0
      vertex 14.5315 11.8825 0
      vertex 14.9004 11.8825 0
    endloop
  endfacet
  facet normal 0 0 -1
    outer loop
      vertex 14.5424 12.2026 0
      vertex 14.2725 12.4799 0
      vertex 14.2796 12.623 0
    endloop
  endfacet
  facet normal 0 0 -1
    outer loop
      vertex 14.5354 11.9543 0
      vertex 14.2512 12.3512 0
      vertex 14.2725 12.4799 0
    endloop
  endfacet
  facet normal 0 0 -1
    outer loop
      vertex 14.5354 11.9543 0
      vertex 14.2156 12.2369 0
      vertex 14.2512 12.3512 0
    endloop
  endfacet
  facet normal 0 0 -1
    outer loop
      vertex 14.5354 11.9543 0
      vertex 14.1659 12.137 0
      vertex 14.2156 12.2369 0
    endloop
  endfacet
  facet normal 0 0 -1
    outer loop
      vertex 13.7196 11.8632 0
      vertex 14.5315 11.8825 0
      vertex 23.825 1.575 0
    endloop
  endfacet
  facet normal 0 0 -1
    outer loop
      vertex 14.5354 11.9543 0
      vertex 14.1019 12.0514 0
      vertex 14.1659 12.137 0
    endloop
  endfacet
  facet normal 0 0 -1
    outer loop
      vertex 14.5315 11.8825 0
      vertex 14.0247 11.9808 0
      vertex 14.1019 12.0514 0
    endloop
  endfacet
  facet normal 0 0 -1
    outer loop
      vertex 14.5315 11.8825 0
      vertex 13.9353 11.9259 0
      vertex 14.0247 11.9808 0
    endloop
  endfacet
  facet normal 0 0 -1
    outer loop
      vertex 14.5315 11.8825 0
      vertex 13.8336 11.8867 0
      vertex 13.9353 11.9259 0
    endloop
  endfacet
  facet normal -0 0 -1
    outer loop
      vertex 14.5315 11.8825 0
      vertex 13.7196 11.8632 0
      vertex 13.8336 11.8867 0
    endloop
  endfacet
  facet normal 0 0 -1
    outer loop
      vertex 23.825 1.575 0
      vertex 13.5933 11.8554 0
      vertex 13.7196 11.8632 0
    endloop
  endfacet
  facet normal 0 0 -1
    outer loop
      vertex 12.2012 11.8633 0
      vertex 13.5933 11.8554 0
      vertex 23.825 1.575 0
    endloop
  endfacet
  facet normal 0 0 -1
    outer loop
      vertex 13.5933 11.8554 0
      vertex 12.2012 11.8633 0
      vertex 13.4152 11.8713 0
    endloop
  endfacet
  facet normal 0 -0 -1
    outer loop
      vertex 12.3165 11.8872 0
      vertex 13.4152 11.8713 0
      vertex 12.2012 11.8633 0
    endloop
  endfacet
  facet normal 0 0 -1
    outer loop
      vertex 12.9383 12.543 0
      vertex 12.7709 12.6081 0
      vertex 12.9383 12.5539 0
    endloop
  endfacet
  facet normal 0 0 -1
    outer loop
      vertex 12.7637 12.4722 0
      vertex 12.9383 12.543 0
      vertex 12.96 12.2541 0
    endloop
  endfacet
  facet normal 0 0 -1
    outer loop
      vertex 12.6547 12.1398 0
      vertex 12.96 12.2541 0
      vertex 13.0352 12.1106 0
    endloop
  endfacet
  facet normal -0 0 -1
    outer loop
      vertex 12.9383 12.543 0
      vertex 12.7637 12.4722 0
      vertex 12.7709 12.6081 0
    endloop
  endfacet
  facet normal 0 0 -1
    outer loop
      vertex 12.96 12.2541 0
      vertex 12.7419 12.3489 0
      vertex 12.7637 12.4722 0
    endloop
  endfacet
  facet normal 0 0 -1
    outer loop
      vertex 12.5892 12.0541 0
      vertex 13.0352 12.1106 0
      vertex 13.1362 11.9989 0
    endloop
  endfacet
  facet normal 0 0 -1
    outer loop
      vertex 13.4152 11.8713 0
      vertex 12.3165 11.8872 0
      vertex 13.2629 11.9192 0
    endloop
  endfacet
  facet normal -0 0 -1
    outer loop
      vertex 12.96 12.2541 0
      vertex 12.7055 12.2381 0
      vertex 12.7419 12.3489 0
    endloop
  endfacet
  facet normal 0 0 -1
    outer loop
      vertex 12.96 12.2541 0
      vertex 12.6547 12.1398 0
      vertex 12.7055 12.2381 0
    endloop
  endfacet
  facet normal -0 0 -1
    outer loop
      vertex 13.0352 12.1106 0
      vertex 12.5892 12.0541 0
      vertex 12.6547 12.1398 0
    endloop
  endfacet
  facet normal -0 0 -1
    outer loop
      vertex 13.1362 11.9989 0
      vertex 12.5105 11.9825 0
      vertex 12.5892 12.0541 0
    endloop
  endfacet
  facet normal 0 0 -1
    outer loop
      vertex 13.2629 11.9192 0
      vertex 12.5105 11.9825 0
      vertex 13.1362 11.9989 0
    endloop
  endfacet
  facet normal 0 -0 -1
    outer loop
      vertex 12.5105 11.9825 0
      vertex 13.2629 11.9192 0
      vertex 12.4195 11.9269 0
    endloop
  endfacet
  facet normal 0 -0 -1
    outer loop
      vertex 12.4195 11.9269 0
      vertex 13.2629 11.9192 0
      vertex 12.3165 11.8872 0
    endloop
  endfacet
  facet normal 0 0 -1
    outer loop
      vertex 23.825 1.575 0
      vertex 12.0738 11.8554 0
      vertex 12.2012 11.8633 0
    endloop
  endfacet
  facet normal 0 0 -1
    outer loop
      vertex 1.575 1.575 0
      vertex 12.0738 11.8554 0
      vertex 23.825 1.575 0
    endloop
  endfacet
  facet normal 0 -0 -1
    outer loop
      vertex 9.88927 11.5434 0
      vertex 12.0738 11.8554 0
      vertex 1.575 1.575 0
    endloop
  endfacet
  facet normal -0 0 -1
    outer loop
      vertex 12.0042 11.858 0
      vertex 9.88927 11.5434 0
      vertex 11.9374 11.8657 0
    endloop
  endfacet
  facet normal 0 -0 -1
    outer loop
      vertex 11.1769 11.8825 0
      vertex 11.9374 11.8657 0
      vertex 9.88927 11.5434 0
    endloop
  endfacet
  facet normal 0 0 -1
    outer loop
      vertex 11.9374 11.8657 0
      vertex 11.1769 11.8825 0
      vertex 11.8733 11.8786 0
    endloop
  endfacet
  facet normal 0 0 -1
    outer loop
      vertex 11.8733 11.8786 0
      vertex 11.1769 11.8825 0
      vertex 11.8122 11.8966 0
    endloop
  endfacet
  facet normal -0 0 -1
    outer loop
      vertex 11.8122 11.8966 0
      vertex 11.1769 11.8825 0
      vertex 11.7538 11.9198 0
    endloop
  endfacet
  facet normal -0 0 -1
    outer loop
      vertex 11.699 11.9477 0
      vertex 11.1769 11.8825 0
      vertex 11.6486 11.9799 0
    endloop
  endfacet
  facet normal -0 0 -1
    outer loop
      vertex 11.4269 12.3118 0
      vertex 11.1769 11.8825 0
      vertex 11.4161 12.3708 0
    endloop
  endfacet
  facet normal -0 0 -1
    outer loop
      vertex 11.4431 12.2555 0
      vertex 11.1769 11.8825 0
      vertex 11.4269 12.3118 0
    endloop
  endfacet
  facet normal -0 0 -1
    outer loop
      vertex 11.4646 12.2018 0
      vertex 11.1769 11.8825 0
      vertex 11.4431 12.2555 0
    endloop
  endfacet
  facet normal -0 0 -1
    outer loop
      vertex 11.4916 12.1507 0
      vertex 11.1769 11.8825 0
      vertex 11.4646 12.2018 0
    endloop
  endfacet
  facet normal -0 0 -1
    outer loop
      vertex 11.5239 12.1022 0
      vertex 11.1769 11.8825 0
      vertex 11.4916 12.1507 0
    endloop
  endfacet
  facet normal -0 0 -1
    outer loop
      vertex 11.5611 12.0572 0
      vertex 11.1769 11.8825 0
      vertex 11.5239 12.1022 0
    endloop
  endfacet
  facet normal -0 0 -1
    outer loop
      vertex 11.6026 12.0164 0
      vertex 11.1769 11.8825 0
      vertex 11.5611 12.0572 0
    endloop
  endfacet
  facet normal -0 0 -1
    outer loop
      vertex 11.6486 11.9799 0
      vertex 11.1769 11.8825 0
      vertex 11.6026 12.0164 0
    endloop
  endfacet
  facet normal -0 0 -1
    outer loop
      vertex 11.7538 11.9198 0
      vertex 11.1769 11.8825 0
      vertex 11.699 11.9477 0
    endloop
  endfacet
  facet normal 0 0 -1
    outer loop
      vertex 10.2397 11.8825 0
      vertex 10.7957 12.4332 0
      vertex 10.7957 11.8825 0
    endloop
  endfacet
  facet normal -0 0 -1
    outer loop
      vertex 10.7957 12.4332 0
      vertex 10.2397 11.8825 0
      vertex 10.6317 12.5471 0
    endloop
  endfacet
  facet normal -0 0 -1
    outer loop
      vertex 11.1769 11.8825 0
      vertex 9.88927 11.5434 0
      vertex 10.7957 11.8825 0
    endloop
  endfacet
  facet normal -0 0 -1
    outer loop
      vertex 10.7957 11.8825 0
      vertex 9.88927 11.5434 0
      vertex 10.2397 11.8825 0
    endloop
  endfacet
  facet normal -0 0 -1
    outer loop
      vertex 12.0738 11.8554 0
      vertex 9.88927 11.5434 0
      vertex 12.0042 11.858 0
    endloop
  endfacet
  facet normal 0 0 -1
    outer loop
      vertex 6.91994 11.8825 0
      vertex 8.29297 11.6492 0
      vertex 8.29297 11.5434 0
    endloop
  endfacet
  facet normal 0 0 -1
    outer loop
      vertex 8.29297 11.6492 0
      vertex 6.91994 11.8825 0
      vertex 8.25721 11.8825 0
    endloop
  endfacet
  facet normal -0 0 -1
    outer loop
      vertex 9.88927 11.5434 0
      vertex 1.575 1.575 0
      vertex 8.29297 11.5434 0
    endloop
  endfacet
  facet normal 0 0 -1
    outer loop
      vertex 6.91994 11.8825 0
      vertex 6.82587 11.8825 0
      vertex 6.91994 12.1958 0
    endloop
  endfacet
  facet normal 0 -0 -1
    outer loop
      vertex 6.42035 11.8825 0
      vertex 8.29297 11.5434 0
      vertex 1.575 1.575 0
    endloop
  endfacet
  facet normal 0 0 -1
    outer loop
      vertex 8.29297 11.5434 0
      vertex 6.82587 11.8825 0
      vertex 6.91994 11.8825 0
    endloop
  endfacet
  facet normal 0 0 -1
    outer loop
      vertex 6.42035 11.8825 0
      vertex 5.73409 11.8825 0
      vertex 6.07585 12.4142 0
    endloop
  endfacet
  facet normal 0 0 -1
    outer loop
      vertex 8.29297 11.5434 0
      vertex 6.42035 11.8825 0
      vertex 6.82587 11.8825 0
    endloop
  endfacet
  facet normal -0 0 -1
    outer loop
      vertex 6.42035 11.8825 0
      vertex 1.575 1.575 0
      vertex 5.73409 11.8825 0
    endloop
  endfacet
  facet normal -0 0 -1
    outer loop
      vertex 5.73409 11.8825 0
      vertex 1.575 1.575 0
      vertex 5.32044 11.8825 0
    endloop
  endfacet
  facet normal -0 0 -1
    outer loop
      vertex 5.32044 11.8825 0
      vertex 1.575 1.575 0
      vertex 5.2399 11.8825 0
    endloop
  endfacet
  facet normal -0 0 -1
    outer loop
      vertex 3.90264 11.8825 0
      vertex 1.575 1.575 0
      vertex 3.90264 12.1958 0
    endloop
  endfacet
  facet normal -0 0 -1
    outer loop
      vertex 5.2399 11.8825 0
      vertex 1.575 1.575 0
      vertex 3.90264 11.8825 0
    endloop
  endfacet
  facet normal 0 0 -1
    outer loop
      vertex 21.3867 13.7934 0
      vertex 23.825 23.825 0
      vertex 21.3867 11.8825 0
    endloop
  endfacet
  facet normal 0 0 -1
    outer loop
      vertex 20.9866 13.7934 0
      vertex 23.825 23.825 0
      vertex 21.3867 13.7934 0
    endloop
  endfacet
  facet normal 0 0 -1
    outer loop
      vertex 20.0978 13.7934 0
      vertex 23.825 23.825 0
      vertex 20.9866 13.7934 0
    endloop
  endfacet
  facet normal 0 0 -1
    outer loop
      vertex 19.6801 13.7934 0
      vertex 23.825 23.825 0
      vertex 20.0978 13.7934 0
    endloop
  endfacet
  facet normal 0 0 -1
    outer loop
      vertex 19.1579 12.3219 0
      vertex 19.2108 12.297 0
      vertex 19.1864 12.2053 0
    endloop
  endfacet
  facet normal 0 0 -1
    outer loop
      vertex 19.1579 12.3219 0
      vertex 19.233 12.3789 0
      vertex 19.2108 12.297 0
    endloop
  endfacet
  facet normal 0 0 -1
    outer loop
      vertex 19.0887 12.5661 0
      vertex 19.233 12.3789 0
      vertex 19.1579 12.3219 0
    endloop
  endfacet
  facet normal 0 0 -1
    outer loop
      vertex 19.233 12.3789 0
      vertex 19.0887 12.5661 0
      vertex 19.2531 12.4511 0
    endloop
  endfacet
  facet normal 0 0 -1
    outer loop
      vertex 19.2531 12.4511 0
      vertex 19.0887 12.5661 0
      vertex 19.271 12.5134 0
    endloop
  endfacet
  facet normal 0 0 -1
    outer loop
      vertex 19.271 12.5134 0
      vertex 19.0887 12.5661 0
      vertex 19.2867 12.5661 0
    endloop
  endfacet
  facet normal 0 0 -1
    outer loop
      vertex 19.2867 12.5661 0
      vertex 19.0887 12.5661 0
      vertex 19.6801 13.7934 0
    endloop
  endfacet
  facet normal 0 0 -1
    outer loop
      vertex 18.6968 13.7934 0
      vertex 19.6801 13.7934 0
      vertex 19.0887 12.5661 0
    endloop
  endfacet
  facet normal 0 0 -1
    outer loop
      vertex 19.6801 13.7934 0
      vertex 18.6968 13.7934 0
      vertex 23.825 23.825 0
    endloop
  endfacet
  facet normal 0 0 -1
    outer loop
      vertex 18.2831 13.7934 0
      vertex 23.825 23.825 0
      vertex 18.6968 13.7934 0
    endloop
  endfacet
  facet normal 0 0 -1
    outer loop
      vertex 18.1881 13.7934 0
      vertex 18.2831 13.7934 0
      vertex 18.1881 13.4802 0
    endloop
  endfacet
  facet normal 0 0 -1
    outer loop
      vertex 18.1881 13.7934 0
      vertex 23.825 23.825 0
      vertex 18.2831 13.7934 0
    endloop
  endfacet
  facet normal 0 0 -1
    outer loop
      vertex 16.8847 13.7934 0
      vertex 23.825 23.825 0
      vertex 18.1881 13.7934 0
    endloop
  endfacet
  facet normal 0 0 -1
    outer loop
      vertex 15.8782 12.9928 0
      vertex 16.9357 13.4101 0
      vertex 15.9076 12.8801 0
    endloop
  endfacet
  facet normal -0 0 -1
    outer loop
      vertex 16.9357 13.4101 0
      vertex 15.8782 12.9928 0
      vertex 16.8847 13.491 0
    endloop
  endfacet
  facet normal 0 0 -1
    outer loop
      vertex 15.837 13.0923 0
      vertex 16.8847 13.491 0
      vertex 15.8782 12.9928 0
    endloop
  endfacet
  facet normal 0 0 -1
    outer loop
      vertex 15.784 13.1784 0
      vertex 16.8847 13.491 0
      vertex 15.837 13.0923 0
    endloop
  endfacet
  facet normal -0 0 -1
    outer loop
      vertex 16.8847 13.491 0
      vertex 15.784 13.1784 0
      vertex 16.8847 13.7934 0
    endloop
  endfacet
  facet normal 0 0 -1
    outer loop
      vertex 15.7203 13.2499 0
      vertex 16.8847 13.7934 0
      vertex 15.784 13.1784 0
    endloop
  endfacet
  facet normal 0 0 -1
    outer loop
      vertex 15.6467 13.3055 0
      vertex 16.8847 13.7934 0
      vertex 15.7203 13.2499 0
    endloop
  endfacet
  facet normal 0 0 -1
    outer loop
      vertex 15.5633 13.3453 0
      vertex 16.8847 13.7934 0
      vertex 15.6467 13.3055 0
    endloop
  endfacet
  facet normal -0 0 -1
    outer loop
      vertex 16.8847 13.7934 0
      vertex 15.5633 13.3453 0
      vertex 14.9235 13.8952 0
    endloop
  endfacet
  facet normal 0 0 -1
    outer loop
      vertex 14.9235 13.8952 0
      vertex 15.5633 13.3453 0
      vertex 15.47 13.3691 0
    endloop
  endfacet
  facet normal 0 0 -1
    outer loop
      vertex 14.9235 13.8952 0
      vertex 15.47 13.3691 0
      vertex 15.367 13.3771 0
    endloop
  endfacet
  facet normal 0 0 -1
    outer loop
      vertex 14.9235 13.8952 0
      vertex 15.367 13.3771 0
      vertex 15.3063 13.3745 0
    endloop
  endfacet
  facet normal 0 0 -1
    outer loop
      vertex 14.9235 13.8952 0
      vertex 15.3063 13.3745 0
      vertex 15.249 13.3667 0
    endloop
  endfacet
  facet normal 0 0 -1
    outer loop
      vertex 14.9235 13.8952 0
      vertex 15.249 13.3667 0
      vertex 15.1952 13.3536 0
    endloop
  endfacet
  facet normal 0 0 -1
    outer loop
      vertex 14.9235 13.8952 0
      vertex 15.1952 13.3536 0
      vertex 15.1448 13.3354 0
    endloop
  endfacet
  facet normal 0 0 -1
    outer loop
      vertex 14.9235 13.3595 0
      vertex 15.1448 13.3354 0
      vertex 15.0978 13.312 0
    endloop
  endfacet
  facet normal 0 0 -1
    outer loop
      vertex 14.9235 13.3595 0
      vertex 15.0978 13.312 0
      vertex 15.0546 13.2834 0
    endloop
  endfacet
  facet normal 0 0 -1
    outer loop
      vertex 14.9235 13.3595 0
      vertex 15.0546 13.2834 0
      vertex 15.0155 13.2497 0
    endloop
  endfacet
  facet normal 0 0 -1
    outer loop
      vertex 14.9235 13.3595 0
      vertex 15.0155 13.2497 0
      vertex 14.9807 13.2109 0
    endloop
  endfacet
  facet normal 0 0 -1
    outer loop
      vertex 14.9208 13.118 0
      vertex 14.95 13.167 0
      vertex 14.9235 13.118 0
    endloop
  endfacet
  facet normal 0 0 -1
    outer loop
      vertex 14.9235 13.3595 0
      vertex 14.9807 13.2109 0
      vertex 14.95 13.167 0
    endloop
  endfacet
  facet normal 0 0 -1
    outer loop
      vertex 15.1448 13.3354 0
      vertex 14.9235 13.3595 0
      vertex 14.9235 13.8952 0
    endloop
  endfacet
  facet normal 0 0 -1
    outer loop
      vertex 16.8847 13.7934 0
      vertex 14.9235 13.8952 0
      vertex 23.825 23.825 0
    endloop
  endfacet
  facet normal 0 0 -1
    outer loop
      vertex 14.5424 13.8952 0
      vertex 23.825 23.825 0
      vertex 14.9235 13.8952 0
    endloop
  endfacet
  facet normal 0 0 -1
    outer loop
      vertex 14.2725 12.4799 0
      vertex 14.5419 12.1464 0
      vertex 14.5407 12.0863 0
    endloop
  endfacet
  facet normal 0 0 -1
    outer loop
      vertex 14.2725 12.4799 0
      vertex 14.5407 12.0863 0
      vertex 14.5385 12.0223 0
    endloop
  endfacet
  facet normal 0 0 -1
    outer loop
      vertex 14.2725 12.4799 0
      vertex 14.5385 12.0223 0
      vertex 14.5354 11.9543 0
    endloop
  endfacet
  facet normal 0 0 -1
    outer loop
      vertex 14.1019 12.0514 0
      vertex 14.5354 11.9543 0
      vertex 14.5315 11.8825 0
    endloop
  endfacet
  facet normal 0 0 -1
    outer loop
      vertex 14.5424 12.2026 0
      vertex 14.2796 12.623 0
      vertex 14.2724 12.7617 0
    endloop
  endfacet
  facet normal 0 0 -1
    outer loop
      vertex 14.5424 12.2026 0
      vertex 14.2724 12.7617 0
      vertex 14.5424 13.8952 0
    endloop
  endfacet
  facet normal 0 0 -1
    outer loop
      vertex 14.2507 12.8869 0
      vertex 14.5424 13.8952 0
      vertex 14.2724 12.7617 0
    endloop
  endfacet
  facet normal 0 0 -1
    outer loop
      vertex 14.2147 12.9986 0
      vertex 14.5424 13.8952 0
      vertex 14.2507 12.8869 0
    endloop
  endfacet
  facet normal 0 0 -1
    outer loop
      vertex 14.1642 13.0969 0
      vertex 14.5424 13.8952 0
      vertex 14.2147 12.9986 0
    endloop
  endfacet
  facet normal 0 0 -1
    outer loop
      vertex 14.0992 13.1818 0
      vertex 14.5424 13.8952 0
      vertex 14.1642 13.0969 0
    endloop
  endfacet
  facet normal 0 0 -1
    outer loop
      vertex 14.021 13.2521 0
      vertex 14.5424 13.8952 0
      vertex 14.0992 13.1818 0
    endloop
  endfacet
  facet normal 0 0 -1
    outer loop
      vertex 13.9308 13.3068 0
      vertex 14.5424 13.8952 0
      vertex 14.021 13.2521 0
    endloop
  endfacet
  facet normal 0 0 -1
    outer loop
      vertex 13.8286 13.3458 0
      vertex 14.5424 13.8952 0
      vertex 13.9308 13.3068 0
    endloop
  endfacet
  facet normal 0 0 -1
    outer loop
      vertex 13.7143 13.3693 0
      vertex 14.5424 13.8952 0
      vertex 13.8286 13.3458 0
    endloop
  endfacet
  facet normal 0 0 -1
    outer loop
      vertex 13.5879 13.3771 0
      vertex 14.5424 13.8952 0
      vertex 13.7143 13.3693 0
    endloop
  endfacet
  facet normal 0 0 -1
    outer loop
      vertex 13.4675 13.3687 0
      vertex 14.5424 13.8952 0
      vertex 13.5879 13.3771 0
    endloop
  endfacet
  facet normal -0 0 -1
    outer loop
      vertex 14.5424 13.8952 0
      vertex 13.4675 13.3687 0
      vertex 11.1769 13.8952 0
    endloop
  endfacet
  facet normal 0 0 -1
    outer loop
      vertex 11.1769 13.8952 0
      vertex 13.4675 13.3687 0
      vertex 13.359 13.3435 0
    endloop
  endfacet
  facet normal 0 0 -1
    outer loop
      vertex 12.4169 13.3041 0
      vertex 13.359 13.3435 0
      vertex 13.2624 13.3016 0
    endloop
  endfacet
  facet normal 0 0 -1
    outer loop
      vertex 12.5085 13.2473 0
      vertex 13.2624 13.3016 0
      vertex 13.1778 13.243 0
    endloop
  endfacet
  facet normal 0 0 -1
    outer loop
      vertex 12.7709 12.6081 0
      vertex 12.9449 12.7077 0
      vertex 12.9383 12.5539 0
    endloop
  endfacet
  facet normal 0 0 -1
    outer loop
      vertex 12.7636 12.747 0
      vertex 12.9449 12.7077 0
      vertex 12.7709 12.6081 0
    endloop
  endfacet
  facet normal 0 0 -1
    outer loop
      vertex 12.9449 12.7077 0
      vertex 12.7636 12.747 0
      vertex 12.965 12.846 0
    endloop
  endfacet
  facet normal 0 0 -1
    outer loop
      vertex 12.7417 12.8731 0
      vertex 12.965 12.846 0
      vertex 12.7636 12.747 0
    endloop
  endfacet
  facet normal 0 0 -1
    outer loop
      vertex 12.965 12.846 0
      vertex 12.7417 12.8731 0
      vertex 12.9983 12.9688 0
    endloop
  endfacet
  facet normal 0 0 -1
    outer loop
      vertex 12.705 12.9864 0
      vertex 12.9983 12.9688 0
      vertex 12.7417 12.8731 0
    endloop
  endfacet
  facet normal 0 0 -1
    outer loop
      vertex 12.9983 12.9688 0
      vertex 12.705 12.9864 0
      vertex 13.045 13.0759 0
    endloop
  endfacet
  facet normal 0 0 -1
    outer loop
      vertex 12.6538 13.0868 0
      vertex 13.045 13.0759 0
      vertex 12.705 12.9864 0
    endloop
  endfacet
  facet normal 0 0 -1
    outer loop
      vertex 13.045 13.0759 0
      vertex 12.6538 13.0868 0
      vertex 13.1051 13.1675 0
    endloop
  endfacet
  facet normal 0 0 -1
    outer loop
      vertex 12.5879 13.1743 0
      vertex 13.1051 13.1675 0
      vertex 12.6538 13.0868 0
    endloop
  endfacet
  facet normal 0 0 -1
    outer loop
      vertex 13.1051 13.1675 0
      vertex 12.5879 13.1743 0
      vertex 13.1778 13.243 0
    endloop
  endfacet
  facet normal 0 0 -1
    outer loop
      vertex 12.5085 13.2473 0
      vertex 13.1778 13.243 0
      vertex 12.5879 13.1743 0
    endloop
  endfacet
  facet normal -0 0 -1
    outer loop
      vertex 13.2624 13.3016 0
      vertex 12.5085 13.2473 0
      vertex 12.4169 13.3041 0
    endloop
  endfacet
  facet normal -0 0 -1
    outer loop
      vertex 13.359 13.3435 0
      vertex 12.4169 13.3041 0
      vertex 12.313 13.3446 0
    endloop
  endfacet
  facet normal 0 0 -1
    outer loop
      vertex 13.359 13.3435 0
      vertex 12.313 13.3446 0
      vertex 11.1769 13.8952 0
    endloop
  endfacet
  facet normal 0 0 -1
    outer loop
      vertex 11.1769 13.8952 0
      vertex 12.313 13.3446 0
      vertex 12.1968 13.369 0
    endloop
  endfacet
  facet normal 0 0 -1
    outer loop
      vertex 11.1769 13.8952 0
      vertex 12.1968 13.369 0
      vertex 12.0684 13.3771 0
    endloop
  endfacet
  facet normal 0 0 -1
    outer loop
      vertex 11.1769 13.8952 0
      vertex 12.0684 13.3771 0
      vertex 11.9684 13.3719 0
    endloop
  endfacet
  facet normal 0 0 -1
    outer loop
      vertex 11.1769 13.8952 0
      vertex 11.9684 13.3719 0
      vertex 11.8755 13.3562 0
    endloop
  endfacet
  facet normal 0 0 -1
    outer loop
      vertex 11.1769 13.8952 0
      vertex 11.8755 13.3562 0
      vertex 11.7898 13.3302 0
    endloop
  endfacet
  facet normal 0 0 -1
    outer loop
      vertex 11.1769 13.8952 0
      vertex 11.7898 13.3302 0
      vertex 11.7112 13.2937 0
    endloop
  endfacet
  facet normal 0 0 -1
    outer loop
      vertex 11.1769 13.8952 0
      vertex 11.7112 13.2937 0
      vertex 11.6399 13.2469 0
    endloop
  endfacet
  facet normal 0 0 -1
    outer loop
      vertex 11.1769 11.8825 0
      vertex 11.4269 12.8875 0
      vertex 11.4161 12.3708 0
    endloop
  endfacet
  facet normal 0 0 -1
    outer loop
      vertex 11.1769 13.8952 0
      vertex 11.4269 12.8875 0
      vertex 11.1769 11.8825 0
    endloop
  endfacet
  facet normal 0 0 -1
    outer loop
      vertex 11.1769 13.8952 0
      vertex 11.4493 12.9752 0
      vertex 11.4269 12.8875 0
    endloop
  endfacet
  facet normal 0 0 -1
    outer loop
      vertex 11.1769 13.8952 0
      vertex 11.4818 13.055 0
      vertex 11.4493 12.9752 0
    endloop
  endfacet
  facet normal 0 0 -1
    outer loop
      vertex 11.1769 13.8952 0
      vertex 11.5244 13.1269 0
      vertex 11.4818 13.055 0
    endloop
  endfacet
  facet normal 0 0 -1
    outer loop
      vertex 11.1769 13.8952 0
      vertex 11.5771 13.1908 0
      vertex 11.5244 13.1269 0
    endloop
  endfacet
  facet normal 0 0 -1
    outer loop
      vertex 11.1769 13.8952 0
      vertex 11.6399 13.2469 0
      vertex 11.5771 13.1908 0
    endloop
  endfacet
  facet normal 0 0 -1
    outer loop
      vertex 14.5424 13.8952 0
      vertex 11.1769 13.8952 0
      vertex 23.825 23.825 0
    endloop
  endfacet
  facet normal 0 0 -1
    outer loop
      vertex 1.575 23.825 0
      vertex 11.1769 13.8952 0
      vertex 10.7957 13.8952 0
    endloop
  endfacet
  facet normal 0 0 -1
    outer loop
      vertex 9.86264 13.3499 0
      vertex 10.7957 13.8952 0
      vertex 10.2723 13.3499 0
    endloop
  endfacet
  facet normal 0 0 -1
    outer loop
      vertex 8.04224 13.6822 0
      vertex 10.7957 13.8952 0
      vertex 9.86264 13.3499 0
    endloop
  endfacet
  facet normal 0 0 -1
    outer loop
      vertex 8.25721 11.8825 0
      vertex 9.82332 11.8825 0
      vertex 8.29297 11.6492 0
    endloop
  endfacet
  facet normal 0 0 -1
    outer loop
      vertex 8.25721 12.147 0
      vertex 9.82332 11.8825 0
      vertex 8.25721 11.8825 0
    endloop
  endfacet
  facet normal 0 0 -1
    outer loop
      vertex 9.82332 11.8825 0
      vertex 8.25721 12.147 0
      vertex 9.86264 13.3499 0
    endloop
  endfacet
  facet normal 0 0 -1
    outer loop
      vertex 8.22484 12.2123 0
      vertex 9.86264 13.3499 0
      vertex 8.25721 12.147 0
    endloop
  endfacet
  facet normal 0 0 -1
    outer loop
      vertex 8.22258 13.378 0
      vertex 9.86264 13.3499 0
      vertex 8.24094 13.2767 0
    endloop
  endfacet
  facet normal 0 0 -1
    outer loop
      vertex 8.19353 13.4692 0
      vertex 9.86264 13.3499 0
      vertex 8.22258 13.378 0
    endloop
  endfacet
  facet normal 0 0 -1
    outer loop
      vertex 8.15378 13.5503 0
      vertex 9.86264 13.3499 0
      vertex 8.19353 13.4692 0
    endloop
  endfacet
  facet normal 0 0 -1
    outer loop
      vertex 8.10335 13.6213 0
      vertex 9.86264 13.3499 0
      vertex 8.15378 13.5503 0
    endloop
  endfacet
  facet normal 0 0 -1
    outer loop
      vertex 8.04224 13.6822 0
      vertex 9.86264 13.3499 0
      vertex 8.10335 13.6213 0
    endloop
  endfacet
  facet normal 0 0 -1
    outer loop
      vertex 10.7957 13.8952 0
      vertex 8.04224 13.6822 0
      vertex 7.97098 13.7325 0
    endloop
  endfacet
  facet normal 0 0 -1
    outer loop
      vertex 10.7957 13.8952 0
      vertex 7.97098 13.7325 0
      vertex 7.89012 13.7716 0
    endloop
  endfacet
  facet normal 0 0 -1
    outer loop
      vertex 7.79967 13.7996 0
      vertex 10.7957 13.8952 0
      vertex 7.89012 13.7716 0
    endloop
  endfacet
  facet normal -0 0 -1
    outer loop
      vertex 10.7957 13.8952 0
      vertex 7.79967 13.7996 0
      vertex 1.575 23.825 0
    endloop
  endfacet
  facet normal 0 0 -1
    outer loop
      vertex 1.575 23.825 0
      vertex 7.79967 13.7996 0
      vertex 7.6996 13.8163 0
    endloop
  endfacet
  facet normal 0 0 -1
    outer loop
      vertex 1.575 23.825 0
      vertex 7.6996 13.8163 0
      vertex 7.58994 13.8219 0
    endloop
  endfacet
  facet normal 0 0 -1
    outer loop
      vertex 1.575 23.825 0
      vertex 7.58994 13.8219 0
      vertex 7.472 13.8163 0
    endloop
  endfacet
  facet normal 0 0 -1
    outer loop
      vertex 1.575 23.825 0
      vertex 7.472 13.8163 0
      vertex 7.36556 13.7994 0
    endloop
  endfacet
  facet normal 0 0 -1
    outer loop
      vertex 4.78237 13.7996 0
      vertex 7.36556 13.7994 0
      vertex 7.27062 13.7712 0
    endloop
  endfacet
  facet normal 0 0 -1
    outer loop
      vertex 4.87282 13.7716 0
      vertex 7.27062 13.7712 0
      vertex 7.18718 13.7316 0
    endloop
  endfacet
  facet normal 0 0 -1
    outer loop
      vertex 6.28879 12.6406 0
      vertex 6.91994 12.1958 0
      vertex 6.82587 11.8825 0
    endloop
  endfacet
  facet normal 0 0 -1
    outer loop
      vertex 6.95191 13.2322 0
      vertex 6.8001 13.3499 0
      vertex 6.94979 13.2849 0
    endloop
  endfacet
  facet normal 0 0 -1
    outer loop
      vertex 6.94979 13.2849 0
      vertex 6.8001 13.3499 0
      vertex 6.95641 13.3823 0
    endloop
  endfacet
  facet normal 0 0 -1
    outer loop
      vertex 6.8001 13.3499 0
      vertex 6.97626 13.4706 0
      vertex 6.95641 13.3823 0
    endloop
  endfacet
  facet normal 0 0 -1
    outer loop
      vertex 6.8001 13.3499 0
      vertex 7.00936 13.5498 0
      vertex 6.97626 13.4706 0
    endloop
  endfacet
  facet normal 0 0 -1
    outer loop
      vertex 6.38915 13.3499 0
      vertex 7.00936 13.5498 0
      vertex 6.8001 13.3499 0
    endloop
  endfacet
  facet normal -0 0 -1
    outer loop
      vertex 7.00936 13.5498 0
      vertex 6.38915 13.3499 0
      vertex 7.05568 13.6199 0
    endloop
  endfacet
  facet normal 0 0 -1
    outer loop
      vertex 6.38915 13.3499 0
      vertex 7.11524 13.6809 0
      vertex 7.05568 13.6199 0
    endloop
  endfacet
  facet normal 0 0 -1
    outer loop
      vertex 5.02494 13.6822 0
      vertex 7.11524 13.6809 0
      vertex 6.38915 13.3499 0
    endloop
  endfacet
  facet normal 0 0 -1
    outer loop
      vertex 7.11524 13.6809 0
      vertex 5.02494 13.6822 0
      vertex 7.18718 13.7316 0
    endloop
  endfacet
  facet normal 0 0 -1
    outer loop
      vertex 5.7639 13.3499 0
      vertex 6.38915 13.3499 0
      vertex 6.07585 12.8698 0
    endloop
  endfacet
  facet normal 0 0 -1
    outer loop
      vertex 5.02494 13.6822 0
      vertex 6.38915 13.3499 0
      vertex 5.7639 13.3499 0
    endloop
  endfacet
  facet normal 0 0 -1
    outer loop
      vertex 5.13648 13.5503 0
      vertex 5.7639 13.3499 0
      vertex 5.35027 13.3499 0
    endloop
  endfacet
  facet normal 0 0 -1
    outer loop
      vertex 5.2399 12.147 0
      vertex 5.32044 11.8825 0
      vertex 5.2399 11.8825 0
    endloop
  endfacet
  facet normal 0 0 -1
    outer loop
      vertex 5.20754 12.2123 0
      vertex 5.86158 12.6447 0
      vertex 5.2399 12.147 0
    endloop
  endfacet
  facet normal 0 0 -1
    outer loop
      vertex 5.86158 12.6447 0
      vertex 5.22364 13.2767 0
      vertex 5.35027 13.3499 0
    endloop
  endfacet
  facet normal 0 0 -1
    outer loop
      vertex 5.20526 13.378 0
      vertex 5.35027 13.3499 0
      vertex 5.22364 13.2767 0
    endloop
  endfacet
  facet normal 0 0 -1
    outer loop
      vertex 5.17621 13.4692 0
      vertex 5.35027 13.3499 0
      vertex 5.20526 13.378 0
    endloop
  endfacet
  facet normal 0 0 -1
    outer loop
      vertex 5.13648 13.5503 0
      vertex 5.35027 13.3499 0
      vertex 5.17621 13.4692 0
    endloop
  endfacet
  facet normal 0 0 -1
    outer loop
      vertex 5.7639 13.3499 0
      vertex 5.13648 13.5503 0
      vertex 5.08605 13.6213 0
    endloop
  endfacet
  facet normal 0 0 -1
    outer loop
      vertex 5.02494 13.6822 0
      vertex 5.7639 13.3499 0
      vertex 5.08605 13.6213 0
    endloop
  endfacet
  facet normal -0 0 -1
    outer loop
      vertex 7.18718 13.7316 0
      vertex 5.02494 13.6822 0
      vertex 4.95368 13.7325 0
    endloop
  endfacet
  facet normal 0 0 -1
    outer loop
      vertex 7.18718 13.7316 0
      vertex 4.95368 13.7325 0
      vertex 4.87282 13.7716 0
    endloop
  endfacet
  facet normal 0 0 -1
    outer loop
      vertex 7.27062 13.7712 0
      vertex 4.87282 13.7716 0
      vertex 4.78237 13.7996 0
    endloop
  endfacet
  facet normal 0 0 -1
    outer loop
      vertex 7.36556 13.7994 0
      vertex 4.78237 13.7996 0
      vertex 1.575 23.825 0
    endloop
  endfacet
  facet normal 0 0 -1
    outer loop
      vertex 1.575 23.825 0
      vertex 4.78237 13.7996 0
      vertex 4.6823 13.8163 0
    endloop
  endfacet
  facet normal 0 0 -1
    outer loop
      vertex 1.575 23.825 0
      vertex 4.6823 13.8163 0
      vertex 4.57263 13.8219 0
    endloop
  endfacet
  facet normal 0 0 -1
    outer loop
      vertex 1.575 23.825 0
      vertex 4.57263 13.8219 0
      vertex 4.4547 13.8163 0
    endloop
  endfacet
  facet normal 0 0 -1
    outer loop
      vertex 1.575 23.825 0
      vertex 4.4547 13.8163 0
      vertex 4.34825 13.7994 0
    endloop
  endfacet
  facet normal 0 0 -1
    outer loop
      vertex 1.575 23.825 0
      vertex 4.34825 13.7994 0
      vertex 4.25331 13.7712 0
    endloop
  endfacet
  facet normal 0 0 -1
    outer loop
      vertex 1.575 23.825 0
      vertex 4.25331 13.7712 0
      vertex 4.16988 13.7316 0
    endloop
  endfacet
  facet normal 0 0 -1
    outer loop
      vertex 1.575 23.825 0
      vertex 3.90264 12.1958 0
      vertex 1.575 1.575 0
    endloop
  endfacet
  facet normal 0 0 -1
    outer loop
      vertex 3.90264 12.1958 0
      vertex 1.575 23.825 0
      vertex 3.93248 13.2849 0
    endloop
  endfacet
  facet normal 0 0 -1
    outer loop
      vertex 11.1769 13.8952 0
      vertex 1.575 23.825 0
      vertex 23.825 23.825 0
    endloop
  endfacet
  facet normal 0 0 -1
    outer loop
      vertex 4.09793 13.6809 0
      vertex 1.575 23.825 0
      vertex 4.16988 13.7316 0
    endloop
  endfacet
  facet normal 0 0 -1
    outer loop
      vertex 4.03838 13.6199 0
      vertex 1.575 23.825 0
      vertex 4.09793 13.6809 0
    endloop
  endfacet
  facet normal 0 0 -1
    outer loop
      vertex 3.99204 13.5498 0
      vertex 1.575 23.825 0
      vertex 4.03838 13.6199 0
    endloop
  endfacet
  facet normal 0 0 -1
    outer loop
      vertex 3.95896 13.4706 0
      vertex 1.575 23.825 0
      vertex 3.99204 13.5498 0
    endloop
  endfacet
  facet normal 0 0 -1
    outer loop
      vertex 3.93909 13.3823 0
      vertex 1.575 23.825 0
      vertex 3.95896 13.4706 0
    endloop
  endfacet
  facet normal 0 0 -1
    outer loop
      vertex 3.93248 13.2849 0
      vertex 1.575 23.825 0
      vertex 3.93909 13.3823 0
    endloop
  endfacet
  facet normal 0 0 -1
    outer loop
      vertex 17.9001 12.071 0
      vertex 18.9856 11.8825 0
      vertex 17.9076 11.9774 0
    endloop
  endfacet
  facet normal 0 0 -1
    outer loop
      vertex 17.8876 12.1633 0
      vertex 18.9856 11.8825 0
      vertex 17.9001 12.071 0
    endloop
  endfacet
  facet normal 0 0 -1
    outer loop
      vertex 17.8701 12.2544 0
      vertex 18.9856 11.8825 0
      vertex 17.8876 12.1633 0
    endloop
  endfacet
  facet normal 0 0 -1
    outer loop
      vertex 17.8477 12.3443 0
      vertex 18.9856 11.8825 0
      vertex 17.8701 12.2544 0
    endloop
  endfacet
  facet normal 0 0 -1
    outer loop
      vertex 17.8205 12.4339 0
      vertex 18.9856 11.8825 0
      vertex 17.8477 12.3443 0
    endloop
  endfacet
  facet normal 0 0 -1
    outer loop
      vertex 18.9856 11.8825 0
      vertex 17.8205 12.4339 0
      vertex 18.1881 13.4802 0
    endloop
  endfacet
  facet normal 0 0 -1
    outer loop
      vertex 17.7889 12.5241 0
      vertex 18.1881 13.4802 0
      vertex 17.8205 12.4339 0
    endloop
  endfacet
  facet normal 0 0 -1
    outer loop
      vertex 17.7528 12.615 0
      vertex 18.1881 13.4802 0
      vertex 17.7889 12.5241 0
    endloop
  endfacet
  facet normal 0 0 -1
    outer loop
      vertex 17.7123 12.7065 0
      vertex 18.1881 13.4802 0
      vertex 17.7528 12.615 0
    endloop
  endfacet
  facet normal 0 0 -1
    outer loop
      vertex 17.6673 12.7986 0
      vertex 18.1881 13.4802 0
      vertex 17.7123 12.7065 0
    endloop
  endfacet
  facet normal 0 0 -1
    outer loop
      vertex 17.6124 12.8999 0
      vertex 18.1881 13.4802 0
      vertex 17.6673 12.7986 0
    endloop
  endfacet
  facet normal 0 0 -1
    outer loop
      vertex 17.5421 13.0187 0
      vertex 18.1881 13.4802 0
      vertex 17.6124 12.8999 0
    endloop
  endfacet
  facet normal 0 0 -1
    outer loop
      vertex 17.4564 13.155 0
      vertex 18.1881 13.4802 0
      vertex 17.5421 13.0187 0
    endloop
  endfacet
  facet normal 0 0 -1
    outer loop
      vertex 17.3552 13.3088 0
      vertex 18.1881 13.4802 0
      vertex 17.4564 13.155 0
    endloop
  endfacet
  facet normal -0 0 -1
    outer loop
      vertex 18.1881 13.4802 0
      vertex 17.3552 13.3088 0
      vertex 17.2387 13.4802 0
    endloop
  endfacet
  facet normal 0 0 -1
    outer loop
      vertex 1.575 26.975 0
      vertex 23.825 49.225 0
      vertex 23.825 26.975 0
    endloop
  endfacet
  facet normal -0 0 -1
    outer loop
      vertex 23.825 49.225 0
      vertex 1.575 26.975 0
      vertex 1.575 49.225 0
    endloop
  endfacet
  facet normal 0 0 -1
    outer loop
      vertex 26.975 26.975 0
      vertex 49.225 49.225 0
      vertex 49.225 26.975 0
    endloop
  endfacet
  facet normal -0 0 -1
    outer loop
      vertex 49.225 49.225 0
      vertex 26.975 26.975 0
      vertex 26.975 49.225 0
    endloop
  endfacet
  facet normal 0 0 -1
    outer loop
      vertex 26.975 1.575 0
      vertex 49.225 23.825 0
      vertex 49.225 1.575 0
    endloop
  endfacet
  facet normal -0 0 -1
    outer loop
      vertex 49.225 23.825 0
      vertex 26.975 1.575 0
      vertex 26.975 23.825 0
    endloop
  endfacet
  facet normal 0 0 -1
    outer loop
      vertex 13.314 12.8492 0
      vertex 13.8724 12.846 0
      vertex 13.8768 12.7817 0
    endloop
  endfacet
  facet normal 0 -0 -1
    outer loop
      vertex 13.326 12.9096 0
      vertex 13.8724 12.846 0
      vertex 13.314 12.8492 0
    endloop
  endfacet
  facet normal 0 0 -1
    outer loop
      vertex 13.8626 12.9043 0
      vertex 13.326 12.9096 0
      vertex 13.8472 12.9566 0
    endloop
  endfacet
  facet normal 0 -0 -1
    outer loop
      vertex 13.3431 12.9629 0
      vertex 13.8472 12.9566 0
      vertex 13.326 12.9096 0
    endloop
  endfacet
  facet normal 0 0 -1
    outer loop
      vertex 13.8472 12.9566 0
      vertex 13.3431 12.9629 0
      vertex 13.8264 13.003 0
    endloop
  endfacet
  facet normal -0 -0 -1
    outer loop
      vertex 13.6446 13.1333 0
      vertex 13.8264 13.003 0
      vertex 13.5933 13.137 0
    endloop
  endfacet
  facet normal 0 0 -1
    outer loop
      vertex 13.8002 13.0434 0
      vertex 13.6446 13.1333 0
      vertex 13.7687 13.0771 0
    endloop
  endfacet
  facet normal 0 0 -1
    outer loop
      vertex 13.7687 13.0771 0
      vertex 13.6909 13.1221 0
      vertex 13.7322 13.1033 0
    endloop
  endfacet
  facet normal -0 -0 -1
    outer loop
      vertex 13.6909 13.1221 0
      vertex 13.7687 13.0771 0
      vertex 13.6446 13.1333 0
    endloop
  endfacet
  facet normal 0 0 -1
    outer loop
      vertex 13.8264 13.003 0
      vertex 13.6446 13.1333 0
      vertex 13.8002 13.0434 0
    endloop
  endfacet
  facet normal 0 -0 -1
    outer loop
      vertex 13.3653 13.0091 0
      vertex 13.5933 13.137 0
      vertex 13.3431 12.9629 0
    endloop
  endfacet
  facet normal 0 0 -1
    outer loop
      vertex 13.5933 13.137 0
      vertex 13.3653 13.0091 0
      vertex 13.5449 13.1335 0
    endloop
  endfacet
  facet normal 0 0 -1
    outer loop
      vertex 13.5449 13.1335 0
      vertex 13.3926 13.0482 0
      vertex 13.5007 13.1228 0
    endloop
  endfacet
  facet normal 0 0 -1
    outer loop
      vertex 13.4605 13.105 0
      vertex 13.3926 13.0482 0
      vertex 13.4245 13.0802 0
    endloop
  endfacet
  facet normal 0 0 -1
    outer loop
      vertex 13.5007 13.1228 0
      vertex 13.3926 13.0482 0
      vertex 13.4605 13.105 0
    endloop
  endfacet
  facet normal 0 -0 -1
    outer loop
      vertex 13.3926 13.0482 0
      vertex 13.5449 13.1335 0
      vertex 13.3653 13.0091 0
    endloop
  endfacet
  facet normal 0 -0 -1
    outer loop
      vertex 13.5933 13.137 0
      vertex 13.8264 13.003 0
      vertex 13.3431 12.9629 0
    endloop
  endfacet
  facet normal 0 0 -1
    outer loop
      vertex 13.8724 12.846 0
      vertex 13.326 12.9096 0
      vertex 13.8626 12.9043 0
    endloop
  endfacet
  facet normal 0 -0 -1
    outer loop
      vertex 13.314 12.8492 0
      vertex 13.8768 12.7817 0
      vertex 13.3072 12.7817 0
    endloop
  endfacet
  facet normal 0 0 -1
    outer loop
      vertex 14.9181 12.6244 0
      vertex 15.5308 12.7116 0
      vertex 15.5338 12.6149 0
    endloop
  endfacet
  facet normal 0 0 -1
    outer loop
      vertex 14.9214 12.5312 0
      vertex 15.5338 12.6149 0
      vertex 15.5218 12.4352 0
    endloop
  endfacet
  facet normal -0 0 -1
    outer loop
      vertex 15.5308 12.7116 0
      vertex 14.9181 12.6244 0
      vertex 14.9212 12.7149 0
    endloop
  endfacet
  facet normal 0 0 -1
    outer loop
      vertex 15.5308 12.7116 0
      vertex 14.9212 12.7149 0
      vertex 15.5219 12.7979 0
    endloop
  endfacet
  facet normal 0 0 -1
    outer loop
      vertex 14.9478 12.3717 0
      vertex 15.5218 12.4352 0
      vertex 15.4859 12.2955 0
    endloop
  endfacet
  facet normal 0 -0 -1
    outer loop
      vertex 14.9308 12.7968 0
      vertex 15.5219 12.7979 0
      vertex 14.9212 12.7149 0
    endloop
  endfacet
  facet normal 0 -0 -1
    outer loop
      vertex 14.9466 12.8699 0
      vertex 15.5219 12.7979 0
      vertex 14.9308 12.7968 0
    endloop
  endfacet
  facet normal 0 0 -1
    outer loop
      vertex 15.2341 12.1158 0
      vertex 15.4859 12.2955 0
      vertex 15.4259 12.1957 0
    endloop
  endfacet
  facet normal 0 0 -1
    outer loop
      vertex 15.5219 12.7979 0
      vertex 14.9466 12.8699 0
      vertex 15.507 12.8737 0
    endloop
  endfacet
  facet normal 0 0 -1
    outer loop
      vertex 15.2341 12.1158 0
      vertex 15.4259 12.1957 0
      vertex 15.342 12.1357 0
    endloop
  endfacet
  facet normal 0 -0 -1
    outer loop
      vertex 14.9688 12.9342 0
      vertex 15.507 12.8737 0
      vertex 14.9466 12.8699 0
    endloop
  endfacet
  facet normal 0 0 -1
    outer loop
      vertex 15.507 12.8737 0
      vertex 14.9688 12.9342 0
      vertex 15.4861 12.9391 0
    endloop
  endfacet
  facet normal 0 0 -1
    outer loop
      vertex 15.4859 12.2955 0
      vertex 15.2341 12.1158 0
      vertex 15.0008 12.248 0
    endloop
  endfacet
  facet normal 0 -0 -1
    outer loop
      vertex 14.9974 12.9899 0
      vertex 15.4861 12.9391 0
      vertex 14.9688 12.9342 0
    endloop
  endfacet
  facet normal 0 0 -1
    outer loop
      vertex 15.0366 12.2004 0
      vertex 15.2341 12.1158 0
      vertex 15.1766 12.1211 0
    endloop
  endfacet
  facet normal 0 -0 -1
    outer loop
      vertex 15.2314 13.118 0
      vertex 15.4861 12.9391 0
      vertex 14.9974 12.9899 0
    endloop
  endfacet
  facet normal 0 0 -1
    outer loop
      vertex 15.0366 12.2004 0
      vertex 15.1766 12.1211 0
      vertex 15.1245 12.1369 0
    endloop
  endfacet
  facet normal 0 0 -1
    outer loop
      vertex 15.4861 12.9391 0
      vertex 15.2314 13.118 0
      vertex 15.4592 12.9939 0
    endloop
  endfacet
  facet normal 0 0 -1
    outer loop
      vertex 15.0366 12.2004 0
      vertex 15.1245 12.1369 0
      vertex 15.0778 12.1634 0
    endloop
  endfacet
  facet normal 0 0 -1
    outer loop
      vertex 15.4592 12.9939 0
      vertex 15.2895 13.1131 0
      vertex 15.4262 13.0386 0
    endloop
  endfacet
  facet normal 0 0 -1
    outer loop
      vertex 15.2341 12.1158 0
      vertex 15.0366 12.2004 0
      vertex 15.0008 12.248 0
    endloop
  endfacet
  facet normal 0 0 -1
    outer loop
      vertex 15.387 13.0734 0
      vertex 15.2895 13.1131 0
      vertex 15.3414 13.0982 0
    endloop
  endfacet
  facet normal -0 0 -1
    outer loop
      vertex 15.4859 12.2955 0
      vertex 15.0008 12.248 0
      vertex 14.971 12.3054 0
    endloop
  endfacet
  facet normal 0 0 -1
    outer loop
      vertex 15.4262 13.0386 0
      vertex 15.2895 13.1131 0
      vertex 15.387 13.0734 0
    endloop
  endfacet
  facet normal 0 0 -1
    outer loop
      vertex 15.4859 12.2955 0
      vertex 14.971 12.3054 0
      vertex 14.9478 12.3717 0
    endloop
  endfacet
  facet normal -0 -0 -1
    outer loop
      vertex 15.2895 13.1131 0
      vertex 15.4592 12.9939 0
      vertex 15.2314 13.118 0
    endloop
  endfacet
  facet normal -0 0 -1
    outer loop
      vertex 15.5218 12.4352 0
      vertex 14.9478 12.3717 0
      vertex 14.9313 12.447 0
    endloop
  endfacet
  facet normal 0 0 -1
    outer loop
      vertex 15.2314 13.118 0
      vertex 14.9974 12.9899 0
      vertex 15.1725 13.1129 0
    endloop
  endfacet
  facet normal 0 0 -1
    outer loop
      vertex 15.5218 12.4352 0
      vertex 14.9313 12.447 0
      vertex 14.9214 12.5312 0
    endloop
  endfacet
  facet normal -0 0 -1
    outer loop
      vertex 15.5338 12.6149 0
      vertex 14.9214 12.5312 0
      vertex 14.9181 12.6244 0
    endloop
  endfacet
  facet normal 0 -0 -1
    outer loop
      vertex 15.0322 13.036 0
      vertex 15.1725 13.1129 0
      vertex 14.9974 12.9899 0
    endloop
  endfacet
  facet normal 0 0 -1
    outer loop
      vertex 15.1197 13.0975 0
      vertex 15.0322 13.036 0
      vertex 15.0729 13.0719 0
    endloop
  endfacet
  facet normal 0 0 -1
    outer loop
      vertex 15.1725 13.1129 0
      vertex 15.0322 13.036 0
      vertex 15.1197 13.0975 0
    endloop
  endfacet
  facet normal -1 0 0
    outer loop
      vertex 0 50.8 1.6
      vertex 0 40.6731 4.40137
      vertex 0 50.8 7.4
    endloop
  endfacet
  facet normal -1 0 0
    outer loop
      vertex 0 50.8 1.6
      vertex 0 40.6279 4.00974
      vertex 0 40.6731 4.40137
    endloop
  endfacet
  facet normal -1 0 0
    outer loop
      vertex 0 50.8 1.6
      vertex 0 40.5234 3.62961
      vertex 0 40.6279 4.00974
    endloop
  endfacet
  facet normal -1 0 0
    outer loop
      vertex 0 50.8 1.6
      vertex 0 40.3622 3.26987
      vertex 0 40.5234 3.62961
    endloop
  endfacet
  facet normal -1 0 0
    outer loop
      vertex 0 50.8 1.6
      vertex 0 40.1479 2.93897
      vertex 0 40.3622 3.26987
    endloop
  endfacet
  facet normal -1 0 0
    outer loop
      vertex 0 50.8 1.6
      vertex 0 39.8856 2.64466
      vertex 0 40.1479 2.93897
    endloop
  endfacet
  facet normal -1 0 0
    outer loop
      vertex 0 50.8 1.6
      vertex 0 39.5814 2.39383
      vertex 0 39.8856 2.64466
    endloop
  endfacet
  facet normal -1 0 0
    outer loop
      vertex 0 50.8 1.6
      vertex 0 39.2426 2.19237
      vertex 0 39.5814 2.39383
    endloop
  endfacet
  facet normal -1 0 0
    outer loop
      vertex 0 50.8 1.6
      vertex 0 38.8769 2.045
      vertex 0 39.2426 2.19237
    endloop
  endfacet
  facet normal -1 0 0
    outer loop
      vertex 0 50.8 1.6
      vertex 0 38.4931 1.95518
      vertex 0 38.8769 2.045
    endloop
  endfacet
  facet normal -1 0 0
    outer loop
      vertex 0 50.8 1.6
      vertex 0 38.1 1.925
      vertex 0 38.4931 1.95518
    endloop
  endfacet
  facet normal -1 0 0
    outer loop
      vertex 0 35.5721 4.00974
      vertex 0 15.2731 4.40137
      vertex 0 35.5269 4.40137
    endloop
  endfacet
  facet normal -1 0 0
    outer loop
      vertex 0 15.2279 4.00974
      vertex 0 35.5721 4.00974
      vertex 0 35.6766 3.62961
    endloop
  endfacet
  facet normal -1 0 0
    outer loop
      vertex 0 15.1234 3.62961
      vertex 0 35.6766 3.62961
      vertex 0 35.8378 3.26987
    endloop
  endfacet
  facet normal -1 0 0
    outer loop
      vertex 0 14.9622 3.26987
      vertex 0 35.8378 3.26987
      vertex 0 36.0521 2.93897
    endloop
  endfacet
  facet normal -1 0 0
    outer loop
      vertex 0 14.7479 2.93897
      vertex 0 36.0521 2.93897
      vertex 0 36.3144 2.64466
    endloop
  endfacet
  facet normal -1 0 0
    outer loop
      vertex 0 14.4856 2.64466
      vertex 0 36.3144 2.64466
      vertex 0 36.6186 2.39383
    endloop
  endfacet
  facet normal -1 0 0
    outer loop
      vertex 0 14.1814 2.39383
      vertex 0 36.6186 2.39383
      vertex 0 36.9574 2.19237
    endloop
  endfacet
  facet normal -1 0 0
    outer loop
      vertex 0 13.8426 2.19237
      vertex 0 36.9574 2.19237
      vertex 0 37.3231 2.045
    endloop
  endfacet
  facet normal -1 0 0
    outer loop
      vertex 0 13.4769 2.045
      vertex 0 37.3231 2.045
      vertex 0 37.7069 1.95518
    endloop
  endfacet
  facet normal -1 0 0
    outer loop
      vertex 0 35.5721 4.00974
      vertex 0 15.2279 4.00974
      vertex 0 15.2731 4.40137
    endloop
  endfacet
  facet normal -1 0 0
    outer loop
      vertex 0 35.6766 3.62961
      vertex 0 15.1234 3.62961
      vertex 0 15.2279 4.00974
    endloop
  endfacet
  facet normal -1 0 0
    outer loop
      vertex 0 13.0931 1.95518
      vertex 0 37.7069 1.95518
      vertex 0 38.1 1.925
    endloop
  endfacet
  facet normal -1 0 0
    outer loop
      vertex 0 35.8378 3.26987
      vertex 0 14.9622 3.26987
      vertex 0 15.1234 3.62961
    endloop
  endfacet
  facet normal -1 0 0
    outer loop
      vertex 0 36.0521 2.93897
      vertex 0 14.7479 2.93897
      vertex 0 14.9622 3.26987
    endloop
  endfacet
  facet normal -1 0 0
    outer loop
      vertex 0 36.3144 2.64466
      vertex 0 14.4856 2.64466
      vertex 0 14.7479 2.93897
    endloop
  endfacet
  facet normal -1 0 0
    outer loop
      vertex 0 36.6186 2.39383
      vertex 0 14.1814 2.39383
      vertex 0 14.4856 2.64466
    endloop
  endfacet
  facet normal -1 0 0
    outer loop
      vertex 0 12.7 1.925
      vertex 0 38.1 1.925
      vertex 0 50.8 1.6
    endloop
  endfacet
  facet normal -1 0 0
    outer loop
      vertex 0 36.9574 2.19237
      vertex 0 13.8426 2.19237
      vertex 0 14.1814 2.39383
    endloop
  endfacet
  facet normal -1 0 0
    outer loop
      vertex 0 37.3231 2.045
      vertex 0 13.4769 2.045
      vertex 0 13.8426 2.19237
    endloop
  endfacet
  facet normal -1 0 0
    outer loop
      vertex 0 37.7069 1.95518
      vertex 0 13.0931 1.95518
      vertex 0 13.4769 2.045
    endloop
  endfacet
  facet normal -1 0 0
    outer loop
      vertex 0 38.1 1.925
      vertex 0 12.7 1.925
      vertex 0 13.0931 1.95518
    endloop
  endfacet
  facet normal -1 -0 0
    outer loop
      vertex 0 10.1721 4.00974
      vertex 0 0 1.6
      vertex 0 10.1269 4.40137
    endloop
  endfacet
  facet normal -1 -0 0
    outer loop
      vertex 0 10.2766 3.62961
      vertex 0 0 1.6
      vertex 0 10.1721 4.00974
    endloop
  endfacet
  facet normal -1 -0 0
    outer loop
      vertex 0 10.4378 3.26987
      vertex 0 0 1.6
      vertex 0 10.2766 3.62961
    endloop
  endfacet
  facet normal -1 -0 0
    outer loop
      vertex 0 10.6521 2.93897
      vertex 0 0 1.6
      vertex 0 10.4378 3.26987
    endloop
  endfacet
  facet normal -1 -0 0
    outer loop
      vertex 0 10.9144 2.64466
      vertex 0 0 1.6
      vertex 0 10.6521 2.93897
    endloop
  endfacet
  facet normal -1 -0 0
    outer loop
      vertex 0 11.2186 2.39383
      vertex 0 0 1.6
      vertex 0 10.9144 2.64466
    endloop
  endfacet
  facet normal -1 -0 0
    outer loop
      vertex 0 11.5574 2.19237
      vertex 0 0 1.6
      vertex 0 11.2186 2.39383
    endloop
  endfacet
  facet normal -1 -0 0
    outer loop
      vertex 0 11.9231 2.045
      vertex 0 0 1.6
      vertex 0 11.5574 2.19237
    endloop
  endfacet
  facet normal -1 -0 0
    outer loop
      vertex 0 12.3069 1.95518
      vertex 0 0 1.6
      vertex 0 11.9231 2.045
    endloop
  endfacet
  facet normal -1 -0 0
    outer loop
      vertex 0 12.7 1.925
      vertex 0 0 1.6
      vertex 0 12.3069 1.95518
    endloop
  endfacet
  facet normal -1 0 0
    outer loop
      vertex 0 0 1.6
      vertex 0 12.7 1.925
      vertex 0 50.8 1.6
    endloop
  endfacet
  facet normal -1 0 0
    outer loop
      vertex 0 40.658 4.79531
      vertex 0 50.8 7.4
      vertex 0 40.6731 4.40137
    endloop
  endfacet
  facet normal -1 0 0
    outer loop
      vertex 0 40.583 5.18233
      vertex 0 50.8 7.4
      vertex 0 40.658 4.79531
    endloop
  endfacet
  facet normal -1 0 0
    outer loop
      vertex 0 40.4497 5.55335
      vertex 0 50.8 7.4
      vertex 0 40.583 5.18233
    endloop
  endfacet
  facet normal -1 0 0
    outer loop
      vertex 0 40.2614 5.89969
      vertex 0 50.8 7.4
      vertex 0 40.4497 5.55335
    endloop
  endfacet
  facet normal -1 0 0
    outer loop
      vertex 0 40.0224 6.21321
      vertex 0 50.8 7.4
      vertex 0 40.2614 5.89969
    endloop
  endfacet
  facet normal -1 0 0
    outer loop
      vertex 0 39.7383 6.48658
      vertex 0 50.8 7.4
      vertex 0 40.0224 6.21321
    endloop
  endfacet
  facet normal -1 0 0
    outer loop
      vertex 0 39.4159 6.71339
      vertex 0 50.8 7.4
      vertex 0 39.7383 6.48658
    endloop
  endfacet
  facet normal -1 0 0
    outer loop
      vertex 0 39.0626 6.88832
      vertex 0 50.8 7.4
      vertex 0 39.4159 6.71339
    endloop
  endfacet
  facet normal -1 0 0
    outer loop
      vertex 0 38.6867 7.00727
      vertex 0 50.8 7.4
      vertex 0 39.0626 6.88832
    endloop
  endfacet
  facet normal -1 0 0
    outer loop
      vertex 0 38.2971 7.06744
      vertex 0 50.8 7.4
      vertex 0 38.6867 7.00727
    endloop
  endfacet
  facet normal -1 0 0
    outer loop
      vertex 0 37.9029 7.06744
      vertex 0 50.8 7.4
      vertex 0 38.2971 7.06744
    endloop
  endfacet
  facet normal -1 0 0
    outer loop
      vertex 0 15.2731 4.40137
      vertex 0 35.542 4.79531
      vertex 0 35.5269 4.40137
    endloop
  endfacet
  facet normal -1 0 0
    outer loop
      vertex 0 15.258 4.79531
      vertex 0 35.542 4.79531
      vertex 0 15.2731 4.40137
    endloop
  endfacet
  facet normal -1 0 0
    outer loop
      vertex 0 35.542 4.79531
      vertex 0 15.258 4.79531
      vertex 0 35.617 5.18233
    endloop
  endfacet
  facet normal -1 0 0
    outer loop
      vertex 0 15.183 5.18233
      vertex 0 35.617 5.18233
      vertex 0 15.258 4.79531
    endloop
  endfacet
  facet normal -1 0 0
    outer loop
      vertex 0 35.617 5.18233
      vertex 0 15.183 5.18233
      vertex 0 35.7503 5.55335
    endloop
  endfacet
  facet normal -1 0 0
    outer loop
      vertex 0 15.0497 5.55335
      vertex 0 35.7503 5.55335
      vertex 0 15.183 5.18233
    endloop
  endfacet
  facet normal -1 0 0
    outer loop
      vertex 0 35.7503 5.55335
      vertex 0 15.0497 5.55335
      vertex 0 35.9386 5.89969
    endloop
  endfacet
  facet normal -1 0 0
    outer loop
      vertex 0 14.8614 5.89969
      vertex 0 35.9386 5.89969
      vertex 0 15.0497 5.55335
    endloop
  endfacet
  facet normal -1 0 0
    outer loop
      vertex 0 35.9386 5.89969
      vertex 0 14.8614 5.89969
      vertex 0 36.1776 6.21321
    endloop
  endfacet
  facet normal -1 0 0
    outer loop
      vertex 0 14.6224 6.21321
      vertex 0 36.1776 6.21321
      vertex 0 14.8614 5.89969
    endloop
  endfacet
  facet normal -1 0 0
    outer loop
      vertex 0 36.1776 6.21321
      vertex 0 14.6224 6.21321
      vertex 0 36.4617 6.48658
    endloop
  endfacet
  facet normal -1 0 0
    outer loop
      vertex 0 14.3383 6.48658
      vertex 0 36.4617 6.48658
      vertex 0 14.6224 6.21321
    endloop
  endfacet
  facet normal -1 0 0
    outer loop
      vertex 0 36.4617 6.48658
      vertex 0 14.3383 6.48658
      vertex 0 36.7841 6.71339
    endloop
  endfacet
  facet normal -1 0 0
    outer loop
      vertex 0 14.0159 6.71339
      vertex 0 36.7841 6.71339
      vertex 0 14.3383 6.48658
    endloop
  endfacet
  facet normal -1 0 0
    outer loop
      vertex 0 36.7841 6.71339
      vertex 0 14.0159 6.71339
      vertex 0 37.1374 6.88832
    endloop
  endfacet
  facet normal -1 0 0
    outer loop
      vertex 0 13.6626 6.88832
      vertex 0 37.1374 6.88832
      vertex 0 14.0159 6.71339
    endloop
  endfacet
  facet normal -1 0 0
    outer loop
      vertex 0 37.1374 6.88832
      vertex 0 13.6626 6.88832
      vertex 0 37.5133 7.00727
    endloop
  endfacet
  facet normal -1 0 0
    outer loop
      vertex 0 13.2867 7.00727
      vertex 0 37.5133 7.00727
      vertex 0 13.6626 6.88832
    endloop
  endfacet
  facet normal -1 0 0
    outer loop
      vertex 0 37.5133 7.00727
      vertex 0 13.2867 7.00727
      vertex 0 37.9029 7.06744
    endloop
  endfacet
  facet normal -1 0 0
    outer loop
      vertex 0 12.8971 7.06744
      vertex 0 37.9029 7.06744
      vertex 0 13.2867 7.00727
    endloop
  endfacet
  facet normal -1 0 0
    outer loop
      vertex 0 37.9029 7.06744
      vertex 0 12.8971 7.06744
      vertex 0 50.8 7.4
    endloop
  endfacet
  facet normal -1 0 0
    outer loop
      vertex 0 0 7.4
      vertex 0 12.8971 7.06744
      vertex 0 12.5029 7.06744
    endloop
  endfacet
  facet normal -1 0 0
    outer loop
      vertex 0 0 7.4
      vertex 0 10.1269 4.40137
      vertex 0 0 1.6
    endloop
  endfacet
  facet normal -1 0 0
    outer loop
      vertex 0 10.1269 4.40137
      vertex 0 0 7.4
      vertex 0 10.142 4.79531
    endloop
  endfacet
  facet normal -1 0 0
    outer loop
      vertex 0 10.142 4.79531
      vertex 0 0 7.4
      vertex 0 10.217 5.18233
    endloop
  endfacet
  facet normal -1 0 0
    outer loop
      vertex 0 10.217 5.18233
      vertex 0 0 7.4
      vertex 0 10.3503 5.55335
    endloop
  endfacet
  facet normal -1 0 0
    outer loop
      vertex 0 10.3503 5.55335
      vertex 0 0 7.4
      vertex 0 10.5386 5.89969
    endloop
  endfacet
  facet normal -1 0 0
    outer loop
      vertex 0 10.5386 5.89969
      vertex 0 0 7.4
      vertex 0 10.7776 6.21321
    endloop
  endfacet
  facet normal -1 0 0
    outer loop
      vertex 0 10.7776 6.21321
      vertex 0 0 7.4
      vertex 0 11.0617 6.48658
    endloop
  endfacet
  facet normal -1 0 0
    outer loop
      vertex 0 11.0617 6.48658
      vertex 0 0 7.4
      vertex 0 11.3841 6.71339
    endloop
  endfacet
  facet normal -1 0 0
    outer loop
      vertex 0 12.8971 7.06744
      vertex 0 0 7.4
      vertex 0 50.8 7.4
    endloop
  endfacet
  facet normal -1 0 0
    outer loop
      vertex 0 12.1133 7.00727
      vertex 0 0 7.4
      vertex 0 12.5029 7.06744
    endloop
  endfacet
  facet normal -1 0 0
    outer loop
      vertex 0 11.7374 6.88832
      vertex 0 0 7.4
      vertex 0 12.1133 7.00727
    endloop
  endfacet
  facet normal -1 0 0
    outer loop
      vertex 0 11.3841 6.71339
      vertex 0 0 7.4
      vertex 0 11.7374 6.88832
    endloop
  endfacet
  facet normal 0 1 -0
    outer loop
      vertex 37.5133 50.8 7.00727
      vertex 12.8971 50.8 7.06744
      vertex 37.9029 50.8 7.06744
    endloop
  endfacet
  facet normal 0 1 0
    outer loop
      vertex 37.5133 50.8 7.00727
      vertex 13.2867 50.8 7.00727
      vertex 12.8971 50.8 7.06744
    endloop
  endfacet
  facet normal 0 1 -0
    outer loop
      vertex 37.1374 50.8 6.88832
      vertex 13.2867 50.8 7.00727
      vertex 37.5133 50.8 7.00727
    endloop
  endfacet
  facet normal 0 1 0
    outer loop
      vertex 37.1374 50.8 6.88832
      vertex 13.6626 50.8 6.88832
      vertex 13.2867 50.8 7.00727
    endloop
  endfacet
  facet normal 0 1 -0
    outer loop
      vertex 36.7841 50.8 6.71339
      vertex 13.6626 50.8 6.88832
      vertex 37.1374 50.8 6.88832
    endloop
  endfacet
  facet normal 0 1 0
    outer loop
      vertex 36.7841 50.8 6.71339
      vertex 14.0159 50.8 6.71339
      vertex 13.6626 50.8 6.88832
    endloop
  endfacet
  facet normal 0 1 -0
    outer loop
      vertex 36.4617 50.8 6.48658
      vertex 14.0159 50.8 6.71339
      vertex 36.7841 50.8 6.71339
    endloop
  endfacet
  facet normal 0 1 0
    outer loop
      vertex 36.4617 50.8 6.48658
      vertex 14.3383 50.8 6.48658
      vertex 14.0159 50.8 6.71339
    endloop
  endfacet
  facet normal 0 1 -0
    outer loop
      vertex 36.1776 50.8 6.21321
      vertex 14.3383 50.8 6.48658
      vertex 36.4617 50.8 6.48658
    endloop
  endfacet
  facet normal 0 1 0
    outer loop
      vertex 36.1776 50.8 6.21321
      vertex 14.6224 50.8 6.21321
      vertex 14.3383 50.8 6.48658
    endloop
  endfacet
  facet normal 0 1 -0
    outer loop
      vertex 35.9386 50.8 5.89969
      vertex 14.6224 50.8 6.21321
      vertex 36.1776 50.8 6.21321
    endloop
  endfacet
  facet normal 0 1 0
    outer loop
      vertex 35.9386 50.8 5.89969
      vertex 14.8614 50.8 5.89969
      vertex 14.6224 50.8 6.21321
    endloop
  endfacet
  facet normal 0 1 -0
    outer loop
      vertex 35.7503 50.8 5.55335
      vertex 14.8614 50.8 5.89969
      vertex 35.9386 50.8 5.89969
    endloop
  endfacet
  facet normal 0 1 0
    outer loop
      vertex 35.7503 50.8 5.55335
      vertex 15.0497 50.8 5.55335
      vertex 14.8614 50.8 5.89969
    endloop
  endfacet
  facet normal 0 1 -0
    outer loop
      vertex 35.617 50.8 5.18233
      vertex 15.0497 50.8 5.55335
      vertex 35.7503 50.8 5.55335
    endloop
  endfacet
  facet normal 0 1 0
    outer loop
      vertex 35.617 50.8 5.18233
      vertex 15.183 50.8 5.18233
      vertex 15.0497 50.8 5.55335
    endloop
  endfacet
  facet normal 0 1 -0
    outer loop
      vertex 35.542 50.8 4.79531
      vertex 15.183 50.8 5.18233
      vertex 35.617 50.8 5.18233
    endloop
  endfacet
  facet normal 0 1 0
    outer loop
      vertex 35.542 50.8 4.79531
      vertex 15.258 50.8 4.79531
      vertex 15.183 50.8 5.18233
    endloop
  endfacet
  facet normal 0 1 -0
    outer loop
      vertex 35.5269 50.8 4.40137
      vertex 15.258 50.8 4.79531
      vertex 35.542 50.8 4.79531
    endloop
  endfacet
  facet normal 0 1 0
    outer loop
      vertex 35.5269 50.8 4.40137
      vertex 15.2731 50.8 4.40137
      vertex 15.258 50.8 4.79531
    endloop
  endfacet
  facet normal 0 1 0
    outer loop
      vertex 35.5721 50.8 4.00974
      vertex 15.2731 50.8 4.40137
      vertex 35.5269 50.8 4.40137
    endloop
  endfacet
  facet normal 0 1 0
    outer loop
      vertex 35.5721 50.8 4.00974
      vertex 15.2279 50.8 4.00974
      vertex 15.2731 50.8 4.40137
    endloop
  endfacet
  facet normal 0 1 0
    outer loop
      vertex 35.6766 50.8 3.62961
      vertex 15.2279 50.8 4.00974
      vertex 35.5721 50.8 4.00974
    endloop
  endfacet
  facet normal 0 1 0
    outer loop
      vertex 35.6766 50.8 3.62961
      vertex 15.1234 50.8 3.62961
      vertex 15.2279 50.8 4.00974
    endloop
  endfacet
  facet normal 0 1 0
    outer loop
      vertex 35.8378 50.8 3.26987
      vertex 15.1234 50.8 3.62961
      vertex 35.6766 50.8 3.62961
    endloop
  endfacet
  facet normal 0 1 0
    outer loop
      vertex 35.8378 50.8 3.26987
      vertex 14.9622 50.8 3.26987
      vertex 15.1234 50.8 3.62961
    endloop
  endfacet
  facet normal 0 1 0
    outer loop
      vertex 36.0521 50.8 2.93897
      vertex 14.9622 50.8 3.26987
      vertex 35.8378 50.8 3.26987
    endloop
  endfacet
  facet normal 0 1 0
    outer loop
      vertex 36.0521 50.8 2.93897
      vertex 14.7479 50.8 2.93897
      vertex 14.9622 50.8 3.26987
    endloop
  endfacet
  facet normal 0 1 0
    outer loop
      vertex 36.3144 50.8 2.64466
      vertex 14.7479 50.8 2.93897
      vertex 36.0521 50.8 2.93897
    endloop
  endfacet
  facet normal 0 1 0
    outer loop
      vertex 36.3144 50.8 2.64466
      vertex 14.4856 50.8 2.64466
      vertex 14.7479 50.8 2.93897
    endloop
  endfacet
  facet normal 0 1 0
    outer loop
      vertex 36.6186 50.8 2.39383
      vertex 14.4856 50.8 2.64466
      vertex 36.3144 50.8 2.64466
    endloop
  endfacet
  facet normal 0 1 0
    outer loop
      vertex 36.6186 50.8 2.39383
      vertex 14.1814 50.8 2.39383
      vertex 14.4856 50.8 2.64466
    endloop
  endfacet
  facet normal 0 1 0
    outer loop
      vertex 36.9574 50.8 2.19237
      vertex 14.1814 50.8 2.39383
      vertex 36.6186 50.8 2.39383
    endloop
  endfacet
  facet normal 0 1 0
    outer loop
      vertex 36.9574 50.8 2.19237
      vertex 13.8426 50.8 2.19237
      vertex 14.1814 50.8 2.39383
    endloop
  endfacet
  facet normal 0 1 0
    outer loop
      vertex 37.3231 50.8 2.045
      vertex 13.8426 50.8 2.19237
      vertex 36.9574 50.8 2.19237
    endloop
  endfacet
  facet normal 0 1 0
    outer loop
      vertex 37.3231 50.8 2.045
      vertex 13.4769 50.8 2.045
      vertex 13.8426 50.8 2.19237
    endloop
  endfacet
  facet normal 0 1 0
    outer loop
      vertex 37.7069 50.8 1.95518
      vertex 13.4769 50.8 2.045
      vertex 37.3231 50.8 2.045
    endloop
  endfacet
  facet normal 0 1 0
    outer loop
      vertex 37.7069 50.8 1.95518
      vertex 13.0931 50.8 1.95518
      vertex 13.4769 50.8 2.045
    endloop
  endfacet
  facet normal 0 1 0
    outer loop
      vertex 38.1 50.8 1.925
      vertex 13.0931 50.8 1.95518
      vertex 37.7069 50.8 1.95518
    endloop
  endfacet
  facet normal 0 1 0
    outer loop
      vertex 13.0931 50.8 1.95518
      vertex 38.1 50.8 1.925
      vertex 12.7 50.8 1.925
    endloop
  endfacet
  facet normal 0 1 0
    outer loop
      vertex 37.9029 50.8 7.06744
      vertex 50.8 50.8 7.4
      vertex 38.2971 50.8 7.06744
    endloop
  endfacet
  facet normal 0 1 0
    outer loop
      vertex 50.8 50.8 7.4
      vertex 38.6867 50.8 7.00727
      vertex 38.2971 50.8 7.06744
    endloop
  endfacet
  facet normal 0 1 0
    outer loop
      vertex 50.8 50.8 7.4
      vertex 39.0626 50.8 6.88832
      vertex 38.6867 50.8 7.00727
    endloop
  endfacet
  facet normal 0 1 0
    outer loop
      vertex 50.8 50.8 7.4
      vertex 39.4159 50.8 6.71339
      vertex 39.0626 50.8 6.88832
    endloop
  endfacet
  facet normal 0 1 0
    outer loop
      vertex 50.8 50.8 7.4
      vertex 39.7383 50.8 6.48658
      vertex 39.4159 50.8 6.71339
    endloop
  endfacet
  facet normal 0 1 0
    outer loop
      vertex 50.8 50.8 7.4
      vertex 40.0224 50.8 6.21321
      vertex 39.7383 50.8 6.48658
    endloop
  endfacet
  facet normal 0 1 0
    outer loop
      vertex 50.8 50.8 7.4
      vertex 40.2614 50.8 5.89969
      vertex 40.0224 50.8 6.21321
    endloop
  endfacet
  facet normal 0 1 0
    outer loop
      vertex 50.8 50.8 7.4
      vertex 40.4497 50.8 5.55335
      vertex 40.2614 50.8 5.89969
    endloop
  endfacet
  facet normal 0 1 0
    outer loop
      vertex 50.8 50.8 7.4
      vertex 40.583 50.8 5.18233
      vertex 40.4497 50.8 5.55335
    endloop
  endfacet
  facet normal 0 1 0
    outer loop
      vertex 50.8 50.8 7.4
      vertex 40.658 50.8 4.79531
      vertex 40.583 50.8 5.18233
    endloop
  endfacet
  facet normal 0 1 0
    outer loop
      vertex 50.8 50.8 7.4
      vertex 40.6731 50.8 4.40137
      vertex 40.658 50.8 4.79531
    endloop
  endfacet
  facet normal 0 1 -0
    outer loop
      vertex 50.8 50.8 1.6
      vertex 40.6731 50.8 4.40137
      vertex 50.8 50.8 7.4
    endloop
  endfacet
  facet normal 0 1 0
    outer loop
      vertex 40.6731 50.8 4.40137
      vertex 50.8 50.8 1.6
      vertex 40.6279 50.8 4.00974
    endloop
  endfacet
  facet normal 0 1 0
    outer loop
      vertex 40.6279 50.8 4.00974
      vertex 50.8 50.8 1.6
      vertex 40.5234 50.8 3.62961
    endloop
  endfacet
  facet normal 0 1 0
    outer loop
      vertex 40.5234 50.8 3.62961
      vertex 50.8 50.8 1.6
      vertex 40.3622 50.8 3.26987
    endloop
  endfacet
  facet normal 0 1 0
    outer loop
      vertex 40.3622 50.8 3.26987
      vertex 50.8 50.8 1.6
      vertex 40.1479 50.8 2.93897
    endloop
  endfacet
  facet normal 0 1 0
    outer loop
      vertex 40.1479 50.8 2.93897
      vertex 50.8 50.8 1.6
      vertex 39.8856 50.8 2.64466
    endloop
  endfacet
  facet normal 0 1 0
    outer loop
      vertex 39.8856 50.8 2.64466
      vertex 50.8 50.8 1.6
      vertex 39.5814 50.8 2.39383
    endloop
  endfacet
  facet normal 0 1 0
    outer loop
      vertex 38.1 50.8 1.925
      vertex 50.8 50.8 1.6
      vertex 12.7 50.8 1.925
    endloop
  endfacet
  facet normal 0 1 0
    outer loop
      vertex 38.4931 50.8 1.95518
      vertex 50.8 50.8 1.6
      vertex 38.1 50.8 1.925
    endloop
  endfacet
  facet normal 0 1 0
    outer loop
      vertex 38.8769 50.8 2.045
      vertex 50.8 50.8 1.6
      vertex 38.4931 50.8 1.95518
    endloop
  endfacet
  facet normal 0 1 0
    outer loop
      vertex 39.2426 50.8 2.19237
      vertex 50.8 50.8 1.6
      vertex 38.8769 50.8 2.045
    endloop
  endfacet
  facet normal 0 1 0
    outer loop
      vertex 39.5814 50.8 2.39383
      vertex 50.8 50.8 1.6
      vertex 39.2426 50.8 2.19237
    endloop
  endfacet
  facet normal 0 1 0
    outer loop
      vertex 50.8 50.8 7.4
      vertex 37.9029 50.8 7.06744
      vertex 0 50.8 7.4
    endloop
  endfacet
  facet normal 0 1 -0
    outer loop
      vertex 12.8971 50.8 7.06744
      vertex 0 50.8 7.4
      vertex 37.9029 50.8 7.06744
    endloop
  endfacet
  facet normal 0 1 -0
    outer loop
      vertex 12.5029 50.8 7.06744
      vertex 0 50.8 7.4
      vertex 12.8971 50.8 7.06744
    endloop
  endfacet
  facet normal 0 1 -0
    outer loop
      vertex 12.1133 50.8 7.00727
      vertex 0 50.8 7.4
      vertex 12.5029 50.8 7.06744
    endloop
  endfacet
  facet normal 0 1 -0
    outer loop
      vertex 11.7374 50.8 6.88832
      vertex 0 50.8 7.4
      vertex 12.1133 50.8 7.00727
    endloop
  endfacet
  facet normal 0 1 -0
    outer loop
      vertex 11.3841 50.8 6.71339
      vertex 0 50.8 7.4
      vertex 11.7374 50.8 6.88832
    endloop
  endfacet
  facet normal 0 1 -0
    outer loop
      vertex 11.0617 50.8 6.48658
      vertex 0 50.8 7.4
      vertex 11.3841 50.8 6.71339
    endloop
  endfacet
  facet normal 0 1 -0
    outer loop
      vertex 10.7776 50.8 6.21321
      vertex 0 50.8 7.4
      vertex 11.0617 50.8 6.48658
    endloop
  endfacet
  facet normal 0 1 -0
    outer loop
      vertex 10.5386 50.8 5.89969
      vertex 0 50.8 7.4
      vertex 10.7776 50.8 6.21321
    endloop
  endfacet
  facet normal 0 1 -0
    outer loop
      vertex 10.3503 50.8 5.55335
      vertex 0 50.8 7.4
      vertex 10.5386 50.8 5.89969
    endloop
  endfacet
  facet normal 0 1 -0
    outer loop
      vertex 10.217 50.8 5.18233
      vertex 0 50.8 7.4
      vertex 10.3503 50.8 5.55335
    endloop
  endfacet
  facet normal 0 1 -0
    outer loop
      vertex 10.142 50.8 4.79531
      vertex 0 50.8 7.4
      vertex 10.217 50.8 5.18233
    endloop
  endfacet
  facet normal 0 1 -0
    outer loop
      vertex 10.1269 50.8 4.40137
      vertex 0 50.8 7.4
      vertex 10.142 50.8 4.79531
    endloop
  endfacet
  facet normal 0 1 0
    outer loop
      vertex 0 50.8 1.6
      vertex 10.1269 50.8 4.40137
      vertex 10.1721 50.8 4.00974
    endloop
  endfacet
  facet normal 0 1 0
    outer loop
      vertex 0 50.8 1.6
      vertex 10.1721 50.8 4.00974
      vertex 10.2766 50.8 3.62961
    endloop
  endfacet
  facet normal 0 1 0
    outer loop
      vertex 0 50.8 1.6
      vertex 10.2766 50.8 3.62961
      vertex 10.4378 50.8 3.26987
    endloop
  endfacet
  facet normal 0 1 0
    outer loop
      vertex 0 50.8 1.6
      vertex 10.4378 50.8 3.26987
      vertex 10.6521 50.8 2.93897
    endloop
  endfacet
  facet normal 0 1 0
    outer loop
      vertex 0 50.8 1.6
      vertex 10.6521 50.8 2.93897
      vertex 10.9144 50.8 2.64466
    endloop
  endfacet
  facet normal 0 1 0
    outer loop
      vertex 0 50.8 1.6
      vertex 10.9144 50.8 2.64466
      vertex 11.2186 50.8 2.39383
    endloop
  endfacet
  facet normal 0 1 0
    outer loop
      vertex 0 50.8 1.6
      vertex 11.2186 50.8 2.39383
      vertex 11.5574 50.8 2.19237
    endloop
  endfacet
  facet normal 0 1 0
    outer loop
      vertex 10.1269 50.8 4.40137
      vertex 0 50.8 1.6
      vertex 0 50.8 7.4
    endloop
  endfacet
  facet normal 0 1 0
    outer loop
      vertex 11.9231 50.8 2.045
      vertex 0 50.8 1.6
      vertex 11.5574 50.8 2.19237
    endloop
  endfacet
  facet normal 0 1 0
    outer loop
      vertex 12.3069 50.8 1.95518
      vertex 0 50.8 1.6
      vertex 11.9231 50.8 2.045
    endloop
  endfacet
  facet normal 0 1 0
    outer loop
      vertex 12.7 50.8 1.925
      vertex 0 50.8 1.6
      vertex 12.3069 50.8 1.95518
    endloop
  endfacet
  facet normal 0 1 0
    outer loop
      vertex 0 50.8 1.6
      vertex 12.7 50.8 1.925
      vertex 50.8 50.8 1.6
    endloop
  endfacet
  facet normal 0 -1 0
    outer loop
      vertex 13.2867 0 7.00727
      vertex 37.9029 0 7.06744
      vertex 12.8971 0 7.06744
    endloop
  endfacet
  facet normal 0 -1 0
    outer loop
      vertex 13.2867 0 7.00727
      vertex 37.5133 0 7.00727
      vertex 37.9029 0 7.06744
    endloop
  endfacet
  facet normal 0 -1 0
    outer loop
      vertex 13.6626 0 6.88832
      vertex 37.5133 0 7.00727
      vertex 13.2867 0 7.00727
    endloop
  endfacet
  facet normal 0 -1 0
    outer loop
      vertex 13.6626 0 6.88832
      vertex 37.1374 0 6.88832
      vertex 37.5133 0 7.00727
    endloop
  endfacet
  facet normal 0 -1 0
    outer loop
      vertex 14.0159 0 6.71339
      vertex 37.1374 0 6.88832
      vertex 13.6626 0 6.88832
    endloop
  endfacet
  facet normal 0 -1 0
    outer loop
      vertex 14.0159 0 6.71339
      vertex 36.7841 0 6.71339
      vertex 37.1374 0 6.88832
    endloop
  endfacet
  facet normal 0 -1 0
    outer loop
      vertex 14.3383 0 6.48658
      vertex 36.7841 0 6.71339
      vertex 14.0159 0 6.71339
    endloop
  endfacet
  facet normal 0 -1 0
    outer loop
      vertex 14.3383 0 6.48658
      vertex 36.4617 0 6.48658
      vertex 36.7841 0 6.71339
    endloop
  endfacet
  facet normal 0 -1 0
    outer loop
      vertex 14.6224 0 6.21321
      vertex 36.4617 0 6.48658
      vertex 14.3383 0 6.48658
    endloop
  endfacet
  facet normal 0 -1 0
    outer loop
      vertex 14.6224 0 6.21321
      vertex 36.1776 0 6.21321
      vertex 36.4617 0 6.48658
    endloop
  endfacet
  facet normal 0 -1 0
    outer loop
      vertex 14.8614 0 5.89969
      vertex 36.1776 0 6.21321
      vertex 14.6224 0 6.21321
    endloop
  endfacet
  facet normal 0 -1 0
    outer loop
      vertex 14.8614 0 5.89969
      vertex 35.9386 0 5.89969
      vertex 36.1776 0 6.21321
    endloop
  endfacet
  facet normal 0 -1 0
    outer loop
      vertex 15.0497 0 5.55335
      vertex 35.9386 0 5.89969
      vertex 14.8614 0 5.89969
    endloop
  endfacet
  facet normal 0 -1 0
    outer loop
      vertex 15.0497 0 5.55335
      vertex 35.7503 0 5.55335
      vertex 35.9386 0 5.89969
    endloop
  endfacet
  facet normal 0 -1 0
    outer loop
      vertex 15.183 0 5.18233
      vertex 35.7503 0 5.55335
      vertex 15.0497 0 5.55335
    endloop
  endfacet
  facet normal 0 -1 0
    outer loop
      vertex 15.183 0 5.18233
      vertex 35.617 0 5.18233
      vertex 35.7503 0 5.55335
    endloop
  endfacet
  facet normal 0 -1 0
    outer loop
      vertex 15.258 0 4.79531
      vertex 35.617 0 5.18233
      vertex 15.183 0 5.18233
    endloop
  endfacet
  facet normal 0 -1 0
    outer loop
      vertex 15.258 0 4.79531
      vertex 35.542 0 4.79531
      vertex 35.617 0 5.18233
    endloop
  endfacet
  facet normal 0 -1 0
    outer loop
      vertex 15.2731 0 4.40137
      vertex 35.542 0 4.79531
      vertex 15.258 0 4.79531
    endloop
  endfacet
  facet normal 0 -1 0
    outer loop
      vertex 15.2731 0 4.40137
      vertex 35.5269 0 4.40137
      vertex 35.542 0 4.79531
    endloop
  endfacet
  facet normal 0 -1 0
    outer loop
      vertex 15.2279 0 4.00974
      vertex 35.5269 0 4.40137
      vertex 15.2731 0 4.40137
    endloop
  endfacet
  facet normal 0 -1 0
    outer loop
      vertex 15.2279 0 4.00974
      vertex 35.5721 0 4.00974
      vertex 35.5269 0 4.40137
    endloop
  endfacet
  facet normal 0 -1 0
    outer loop
      vertex 15.1234 0 3.62961
      vertex 35.5721 0 4.00974
      vertex 15.2279 0 4.00974
    endloop
  endfacet
  facet normal 0 -1 0
    outer loop
      vertex 15.1234 0 3.62961
      vertex 35.6766 0 3.62961
      vertex 35.5721 0 4.00974
    endloop
  endfacet
  facet normal 0 -1 0
    outer loop
      vertex 14.9622 0 3.26987
      vertex 35.6766 0 3.62961
      vertex 15.1234 0 3.62961
    endloop
  endfacet
  facet normal 0 -1 0
    outer loop
      vertex 14.9622 0 3.26987
      vertex 35.8378 0 3.26987
      vertex 35.6766 0 3.62961
    endloop
  endfacet
  facet normal 0 -1 0
    outer loop
      vertex 14.7479 0 2.93897
      vertex 35.8378 0 3.26987
      vertex 14.9622 0 3.26987
    endloop
  endfacet
  facet normal 0 -1 0
    outer loop
      vertex 14.7479 0 2.93897
      vertex 36.0521 0 2.93897
      vertex 35.8378 0 3.26987
    endloop
  endfacet
  facet normal 0 -1 0
    outer loop
      vertex 14.4856 0 2.64466
      vertex 36.0521 0 2.93897
      vertex 14.7479 0 2.93897
    endloop
  endfacet
  facet normal 0 -1 0
    outer loop
      vertex 14.4856 0 2.64466
      vertex 36.3144 0 2.64466
      vertex 36.0521 0 2.93897
    endloop
  endfacet
  facet normal 0 -1 0
    outer loop
      vertex 14.1814 0 2.39383
      vertex 36.3144 0 2.64466
      vertex 14.4856 0 2.64466
    endloop
  endfacet
  facet normal 0 -1 0
    outer loop
      vertex 14.1814 0 2.39383
      vertex 36.6186 0 2.39383
      vertex 36.3144 0 2.64466
    endloop
  endfacet
  facet normal 0 -1 0
    outer loop
      vertex 13.8426 0 2.19237
      vertex 36.6186 0 2.39383
      vertex 14.1814 0 2.39383
    endloop
  endfacet
  facet normal 0 -1 0
    outer loop
      vertex 13.8426 0 2.19237
      vertex 36.9574 0 2.19237
      vertex 36.6186 0 2.39383
    endloop
  endfacet
  facet normal 0 -1 0
    outer loop
      vertex 13.4769 0 2.045
      vertex 36.9574 0 2.19237
      vertex 13.8426 0 2.19237
    endloop
  endfacet
  facet normal 0 -1 0
    outer loop
      vertex 13.4769 0 2.045
      vertex 37.3231 0 2.045
      vertex 36.9574 0 2.19237
    endloop
  endfacet
  facet normal 0 -1 0
    outer loop
      vertex 13.0931 0 1.95518
      vertex 37.3231 0 2.045
      vertex 13.4769 0 2.045
    endloop
  endfacet
  facet normal 0 -1 0
    outer loop
      vertex 13.0931 0 1.95518
      vertex 37.7069 0 1.95518
      vertex 37.3231 0 2.045
    endloop
  endfacet
  facet normal 0 -1 0
    outer loop
      vertex 12.7 0 1.925
      vertex 37.7069 0 1.95518
      vertex 13.0931 0 1.95518
    endloop
  endfacet
  facet normal 0 -1 -0
    outer loop
      vertex 37.7069 0 1.95518
      vertex 12.7 0 1.925
      vertex 38.1 0 1.925
    endloop
  endfacet
  facet normal 0 -1 0
    outer loop
      vertex 12.8971 0 7.06744
      vertex 0 0 7.4
      vertex 12.5029 0 7.06744
    endloop
  endfacet
  facet normal 0 -1 0
    outer loop
      vertex 0 0 7.4
      vertex 12.1133 0 7.00727
      vertex 12.5029 0 7.06744
    endloop
  endfacet
  facet normal 0 -1 0
    outer loop
      vertex 0 0 7.4
      vertex 11.7374 0 6.88832
      vertex 12.1133 0 7.00727
    endloop
  endfacet
  facet normal 0 -1 0
    outer loop
      vertex 0 0 7.4
      vertex 11.3841 0 6.71339
      vertex 11.7374 0 6.88832
    endloop
  endfacet
  facet normal 0 -1 0
    outer loop
      vertex 0 0 7.4
      vertex 11.0617 0 6.48658
      vertex 11.3841 0 6.71339
    endloop
  endfacet
  facet normal 0 -1 0
    outer loop
      vertex 0 0 7.4
      vertex 10.7776 0 6.21321
      vertex 11.0617 0 6.48658
    endloop
  endfacet
  facet normal 0 -1 0
    outer loop
      vertex 0 0 7.4
      vertex 10.5386 0 5.89969
      vertex 10.7776 0 6.21321
    endloop
  endfacet
  facet normal 0 -1 0
    outer loop
      vertex 0 0 7.4
      vertex 10.3503 0 5.55335
      vertex 10.5386 0 5.89969
    endloop
  endfacet
  facet normal 0 -1 0
    outer loop
      vertex 0 0 7.4
      vertex 10.217 0 5.18233
      vertex 10.3503 0 5.55335
    endloop
  endfacet
  facet normal 0 -1 0
    outer loop
      vertex 0 0 7.4
      vertex 10.142 0 4.79531
      vertex 10.217 0 5.18233
    endloop
  endfacet
  facet normal 0 -1 0
    outer loop
      vertex 0 0 7.4
      vertex 10.1269 0 4.40137
      vertex 10.142 0 4.79531
    endloop
  endfacet
  facet normal 0 -1 0
    outer loop
      vertex 0 0 1.6
      vertex 10.1269 0 4.40137
      vertex 0 0 7.4
    endloop
  endfacet
  facet normal 0 -1 -0
    outer loop
      vertex 10.1269 0 4.40137
      vertex 0 0 1.6
      vertex 10.1721 0 4.00974
    endloop
  endfacet
  facet normal 0 -1 -0
    outer loop
      vertex 10.1721 0 4.00974
      vertex 0 0 1.6
      vertex 10.2766 0 3.62961
    endloop
  endfacet
  facet normal 0 -1 -0
    outer loop
      vertex 10.2766 0 3.62961
      vertex 0 0 1.6
      vertex 10.4378 0 3.26987
    endloop
  endfacet
  facet normal 0 -1 -0
    outer loop
      vertex 10.4378 0 3.26987
      vertex 0 0 1.6
      vertex 10.6521 0 2.93897
    endloop
  endfacet
  facet normal 0 -1 -0
    outer loop
      vertex 10.6521 0 2.93897
      vertex 0 0 1.6
      vertex 10.9144 0 2.64466
    endloop
  endfacet
  facet normal 0 -1 -0
    outer loop
      vertex 10.9144 0 2.64466
      vertex 0 0 1.6
      vertex 11.2186 0 2.39383
    endloop
  endfacet
  facet normal 0 -1 -0
    outer loop
      vertex 12.7 0 1.925
      vertex 0 0 1.6
      vertex 38.1 0 1.925
    endloop
  endfacet
  facet normal 0 -1 -0
    outer loop
      vertex 12.3069 0 1.95518
      vertex 0 0 1.6
      vertex 12.7 0 1.925
    endloop
  endfacet
  facet normal 0 -1 -0
    outer loop
      vertex 11.9231 0 2.045
      vertex 0 0 1.6
      vertex 12.3069 0 1.95518
    endloop
  endfacet
  facet normal 0 -1 -0
    outer loop
      vertex 11.5574 0 2.19237
      vertex 0 0 1.6
      vertex 11.9231 0 2.045
    endloop
  endfacet
  facet normal 0 -1 -0
    outer loop
      vertex 11.2186 0 2.39383
      vertex 0 0 1.6
      vertex 11.5574 0 2.19237
    endloop
  endfacet
  facet normal 0 -1 0
    outer loop
      vertex 0 0 7.4
      vertex 12.8971 0 7.06744
      vertex 50.8 0 7.4
    endloop
  endfacet
  facet normal 0 -1 0
    outer loop
      vertex 37.9029 0 7.06744
      vertex 50.8 0 7.4
      vertex 12.8971 0 7.06744
    endloop
  endfacet
  facet normal 0 -1 0
    outer loop
      vertex 38.2971 0 7.06744
      vertex 50.8 0 7.4
      vertex 37.9029 0 7.06744
    endloop
  endfacet
  facet normal 0 -1 0
    outer loop
      vertex 38.6867 0 7.00727
      vertex 50.8 0 7.4
      vertex 38.2971 0 7.06744
    endloop
  endfacet
  facet normal 0 -1 0
    outer loop
      vertex 39.0626 0 6.88832
      vertex 50.8 0 7.4
      vertex 38.6867 0 7.00727
    endloop
  endfacet
  facet normal 0 -1 0
    outer loop
      vertex 39.4159 0 6.71339
      vertex 50.8 0 7.4
      vertex 39.0626 0 6.88832
    endloop
  endfacet
  facet normal 0 -1 0
    outer loop
      vertex 39.7383 0 6.48658
      vertex 50.8 0 7.4
      vertex 39.4159 0 6.71339
    endloop
  endfacet
  facet normal 0 -1 0
    outer loop
      vertex 40.0224 0 6.21321
      vertex 50.8 0 7.4
      vertex 39.7383 0 6.48658
    endloop
  endfacet
  facet normal 0 -1 0
    outer loop
      vertex 40.2614 0 5.89969
      vertex 50.8 0 7.4
      vertex 40.0224 0 6.21321
    endloop
  endfacet
  facet normal 0 -1 0
    outer loop
      vertex 40.4497 0 5.55335
      vertex 50.8 0 7.4
      vertex 40.2614 0 5.89969
    endloop
  endfacet
  facet normal 0 -1 0
    outer loop
      vertex 40.583 0 5.18233
      vertex 50.8 0 7.4
      vertex 40.4497 0 5.55335
    endloop
  endfacet
  facet normal 0 -1 0
    outer loop
      vertex 40.658 0 4.79531
      vertex 50.8 0 7.4
      vertex 40.583 0 5.18233
    endloop
  endfacet
  facet normal 0 -1 0
    outer loop
      vertex 40.6731 0 4.40137
      vertex 50.8 0 7.4
      vertex 40.658 0 4.79531
    endloop
  endfacet
  facet normal 0 -1 0
    outer loop
      vertex 50.8 0 1.6
      vertex 40.6731 0 4.40137
      vertex 40.6279 0 4.00974
    endloop
  endfacet
  facet normal 0 -1 0
    outer loop
      vertex 50.8 0 1.6
      vertex 40.6279 0 4.00974
      vertex 40.5234 0 3.62961
    endloop
  endfacet
  facet normal 0 -1 0
    outer loop
      vertex 50.8 0 1.6
      vertex 40.5234 0 3.62961
      vertex 40.3622 0 3.26987
    endloop
  endfacet
  facet normal 0 -1 0
    outer loop
      vertex 50.8 0 1.6
      vertex 40.3622 0 3.26987
      vertex 40.1479 0 2.93897
    endloop
  endfacet
  facet normal 0 -1 0
    outer loop
      vertex 50.8 0 1.6
      vertex 40.1479 0 2.93897
      vertex 39.8856 0 2.64466
    endloop
  endfacet
  facet normal 0 -1 0
    outer loop
      vertex 50.8 0 1.6
      vertex 39.8856 0 2.64466
      vertex 39.5814 0 2.39383
    endloop
  endfacet
  facet normal 0 -1 0
    outer loop
      vertex 50.8 0 1.6
      vertex 39.5814 0 2.39383
      vertex 39.2426 0 2.19237
    endloop
  endfacet
  facet normal 0 -1 0
    outer loop
      vertex 40.6731 0 4.40137
      vertex 50.8 0 1.6
      vertex 50.8 0 7.4
    endloop
  endfacet
  facet normal 0 -1 0
    outer loop
      vertex 38.8769 0 2.045
      vertex 50.8 0 1.6
      vertex 39.2426 0 2.19237
    endloop
  endfacet
  facet normal 0 -1 0
    outer loop
      vertex 38.4931 0 1.95518
      vertex 50.8 0 1.6
      vertex 38.8769 0 2.045
    endloop
  endfacet
  facet normal 0 -1 0
    outer loop
      vertex 38.1 0 1.925
      vertex 50.8 0 1.6
      vertex 38.4931 0 1.95518
    endloop
  endfacet
  facet normal 0 -1 0
    outer loop
      vertex 50.8 0 1.6
      vertex 38.1 0 1.925
      vertex 0 0 1.6
    endloop
  endfacet
  facet normal 0 0 -1
    outer loop
      vertex 10.2397 11.8825 0.4
      vertex 10.378 12.7776 0.4
      vertex 10.6317 12.5471 0.4
    endloop
  endfacet
  facet normal 0 0 -1
    outer loop
      vertex 10.378 12.7776 0.4
      vertex 10.2397 11.8825 0.4
      vertex 9.82332 11.8825 0.4
    endloop
  endfacet
  facet normal 0 0 -1
    outer loop
      vertex 10.6317 12.5471 0.4
      vertex 10.7957 12.7424 0.4
      vertex 10.7957 12.4332 0.4
    endloop
  endfacet
  facet normal 0 0 -1
    outer loop
      vertex 10.378 12.7776 0.4
      vertex 10.7957 12.7424 0.4
      vertex 10.6317 12.5471 0.4
    endloop
  endfacet
  facet normal 0 0 -1
    outer loop
      vertex 10.378 12.7776 0.4
      vertex 10.2723 13.3499 0.4
      vertex 10.7957 12.7424 0.4
    endloop
  endfacet
  facet normal -0 -0 -1
    outer loop
      vertex 10.2723 13.3499 0.4
      vertex 10.378 12.7776 0.4
      vertex 9.86264 13.3499 0.4
    endloop
  endfacet
  facet normal 0 0 -1
    outer loop
      vertex 10.7957 12.4332 0.4
      vertex 11.1769 11.8825 0.4
      vertex 10.7957 11.8825 0.4
    endloop
  endfacet
  facet normal 0 0 -1
    outer loop
      vertex 10.7957 12.7424 0.4
      vertex 11.1769 11.8825 0.4
      vertex 10.7957 12.4332 0.4
    endloop
  endfacet
  facet normal 0 0 -1
    outer loop
      vertex 11.1769 11.8825 0.4
      vertex 10.7957 12.7424 0.4
      vertex 11.1769 13.8952 0.4
    endloop
  endfacet
  facet normal -0 0 -1
    outer loop
      vertex 11.1769 13.8952 0.4
      vertex 10.7957 12.7424 0.4
      vertex 10.7957 13.8952 0.4
    endloop
  endfacet
  facet normal 0 0 -1
    outer loop
      vertex 19.2867 12.5661 0.4
      vertex 20.0978 13.7934 0.4
      vertex 19.3912 11.8825 0.4
    endloop
  endfacet
  facet normal -0 0 -1
    outer loop
      vertex 20.0978 13.7934 0.4
      vertex 19.2867 12.5661 0.4
      vertex 19.6801 13.7934 0.4
    endloop
  endfacet
  facet normal 0 0 -1
    outer loop
      vertex 19.3912 11.8825 0.4
      vertex 19.271 12.5134 0.4
      vertex 19.2867 12.5661 0.4
    endloop
  endfacet
  facet normal 0 0 -1
    outer loop
      vertex 19.3912 11.8825 0.4
      vertex 19.2531 12.4511 0.4
      vertex 19.271 12.5134 0.4
    endloop
  endfacet
  facet normal 0 0 -1
    outer loop
      vertex 19.3912 11.8825 0.4
      vertex 19.233 12.3789 0.4
      vertex 19.2531 12.4511 0.4
    endloop
  endfacet
  facet normal 0 0 -1
    outer loop
      vertex 19.3912 11.8825 0.4
      vertex 19.2108 12.297 0.4
      vertex 19.233 12.3789 0.4
    endloop
  endfacet
  facet normal 0 0 -1
    outer loop
      vertex 19.3912 11.8825 0.4
      vertex 19.1864 12.2053 0.4
      vertex 19.2108 12.297 0.4
    endloop
  endfacet
  facet normal 0 0 -1
    outer loop
      vertex 18.9856 11.8825 0.4
      vertex 19.1579 12.3219 0.4
      vertex 19.1864 12.2053 0.4
    endloop
  endfacet
  facet normal 0 0 -1
    outer loop
      vertex 18.9856 11.8825 0.4
      vertex 19.1864 12.2053 0.4
      vertex 19.3912 11.8825 0.4
    endloop
  endfacet
  facet normal -0 0 -1
    outer loop
      vertex 19.1579 12.3219 0.4
      vertex 18.9856 11.8825 0.4
      vertex 19.0887 12.5661 0.4
    endloop
  endfacet
  facet normal 0 0 -1
    outer loop
      vertex 18.2831 13.7934 0.4
      vertex 19.0887 12.5661 0.4
      vertex 18.9856 11.8825 0.4
    endloop
  endfacet
  facet normal 0 0 -1
    outer loop
      vertex 19.0887 12.5661 0.4
      vertex 18.2831 13.7934 0.4
      vertex 18.6968 13.7934 0.4
    endloop
  endfacet
  facet normal 0 0 -1
    outer loop
      vertex 15.5338 12.6149 0.4
      vertex 15.9312 12.6149 0.4
      vertex 15.9256 12.4775 0.4
    endloop
  endfacet
  facet normal 0 0 -1
    outer loop
      vertex 15.5218 12.4352 0.4
      vertex 15.9256 12.4775 0.4
      vertex 15.9088 12.3528 0.4
    endloop
  endfacet
  facet normal 0 0 -1
    outer loop
      vertex 15.5308 12.7116 0.4
      vertex 15.9312 12.6149 0.4
      vertex 15.5338 12.6149 0.4
    endloop
  endfacet
  facet normal 0 0 -1
    outer loop
      vertex 15.5218 12.4352 0.4
      vertex 15.9088 12.3528 0.4
      vertex 15.8809 12.241 0.4
    endloop
  endfacet
  facet normal 0 0 -1
    outer loop
      vertex 15.9312 12.6149 0.4
      vertex 15.5308 12.7116 0.4
      vertex 15.9253 12.7542 0.4
    endloop
  endfacet
  facet normal 0 0 -1
    outer loop
      vertex 15.4859 12.2955 0.4
      vertex 15.8809 12.241 0.4
      vertex 15.8418 12.1418 0.4
    endloop
  endfacet
  facet normal 0 0 -1
    outer loop
      vertex 15.5219 12.7979 0.4
      vertex 15.9253 12.7542 0.4
      vertex 15.5308 12.7116 0.4
    endloop
  endfacet
  facet normal 0 0 -1
    outer loop
      vertex 15.4859 12.2955 0.4
      vertex 15.8418 12.1418 0.4
      vertex 15.7915 12.0554 0.4
    endloop
  endfacet
  facet normal 0 0 -1
    outer loop
      vertex 15.9253 12.7542 0.4
      vertex 15.5219 12.7979 0.4
      vertex 15.9076 12.8801 0.4
    endloop
  endfacet
  facet normal 0 0 -1
    outer loop
      vertex 15.4259 12.1957 0.4
      vertex 15.7915 12.0554 0.4
      vertex 15.7309 11.9834 0.4
    endloop
  endfacet
  facet normal 0 0 -1
    outer loop
      vertex 15.507 12.8737 0.4
      vertex 15.9076 12.8801 0.4
      vertex 15.5219 12.7979 0.4
    endloop
  endfacet
  facet normal 0 0 -1
    outer loop
      vertex 15.4259 12.1957 0.4
      vertex 15.7309 11.9834 0.4
      vertex 15.6611 11.9274 0.4
    endloop
  endfacet
  facet normal -0 0 -1
    outer loop
      vertex 15.9076 12.8801 0.4
      vertex 15.507 12.8737 0.4
      vertex 15.8782 12.9928 0.4
    endloop
  endfacet
  facet normal 0 0 -1
    outer loop
      vertex 15.4259 12.1957 0.4
      vertex 15.6611 11.9274 0.4
      vertex 15.5819 11.8874 0.4
    endloop
  endfacet
  facet normal 0 0 -1
    outer loop
      vertex 15.4861 12.9391 0.4
      vertex 15.8782 12.9928 0.4
      vertex 15.507 12.8737 0.4
    endloop
  endfacet
  facet normal -0 0 -1
    outer loop
      vertex 15.8782 12.9928 0.4
      vertex 15.4861 12.9391 0.4
      vertex 15.837 13.0923 0.4
    endloop
  endfacet
  facet normal -0 0 -1
    outer loop
      vertex 15.9256 12.4775 0.4
      vertex 15.5218 12.4352 0.4
      vertex 15.5338 12.6149 0.4
    endloop
  endfacet
  facet normal 0 0 -1
    outer loop
      vertex 15.4259 12.1957 0.4
      vertex 15.5819 11.8874 0.4
      vertex 15.4933 11.8634 0.4
    endloop
  endfacet
  facet normal 0 0 -1
    outer loop
      vertex 15.8809 12.241 0.4
      vertex 15.4859 12.2955 0.4
      vertex 15.5218 12.4352 0.4
    endloop
  endfacet
  facet normal 0 0 -1
    outer loop
      vertex 15.7915 12.0554 0.4
      vertex 15.4259 12.1957 0.4
      vertex 15.4859 12.2955 0.4
    endloop
  endfacet
  facet normal 0 0 -1
    outer loop
      vertex 15.342 12.1357 0.4
      vertex 15.4933 11.8634 0.4
      vertex 15.3955 11.8554 0.4
    endloop
  endfacet
  facet normal 0 0 -1
    outer loop
      vertex 15.4933 11.8634 0.4
      vertex 15.342 12.1357 0.4
      vertex 15.4259 12.1957 0.4
    endloop
  endfacet
  facet normal 0 0 -1
    outer loop
      vertex 15.266 11.866 0.4
      vertex 15.342 12.1357 0.4
      vertex 15.3955 11.8554 0.4
    endloop
  endfacet
  facet normal 0 0 -1
    outer loop
      vertex 15.266 11.866 0.4
      vertex 15.2341 12.1158 0.4
      vertex 15.342 12.1357 0.4
    endloop
  endfacet
  facet normal 0 0 -1
    outer loop
      vertex 15.1544 11.8979 0.4
      vertex 15.2341 12.1158 0.4
      vertex 15.266 11.866 0.4
    endloop
  endfacet
  facet normal -0 0 -1
    outer loop
      vertex 15.2341 12.1158 0.4
      vertex 15.1544 11.8979 0.4
      vertex 15.1766 12.1211 0.4
    endloop
  endfacet
  facet normal 0 0 -1
    outer loop
      vertex 15.0605 11.9511 0.4
      vertex 15.1766 12.1211 0.4
      vertex 15.1544 11.8979 0.4
    endloop
  endfacet
  facet normal -0 0 -1
    outer loop
      vertex 15.1766 12.1211 0.4
      vertex 15.0605 11.9511 0.4
      vertex 15.1245 12.1369 0.4
    endloop
  endfacet
  facet normal 0 0 -1
    outer loop
      vertex 14.9845 12.0255 0.4
      vertex 15.1245 12.1369 0.4
      vertex 15.0605 11.9511 0.4
    endloop
  endfacet
  facet normal -0 0 -1
    outer loop
      vertex 15.1245 12.1369 0.4
      vertex 14.9845 12.0255 0.4
      vertex 15.0778 12.1634 0.4
    endloop
  endfacet
  facet normal 0 0 -1
    outer loop
      vertex 14.9262 12.1212 0.4
      vertex 15.0778 12.1634 0.4
      vertex 14.9845 12.0255 0.4
    endloop
  endfacet
  facet normal -0 0 -1
    outer loop
      vertex 15.0778 12.1634 0.4
      vertex 14.9262 12.1212 0.4
      vertex 15.0366 12.2004 0.4
    endloop
  endfacet
  facet normal -0 0 -1
    outer loop
      vertex 15.0366 12.2004 0.4
      vertex 14.9262 12.1212 0.4
      vertex 15.0008 12.248 0.4
    endloop
  endfacet
  facet normal 0 0 -1
    outer loop
      vertex 14.9208 12.1212 0.4
      vertex 15.0008 12.248 0.4
      vertex 14.9262 12.1212 0.4
    endloop
  endfacet
  facet normal -0 0 -1
    outer loop
      vertex 15.0008 12.248 0.4
      vertex 14.9208 12.1212 0.4
      vertex 14.971 12.3054 0.4
    endloop
  endfacet
  facet normal -0 0 -1
    outer loop
      vertex 14.971 12.3054 0.4
      vertex 14.9208 12.1212 0.4
      vertex 14.9478 12.3717 0.4
    endloop
  endfacet
  facet normal 0 0 -1
    outer loop
      vertex 14.5424 12.2026 0.4
      vertex 14.9478 12.3717 0.4
      vertex 14.9208 12.1212 0.4
    endloop
  endfacet
  facet normal -0 0 -1
    outer loop
      vertex 14.9478 12.3717 0.4
      vertex 14.5424 12.2026 0.4
      vertex 14.9313 12.447 0.4
    endloop
  endfacet
  facet normal 0 0 -1
    outer loop
      vertex 14.5419 12.1464 0.4
      vertex 14.9208 12.1212 0.4
      vertex 14.9205 12.0984 0.4
    endloop
  endfacet
  facet normal 0 0 -1
    outer loop
      vertex 14.5407 12.0863 0.4
      vertex 14.9205 12.0984 0.4
      vertex 14.9196 12.0734 0.4
    endloop
  endfacet
  facet normal 0 0 -1
    outer loop
      vertex 14.5407 12.0863 0.4
      vertex 14.9196 12.0734 0.4
      vertex 14.9181 12.0461 0.4
    endloop
  endfacet
  facet normal -0 0 -1
    outer loop
      vertex 14.9313 12.447 0.4
      vertex 14.5424 12.2026 0.4
      vertex 14.9214 12.5312 0.4
    endloop
  endfacet
  facet normal 0 0 -1
    outer loop
      vertex 14.5385 12.0223 0.4
      vertex 14.9181 12.0461 0.4
      vertex 14.916 12.0166 0.4
    endloop
  endfacet
  facet normal -0 0 -1
    outer loop
      vertex 15.837 13.0923 0.4
      vertex 15.4861 12.9391 0.4
      vertex 15.784 13.1784 0.4
    endloop
  endfacet
  facet normal 0 0 -1
    outer loop
      vertex 15.4592 12.9939 0.4
      vertex 15.784 13.1784 0.4
      vertex 15.4861 12.9391 0.4
    endloop
  endfacet
  facet normal -0 0 -1
    outer loop
      vertex 15.784 13.1784 0.4
      vertex 15.4592 12.9939 0.4
      vertex 15.7203 13.2499 0.4
    endloop
  endfacet
  facet normal 0 0 -1
    outer loop
      vertex 15.4262 13.0386 0.4
      vertex 15.7203 13.2499 0.4
      vertex 15.4592 12.9939 0.4
    endloop
  endfacet
  facet normal -0 0 -1
    outer loop
      vertex 15.7203 13.2499 0.4
      vertex 15.4262 13.0386 0.4
      vertex 15.6467 13.3055 0.4
    endloop
  endfacet
  facet normal -0 0 -1
    outer loop
      vertex 15.6467 13.3055 0.4
      vertex 15.4262 13.0386 0.4
      vertex 15.5633 13.3453 0.4
    endloop
  endfacet
  facet normal 0 0 -1
    outer loop
      vertex 15.387 13.0734 0.4
      vertex 15.5633 13.3453 0.4
      vertex 15.4262 13.0386 0.4
    endloop
  endfacet
  facet normal -0 0 -1
    outer loop
      vertex 15.5633 13.3453 0.4
      vertex 15.387 13.0734 0.4
      vertex 15.47 13.3691 0.4
    endloop
  endfacet
  facet normal 0 0 -1
    outer loop
      vertex 15.3414 13.0982 0.4
      vertex 15.47 13.3691 0.4
      vertex 15.387 13.0734 0.4
    endloop
  endfacet
  facet normal -0 0 -1
    outer loop
      vertex 15.47 13.3691 0.4
      vertex 15.3414 13.0982 0.4
      vertex 15.367 13.3771 0.4
    endloop
  endfacet
  facet normal 0 0 -1
    outer loop
      vertex 15.2895 13.1131 0.4
      vertex 15.367 13.3771 0.4
      vertex 15.3414 13.0982 0.4
    endloop
  endfacet
  facet normal 0 0 -1
    outer loop
      vertex 15.367 13.3771 0.4
      vertex 15.2895 13.1131 0.4
      vertex 15.3063 13.3745 0.4
    endloop
  endfacet
  facet normal 0 0 -1
    outer loop
      vertex 15.2895 13.1131 0.4
      vertex 15.249 13.3667 0.4
      vertex 15.3063 13.3745 0.4
    endloop
  endfacet
  facet normal 0 0 -1
    outer loop
      vertex 15.2314 13.118 0.4
      vertex 15.249 13.3667 0.4
      vertex 15.2895 13.1131 0.4
    endloop
  endfacet
  facet normal 0 0 -1
    outer loop
      vertex 15.2314 13.118 0.4
      vertex 15.1952 13.3536 0.4
      vertex 15.249 13.3667 0.4
    endloop
  endfacet
  facet normal 0 0 -1
    outer loop
      vertex 15.1448 13.3354 0.4
      vertex 15.2314 13.118 0.4
      vertex 15.1725 13.1129 0.4
    endloop
  endfacet
  facet normal 0 0 -1
    outer loop
      vertex 15.2314 13.118 0.4
      vertex 15.1448 13.3354 0.4
      vertex 15.1952 13.3536 0.4
    endloop
  endfacet
  facet normal 0 0 -1
    outer loop
      vertex 15.0546 13.2834 0.4
      vertex 15.1725 13.1129 0.4
      vertex 15.1197 13.0975 0.4
    endloop
  endfacet
  facet normal 0 0 -1
    outer loop
      vertex 15.1725 13.1129 0.4
      vertex 15.0978 13.312 0.4
      vertex 15.1448 13.3354 0.4
    endloop
  endfacet
  facet normal 0 0 -1
    outer loop
      vertex 14.9807 13.2109 0.4
      vertex 15.1197 13.0975 0.4
      vertex 15.0729 13.0719 0.4
    endloop
  endfacet
  facet normal 0 0 -1
    outer loop
      vertex 15.1725 13.1129 0.4
      vertex 15.0546 13.2834 0.4
      vertex 15.0978 13.312 0.4
    endloop
  endfacet
  facet normal 0 0 -1
    outer loop
      vertex 14.95 13.167 0.4
      vertex 15.0729 13.0719 0.4
      vertex 15.0322 13.036 0.4
    endloop
  endfacet
  facet normal 0 0 -1
    outer loop
      vertex 15.1197 13.0975 0.4
      vertex 15.0155 13.2497 0.4
      vertex 15.0546 13.2834 0.4
    endloop
  endfacet
  facet normal 0 0 -1
    outer loop
      vertex 14.9235 13.118 0.4
      vertex 15.0322 13.036 0.4
      vertex 14.9974 12.9899 0.4
    endloop
  endfacet
  facet normal 0 0 -1
    outer loop
      vertex 15.1197 13.0975 0.4
      vertex 14.9807 13.2109 0.4
      vertex 15.0155 13.2497 0.4
    endloop
  endfacet
  facet normal 0 0 -1
    outer loop
      vertex 14.9208 13.118 0.4
      vertex 14.9974 12.9899 0.4
      vertex 14.9688 12.9342 0.4
    endloop
  endfacet
  facet normal 0 0 -1
    outer loop
      vertex 15.0729 13.0719 0.4
      vertex 14.95 13.167 0.4
      vertex 14.9807 13.2109 0.4
    endloop
  endfacet
  facet normal 0 0 -1
    outer loop
      vertex 14.9208 13.118 0.4
      vertex 14.9688 12.9342 0.4
      vertex 14.9466 12.8699 0.4
    endloop
  endfacet
  facet normal 0 0 -1
    outer loop
      vertex 14.9208 13.118 0.4
      vertex 14.9466 12.8699 0.4
      vertex 14.9308 12.7968 0.4
    endloop
  endfacet
  facet normal 0 0 -1
    outer loop
      vertex 15.0322 13.036 0.4
      vertex 14.9235 13.118 0.4
      vertex 14.95 13.167 0.4
    endloop
  endfacet
  facet normal 0 0 -1
    outer loop
      vertex 14.5424 12.2026 0.4
      vertex 14.9308 12.7968 0.4
      vertex 14.9212 12.7149 0.4
    endloop
  endfacet
  facet normal 0 0 -1
    outer loop
      vertex 14.9974 12.9899 0.4
      vertex 14.9208 13.118 0.4
      vertex 14.9235 13.118 0.4
    endloop
  endfacet
  facet normal 0 0 -1
    outer loop
      vertex 14.5424 12.2026 0.4
      vertex 14.9212 12.7149 0.4
      vertex 14.9181 12.6244 0.4
    endloop
  endfacet
  facet normal 0 0 -1
    outer loop
      vertex 14.5424 13.8952 0.4
      vertex 14.9235 13.3595 0.4
      vertex 14.9208 13.118 0.4
    endloop
  endfacet
  facet normal -0 0 -1
    outer loop
      vertex 14.9308 12.7968 0.4
      vertex 14.5424 12.2026 0.4
      vertex 14.9208 13.118 0.4
    endloop
  endfacet
  facet normal 0 0 -1
    outer loop
      vertex 14.5385 12.0223 0.4
      vertex 14.916 12.0166 0.4
      vertex 14.9133 11.9849 0.4
    endloop
  endfacet
  facet normal -0 0 -1
    outer loop
      vertex 14.9214 12.5312 0.4
      vertex 14.5424 12.2026 0.4
      vertex 14.9181 12.6244 0.4
    endloop
  endfacet
  facet normal 0 0 -1
    outer loop
      vertex 14.5385 12.0223 0.4
      vertex 14.9133 11.9849 0.4
      vertex 14.9104 11.9545 0.4
    endloop
  endfacet
  facet normal 0 0 -1
    outer loop
      vertex 14.5354 11.9543 0.4
      vertex 14.9104 11.9545 0.4
      vertex 14.9077 11.9291 0.4
    endloop
  endfacet
  facet normal 0 0 -1
    outer loop
      vertex 14.5354 11.9543 0.4
      vertex 14.9077 11.9291 0.4
      vertex 14.9051 11.9086 0.4
    endloop
  endfacet
  facet normal 0 0 -1
    outer loop
      vertex 14.5354 11.9543 0.4
      vertex 14.9051 11.9086 0.4
      vertex 14.9027 11.8931 0.4
    endloop
  endfacet
  facet normal 0 0 -1
    outer loop
      vertex 14.5354 11.9543 0.4
      vertex 14.9027 11.8931 0.4
      vertex 14.9004 11.8825 0.4
    endloop
  endfacet
  facet normal -0 0 -1
    outer loop
      vertex 14.9208 13.118 0.4
      vertex 14.5424 12.2026 0.4
      vertex 14.5424 13.8952 0.4
    endloop
  endfacet
  facet normal 0 0 -1
    outer loop
      vertex 14.9235 13.3595 0.4
      vertex 14.5424 13.8952 0.4
      vertex 14.9235 13.8952 0.4
    endloop
  endfacet
  facet normal 0 0 -1
    outer loop
      vertex 14.9208 12.1212 0.4
      vertex 14.5419 12.1464 0.4
      vertex 14.5424 12.2026 0.4
    endloop
  endfacet
  facet normal -0 0 -1
    outer loop
      vertex 14.9205 12.0984 0.4
      vertex 14.5407 12.0863 0.4
      vertex 14.5419 12.1464 0.4
    endloop
  endfacet
  facet normal -0 0 -1
    outer loop
      vertex 14.9181 12.0461 0.4
      vertex 14.5385 12.0223 0.4
      vertex 14.5407 12.0863 0.4
    endloop
  endfacet
  facet normal -0 0 -1
    outer loop
      vertex 14.9104 11.9545 0.4
      vertex 14.5354 11.9543 0.4
      vertex 14.5385 12.0223 0.4
    endloop
  endfacet
  facet normal 0 -0 -1
    outer loop
      vertex 14.5354 11.9543 0.4
      vertex 14.9004 11.8825 0.4
      vertex 14.5315 11.8825 0.4
    endloop
  endfacet
  facet normal 0 0 -1
    outer loop
      vertex 4.78965 12.1958 0.4
      vertex 5.2399 12.147 0.4
      vertex 5.2399 11.8825 0.4
    endloop
  endfacet
  facet normal 0 0 -1
    outer loop
      vertex 5.2399 12.147 0.4
      vertex 4.78965 12.1958 0.4
      vertex 5.20754 12.2123 0.4
    endloop
  endfacet
  facet normal -0 0 -1
    outer loop
      vertex 5.20754 12.2123 0.4
      vertex 4.78965 12.1958 0.4
      vertex 5.17014 12.277 0.4
    endloop
  endfacet
  facet normal -0 0 -1
    outer loop
      vertex 5.17014 12.277 0.4
      vertex 4.78965 12.1958 0.4
      vertex 5.12769 12.341 0.4
    endloop
  endfacet
  facet normal -0 0 -1
    outer loop
      vertex 5.12769 12.341 0.4
      vertex 4.78965 12.1958 0.4
      vertex 5.0802 12.4043 0.4
    endloop
  endfacet
  facet normal 0 0 -1
    outer loop
      vertex 4.77285 12.2306 0.4
      vertex 5.0802 12.4043 0.4
      vertex 4.78965 12.1958 0.4
    endloop
  endfacet
  facet normal -0 0 -1
    outer loop
      vertex 5.0802 12.4043 0.4
      vertex 4.77285 12.2306 0.4
      vertex 5.02765 12.467 0.4
    endloop
  endfacet
  facet normal 0 0 -1
    outer loop
      vertex 4.75286 12.2646 0.4
      vertex 5.02765 12.467 0.4
      vertex 4.77285 12.2306 0.4
    endloop
  endfacet
  facet normal 0 0 -1
    outer loop
      vertex 4.72966 12.2977 0.4
      vertex 5.02765 12.467 0.4
      vertex 4.75286 12.2646 0.4
    endloop
  endfacet
  facet normal 0 0 -1
    outer loop
      vertex 3.90264 11.8825 0.4
      vertex 4.78965 12.1958 0.4
      vertex 5.2399 11.8825 0.4
    endloop
  endfacet
  facet normal -0 0 -1
    outer loop
      vertex 4.78965 12.1958 0.4
      vertex 3.90264 11.8825 0.4
      vertex 3.90264 12.1958 0.4
    endloop
  endfacet
  facet normal -0 0 -1
    outer loop
      vertex 5.02765 12.467 0.4
      vertex 4.72966 12.2977 0.4
      vertex 4.96974 12.53 0.4
    endloop
  endfacet
  facet normal 0 0 -1
    outer loop
      vertex 4.70327 12.3299 0.4
      vertex 4.96974 12.53 0.4
      vertex 4.72966 12.2977 0.4
    endloop
  endfacet
  facet normal -0 0 -1
    outer loop
      vertex 4.96974 12.53 0.4
      vertex 4.70327 12.3299 0.4
      vertex 4.90615 12.594 0.4
    endloop
  endfacet
  facet normal 0 0 -1
    outer loop
      vertex 4.67368 12.3613 0.4
      vertex 4.90615 12.594 0.4
      vertex 4.70327 12.3299 0.4
    endloop
  endfacet
  facet normal 0 0 -1
    outer loop
      vertex 4.6418 12.3921 0.4
      vertex 4.90615 12.594 0.4
      vertex 4.67368 12.3613 0.4
    endloop
  endfacet
  facet normal -0 0 -1
    outer loop
      vertex 4.90615 12.594 0.4
      vertex 4.6418 12.3921 0.4
      vertex 4.83684 12.6591 0.4
    endloop
  endfacet
  facet normal 0 0 -1
    outer loop
      vertex 4.60857 12.4229 0.4
      vertex 4.83684 12.6591 0.4
      vertex 4.6418 12.3921 0.4
    endloop
  endfacet
  facet normal 0 0 -1
    outer loop
      vertex 4.57399 12.4535 0.4
      vertex 4.83684 12.6591 0.4
      vertex 4.60857 12.4229 0.4
    endloop
  endfacet
  facet normal -0 0 -1
    outer loop
      vertex 4.83684 12.6591 0.4
      vertex 4.57399 12.4535 0.4
      vertex 4.76183 12.7253 0.4
    endloop
  endfacet
  facet normal 0 0 -1
    outer loop
      vertex 4.53804 12.4841 0.4
      vertex 4.76183 12.7253 0.4
      vertex 4.57399 12.4535 0.4
    endloop
  endfacet
  facet normal 0 0 -1
    outer loop
      vertex 4.50077 12.5145 0.4
      vertex 4.76183 12.7253 0.4
      vertex 4.53804 12.4841 0.4
    endloop
  endfacet
  facet normal -0 0 -1
    outer loop
      vertex 4.76183 12.7253 0.4
      vertex 4.50077 12.5145 0.4
      vertex 4.68114 12.7925 0.4
    endloop
  endfacet
  facet normal 0 0 -1
    outer loop
      vertex 4.42383 12.5759 0.4
      vertex 4.68114 12.7925 0.4
      vertex 4.50077 12.5145 0.4
    endloop
  endfacet
  facet normal -0 0 -1
    outer loop
      vertex 4.68114 12.7925 0.4
      vertex 4.42383 12.5759 0.4
      vertex 4.60564 12.8553 0.4
    endloop
  endfacet
  facet normal 0 0 -1
    outer loop
      vertex 4.34496 12.6386 0.4
      vertex 4.60564 12.8553 0.4
      vertex 4.42383 12.5759 0.4
    endloop
  endfacet
  facet normal -0 0 -1
    outer loop
      vertex 4.60564 12.8553 0.4
      vertex 4.34496 12.6386 0.4
      vertex 4.53975 12.9136 0.4
    endloop
  endfacet
  facet normal 0 0 -1
    outer loop
      vertex 4.30478 12.6705 0.4
      vertex 4.53975 12.9136 0.4
      vertex 4.34496 12.6386 0.4
    endloop
  endfacet
  facet normal -0 0 -1
    outer loop
      vertex 4.53975 12.9136 0.4
      vertex 4.30478 12.6705 0.4
      vertex 4.48348 12.9673 0.4
    endloop
  endfacet
  facet normal 0 0 -1
    outer loop
      vertex 4.26509 12.7029 0.4
      vertex 4.48348 12.9673 0.4
      vertex 4.30478 12.6705 0.4
    endloop
  endfacet
  facet normal 0 0 -1
    outer loop
      vertex 4.22687 12.7363 0.4
      vertex 4.48348 12.9673 0.4
      vertex 4.26509 12.7029 0.4
    endloop
  endfacet
  facet normal -0 0 -1
    outer loop
      vertex 4.48348 12.9673 0.4
      vertex 4.22687 12.7363 0.4
      vertex 4.43679 13.0165 0.4
    endloop
  endfacet
  facet normal 0 0 -1
    outer loop
      vertex 4.19011 12.7706 0.4
      vertex 4.43679 13.0165 0.4
      vertex 4.22687 12.7363 0.4
    endloop
  endfacet
  facet normal 0 0 -1
    outer loop
      vertex 4.15483 12.8059 0.4
      vertex 4.43679 13.0165 0.4
      vertex 4.19011 12.7706 0.4
    endloop
  endfacet
  facet normal -0 0 -1
    outer loop
      vertex 4.43679 13.0165 0.4
      vertex 4.15483 12.8059 0.4
      vertex 4.39972 13.0611 0.4
    endloop
  endfacet
  facet normal 0 0 -1
    outer loop
      vertex 4.12101 12.842 0.4
      vertex 4.39972 13.0611 0.4
      vertex 4.15483 12.8059 0.4
    endloop
  endfacet
  facet normal 0 0 -1
    outer loop
      vertex 4.83982 13.255 0.4
      vertex 5.20526 13.378 0.4
      vertex 5.22364 13.2767 0.4
    endloop
  endfacet
  facet normal -0 0 -1
    outer loop
      vertex 5.20526 13.378 0.4
      vertex 4.8304 13.305 0.4
      vertex 5.17621 13.4692 0.4
    endloop
  endfacet
  facet normal 0 0 -1
    outer loop
      vertex 4.81736 13.3497 0.4
      vertex 5.17621 13.4692 0.4
      vertex 4.8304 13.305 0.4
    endloop
  endfacet
  facet normal 0 0 -1
    outer loop
      vertex 4.80066 13.3892 0.4
      vertex 5.13648 13.5503 0.4
      vertex 4.81736 13.3497 0.4
    endloop
  endfacet
  facet normal -0 0 -1
    outer loop
      vertex 5.13648 13.5503 0.4
      vertex 4.80066 13.3892 0.4
      vertex 5.08605 13.6213 0.4
    endloop
  endfacet
  facet normal -0 0 -1
    outer loop
      vertex 5.08605 13.6213 0.4
      vertex 4.78035 13.4234 0.4
      vertex 5.02494 13.6822 0.4
    endloop
  endfacet
  facet normal 0 0 -1
    outer loop
      vertex 5.20526 13.378 0.4
      vertex 4.83982 13.255 0.4
      vertex 4.8304 13.305 0.4
    endloop
  endfacet
  facet normal -0 0 -1
    outer loop
      vertex 5.17621 13.4692 0.4
      vertex 4.81736 13.3497 0.4
      vertex 5.13648 13.5503 0.4
    endloop
  endfacet
  facet normal 0 0 -1
    outer loop
      vertex 4.78035 13.4234 0.4
      vertex 5.08605 13.6213 0.4
      vertex 4.80066 13.3892 0.4
    endloop
  endfacet
  facet normal 0 0 -1
    outer loop
      vertex 4.7564 13.4523 0.4
      vertex 5.02494 13.6822 0.4
      vertex 4.78035 13.4234 0.4
    endloop
  endfacet
  facet normal -0 0 -1
    outer loop
      vertex 5.02494 13.6822 0.4
      vertex 4.7564 13.4523 0.4
      vertex 4.95368 13.7325 0.4
    endloop
  endfacet
  facet normal 0 0 -1
    outer loop
      vertex 4.72832 13.476 0.4
      vertex 4.95368 13.7325 0.4
      vertex 4.7564 13.4523 0.4
    endloop
  endfacet
  facet normal -0 0 -1
    outer loop
      vertex 4.95368 13.7325 0.4
      vertex 4.72832 13.476 0.4
      vertex 4.87282 13.7716 0.4
    endloop
  endfacet
  facet normal 0 0 -1
    outer loop
      vertex 4.69564 13.4944 0.4
      vertex 4.87282 13.7716 0.4
      vertex 4.72832 13.476 0.4
    endloop
  endfacet
  facet normal -0 0 -1
    outer loop
      vertex 4.87282 13.7716 0.4
      vertex 4.69564 13.4944 0.4
      vertex 4.78237 13.7996 0.4
    endloop
  endfacet
  facet normal 0 0 -1
    outer loop
      vertex 4.65834 13.5076 0.4
      vertex 4.78237 13.7996 0.4
      vertex 4.69564 13.4944 0.4
    endloop
  endfacet
  facet normal -0 0 -1
    outer loop
      vertex 4.78237 13.7996 0.4
      vertex 4.65834 13.5076 0.4
      vertex 4.6823 13.8163 0.4
    endloop
  endfacet
  facet normal 0 0 -1
    outer loop
      vertex 4.61644 13.5155 0.4
      vertex 4.6823 13.8163 0.4
      vertex 4.65834 13.5076 0.4
    endloop
  endfacet
  facet normal 0 0 -1
    outer loop
      vertex 4.61644 13.5155 0.4
      vertex 4.57263 13.8219 0.4
      vertex 4.6823 13.8163 0.4
    endloop
  endfacet
  facet normal 0 0 -1
    outer loop
      vertex 4.56992 13.5181 0.4
      vertex 4.57263 13.8219 0.4
      vertex 4.61644 13.5155 0.4
    endloop
  endfacet
  facet normal 0 0 -1
    outer loop
      vertex 4.4547 13.8163 0.4
      vertex 4.56992 13.5181 0.4
      vertex 4.4796 13.5082 0.4
    endloop
  endfacet
  facet normal 0 0 -1
    outer loop
      vertex 4.56992 13.5181 0.4
      vertex 4.4547 13.8163 0.4
      vertex 4.57263 13.8219 0.4
    endloop
  endfacet
  facet normal 0 0 -1
    outer loop
      vertex 4.34825 13.7994 0.4
      vertex 4.4796 13.5082 0.4
      vertex 4.40935 13.4782 0.4
    endloop
  endfacet
  facet normal 0 0 -1
    outer loop
      vertex 4.16988 13.7316 0.4
      vertex 4.40935 13.4782 0.4
      vertex 4.35916 13.4283 0.4
    endloop
  endfacet
  facet normal 0 0 -1
    outer loop
      vertex 4.4796 13.5082 0.4
      vertex 4.34825 13.7994 0.4
      vertex 4.4547 13.8163 0.4
    endloop
  endfacet
  facet normal 0 0 -1
    outer loop
      vertex 3.99204 13.5498 0.4
      vertex 4.35916 13.4283 0.4
      vertex 4.32906 13.3584 0.4
    endloop
  endfacet
  facet normal 0 0 -1
    outer loop
      vertex 3.93909 13.3823 0.4
      vertex 4.32906 13.3584 0.4
      vertex 4.31902 13.2686 0.4
    endloop
  endfacet
  facet normal 0 0 -1
    outer loop
      vertex 4.0891 12.8793 0.4
      vertex 4.39972 13.0611 0.4
      vertex 4.12101 12.842 0.4
    endloop
  endfacet
  facet normal -0 0 -1
    outer loop
      vertex 4.39972 13.0611 0.4
      vertex 4.0891 12.8793 0.4
      vertex 4.37067 13.1032 0.4
    endloop
  endfacet
  facet normal 0 0 -1
    outer loop
      vertex 4.05959 12.918 0.4
      vertex 4.37067 13.1032 0.4
      vertex 4.0891 12.8793 0.4
    endloop
  endfacet
  facet normal -0 0 -1
    outer loop
      vertex 4.37067 13.1032 0.4
      vertex 4.05959 12.918 0.4
      vertex 4.34807 13.1451 0.4
    endloop
  endfacet
  facet normal 0 0 -1
    outer loop
      vertex 4.03246 12.958 0.4
      vertex 4.34807 13.1451 0.4
      vertex 4.05959 12.918 0.4
    endloop
  endfacet
  facet normal 0 0 -1
    outer loop
      vertex 4.00772 12.9994 0.4
      vertex 4.34807 13.1451 0.4
      vertex 4.03246 12.958 0.4
    endloop
  endfacet
  facet normal -0 0 -1
    outer loop
      vertex 4.34807 13.1451 0.4
      vertex 4.00772 12.9994 0.4
      vertex 4.33193 13.1865 0.4
    endloop
  endfacet
  facet normal 0 0 -1
    outer loop
      vertex 3.98538 13.0421 0.4
      vertex 4.33193 13.1865 0.4
      vertex 4.00772 12.9994 0.4
    endloop
  endfacet
  facet normal 0 0 -1
    outer loop
      vertex 3.96634 13.0865 0.4
      vertex 4.33193 13.1865 0.4
      vertex 3.98538 13.0421 0.4
    endloop
  endfacet
  facet normal -0 0 -1
    outer loop
      vertex 4.33193 13.1865 0.4
      vertex 3.96634 13.0865 0.4
      vertex 4.32225 13.2277 0.4
    endloop
  endfacet
  facet normal 0 -0 -1
    outer loop
      vertex 3.93909 13.3823 0.4
      vertex 4.31902 13.2686 0.4
      vertex 3.93248 13.2849 0.4
    endloop
  endfacet
  facet normal 0 0 -1
    outer loop
      vertex 4.40935 13.4782 0.4
      vertex 4.25331 13.7712 0.4
      vertex 4.34825 13.7994 0.4
    endloop
  endfacet
  facet normal 0 0 -1
    outer loop
      vertex 4.32906 13.3584 0.4
      vertex 3.93909 13.3823 0.4
      vertex 3.95896 13.4706 0.4
    endloop
  endfacet
  facet normal 0 0 -1
    outer loop
      vertex 4.40935 13.4782 0.4
      vertex 4.16988 13.7316 0.4
      vertex 4.25331 13.7712 0.4
    endloop
  endfacet
  facet normal 0 0 -1
    outer loop
      vertex 4.35916 13.4283 0.4
      vertex 4.09793 13.6809 0.4
      vertex 4.16988 13.7316 0.4
    endloop
  endfacet
  facet normal 0 0 -1
    outer loop
      vertex 3.95153 13.133 0.4
      vertex 4.32225 13.2277 0.4
      vertex 3.96634 13.0865 0.4
    endloop
  endfacet
  facet normal 0 0 -1
    outer loop
      vertex 3.94094 13.1816 0.4
      vertex 4.32225 13.2277 0.4
      vertex 3.95153 13.133 0.4
    endloop
  endfacet
  facet normal 0 0 -1
    outer loop
      vertex 4.32906 13.3584 0.4
      vertex 3.95896 13.4706 0.4
      vertex 3.99204 13.5498 0.4
    endloop
  endfacet
  facet normal 0 0 -1
    outer loop
      vertex 3.93459 13.2322 0.4
      vertex 4.32225 13.2277 0.4
      vertex 3.94094 13.1816 0.4
    endloop
  endfacet
  facet normal 0 0 -1
    outer loop
      vertex 4.32225 13.2277 0.4
      vertex 3.93459 13.2322 0.4
      vertex 4.31902 13.2686 0.4
    endloop
  endfacet
  facet normal 0 0 -1
    outer loop
      vertex 4.35916 13.4283 0.4
      vertex 3.99204 13.5498 0.4
      vertex 4.03838 13.6199 0.4
    endloop
  endfacet
  facet normal -0 0 -1
    outer loop
      vertex 4.31902 13.2686 0.4
      vertex 3.93459 13.2322 0.4
      vertex 3.93248 13.2849 0.4
    endloop
  endfacet
  facet normal 0 0 -1
    outer loop
      vertex 4.35916 13.4283 0.4
      vertex 4.03838 13.6199 0.4
      vertex 4.09793 13.6809 0.4
    endloop
  endfacet
  facet normal 0 0 -1
    outer loop
      vertex 7.80695 12.1958 0.4
      vertex 8.25721 12.147 0.4
      vertex 8.25721 11.8825 0.4
    endloop
  endfacet
  facet normal 0 0 -1
    outer loop
      vertex 8.25721 12.147 0.4
      vertex 7.80695 12.1958 0.4
      vertex 8.22484 12.2123 0.4
    endloop
  endfacet
  facet normal -0 0 -1
    outer loop
      vertex 8.22484 12.2123 0.4
      vertex 7.80695 12.1958 0.4
      vertex 8.18744 12.277 0.4
    endloop
  endfacet
  facet normal -0 0 -1
    outer loop
      vertex 8.18744 12.277 0.4
      vertex 7.80695 12.1958 0.4
      vertex 8.14499 12.341 0.4
    endloop
  endfacet
  facet normal -0 0 -1
    outer loop
      vertex 8.14499 12.341 0.4
      vertex 7.80695 12.1958 0.4
      vertex 8.09751 12.4043 0.4
    endloop
  endfacet
  facet normal 0 0 -1
    outer loop
      vertex 7.79015 12.2306 0.4
      vertex 8.09751 12.4043 0.4
      vertex 7.80695 12.1958 0.4
    endloop
  endfacet
  facet normal -0 0 -1
    outer loop
      vertex 8.09751 12.4043 0.4
      vertex 7.79015 12.2306 0.4
      vertex 8.04497 12.467 0.4
    endloop
  endfacet
  facet normal 0 0 -1
    outer loop
      vertex 7.77016 12.2646 0.4
      vertex 8.04497 12.467 0.4
      vertex 7.79015 12.2306 0.4
    endloop
  endfacet
  facet normal 0 0 -1
    outer loop
      vertex 7.74697 12.2977 0.4
      vertex 8.04497 12.467 0.4
      vertex 7.77016 12.2646 0.4
    endloop
  endfacet
  facet normal 0 0 -1
    outer loop
      vertex 6.91994 11.8825 0.4
      vertex 7.80695 12.1958 0.4
      vertex 8.25721 11.8825 0.4
    endloop
  endfacet
  facet normal -0 0 -1
    outer loop
      vertex 7.80695 12.1958 0.4
      vertex 6.91994 11.8825 0.4
      vertex 6.91994 12.1958 0.4
    endloop
  endfacet
  facet normal -0 0 -1
    outer loop
      vertex 8.04497 12.467 0.4
      vertex 7.74697 12.2977 0.4
      vertex 7.98705 12.53 0.4
    endloop
  endfacet
  facet normal 0 0 -1
    outer loop
      vertex 7.72057 12.3299 0.4
      vertex 7.98705 12.53 0.4
      vertex 7.74697 12.2977 0.4
    endloop
  endfacet
  facet normal -0 0 -1
    outer loop
      vertex 7.98705 12.53 0.4
      vertex 7.72057 12.3299 0.4
      vertex 7.92345 12.594 0.4
    endloop
  endfacet
  facet normal 0 0 -1
    outer loop
      vertex 7.69098 12.3613 0.4
      vertex 7.92345 12.594 0.4
      vertex 7.72057 12.3299 0.4
    endloop
  endfacet
  facet normal 0 0 -1
    outer loop
      vertex 7.65911 12.3921 0.4
      vertex 7.92345 12.594 0.4
      vertex 7.69098 12.3613 0.4
    endloop
  endfacet
  facet normal -0 0 -1
    outer loop
      vertex 7.92345 12.594 0.4
      vertex 7.65911 12.3921 0.4
      vertex 7.85414 12.6591 0.4
    endloop
  endfacet
  facet normal 0 0 -1
    outer loop
      vertex 7.62587 12.4229 0.4
      vertex 7.85414 12.6591 0.4
      vertex 7.65911 12.3921 0.4
    endloop
  endfacet
  facet normal 0 0 -1
    outer loop
      vertex 7.5913 12.4535 0.4
      vertex 7.85414 12.6591 0.4
      vertex 7.62587 12.4229 0.4
    endloop
  endfacet
  facet normal -0 0 -1
    outer loop
      vertex 7.85414 12.6591 0.4
      vertex 7.5913 12.4535 0.4
      vertex 7.77915 12.7253 0.4
    endloop
  endfacet
  facet normal 0 0 -1
    outer loop
      vertex 7.55536 12.4841 0.4
      vertex 7.77915 12.7253 0.4
      vertex 7.5913 12.4535 0.4
    endloop
  endfacet
  facet normal 0 0 -1
    outer loop
      vertex 7.51807 12.5145 0.4
      vertex 7.77915 12.7253 0.4
      vertex 7.55536 12.4841 0.4
    endloop
  endfacet
  facet normal -0 0 -1
    outer loop
      vertex 7.77915 12.7253 0.4
      vertex 7.51807 12.5145 0.4
      vertex 7.69844 12.7925 0.4
    endloop
  endfacet
  facet normal 0 0 -1
    outer loop
      vertex 7.44113 12.5759 0.4
      vertex 7.69844 12.7925 0.4
      vertex 7.51807 12.5145 0.4
    endloop
  endfacet
  facet normal -0 0 -1
    outer loop
      vertex 7.69844 12.7925 0.4
      vertex 7.44113 12.5759 0.4
      vertex 7.62294 12.8553 0.4
    endloop
  endfacet
  facet normal 0 0 -1
    outer loop
      vertex 7.36226 12.6386 0.4
      vertex 7.62294 12.8553 0.4
      vertex 7.44113 12.5759 0.4
    endloop
  endfacet
  facet normal -0 0 -1
    outer loop
      vertex 7.62294 12.8553 0.4
      vertex 7.36226 12.6386 0.4
      vertex 7.55706 12.9136 0.4
    endloop
  endfacet
  facet normal 0 0 -1
    outer loop
      vertex 7.32209 12.6705 0.4
      vertex 7.55706 12.9136 0.4
      vertex 7.36226 12.6386 0.4
    endloop
  endfacet
  facet normal -0 0 -1
    outer loop
      vertex 7.55706 12.9136 0.4
      vertex 7.32209 12.6705 0.4
      vertex 7.50078 12.9673 0.4
    endloop
  endfacet
  facet normal 0 0 -1
    outer loop
      vertex 7.2824 12.7029 0.4
      vertex 7.50078 12.9673 0.4
      vertex 7.32209 12.6705 0.4
    endloop
  endfacet
  facet normal 0 0 -1
    outer loop
      vertex 7.24417 12.7363 0.4
      vertex 7.50078 12.9673 0.4
      vertex 7.2824 12.7029 0.4
    endloop
  endfacet
  facet normal -0 0 -1
    outer loop
      vertex 7.50078 12.9673 0.4
      vertex 7.24417 12.7363 0.4
      vertex 7.4541 13.0165 0.4
    endloop
  endfacet
  facet normal 0 0 -1
    outer loop
      vertex 7.20743 12.7706 0.4
      vertex 7.4541 13.0165 0.4
      vertex 7.24417 12.7363 0.4
    endloop
  endfacet
  facet normal 0 0 -1
    outer loop
      vertex 7.17214 12.8059 0.4
      vertex 7.4541 13.0165 0.4
      vertex 7.20743 12.7706 0.4
    endloop
  endfacet
  facet normal -0 0 -1
    outer loop
      vertex 7.4541 13.0165 0.4
      vertex 7.17214 12.8059 0.4
      vertex 7.41703 13.0611 0.4
    endloop
  endfacet
  facet normal 0 0 -1
    outer loop
      vertex 7.13831 12.842 0.4
      vertex 7.41703 13.0611 0.4
      vertex 7.17214 12.8059 0.4
    endloop
  endfacet
  facet normal 0 0 -1
    outer loop
      vertex 7.85712 13.255 0.4
      vertex 8.22258 13.378 0.4
      vertex 8.24094 13.2767 0.4
    endloop
  endfacet
  facet normal -0 0 -1
    outer loop
      vertex 8.22258 13.378 0.4
      vertex 7.8477 13.305 0.4
      vertex 8.19353 13.4692 0.4
    endloop
  endfacet
  facet normal 0 0 -1
    outer loop
      vertex 7.83466 13.3497 0.4
      vertex 8.19353 13.4692 0.4
      vertex 7.8477 13.305 0.4
    endloop
  endfacet
  facet normal 0 0 -1
    outer loop
      vertex 7.81797 13.3892 0.4
      vertex 8.15378 13.5503 0.4
      vertex 7.83466 13.3497 0.4
    endloop
  endfacet
  facet normal -0 0 -1
    outer loop
      vertex 8.15378 13.5503 0.4
      vertex 7.81797 13.3892 0.4
      vertex 8.10335 13.6213 0.4
    endloop
  endfacet
  facet normal -0 0 -1
    outer loop
      vertex 8.10335 13.6213 0.4
      vertex 7.79766 13.4234 0.4
      vertex 8.04224 13.6822 0.4
    endloop
  endfacet
  facet normal 0 0 -1
    outer loop
      vertex 8.22258 13.378 0.4
      vertex 7.85712 13.255 0.4
      vertex 7.8477 13.305 0.4
    endloop
  endfacet
  facet normal -0 0 -1
    outer loop
      vertex 8.19353 13.4692 0.4
      vertex 7.83466 13.3497 0.4
      vertex 8.15378 13.5503 0.4
    endloop
  endfacet
  facet normal 0 0 -1
    outer loop
      vertex 7.79766 13.4234 0.4
      vertex 8.10335 13.6213 0.4
      vertex 7.81797 13.3892 0.4
    endloop
  endfacet
  facet normal 0 0 -1
    outer loop
      vertex 7.7737 13.4523 0.4
      vertex 8.04224 13.6822 0.4
      vertex 7.79766 13.4234 0.4
    endloop
  endfacet
  facet normal -0 0 -1
    outer loop
      vertex 8.04224 13.6822 0.4
      vertex 7.7737 13.4523 0.4
      vertex 7.97098 13.7325 0.4
    endloop
  endfacet
  facet normal 0 0 -1
    outer loop
      vertex 7.74562 13.476 0.4
      vertex 7.97098 13.7325 0.4
      vertex 7.7737 13.4523 0.4
    endloop
  endfacet
  facet normal -0 0 -1
    outer loop
      vertex 7.97098 13.7325 0.4
      vertex 7.74562 13.476 0.4
      vertex 7.89012 13.7716 0.4
    endloop
  endfacet
  facet normal 0 0 -1
    outer loop
      vertex 7.71294 13.4944 0.4
      vertex 7.89012 13.7716 0.4
      vertex 7.74562 13.476 0.4
    endloop
  endfacet
  facet normal -0 0 -1
    outer loop
      vertex 7.89012 13.7716 0.4
      vertex 7.71294 13.4944 0.4
      vertex 7.79967 13.7996 0.4
    endloop
  endfacet
  facet normal 0 0 -1
    outer loop
      vertex 7.67565 13.5076 0.4
      vertex 7.79967 13.7996 0.4
      vertex 7.71294 13.4944 0.4
    endloop
  endfacet
  facet normal -0 0 -1
    outer loop
      vertex 7.79967 13.7996 0.4
      vertex 7.67565 13.5076 0.4
      vertex 7.6996 13.8163 0.4
    endloop
  endfacet
  facet normal 0 0 -1
    outer loop
      vertex 7.63375 13.5155 0.4
      vertex 7.6996 13.8163 0.4
      vertex 7.67565 13.5076 0.4
    endloop
  endfacet
  facet normal 0 0 -1
    outer loop
      vertex 7.63375 13.5155 0.4
      vertex 7.58994 13.8219 0.4
      vertex 7.6996 13.8163 0.4
    endloop
  endfacet
  facet normal 0 0 -1
    outer loop
      vertex 7.58722 13.5181 0.4
      vertex 7.58994 13.8219 0.4
      vertex 7.63375 13.5155 0.4
    endloop
  endfacet
  facet normal 0 0 -1
    outer loop
      vertex 7.472 13.8163 0.4
      vertex 7.58722 13.5181 0.4
      vertex 7.49691 13.5082 0.4
    endloop
  endfacet
  facet normal 0 0 -1
    outer loop
      vertex 7.58722 13.5181 0.4
      vertex 7.472 13.8163 0.4
      vertex 7.58994 13.8219 0.4
    endloop
  endfacet
  facet normal 0 0 -1
    outer loop
      vertex 7.36556 13.7994 0.4
      vertex 7.49691 13.5082 0.4
      vertex 7.42665 13.4782 0.4
    endloop
  endfacet
  facet normal 0 0 -1
    outer loop
      vertex 7.18718 13.7316 0.4
      vertex 7.42665 13.4782 0.4
      vertex 7.37647 13.4283 0.4
    endloop
  endfacet
  facet normal 0 0 -1
    outer loop
      vertex 7.49691 13.5082 0.4
      vertex 7.36556 13.7994 0.4
      vertex 7.472 13.8163 0.4
    endloop
  endfacet
  facet normal 0 0 -1
    outer loop
      vertex 7.00936 13.5498 0.4
      vertex 7.37647 13.4283 0.4
      vertex 7.34636 13.3584 0.4
    endloop
  endfacet
  facet normal 0 0 -1
    outer loop
      vertex 6.95641 13.3823 0.4
      vertex 7.34636 13.3584 0.4
      vertex 7.33632 13.2686 0.4
    endloop
  endfacet
  facet normal 0 0 -1
    outer loop
      vertex 7.1064 12.8793 0.4
      vertex 7.41703 13.0611 0.4
      vertex 7.13831 12.842 0.4
    endloop
  endfacet
  facet normal -0 0 -1
    outer loop
      vertex 7.41703 13.0611 0.4
      vertex 7.1064 12.8793 0.4
      vertex 7.38797 13.1032 0.4
    endloop
  endfacet
  facet normal 0 0 -1
    outer loop
      vertex 7.07689 12.918 0.4
      vertex 7.38797 13.1032 0.4
      vertex 7.1064 12.8793 0.4
    endloop
  endfacet
  facet normal -0 0 -1
    outer loop
      vertex 7.38797 13.1032 0.4
      vertex 7.07689 12.918 0.4
      vertex 7.36537 13.1451 0.4
    endloop
  endfacet
  facet normal 0 0 -1
    outer loop
      vertex 7.04976 12.958 0.4
      vertex 7.36537 13.1451 0.4
      vertex 7.07689 12.918 0.4
    endloop
  endfacet
  facet normal 0 0 -1
    outer loop
      vertex 7.02503 12.9994 0.4
      vertex 7.36537 13.1451 0.4
      vertex 7.04976 12.958 0.4
    endloop
  endfacet
  facet normal -0 0 -1
    outer loop
      vertex 7.36537 13.1451 0.4
      vertex 7.02503 12.9994 0.4
      vertex 7.34923 13.1865 0.4
    endloop
  endfacet
  facet normal 0 0 -1
    outer loop
      vertex 7.00269 13.0421 0.4
      vertex 7.34923 13.1865 0.4
      vertex 7.02503 12.9994 0.4
    endloop
  endfacet
  facet normal 0 0 -1
    outer loop
      vertex 6.98365 13.0865 0.4
      vertex 7.34923 13.1865 0.4
      vertex 7.00269 13.0421 0.4
    endloop
  endfacet
  facet normal -0 0 -1
    outer loop
      vertex 7.34923 13.1865 0.4
      vertex 6.98365 13.0865 0.4
      vertex 7.33956 13.2277 0.4
    endloop
  endfacet
  facet normal 0 -0 -1
    outer loop
      vertex 6.95641 13.3823 0.4
      vertex 7.33632 13.2686 0.4
      vertex 6.94979 13.2849 0.4
    endloop
  endfacet
  facet normal 0 0 -1
    outer loop
      vertex 7.42665 13.4782 0.4
      vertex 7.27062 13.7712 0.4
      vertex 7.36556 13.7994 0.4
    endloop
  endfacet
  facet normal 0 0 -1
    outer loop
      vertex 7.34636 13.3584 0.4
      vertex 6.95641 13.3823 0.4
      vertex 6.97626 13.4706 0.4
    endloop
  endfacet
  facet normal 0 0 -1
    outer loop
      vertex 7.42665 13.4782 0.4
      vertex 7.18718 13.7316 0.4
      vertex 7.27062 13.7712 0.4
    endloop
  endfacet
  facet normal 0 0 -1
    outer loop
      vertex 7.37647 13.4283 0.4
      vertex 7.11524 13.6809 0.4
      vertex 7.18718 13.7316 0.4
    endloop
  endfacet
  facet normal 0 0 -1
    outer loop
      vertex 6.96883 13.133 0.4
      vertex 7.33956 13.2277 0.4
      vertex 6.98365 13.0865 0.4
    endloop
  endfacet
  facet normal 0 0 -1
    outer loop
      vertex 6.95825 13.1816 0.4
      vertex 7.33956 13.2277 0.4
      vertex 6.96883 13.133 0.4
    endloop
  endfacet
  facet normal 0 0 -1
    outer loop
      vertex 7.34636 13.3584 0.4
      vertex 6.97626 13.4706 0.4
      vertex 7.00936 13.5498 0.4
    endloop
  endfacet
  facet normal 0 0 -1
    outer loop
      vertex 6.95191 13.2322 0.4
      vertex 7.33956 13.2277 0.4
      vertex 6.95825 13.1816 0.4
    endloop
  endfacet
  facet normal 0 0 -1
    outer loop
      vertex 7.33956 13.2277 0.4
      vertex 6.95191 13.2322 0.4
      vertex 7.33632 13.2686 0.4
    endloop
  endfacet
  facet normal 0 0 -1
    outer loop
      vertex 7.37647 13.4283 0.4
      vertex 7.00936 13.5498 0.4
      vertex 7.05568 13.6199 0.4
    endloop
  endfacet
  facet normal -0 0 -1
    outer loop
      vertex 7.33632 13.2686 0.4
      vertex 6.95191 13.2322 0.4
      vertex 6.94979 13.2849 0.4
    endloop
  endfacet
  facet normal 0 0 -1
    outer loop
      vertex 7.37647 13.4283 0.4
      vertex 7.05568 13.6199 0.4
      vertex 7.11524 13.6809 0.4
    endloop
  endfacet
  facet normal 0 0 -1
    outer loop
      vertex 17.5127 11.8825 0.4
      vertex 17.9076 11.9774 0.4
      vertex 17.9101 11.8825 0.4
    endloop
  endfacet
  facet normal -0 0 -1
    outer loop
      vertex 17.9076 11.9774 0.4
      vertex 17.5107 11.9727 0.4
      vertex 17.9001 12.071 0.4
    endloop
  endfacet
  facet normal 0 0 -1
    outer loop
      vertex 17.5047 12.061 0.4
      vertex 17.9001 12.071 0.4
      vertex 17.5107 11.9727 0.4
    endloop
  endfacet
  facet normal 0 0 -1
    outer loop
      vertex 17.4949 12.1474 0.4
      vertex 17.8876 12.1633 0.4
      vertex 17.5047 12.061 0.4
    endloop
  endfacet
  facet normal -0 0 -1
    outer loop
      vertex 17.8876 12.1633 0.4
      vertex 17.4949 12.1474 0.4
      vertex 17.8701 12.2544 0.4
    endloop
  endfacet
  facet normal -0 0 -1
    outer loop
      vertex 17.8701 12.2544 0.4
      vertex 17.481 12.2319 0.4
      vertex 17.8477 12.3443 0.4
    endloop
  endfacet
  facet normal 0 0 -1
    outer loop
      vertex 17.4632 12.3145 0.4
      vertex 17.8477 12.3443 0.4
      vertex 17.481 12.2319 0.4
    endloop
  endfacet
  facet normal 0 0 -1
    outer loop
      vertex 17.4419 12.3957 0.4
      vertex 17.8205 12.4339 0.4
      vertex 17.4632 12.3145 0.4
    endloop
  endfacet
  facet normal -0 0 -1
    outer loop
      vertex 17.8205 12.4339 0.4
      vertex 17.4419 12.3957 0.4
      vertex 17.7889 12.5241 0.4
    endloop
  endfacet
  facet normal -0 0 -1
    outer loop
      vertex 17.7889 12.5241 0.4
      vertex 17.4178 12.476 0.4
      vertex 17.7528 12.615 0.4
    endloop
  endfacet
  facet normal 0 0 -1
    outer loop
      vertex 17.3908 12.5555 0.4
      vertex 17.7528 12.615 0.4
      vertex 17.4178 12.476 0.4
    endloop
  endfacet
  facet normal 0 0 -1
    outer loop
      vertex 17.9076 11.9774 0.4
      vertex 17.5127 11.8825 0.4
      vertex 17.5107 11.9727 0.4
    endloop
  endfacet
  facet normal -0 0 -1
    outer loop
      vertex 17.9001 12.071 0.4
      vertex 17.5047 12.061 0.4
      vertex 17.8876 12.1633 0.4
    endloop
  endfacet
  facet normal 0 0 -1
    outer loop
      vertex 17.481 12.2319 0.4
      vertex 17.8701 12.2544 0.4
      vertex 17.4949 12.1474 0.4
    endloop
  endfacet
  facet normal -0 0 -1
    outer loop
      vertex 17.8477 12.3443 0.4
      vertex 17.4632 12.3145 0.4
      vertex 17.8205 12.4339 0.4
    endloop
  endfacet
  facet normal 0 0 -1
    outer loop
      vertex 17.4178 12.476 0.4
      vertex 17.7889 12.5241 0.4
      vertex 17.4419 12.3957 0.4
    endloop
  endfacet
  facet normal -0 0 -1
    outer loop
      vertex 17.7528 12.615 0.4
      vertex 17.3908 12.5555 0.4
      vertex 17.7123 12.7065 0.4
    endloop
  endfacet
  facet normal 0 0 -1
    outer loop
      vertex 17.361 12.6341 0.4
      vertex 17.7123 12.7065 0.4
      vertex 17.3908 12.5555 0.4
    endloop
  endfacet
  facet normal -0 0 -1
    outer loop
      vertex 17.7123 12.7065 0.4
      vertex 17.361 12.6341 0.4
      vertex 17.6673 12.7986 0.4
    endloop
  endfacet
  facet normal 0 0 -1
    outer loop
      vertex 17.3282 12.7118 0.4
      vertex 17.6673 12.7986 0.4
      vertex 17.361 12.6341 0.4
    endloop
  endfacet
  facet normal -0 0 -1
    outer loop
      vertex 17.6673 12.7986 0.4
      vertex 17.3282 12.7118 0.4
      vertex 17.6124 12.8999 0.4
    endloop
  endfacet
  facet normal 0 0 -1
    outer loop
      vertex 17.2929 12.7891 0.4
      vertex 17.6124 12.8999 0.4
      vertex 17.3282 12.7118 0.4
    endloop
  endfacet
  facet normal -0 0 -1
    outer loop
      vertex 17.6124 12.8999 0.4
      vertex 17.2929 12.7891 0.4
      vertex 17.5421 13.0187 0.4
    endloop
  endfacet
  facet normal 0 0 -1
    outer loop
      vertex 17.2552 12.8661 0.4
      vertex 17.5421 13.0187 0.4
      vertex 17.2929 12.7891 0.4
    endloop
  endfacet
  facet normal 0 0 -1
    outer loop
      vertex 17.2152 12.943 0.4
      vertex 17.5421 13.0187 0.4
      vertex 17.2552 12.8661 0.4
    endloop
  endfacet
  facet normal -0 0 -1
    outer loop
      vertex 17.5421 13.0187 0.4
      vertex 17.2152 12.943 0.4
      vertex 17.4564 13.155 0.4
    endloop
  endfacet
  facet normal 0 0 -1
    outer loop
      vertex 17.1729 13.0198 0.4
      vertex 17.4564 13.155 0.4
      vertex 17.2152 12.943 0.4
    endloop
  endfacet
  facet normal 0 0 -1
    outer loop
      vertex 17.1282 13.0963 0.4
      vertex 17.4564 13.155 0.4
      vertex 17.1729 13.0198 0.4
    endloop
  endfacet
  facet normal 0 0 -1
    outer loop
      vertex 17.2387 13.4802 0.4
      vertex 18.1881 13.7934 0.4
      vertex 18.1881 13.4802 0.4
    endloop
  endfacet
  facet normal -0 0 -1
    outer loop
      vertex 17.4564 13.155 0.4
      vertex 17.1282 13.0963 0.4
      vertex 17.3552 13.3088 0.4
    endloop
  endfacet
  facet normal 0 0 -1
    outer loop
      vertex 17.0818 13.1733 0.4
      vertex 17.3552 13.3088 0.4
      vertex 17.1282 13.0963 0.4
    endloop
  endfacet
  facet normal 0 0 -1
    outer loop
      vertex 17.0342 13.2513 0.4
      vertex 17.3552 13.3088 0.4
      vertex 17.0818 13.1733 0.4
    endloop
  endfacet
  facet normal -0 0 -1
    outer loop
      vertex 17.3552 13.3088 0.4
      vertex 17.0342 13.2513 0.4
      vertex 17.2387 13.4802 0.4
    endloop
  endfacet
  facet normal 0 0 -1
    outer loop
      vertex 16.9855 13.3302 0.4
      vertex 17.2387 13.4802 0.4
      vertex 17.0342 13.2513 0.4
    endloop
  endfacet
  facet normal 0 0 -1
    outer loop
      vertex 16.9357 13.4101 0.4
      vertex 17.2387 13.4802 0.4
      vertex 16.9855 13.3302 0.4
    endloop
  endfacet
  facet normal 0 0 -1
    outer loop
      vertex 16.8847 13.491 0.4
      vertex 17.2387 13.4802 0.4
      vertex 16.9357 13.4101 0.4
    endloop
  endfacet
  facet normal 0 0 -1
    outer loop
      vertex 17.2387 13.4802 0.4
      vertex 16.8847 13.491 0.4
      vertex 16.8847 13.7934 0.4
    endloop
  endfacet
  facet normal 0 0 -1
    outer loop
      vertex 17.2387 13.4802 0.4
      vertex 16.8847 13.7934 0.4
      vertex 18.1881 13.7934 0.4
    endloop
  endfacet
  facet normal 0 0 -1
    outer loop
      vertex 21.3867 11.8825 0.4
      vertex 20.9866 12.1917 0.4
      vertex 21.3867 13.7934 0.4
    endloop
  endfacet
  facet normal 0 0 -1
    outer loop
      vertex 19.9612 11.8825 0.4
      vertex 20.9866 12.1917 0.4
      vertex 21.3867 11.8825 0.4
    endloop
  endfacet
  facet normal -0 0 -1
    outer loop
      vertex 20.9866 12.1917 0.4
      vertex 19.9612 11.8825 0.4
      vertex 19.9612 12.1917 0.4
    endloop
  endfacet
  facet normal -0 0 -1
    outer loop
      vertex 21.3867 13.7934 0.4
      vertex 20.9866 12.1917 0.4
      vertex 20.9866 13.7934 0.4
    endloop
  endfacet
  facet normal 0 0 -1
    outer loop
      vertex 12.3709 12.623 0.4
      vertex 12.7709 12.6081 0.4
      vertex 12.7637 12.4722 0.4
    endloop
  endfacet
  facet normal 0 0 -1
    outer loop
      vertex 12.3589 12.4404 0.4
      vertex 12.7637 12.4722 0.4
      vertex 12.7419 12.3489 0.4
    endloop
  endfacet
  facet normal 0 0 -1
    outer loop
      vertex 12.7709 12.6081 0.4
      vertex 12.3709 12.623 0.4
      vertex 12.7636 12.747 0.4
    endloop
  endfacet
  facet normal 0 0 -1
    outer loop
      vertex 12.3589 12.4404 0.4
      vertex 12.7419 12.3489 0.4
      vertex 12.7055 12.2381 0.4
    endloop
  endfacet
  facet normal 0 0 -1
    outer loop
      vertex 12.3591 12.8003 0.4
      vertex 12.7636 12.747 0.4
      vertex 12.3709 12.623 0.4
    endloop
  endfacet
  facet normal 0 0 -1
    outer loop
      vertex 12.3229 12.2984 0.4
      vertex 12.7055 12.2381 0.4
      vertex 12.6547 12.1398 0.4
    endloop
  endfacet
  facet normal 0 0 -1
    outer loop
      vertex 12.7636 12.747 0.4
      vertex 12.3591 12.8003 0.4
      vertex 12.7417 12.8731 0.4
    endloop
  endfacet
  facet normal 0 0 -1
    outer loop
      vertex 12.3229 12.2984 0.4
      vertex 12.6547 12.1398 0.4
      vertex 12.5892 12.0541 0.4
    endloop
  endfacet
  facet normal -0 0 -1
    outer loop
      vertex 12.7417 12.8731 0.4
      vertex 12.3591 12.8003 0.4
      vertex 12.705 12.9864 0.4
    endloop
  endfacet
  facet normal 0 0 -1
    outer loop
      vertex 12.263 12.1969 0.4
      vertex 12.5892 12.0541 0.4
      vertex 12.5105 11.9825 0.4
    endloop
  endfacet
  facet normal 0 0 -1
    outer loop
      vertex 12.3238 12.9381 0.4
      vertex 12.705 12.9864 0.4
      vertex 12.3591 12.8003 0.4
    endloop
  endfacet
  facet normal 0 0 -1
    outer loop
      vertex 12.263 12.1969 0.4
      vertex 12.5105 11.9825 0.4
      vertex 12.4195 11.9269 0.4
    endloop
  endfacet
  facet normal -0 0 -1
    outer loop
      vertex 12.705 12.9864 0.4
      vertex 12.3238 12.9381 0.4
      vertex 12.6538 13.0868 0.4
    endloop
  endfacet
  facet normal -0 0 -1
    outer loop
      vertex 12.6538 13.0868 0.4
      vertex 12.3238 12.9381 0.4
      vertex 12.5879 13.1743 0.4
    endloop
  endfacet
  facet normal -0 0 -1
    outer loop
      vertex 12.7637 12.4722 0.4
      vertex 12.3589 12.4404 0.4
      vertex 12.3709 12.623 0.4
    endloop
  endfacet
  facet normal 0 0 -1
    outer loop
      vertex 12.7055 12.2381 0.4
      vertex 12.3229 12.2984 0.4
      vertex 12.3589 12.4404 0.4
    endloop
  endfacet
  facet normal 0 0 -1
    outer loop
      vertex 12.263 12.1969 0.4
      vertex 12.4195 11.9269 0.4
      vertex 12.3165 11.8872 0.4
    endloop
  endfacet
  facet normal 0 0 -1
    outer loop
      vertex 12.5892 12.0541 0.4
      vertex 12.263 12.1969 0.4
      vertex 12.3229 12.2984 0.4
    endloop
  endfacet
  facet normal 0 0 -1
    outer loop
      vertex 12.179 12.1361 0.4
      vertex 12.3165 11.8872 0.4
      vertex 12.2012 11.8633 0.4
    endloop
  endfacet
  facet normal 0 0 -1
    outer loop
      vertex 12.3165 11.8872 0.4
      vertex 12.179 12.1361 0.4
      vertex 12.263 12.1969 0.4
    endloop
  endfacet
  facet normal 0 0 -1
    outer loop
      vertex 12.0711 12.1158 0.4
      vertex 12.2012 11.8633 0.4
      vertex 12.0738 11.8554 0.4
    endloop
  endfacet
  facet normal 0 0 -1
    outer loop
      vertex 12.2012 11.8633 0.4
      vertex 12.0711 12.1158 0.4
      vertex 12.179 12.1361 0.4
    endloop
  endfacet
  facet normal 0 0 -1
    outer loop
      vertex 12.0042 11.858 0.4
      vertex 12.0711 12.1158 0.4
      vertex 12.0738 11.8554 0.4
    endloop
  endfacet
  facet normal -0 0 -1
    outer loop
      vertex 12.0711 12.1158 0.4
      vertex 12.0042 11.858 0.4
      vertex 12.0291 12.1185 0.4
    endloop
  endfacet
  facet normal 0 0 -1
    outer loop
      vertex 11.9374 11.8657 0.4
      vertex 12.0291 12.1185 0.4
      vertex 12.0042 11.858 0.4
    endloop
  endfacet
  facet normal -0 0 -1
    outer loop
      vertex 12.0291 12.1185 0.4
      vertex 11.9374 11.8657 0.4
      vertex 11.99 12.1267 0.4
    endloop
  endfacet
  facet normal 0 0 -1
    outer loop
      vertex 11.8733 11.8786 0.4
      vertex 11.99 12.1267 0.4
      vertex 11.9374 11.8657 0.4
    endloop
  endfacet
  facet normal -0 0 -1
    outer loop
      vertex 11.99 12.1267 0.4
      vertex 11.8733 11.8786 0.4
      vertex 11.9536 12.1404 0.4
    endloop
  endfacet
  facet normal 0 0 -1
    outer loop
      vertex 11.8122 11.8966 0.4
      vertex 11.9536 12.1404 0.4
      vertex 11.8733 11.8786 0.4
    endloop
  endfacet
  facet normal -0 0 -1
    outer loop
      vertex 11.9536 12.1404 0.4
      vertex 11.8122 11.8966 0.4
      vertex 11.9201 12.1596 0.4
    endloop
  endfacet
  facet normal 0 0 -1
    outer loop
      vertex 11.7538 11.9198 0.4
      vertex 11.9201 12.1596 0.4
      vertex 11.8122 11.8966 0.4
    endloop
  endfacet
  facet normal -0 0 -1
    outer loop
      vertex 11.9201 12.1596 0.4
      vertex 11.7538 11.9198 0.4
      vertex 11.8894 12.1843 0.4
    endloop
  endfacet
  facet normal 0 0 -1
    outer loop
      vertex 11.699 11.9477 0.4
      vertex 11.8894 12.1843 0.4
      vertex 11.7538 11.9198 0.4
    endloop
  endfacet
  facet normal -0 0 -1
    outer loop
      vertex 11.8894 12.1843 0.4
      vertex 11.699 11.9477 0.4
      vertex 11.8623 12.2144 0.4
    endloop
  endfacet
  facet normal 0 0 -1
    outer loop
      vertex 11.6486 11.9799 0.4
      vertex 11.8623 12.2144 0.4
      vertex 11.699 11.9477 0.4
    endloop
  endfacet
  facet normal 0 0 -1
    outer loop
      vertex 11.6026 12.0164 0.4
      vertex 11.8623 12.2144 0.4
      vertex 11.6486 11.9799 0.4
    endloop
  endfacet
  facet normal -0 0 -1
    outer loop
      vertex 11.8623 12.2144 0.4
      vertex 11.6026 12.0164 0.4
      vertex 11.8397 12.2498 0.4
    endloop
  endfacet
  facet normal 0 0 -1
    outer loop
      vertex 11.5611 12.0572 0.4
      vertex 11.8397 12.2498 0.4
      vertex 11.6026 12.0164 0.4
    endloop
  endfacet
  facet normal 0 0 -1
    outer loop
      vertex 11.5239 12.1022 0.4
      vertex 11.8397 12.2498 0.4
      vertex 11.5611 12.0572 0.4
    endloop
  endfacet
  facet normal -0 0 -1
    outer loop
      vertex 11.8397 12.2498 0.4
      vertex 11.5239 12.1022 0.4
      vertex 11.8215 12.2906 0.4
    endloop
  endfacet
  facet normal 0 0 -1
    outer loop
      vertex 11.4916 12.1507 0.4
      vertex 11.8215 12.2906 0.4
      vertex 11.5239 12.1022 0.4
    endloop
  endfacet
  facet normal -0 0 -1
    outer loop
      vertex 11.8215 12.2906 0.4
      vertex 11.4916 12.1507 0.4
      vertex 11.8078 12.3368 0.4
    endloop
  endfacet
  facet normal 0 0 -1
    outer loop
      vertex 11.4646 12.2018 0.4
      vertex 11.8078 12.3368 0.4
      vertex 11.4916 12.1507 0.4
    endloop
  endfacet
  facet normal 0 0 -1
    outer loop
      vertex 11.4431 12.2555 0.4
      vertex 11.8078 12.3368 0.4
      vertex 11.4646 12.2018 0.4
    endloop
  endfacet
  facet normal -0 0 -1
    outer loop
      vertex 11.8078 12.3368 0.4
      vertex 11.4431 12.2555 0.4
      vertex 11.7985 12.3884 0.4
    endloop
  endfacet
  facet normal 0 0 -1
    outer loop
      vertex 11.4269 12.3118 0.4
      vertex 11.7985 12.3884 0.4
      vertex 11.4431 12.2555 0.4
    endloop
  endfacet
  facet normal 0 0 -1
    outer loop
      vertex 11.7985 12.3884 0.4
      vertex 11.4269 12.3118 0.4
      vertex 11.4161 12.3708 0.4
    endloop
  endfacet
  facet normal 0 0 -1
    outer loop
      vertex 12.2649 13.0366 0.4
      vertex 12.5879 13.1743 0.4
      vertex 12.3238 12.9381 0.4
    endloop
  endfacet
  facet normal -0 0 -1
    outer loop
      vertex 12.5879 13.1743 0.4
      vertex 12.2649 13.0366 0.4
      vertex 12.5085 13.2473 0.4
    endloop
  endfacet
  facet normal -0 0 -1
    outer loop
      vertex 12.5085 13.2473 0.4
      vertex 12.2649 13.0366 0.4
      vertex 12.4169 13.3041 0.4
    endloop
  endfacet
  facet normal -0 0 -1
    outer loop
      vertex 12.4169 13.3041 0.4
      vertex 12.2649 13.0366 0.4
      vertex 12.313 13.3446 0.4
    endloop
  endfacet
  facet normal 0 0 -1
    outer loop
      vertex 12.1825 13.0956 0.4
      vertex 12.313 13.3446 0.4
      vertex 12.2649 13.0366 0.4
    endloop
  endfacet
  facet normal -0 0 -1
    outer loop
      vertex 12.313 13.3446 0.4
      vertex 12.1825 13.0956 0.4
      vertex 12.1968 13.369 0.4
    endloop
  endfacet
  facet normal 0 0 -1
    outer loop
      vertex 12.0766 13.1153 0.4
      vertex 12.1968 13.369 0.4
      vertex 12.1825 13.0956 0.4
    endloop
  endfacet
  facet normal 0 0 -1
    outer loop
      vertex 12.0766 13.1153 0.4
      vertex 12.0684 13.3771 0.4
      vertex 12.1968 13.369 0.4
    endloop
  endfacet
  facet normal 0 0 -1
    outer loop
      vertex 12.031 13.1126 0.4
      vertex 12.0684 13.3771 0.4
      vertex 12.0766 13.1153 0.4
    endloop
  endfacet
  facet normal 0 0 -1
    outer loop
      vertex 11.9684 13.3719 0.4
      vertex 12.031 13.1126 0.4
      vertex 11.9897 13.1046 0.4
    endloop
  endfacet
  facet normal 0 0 -1
    outer loop
      vertex 12.031 13.1126 0.4
      vertex 11.9684 13.3719 0.4
      vertex 12.0684 13.3771 0.4
    endloop
  endfacet
  facet normal 0 0 -1
    outer loop
      vertex 11.8755 13.3562 0.4
      vertex 11.9897 13.1046 0.4
      vertex 11.9529 13.0912 0.4
    endloop
  endfacet
  facet normal 0 0 -1
    outer loop
      vertex 11.7898 13.3302 0.4
      vertex 11.9529 13.0912 0.4
      vertex 11.9203 13.0724 0.4
    endloop
  endfacet
  facet normal 0 0 -1
    outer loop
      vertex 11.7112 13.2937 0.4
      vertex 11.9203 13.0724 0.4
      vertex 11.8921 13.0482 0.4
    endloop
  endfacet
  facet normal 0 0 -1
    outer loop
      vertex 11.9897 13.1046 0.4
      vertex 11.8755 13.3562 0.4
      vertex 11.9684 13.3719 0.4
    endloop
  endfacet
  facet normal 0 0 -1
    outer loop
      vertex 11.6399 13.2469 0.4
      vertex 11.8921 13.0482 0.4
      vertex 11.868 13.0195 0.4
    endloop
  endfacet
  facet normal 0 0 -1
    outer loop
      vertex 11.5771 13.1908 0.4
      vertex 11.868 13.0195 0.4
      vertex 11.8478 12.9872 0.4
    endloop
  endfacet
  facet normal 0 0 -1
    outer loop
      vertex 11.5244 13.1269 0.4
      vertex 11.8478 12.9872 0.4
      vertex 11.8316 12.9513 0.4
    endloop
  endfacet
  facet normal 0 0 -1
    outer loop
      vertex 11.4818 13.055 0.4
      vertex 11.8316 12.9513 0.4
      vertex 11.8192 12.9117 0.4
    endloop
  endfacet
  facet normal 0 0 -1
    outer loop
      vertex 11.4493 12.9752 0.4
      vertex 11.8192 12.9117 0.4
      vertex 11.8107 12.8685 0.4
    endloop
  endfacet
  facet normal 0 0 -1
    outer loop
      vertex 11.9529 13.0912 0.4
      vertex 11.7898 13.3302 0.4
      vertex 11.8755 13.3562 0.4
    endloop
  endfacet
  facet normal 0 0 -1
    outer loop
      vertex 11.9203 13.0724 0.4
      vertex 11.7112 13.2937 0.4
      vertex 11.7898 13.3302 0.4
    endloop
  endfacet
  facet normal 0 0 -1
    outer loop
      vertex 11.8921 13.0482 0.4
      vertex 11.6399 13.2469 0.4
      vertex 11.7112 13.2937 0.4
    endloop
  endfacet
  facet normal 0 0 -1
    outer loop
      vertex 11.868 13.0195 0.4
      vertex 11.5771 13.1908 0.4
      vertex 11.6399 13.2469 0.4
    endloop
  endfacet
  facet normal 0 0 -1
    outer loop
      vertex 11.8478 12.9872 0.4
      vertex 11.5244 13.1269 0.4
      vertex 11.5771 13.1908 0.4
    endloop
  endfacet
  facet normal 0 0 -1
    outer loop
      vertex 11.8316 12.9513 0.4
      vertex 11.4818 13.055 0.4
      vertex 11.5244 13.1269 0.4
    endloop
  endfacet
  facet normal 0 0 -1
    outer loop
      vertex 11.8192 12.9117 0.4
      vertex 11.4493 12.9752 0.4
      vertex 11.4818 13.055 0.4
    endloop
  endfacet
  facet normal 0 -0 -1
    outer loop
      vertex 11.4493 12.9752 0.4
      vertex 11.8107 12.8685 0.4
      vertex 11.4269 12.8875 0.4
    endloop
  endfacet
  facet normal 0 0 -1
    outer loop
      vertex 13.8795 12.543 0.4
      vertex 13.3072 12.7817 0.4
      vertex 13.8768 12.7817 0.4
    endloop
  endfacet
  facet normal 0 0 -1
    outer loop
      vertex 13.3926 13.0482 0.4
      vertex 13.1778 13.243 0.4
      vertex 13.2624 13.3016 0.4
    endloop
  endfacet
  facet normal 0 0 -1
    outer loop
      vertex 13.314 12.8492 0.4
      vertex 13.1051 13.1675 0.4
      vertex 13.1778 13.243 0.4
    endloop
  endfacet
  facet normal 0 0 -1
    outer loop
      vertex 13.314 12.8492 0.4
      vertex 13.045 13.0759 0.4
      vertex 13.1051 13.1675 0.4
    endloop
  endfacet
  facet normal 0 0 -1
    outer loop
      vertex 13.314 12.8492 0.4
      vertex 12.9983 12.9688 0.4
      vertex 13.045 13.0759 0.4
    endloop
  endfacet
  facet normal -0 0 -1
    outer loop
      vertex 13.314 12.8492 0.4
      vertex 12.965 12.846 0.4
      vertex 12.9983 12.9688 0.4
    endloop
  endfacet
  facet normal 0 0 -1
    outer loop
      vertex 12.9383 12.543 0.4
      vertex 13.3072 12.7817 0.4
      vertex 13.8795 12.543 0.4
    endloop
  endfacet
  facet normal -0 0 -1
    outer loop
      vertex 13.3072 12.7817 0.4
      vertex 12.9449 12.7077 0.4
      vertex 12.965 12.846 0.4
    endloop
  endfacet
  facet normal 0 0 -1
    outer loop
      vertex 13.3072 12.7817 0.4
      vertex 12.9383 12.543 0.4
      vertex 12.9383 12.5539 0.4
    endloop
  endfacet
  facet normal 0 0 -1
    outer loop
      vertex 13.3072 12.7817 0.4
      vertex 12.9383 12.5539 0.4
      vertex 12.9449 12.7077 0.4
    endloop
  endfacet
  facet normal 0 0 -1
    outer loop
      vertex 13.8795 12.543 0.4
      vertex 14.2796 12.623 0.4
      vertex 14.2725 12.4799 0.4
    endloop
  endfacet
  facet normal 0 0 -1
    outer loop
      vertex 13.8763 12.4615 0.4
      vertex 14.2725 12.4799 0.4
      vertex 14.2512 12.3512 0.4
    endloop
  endfacet
  facet normal 0 0 -1
    outer loop
      vertex 13.8768 12.7817 0.4
      vertex 14.2796 12.623 0.4
      vertex 13.8795 12.543 0.4
    endloop
  endfacet
  facet normal 0 0 -1
    outer loop
      vertex 13.8668 12.3884 0.4
      vertex 14.2512 12.3512 0.4
      vertex 14.2156 12.2369 0.4
    endloop
  endfacet
  facet normal 0 0 -1
    outer loop
      vertex 14.2796 12.623 0.4
      vertex 13.8768 12.7817 0.4
      vertex 14.2724 12.7617 0.4
    endloop
  endfacet
  facet normal 0 0 -1
    outer loop
      vertex 13.8509 12.3237 0.4
      vertex 14.2156 12.2369 0.4
      vertex 14.1659 12.137 0.4
    endloop
  endfacet
  facet normal 0 0 -1
    outer loop
      vertex 14.2724 12.7617 0.4
      vertex 13.8768 12.7817 0.4
      vertex 14.2507 12.8869 0.4
    endloop
  endfacet
  facet normal 0 0 -1
    outer loop
      vertex 13.8287 12.2674 0.4
      vertex 14.1659 12.137 0.4
      vertex 14.1019 12.0514 0.4
    endloop
  endfacet
  facet normal 0 0 -1
    outer loop
      vertex 13.8724 12.846 0.4
      vertex 14.2507 12.8869 0.4
      vertex 13.8768 12.7817 0.4
    endloop
  endfacet
  facet normal 0 0 -1
    outer loop
      vertex 13.8002 12.2195 0.4
      vertex 14.1019 12.0514 0.4
      vertex 14.0247 11.9808 0.4
    endloop
  endfacet
  facet normal -0 0 -1
    outer loop
      vertex 14.2507 12.8869 0.4
      vertex 13.8724 12.846 0.4
      vertex 14.2147 12.9986 0.4
    endloop
  endfacet
  facet normal 0 0 -1
    outer loop
      vertex 13.7657 12.1802 0.4
      vertex 14.0247 11.9808 0.4
      vertex 13.9353 11.9259 0.4
    endloop
  endfacet
  facet normal 0 0 -1
    outer loop
      vertex 13.8626 12.9043 0.4
      vertex 14.2147 12.9986 0.4
      vertex 13.8724 12.846 0.4
    endloop
  endfacet
  facet normal -0 0 -1
    outer loop
      vertex 14.2147 12.9986 0.4
      vertex 13.8626 12.9043 0.4
      vertex 14.1642 13.0969 0.4
    endloop
  endfacet
  facet normal -0 0 -1
    outer loop
      vertex 14.2725 12.4799 0.4
      vertex 13.8763 12.4615 0.4
      vertex 13.8795 12.543 0.4
    endloop
  endfacet
  facet normal 0 0 -1
    outer loop
      vertex 14.2512 12.3512 0.4
      vertex 13.8668 12.3884 0.4
      vertex 13.8763 12.4615 0.4
    endloop
  endfacet
  facet normal 0 0 -1
    outer loop
      vertex 14.2156 12.2369 0.4
      vertex 13.8509 12.3237 0.4
      vertex 13.8668 12.3884 0.4
    endloop
  endfacet
  facet normal 0 0 -1
    outer loop
      vertex 13.7259 12.1497 0.4
      vertex 13.9353 11.9259 0.4
      vertex 13.8336 11.8867 0.4
    endloop
  endfacet
  facet normal 0 0 -1
    outer loop
      vertex 14.1659 12.137 0.4
      vertex 13.8287 12.2674 0.4
      vertex 13.8509 12.3237 0.4
    endloop
  endfacet
  facet normal 0 0 -1
    outer loop
      vertex 14.1019 12.0514 0.4
      vertex 13.8002 12.2195 0.4
      vertex 13.8287 12.2674 0.4
    endloop
  endfacet
  facet normal 0 0 -1
    outer loop
      vertex 14.0247 11.9808 0.4
      vertex 13.7657 12.1802 0.4
      vertex 13.8002 12.2195 0.4
    endloop
  endfacet
  facet normal 0 0 -1
    outer loop
      vertex 13.9353 11.9259 0.4
      vertex 13.7259 12.1497 0.4
      vertex 13.7657 12.1802 0.4
    endloop
  endfacet
  facet normal 0 0 -1
    outer loop
      vertex 13.6808 12.1278 0.4
      vertex 13.8336 11.8867 0.4
      vertex 13.7196 11.8632 0.4
    endloop
  endfacet
  facet normal 0 0 -1
    outer loop
      vertex 13.8336 11.8867 0.4
      vertex 13.6808 12.1278 0.4
      vertex 13.7259 12.1497 0.4
    endloop
  endfacet
  facet normal 0 0 -1
    outer loop
      vertex 13.7196 11.8632 0.4
      vertex 13.6302 12.1147 0.4
      vertex 13.6808 12.1278 0.4
    endloop
  endfacet
  facet normal 0 0 -1
    outer loop
      vertex 13.5933 11.8554 0.4
      vertex 13.6302 12.1147 0.4
      vertex 13.7196 11.8632 0.4
    endloop
  endfacet
  facet normal 0 0 -1
    outer loop
      vertex 13.5933 11.8554 0.4
      vertex 13.5743 12.1104 0.4
      vertex 13.6302 12.1147 0.4
    endloop
  endfacet
  facet normal 0 0 -1
    outer loop
      vertex 13.5933 11.8554 0.4
      vertex 13.4995 12.1174 0.4
      vertex 13.5743 12.1104 0.4
    endloop
  endfacet
  facet normal 0 0 -1
    outer loop
      vertex 13.4152 11.8713 0.4
      vertex 13.4995 12.1174 0.4
      vertex 13.5933 11.8554 0.4
    endloop
  endfacet
  facet normal -0 0 -1
    outer loop
      vertex 13.4995 12.1174 0.4
      vertex 13.4152 11.8713 0.4
      vertex 13.4365 12.1384 0.4
    endloop
  endfacet
  facet normal 0 0 -1
    outer loop
      vertex 13.2629 11.9192 0.4
      vertex 13.4365 12.1384 0.4
      vertex 13.4152 11.8713 0.4
    endloop
  endfacet
  facet normal -0 0 -1
    outer loop
      vertex 13.4365 12.1384 0.4
      vertex 13.2629 11.9192 0.4
      vertex 13.3855 12.1733 0.4
    endloop
  endfacet
  facet normal 0 0 -1
    outer loop
      vertex 13.1362 11.9989 0.4
      vertex 13.3855 12.1733 0.4
      vertex 13.2629 11.9192 0.4
    endloop
  endfacet
  facet normal -0 0 -1
    outer loop
      vertex 13.3855 12.1733 0.4
      vertex 13.1362 11.9989 0.4
      vertex 13.3465 12.2223 0.4
    endloop
  endfacet
  facet normal 0 0 -1
    outer loop
      vertex 13.0352 12.1106 0.4
      vertex 13.3465 12.2223 0.4
      vertex 13.1362 11.9989 0.4
    endloop
  endfacet
  facet normal -0 0 -1
    outer loop
      vertex 13.3465 12.2223 0.4
      vertex 13.0352 12.1106 0.4
      vertex 13.3194 12.2853 0.4
    endloop
  endfacet
  facet normal 0 0 -1
    outer loop
      vertex 13.3194 12.2853 0.4
      vertex 13.0352 12.1106 0.4
      vertex 12.96 12.2541 0.4
    endloop
  endfacet
  facet normal 0 0 -1
    outer loop
      vertex 13.8472 12.9566 0.4
      vertex 14.1642 13.0969 0.4
      vertex 13.8626 12.9043 0.4
    endloop
  endfacet
  facet normal -0 0 -1
    outer loop
      vertex 14.1642 13.0969 0.4
      vertex 13.8472 12.9566 0.4
      vertex 14.0992 13.1818 0.4
    endloop
  endfacet
  facet normal 0 0 -1
    outer loop
      vertex 13.8264 13.003 0.4
      vertex 14.0992 13.1818 0.4
      vertex 13.8472 12.9566 0.4
    endloop
  endfacet
  facet normal -0 0 -1
    outer loop
      vertex 14.0992 13.1818 0.4
      vertex 13.8264 13.003 0.4
      vertex 14.021 13.2521 0.4
    endloop
  endfacet
  facet normal 0 0 -1
    outer loop
      vertex 13.8002 13.0434 0.4
      vertex 14.021 13.2521 0.4
      vertex 13.8264 13.003 0.4
    endloop
  endfacet
  facet normal -0 0 -1
    outer loop
      vertex 14.021 13.2521 0.4
      vertex 13.8002 13.0434 0.4
      vertex 13.9308 13.3068 0.4
    endloop
  endfacet
  facet normal 0 0 -1
    outer loop
      vertex 13.7687 13.0771 0.4
      vertex 13.9308 13.3068 0.4
      vertex 13.8002 13.0434 0.4
    endloop
  endfacet
  facet normal -0 0 -1
    outer loop
      vertex 13.9308 13.3068 0.4
      vertex 13.7687 13.0771 0.4
      vertex 13.8286 13.3458 0.4
    endloop
  endfacet
  facet normal 0 0 -1
    outer loop
      vertex 13.7322 13.1033 0.4
      vertex 13.8286 13.3458 0.4
      vertex 13.7687 13.0771 0.4
    endloop
  endfacet
  facet normal 0 0 -1
    outer loop
      vertex 13.6909 13.1221 0.4
      vertex 13.8286 13.3458 0.4
      vertex 13.7322 13.1033 0.4
    endloop
  endfacet
  facet normal -0 0 -1
    outer loop
      vertex 13.8286 13.3458 0.4
      vertex 13.6909 13.1221 0.4
      vertex 13.7143 13.3693 0.4
    endloop
  endfacet
  facet normal 0 0 -1
    outer loop
      vertex 13.6446 13.1333 0.4
      vertex 13.7143 13.3693 0.4
      vertex 13.6909 13.1221 0.4
    endloop
  endfacet
  facet normal 0 0 -1
    outer loop
      vertex 13.5879 13.3771 0.4
      vertex 13.6446 13.1333 0.4
      vertex 13.5933 13.137 0.4
    endloop
  endfacet
  facet normal 0 0 -1
    outer loop
      vertex 13.6446 13.1333 0.4
      vertex 13.5879 13.3771 0.4
      vertex 13.7143 13.3693 0.4
    endloop
  endfacet
  facet normal 0 0 -1
    outer loop
      vertex 13.5449 13.1335 0.4
      vertex 13.5879 13.3771 0.4
      vertex 13.5933 13.137 0.4
    endloop
  endfacet
  facet normal 0 0 -1
    outer loop
      vertex 13.4675 13.3687 0.4
      vertex 13.5449 13.1335 0.4
      vertex 13.5007 13.1228 0.4
    endloop
  endfacet
  facet normal 0 0 -1
    outer loop
      vertex 13.5449 13.1335 0.4
      vertex 13.4675 13.3687 0.4
      vertex 13.5879 13.3771 0.4
    endloop
  endfacet
  facet normal 0 0 -1
    outer loop
      vertex 13.359 13.3435 0.4
      vertex 13.5007 13.1228 0.4
      vertex 13.4605 13.105 0.4
    endloop
  endfacet
  facet normal 0 0 -1
    outer loop
      vertex 13.359 13.3435 0.4
      vertex 13.4605 13.105 0.4
      vertex 13.4245 13.0802 0.4
    endloop
  endfacet
  facet normal 0 0 -1
    outer loop
      vertex 13.2624 13.3016 0.4
      vertex 13.4245 13.0802 0.4
      vertex 13.3926 13.0482 0.4
    endloop
  endfacet
  facet normal 0 0 -1
    outer loop
      vertex 13.1778 13.243 0.4
      vertex 13.3926 13.0482 0.4
      vertex 13.3653 13.0091 0.4
    endloop
  endfacet
  facet normal 0 0 -1
    outer loop
      vertex 13.5007 13.1228 0.4
      vertex 13.359 13.3435 0.4
      vertex 13.4675 13.3687 0.4
    endloop
  endfacet
  facet normal 0 0 -1
    outer loop
      vertex 13.1778 13.243 0.4
      vertex 13.3653 13.0091 0.4
      vertex 13.3431 12.9629 0.4
    endloop
  endfacet
  facet normal 0 0 -1
    outer loop
      vertex 13.1778 13.243 0.4
      vertex 13.3431 12.9629 0.4
      vertex 13.326 12.9096 0.4
    endloop
  endfacet
  facet normal 0 0 -1
    outer loop
      vertex 13.1778 13.243 0.4
      vertex 13.326 12.9096 0.4
      vertex 13.314 12.8492 0.4
    endloop
  endfacet
  facet normal 0 0 -1
    outer loop
      vertex 12.965 12.846 0.4
      vertex 13.314 12.8492 0.4
      vertex 13.3072 12.7817 0.4
    endloop
  endfacet
  facet normal 0 0 -1
    outer loop
      vertex 13.4245 13.0802 0.4
      vertex 13.2624 13.3016 0.4
      vertex 13.359 13.3435 0.4
    endloop
  endfacet
  facet normal 0 0 -1
    outer loop
      vertex 6.42035 11.8825 0.4
      vertex 6.28879 12.6406 0.4
      vertex 6.82587 11.8825 0.4
    endloop
  endfacet
  facet normal 0 -0 -1
    outer loop
      vertex 6.28879 12.6406 0.4
      vertex 6.42035 11.8825 0.4
      vertex 6.07585 12.4142 0.4
    endloop
  endfacet
  facet normal 0 0 -1
    outer loop
      vertex 6.28879 12.6406 0.4
      vertex 6.38915 13.3499 0.4
      vertex 6.8001 13.3499 0.4
    endloop
  endfacet
  facet normal 0 0 -1
    outer loop
      vertex 5.86158 12.6447 0.4
      vertex 6.28879 12.6406 0.4
      vertex 6.07585 12.4142 0.4
    endloop
  endfacet
  facet normal 0 0 -1
    outer loop
      vertex 6.28879 12.6406 0.4
      vertex 6.07585 12.8698 0.4
      vertex 6.38915 13.3499 0.4
    endloop
  endfacet
  facet normal 0 0 -1
    outer loop
      vertex 6.28879 12.6406 0.4
      vertex 5.86158 12.6447 0.4
      vertex 6.07585 12.8698 0.4
    endloop
  endfacet
  facet normal 0 0 -1
    outer loop
      vertex 5.73409 11.8825 0.4
      vertex 5.86158 12.6447 0.4
      vertex 6.07585 12.4142 0.4
    endloop
  endfacet
  facet normal 0 0 -1
    outer loop
      vertex 5.86158 12.6447 0.4
      vertex 5.73409 11.8825 0.4
      vertex 5.32044 11.8825 0.4
    endloop
  endfacet
  facet normal 0 0 -1
    outer loop
      vertex 5.86158 12.6447 0.4
      vertex 5.7639 13.3499 0.4
      vertex 6.07585 12.8698 0.4
    endloop
  endfacet
  facet normal -0 -0 -1
    outer loop
      vertex 5.7639 13.3499 0.4
      vertex 5.86158 12.6447 0.4
      vertex 5.35027 13.3499 0.4
    endloop
  endfacet
  facet normal 0 0 -1
    outer loop
      vertex 8.29297 11.5434 0.4
      vertex 9.88927 11.6492 0.4
      vertex 9.88927 11.5434 0.4
    endloop
  endfacet
  facet normal -0 0 -1
    outer loop
      vertex 9.88927 11.6492 0.4
      vertex 8.29297 11.5434 0.4
      vertex 8.29297 11.6492 0.4
    endloop
  endfacet
  facet normal 0.570433 0.821344 -0
    outer loop
      vertex 10.7957 12.4332 0
      vertex 10.6317 12.5471 0.4
      vertex 10.7957 12.4332 0.4
    endloop
  endfacet
  facet normal 0.570433 0.821344 0
    outer loop
      vertex 10.6317 12.5471 0.4
      vertex 10.7957 12.4332 0
      vertex 10.6317 12.5471 0
    endloop
  endfacet
  facet normal 1 -0 0
    outer loop
      vertex 10.7957 11.8825 0.4
      vertex 10.7957 12.4332 0
      vertex 10.7957 12.4332 0.4
    endloop
  endfacet
  facet normal 1 0 0
    outer loop
      vertex 10.7957 12.4332 0
      vertex 10.7957 11.8825 0.4
      vertex 10.7957 11.8825 0
    endloop
  endfacet
  facet normal 0 1 -0
    outer loop
      vertex 11.1769 11.8825 0
      vertex 10.7957 11.8825 0.4
      vertex 11.1769 11.8825 0.4
    endloop
  endfacet
  facet normal 0 1 0
    outer loop
      vertex 10.7957 11.8825 0.4
      vertex 11.1769 11.8825 0
      vertex 10.7957 11.8825 0
    endloop
  endfacet
  facet normal -1 0 0
    outer loop
      vertex 11.1769 11.8825 0
      vertex 11.1769 13.8952 0.4
      vertex 11.1769 13.8952 0
    endloop
  endfacet
  facet normal -1 -0 0
    outer loop
      vertex 11.1769 13.8952 0.4
      vertex 11.1769 11.8825 0
      vertex 11.1769 11.8825 0.4
    endloop
  endfacet
  facet normal 0 -1 0
    outer loop
      vertex 10.7957 13.8952 0
      vertex 11.1769 13.8952 0.4
      vertex 10.7957 13.8952 0.4
    endloop
  endfacet
  facet normal 0 -1 -0
    outer loop
      vertex 11.1769 13.8952 0.4
      vertex 10.7957 13.8952 0
      vertex 11.1769 13.8952 0
    endloop
  endfacet
  facet normal 1 -0 0
    outer loop
      vertex 10.7957 12.7424 0.4
      vertex 10.7957 13.8952 0
      vertex 10.7957 13.8952 0.4
    endloop
  endfacet
  facet normal 1 0 0
    outer loop
      vertex 10.7957 13.8952 0
      vertex 10.7957 12.7424 0.4
      vertex 10.7957 12.7424 0
    endloop
  endfacet
  facet normal -0.757599 -0.65272 0
    outer loop
      vertex 10.7957 12.7424 0
      vertex 10.2723 13.3499 0.4
      vertex 10.2723 13.3499 0
    endloop
  endfacet
  facet normal -0.757599 -0.65272 0
    outer loop
      vertex 10.2723 13.3499 0.4
      vertex 10.7957 12.7424 0
      vertex 10.7957 12.7424 0.4
    endloop
  endfacet
  facet normal 0 -1 0
    outer loop
      vertex 9.86264 13.3499 0
      vertex 10.2723 13.3499 0.4
      vertex 9.86264 13.3499 0.4
    endloop
  endfacet
  facet normal 0 -1 -0
    outer loop
      vertex 10.2723 13.3499 0.4
      vertex 9.86264 13.3499 0
      vertex 10.2723 13.3499 0
    endloop
  endfacet
  facet normal 0.743107 0.669173 0
    outer loop
      vertex 10.378 12.7776 0.4
      vertex 9.86264 13.3499 0
      vertex 9.86264 13.3499 0.4
    endloop
  endfacet
  facet normal 0.743107 0.669173 0
    outer loop
      vertex 9.86264 13.3499 0
      vertex 10.378 12.7776 0.4
      vertex 10.378 12.7776 0
    endloop
  endfacet
  facet normal 0.850023 -0.526746 0
    outer loop
      vertex 9.82332 11.8825 0.4
      vertex 10.378 12.7776 0
      vertex 10.378 12.7776 0.4
    endloop
  endfacet
  facet normal 0.850023 -0.526746 0
    outer loop
      vertex 10.378 12.7776 0
      vertex 9.82332 11.8825 0.4
      vertex 9.82332 11.8825 0
    endloop
  endfacet
  facet normal 0 1 -0
    outer loop
      vertex 10.2397 11.8825 0
      vertex 9.82332 11.8825 0.4
      vertex 10.2397 11.8825 0.4
    endloop
  endfacet
  facet normal 0 1 0
    outer loop
      vertex 9.82332 11.8825 0.4
      vertex 10.2397 11.8825 0
      vertex 9.82332 11.8825 0
    endloop
  endfacet
  facet normal -0.861334 0.508039 0
    outer loop
      vertex 10.2397 11.8825 0
      vertex 10.6317 12.5471 0.4
      vertex 10.6317 12.5471 0
    endloop
  endfacet
  facet normal -0.861334 0.508039 0
    outer loop
      vertex 10.6317 12.5471 0.4
      vertex 10.2397 11.8825 0
      vertex 10.2397 11.8825 0.4
    endloop
  endfacet
  facet normal -0.261458 0.965215 0
    outer loop
      vertex 15.5819 11.8874 0
      vertex 15.4933 11.8634 0.4
      vertex 15.5819 11.8874 0.4
    endloop
  endfacet
  facet normal -0.261458 0.965215 0
    outer loop
      vertex 15.4933 11.8634 0.4
      vertex 15.5819 11.8874 0
      vertex 15.4933 11.8634 0
    endloop
  endfacet
  facet normal -0.450816 0.892617 0
    outer loop
      vertex 15.6611 11.9274 0
      vertex 15.5819 11.8874 0.4
      vertex 15.6611 11.9274 0.4
    endloop
  endfacet
  facet normal -0.450816 0.892617 0
    outer loop
      vertex 15.5819 11.8874 0.4
      vertex 15.6611 11.9274 0
      vertex 15.5819 11.8874 0
    endloop
  endfacet
  facet normal -0.625785 0.779996 0
    outer loop
      vertex 15.7309 11.9834 0
      vertex 15.6611 11.9274 0.4
      vertex 15.7309 11.9834 0.4
    endloop
  endfacet
  facet normal -0.625785 0.779996 0
    outer loop
      vertex 15.6611 11.9274 0.4
      vertex 15.7309 11.9834 0
      vertex 15.6611 11.9274 0
    endloop
  endfacet
  facet normal -0.765077 0.643939 0
    outer loop
      vertex 15.7309 11.9834 0
      vertex 15.7915 12.0554 0.4
      vertex 15.7915 12.0554 0
    endloop
  endfacet
  facet normal -0.765077 0.643939 0
    outer loop
      vertex 15.7915 12.0554 0.4
      vertex 15.7309 11.9834 0
      vertex 15.7309 11.9834 0.4
    endloop
  endfacet
  facet normal -0.864214 0.503125 0
    outer loop
      vertex 15.7915 12.0554 0
      vertex 15.8418 12.1418 0.4
      vertex 15.8418 12.1418 0
    endloop
  endfacet
  facet normal -0.864214 0.503125 0
    outer loop
      vertex 15.8418 12.1418 0.4
      vertex 15.7915 12.0554 0
      vertex 15.7915 12.0554 0.4
    endloop
  endfacet
  facet normal -0.930341 0.366697 0
    outer loop
      vertex 15.8418 12.1418 0
      vertex 15.8809 12.241 0.4
      vertex 15.8809 12.241 0
    endloop
  endfacet
  facet normal -0.930341 0.366697 0
    outer loop
      vertex 15.8809 12.241 0.4
      vertex 15.8418 12.1418 0
      vertex 15.8418 12.1418 0.4
    endloop
  endfacet
  facet normal -0.970245 0.242127 0
    outer loop
      vertex 15.8809 12.241 0
      vertex 15.9088 12.3528 0.4
      vertex 15.9088 12.3528 0
    endloop
  endfacet
  facet normal -0.970245 0.242127 0
    outer loop
      vertex 15.9088 12.3528 0.4
      vertex 15.8809 12.241 0
      vertex 15.8809 12.241 0.4
    endloop
  endfacet
  facet normal -0.991047 0.133517 0
    outer loop
      vertex 15.9088 12.3528 0
      vertex 15.9256 12.4775 0.4
      vertex 15.9256 12.4775 0
    endloop
  endfacet
  facet normal -0.991047 0.133517 0
    outer loop
      vertex 15.9256 12.4775 0.4
      vertex 15.9088 12.3528 0
      vertex 15.9088 12.3528 0.4
    endloop
  endfacet
  facet normal -0.99917 0.0407231 0
    outer loop
      vertex 15.9256 12.4775 0
      vertex 15.9312 12.6149 0.4
      vertex 15.9312 12.6149 0
    endloop
  endfacet
  facet normal -0.99917 0.0407231 0
    outer loop
      vertex 15.9312 12.6149 0.4
      vertex 15.9256 12.4775 0
      vertex 15.9256 12.4775 0.4
    endloop
  endfacet
  facet normal -0.999104 -0.0423167 0
    outer loop
      vertex 15.9312 12.6149 0
      vertex 15.9253 12.7542 0.4
      vertex 15.9253 12.7542 0
    endloop
  endfacet
  facet normal -0.999104 -0.0423167 0
    outer loop
      vertex 15.9253 12.7542 0.4
      vertex 15.9312 12.6149 0
      vertex 15.9312 12.6149 0.4
    endloop
  endfacet
  facet normal -0.990262 -0.139219 0
    outer loop
      vertex 15.9253 12.7542 0
      vertex 15.9076 12.8801 0.4
      vertex 15.9076 12.8801 0
    endloop
  endfacet
  facet normal -0.990262 -0.139219 0
    outer loop
      vertex 15.9076 12.8801 0.4
      vertex 15.9253 12.7542 0
      vertex 15.9253 12.7542 0.4
    endloop
  endfacet
  facet normal -0.967617 -0.252422 0
    outer loop
      vertex 15.9076 12.8801 0
      vertex 15.8782 12.9928 0.4
      vertex 15.8782 12.9928 0
    endloop
  endfacet
  facet normal -0.967617 -0.252422 0
    outer loop
      vertex 15.8782 12.9928 0.4
      vertex 15.9076 12.8801 0
      vertex 15.9076 12.8801 0.4
    endloop
  endfacet
  facet normal -0.923926 -0.38257 0
    outer loop
      vertex 15.8782 12.9928 0
      vertex 15.837 13.0923 0.4
      vertex 15.837 13.0923 0
    endloop
  endfacet
  facet normal -0.923926 -0.38257 0
    outer loop
      vertex 15.837 13.0923 0.4
      vertex 15.8782 12.9928 0
      vertex 15.8782 12.9928 0.4
    endloop
  endfacet
  facet normal -0.85159 -0.524208 0
    outer loop
      vertex 15.837 13.0923 0
      vertex 15.784 13.1784 0.4
      vertex 15.784 13.1784 0
    endloop
  endfacet
  facet normal -0.85159 -0.524208 0
    outer loop
      vertex 15.784 13.1784 0.4
      vertex 15.837 13.0923 0
      vertex 15.837 13.0923 0.4
    endloop
  endfacet
  facet normal -0.74666 -0.665206 0
    outer loop
      vertex 15.784 13.1784 0
      vertex 15.7203 13.2499 0.4
      vertex 15.7203 13.2499 0
    endloop
  endfacet
  facet normal -0.74666 -0.665206 0
    outer loop
      vertex 15.7203 13.2499 0.4
      vertex 15.784 13.1784 0
      vertex 15.784 13.1784 0.4
    endloop
  endfacet
  facet normal -0.602772 -0.797914 0
    outer loop
      vertex 15.6467 13.3055 0
      vertex 15.7203 13.2499 0.4
      vertex 15.6467 13.3055 0.4
    endloop
  endfacet
  facet normal -0.602772 -0.797914 -0
    outer loop
      vertex 15.7203 13.2499 0.4
      vertex 15.6467 13.3055 0
      vertex 15.7203 13.2499 0
    endloop
  endfacet
  facet normal -0.43069 -0.9025 0
    outer loop
      vertex 15.5633 13.3453 0
      vertex 15.6467 13.3055 0.4
      vertex 15.5633 13.3453 0.4
    endloop
  endfacet
  facet normal -0.43069 -0.9025 -0
    outer loop
      vertex 15.6467 13.3055 0.4
      vertex 15.5633 13.3453 0
      vertex 15.6467 13.3055 0
    endloop
  endfacet
  facet normal -0.247176 -0.968971 0
    outer loop
      vertex 15.47 13.3691 0
      vertex 15.5633 13.3453 0.4
      vertex 15.47 13.3691 0.4
    endloop
  endfacet
  facet normal -0.247176 -0.968971 -0
    outer loop
      vertex 15.5633 13.3453 0.4
      vertex 15.47 13.3691 0
      vertex 15.5633 13.3453 0
    endloop
  endfacet
  facet normal -0.0774367 -0.996997 0
    outer loop
      vertex 15.367 13.3771 0
      vertex 15.47 13.3691 0.4
      vertex 15.367 13.3771 0.4
    endloop
  endfacet
  facet normal -0.0774367 -0.996997 -0
    outer loop
      vertex 15.47 13.3691 0.4
      vertex 15.367 13.3771 0
      vertex 15.47 13.3691 0
    endloop
  endfacet
  facet normal 0.0427944 -0.999084 0
    outer loop
      vertex 15.3063 13.3745 0
      vertex 15.367 13.3771 0.4
      vertex 15.3063 13.3745 0.4
    endloop
  endfacet
  facet normal 0.0427944 -0.999084 0
    outer loop
      vertex 15.367 13.3771 0.4
      vertex 15.3063 13.3745 0
      vertex 15.367 13.3771 0
    endloop
  endfacet
  facet normal 0.134882 -0.990862 0
    outer loop
      vertex 15.249 13.3667 0
      vertex 15.3063 13.3745 0.4
      vertex 15.249 13.3667 0.4
    endloop
  endfacet
  facet normal 0.134882 -0.990862 0
    outer loop
      vertex 15.3063 13.3745 0.4
      vertex 15.249 13.3667 0
      vertex 15.3063 13.3745 0
    endloop
  endfacet
  facet normal 0.236582 -0.971612 0
    outer loop
      vertex 15.1952 13.3536 0
      vertex 15.249 13.3667 0.4
      vertex 15.1952 13.3536 0.4
    endloop
  endfacet
  facet normal 0.236582 -0.971612 0
    outer loop
      vertex 15.249 13.3667 0.4
      vertex 15.1952 13.3536 0
      vertex 15.249 13.3667 0
    endloop
  endfacet
  facet normal 0.339644 -0.940554 0
    outer loop
      vertex 15.1448 13.3354 0
      vertex 15.1952 13.3536 0.4
      vertex 15.1448 13.3354 0.4
    endloop
  endfacet
  facet normal 0.339644 -0.940554 0
    outer loop
      vertex 15.1952 13.3536 0.4
      vertex 15.1448 13.3354 0
      vertex 15.1952 13.3536 0
    endloop
  endfacet
  facet normal 0.445689 -0.895188 0
    outer loop
      vertex 15.0978 13.312 0
      vertex 15.1448 13.3354 0.4
      vertex 15.0978 13.312 0.4
    endloop
  endfacet
  facet normal 0.445689 -0.895188 0
    outer loop
      vertex 15.1448 13.3354 0.4
      vertex 15.0978 13.312 0
      vertex 15.1448 13.3354 0
    endloop
  endfacet
  facet normal 0.552025 -0.833828 0
    outer loop
      vertex 15.0546 13.2834 0
      vertex 15.0978 13.312 0.4
      vertex 15.0546 13.2834 0.4
    endloop
  endfacet
  facet normal 0.552025 -0.833828 0
    outer loop
      vertex 15.0978 13.312 0.4
      vertex 15.0546 13.2834 0
      vertex 15.0978 13.312 0
    endloop
  endfacet
  facet normal 0.652863 -0.757476 0
    outer loop
      vertex 15.0155 13.2497 0
      vertex 15.0546 13.2834 0.4
      vertex 15.0155 13.2497 0.4
    endloop
  endfacet
  facet normal 0.652863 -0.757476 0
    outer loop
      vertex 15.0546 13.2834 0.4
      vertex 15.0155 13.2497 0
      vertex 15.0546 13.2834 0
    endloop
  endfacet
  facet normal 0.744438 -0.667692 0
    outer loop
      vertex 14.9807 13.2109 0.4
      vertex 15.0155 13.2497 0
      vertex 15.0155 13.2497 0.4
    endloop
  endfacet
  facet normal 0.744438 -0.667692 0
    outer loop
      vertex 15.0155 13.2497 0
      vertex 14.9807 13.2109 0.4
      vertex 14.9807 13.2109 0
    endloop
  endfacet
  facet normal 0.819495 -0.573086 0
    outer loop
      vertex 14.95 13.167 0.4
      vertex 14.9807 13.2109 0
      vertex 14.9807 13.2109 0.4
    endloop
  endfacet
  facet normal 0.819495 -0.573086 0
    outer loop
      vertex 14.9807 13.2109 0
      vertex 14.95 13.167 0.4
      vertex 14.95 13.167 0
    endloop
  endfacet
  facet normal 0.879605 -0.475705 0
    outer loop
      vertex 14.9235 13.118 0.4
      vertex 14.95 13.167 0
      vertex 14.95 13.167 0.4
    endloop
  endfacet
  facet normal 0.879605 -0.475705 0
    outer loop
      vertex 14.95 13.167 0
      vertex 14.9235 13.118 0.4
      vertex 14.9235 13.118 0
    endloop
  endfacet
  facet normal 0 -1 0
    outer loop
      vertex 14.9208 13.118 0
      vertex 14.9235 13.118 0.4
      vertex 14.9208 13.118 0.4
    endloop
  endfacet
  facet normal 0 -1 -0
    outer loop
      vertex 14.9235 13.118 0.4
      vertex 14.9208 13.118 0
      vertex 14.9235 13.118 0
    endloop
  endfacet
  facet normal -0.999938 0.0111794 0
    outer loop
      vertex 14.9208 13.118 0
      vertex 14.9235 13.3595 0.4
      vertex 14.9235 13.3595 0
    endloop
  endfacet
  facet normal -0.999938 0.0111794 0
    outer loop
      vertex 14.9235 13.3595 0.4
      vertex 14.9208 13.118 0
      vertex 14.9208 13.118 0.4
    endloop
  endfacet
  facet normal -1 0 0
    outer loop
      vertex 14.9235 13.3595 0
      vertex 14.9235 13.8952 0.4
      vertex 14.9235 13.8952 0
    endloop
  endfacet
  facet normal -1 -0 0
    outer loop
      vertex 14.9235 13.8952 0.4
      vertex 14.9235 13.3595 0
      vertex 14.9235 13.3595 0.4
    endloop
  endfacet
  facet normal 0 -1 0
    outer loop
      vertex 14.5424 13.8952 0
      vertex 14.9235 13.8952 0.4
      vertex 14.5424 13.8952 0.4
    endloop
  endfacet
  facet normal 0 -1 -0
    outer loop
      vertex 14.9235 13.8952 0.4
      vertex 14.5424 13.8952 0
      vertex 14.9235 13.8952 0
    endloop
  endfacet
  facet normal 1 -0 0
    outer loop
      vertex 14.5424 12.2026 0.4
      vertex 14.5424 13.8952 0
      vertex 14.5424 13.8952 0.4
    endloop
  endfacet
  facet normal 1 0 0
    outer loop
      vertex 14.5424 13.8952 0
      vertex 14.5424 12.2026 0.4
      vertex 14.5424 12.2026 0
    endloop
  endfacet
  facet normal 0.99996 -0.00889645 0
    outer loop
      vertex 14.5419 12.1464 0.4
      vertex 14.5424 12.2026 0
      vertex 14.5424 12.2026 0.4
    endloop
  endfacet
  facet normal 0.99996 -0.00889645 0
    outer loop
      vertex 14.5424 12.2026 0
      vertex 14.5419 12.1464 0.4
      vertex 14.5419 12.1464 0
    endloop
  endfacet
  facet normal 0.999801 -0.0199627 0
    outer loop
      vertex 14.5407 12.0863 0.4
      vertex 14.5419 12.1464 0
      vertex 14.5419 12.1464 0.4
    endloop
  endfacet
  facet normal 0.999801 -0.0199627 0
    outer loop
      vertex 14.5419 12.1464 0
      vertex 14.5407 12.0863 0.4
      vertex 14.5407 12.0863 0
    endloop
  endfacet
  facet normal 0.99941 -0.0343547 0
    outer loop
      vertex 14.5385 12.0223 0.4
      vertex 14.5407 12.0863 0
      vertex 14.5407 12.0863 0.4
    endloop
  endfacet
  facet normal 0.99941 -0.0343547 0
    outer loop
      vertex 14.5407 12.0863 0
      vertex 14.5385 12.0223 0.4
      vertex 14.5385 12.0223 0
    endloop
  endfacet
  facet normal 0.998962 -0.0455409 0
    outer loop
      vertex 14.5354 11.9543 0.4
      vertex 14.5385 12.0223 0
      vertex 14.5385 12.0223 0.4
    endloop
  endfacet
  facet normal 0.998962 -0.0455409 0
    outer loop
      vertex 14.5385 12.0223 0
      vertex 14.5354 11.9543 0.4
      vertex 14.5354 11.9543 0
    endloop
  endfacet
  facet normal 0.998528 -0.0542376 0
    outer loop
      vertex 14.5315 11.8825 0.4
      vertex 14.5354 11.9543 0
      vertex 14.5354 11.9543 0.4
    endloop
  endfacet
  facet normal 0.998528 -0.0542376 0
    outer loop
      vertex 14.5354 11.9543 0
      vertex 14.5315 11.8825 0.4
      vertex 14.5315 11.8825 0
    endloop
  endfacet
  facet normal 0 1 -0
    outer loop
      vertex 14.9004 11.8825 0
      vertex 14.5315 11.8825 0.4
      vertex 14.9004 11.8825 0.4
    endloop
  endfacet
  facet normal 0 1 0
    outer loop
      vertex 14.5315 11.8825 0.4
      vertex 14.9004 11.8825 0
      vertex 14.5315 11.8825 0
    endloop
  endfacet
  facet normal -0.977259 0.212047 0
    outer loop
      vertex 14.9004 11.8825 0
      vertex 14.9027 11.8931 0.4
      vertex 14.9027 11.8931 0
    endloop
  endfacet
  facet normal -0.977259 0.212047 0
    outer loop
      vertex 14.9027 11.8931 0.4
      vertex 14.9004 11.8825 0
      vertex 14.9004 11.8825 0.4
    endloop
  endfacet
  facet normal -0.988224 0.153015 0
    outer loop
      vertex 14.9027 11.8931 0
      vertex 14.9051 11.9086 0.4
      vertex 14.9051 11.9086 0
    endloop
  endfacet
  facet normal -0.988224 0.153015 0
    outer loop
      vertex 14.9051 11.9086 0.4
      vertex 14.9027 11.8931 0
      vertex 14.9027 11.8931 0.4
    endloop
  endfacet
  facet normal -0.992053 0.125821 0
    outer loop
      vertex 14.9051 11.9086 0
      vertex 14.9077 11.9291 0.4
      vertex 14.9077 11.9291 0
    endloop
  endfacet
  facet normal -0.992053 0.125821 0
    outer loop
      vertex 14.9077 11.9291 0.4
      vertex 14.9051 11.9086 0
      vertex 14.9051 11.9086 0.4
    endloop
  endfacet
  facet normal -0.994398 0.105704 0
    outer loop
      vertex 14.9077 11.9291 0
      vertex 14.9104 11.9545 0.4
      vertex 14.9104 11.9545 0
    endloop
  endfacet
  facet normal -0.994398 0.105704 0
    outer loop
      vertex 14.9104 11.9545 0.4
      vertex 14.9077 11.9291 0
      vertex 14.9077 11.9291 0.4
    endloop
  endfacet
  facet normal -0.995481 0.0949636 0
    outer loop
      vertex 14.9104 11.9545 0
      vertex 14.9133 11.9849 0.4
      vertex 14.9133 11.9849 0
    endloop
  endfacet
  facet normal -0.995481 0.0949636 0
    outer loop
      vertex 14.9133 11.9849 0.4
      vertex 14.9104 11.9545 0
      vertex 14.9104 11.9545 0.4
    endloop
  endfacet
  facet normal -0.996392 0.0848662 0
    outer loop
      vertex 14.9133 11.9849 0
      vertex 14.916 12.0166 0.4
      vertex 14.916 12.0166 0
    endloop
  endfacet
  facet normal -0.996392 0.0848662 0
    outer loop
      vertex 14.916 12.0166 0.4
      vertex 14.9133 11.9849 0
      vertex 14.9133 11.9849 0.4
    endloop
  endfacet
  facet normal -0.997476 0.0710068 0
    outer loop
      vertex 14.916 12.0166 0
      vertex 14.9181 12.0461 0.4
      vertex 14.9181 12.0461 0
    endloop
  endfacet
  facet normal -0.997476 0.0710068 0
    outer loop
      vertex 14.9181 12.0461 0.4
      vertex 14.916 12.0166 0
      vertex 14.916 12.0166 0.4
    endloop
  endfacet
  facet normal -0.998494 0.0548623 0
    outer loop
      vertex 14.9181 12.0461 0
      vertex 14.9196 12.0734 0.4
      vertex 14.9196 12.0734 0
    endloop
  endfacet
  facet normal -0.998494 0.0548623 0
    outer loop
      vertex 14.9196 12.0734 0.4
      vertex 14.9181 12.0461 0
      vertex 14.9181 12.0461 0.4
    endloop
  endfacet
  facet normal -0.999353 0.0359767 0
    outer loop
      vertex 14.9196 12.0734 0
      vertex 14.9205 12.0984 0.4
      vertex 14.9205 12.0984 0
    endloop
  endfacet
  facet normal -0.999353 0.0359767 0
    outer loop
      vertex 14.9205 12.0984 0.4
      vertex 14.9196 12.0734 0
      vertex 14.9196 12.0734 0.4
    endloop
  endfacet
  facet normal -0.999913 0.0131568 0
    outer loop
      vertex 14.9205 12.0984 0
      vertex 14.9208 12.1212 0.4
      vertex 14.9208 12.1212 0
    endloop
  endfacet
  facet normal -0.999913 0.0131568 0
    outer loop
      vertex 14.9208 12.1212 0.4
      vertex 14.9205 12.0984 0
      vertex 14.9205 12.0984 0.4
    endloop
  endfacet
  facet normal 0 1 -0
    outer loop
      vertex 14.9262 12.1212 0
      vertex 14.9208 12.1212 0.4
      vertex 14.9262 12.1212 0.4
    endloop
  endfacet
  facet normal 0 1 0
    outer loop
      vertex 14.9208 12.1212 0.4
      vertex 14.9262 12.1212 0
      vertex 14.9208 12.1212 0
    endloop
  endfacet
  facet normal 0.854009 0.520258 0
    outer loop
      vertex 14.9845 12.0255 0.4
      vertex 14.9262 12.1212 0
      vertex 14.9262 12.1212 0.4
    endloop
  endfacet
  facet normal 0.854009 0.520258 0
    outer loop
      vertex 14.9262 12.1212 0
      vertex 14.9845 12.0255 0.4
      vertex 14.9845 12.0255 0
    endloop
  endfacet
  facet normal 0.699545 0.714589 -0
    outer loop
      vertex 15.0605 11.9511 0
      vertex 14.9845 12.0255 0.4
      vertex 15.0605 11.9511 0.4
    endloop
  endfacet
  facet normal 0.699545 0.714589 0
    outer loop
      vertex 14.9845 12.0255 0.4
      vertex 15.0605 11.9511 0
      vertex 14.9845 12.0255 0
    endloop
  endfacet
  facet normal 0.492942 0.870062 -0
    outer loop
      vertex 15.1544 11.8979 0
      vertex 15.0605 11.9511 0.4
      vertex 15.1544 11.8979 0.4
    endloop
  endfacet
  facet normal 0.492942 0.870062 0
    outer loop
      vertex 15.0605 11.9511 0.4
      vertex 15.1544 11.8979 0
      vertex 15.0605 11.9511 0
    endloop
  endfacet
  facet normal 0.274835 0.961491 -0
    outer loop
      vertex 15.266 11.866 0
      vertex 15.1544 11.8979 0.4
      vertex 15.266 11.866 0.4
    endloop
  endfacet
  facet normal 0.274835 0.961491 0
    outer loop
      vertex 15.1544 11.8979 0.4
      vertex 15.266 11.866 0
      vertex 15.1544 11.8979 0
    endloop
  endfacet
  facet normal 0.0815804 0.996667 -0
    outer loop
      vertex 15.3955 11.8554 0
      vertex 15.266 11.866 0.4
      vertex 15.3955 11.8554 0.4
    endloop
  endfacet
  facet normal 0.0815804 0.996667 0
    outer loop
      vertex 15.266 11.866 0.4
      vertex 15.3955 11.8554 0
      vertex 15.266 11.866 0
    endloop
  endfacet
  facet normal -0.0815273 0.996671 0
    outer loop
      vertex 15.4933 11.8634 0
      vertex 15.3955 11.8554 0.4
      vertex 15.4933 11.8634 0.4
    endloop
  endfacet
  facet normal -0.0815273 0.996671 0
    outer loop
      vertex 15.3955 11.8554 0.4
      vertex 15.4933 11.8634 0
      vertex 15.3955 11.8554 0
    endloop
  endfacet
  facet normal -0.290211 -0.956963 0
    outer loop
      vertex 15.1245 12.1369 0
      vertex 15.1766 12.1211 0.4
      vertex 15.1245 12.1369 0.4
    endloop
  endfacet
  facet normal -0.290211 -0.956963 -0
    outer loop
      vertex 15.1766 12.1211 0.4
      vertex 15.1245 12.1369 0
      vertex 15.1766 12.1211 0
    endloop
  endfacet
  facet normal -0.493529 -0.869729 0
    outer loop
      vertex 15.0778 12.1634 0
      vertex 15.1245 12.1369 0.4
      vertex 15.0778 12.1634 0.4
    endloop
  endfacet
  facet normal -0.493529 -0.869729 -0
    outer loop
      vertex 15.1245 12.1369 0.4
      vertex 15.0778 12.1634 0
      vertex 15.1245 12.1369 0
    endloop
  endfacet
  facet normal -0.668166 -0.744012 0
    outer loop
      vertex 15.0366 12.2004 0
      vertex 15.0778 12.1634 0.4
      vertex 15.0366 12.2004 0.4
    endloop
  endfacet
  facet normal -0.668166 -0.744012 -0
    outer loop
      vertex 15.0778 12.1634 0.4
      vertex 15.0366 12.2004 0
      vertex 15.0778 12.1634 0
    endloop
  endfacet
  facet normal -0.799193 -0.601074 0
    outer loop
      vertex 15.0366 12.2004 0
      vertex 15.0008 12.248 0.4
      vertex 15.0008 12.248 0
    endloop
  endfacet
  facet normal -0.799193 -0.601074 0
    outer loop
      vertex 15.0008 12.248 0.4
      vertex 15.0366 12.2004 0
      vertex 15.0366 12.2004 0.4
    endloop
  endfacet
  facet normal -0.88752 -0.460768 0
    outer loop
      vertex 15.0008 12.248 0
      vertex 14.971 12.3054 0.4
      vertex 14.971 12.3054 0
    endloop
  endfacet
  facet normal -0.88752 -0.460768 0
    outer loop
      vertex 14.971 12.3054 0.4
      vertex 15.0008 12.248 0
      vertex 15.0008 12.248 0.4
    endloop
  endfacet
  facet normal -0.943881 -0.330287 0
    outer loop
      vertex 14.971 12.3054 0
      vertex 14.9478 12.3717 0.4
      vertex 14.9478 12.3717 0
    endloop
  endfacet
  facet normal -0.943881 -0.330287 0
    outer loop
      vertex 14.9478 12.3717 0.4
      vertex 14.971 12.3054 0
      vertex 14.971 12.3054 0.4
    endloop
  endfacet
  facet normal -0.976824 -0.214045 0
    outer loop
      vertex 14.9478 12.3717 0
      vertex 14.9313 12.447 0.4
      vertex 14.9313 12.447 0
    endloop
  endfacet
  facet normal -0.976824 -0.214045 0
    outer loop
      vertex 14.9313 12.447 0.4
      vertex 14.9478 12.3717 0
      vertex 14.9478 12.3717 0.4
    endloop
  endfacet
  facet normal -0.993159 -0.116773 0
    outer loop
      vertex 14.9313 12.447 0
      vertex 14.9214 12.5312 0.4
      vertex 14.9214 12.5312 0
    endloop
  endfacet
  facet normal -0.993159 -0.116773 0
    outer loop
      vertex 14.9214 12.5312 0.4
      vertex 14.9313 12.447 0
      vertex 14.9313 12.447 0.4
    endloop
  endfacet
  facet normal -0.999374 -0.0353856 0
    outer loop
      vertex 14.9214 12.5312 0
      vertex 14.9181 12.6244 0.4
      vertex 14.9181 12.6244 0
    endloop
  endfacet
  facet normal -0.999374 -0.0353856 0
    outer loop
      vertex 14.9181 12.6244 0.4
      vertex 14.9214 12.5312 0
      vertex 14.9214 12.5312 0.4
    endloop
  endfacet
  facet normal -0.999414 0.0342341 0
    outer loop
      vertex 14.9181 12.6244 0
      vertex 14.9212 12.7149 0.4
      vertex 14.9212 12.7149 0
    endloop
  endfacet
  facet normal -0.999414 0.0342341 0
    outer loop
      vertex 14.9212 12.7149 0.4
      vertex 14.9181 12.6244 0
      vertex 14.9181 12.6244 0.4
    endloop
  endfacet
  facet normal -0.9932 0.116419 0
    outer loop
      vertex 14.9212 12.7149 0
      vertex 14.9308 12.7968 0.4
      vertex 14.9308 12.7968 0
    endloop
  endfacet
  facet normal -0.9932 0.116419 0
    outer loop
      vertex 14.9308 12.7968 0.4
      vertex 14.9212 12.7149 0
      vertex 14.9212 12.7149 0.4
    endloop
  endfacet
  facet normal -0.977429 0.211264 0
    outer loop
      vertex 14.9308 12.7968 0
      vertex 14.9466 12.8699 0.4
      vertex 14.9466 12.8699 0
    endloop
  endfacet
  facet normal -0.977429 0.211264 0
    outer loop
      vertex 14.9466 12.8699 0.4
      vertex 14.9308 12.7968 0
      vertex 14.9308 12.7968 0.4
    endloop
  endfacet
  facet normal -0.945248 0.326353 0
    outer loop
      vertex 14.9466 12.8699 0
      vertex 14.9688 12.9342 0.4
      vertex 14.9688 12.9342 0
    endloop
  endfacet
  facet normal -0.945248 0.326353 0
    outer loop
      vertex 14.9688 12.9342 0.4
      vertex 14.9466 12.8699 0
      vertex 14.9466 12.8699 0.4
    endloop
  endfacet
  facet normal -0.889585 0.456771 0
    outer loop
      vertex 14.9688 12.9342 0
      vertex 14.9974 12.9899 0.4
      vertex 14.9974 12.9899 0
    endloop
  endfacet
  facet normal -0.889585 0.456771 0
    outer loop
      vertex 14.9974 12.9899 0.4
      vertex 14.9688 12.9342 0
      vertex 14.9688 12.9342 0.4
    endloop
  endfacet
  facet normal -0.798126 0.60249 0
    outer loop
      vertex 14.9974 12.9899 0
      vertex 15.0322 13.036 0.4
      vertex 15.0322 13.036 0
    endloop
  endfacet
  facet normal -0.798126 0.60249 0
    outer loop
      vertex 15.0322 13.036 0.4
      vertex 14.9974 12.9899 0
      vertex 14.9974 12.9899 0.4
    endloop
  endfacet
  facet normal -0.6615 0.749945 0
    outer loop
      vertex 15.0729 13.0719 0
      vertex 15.0322 13.036 0.4
      vertex 15.0729 13.0719 0.4
    endloop
  endfacet
  facet normal -0.6615 0.749945 0
    outer loop
      vertex 15.0322 13.036 0.4
      vertex 15.0729 13.0719 0
      vertex 15.0322 13.036 0
    endloop
  endfacet
  facet normal -0.479903 0.877322 0
    outer loop
      vertex 15.1197 13.0975 0
      vertex 15.0729 13.0719 0.4
      vertex 15.1197 13.0975 0.4
    endloop
  endfacet
  facet normal -0.479903 0.877322 0
    outer loop
      vertex 15.0729 13.0719 0.4
      vertex 15.1197 13.0975 0
      vertex 15.0729 13.0719 0
    endloop
  endfacet
  facet normal -0.28 0.96 0
    outer loop
      vertex 15.1725 13.1129 0
      vertex 15.1197 13.0975 0.4
      vertex 15.1725 13.1129 0.4
    endloop
  endfacet
  facet normal -0.28 0.96 0
    outer loop
      vertex 15.1197 13.0975 0.4
      vertex 15.1725 13.1129 0
      vertex 15.1197 13.0975 0
    endloop
  endfacet
  facet normal -0.0862647 0.996272 0
    outer loop
      vertex 15.2314 13.118 0
      vertex 15.1725 13.1129 0.4
      vertex 15.2314 13.118 0.4
    endloop
  endfacet
  facet normal -0.0862647 0.996272 0
    outer loop
      vertex 15.1725 13.1129 0.4
      vertex 15.2314 13.118 0
      vertex 15.1725 13.1129 0
    endloop
  endfacet
  facet normal 0.084039 0.996462 -0
    outer loop
      vertex 15.2895 13.1131 0
      vertex 15.2314 13.118 0.4
      vertex 15.2895 13.1131 0.4
    endloop
  endfacet
  facet normal 0.084039 0.996462 0
    outer loop
      vertex 15.2314 13.118 0.4
      vertex 15.2895 13.1131 0
      vertex 15.2314 13.118 0
    endloop
  endfacet
  facet normal 0.275944 0.961174 -0
    outer loop
      vertex 15.3414 13.0982 0
      vertex 15.2895 13.1131 0.4
      vertex 15.3414 13.0982 0.4
    endloop
  endfacet
  facet normal 0.275944 0.961174 0
    outer loop
      vertex 15.2895 13.1131 0.4
      vertex 15.3414 13.0982 0
      vertex 15.2895 13.1131 0
    endloop
  endfacet
  facet normal 0.477772 0.878484 -0
    outer loop
      vertex 15.387 13.0734 0
      vertex 15.3414 13.0982 0.4
      vertex 15.387 13.0734 0.4
    endloop
  endfacet
  facet normal 0.477772 0.878484 0
    outer loop
      vertex 15.3414 13.0982 0.4
      vertex 15.387 13.0734 0
      vertex 15.3414 13.0982 0
    endloop
  endfacet
  facet normal 0.66389 0.74783 -0
    outer loop
      vertex 15.4262 13.0386 0
      vertex 15.387 13.0734 0.4
      vertex 15.4262 13.0386 0.4
    endloop
  endfacet
  facet normal 0.66389 0.74783 0
    outer loop
      vertex 15.387 13.0734 0.4
      vertex 15.4262 13.0386 0
      vertex 15.387 13.0734 0
    endloop
  endfacet
  facet normal 0.804513 0.593936 0
    outer loop
      vertex 15.4592 12.9939 0.4
      vertex 15.4262 13.0386 0
      vertex 15.4262 13.0386 0.4
    endloop
  endfacet
  facet normal 0.804513 0.593936 0
    outer loop
      vertex 15.4262 13.0386 0
      vertex 15.4592 12.9939 0.4
      vertex 15.4592 12.9939 0
    endloop
  endfacet
  facet normal 0.897679 0.440649 0
    outer loop
      vertex 15.4861 12.9391 0.4
      vertex 15.4592 12.9939 0
      vertex 15.4592 12.9939 0.4
    endloop
  endfacet
  facet normal 0.897679 0.440649 0
    outer loop
      vertex 15.4592 12.9939 0
      vertex 15.4861 12.9391 0.4
      vertex 15.4861 12.9391 0
    endloop
  endfacet
  facet normal 0.952542 0.304406 0
    outer loop
      vertex 15.507 12.8737 0.4
      vertex 15.4861 12.9391 0
      vertex 15.4861 12.9391 0.4
    endloop
  endfacet
  facet normal 0.952542 0.304406 0
    outer loop
      vertex 15.4861 12.9391 0
      vertex 15.507 12.8737 0.4
      vertex 15.507 12.8737 0
    endloop
  endfacet
  facet normal 0.981223 0.192879 0
    outer loop
      vertex 15.5219 12.7979 0.4
      vertex 15.507 12.8737 0
      vertex 15.507 12.8737 0.4
    endloop
  endfacet
  facet normal 0.981223 0.192879 0
    outer loop
      vertex 15.507 12.8737 0
      vertex 15.5219 12.7979 0.4
      vertex 15.5219 12.7979 0
    endloop
  endfacet
  facet normal 0.994724 0.102585 0
    outer loop
      vertex 15.5308 12.7116 0.4
      vertex 15.5219 12.7979 0
      vertex 15.5219 12.7979 0.4
    endloop
  endfacet
  facet normal 0.994724 0.102585 0
    outer loop
      vertex 15.5219 12.7979 0
      vertex 15.5308 12.7116 0.4
      vertex 15.5308 12.7116 0
    endloop
  endfacet
  facet normal 0.999519 0.0310089 0
    outer loop
      vertex 15.5338 12.6149 0.4
      vertex 15.5308 12.7116 0
      vertex 15.5308 12.7116 0.4
    endloop
  endfacet
  facet normal 0.999519 0.0310089 0
    outer loop
      vertex 15.5308 12.7116 0
      vertex 15.5338 12.6149 0.4
      vertex 15.5338 12.6149 0
    endloop
  endfacet
  facet normal 0.997778 -0.0666296 0
    outer loop
      vertex 15.5218 12.4352 0.4
      vertex 15.5338 12.6149 0
      vertex 15.5338 12.6149 0.4
    endloop
  endfacet
  facet normal 0.997778 -0.0666296 0
    outer loop
      vertex 15.5338 12.6149 0
      vertex 15.5218 12.4352 0.4
      vertex 15.5218 12.4352 0
    endloop
  endfacet
  facet normal 0.968531 -0.248892 0
    outer loop
      vertex 15.4859 12.2955 0.4
      vertex 15.5218 12.4352 0
      vertex 15.5218 12.4352 0.4
    endloop
  endfacet
  facet normal 0.968531 -0.248892 0
    outer loop
      vertex 15.5218 12.4352 0
      vertex 15.4859 12.2955 0.4
      vertex 15.4859 12.2955 0
    endloop
  endfacet
  facet normal 0.857038 -0.515253 0
    outer loop
      vertex 15.4259 12.1957 0.4
      vertex 15.4859 12.2955 0
      vertex 15.4859 12.2955 0.4
    endloop
  endfacet
  facet normal 0.857038 -0.515253 0
    outer loop
      vertex 15.4859 12.2955 0
      vertex 15.4259 12.1957 0.4
      vertex 15.4259 12.1957 0
    endloop
  endfacet
  facet normal 0.581697 -0.813406 0
    outer loop
      vertex 15.342 12.1357 0
      vertex 15.4259 12.1957 0.4
      vertex 15.342 12.1357 0.4
    endloop
  endfacet
  facet normal 0.581697 -0.813406 0
    outer loop
      vertex 15.4259 12.1957 0.4
      vertex 15.342 12.1357 0
      vertex 15.4259 12.1957 0
    endloop
  endfacet
  facet normal 0.181371 -0.983415 0
    outer loop
      vertex 15.2341 12.1158 0
      vertex 15.342 12.1357 0.4
      vertex 15.2341 12.1158 0.4
    endloop
  endfacet
  facet normal 0.181371 -0.983415 0
    outer loop
      vertex 15.342 12.1357 0.4
      vertex 15.2341 12.1158 0
      vertex 15.342 12.1357 0
    endloop
  endfacet
  facet normal -0.0917848 -0.995779 0
    outer loop
      vertex 15.1766 12.1211 0
      vertex 15.2341 12.1158 0.4
      vertex 15.1766 12.1211 0.4
    endloop
  endfacet
  facet normal -0.0917848 -0.995779 -0
    outer loop
      vertex 15.2341 12.1158 0.4
      vertex 15.1766 12.1211 0
      vertex 15.2341 12.1158 0
    endloop
  endfacet
  facet normal -0.896013 -0.444027 0
    outer loop
      vertex 5.2399 12.147 0
      vertex 5.20754 12.2123 0.4
      vertex 5.20754 12.2123 0
    endloop
  endfacet
  facet normal -0.896013 -0.444027 0
    outer loop
      vertex 5.20754 12.2123 0.4
      vertex 5.2399 12.147 0
      vertex 5.2399 12.147 0.4
    endloop
  endfacet
  facet normal -0.865762 -0.500456 0
    outer loop
      vertex 5.20754 12.2123 0
      vertex 5.17014 12.277 0.4
      vertex 5.17014 12.277 0
    endloop
  endfacet
  facet normal -0.865762 -0.500456 0
    outer loop
      vertex 5.17014 12.277 0.4
      vertex 5.20754 12.2123 0
      vertex 5.20754 12.2123 0.4
    endloop
  endfacet
  facet normal -0.83335 -0.552746 0
    outer loop
      vertex 5.17014 12.277 0
      vertex 5.12769 12.341 0.4
      vertex 5.12769 12.341 0
    endloop
  endfacet
  facet normal -0.83335 -0.552746 0
    outer loop
      vertex 5.12769 12.341 0.4
      vertex 5.17014 12.277 0
      vertex 5.17014 12.277 0.4
    endloop
  endfacet
  facet normal -0.799909 -0.600121 0
    outer loop
      vertex 5.12769 12.341 0
      vertex 5.0802 12.4043 0.4
      vertex 5.0802 12.4043 0
    endloop
  endfacet
  facet normal -0.799909 -0.600121 0
    outer loop
      vertex 5.0802 12.4043 0.4
      vertex 5.12769 12.341 0
      vertex 5.12769 12.341 0.4
    endloop
  endfacet
  facet normal -0.766415 -0.642346 0
    outer loop
      vertex 5.0802 12.4043 0
      vertex 5.02765 12.467 0.4
      vertex 5.02765 12.467 0
    endloop
  endfacet
  facet normal -0.766415 -0.642346 0
    outer loop
      vertex 5.02765 12.467 0.4
      vertex 5.0802 12.4043 0
      vertex 5.0802 12.4043 0.4
    endloop
  endfacet
  facet normal -0.736222 -0.67674 0
    outer loop
      vertex 5.02765 12.467 0
      vertex 4.96974 12.53 0.4
      vertex 4.96974 12.53 0
    endloop
  endfacet
  facet normal -0.736222 -0.67674 0
    outer loop
      vertex 4.96974 12.53 0.4
      vertex 5.02765 12.467 0
      vertex 5.02765 12.467 0.4
    endloop
  endfacet
  facet normal -0.709375 -0.704831 0
    outer loop
      vertex 4.96974 12.53 0
      vertex 4.90615 12.594 0.4
      vertex 4.90615 12.594 0
    endloop
  endfacet
  facet normal -0.709375 -0.704831 0
    outer loop
      vertex 4.90615 12.594 0.4
      vertex 4.96974 12.53 0
      vertex 4.96974 12.53 0.4
    endloop
  endfacet
  facet normal -0.684623 -0.728897 0
    outer loop
      vertex 4.83684 12.6591 0
      vertex 4.90615 12.594 0.4
      vertex 4.83684 12.6591 0.4
    endloop
  endfacet
  facet normal -0.684623 -0.728897 -0
    outer loop
      vertex 4.90615 12.594 0.4
      vertex 4.83684 12.6591 0
      vertex 4.90615 12.594 0
    endloop
  endfacet
  facet normal -0.661704 -0.749765 0
    outer loop
      vertex 4.76183 12.7253 0
      vertex 4.83684 12.6591 0.4
      vertex 4.76183 12.7253 0.4
    endloop
  endfacet
  facet normal -0.661704 -0.749765 -0
    outer loop
      vertex 4.83684 12.6591 0.4
      vertex 4.76183 12.7253 0
      vertex 4.83684 12.6591 0
    endloop
  endfacet
  facet normal -0.63995 -0.768416 0
    outer loop
      vertex 4.68114 12.7925 0
      vertex 4.76183 12.7253 0.4
      vertex 4.68114 12.7925 0.4
    endloop
  endfacet
  facet normal -0.63995 -0.768416 -0
    outer loop
      vertex 4.76183 12.7253 0.4
      vertex 4.68114 12.7925 0
      vertex 4.76183 12.7253 0
    endloop
  endfacet
  facet normal -0.639483 -0.768805 0
    outer loop
      vertex 4.60564 12.8553 0
      vertex 4.68114 12.7925 0.4
      vertex 4.60564 12.8553 0.4
    endloop
  endfacet
  facet normal -0.639483 -0.768805 -0
    outer loop
      vertex 4.68114 12.7925 0.4
      vertex 4.60564 12.8553 0
      vertex 4.68114 12.7925 0
    endloop
  endfacet
  facet normal -0.662655 -0.748925 0
    outer loop
      vertex 4.53975 12.9136 0
      vertex 4.60564 12.8553 0.4
      vertex 4.53975 12.9136 0.4
    endloop
  endfacet
  facet normal -0.662655 -0.748925 -0
    outer loop
      vertex 4.60564 12.8553 0.4
      vertex 4.53975 12.9136 0
      vertex 4.60564 12.8553 0
    endloop
  endfacet
  facet normal -0.690393 -0.723434 0
    outer loop
      vertex 4.48348 12.9673 0
      vertex 4.53975 12.9136 0.4
      vertex 4.48348 12.9673 0.4
    endloop
  endfacet
  facet normal -0.690393 -0.723434 -0
    outer loop
      vertex 4.53975 12.9136 0.4
      vertex 4.48348 12.9673 0
      vertex 4.53975 12.9136 0
    endloop
  endfacet
  facet normal -0.725367 -0.688362 0
    outer loop
      vertex 4.48348 12.9673 0
      vertex 4.43679 13.0165 0.4
      vertex 4.43679 13.0165 0
    endloop
  endfacet
  facet normal -0.725367 -0.688362 0
    outer loop
      vertex 4.43679 13.0165 0.4
      vertex 4.48348 12.9673 0
      vertex 4.48348 12.9673 0.4
    endloop
  endfacet
  facet normal -0.76904 -0.6392 0
    outer loop
      vertex 4.43679 13.0165 0
      vertex 4.39972 13.0611 0.4
      vertex 4.39972 13.0611 0
    endloop
  endfacet
  facet normal -0.76904 -0.6392 0
    outer loop
      vertex 4.39972 13.0611 0.4
      vertex 4.43679 13.0165 0
      vertex 4.43679 13.0165 0.4
    endloop
  endfacet
  facet normal -0.823071 -0.567939 0
    outer loop
      vertex 4.39972 13.0611 0
      vertex 4.37067 13.1032 0.4
      vertex 4.37067 13.1032 0
    endloop
  endfacet
  facet normal -0.823071 -0.567939 0
    outer loop
      vertex 4.37067 13.1032 0.4
      vertex 4.39972 13.0611 0
      vertex 4.39972 13.0611 0.4
    endloop
  endfacet
  facet normal -0.880134 -0.474726 0
    outer loop
      vertex 4.37067 13.1032 0
      vertex 4.34807 13.1451 0.4
      vertex 4.34807 13.1451 0
    endloop
  endfacet
  facet normal -0.880134 -0.474726 0
    outer loop
      vertex 4.34807 13.1451 0.4
      vertex 4.37067 13.1032 0
      vertex 4.37067 13.1032 0.4
    endloop
  endfacet
  facet normal -0.9317 -0.363228 0
    outer loop
      vertex 4.34807 13.1451 0
      vertex 4.33193 13.1865 0.4
      vertex 4.33193 13.1865 0
    endloop
  endfacet
  facet normal -0.9317 -0.363228 0
    outer loop
      vertex 4.33193 13.1865 0.4
      vertex 4.34807 13.1451 0
      vertex 4.34807 13.1451 0.4
    endloop
  endfacet
  facet normal -0.973491 -0.228723 0
    outer loop
      vertex 4.33193 13.1865 0
      vertex 4.32225 13.2277 0.4
      vertex 4.32225 13.2277 0
    endloop
  endfacet
  facet normal -0.973491 -0.228723 0
    outer loop
      vertex 4.32225 13.2277 0.4
      vertex 4.33193 13.1865 0
      vertex 4.33193 13.1865 0.4
    endloop
  endfacet
  facet normal -0.996896 -0.078728 0
    outer loop
      vertex 4.32225 13.2277 0
      vertex 4.31902 13.2686 0.4
      vertex 4.31902 13.2686 0
    endloop
  endfacet
  facet normal -0.996896 -0.078728 0
    outer loop
      vertex 4.31902 13.2686 0.4
      vertex 4.32225 13.2277 0
      vertex 4.32225 13.2277 0.4
    endloop
  endfacet
  facet normal -0.993808 0.111112 0
    outer loop
      vertex 4.31902 13.2686 0
      vertex 4.32906 13.3584 0.4
      vertex 4.32906 13.3584 0
    endloop
  endfacet
  facet normal -0.993808 0.111112 0
    outer loop
      vertex 4.32906 13.3584 0.4
      vertex 4.31902 13.2686 0
      vertex 4.31902 13.2686 0.4
    endloop
  endfacet
  facet normal -0.918464 0.395505 0
    outer loop
      vertex 4.32906 13.3584 0
      vertex 4.35916 13.4283 0.4
      vertex 4.35916 13.4283 0
    endloop
  endfacet
  facet normal -0.918464 0.395505 0
    outer loop
      vertex 4.35916 13.4283 0.4
      vertex 4.32906 13.3584 0
      vertex 4.32906 13.3584 0.4
    endloop
  endfacet
  facet normal -0.705055 0.709153 0
    outer loop
      vertex 4.40935 13.4782 0
      vertex 4.35916 13.4283 0.4
      vertex 4.40935 13.4782 0.4
    endloop
  endfacet
  facet normal -0.705055 0.709153 0
    outer loop
      vertex 4.35916 13.4283 0.4
      vertex 4.40935 13.4782 0
      vertex 4.35916 13.4283 0
    endloop
  endfacet
  facet normal -0.392734 0.919652 0
    outer loop
      vertex 4.4796 13.5082 0
      vertex 4.40935 13.4782 0.4
      vertex 4.4796 13.5082 0.4
    endloop
  endfacet
  facet normal -0.392734 0.919652 0
    outer loop
      vertex 4.40935 13.4782 0.4
      vertex 4.4796 13.5082 0
      vertex 4.40935 13.4782 0
    endloop
  endfacet
  facet normal -0.108958 0.994046 0
    outer loop
      vertex 4.56992 13.5181 0
      vertex 4.4796 13.5082 0.4
      vertex 4.56992 13.5181 0.4
    endloop
  endfacet
  facet normal -0.108958 0.994046 0
    outer loop
      vertex 4.4796 13.5082 0.4
      vertex 4.56992 13.5181 0
      vertex 4.4796 13.5082 0
    endloop
  endfacet
  facet normal 0.0558029 0.998442 -0
    outer loop
      vertex 4.61644 13.5155 0
      vertex 4.56992 13.5181 0.4
      vertex 4.61644 13.5155 0.4
    endloop
  endfacet
  facet normal 0.0558029 0.998442 0
    outer loop
      vertex 4.56992 13.5181 0.4
      vertex 4.61644 13.5155 0
      vertex 4.56992 13.5181 0
    endloop
  endfacet
  facet normal 0.18528 0.982686 -0
    outer loop
      vertex 4.65834 13.5076 0
      vertex 4.61644 13.5155 0.4
      vertex 4.65834 13.5076 0.4
    endloop
  endfacet
  facet normal 0.18528 0.982686 0
    outer loop
      vertex 4.61644 13.5155 0.4
      vertex 4.65834 13.5076 0
      vertex 4.61644 13.5155 0
    endloop
  endfacet
  facet normal 0.333613 0.94271 -0
    outer loop
      vertex 4.69564 13.4944 0
      vertex 4.65834 13.5076 0.4
      vertex 4.69564 13.4944 0.4
    endloop
  endfacet
  facet normal 0.333613 0.94271 0
    outer loop
      vertex 4.65834 13.5076 0.4
      vertex 4.69564 13.4944 0
      vertex 4.65834 13.5076 0
    endloop
  endfacet
  facet normal 0.490616 0.871376 -0
    outer loop
      vertex 4.72832 13.476 0
      vertex 4.69564 13.4944 0.4
      vertex 4.72832 13.476 0.4
    endloop
  endfacet
  facet normal 0.490616 0.871376 0
    outer loop
      vertex 4.69564 13.4944 0.4
      vertex 4.72832 13.476 0
      vertex 4.69564 13.4944 0
    endloop
  endfacet
  facet normal 0.64499 0.764191 -0
    outer loop
      vertex 4.7564 13.4523 0
      vertex 4.72832 13.476 0.4
      vertex 4.7564 13.4523 0.4
    endloop
  endfacet
  facet normal 0.64499 0.764191 0
    outer loop
      vertex 4.72832 13.476 0.4
      vertex 4.7564 13.4523 0
      vertex 4.72832 13.476 0
    endloop
  endfacet
  facet normal 0.769965 0.638086 0
    outer loop
      vertex 4.78035 13.4234 0.4
      vertex 4.7564 13.4523 0
      vertex 4.7564 13.4523 0.4
    endloop
  endfacet
  facet normal 0.769965 0.638086 0
    outer loop
      vertex 4.7564 13.4523 0
      vertex 4.78035 13.4234 0.4
      vertex 4.78035 13.4234 0
    endloop
  endfacet
  facet normal 0.859813 0.510608 0
    outer loop
      vertex 4.80066 13.3892 0.4
      vertex 4.78035 13.4234 0
      vertex 4.78035 13.4234 0.4
    endloop
  endfacet
  facet normal 0.859813 0.510608 0
    outer loop
      vertex 4.78035 13.4234 0
      vertex 4.80066 13.3892 0.4
      vertex 4.80066 13.3892 0
    endloop
  endfacet
  facet normal 0.921064 0.389412 0
    outer loop
      vertex 4.81736 13.3497 0.4
      vertex 4.80066 13.3892 0
      vertex 4.80066 13.3892 0.4
    endloop
  endfacet
  facet normal 0.921064 0.389412 0
    outer loop
      vertex 4.80066 13.3892 0
      vertex 4.81736 13.3497 0.4
      vertex 4.81736 13.3497 0
    endloop
  endfacet
  facet normal 0.959986 0.280049 0
    outer loop
      vertex 4.8304 13.305 0.4
      vertex 4.81736 13.3497 0
      vertex 4.81736 13.3497 0.4
    endloop
  endfacet
  facet normal 0.959986 0.280049 0
    outer loop
      vertex 4.81736 13.3497 0
      vertex 4.8304 13.305 0.4
      vertex 4.8304 13.305 0
    endloop
  endfacet
  facet normal 0.982712 0.185143 0
    outer loop
      vertex 4.83982 13.255 0.4
      vertex 4.8304 13.305 0
      vertex 4.8304 13.305 0.4
    endloop
  endfacet
  facet normal 0.982712 0.185143 0
    outer loop
      vertex 4.8304 13.305 0
      vertex 4.83982 13.255 0.4
      vertex 4.83982 13.255 0
    endloop
  endfacet
  facet normal -0.0564468 0.998406 0
    outer loop
      vertex 5.22364 13.2767 0
      vertex 4.83982 13.255 0.4
      vertex 5.22364 13.2767 0.4
    endloop
  endfacet
  facet normal -0.0564468 0.998406 0
    outer loop
      vertex 4.83982 13.255 0.4
      vertex 5.22364 13.2767 0
      vertex 4.83982 13.255 0
    endloop
  endfacet
  facet normal -0.983935 -0.178526 0
    outer loop
      vertex 5.22364 13.2767 0
      vertex 5.20526 13.378 0.4
      vertex 5.20526 13.378 0
    endloop
  endfacet
  facet normal -0.983935 -0.178526 0
    outer loop
      vertex 5.20526 13.378 0.4
      vertex 5.22364 13.2767 0
      vertex 5.22364 13.2767 0.4
    endloop
  endfacet
  facet normal -0.95283 -0.303506 0
    outer loop
      vertex 5.20526 13.378 0
      vertex 5.17621 13.4692 0.4
      vertex 5.17621 13.4692 0
    endloop
  endfacet
  facet normal -0.95283 -0.303506 0
    outer loop
      vertex 5.17621 13.4692 0.4
      vertex 5.20526 13.378 0
      vertex 5.20526 13.378 0.4
    endloop
  endfacet
  facet normal -0.89803 -0.439935 0
    outer loop
      vertex 5.17621 13.4692 0
      vertex 5.13648 13.5503 0.4
      vertex 5.13648 13.5503 0
    endloop
  endfacet
  facet normal -0.89803 -0.439935 0
    outer loop
      vertex 5.13648 13.5503 0.4
      vertex 5.17621 13.4692 0
      vertex 5.17621 13.4692 0.4
    endloop
  endfacet
  facet normal -0.815275 -0.579075 0
    outer loop
      vertex 5.13648 13.5503 0
      vertex 5.08605 13.6213 0.4
      vertex 5.08605 13.6213 0
    endloop
  endfacet
  facet normal -0.815275 -0.579075 0
    outer loop
      vertex 5.08605 13.6213 0.4
      vertex 5.13648 13.5503 0
      vertex 5.13648 13.5503 0.4
    endloop
  endfacet
  facet normal -0.705889 -0.708323 0
    outer loop
      vertex 5.02494 13.6822 0
      vertex 5.08605 13.6213 0.4
      vertex 5.02494 13.6822 0.4
    endloop
  endfacet
  facet normal -0.705889 -0.708323 -0
    outer loop
      vertex 5.08605 13.6213 0.4
      vertex 5.02494 13.6822 0
      vertex 5.08605 13.6213 0
    endloop
  endfacet
  facet normal -0.576674 -0.816974 0
    outer loop
      vertex 4.95368 13.7325 0
      vertex 5.02494 13.6822 0.4
      vertex 4.95368 13.7325 0.4
    endloop
  endfacet
  facet normal -0.576674 -0.816974 -0
    outer loop
      vertex 5.02494 13.6822 0.4
      vertex 4.95368 13.7325 0
      vertex 5.02494 13.6822 0
    endloop
  endfacet
  facet normal -0.435328 -0.900272 0
    outer loop
      vertex 4.87282 13.7716 0
      vertex 4.95368 13.7325 0.4
      vertex 4.87282 13.7716 0.4
    endloop
  endfacet
  facet normal -0.435328 -0.900272 -0
    outer loop
      vertex 4.95368 13.7325 0.4
      vertex 4.87282 13.7716 0
      vertex 4.95368 13.7325 0
    endloop
  endfacet
  facet normal -0.295718 -0.955275 0
    outer loop
      vertex 4.78237 13.7996 0
      vertex 4.87282 13.7716 0.4
      vertex 4.78237 13.7996 0.4
    endloop
  endfacet
  facet normal -0.295718 -0.955275 -0
    outer loop
      vertex 4.87282 13.7716 0.4
      vertex 4.78237 13.7996 0
      vertex 4.87282 13.7716 0
    endloop
  endfacet
  facet normal -0.164607 -0.986359 0
    outer loop
      vertex 4.6823 13.8163 0
      vertex 4.78237 13.7996 0.4
      vertex 4.6823 13.8163 0.4
    endloop
  endfacet
  facet normal -0.164607 -0.986359 -0
    outer loop
      vertex 4.78237 13.7996 0.4
      vertex 4.6823 13.8163 0
      vertex 4.78237 13.7996 0
    endloop
  endfacet
  facet normal -0.0509958 -0.998699 0
    outer loop
      vertex 4.57263 13.8219 0
      vertex 4.6823 13.8163 0.4
      vertex 4.57263 13.8219 0.4
    endloop
  endfacet
  facet normal -0.0509958 -0.998699 -0
    outer loop
      vertex 4.6823 13.8163 0.4
      vertex 4.57263 13.8219 0
      vertex 4.6823 13.8163 0
    endloop
  endfacet
  facet normal 0.0474323 -0.998874 0
    outer loop
      vertex 4.4547 13.8163 0
      vertex 4.57263 13.8219 0.4
      vertex 4.4547 13.8163 0.4
    endloop
  endfacet
  facet normal 0.0474323 -0.998874 0
    outer loop
      vertex 4.57263 13.8219 0.4
      vertex 4.4547 13.8163 0
      vertex 4.57263 13.8219 0
    endloop
  endfacet
  facet normal 0.156796 -0.987631 0
    outer loop
      vertex 4.34825 13.7994 0
      vertex 4.4547 13.8163 0.4
      vertex 4.34825 13.7994 0.4
    endloop
  endfacet
  facet normal 0.156796 -0.987631 0
    outer loop
      vertex 4.4547 13.8163 0.4
      vertex 4.34825 13.7994 0
      vertex 4.4547 13.8163 0
    endloop
  endfacet
  facet normal 0.284735 -0.958606 0
    outer loop
      vertex 4.25331 13.7712 0
      vertex 4.34825 13.7994 0.4
      vertex 4.25331 13.7712 0.4
    endloop
  endfacet
  facet normal 0.284735 -0.958606 0
    outer loop
      vertex 4.34825 13.7994 0.4
      vertex 4.25331 13.7712 0
      vertex 4.34825 13.7994 0
    endloop
  endfacet
  facet normal 0.428798 -0.9034 0
    outer loop
      vertex 4.16988 13.7316 0
      vertex 4.25331 13.7712 0.4
      vertex 4.16988 13.7316 0.4
    endloop
  endfacet
  facet normal 0.428798 -0.9034 0
    outer loop
      vertex 4.25331 13.7712 0.4
      vertex 4.16988 13.7316 0
      vertex 4.25331 13.7712 0
    endloop
  endfacet
  facet normal 0.576014 -0.81744 0
    outer loop
      vertex 4.09793 13.6809 0
      vertex 4.16988 13.7316 0.4
      vertex 4.09793 13.6809 0.4
    endloop
  endfacet
  facet normal 0.576014 -0.81744 0
    outer loop
      vertex 4.16988 13.7316 0.4
      vertex 4.09793 13.6809 0
      vertex 4.16988 13.7316 0
    endloop
  endfacet
  facet normal 0.71556 -0.698551 0
    outer loop
      vertex 4.03838 13.6199 0.4
      vertex 4.09793 13.6809 0
      vertex 4.09793 13.6809 0.4
    endloop
  endfacet
  facet normal 0.71556 -0.698551 0
    outer loop
      vertex 4.09793 13.6809 0
      vertex 4.03838 13.6199 0.4
      vertex 4.03838 13.6199 0
    endloop
  endfacet
  facet normal 0.834204 -0.551455 0
    outer loop
      vertex 3.99204 13.5498 0.4
      vertex 4.03838 13.6199 0
      vertex 4.03838 13.6199 0.4
    endloop
  endfacet
  facet normal 0.834204 -0.551455 0
    outer loop
      vertex 4.03838 13.6199 0
      vertex 3.99204 13.5498 0.4
      vertex 3.99204 13.5498 0
    endloop
  endfacet
  facet normal 0.922746 -0.385409 0
    outer loop
      vertex 3.95896 13.4706 0.4
      vertex 3.99204 13.5498 0
      vertex 3.99204 13.5498 0.4
    endloop
  endfacet
  facet normal 0.922746 -0.385409 0
    outer loop
      vertex 3.99204 13.5498 0
      vertex 3.95896 13.4706 0.4
      vertex 3.95896 13.4706 0
    endloop
  endfacet
  facet normal 0.975604 -0.219538 0
    outer loop
      vertex 3.93909 13.3823 0.4
      vertex 3.95896 13.4706 0
      vertex 3.95896 13.4706 0.4
    endloop
  endfacet
  facet normal 0.975604 -0.219538 0
    outer loop
      vertex 3.95896 13.4706 0
      vertex 3.93909 13.3823 0.4
      vertex 3.93909 13.3823 0
    endloop
  endfacet
  facet normal 0.997705 -0.0677087 0
    outer loop
      vertex 3.93248 13.2849 0.4
      vertex 3.93909 13.3823 0
      vertex 3.93909 13.3823 0.4
    endloop
  endfacet
  facet normal 0.997705 -0.0677087 0
    outer loop
      vertex 3.93909 13.3823 0
      vertex 3.93248 13.2849 0.4
      vertex 3.93248 13.2849 0
    endloop
  endfacet
  facet normal 0.999199 0.0400059 0
    outer loop
      vertex 3.93459 13.2322 0.4
      vertex 3.93248 13.2849 0
      vertex 3.93248 13.2849 0.4
    endloop
  endfacet
  facet normal 0.999199 0.0400059 0
    outer loop
      vertex 3.93248 13.2849 0
      vertex 3.93459 13.2322 0.4
      vertex 3.93459 13.2322 0
    endloop
  endfacet
  facet normal 0.992217 0.124517 0
    outer loop
      vertex 3.94094 13.1816 0.4
      vertex 3.93459 13.2322 0
      vertex 3.93459 13.2322 0.4
    endloop
  endfacet
  facet normal 0.992217 0.124517 0
    outer loop
      vertex 3.93459 13.2322 0
      vertex 3.94094 13.1816 0.4
      vertex 3.94094 13.1816 0
    endloop
  endfacet
  facet normal 0.977073 0.212905 0
    outer loop
      vertex 3.95153 13.133 0.4
      vertex 3.94094 13.1816 0
      vertex 3.94094 13.1816 0.4
    endloop
  endfacet
  facet normal 0.977073 0.212905 0
    outer loop
      vertex 3.94094 13.1816 0
      vertex 3.95153 13.133 0.4
      vertex 3.95153 13.133 0
    endloop
  endfacet
  facet normal 0.95284 0.303474 0
    outer loop
      vertex 3.96634 13.0865 0.4
      vertex 3.95153 13.133 0
      vertex 3.95153 13.133 0.4
    endloop
  endfacet
  facet normal 0.95284 0.303474 0
    outer loop
      vertex 3.95153 13.133 0
      vertex 3.96634 13.0865 0.4
      vertex 3.96634 13.0865 0
    endloop
  endfacet
  facet normal 0.919059 0.394119 0
    outer loop
      vertex 3.98538 13.0421 0.4
      vertex 3.96634 13.0865 0
      vertex 3.96634 13.0865 0.4
    endloop
  endfacet
  facet normal 0.919059 0.394119 0
    outer loop
      vertex 3.96634 13.0865 0
      vertex 3.98538 13.0421 0.4
      vertex 3.98538 13.0421 0
    endloop
  endfacet
  facet normal 0.886059 0.463573 0
    outer loop
      vertex 4.00772 12.9994 0.4
      vertex 3.98538 13.0421 0
      vertex 3.98538 13.0421 0.4
    endloop
  endfacet
  facet normal 0.886059 0.463573 0
    outer loop
      vertex 3.98538 13.0421 0
      vertex 4.00772 12.9994 0.4
      vertex 4.00772 12.9994 0
    endloop
  endfacet
  facet normal 0.858406 0.51297 0
    outer loop
      vertex 4.03246 12.958 0.4
      vertex 4.00772 12.9994 0
      vertex 4.00772 12.9994 0.4
    endloop
  endfacet
  facet normal 0.858406 0.51297 0
    outer loop
      vertex 4.00772 12.9994 0
      vertex 4.03246 12.958 0.4
      vertex 4.03246 12.958 0
    endloop
  endfacet
  facet normal 0.827599 0.561319 0
    outer loop
      vertex 4.05959 12.918 0.4
      vertex 4.03246 12.958 0
      vertex 4.03246 12.958 0.4
    endloop
  endfacet
  facet normal 0.827599 0.561319 0
    outer loop
      vertex 4.03246 12.958 0
      vertex 4.05959 12.918 0.4
      vertex 4.05959 12.918 0
    endloop
  endfacet
  facet normal 0.795191 0.606359 0
    outer loop
      vertex 4.0891 12.8793 0.4
      vertex 4.05959 12.918 0
      vertex 4.05959 12.918 0.4
    endloop
  endfacet
  facet normal 0.795191 0.606359 0
    outer loop
      vertex 4.05959 12.918 0
      vertex 4.0891 12.8793 0.4
      vertex 4.0891 12.8793 0
    endloop
  endfacet
  facet normal 0.759875 0.65007 0
    outer loop
      vertex 4.12101 12.842 0.4
      vertex 4.0891 12.8793 0
      vertex 4.0891 12.8793 0.4
    endloop
  endfacet
  facet normal 0.759875 0.65007 0
    outer loop
      vertex 4.0891 12.8793 0
      vertex 4.12101 12.842 0.4
      vertex 4.12101 12.842 0
    endloop
  endfacet
  facet normal 0.729777 0.683686 0
    outer loop
      vertex 4.15483 12.8059 0.4
      vertex 4.12101 12.842 0
      vertex 4.12101 12.842 0.4
    endloop
  endfacet
  facet normal 0.729777 0.683686 0
    outer loop
      vertex 4.12101 12.842 0
      vertex 4.15483 12.8059 0.4
      vertex 4.15483 12.8059 0
    endloop
  endfacet
  facet normal 0.707307 0.706906 -0
    outer loop
      vertex 4.19011 12.7706 0
      vertex 4.15483 12.8059 0.4
      vertex 4.19011 12.7706 0.4
    endloop
  endfacet
  facet normal 0.707307 0.706906 0
    outer loop
      vertex 4.15483 12.8059 0.4
      vertex 4.19011 12.7706 0
      vertex 4.15483 12.8059 0
    endloop
  endfacet
  facet normal 0.682219 0.731148 -0
    outer loop
      vertex 4.22687 12.7363 0
      vertex 4.19011 12.7706 0.4
      vertex 4.22687 12.7363 0.4
    endloop
  endfacet
  facet normal 0.682219 0.731148 0
    outer loop
      vertex 4.19011 12.7706 0.4
      vertex 4.22687 12.7363 0
      vertex 4.19011 12.7706 0
    endloop
  endfacet
  facet normal 0.65803 0.752991 -0
    outer loop
      vertex 4.26509 12.7029 0
      vertex 4.22687 12.7363 0.4
      vertex 4.26509 12.7029 0.4
    endloop
  endfacet
  facet normal 0.65803 0.752991 0
    outer loop
      vertex 4.22687 12.7363 0.4
      vertex 4.26509 12.7029 0
      vertex 4.22687 12.7363 0
    endloop
  endfacet
  facet normal 0.632376 0.774661 -0
    outer loop
      vertex 4.30478 12.6705 0
      vertex 4.26509 12.7029 0.4
      vertex 4.30478 12.6705 0.4
    endloop
  endfacet
  facet normal 0.632376 0.774661 0
    outer loop
      vertex 4.26509 12.7029 0.4
      vertex 4.30478 12.6705 0
      vertex 4.26509 12.7029 0
    endloop
  endfacet
  facet normal 0.621791 0.783183 -0
    outer loop
      vertex 4.34496 12.6386 0
      vertex 4.30478 12.6705 0.4
      vertex 4.34496 12.6386 0.4
    endloop
  endfacet
  facet normal 0.621791 0.783183 0
    outer loop
      vertex 4.30478 12.6705 0.4
      vertex 4.34496 12.6386 0
      vertex 4.30478 12.6705 0
    endloop
  endfacet
  facet normal 0.622296 0.782782 -0
    outer loop
      vertex 4.42383 12.5759 0
      vertex 4.34496 12.6386 0.4
      vertex 4.42383 12.5759 0.4
    endloop
  endfacet
  facet normal 0.622296 0.782782 0
    outer loop
      vertex 4.34496 12.6386 0.4
      vertex 4.42383 12.5759 0
      vertex 4.34496 12.6386 0
    endloop
  endfacet
  facet normal 0.623753 0.781621 -0
    outer loop
      vertex 4.50077 12.5145 0
      vertex 4.42383 12.5759 0.4
      vertex 4.50077 12.5145 0.4
    endloop
  endfacet
  facet normal 0.623753 0.781621 0
    outer loop
      vertex 4.42383 12.5759 0.4
      vertex 4.50077 12.5145 0
      vertex 4.42383 12.5759 0
    endloop
  endfacet
  facet normal 0.632071 0.774911 -0
    outer loop
      vertex 4.53804 12.4841 0
      vertex 4.50077 12.5145 0.4
      vertex 4.53804 12.4841 0.4
    endloop
  endfacet
  facet normal 0.632071 0.774911 0
    outer loop
      vertex 4.50077 12.5145 0.4
      vertex 4.53804 12.4841 0
      vertex 4.50077 12.5145 0
    endloop
  endfacet
  facet normal 0.648171 0.761495 -0
    outer loop
      vertex 4.57399 12.4535 0
      vertex 4.53804 12.4841 0.4
      vertex 4.57399 12.4535 0.4
    endloop
  endfacet
  facet normal 0.648171 0.761495 0
    outer loop
      vertex 4.53804 12.4841 0.4
      vertex 4.57399 12.4535 0
      vertex 4.53804 12.4841 0
    endloop
  endfacet
  facet normal 0.662695 0.748889 -0
    outer loop
      vertex 4.60857 12.4229 0
      vertex 4.57399 12.4535 0.4
      vertex 4.60857 12.4229 0.4
    endloop
  endfacet
  facet normal 0.662695 0.748889 0
    outer loop
      vertex 4.57399 12.4535 0.4
      vertex 4.60857 12.4229 0
      vertex 4.57399 12.4535 0
    endloop
  endfacet
  facet normal 0.679782 0.733414 -0
    outer loop
      vertex 4.6418 12.3921 0
      vertex 4.60857 12.4229 0.4
      vertex 4.6418 12.3921 0.4
    endloop
  endfacet
  facet normal 0.679782 0.733414 0
    outer loop
      vertex 4.60857 12.4229 0.4
      vertex 4.6418 12.3921 0
      vertex 4.60857 12.4229 0
    endloop
  endfacet
  facet normal 0.69482 0.719184 -0
    outer loop
      vertex 4.67368 12.3613 0
      vertex 4.6418 12.3921 0.4
      vertex 4.67368 12.3613 0.4
    endloop
  endfacet
  facet normal 0.69482 0.719184 0
    outer loop
      vertex 4.6418 12.3921 0.4
      vertex 4.67368 12.3613 0
      vertex 4.6418 12.3921 0
    endloop
  endfacet
  facet normal 0.727771 0.68582 0
    outer loop
      vertex 4.70327 12.3299 0.4
      vertex 4.67368 12.3613 0
      vertex 4.67368 12.3613 0.4
    endloop
  endfacet
  facet normal 0.727771 0.68582 0
    outer loop
      vertex 4.67368 12.3613 0
      vertex 4.70327 12.3299 0.4
      vertex 4.70327 12.3299 0
    endloop
  endfacet
  facet normal 0.773433 0.633878 0
    outer loop
      vertex 4.72966 12.2977 0.4
      vertex 4.70327 12.3299 0
      vertex 4.70327 12.3299 0.4
    endloop
  endfacet
  facet normal 0.773433 0.633878 0
    outer loop
      vertex 4.70327 12.3299 0
      vertex 4.72966 12.2977 0.4
      vertex 4.72966 12.2977 0
    endloop
  endfacet
  facet normal 0.818883 0.57396 0
    outer loop
      vertex 4.75286 12.2646 0.4
      vertex 4.72966 12.2977 0
      vertex 4.72966 12.2977 0.4
    endloop
  endfacet
  facet normal 0.818883 0.57396 0
    outer loop
      vertex 4.72966 12.2977 0
      vertex 4.75286 12.2646 0.4
      vertex 4.75286 12.2646 0
    endloop
  endfacet
  facet normal 0.862045 0.506832 0
    outer loop
      vertex 4.77285 12.2306 0.4
      vertex 4.75286 12.2646 0
      vertex 4.75286 12.2646 0.4
    endloop
  endfacet
  facet normal 0.862045 0.506832 0
    outer loop
      vertex 4.75286 12.2646 0
      vertex 4.77285 12.2306 0.4
      vertex 4.77285 12.2306 0
    endloop
  endfacet
  facet normal 0.900552 0.434749 0
    outer loop
      vertex 4.78965 12.1958 0.4
      vertex 4.77285 12.2306 0
      vertex 4.77285 12.2306 0.4
    endloop
  endfacet
  facet normal 0.900552 0.434749 0
    outer loop
      vertex 4.77285 12.2306 0
      vertex 4.78965 12.1958 0.4
      vertex 4.78965 12.1958 0
    endloop
  endfacet
  facet normal 0 -1 0
    outer loop
      vertex 3.90264 12.1958 0
      vertex 4.78965 12.1958 0.4
      vertex 3.90264 12.1958 0.4
    endloop
  endfacet
  facet normal 0 -1 -0
    outer loop
      vertex 4.78965 12.1958 0.4
      vertex 3.90264 12.1958 0
      vertex 4.78965 12.1958 0
    endloop
  endfacet
  facet normal 1 -0 0
    outer loop
      vertex 3.90264 11.8825 0.4
      vertex 3.90264 12.1958 0
      vertex 3.90264 12.1958 0.4
    endloop
  endfacet
  facet normal 1 0 0
    outer loop
      vertex 3.90264 12.1958 0
      vertex 3.90264 11.8825 0.4
      vertex 3.90264 11.8825 0
    endloop
  endfacet
  facet normal 0 1 -0
    outer loop
      vertex 5.2399 11.8825 0
      vertex 3.90264 11.8825 0.4
      vertex 5.2399 11.8825 0.4
    endloop
  endfacet
  facet normal 0 1 0
    outer loop
      vertex 3.90264 11.8825 0.4
      vertex 5.2399 11.8825 0
      vertex 3.90264 11.8825 0
    endloop
  endfacet
  facet normal -1 0 0
    outer loop
      vertex 5.2399 11.8825 0
      vertex 5.2399 12.147 0.4
      vertex 5.2399 12.147 0
    endloop
  endfacet
  facet normal -1 -0 0
    outer loop
      vertex 5.2399 12.147 0.4
      vertex 5.2399 11.8825 0
      vertex 5.2399 11.8825 0.4
    endloop
  endfacet
  facet normal -0.895959 -0.444138 0
    outer loop
      vertex 8.25721 12.147 0
      vertex 8.22484 12.2123 0.4
      vertex 8.22484 12.2123 0
    endloop
  endfacet
  facet normal -0.895959 -0.444138 0
    outer loop
      vertex 8.22484 12.2123 0.4
      vertex 8.25721 12.147 0
      vertex 8.25721 12.147 0.4
    endloop
  endfacet
  facet normal -0.865762 -0.500456 0
    outer loop
      vertex 8.22484 12.2123 0
      vertex 8.18744 12.277 0.4
      vertex 8.18744 12.277 0
    endloop
  endfacet
  facet normal -0.865762 -0.500456 0
    outer loop
      vertex 8.18744 12.277 0.4
      vertex 8.22484 12.2123 0
      vertex 8.22484 12.2123 0.4
    endloop
  endfacet
  facet normal -0.83335 -0.552746 0
    outer loop
      vertex 8.18744 12.277 0
      vertex 8.14499 12.341 0.4
      vertex 8.14499 12.341 0
    endloop
  endfacet
  facet normal -0.83335 -0.552746 0
    outer loop
      vertex 8.14499 12.341 0.4
      vertex 8.18744 12.277 0
      vertex 8.18744 12.277 0.4
    endloop
  endfacet
  facet normal -0.79997 -0.60004 0
    outer loop
      vertex 8.14499 12.341 0
      vertex 8.09751 12.4043 0.4
      vertex 8.09751 12.4043 0
    endloop
  endfacet
  facet normal -0.79997 -0.60004 0
    outer loop
      vertex 8.09751 12.4043 0.4
      vertex 8.14499 12.341 0
      vertex 8.14499 12.341 0.4
    endloop
  endfacet
  facet normal -0.766475 -0.642274 0
    outer loop
      vertex 8.09751 12.4043 0
      vertex 8.04497 12.467 0.4
      vertex 8.04497 12.467 0
    endloop
  endfacet
  facet normal -0.766475 -0.642274 0
    outer loop
      vertex 8.04497 12.467 0.4
      vertex 8.09751 12.4043 0
      vertex 8.09751 12.4043 0.4
    endloop
  endfacet
  facet normal -0.736164 -0.676803 0
    outer loop
      vertex 8.04497 12.467 0
      vertex 7.98705 12.53 0.4
      vertex 7.98705 12.53 0
    endloop
  endfacet
  facet normal -0.736164 -0.676803 0
    outer loop
      vertex 7.98705 12.53 0.4
      vertex 8.04497 12.467 0
      vertex 8.04497 12.467 0.4
    endloop
  endfacet
  facet normal -0.70932 -0.704887 0
    outer loop
      vertex 7.98705 12.53 0
      vertex 7.92345 12.594 0.4
      vertex 7.92345 12.594 0
    endloop
  endfacet
  facet normal -0.70932 -0.704887 0
    outer loop
      vertex 7.92345 12.594 0.4
      vertex 7.98705 12.53 0
      vertex 7.98705 12.53 0.4
    endloop
  endfacet
  facet normal -0.684623 -0.728897 0
    outer loop
      vertex 7.85414 12.6591 0
      vertex 7.92345 12.594 0.4
      vertex 7.85414 12.6591 0.4
    endloop
  endfacet
  facet normal -0.684623 -0.728897 -0
    outer loop
      vertex 7.92345 12.594 0.4
      vertex 7.85414 12.6591 0
      vertex 7.92345 12.594 0
    endloop
  endfacet
  facet normal -0.661803 -0.749677 0
    outer loop
      vertex 7.77915 12.7253 0
      vertex 7.85414 12.6591 0.4
      vertex 7.77915 12.7253 0.4
    endloop
  endfacet
  facet normal -0.661803 -0.749677 -0
    outer loop
      vertex 7.85414 12.6591 0.4
      vertex 7.77915 12.7253 0
      vertex 7.85414 12.6591 0
    endloop
  endfacet
  facet normal -0.639857 -0.768494 0
    outer loop
      vertex 7.69844 12.7925 0
      vertex 7.77915 12.7253 0.4
      vertex 7.69844 12.7925 0.4
    endloop
  endfacet
  facet normal -0.639857 -0.768494 -0
    outer loop
      vertex 7.77915 12.7253 0.4
      vertex 7.69844 12.7925 0
      vertex 7.77915 12.7253 0
    endloop
  endfacet
  facet normal -0.639483 -0.768805 0
    outer loop
      vertex 7.62294 12.8553 0
      vertex 7.69844 12.7925 0.4
      vertex 7.62294 12.8553 0.4
    endloop
  endfacet
  facet normal -0.639483 -0.768805 -0
    outer loop
      vertex 7.69844 12.7925 0.4
      vertex 7.62294 12.8553 0
      vertex 7.69844 12.7925 0
    endloop
  endfacet
  facet normal -0.662711 -0.748875 0
    outer loop
      vertex 7.55706 12.9136 0
      vertex 7.62294 12.8553 0.4
      vertex 7.55706 12.9136 0.4
    endloop
  endfacet
  facet normal -0.662711 -0.748875 -0
    outer loop
      vertex 7.62294 12.8553 0.4
      vertex 7.55706 12.9136 0
      vertex 7.62294 12.8553 0
    endloop
  endfacet
  facet normal -0.690329 -0.723496 0
    outer loop
      vertex 7.50078 12.9673 0
      vertex 7.55706 12.9136 0.4
      vertex 7.50078 12.9673 0.4
    endloop
  endfacet
  facet normal -0.690329 -0.723496 -0
    outer loop
      vertex 7.55706 12.9136 0.4
      vertex 7.50078 12.9673 0
      vertex 7.55706 12.9136 0
    endloop
  endfacet
  facet normal -0.725441 -0.688284 0
    outer loop
      vertex 7.50078 12.9673 0
      vertex 7.4541 13.0165 0.4
      vertex 7.4541 13.0165 0
    endloop
  endfacet
  facet normal -0.725441 -0.688284 0
    outer loop
      vertex 7.4541 13.0165 0.4
      vertex 7.50078 12.9673 0
      vertex 7.50078 12.9673 0.4
    endloop
  endfacet
  facet normal -0.76904 -0.6392 0
    outer loop
      vertex 7.4541 13.0165 0
      vertex 7.41703 13.0611 0.4
      vertex 7.41703 13.0611 0
    endloop
  endfacet
  facet normal -0.76904 -0.6392 0
    outer loop
      vertex 7.41703 13.0611 0.4
      vertex 7.4541 13.0165 0
      vertex 7.4541 13.0165 0.4
    endloop
  endfacet
  facet normal -0.82298 -0.568071 0
    outer loop
      vertex 7.41703 13.0611 0
      vertex 7.38797 13.1032 0.4
      vertex 7.38797 13.1032 0
    endloop
  endfacet
  facet normal -0.82298 -0.568071 0
    outer loop
      vertex 7.38797 13.1032 0.4
      vertex 7.41703 13.0611 0
      vertex 7.41703 13.0611 0.4
    endloop
  endfacet
  facet normal -0.880134 -0.474726 0
    outer loop
      vertex 7.38797 13.1032 0
      vertex 7.36537 13.1451 0.4
      vertex 7.36537 13.1451 0
    endloop
  endfacet
  facet normal -0.880134 -0.474726 0
    outer loop
      vertex 7.36537 13.1451 0.4
      vertex 7.38797 13.1032 0
      vertex 7.38797 13.1032 0.4
    endloop
  endfacet
  facet normal -0.9317 -0.363228 0
    outer loop
      vertex 7.36537 13.1451 0
      vertex 7.34923 13.1865 0.4
      vertex 7.34923 13.1865 0
    endloop
  endfacet
  facet normal -0.9317 -0.363228 0
    outer loop
      vertex 7.34923 13.1865 0.4
      vertex 7.36537 13.1451 0
      vertex 7.36537 13.1451 0.4
    endloop
  endfacet
  facet normal -0.973544 -0.228499 0
    outer loop
      vertex 7.34923 13.1865 0
      vertex 7.33956 13.2277 0.4
      vertex 7.33956 13.2277 0
    endloop
  endfacet
  facet normal -0.973544 -0.228499 0
    outer loop
      vertex 7.33956 13.2277 0.4
      vertex 7.34923 13.1865 0
      vertex 7.34923 13.1865 0.4
    endloop
  endfacet
  facet normal -0.996877 -0.0789702 0
    outer loop
      vertex 7.33956 13.2277 0
      vertex 7.33632 13.2686 0.4
      vertex 7.33632 13.2686 0
    endloop
  endfacet
  facet normal -0.996877 -0.0789702 0
    outer loop
      vertex 7.33632 13.2686 0.4
      vertex 7.33956 13.2277 0
      vertex 7.33956 13.2277 0.4
    endloop
  endfacet
  facet normal -0.993808 0.111112 0
    outer loop
      vertex 7.33632 13.2686 0
      vertex 7.34636 13.3584 0.4
      vertex 7.34636 13.3584 0
    endloop
  endfacet
  facet normal -0.993808 0.111112 0
    outer loop
      vertex 7.34636 13.3584 0.4
      vertex 7.33632 13.2686 0
      vertex 7.33632 13.2686 0.4
    endloop
  endfacet
  facet normal -0.918416 0.395615 0
    outer loop
      vertex 7.34636 13.3584 0
      vertex 7.37647 13.4283 0.4
      vertex 7.37647 13.4283 0
    endloop
  endfacet
  facet normal -0.918416 0.395615 0
    outer loop
      vertex 7.37647 13.4283 0.4
      vertex 7.34636 13.3584 0
      vertex 7.34636 13.3584 0.4
    endloop
  endfacet
  facet normal -0.705126 0.709082 0
    outer loop
      vertex 7.42665 13.4782 0
      vertex 7.37647 13.4283 0.4
      vertex 7.42665 13.4782 0.4
    endloop
  endfacet
  facet normal -0.705126 0.709082 0
    outer loop
      vertex 7.37647 13.4283 0.4
      vertex 7.42665 13.4782 0
      vertex 7.37647 13.4283 0
    endloop
  endfacet
  facet normal -0.392687 0.919672 0
    outer loop
      vertex 7.49691 13.5082 0
      vertex 7.42665 13.4782 0.4
      vertex 7.49691 13.5082 0.4
    endloop
  endfacet
  facet normal -0.392687 0.919672 0
    outer loop
      vertex 7.42665 13.4782 0.4
      vertex 7.49691 13.5082 0
      vertex 7.42665 13.4782 0
    endloop
  endfacet
  facet normal -0.10897 0.994045 0
    outer loop
      vertex 7.58722 13.5181 0
      vertex 7.49691 13.5082 0.4
      vertex 7.58722 13.5181 0.4
    endloop
  endfacet
  facet normal -0.10897 0.994045 0
    outer loop
      vertex 7.49691 13.5082 0.4
      vertex 7.58722 13.5181 0
      vertex 7.49691 13.5082 0
    endloop
  endfacet
  facet normal 0.0557909 0.998442 -0
    outer loop
      vertex 7.63375 13.5155 0
      vertex 7.58722 13.5181 0.4
      vertex 7.63375 13.5155 0.4
    endloop
  endfacet
  facet normal 0.0557909 0.998442 0
    outer loop
      vertex 7.58722 13.5181 0.4
      vertex 7.63375 13.5155 0
      vertex 7.58722 13.5181 0
    endloop
  endfacet
  facet normal 0.18528 0.982686 -0
    outer loop
      vertex 7.67565 13.5076 0
      vertex 7.63375 13.5155 0.4
      vertex 7.67565 13.5076 0.4
    endloop
  endfacet
  facet normal 0.18528 0.982686 0
    outer loop
      vertex 7.63375 13.5155 0.4
      vertex 7.67565 13.5076 0
      vertex 7.63375 13.5155 0
    endloop
  endfacet
  facet normal 0.333693 0.942682 -0
    outer loop
      vertex 7.71294 13.4944 0
      vertex 7.67565 13.5076 0.4
      vertex 7.71294 13.4944 0.4
    endloop
  endfacet
  facet normal 0.333693 0.942682 0
    outer loop
      vertex 7.67565 13.5076 0.4
      vertex 7.71294 13.4944 0
      vertex 7.67565 13.5076 0
    endloop
  endfacet
  facet normal 0.490616 0.871376 -0
    outer loop
      vertex 7.74562 13.476 0
      vertex 7.71294 13.4944 0.4
      vertex 7.74562 13.476 0.4
    endloop
  endfacet
  facet normal 0.490616 0.871376 0
    outer loop
      vertex 7.71294 13.4944 0.4
      vertex 7.74562 13.476 0
      vertex 7.71294 13.4944 0
    endloop
  endfacet
  facet normal 0.64499 0.764191 -0
    outer loop
      vertex 7.7737 13.4523 0
      vertex 7.74562 13.476 0.4
      vertex 7.7737 13.4523 0.4
    endloop
  endfacet
  facet normal 0.64499 0.764191 0
    outer loop
      vertex 7.74562 13.476 0.4
      vertex 7.7737 13.4523 0
      vertex 7.74562 13.476 0
    endloop
  endfacet
  facet normal 0.769835 0.638243 0
    outer loop
      vertex 7.79766 13.4234 0.4
      vertex 7.7737 13.4523 0
      vertex 7.7737 13.4523 0.4
    endloop
  endfacet
  facet normal 0.769835 0.638243 0
    outer loop
      vertex 7.7737 13.4523 0
      vertex 7.79766 13.4234 0.4
      vertex 7.79766 13.4234 0
    endloop
  endfacet
  facet normal 0.859813 0.510608 0
    outer loop
      vertex 7.81797 13.3892 0.4
      vertex 7.79766 13.4234 0
      vertex 7.79766 13.4234 0.4
    endloop
  endfacet
  facet normal 0.859813 0.510608 0
    outer loop
      vertex 7.79766 13.4234 0
      vertex 7.81797 13.3892 0.4
      vertex 7.81797 13.3892 0
    endloop
  endfacet
  facet normal 0.921147 0.389214 0
    outer loop
      vertex 7.83466 13.3497 0.4
      vertex 7.81797 13.3892 0
      vertex 7.81797 13.3892 0.4
    endloop
  endfacet
  facet normal 0.921147 0.389214 0
    outer loop
      vertex 7.81797 13.3892 0
      vertex 7.83466 13.3497 0.4
      vertex 7.83466 13.3497 0
    endloop
  endfacet
  facet normal 0.959986 0.280049 0
    outer loop
      vertex 7.8477 13.305 0.4
      vertex 7.83466 13.3497 0
      vertex 7.83466 13.3497 0.4
    endloop
  endfacet
  facet normal 0.959986 0.280049 0
    outer loop
      vertex 7.83466 13.3497 0
      vertex 7.8477 13.305 0.4
      vertex 7.8477 13.305 0
    endloop
  endfacet
  facet normal 0.982712 0.185143 0
    outer loop
      vertex 7.85712 13.255 0.4
      vertex 7.8477 13.305 0
      vertex 7.8477 13.305 0.4
    endloop
  endfacet
  facet normal 0.982712 0.185143 0
    outer loop
      vertex 7.8477 13.305 0
      vertex 7.85712 13.255 0.4
      vertex 7.85712 13.255 0
    endloop
  endfacet
  facet normal -0.0564468 0.998406 0
    outer loop
      vertex 8.24094 13.2767 0
      vertex 7.85712 13.255 0.4
      vertex 8.24094 13.2767 0.4
    endloop
  endfacet
  facet normal -0.0564468 0.998406 0
    outer loop
      vertex 7.85712 13.255 0.4
      vertex 8.24094 13.2767 0
      vertex 7.85712 13.255 0
    endloop
  endfacet
  facet normal -0.983969 -0.178338 0
    outer loop
      vertex 8.24094 13.2767 0
      vertex 8.22258 13.378 0.4
      vertex 8.22258 13.378 0
    endloop
  endfacet
  facet normal -0.983969 -0.178338 0
    outer loop
      vertex 8.22258 13.378 0.4
      vertex 8.24094 13.2767 0
      vertex 8.24094 13.2767 0.4
    endloop
  endfacet
  facet normal -0.95283 -0.303506 0
    outer loop
      vertex 8.22258 13.378 0
      vertex 8.19353 13.4692 0.4
      vertex 8.19353 13.4692 0
    endloop
  endfacet
  facet normal -0.95283 -0.303506 0
    outer loop
      vertex 8.19353 13.4692 0.4
      vertex 8.22258 13.378 0
      vertex 8.22258 13.378 0.4
    endloop
  endfacet
  facet normal -0.897942 -0.440113 0
    outer loop
      vertex 8.19353 13.4692 0
      vertex 8.15378 13.5503 0.4
      vertex 8.15378 13.5503 0
    endloop
  endfacet
  facet normal -0.897942 -0.440113 0
    outer loop
      vertex 8.15378 13.5503 0.4
      vertex 8.19353 13.4692 0
      vertex 8.19353 13.4692 0.4
    endloop
  endfacet
  facet normal -0.815275 -0.579075 0
    outer loop
      vertex 8.15378 13.5503 0
      vertex 8.10335 13.6213 0.4
      vertex 8.10335 13.6213 0
    endloop
  endfacet
  facet normal -0.815275 -0.579075 0
    outer loop
      vertex 8.10335 13.6213 0.4
      vertex 8.15378 13.5503 0
      vertex 8.15378 13.5503 0.4
    endloop
  endfacet
  facet normal -0.705889 -0.708323 0
    outer loop
      vertex 8.04224 13.6822 0
      vertex 8.10335 13.6213 0.4
      vertex 8.04224 13.6822 0.4
    endloop
  endfacet
  facet normal -0.705889 -0.708323 -0
    outer loop
      vertex 8.10335 13.6213 0.4
      vertex 8.04224 13.6822 0
      vertex 8.10335 13.6213 0
    endloop
  endfacet
  facet normal -0.576674 -0.816974 0
    outer loop
      vertex 7.97098 13.7325 0
      vertex 8.04224 13.6822 0.4
      vertex 7.97098 13.7325 0.4
    endloop
  endfacet
  facet normal -0.576674 -0.816974 -0
    outer loop
      vertex 8.04224 13.6822 0.4
      vertex 7.97098 13.7325 0
      vertex 8.04224 13.6822 0
    endloop
  endfacet
  facet normal -0.435328 -0.900272 0
    outer loop
      vertex 7.89012 13.7716 0
      vertex 7.97098 13.7325 0.4
      vertex 7.89012 13.7716 0.4
    endloop
  endfacet
  facet normal -0.435328 -0.900272 -0
    outer loop
      vertex 7.97098 13.7325 0.4
      vertex 7.89012 13.7716 0
      vertex 7.97098 13.7325 0
    endloop
  endfacet
  facet normal -0.295718 -0.955275 0
    outer loop
      vertex 7.79967 13.7996 0
      vertex 7.89012 13.7716 0.4
      vertex 7.79967 13.7996 0.4
    endloop
  endfacet
  facet normal -0.295718 -0.955275 -0
    outer loop
      vertex 7.89012 13.7716 0.4
      vertex 7.79967 13.7996 0
      vertex 7.89012 13.7716 0
    endloop
  endfacet
  facet normal -0.164607 -0.986359 0
    outer loop
      vertex 7.6996 13.8163 0
      vertex 7.79967 13.7996 0.4
      vertex 7.6996 13.8163 0.4
    endloop
  endfacet
  facet normal -0.164607 -0.986359 -0
    outer loop
      vertex 7.79967 13.7996 0.4
      vertex 7.6996 13.8163 0
      vertex 7.79967 13.7996 0
    endloop
  endfacet
  facet normal -0.0510005 -0.998699 0
    outer loop
      vertex 7.58994 13.8219 0
      vertex 7.6996 13.8163 0.4
      vertex 7.58994 13.8219 0.4
    endloop
  endfacet
  facet normal -0.0510005 -0.998699 -0
    outer loop
      vertex 7.6996 13.8163 0.4
      vertex 7.58994 13.8219 0
      vertex 7.6996 13.8163 0
    endloop
  endfacet
  facet normal 0.0474283 -0.998875 0
    outer loop
      vertex 7.472 13.8163 0
      vertex 7.58994 13.8219 0.4
      vertex 7.472 13.8163 0.4
    endloop
  endfacet
  facet normal 0.0474283 -0.998875 0
    outer loop
      vertex 7.58994 13.8219 0.4
      vertex 7.472 13.8163 0
      vertex 7.58994 13.8219 0
    endloop
  endfacet
  facet normal 0.156811 -0.987629 0
    outer loop
      vertex 7.36556 13.7994 0
      vertex 7.472 13.8163 0.4
      vertex 7.36556 13.7994 0.4
    endloop
  endfacet
  facet normal 0.156811 -0.987629 0
    outer loop
      vertex 7.472 13.8163 0.4
      vertex 7.36556 13.7994 0
      vertex 7.472 13.8163 0
    endloop
  endfacet
  facet normal 0.284735 -0.958606 0
    outer loop
      vertex 7.27062 13.7712 0
      vertex 7.36556 13.7994 0.4
      vertex 7.27062 13.7712 0.4
    endloop
  endfacet
  facet normal 0.284735 -0.958606 0
    outer loop
      vertex 7.36556 13.7994 0.4
      vertex 7.27062 13.7712 0
      vertex 7.36556 13.7994 0
    endloop
  endfacet
  facet normal 0.428756 -0.90342 0
    outer loop
      vertex 7.18718 13.7316 0
      vertex 7.27062 13.7712 0.4
      vertex 7.18718 13.7316 0.4
    endloop
  endfacet
  facet normal 0.428756 -0.90342 0
    outer loop
      vertex 7.27062 13.7712 0.4
      vertex 7.18718 13.7316 0
      vertex 7.27062 13.7712 0
    endloop
  endfacet
  facet normal 0.576067 -0.817402 0
    outer loop
      vertex 7.11524 13.6809 0
      vertex 7.18718 13.7316 0.4
      vertex 7.11524 13.6809 0.4
    endloop
  endfacet
  facet normal 0.576067 -0.817402 0
    outer loop
      vertex 7.18718 13.7316 0.4
      vertex 7.11524 13.6809 0
      vertex 7.18718 13.7316 0
    endloop
  endfacet
  facet normal 0.715502 -0.698611 0
    outer loop
      vertex 7.05568 13.6199 0.4
      vertex 7.11524 13.6809 0
      vertex 7.11524 13.6809 0.4
    endloop
  endfacet
  facet normal 0.715502 -0.698611 0
    outer loop
      vertex 7.11524 13.6809 0
      vertex 7.05568 13.6199 0.4
      vertex 7.05568 13.6199 0
    endloop
  endfacet
  facet normal 0.834314 -0.55129 0
    outer loop
      vertex 7.00936 13.5498 0.4
      vertex 7.05568 13.6199 0
      vertex 7.05568 13.6199 0.4
    endloop
  endfacet
  facet normal 0.834314 -0.55129 0
    outer loop
      vertex 7.05568 13.6199 0
      vertex 7.00936 13.5498 0.4
      vertex 7.00936 13.5498 0
    endloop
  endfacet
  facet normal 0.922663 -0.385608 0
    outer loop
      vertex 6.97626 13.4706 0.4
      vertex 7.00936 13.5498 0
      vertex 7.00936 13.5498 0.4
    endloop
  endfacet
  facet normal 0.922663 -0.385608 0
    outer loop
      vertex 7.00936 13.5498 0
      vertex 6.97626 13.4706 0.4
      vertex 6.97626 13.4706 0
    endloop
  endfacet
  facet normal 0.975651 -0.219328 0
    outer loop
      vertex 6.95641 13.3823 0.4
      vertex 6.97626 13.4706 0
      vertex 6.97626 13.4706 0.4
    endloop
  endfacet
  facet normal 0.975651 -0.219328 0
    outer loop
      vertex 6.97626 13.4706 0
      vertex 6.95641 13.3823 0.4
      vertex 6.95641 13.3823 0
    endloop
  endfacet
  facet normal 0.997698 -0.0678107 0
    outer loop
      vertex 6.94979 13.2849 0.4
      vertex 6.95641 13.3823 0
      vertex 6.95641 13.3823 0.4
    endloop
  endfacet
  facet normal 0.997698 -0.0678107 0
    outer loop
      vertex 6.95641 13.3823 0
      vertex 6.94979 13.2849 0.4
      vertex 6.94979 13.2849 0
    endloop
  endfacet
  facet normal 0.999192 0.0401952 0
    outer loop
      vertex 6.95191 13.2322 0.4
      vertex 6.94979 13.2849 0
      vertex 6.94979 13.2849 0.4
    endloop
  endfacet
  facet normal 0.999192 0.0401952 0
    outer loop
      vertex 6.94979 13.2849 0
      vertex 6.95191 13.2322 0.4
      vertex 6.95191 13.2322 0
    endloop
  endfacet
  facet normal 0.992242 0.124324 0
    outer loop
      vertex 6.95825 13.1816 0.4
      vertex 6.95191 13.2322 0
      vertex 6.95191 13.2322 0.4
    endloop
  endfacet
  facet normal 0.992242 0.124324 0
    outer loop
      vertex 6.95191 13.2322 0
      vertex 6.95825 13.1816 0.4
      vertex 6.95825 13.1816 0
    endloop
  endfacet
  facet normal 0.977115 0.212713 0
    outer loop
      vertex 6.96883 13.133 0.4
      vertex 6.95825 13.1816 0
      vertex 6.95825 13.1816 0.4
    endloop
  endfacet
  facet normal 0.977115 0.212713 0
    outer loop
      vertex 6.95825 13.1816 0
      vertex 6.96883 13.133 0.4
      vertex 6.96883 13.133 0
    endloop
  endfacet
  facet normal 0.95278 0.30366 0
    outer loop
      vertex 6.98365 13.0865 0.4
      vertex 6.96883 13.133 0
      vertex 6.96883 13.133 0.4
    endloop
  endfacet
  facet normal 0.95278 0.30366 0
    outer loop
      vertex 6.96883 13.133 0
      vertex 6.98365 13.0865 0.4
      vertex 6.98365 13.0865 0
    endloop
  endfacet
  facet normal 0.919059 0.394119 0
    outer loop
      vertex 7.00269 13.0421 0.4
      vertex 6.98365 13.0865 0
      vertex 6.98365 13.0865 0.4
    endloop
  endfacet
  facet normal 0.919059 0.394119 0
    outer loop
      vertex 6.98365 13.0865 0
      vertex 7.00269 13.0421 0.4
      vertex 7.00269 13.0421 0
    endloop
  endfacet
  facet normal 0.886059 0.463573 0
    outer loop
      vertex 7.02503 12.9994 0.4
      vertex 7.00269 13.0421 0
      vertex 7.00269 13.0421 0.4
    endloop
  endfacet
  facet normal 0.886059 0.463573 0
    outer loop
      vertex 7.00269 13.0421 0
      vertex 7.02503 12.9994 0.4
      vertex 7.02503 12.9994 0
    endloop
  endfacet
  facet normal 0.858498 0.512818 0
    outer loop
      vertex 7.04976 12.958 0.4
      vertex 7.02503 12.9994 0
      vertex 7.02503 12.9994 0.4
    endloop
  endfacet
  facet normal 0.858498 0.512818 0
    outer loop
      vertex 7.02503 12.9994 0
      vertex 7.04976 12.958 0.4
      vertex 7.04976 12.958 0
    endloop
  endfacet
  facet normal 0.827599 0.561319 0
    outer loop
      vertex 7.07689 12.918 0.4
      vertex 7.04976 12.958 0
      vertex 7.04976 12.958 0.4
    endloop
  endfacet
  facet normal 0.827599 0.561319 0
    outer loop
      vertex 7.04976 12.958 0
      vertex 7.07689 12.918 0.4
      vertex 7.07689 12.918 0
    endloop
  endfacet
  facet normal 0.795191 0.606359 0
    outer loop
      vertex 7.1064 12.8793 0.4
      vertex 7.07689 12.918 0
      vertex 7.07689 12.918 0.4
    endloop
  endfacet
  facet normal 0.795191 0.606359 0
    outer loop
      vertex 7.07689 12.918 0
      vertex 7.1064 12.8793 0.4
      vertex 7.1064 12.8793 0
    endloop
  endfacet
  facet normal 0.759875 0.65007 0
    outer loop
      vertex 7.13831 12.842 0.4
      vertex 7.1064 12.8793 0
      vertex 7.1064 12.8793 0.4
    endloop
  endfacet
  facet normal 0.759875 0.65007 0
    outer loop
      vertex 7.1064 12.8793 0
      vertex 7.13831 12.842 0.4
      vertex 7.13831 12.842 0
    endloop
  endfacet
  facet normal 0.729676 0.683793 0
    outer loop
      vertex 7.17214 12.8059 0.4
      vertex 7.13831 12.842 0
      vertex 7.13831 12.842 0.4
    endloop
  endfacet
  facet normal 0.729676 0.683793 0
    outer loop
      vertex 7.13831 12.842 0
      vertex 7.17214 12.8059 0.4
      vertex 7.17214 12.8059 0
    endloop
  endfacet
  facet normal 0.707207 0.707007 -0
    outer loop
      vertex 7.20743 12.7706 0
      vertex 7.17214 12.8059 0.4
      vertex 7.20743 12.7706 0.4
    endloop
  endfacet
  facet normal 0.707207 0.707007 0
    outer loop
      vertex 7.17214 12.8059 0.4
      vertex 7.20743 12.7706 0
      vertex 7.17214 12.8059 0
    endloop
  endfacet
  facet normal 0.682417 0.730963 -0
    outer loop
      vertex 7.24417 12.7363 0
      vertex 7.20743 12.7706 0.4
      vertex 7.24417 12.7363 0.4
    endloop
  endfacet
  facet normal 0.682417 0.730963 0
    outer loop
      vertex 7.20743 12.7706 0.4
      vertex 7.24417 12.7363 0
      vertex 7.20743 12.7706 0
    endloop
  endfacet
  facet normal 0.657933 0.753077 -0
    outer loop
      vertex 7.2824 12.7029 0
      vertex 7.24417 12.7363 0.4
      vertex 7.2824 12.7029 0.4
    endloop
  endfacet
  facet normal 0.657933 0.753077 0
    outer loop
      vertex 7.24417 12.7363 0.4
      vertex 7.2824 12.7029 0
      vertex 7.24417 12.7363 0
    endloop
  endfacet
  facet normal 0.632376 0.774661 -0
    outer loop
      vertex 7.32209 12.6705 0
      vertex 7.2824 12.7029 0.4
      vertex 7.32209 12.6705 0.4
    endloop
  endfacet
  facet normal 0.632376 0.774661 0
    outer loop
      vertex 7.2824 12.7029 0.4
      vertex 7.32209 12.6705 0
      vertex 7.2824 12.7029 0
    endloop
  endfacet
  facet normal 0.621886 0.783108 -0
    outer loop
      vertex 7.36226 12.6386 0
      vertex 7.32209 12.6705 0.4
      vertex 7.36226 12.6386 0.4
    endloop
  endfacet
  facet normal 0.621886 0.783108 0
    outer loop
      vertex 7.32209 12.6705 0.4
      vertex 7.36226 12.6386 0
      vertex 7.32209 12.6705 0
    endloop
  endfacet
  facet normal 0.622296 0.782782 -0
    outer loop
      vertex 7.44113 12.5759 0
      vertex 7.36226 12.6386 0.4
      vertex 7.44113 12.5759 0.4
    endloop
  endfacet
  facet normal 0.622296 0.782782 0
    outer loop
      vertex 7.36226 12.6386 0.4
      vertex 7.44113 12.5759 0
      vertex 7.36226 12.6386 0
    endloop
  endfacet
  facet normal 0.623753 0.781621 -0
    outer loop
      vertex 7.51807 12.5145 0
      vertex 7.44113 12.5759 0.4
      vertex 7.51807 12.5145 0.4
    endloop
  endfacet
  facet normal 0.623753 0.781621 0
    outer loop
      vertex 7.44113 12.5759 0.4
      vertex 7.51807 12.5145 0
      vertex 7.44113 12.5759 0
    endloop
  endfacet
  facet normal 0.631867 0.775077 -0
    outer loop
      vertex 7.55536 12.4841 0
      vertex 7.51807 12.5145 0.4
      vertex 7.55536 12.4841 0.4
    endloop
  endfacet
  facet normal 0.631867 0.775077 0
    outer loop
      vertex 7.51807 12.5145 0.4
      vertex 7.55536 12.4841 0
      vertex 7.51807 12.5145 0
    endloop
  endfacet
  facet normal 0.648275 0.761406 -0
    outer loop
      vertex 7.5913 12.4535 0
      vertex 7.55536 12.4841 0.4
      vertex 7.5913 12.4535 0.4
    endloop
  endfacet
  facet normal 0.648275 0.761406 0
    outer loop
      vertex 7.55536 12.4841 0.4
      vertex 7.5913 12.4535 0
      vertex 7.55536 12.4841 0
    endloop
  endfacet
  facet normal 0.662803 0.748794 -0
    outer loop
      vertex 7.62587 12.4229 0
      vertex 7.5913 12.4535 0.4
      vertex 7.62587 12.4229 0.4
    endloop
  endfacet
  facet normal 0.662803 0.748794 0
    outer loop
      vertex 7.5913 12.4535 0.4
      vertex 7.62587 12.4229 0
      vertex 7.5913 12.4535 0
    endloop
  endfacet
  facet normal 0.679672 0.733516 -0
    outer loop
      vertex 7.65911 12.3921 0
      vertex 7.62587 12.4229 0.4
      vertex 7.65911 12.3921 0.4
    endloop
  endfacet
  facet normal 0.679672 0.733516 0
    outer loop
      vertex 7.62587 12.4229 0.4
      vertex 7.65911 12.3921 0
      vertex 7.62587 12.4229 0
    endloop
  endfacet
  facet normal 0.694933 0.719075 -0
    outer loop
      vertex 7.69098 12.3613 0
      vertex 7.65911 12.3921 0.4
      vertex 7.69098 12.3613 0.4
    endloop
  endfacet
  facet normal 0.694933 0.719075 0
    outer loop
      vertex 7.65911 12.3921 0.4
      vertex 7.69098 12.3613 0
      vertex 7.65911 12.3921 0
    endloop
  endfacet
  facet normal 0.727771 0.68582 0
    outer loop
      vertex 7.72057 12.3299 0.4
      vertex 7.69098 12.3613 0
      vertex 7.69098 12.3613 0.4
    endloop
  endfacet
  facet normal 0.727771 0.68582 0
    outer loop
      vertex 7.69098 12.3613 0
      vertex 7.72057 12.3299 0.4
      vertex 7.72057 12.3299 0
    endloop
  endfacet
  facet normal 0.773315 0.634022 0
    outer loop
      vertex 7.74697 12.2977 0.4
      vertex 7.72057 12.3299 0
      vertex 7.72057 12.3299 0.4
    endloop
  endfacet
  facet normal 0.773315 0.634022 0
    outer loop
      vertex 7.72057 12.3299 0
      vertex 7.74697 12.2977 0.4
      vertex 7.74697 12.2977 0
    endloop
  endfacet
  facet normal 0.818999 0.573794 0
    outer loop
      vertex 7.77016 12.2646 0.4
      vertex 7.74697 12.2977 0
      vertex 7.74697 12.2977 0.4
    endloop
  endfacet
  facet normal 0.818999 0.573794 0
    outer loop
      vertex 7.74697 12.2977 0
      vertex 7.77016 12.2646 0.4
      vertex 7.77016 12.2646 0
    endloop
  endfacet
  facet normal 0.862045 0.506832 0
    outer loop
      vertex 7.79015 12.2306 0.4
      vertex 7.77016 12.2646 0
      vertex 7.77016 12.2646 0.4
    endloop
  endfacet
  facet normal 0.862045 0.506832 0
    outer loop
      vertex 7.77016 12.2646 0
      vertex 7.79015 12.2306 0.4
      vertex 7.79015 12.2306 0
    endloop
  endfacet
  facet normal 0.900552 0.434749 0
    outer loop
      vertex 7.80695 12.1958 0.4
      vertex 7.79015 12.2306 0
      vertex 7.79015 12.2306 0.4
    endloop
  endfacet
  facet normal 0.900552 0.434749 0
    outer loop
      vertex 7.79015 12.2306 0
      vertex 7.80695 12.1958 0.4
      vertex 7.80695 12.1958 0
    endloop
  endfacet
  facet normal 0 -1 0
    outer loop
      vertex 6.91994 12.1958 0
      vertex 7.80695 12.1958 0.4
      vertex 6.91994 12.1958 0.4
    endloop
  endfacet
  facet normal 0 -1 -0
    outer loop
      vertex 7.80695 12.1958 0.4
      vertex 6.91994 12.1958 0
      vertex 7.80695 12.1958 0
    endloop
  endfacet
  facet normal 1 -0 0
    outer loop
      vertex 6.91994 11.8825 0.4
      vertex 6.91994 12.1958 0
      vertex 6.91994 12.1958 0.4
    endloop
  endfacet
  facet normal 1 0 0
    outer loop
      vertex 6.91994 12.1958 0
      vertex 6.91994 11.8825 0.4
      vertex 6.91994 11.8825 0
    endloop
  endfacet
  facet normal 0 1 -0
    outer loop
      vertex 8.25721 11.8825 0
      vertex 6.91994 11.8825 0.4
      vertex 8.25721 11.8825 0.4
    endloop
  endfacet
  facet normal 0 1 0
    outer loop
      vertex 6.91994 11.8825 0.4
      vertex 8.25721 11.8825 0
      vertex 6.91994 11.8825 0
    endloop
  endfacet
  facet normal -1 0 0
    outer loop
      vertex 8.25721 11.8825 0
      vertex 8.25721 12.147 0.4
      vertex 8.25721 12.147 0
    endloop
  endfacet
  facet normal -1 -0 0
    outer loop
      vertex 8.25721 12.147 0.4
      vertex 8.25721 11.8825 0
      vertex 8.25721 11.8825 0.4
    endloop
  endfacet
  facet normal 0 -1 0
    outer loop
      vertex 19.6801 13.7934 0
      vertex 20.0978 13.7934 0.4
      vertex 19.6801 13.7934 0.4
    endloop
  endfacet
  facet normal 0 -1 -0
    outer loop
      vertex 20.0978 13.7934 0.4
      vertex 19.6801 13.7934 0
      vertex 20.0978 13.7934 0
    endloop
  endfacet
  facet normal 0.952274 -0.305243 0
    outer loop
      vertex 19.2867 12.5661 0.4
      vertex 19.6801 13.7934 0
      vertex 19.6801 13.7934 0.4
    endloop
  endfacet
  facet normal 0.952274 -0.305243 0
    outer loop
      vertex 19.6801 13.7934 0
      vertex 19.2867 12.5661 0.4
      vertex 19.2867 12.5661 0
    endloop
  endfacet
  facet normal 0.958375 -0.285512 0
    outer loop
      vertex 19.271 12.5134 0.4
      vertex 19.2867 12.5661 0
      vertex 19.2867 12.5661 0.4
    endloop
  endfacet
  facet normal 0.958375 -0.285512 0
    outer loop
      vertex 19.2867 12.5661 0
      vertex 19.271 12.5134 0.4
      vertex 19.271 12.5134 0
    endloop
  endfacet
  facet normal 0.961115 -0.276147 0
    outer loop
      vertex 19.2531 12.4511 0.4
      vertex 19.271 12.5134 0
      vertex 19.271 12.5134 0.4
    endloop
  endfacet
  facet normal 0.961115 -0.276147 0
    outer loop
      vertex 19.271 12.5134 0
      vertex 19.2531 12.4511 0.4
      vertex 19.2531 12.4511 0
    endloop
  endfacet
  facet normal 0.963365 -0.268194 0
    outer loop
      vertex 19.233 12.3789 0.4
      vertex 19.2531 12.4511 0
      vertex 19.2531 12.4511 0.4
    endloop
  endfacet
  facet normal 0.963365 -0.268194 0
    outer loop
      vertex 19.2531 12.4511 0
      vertex 19.233 12.3789 0.4
      vertex 19.233 12.3789 0
    endloop
  endfacet
  facet normal 0.965171 -0.261621 0
    outer loop
      vertex 19.2108 12.297 0.4
      vertex 19.233 12.3789 0
      vertex 19.233 12.3789 0.4
    endloop
  endfacet
  facet normal 0.965171 -0.261621 0
    outer loop
      vertex 19.233 12.3789 0
      vertex 19.2108 12.297 0.4
      vertex 19.2108 12.297 0
    endloop
  endfacet
  facet normal 0.966375 -0.257138 0
    outer loop
      vertex 19.1864 12.2053 0.4
      vertex 19.2108 12.297 0
      vertex 19.2108 12.297 0.4
    endloop
  endfacet
  facet normal 0.966375 -0.257138 0
    outer loop
      vertex 19.2108 12.297 0
      vertex 19.1864 12.2053 0.4
      vertex 19.1864 12.2053 0
    endloop
  endfacet
  facet normal -0.971403 -0.237436 0
    outer loop
      vertex 19.1864 12.2053 0
      vertex 19.1579 12.3219 0.4
      vertex 19.1579 12.3219 0
    endloop
  endfacet
  facet normal -0.971403 -0.237436 0
    outer loop
      vertex 19.1579 12.3219 0.4
      vertex 19.1864 12.2053 0
      vertex 19.1864 12.2053 0.4
    endloop
  endfacet
  facet normal -0.962116 -0.272639 0
    outer loop
      vertex 19.1579 12.3219 0
      vertex 19.0887 12.5661 0.4
      vertex 19.0887 12.5661 0
    endloop
  endfacet
  facet normal -0.962116 -0.272639 0
    outer loop
      vertex 19.0887 12.5661 0.4
      vertex 19.1579 12.3219 0
      vertex 19.1579 12.3219 0.4
    endloop
  endfacet
  facet normal -0.952612 -0.304187 0
    outer loop
      vertex 19.0887 12.5661 0
      vertex 18.6968 13.7934 0.4
      vertex 18.6968 13.7934 0
    endloop
  endfacet
  facet normal -0.952612 -0.304187 0
    outer loop
      vertex 18.6968 13.7934 0.4
      vertex 19.0887 12.5661 0
      vertex 19.0887 12.5661 0.4
    endloop
  endfacet
  facet normal 0 -1 0
    outer loop
      vertex 18.2831 13.7934 0
      vertex 18.6968 13.7934 0.4
      vertex 18.2831 13.7934 0.4
    endloop
  endfacet
  facet normal 0 -1 -0
    outer loop
      vertex 18.6968 13.7934 0.4
      vertex 18.2831 13.7934 0
      vertex 18.6968 13.7934 0
    endloop
  endfacet
  facet normal 0.938584 0.34505 0
    outer loop
      vertex 18.9856 11.8825 0.4
      vertex 18.2831 13.7934 0
      vertex 18.2831 13.7934 0.4
    endloop
  endfacet
  facet normal 0.938584 0.34505 0
    outer loop
      vertex 18.2831 13.7934 0
      vertex 18.9856 11.8825 0.4
      vertex 18.9856 11.8825 0
    endloop
  endfacet
  facet normal 0 1 -0
    outer loop
      vertex 19.3912 11.8825 0
      vertex 18.9856 11.8825 0.4
      vertex 19.3912 11.8825 0.4
    endloop
  endfacet
  facet normal 0 1 0
    outer loop
      vertex 18.9856 11.8825 0.4
      vertex 19.3912 11.8825 0
      vertex 18.9856 11.8825 0
    endloop
  endfacet
  facet normal -0.937931 0.346822 0
    outer loop
      vertex 19.3912 11.8825 0
      vertex 20.0978 13.7934 0.4
      vertex 20.0978 13.7934 0
    endloop
  endfacet
  facet normal -0.937931 0.346822 0
    outer loop
      vertex 20.0978 13.7934 0.4
      vertex 19.3912 11.8825 0
      vertex 19.3912 11.8825 0.4
    endloop
  endfacet
  facet normal -0.996805 -0.0798722 0
    outer loop
      vertex 17.9076 11.9774 0
      vertex 17.9001 12.071 0.4
      vertex 17.9001 12.071 0
    endloop
  endfacet
  facet normal -0.996805 -0.0798722 0
    outer loop
      vertex 17.9001 12.071 0.4
      vertex 17.9076 11.9774 0
      vertex 17.9076 11.9774 0.4
    endloop
  endfacet
  facet normal -0.990954 -0.134203 0
    outer loop
      vertex 17.9001 12.071 0
      vertex 17.8876 12.1633 0.4
      vertex 17.8876 12.1633 0
    endloop
  endfacet
  facet normal -0.990954 -0.134203 0
    outer loop
      vertex 17.8876 12.1633 0.4
      vertex 17.9001 12.071 0
      vertex 17.9001 12.071 0.4
    endloop
  endfacet
  facet normal -0.982045 -0.188647 0
    outer loop
      vertex 17.8876 12.1633 0
      vertex 17.8701 12.2544 0.4
      vertex 17.8701 12.2544 0
    endloop
  endfacet
  facet normal -0.982045 -0.188647 0
    outer loop
      vertex 17.8701 12.2544 0.4
      vertex 17.8876 12.1633 0
      vertex 17.8876 12.1633 0.4
    endloop
  endfacet
  facet normal -0.970333 -0.241774 0
    outer loop
      vertex 17.8701 12.2544 0
      vertex 17.8477 12.3443 0.4
      vertex 17.8477 12.3443 0
    endloop
  endfacet
  facet normal -0.970333 -0.241774 0
    outer loop
      vertex 17.8477 12.3443 0.4
      vertex 17.8701 12.2544 0
      vertex 17.8701 12.2544 0.4
    endloop
  endfacet
  facet normal -0.956881 -0.290482 0
    outer loop
      vertex 17.8477 12.3443 0
      vertex 17.8205 12.4339 0.4
      vertex 17.8205 12.4339 0
    endloop
  endfacet
  facet normal -0.956881 -0.290482 0
    outer loop
      vertex 17.8205 12.4339 0.4
      vertex 17.8477 12.3443 0
      vertex 17.8477 12.3443 0.4
    endloop
  endfacet
  facet normal -0.94376 -0.33063 0
    outer loop
      vertex 17.8205 12.4339 0
      vertex 17.7889 12.5241 0.4
      vertex 17.7889 12.5241 0
    endloop
  endfacet
  facet normal -0.94376 -0.33063 0
    outer loop
      vertex 17.7889 12.5241 0.4
      vertex 17.8205 12.4339 0
      vertex 17.8205 12.4339 0.4
    endloop
  endfacet
  facet normal -0.929391 -0.369098 0
    outer loop
      vertex 17.7889 12.5241 0
      vertex 17.7528 12.615 0.4
      vertex 17.7528 12.615 0
    endloop
  endfacet
  facet normal -0.929391 -0.369098 0
    outer loop
      vertex 17.7528 12.615 0.4
      vertex 17.7889 12.5241 0
      vertex 17.7889 12.5241 0.4
    endloop
  endfacet
  facet normal -0.914429 -0.404747 0
    outer loop
      vertex 17.7528 12.615 0
      vertex 17.7123 12.7065 0.4
      vertex 17.7123 12.7065 0
    endloop
  endfacet
  facet normal -0.914429 -0.404747 0
    outer loop
      vertex 17.7123 12.7065 0.4
      vertex 17.7528 12.615 0
      vertex 17.7528 12.615 0.4
    endloop
  endfacet
  facet normal -0.898487 -0.439 0
    outer loop
      vertex 17.7123 12.7065 0
      vertex 17.6673 12.7986 0.4
      vertex 17.6673 12.7986 0
    endloop
  endfacet
  facet normal -0.898487 -0.439 0
    outer loop
      vertex 17.6673 12.7986 0.4
      vertex 17.7123 12.7065 0
      vertex 17.7123 12.7065 0.4
    endloop
  endfacet
  facet normal -0.879186 -0.476479 0
    outer loop
      vertex 17.6673 12.7986 0
      vertex 17.6124 12.8999 0.4
      vertex 17.6124 12.8999 0
    endloop
  endfacet
  facet normal -0.879186 -0.476479 0
    outer loop
      vertex 17.6124 12.8999 0.4
      vertex 17.6673 12.7986 0
      vertex 17.6673 12.7986 0.4
    endloop
  endfacet
  facet normal -0.860609 -0.509266 0
    outer loop
      vertex 17.6124 12.8999 0
      vertex 17.5421 13.0187 0.4
      vertex 17.5421 13.0187 0
    endloop
  endfacet
  facet normal -0.860609 -0.509266 0
    outer loop
      vertex 17.5421 13.0187 0.4
      vertex 17.6124 12.8999 0
      vertex 17.6124 12.8999 0.4
    endloop
  endfacet
  facet normal -0.846565 -0.532286 0
    outer loop
      vertex 17.5421 13.0187 0
      vertex 17.4564 13.155 0.4
      vertex 17.4564 13.155 0
    endloop
  endfacet
  facet normal -0.846565 -0.532286 0
    outer loop
      vertex 17.4564 13.155 0.4
      vertex 17.5421 13.0187 0
      vertex 17.5421 13.0187 0.4
    endloop
  endfacet
  facet normal -0.835378 -0.549676 0
    outer loop
      vertex 17.4564 13.155 0
      vertex 17.3552 13.3088 0.4
      vertex 17.3552 13.3088 0
    endloop
  endfacet
  facet normal -0.835378 -0.549676 0
    outer loop
      vertex 17.3552 13.3088 0.4
      vertex 17.4564 13.155 0
      vertex 17.4564 13.155 0.4
    endloop
  endfacet
  facet normal -0.827043 -0.562138 0
    outer loop
      vertex 17.3552 13.3088 0
      vertex 17.2387 13.4802 0.4
      vertex 17.2387 13.4802 0
    endloop
  endfacet
  facet normal -0.827043 -0.562138 0
    outer loop
      vertex 17.2387 13.4802 0.4
      vertex 17.3552 13.3088 0
      vertex 17.3552 13.3088 0.4
    endloop
  endfacet
  facet normal 0 1 -0
    outer loop
      vertex 18.1881 13.4802 0
      vertex 17.2387 13.4802 0.4
      vertex 18.1881 13.4802 0.4
    endloop
  endfacet
  facet normal 0 1 0
    outer loop
      vertex 17.2387 13.4802 0.4
      vertex 18.1881 13.4802 0
      vertex 17.2387 13.4802 0
    endloop
  endfacet
  facet normal -1 0 0
    outer loop
      vertex 18.1881 13.4802 0
      vertex 18.1881 13.7934 0.4
      vertex 18.1881 13.7934 0
    endloop
  endfacet
  facet normal -1 -0 0
    outer loop
      vertex 18.1881 13.7934 0.4
      vertex 18.1881 13.4802 0
      vertex 18.1881 13.4802 0.4
    endloop
  endfacet
  facet normal 0 -1 0
    outer loop
      vertex 16.8847 13.7934 0
      vertex 18.1881 13.7934 0.4
      vertex 16.8847 13.7934 0.4
    endloop
  endfacet
  facet normal 0 -1 -0
    outer loop
      vertex 18.1881 13.7934 0.4
      vertex 16.8847 13.7934 0
      vertex 18.1881 13.7934 0
    endloop
  endfacet
  facet normal 1 -0 0
    outer loop
      vertex 16.8847 13.491 0.4
      vertex 16.8847 13.7934 0
      vertex 16.8847 13.7934 0.4
    endloop
  endfacet
  facet normal 1 0 0
    outer loop
      vertex 16.8847 13.7934 0
      vertex 16.8847 13.491 0.4
      vertex 16.8847 13.491 0
    endloop
  endfacet
  facet normal 0.845936 0.533285 0
    outer loop
      vertex 16.9357 13.4101 0.4
      vertex 16.8847 13.491 0
      vertex 16.8847 13.491 0.4
    endloop
  endfacet
  facet normal 0.845936 0.533285 0
    outer loop
      vertex 16.8847 13.491 0
      vertex 16.9357 13.4101 0.4
      vertex 16.9357 13.4101 0
    endloop
  endfacet
  facet normal 0.848654 0.528948 0
    outer loop
      vertex 16.9855 13.3302 0.4
      vertex 16.9357 13.4101 0
      vertex 16.9357 13.4101 0.4
    endloop
  endfacet
  facet normal 0.848654 0.528948 0
    outer loop
      vertex 16.9357 13.4101 0
      vertex 16.9855 13.3302 0.4
      vertex 16.9855 13.3302 0
    endloop
  endfacet
  facet normal 0.850954 0.52524 0
    outer loop
      vertex 17.0342 13.2513 0.4
      vertex 16.9855 13.3302 0
      vertex 16.9855 13.3302 0.4
    endloop
  endfacet
  facet normal 0.850954 0.52524 0
    outer loop
      vertex 16.9855 13.3302 0
      vertex 17.0342 13.2513 0.4
      vertex 17.0342 13.2513 0
    endloop
  endfacet
  facet normal 0.853606 0.520919 0
    outer loop
      vertex 17.0818 13.1733 0.4
      vertex 17.0342 13.2513 0
      vertex 17.0342 13.2513 0.4
    endloop
  endfacet
  facet normal 0.853606 0.520919 0
    outer loop
      vertex 17.0342 13.2513 0
      vertex 17.0818 13.1733 0.4
      vertex 17.0818 13.1733 0
    endloop
  endfacet
  facet normal 0.85651 0.516131 0
    outer loop
      vertex 17.1282 13.0963 0.4
      vertex 17.0818 13.1733 0
      vertex 17.0818 13.1733 0.4
    endloop
  endfacet
  facet normal 0.85651 0.516131 0
    outer loop
      vertex 17.0818 13.1733 0
      vertex 17.1282 13.0963 0.4
      vertex 17.1282 13.0963 0
    endloop
  endfacet
  facet normal 0.86341 0.504502 0
    outer loop
      vertex 17.1729 13.0198 0.4
      vertex 17.1282 13.0963 0
      vertex 17.1282 13.0963 0.4
    endloop
  endfacet
  facet normal 0.86341 0.504502 0
    outer loop
      vertex 17.1282 13.0963 0
      vertex 17.1729 13.0198 0.4
      vertex 17.1729 13.0198 0
    endloop
  endfacet
  facet normal 0.875927 0.482444 0
    outer loop
      vertex 17.2152 12.943 0.4
      vertex 17.1729 13.0198 0
      vertex 17.1729 13.0198 0.4
    endloop
  endfacet
  facet normal 0.875927 0.482444 0
    outer loop
      vertex 17.1729 13.0198 0
      vertex 17.2152 12.943 0.4
      vertex 17.2152 12.943 0
    endloop
  endfacet
  facet normal 0.88716 0.461462 0
    outer loop
      vertex 17.2552 12.8661 0.4
      vertex 17.2152 12.943 0
      vertex 17.2152 12.943 0.4
    endloop
  endfacet
  facet normal 0.88716 0.461462 0
    outer loop
      vertex 17.2152 12.943 0
      vertex 17.2552 12.8661 0.4
      vertex 17.2552 12.8661 0
    endloop
  endfacet
  facet normal 0.898129 0.439733 0
    outer loop
      vertex 17.2929 12.7891 0.4
      vertex 17.2552 12.8661 0
      vertex 17.2552 12.8661 0.4
    endloop
  endfacet
  facet normal 0.898129 0.439733 0
    outer loop
      vertex 17.2552 12.8661 0
      vertex 17.2929 12.7891 0.4
      vertex 17.2929 12.7891 0
    endloop
  endfacet
  facet normal 0.90964 0.415398 0
    outer loop
      vertex 17.3282 12.7118 0.4
      vertex 17.2929 12.7891 0
      vertex 17.2929 12.7891 0.4
    endloop
  endfacet
  facet normal 0.90964 0.415398 0
    outer loop
      vertex 17.2929 12.7891 0
      vertex 17.3282 12.7118 0.4
      vertex 17.3282 12.7118 0
    endloop
  endfacet
  facet normal 0.921278 0.388905 0
    outer loop
      vertex 17.361 12.6341 0.4
      vertex 17.3282 12.7118 0
      vertex 17.3282 12.7118 0.4
    endloop
  endfacet
  facet normal 0.921278 0.388905 0
    outer loop
      vertex 17.3282 12.7118 0
      vertex 17.361 12.6341 0.4
      vertex 17.361 12.6341 0
    endloop
  endfacet
  facet normal 0.935052 0.354511 0
    outer loop
      vertex 17.3908 12.5555 0.4
      vertex 17.361 12.6341 0
      vertex 17.361 12.6341 0.4
    endloop
  endfacet
  facet normal 0.935052 0.354511 0
    outer loop
      vertex 17.361 12.6341 0
      vertex 17.3908 12.5555 0.4
      vertex 17.3908 12.5555 0
    endloop
  endfacet
  facet normal 0.946882 0.321582 0
    outer loop
      vertex 17.4178 12.476 0.4
      vertex 17.3908 12.5555 0
      vertex 17.3908 12.5555 0.4
    endloop
  endfacet
  facet normal 0.946882 0.321582 0
    outer loop
      vertex 17.3908 12.5555 0
      vertex 17.4178 12.476 0.4
      vertex 17.4178 12.476 0
    endloop
  endfacet
  facet normal 0.957793 0.287457 0
    outer loop
      vertex 17.4419 12.3957 0.4
      vertex 17.4178 12.476 0
      vertex 17.4178 12.476 0.4
    endloop
  endfacet
  facet normal 0.957793 0.287457 0
    outer loop
      vertex 17.4178 12.476 0
      vertex 17.4419 12.3957 0.4
      vertex 17.4419 12.3957 0
    endloop
  endfacet
  facet normal 0.967275 0.253731 0
    outer loop
      vertex 17.4632 12.3145 0.4
      vertex 17.4419 12.3957 0
      vertex 17.4419 12.3957 0.4
    endloop
  endfacet
  facet normal 0.967275 0.253731 0
    outer loop
      vertex 17.4419 12.3957 0
      vertex 17.4632 12.3145 0.4
      vertex 17.4632 12.3145 0
    endloop
  endfacet
  facet normal 0.977559 0.21066 0
    outer loop
      vertex 17.481 12.2319 0.4
      vertex 17.4632 12.3145 0
      vertex 17.4632 12.3145 0.4
    endloop
  endfacet
  facet normal 0.977559 0.21066 0
    outer loop
      vertex 17.4632 12.3145 0
      vertex 17.481 12.2319 0.4
      vertex 17.481 12.2319 0
    endloop
  endfacet
  facet normal 0.986739 0.162316 0
    outer loop
      vertex 17.4949 12.1474 0.4
      vertex 17.481 12.2319 0
      vertex 17.481 12.2319 0.4
    endloop
  endfacet
  facet normal 0.986739 0.162316 0
    outer loop
      vertex 17.481 12.2319 0
      vertex 17.4949 12.1474 0.4
      vertex 17.4949 12.1474 0
    endloop
  endfacet
  facet normal 0.993629 0.112703 0
    outer loop
      vertex 17.5047 12.061 0.4
      vertex 17.4949 12.1474 0
      vertex 17.4949 12.1474 0.4
    endloop
  endfacet
  facet normal 0.993629 0.112703 0
    outer loop
      vertex 17.4949 12.1474 0
      vertex 17.5047 12.061 0.4
      vertex 17.5047 12.061 0
    endloop
  endfacet
  facet normal 0.997699 0.0677938 0
    outer loop
      vertex 17.5107 11.9727 0.4
      vertex 17.5047 12.061 0
      vertex 17.5047 12.061 0.4
    endloop
  endfacet
  facet normal 0.997699 0.0677938 0
    outer loop
      vertex 17.5047 12.061 0
      vertex 17.5107 11.9727 0.4
      vertex 17.5107 11.9727 0
    endloop
  endfacet
  facet normal 0.999754 0.0221675 0
    outer loop
      vertex 17.5127 11.8825 0.4
      vertex 17.5107 11.9727 0
      vertex 17.5107 11.9727 0.4
    endloop
  endfacet
  facet normal 0.999754 0.0221675 0
    outer loop
      vertex 17.5107 11.9727 0
      vertex 17.5127 11.8825 0.4
      vertex 17.5127 11.8825 0
    endloop
  endfacet
  facet normal 0 1 -0
    outer loop
      vertex 17.9101 11.8825 0
      vertex 17.5127 11.8825 0.4
      vertex 17.9101 11.8825 0.4
    endloop
  endfacet
  facet normal 0 1 0
    outer loop
      vertex 17.5127 11.8825 0.4
      vertex 17.9101 11.8825 0
      vertex 17.5127 11.8825 0
    endloop
  endfacet
  facet normal -0.999653 -0.0263344 0
    outer loop
      vertex 17.9101 11.8825 0
      vertex 17.9076 11.9774 0.4
      vertex 17.9076 11.9774 0
    endloop
  endfacet
  facet normal -0.999653 -0.0263344 0
    outer loop
      vertex 17.9076 11.9774 0.4
      vertex 17.9101 11.8825 0
      vertex 17.9101 11.8825 0.4
    endloop
  endfacet
  facet normal 0 -1 0
    outer loop
      vertex 20.9866 13.7934 0
      vertex 21.3867 13.7934 0.4
      vertex 20.9866 13.7934 0.4
    endloop
  endfacet
  facet normal 0 -1 -0
    outer loop
      vertex 21.3867 13.7934 0.4
      vertex 20.9866 13.7934 0
      vertex 21.3867 13.7934 0
    endloop
  endfacet
  facet normal 1 -0 0
    outer loop
      vertex 20.9866 12.1917 0.4
      vertex 20.9866 13.7934 0
      vertex 20.9866 13.7934 0.4
    endloop
  endfacet
  facet normal 1 0 0
    outer loop
      vertex 20.9866 13.7934 0
      vertex 20.9866 12.1917 0.4
      vertex 20.9866 12.1917 0
    endloop
  endfacet
  facet normal 0 -1 0
    outer loop
      vertex 19.9612 12.1917 0
      vertex 20.9866 12.1917 0.4
      vertex 19.9612 12.1917 0.4
    endloop
  endfacet
  facet normal 0 -1 -0
    outer loop
      vertex 20.9866 12.1917 0.4
      vertex 19.9612 12.1917 0
      vertex 20.9866 12.1917 0
    endloop
  endfacet
  facet normal 1 -0 0
    outer loop
      vertex 19.9612 11.8825 0.4
      vertex 19.9612 12.1917 0
      vertex 19.9612 12.1917 0.4
    endloop
  endfacet
  facet normal 1 0 0
    outer loop
      vertex 19.9612 12.1917 0
      vertex 19.9612 11.8825 0.4
      vertex 19.9612 11.8825 0
    endloop
  endfacet
  facet normal 0 1 -0
    outer loop
      vertex 21.3867 11.8825 0
      vertex 19.9612 11.8825 0.4
      vertex 21.3867 11.8825 0.4
    endloop
  endfacet
  facet normal 0 1 0
    outer loop
      vertex 19.9612 11.8825 0.4
      vertex 21.3867 11.8825 0
      vertex 19.9612 11.8825 0
    endloop
  endfacet
  facet normal -1 0 0
    outer loop
      vertex 21.3867 11.8825 0
      vertex 21.3867 13.7934 0.4
      vertex 21.3867 13.7934 0
    endloop
  endfacet
  facet normal -1 -0 0
    outer loop
      vertex 21.3867 13.7934 0.4
      vertex 21.3867 11.8825 0
      vertex 21.3867 11.8825 0.4
    endloop
  endfacet
  facet normal -0.202971 0.979185 0
    outer loop
      vertex 12.3165 11.8872 0
      vertex 12.2012 11.8633 0.4
      vertex 12.3165 11.8872 0.4
    endloop
  endfacet
  facet normal -0.202971 0.979185 0
    outer loop
      vertex 12.2012 11.8633 0.4
      vertex 12.3165 11.8872 0
      vertex 12.2012 11.8633 0
    endloop
  endfacet
  facet normal -0.359647 0.933089 0
    outer loop
      vertex 12.4195 11.9269 0
      vertex 12.3165 11.8872 0.4
      vertex 12.4195 11.9269 0.4
    endloop
  endfacet
  facet normal -0.359647 0.933089 0
    outer loop
      vertex 12.3165 11.8872 0.4
      vertex 12.4195 11.9269 0
      vertex 12.3165 11.8872 0
    endloop
  endfacet
  facet normal -0.521374 0.853328 0
    outer loop
      vertex 12.5105 11.9825 0
      vertex 12.4195 11.9269 0.4
      vertex 12.5105 11.9825 0.4
    endloop
  endfacet
  facet normal -0.521374 0.853328 0
    outer loop
      vertex 12.4195 11.9269 0.4
      vertex 12.5105 11.9825 0
      vertex 12.4195 11.9269 0
    endloop
  endfacet
  facet normal -0.672953 0.739685 0
    outer loop
      vertex 12.5892 12.0541 0
      vertex 12.5105 11.9825 0.4
      vertex 12.5892 12.0541 0.4
    endloop
  endfacet
  facet normal -0.672953 0.739685 0
    outer loop
      vertex 12.5105 11.9825 0.4
      vertex 12.5892 12.0541 0
      vertex 12.5105 11.9825 0
    endloop
  endfacet
  facet normal -0.794516 0.607244 0
    outer loop
      vertex 12.5892 12.0541 0
      vertex 12.6547 12.1398 0.4
      vertex 12.6547 12.1398 0
    endloop
  endfacet
  facet normal -0.794516 0.607244 0
    outer loop
      vertex 12.6547 12.1398 0.4
      vertex 12.5892 12.0541 0
      vertex 12.5892 12.0541 0.4
    endloop
  endfacet
  facet normal -0.888383 0.459103 0
    outer loop
      vertex 12.6547 12.1398 0
      vertex 12.7055 12.2381 0.4
      vertex 12.7055 12.2381 0
    endloop
  endfacet
  facet normal -0.888383 0.459103 0
    outer loop
      vertex 12.7055 12.2381 0.4
      vertex 12.6547 12.1398 0
      vertex 12.6547 12.1398 0.4
    endloop
  endfacet
  facet normal -0.950046 0.312109 0
    outer loop
      vertex 12.7055 12.2381 0
      vertex 12.7419 12.3489 0.4
      vertex 12.7419 12.3489 0
    endloop
  endfacet
  facet normal -0.950046 0.312109 0
    outer loop
      vertex 12.7419 12.3489 0.4
      vertex 12.7055 12.2381 0
      vertex 12.7055 12.2381 0.4
    endloop
  endfacet
  facet normal -0.984727 0.174104 0
    outer loop
      vertex 12.7419 12.3489 0
      vertex 12.7637 12.4722 0.4
      vertex 12.7637 12.4722 0
    endloop
  endfacet
  facet normal -0.984727 0.174104 0
    outer loop
      vertex 12.7637 12.4722 0.4
      vertex 12.7419 12.3489 0
      vertex 12.7419 12.3489 0.4
    endloop
  endfacet
  facet normal -0.9986 0.0529059 0
    outer loop
      vertex 12.7637 12.4722 0
      vertex 12.7709 12.6081 0.4
      vertex 12.7709 12.6081 0
    endloop
  endfacet
  facet normal -0.9986 0.0529059 0
    outer loop
      vertex 12.7709 12.6081 0.4
      vertex 12.7637 12.4722 0
      vertex 12.7637 12.4722 0.4
    endloop
  endfacet
  facet normal -0.998622 -0.0524834 0
    outer loop
      vertex 12.7709 12.6081 0
      vertex 12.7636 12.747 0.4
      vertex 12.7636 12.747 0
    endloop
  endfacet
  facet normal -0.998622 -0.0524834 0
    outer loop
      vertex 12.7636 12.747 0.4
      vertex 12.7709 12.6081 0
      vertex 12.7709 12.6081 0.4
    endloop
  endfacet
  facet normal -0.985252 -0.17111 0
    outer loop
      vertex 12.7636 12.747 0
      vertex 12.7417 12.8731 0.4
      vertex 12.7417 12.8731 0
    endloop
  endfacet
  facet normal -0.985252 -0.17111 0
    outer loop
      vertex 12.7417 12.8731 0.4
      vertex 12.7636 12.747 0
      vertex 12.7636 12.747 0.4
    endloop
  endfacet
  facet normal -0.951336 -0.308156 0
    outer loop
      vertex 12.7417 12.8731 0
      vertex 12.705 12.9864 0.4
      vertex 12.705 12.9864 0
    endloop
  endfacet
  facet normal -0.951336 -0.308156 0
    outer loop
      vertex 12.705 12.9864 0.4
      vertex 12.7417 12.8731 0
      vertex 12.7417 12.8731 0.4
    endloop
  endfacet
  facet normal -0.89085 -0.454298 0
    outer loop
      vertex 12.705 12.9864 0
      vertex 12.6538 13.0868 0.4
      vertex 12.6538 13.0868 0
    endloop
  endfacet
  facet normal -0.89085 -0.454298 0
    outer loop
      vertex 12.6538 13.0868 0.4
      vertex 12.705 12.9864 0
      vertex 12.705 12.9864 0.4
    endloop
  endfacet
  facet normal -0.798793 -0.601606 0
    outer loop
      vertex 12.6538 13.0868 0
      vertex 12.5879 13.1743 0.4
      vertex 12.5879 13.1743 0
    endloop
  endfacet
  facet normal -0.798793 -0.601606 0
    outer loop
      vertex 12.5879 13.1743 0.4
      vertex 12.6538 13.0868 0
      vertex 12.6538 13.0868 0.4
    endloop
  endfacet
  facet normal -0.676815 -0.736153 0
    outer loop
      vertex 12.5085 13.2473 0
      vertex 12.5879 13.1743 0.4
      vertex 12.5085 13.2473 0.4
    endloop
  endfacet
  facet normal -0.676815 -0.736153 -0
    outer loop
      vertex 12.5879 13.1743 0.4
      vertex 12.5085 13.2473 0
      vertex 12.5879 13.1743 0
    endloop
  endfacet
  facet normal -0.526993 -0.849869 0
    outer loop
      vertex 12.4169 13.3041 0
      vertex 12.5085 13.2473 0.4
      vertex 12.4169 13.3041 0.4
    endloop
  endfacet
  facet normal -0.526993 -0.849869 -0
    outer loop
      vertex 12.5085 13.2473 0.4
      vertex 12.4169 13.3041 0
      vertex 12.5085 13.2473 0
    endloop
  endfacet
  facet normal -0.363182 -0.931718 0
    outer loop
      vertex 12.313 13.3446 0
      vertex 12.4169 13.3041 0.4
      vertex 12.313 13.3446 0.4
    endloop
  endfacet
  facet normal -0.363182 -0.931718 -0
    outer loop
      vertex 12.4169 13.3041 0.4
      vertex 12.313 13.3446 0
      vertex 12.4169 13.3041 0
    endloop
  endfacet
  facet normal -0.205501 -0.978657 0
    outer loop
      vertex 12.1968 13.369 0
      vertex 12.313 13.3446 0.4
      vertex 12.1968 13.369 0.4
    endloop
  endfacet
  facet normal -0.205501 -0.978657 -0
    outer loop
      vertex 12.313 13.3446 0.4
      vertex 12.1968 13.369 0
      vertex 12.313 13.3446 0
    endloop
  endfacet
  facet normal -0.062959 -0.998016 0
    outer loop
      vertex 12.0684 13.3771 0
      vertex 12.1968 13.369 0.4
      vertex 12.0684 13.3771 0.4
    endloop
  endfacet
  facet normal -0.062959 -0.998016 -0
    outer loop
      vertex 12.1968 13.369 0.4
      vertex 12.0684 13.3771 0
      vertex 12.1968 13.369 0
    endloop
  endfacet
  facet normal 0.0519298 -0.998651 0
    outer loop
      vertex 11.9684 13.3719 0
      vertex 12.0684 13.3771 0.4
      vertex 11.9684 13.3719 0.4
    endloop
  endfacet
  facet normal 0.0519298 -0.998651 0
    outer loop
      vertex 12.0684 13.3771 0.4
      vertex 11.9684 13.3719 0
      vertex 12.0684 13.3771 0
    endloop
  endfacet
  facet normal 0.166636 -0.986018 0
    outer loop
      vertex 11.8755 13.3562 0
      vertex 11.9684 13.3719 0.4
      vertex 11.8755 13.3562 0.4
    endloop
  endfacet
  facet normal 0.166636 -0.986018 0
    outer loop
      vertex 11.9684 13.3719 0.4
      vertex 11.8755 13.3562 0
      vertex 11.9684 13.3719 0
    endloop
  endfacet
  facet normal 0.290317 -0.95693 0
    outer loop
      vertex 11.7898 13.3302 0
      vertex 11.8755 13.3562 0.4
      vertex 11.7898 13.3302 0.4
    endloop
  endfacet
  facet normal 0.290317 -0.95693 0
    outer loop
      vertex 11.8755 13.3562 0.4
      vertex 11.7898 13.3302 0
      vertex 11.8755 13.3562 0
    endloop
  endfacet
  facet normal 0.421179 -0.906977 0
    outer loop
      vertex 11.7112 13.2937 0
      vertex 11.7898 13.3302 0.4
      vertex 11.7112 13.2937 0.4
    endloop
  endfacet
  facet normal 0.421179 -0.906977 0
    outer loop
      vertex 11.7898 13.3302 0.4
      vertex 11.7112 13.2937 0
      vertex 11.7898 13.3302 0
    endloop
  endfacet
  facet normal 0.548733 -0.835997 0
    outer loop
      vertex 11.6399 13.2469 0
      vertex 11.7112 13.2937 0.4
      vertex 11.6399 13.2469 0.4
    endloop
  endfacet
  facet normal 0.548733 -0.835997 0
    outer loop
      vertex 11.7112 13.2937 0.4
      vertex 11.6399 13.2469 0
      vertex 11.7112 13.2937 0
    endloop
  endfacet
  facet normal 0.666205 -0.745769 0
    outer loop
      vertex 11.5771 13.1908 0
      vertex 11.6399 13.2469 0.4
      vertex 11.5771 13.1908 0.4
    endloop
  endfacet
  facet normal 0.666205 -0.745769 0
    outer loop
      vertex 11.6399 13.2469 0.4
      vertex 11.5771 13.1908 0
      vertex 11.6399 13.2469 0
    endloop
  endfacet
  facet normal 0.771477 -0.636257 0
    outer loop
      vertex 11.5244 13.1269 0.4
      vertex 11.5771 13.1908 0
      vertex 11.5771 13.1908 0.4
    endloop
  endfacet
  facet normal 0.771477 -0.636257 0
    outer loop
      vertex 11.5771 13.1908 0
      vertex 11.5244 13.1269 0.4
      vertex 11.5244 13.1269 0
    endloop
  endfacet
  facet normal 0.86033 -0.509737 0
    outer loop
      vertex 11.4818 13.055 0.4
      vertex 11.5244 13.1269 0
      vertex 11.5244 13.1269 0.4
    endloop
  endfacet
  facet normal 0.86033 -0.509737 0
    outer loop
      vertex 11.5244 13.1269 0
      vertex 11.4818 13.055 0.4
      vertex 11.4818 13.055 0
    endloop
  endfacet
  facet normal 0.926137 -0.377186 0
    outer loop
      vertex 11.4493 12.9752 0.4
      vertex 11.4818 13.055 0
      vertex 11.4818 13.055 0.4
    endloop
  endfacet
  facet normal 0.926137 -0.377186 0
    outer loop
      vertex 11.4818 13.055 0
      vertex 11.4493 12.9752 0.4
      vertex 11.4493 12.9752 0
    endloop
  endfacet
  facet normal 0.968895 -0.247472 0
    outer loop
      vertex 11.4269 12.8875 0.4
      vertex 11.4493 12.9752 0
      vertex 11.4493 12.9752 0.4
    endloop
  endfacet
  facet normal 0.968895 -0.247472 0
    outer loop
      vertex 11.4493 12.9752 0
      vertex 11.4269 12.8875 0.4
      vertex 11.4269 12.8875 0
    endloop
  endfacet
  facet normal 0.0494444 0.998777 -0
    outer loop
      vertex 11.8107 12.8685 0
      vertex 11.4269 12.8875 0.4
      vertex 11.8107 12.8685 0.4
    endloop
  endfacet
  facet normal 0.0494444 0.998777 0
    outer loop
      vertex 11.4269 12.8875 0.4
      vertex 11.8107 12.8685 0
      vertex 11.4269 12.8875 0
    endloop
  endfacet
  facet normal -0.981187 0.193058 0
    outer loop
      vertex 11.8107 12.8685 0
      vertex 11.8192 12.9117 0.4
      vertex 11.8192 12.9117 0
    endloop
  endfacet
  facet normal -0.981187 0.193058 0
    outer loop
      vertex 11.8192 12.9117 0.4
      vertex 11.8107 12.8685 0
      vertex 11.8107 12.8685 0.4
    endloop
  endfacet
  facet normal -0.954308 0.298824 0
    outer loop
      vertex 11.8192 12.9117 0
      vertex 11.8316 12.9513 0.4
      vertex 11.8316 12.9513 0
    endloop
  endfacet
  facet normal -0.954308 0.298824 0
    outer loop
      vertex 11.8316 12.9513 0.4
      vertex 11.8192 12.9117 0
      vertex 11.8192 12.9117 0.4
    endloop
  endfacet
  facet normal -0.911493 0.411315 0
    outer loop
      vertex 11.8316 12.9513 0
      vertex 11.8478 12.9872 0.4
      vertex 11.8478 12.9872 0
    endloop
  endfacet
  facet normal -0.911493 0.411315 0
    outer loop
      vertex 11.8478 12.9872 0.4
      vertex 11.8316 12.9513 0
      vertex 11.8316 12.9513 0.4
    endloop
  endfacet
  facet normal -0.847851 0.530235 0
    outer loop
      vertex 11.8478 12.9872 0
      vertex 11.868 13.0195 0.4
      vertex 11.868 13.0195 0
    endloop
  endfacet
  facet normal -0.847851 0.530235 0
    outer loop
      vertex 11.868 13.0195 0.4
      vertex 11.8478 12.9872 0
      vertex 11.8478 12.9872 0.4
    endloop
  endfacet
  facet normal -0.76581 0.643067 0
    outer loop
      vertex 11.868 13.0195 0
      vertex 11.8921 13.0482 0.4
      vertex 11.8921 13.0482 0
    endloop
  endfacet
  facet normal -0.76581 0.643067 0
    outer loop
      vertex 11.8921 13.0482 0.4
      vertex 11.868 13.0195 0
      vertex 11.868 13.0195 0.4
    endloop
  endfacet
  facet normal -0.651234 0.758877 0
    outer loop
      vertex 11.9203 13.0724 0
      vertex 11.8921 13.0482 0.4
      vertex 11.9203 13.0724 0.4
    endloop
  endfacet
  facet normal -0.651234 0.758877 0
    outer loop
      vertex 11.8921 13.0482 0.4
      vertex 11.9203 13.0724 0
      vertex 11.8921 13.0482 0
    endloop
  endfacet
  facet normal -0.499569 0.866274 0
    outer loop
      vertex 11.9529 13.0912 0
      vertex 11.9203 13.0724 0.4
      vertex 11.9529 13.0912 0.4
    endloop
  endfacet
  facet normal -0.499569 0.866274 0
    outer loop
      vertex 11.9203 13.0724 0.4
      vertex 11.9529 13.0912 0
      vertex 11.9203 13.0724 0
    endloop
  endfacet
  facet normal -0.342153 0.939644 0
    outer loop
      vertex 11.9897 13.1046 0
      vertex 11.9529 13.0912 0.4
      vertex 11.9897 13.1046 0.4
    endloop
  endfacet
  facet normal -0.342153 0.939644 0
    outer loop
      vertex 11.9529 13.0912 0.4
      vertex 11.9897 13.1046 0
      vertex 11.9529 13.0912 0
    endloop
  endfacet
  facet normal -0.19017 0.981751 0
    outer loop
      vertex 12.031 13.1126 0
      vertex 11.9897 13.1046 0.4
      vertex 12.031 13.1126 0.4
    endloop
  endfacet
  facet normal -0.19017 0.981751 0
    outer loop
      vertex 11.9897 13.1046 0.4
      vertex 12.031 13.1126 0
      vertex 11.9897 13.1046 0
    endloop
  endfacet
  facet normal -0.059107 0.998252 0
    outer loop
      vertex 12.0766 13.1153 0
      vertex 12.031 13.1126 0.4
      vertex 12.0766 13.1153 0.4
    endloop
  endfacet
  facet normal -0.059107 0.998252 0
    outer loop
      vertex 12.031 13.1126 0.4
      vertex 12.0766 13.1153 0
      vertex 12.031 13.1126 0
    endloop
  endfacet
  facet normal 0.182887 0.983134 -0
    outer loop
      vertex 12.1825 13.0956 0
      vertex 12.0766 13.1153 0.4
      vertex 12.1825 13.0956 0.4
    endloop
  endfacet
  facet normal 0.182887 0.983134 0
    outer loop
      vertex 12.0766 13.1153 0.4
      vertex 12.1825 13.0956 0
      vertex 12.0766 13.1153 0
    endloop
  endfacet
  facet normal 0.582171 0.813066 -0
    outer loop
      vertex 12.2649 13.0366 0
      vertex 12.1825 13.0956 0.4
      vertex 12.2649 13.0366 0.4
    endloop
  endfacet
  facet normal 0.582171 0.813066 0
    outer loop
      vertex 12.1825 13.0956 0.4
      vertex 12.2649 13.0366 0
      vertex 12.1825 13.0956 0
    endloop
  endfacet
  facet normal 0.858261 0.513214 0
    outer loop
      vertex 12.3238 12.9381 0.4
      vertex 12.2649 13.0366 0
      vertex 12.2649 13.0366 0.4
    endloop
  endfacet
  facet normal 0.858261 0.513214 0
    outer loop
      vertex 12.2649 13.0366 0
      vertex 12.3238 12.9381 0.4
      vertex 12.3238 12.9381 0
    endloop
  endfacet
  facet normal 0.96872 0.248155 0
    outer loop
      vertex 12.3591 12.8003 0.4
      vertex 12.3238 12.9381 0
      vertex 12.3238 12.9381 0.4
    endloop
  endfacet
  facet normal 0.96872 0.248155 0
    outer loop
      vertex 12.3238 12.9381 0
      vertex 12.3591 12.8003 0.4
      vertex 12.3591 12.8003 0
    endloop
  endfacet
  facet normal 0.997793 0.066407 0
    outer loop
      vertex 12.3709 12.623 0.4
      vertex 12.3591 12.8003 0
      vertex 12.3591 12.8003 0.4
    endloop
  endfacet
  facet normal 0.997793 0.066407 0
    outer loop
      vertex 12.3591 12.8003 0
      vertex 12.3709 12.623 0.4
      vertex 12.3709 12.623 0
    endloop
  endfacet
  facet normal 0.997848 -0.065576 0
    outer loop
      vertex 12.3589 12.4404 0.4
      vertex 12.3709 12.623 0
      vertex 12.3709 12.623 0.4
    endloop
  endfacet
  facet normal 0.997848 -0.065576 0
    outer loop
      vertex 12.3709 12.623 0
      vertex 12.3589 12.4404 0.4
      vertex 12.3589 12.4404 0
    endloop
  endfacet
  facet normal 0.969334 -0.245747 0
    outer loop
      vertex 12.3229 12.2984 0.4
      vertex 12.3589 12.4404 0
      vertex 12.3589 12.4404 0.4
    endloop
  endfacet
  facet normal 0.969334 -0.245747 0
    outer loop
      vertex 12.3589 12.4404 0
      vertex 12.3229 12.2984 0.4
      vertex 12.3229 12.2984 0
    endloop
  endfacet
  facet normal 0.861214 -0.508243 0
    outer loop
      vertex 12.263 12.1969 0.4
      vertex 12.3229 12.2984 0
      vertex 12.3229 12.2984 0.4
    endloop
  endfacet
  facet normal 0.861214 -0.508243 0
    outer loop
      vertex 12.3229 12.2984 0
      vertex 12.263 12.1969 0.4
      vertex 12.263 12.1969 0
    endloop
  endfacet
  facet normal 0.586335 -0.810068 0
    outer loop
      vertex 12.179 12.1361 0
      vertex 12.263 12.1969 0.4
      vertex 12.179 12.1361 0.4
    endloop
  endfacet
  facet normal 0.586335 -0.810068 0
    outer loop
      vertex 12.263 12.1969 0.4
      vertex 12.179 12.1361 0
      vertex 12.263 12.1969 0
    endloop
  endfacet
  facet normal 0.184893 -0.982759 0
    outer loop
      vertex 12.0711 12.1158 0
      vertex 12.179 12.1361 0.4
      vertex 12.0711 12.1158 0.4
    endloop
  endfacet
  facet normal 0.184893 -0.982759 0
    outer loop
      vertex 12.179 12.1361 0.4
      vertex 12.0711 12.1158 0
      vertex 12.179 12.1361 0
    endloop
  endfacet
  facet normal -0.0641533 -0.99794 0
    outer loop
      vertex 12.0291 12.1185 0
      vertex 12.0711 12.1158 0.4
      vertex 12.0291 12.1185 0.4
    endloop
  endfacet
  facet normal -0.0641533 -0.99794 -0
    outer loop
      vertex 12.0711 12.1158 0.4
      vertex 12.0291 12.1185 0
      vertex 12.0711 12.1158 0
    endloop
  endfacet
  facet normal -0.205254 -0.978709 0
    outer loop
      vertex 11.99 12.1267 0
      vertex 12.0291 12.1185 0.4
      vertex 11.99 12.1267 0.4
    endloop
  endfacet
  facet normal -0.205254 -0.978709 -0
    outer loop
      vertex 12.0291 12.1185 0.4
      vertex 11.99 12.1267 0
      vertex 12.0291 12.1185 0
    endloop
  endfacet
  facet normal -0.35225 -0.935906 0
    outer loop
      vertex 11.9536 12.1404 0
      vertex 11.99 12.1267 0.4
      vertex 11.9536 12.1404 0.4
    endloop
  endfacet
  facet normal -0.35225 -0.935906 -0
    outer loop
      vertex 11.99 12.1267 0.4
      vertex 11.9536 12.1404 0
      vertex 11.99 12.1267 0
    endloop
  endfacet
  facet normal -0.497254 -0.867605 0
    outer loop
      vertex 11.9201 12.1596 0
      vertex 11.9536 12.1404 0.4
      vertex 11.9201 12.1596 0.4
    endloop
  endfacet
  facet normal -0.497254 -0.867605 -0
    outer loop
      vertex 11.9536 12.1404 0.4
      vertex 11.9201 12.1596 0
      vertex 11.9536 12.1404 0
    endloop
  endfacet
  facet normal -0.626859 -0.779133 0
    outer loop
      vertex 11.8894 12.1843 0
      vertex 11.9201 12.1596 0.4
      vertex 11.8894 12.1843 0.4
    endloop
  endfacet
  facet normal -0.626859 -0.779133 -0
    outer loop
      vertex 11.9201 12.1596 0.4
      vertex 11.8894 12.1843 0
      vertex 11.9201 12.1596 0
    endloop
  endfacet
  facet normal -0.743171 -0.669101 0
    outer loop
      vertex 11.8894 12.1843 0
      vertex 11.8623 12.2144 0.4
      vertex 11.8623 12.2144 0
    endloop
  endfacet
  facet normal -0.743171 -0.669101 0
    outer loop
      vertex 11.8623 12.2144 0.4
      vertex 11.8894 12.1843 0
      vertex 11.8894 12.1843 0.4
    endloop
  endfacet
  facet normal -0.842876 -0.538107 0
    outer loop
      vertex 11.8623 12.2144 0
      vertex 11.8397 12.2498 0.4
      vertex 11.8397 12.2498 0
    endloop
  endfacet
  facet normal -0.842876 -0.538107 0
    outer loop
      vertex 11.8397 12.2498 0.4
      vertex 11.8623 12.2144 0
      vertex 11.8623 12.2144 0.4
    endloop
  endfacet
  facet normal -0.913257 -0.407384 0
    outer loop
      vertex 11.8397 12.2498 0
      vertex 11.8215 12.2906 0.4
      vertex 11.8215 12.2906 0
    endloop
  endfacet
  facet normal -0.913257 -0.407384 0
    outer loop
      vertex 11.8215 12.2906 0.4
      vertex 11.8397 12.2498 0
      vertex 11.8397 12.2498 0.4
    endloop
  endfacet
  facet normal -0.958735 -0.2843 0
    outer loop
      vertex 11.8215 12.2906 0
      vertex 11.8078 12.3368 0.4
      vertex 11.8078 12.3368 0
    endloop
  endfacet
  facet normal -0.958735 -0.2843 0
    outer loop
      vertex 11.8078 12.3368 0.4
      vertex 11.8215 12.2906 0
      vertex 11.8215 12.2906 0.4
    endloop
  endfacet
  facet normal -0.984143 -0.177375 0
    outer loop
      vertex 11.8078 12.3368 0
      vertex 11.7985 12.3884 0.4
      vertex 11.7985 12.3884 0
    endloop
  endfacet
  facet normal -0.984143 -0.177375 0
    outer loop
      vertex 11.7985 12.3884 0.4
      vertex 11.8078 12.3368 0
      vertex 11.8078 12.3368 0.4
    endloop
  endfacet
  facet normal 0.0459764 -0.998943 0
    outer loop
      vertex 11.4161 12.3708 0
      vertex 11.7985 12.3884 0.4
      vertex 11.4161 12.3708 0.4
    endloop
  endfacet
  facet normal 0.0459764 -0.998943 0
    outer loop
      vertex 11.7985 12.3884 0.4
      vertex 11.4161 12.3708 0
      vertex 11.7985 12.3884 0
    endloop
  endfacet
  facet normal 0.983656 0.180059 0
    outer loop
      vertex 11.4269 12.3118 0.4
      vertex 11.4161 12.3708 0
      vertex 11.4161 12.3708 0.4
    endloop
  endfacet
  facet normal 0.983656 0.180059 0
    outer loop
      vertex 11.4161 12.3708 0
      vertex 11.4269 12.3118 0.4
      vertex 11.4269 12.3118 0
    endloop
  endfacet
  facet normal 0.961007 0.276524 0
    outer loop
      vertex 11.4431 12.2555 0.4
      vertex 11.4269 12.3118 0
      vertex 11.4269 12.3118 0.4
    endloop
  endfacet
  facet normal 0.961007 0.276524 0
    outer loop
      vertex 11.4269 12.3118 0
      vertex 11.4431 12.2555 0.4
      vertex 11.4431 12.2555 0
    endloop
  endfacet
  facet normal 0.928357 0.371689 0
    outer loop
      vertex 11.4646 12.2018 0.4
      vertex 11.4431 12.2555 0
      vertex 11.4431 12.2555 0.4
    endloop
  endfacet
  facet normal 0.928357 0.371689 0
    outer loop
      vertex 11.4431 12.2555 0
      vertex 11.4646 12.2018 0.4
      vertex 11.4646 12.2018 0
    endloop
  endfacet
  facet normal 0.884166 0.467172 0
    outer loop
      vertex 11.4916 12.1507 0.4
      vertex 11.4646 12.2018 0
      vertex 11.4646 12.2018 0.4
    endloop
  endfacet
  facet normal 0.884166 0.467172 0
    outer loop
      vertex 11.4646 12.2018 0
      vertex 11.4916 12.1507 0.4
      vertex 11.4916 12.1507 0
    endloop
  endfacet
  facet normal 0.832314 0.554304 0
    outer loop
      vertex 11.5239 12.1022 0.4
      vertex 11.4916 12.1507 0
      vertex 11.4916 12.1507 0.4
    endloop
  endfacet
  facet normal 0.832314 0.554304 0
    outer loop
      vertex 11.4916 12.1507 0
      vertex 11.5239 12.1022 0.4
      vertex 11.5239 12.1022 0
    endloop
  endfacet
  facet normal 0.770742 0.637147 0
    outer loop
      vertex 11.5611 12.0572 0.4
      vertex 11.5239 12.1022 0
      vertex 11.5239 12.1022 0.4
    endloop
  endfacet
  facet normal 0.770742 0.637147 0
    outer loop
      vertex 11.5239 12.1022 0
      vertex 11.5611 12.0572 0.4
      vertex 11.5611 12.0572 0
    endloop
  endfacet
  facet normal 0.701067 0.713095 -0
    outer loop
      vertex 11.6026 12.0164 0
      vertex 11.5611 12.0572 0.4
      vertex 11.6026 12.0164 0.4
    endloop
  endfacet
  facet normal 0.701067 0.713095 0
    outer loop
      vertex 11.5611 12.0572 0.4
      vertex 11.6026 12.0164 0
      vertex 11.5611 12.0572 0
    endloop
  endfacet
  facet normal 0.621575 0.783355 -0
    outer loop
      vertex 11.6486 11.9799 0
      vertex 11.6026 12.0164 0.4
      vertex 11.6486 11.9799 0.4
    endloop
  endfacet
  facet normal 0.621575 0.783355 0
    outer loop
      vertex 11.6026 12.0164 0.4
      vertex 11.6486 11.9799 0
      vertex 11.6026 12.0164 0
    endloop
  endfacet
  facet normal 0.538389 0.842696 -0
    outer loop
      vertex 11.699 11.9477 0
      vertex 11.6486 11.9799 0.4
      vertex 11.699 11.9477 0.4
    endloop
  endfacet
  facet normal 0.538389 0.842696 0
    outer loop
      vertex 11.6486 11.9799 0.4
      vertex 11.699 11.9477 0
      vertex 11.6486 11.9799 0
    endloop
  endfacet
  facet normal 0.453707 0.891151 -0
    outer loop
      vertex 11.7538 11.9198 0
      vertex 11.699 11.9477 0.4
      vertex 11.7538 11.9198 0.4
    endloop
  endfacet
  facet normal 0.453707 0.891151 0
    outer loop
      vertex 11.699 11.9477 0.4
      vertex 11.7538 11.9198 0
      vertex 11.699 11.9477 0
    endloop
  endfacet
  facet normal 0.369195 0.929352 -0
    outer loop
      vertex 11.8122 11.8966 0
      vertex 11.7538 11.9198 0.4
      vertex 11.8122 11.8966 0.4
    endloop
  endfacet
  facet normal 0.369195 0.929352 0
    outer loop
      vertex 11.7538 11.9198 0.4
      vertex 11.8122 11.8966 0
      vertex 11.7538 11.9198 0
    endloop
  endfacet
  facet normal 0.282591 0.95924 -0
    outer loop
      vertex 11.8733 11.8786 0
      vertex 11.8122 11.8966 0.4
      vertex 11.8733 11.8786 0.4
    endloop
  endfacet
  facet normal 0.282591 0.95924 0
    outer loop
      vertex 11.8122 11.8966 0.4
      vertex 11.8733 11.8786 0
      vertex 11.8122 11.8966 0
    endloop
  endfacet
  facet normal 0.197292 0.980345 -0
    outer loop
      vertex 11.9374 11.8657 0
      vertex 11.8733 11.8786 0.4
      vertex 11.9374 11.8657 0.4
    endloop
  endfacet
  facet normal 0.197292 0.980345 0
    outer loop
      vertex 11.8733 11.8786 0.4
      vertex 11.9374 11.8657 0
      vertex 11.8733 11.8786 0
    endloop
  endfacet
  facet normal 0.114511 0.993422 -0
    outer loop
      vertex 12.0042 11.858 0
      vertex 11.9374 11.8657 0.4
      vertex 12.0042 11.858 0.4
    endloop
  endfacet
  facet normal 0.114511 0.993422 0
    outer loop
      vertex 11.9374 11.8657 0.4
      vertex 12.0042 11.858 0
      vertex 11.9374 11.8657 0
    endloop
  endfacet
  facet normal 0.0373303 0.999303 -0
    outer loop
      vertex 12.0738 11.8554 0
      vertex 12.0042 11.858 0.4
      vertex 12.0738 11.8554 0.4
    endloop
  endfacet
  facet normal 0.0373303 0.999303 0
    outer loop
      vertex 12.0042 11.858 0.4
      vertex 12.0738 11.8554 0
      vertex 12.0042 11.858 0
    endloop
  endfacet
  facet normal -0.0618905 0.998083 0
    outer loop
      vertex 12.2012 11.8633 0
      vertex 12.0738 11.8554 0.4
      vertex 12.2012 11.8633 0.4
    endloop
  endfacet
  facet normal -0.0618905 0.998083 0
    outer loop
      vertex 12.0738 11.8554 0.4
      vertex 12.2012 11.8633 0
      vertex 12.0738 11.8554 0
    endloop
  endfacet
  facet normal -0.201895 0.979407 0
    outer loop
      vertex 13.8336 11.8867 0
      vertex 13.7196 11.8632 0.4
      vertex 13.8336 11.8867 0.4
    endloop
  endfacet
  facet normal -0.201895 0.979407 0
    outer loop
      vertex 13.7196 11.8632 0.4
      vertex 13.8336 11.8867 0
      vertex 13.7196 11.8632 0
    endloop
  endfacet
  facet normal -0.359655 0.933085 0
    outer loop
      vertex 13.9353 11.9259 0
      vertex 13.8336 11.8867 0.4
      vertex 13.9353 11.9259 0.4
    endloop
  endfacet
  facet normal -0.359655 0.933085 0
    outer loop
      vertex 13.8336 11.8867 0.4
      vertex 13.9353 11.9259 0
      vertex 13.8336 11.8867 0
    endloop
  endfacet
  facet normal -0.523299 0.852149 0
    outer loop
      vertex 14.0247 11.9808 0
      vertex 13.9353 11.9259 0.4
      vertex 14.0247 11.9808 0.4
    endloop
  endfacet
  facet normal -0.523299 0.852149 0
    outer loop
      vertex 13.9353 11.9259 0.4
      vertex 14.0247 11.9808 0
      vertex 13.9353 11.9259 0
    endloop
  endfacet
  facet normal -0.674858 0.737947 0
    outer loop
      vertex 14.1019 12.0514 0
      vertex 14.0247 11.9808 0.4
      vertex 14.1019 12.0514 0.4
    endloop
  endfacet
  facet normal -0.674858 0.737947 0
    outer loop
      vertex 14.0247 11.9808 0.4
      vertex 14.1019 12.0514 0
      vertex 14.0247 11.9808 0
    endloop
  endfacet
  facet normal -0.800897 0.598802 0
    outer loop
      vertex 14.1019 12.0514 0
      vertex 14.1659 12.137 0.4
      vertex 14.1659 12.137 0
    endloop
  endfacet
  facet normal -0.800897 0.598802 0
    outer loop
      vertex 14.1659 12.137 0.4
      vertex 14.1019 12.0514 0
      vertex 14.1019 12.0514 0.4
    endloop
  endfacet
  facet normal -0.895322 0.44542 0
    outer loop
      vertex 14.1659 12.137 0
      vertex 14.2156 12.2369 0.4
      vertex 14.2156 12.2369 0
    endloop
  endfacet
  facet normal -0.895322 0.44542 0
    outer loop
      vertex 14.2156 12.2369 0.4
      vertex 14.1659 12.137 0
      vertex 14.1659 12.137 0.4
    endloop
  endfacet
  facet normal -0.954762 0.297371 0
    outer loop
      vertex 14.2156 12.2369 0
      vertex 14.2512 12.3512 0.4
      vertex 14.2512 12.3512 0
    endloop
  endfacet
  facet normal -0.954762 0.297371 0
    outer loop
      vertex 14.2512 12.3512 0.4
      vertex 14.2156 12.2369 0
      vertex 14.2156 12.2369 0.4
    endloop
  endfacet
  facet normal -0.98658 0.16328 0
    outer loop
      vertex 14.2512 12.3512 0
      vertex 14.2725 12.4799 0.4
      vertex 14.2725 12.4799 0
    endloop
  endfacet
  facet normal -0.98658 0.16328 0
    outer loop
      vertex 14.2725 12.4799 0.4
      vertex 14.2512 12.3512 0
      vertex 14.2512 12.3512 0.4
    endloop
  endfacet
  facet normal -0.998771 0.0495547 0
    outer loop
      vertex 14.2725 12.4799 0
      vertex 14.2796 12.623 0.4
      vertex 14.2796 12.623 0
    endloop
  endfacet
  facet normal -0.998771 0.0495547 0
    outer loop
      vertex 14.2796 12.623 0.4
      vertex 14.2725 12.4799 0
      vertex 14.2725 12.4799 0.4
    endloop
  endfacet
  facet normal -0.998655 -0.0518408 0
    outer loop
      vertex 14.2796 12.623 0
      vertex 14.2724 12.7617 0.4
      vertex 14.2724 12.7617 0
    endloop
  endfacet
  facet normal -0.998655 -0.0518408 0
    outer loop
      vertex 14.2724 12.7617 0.4
      vertex 14.2796 12.623 0
      vertex 14.2796 12.623 0.4
    endloop
  endfacet
  facet normal -0.98531 -0.170777 0
    outer loop
      vertex 14.2724 12.7617 0
      vertex 14.2507 12.8869 0.4
      vertex 14.2507 12.8869 0
    endloop
  endfacet
  facet normal -0.98531 -0.170777 0
    outer loop
      vertex 14.2507 12.8869 0.4
      vertex 14.2724 12.7617 0
      vertex 14.2724 12.7617 0.4
    endloop
  endfacet
  facet normal -0.951789 -0.306754 0
    outer loop
      vertex 14.2507 12.8869 0
      vertex 14.2147 12.9986 0.4
      vertex 14.2147 12.9986 0
    endloop
  endfacet
  facet normal -0.951789 -0.306754 0
    outer loop
      vertex 14.2147 12.9986 0.4
      vertex 14.2507 12.8869 0
      vertex 14.2507 12.8869 0.4
    endloop
  endfacet
  facet normal -0.889488 -0.456959 0
    outer loop
      vertex 14.2147 12.9986 0
      vertex 14.1642 13.0969 0.4
      vertex 14.1642 13.0969 0
    endloop
  endfacet
  facet normal -0.889488 -0.456959 0
    outer loop
      vertex 14.1642 13.0969 0.4
      vertex 14.2147 12.9986 0
      vertex 14.2147 12.9986 0.4
    endloop
  endfacet
  facet normal -0.794013 -0.607901 0
    outer loop
      vertex 14.1642 13.0969 0
      vertex 14.0992 13.1818 0.4
      vertex 14.0992 13.1818 0
    endloop
  endfacet
  facet normal -0.794013 -0.607901 0
    outer loop
      vertex 14.0992 13.1818 0.4
      vertex 14.1642 13.0969 0
      vertex 14.1642 13.0969 0.4
    endloop
  endfacet
  facet normal -0.668544 -0.743672 0
    outer loop
      vertex 14.021 13.2521 0
      vertex 14.0992 13.1818 0.4
      vertex 14.021 13.2521 0.4
    endloop
  endfacet
  facet normal -0.668544 -0.743672 -0
    outer loop
      vertex 14.0992 13.1818 0.4
      vertex 14.021 13.2521 0
      vertex 14.0992 13.1818 0
    endloop
  endfacet
  facet normal -0.518533 -0.855058 0
    outer loop
      vertex 13.9308 13.3068 0
      vertex 14.021 13.2521 0.4
      vertex 13.9308 13.3068 0.4
    endloop
  endfacet
  facet normal -0.518533 -0.855058 -0
    outer loop
      vertex 14.021 13.2521 0.4
      vertex 13.9308 13.3068 0
      vertex 14.021 13.2521 0
    endloop
  endfacet
  facet normal -0.356527 -0.934285 0
    outer loop
      vertex 13.8286 13.3458 0
      vertex 13.9308 13.3068 0.4
      vertex 13.8286 13.3458 0.4
    endloop
  endfacet
  facet normal -0.356527 -0.934285 -0
    outer loop
      vertex 13.9308 13.3068 0.4
      vertex 13.8286 13.3458 0
      vertex 13.9308 13.3068 0
    endloop
  endfacet
  facet normal -0.201387 -0.979512 0
    outer loop
      vertex 13.7143 13.3693 0
      vertex 13.8286 13.3458 0.4
      vertex 13.7143 13.3693 0.4
    endloop
  endfacet
  facet normal -0.201387 -0.979512 -0
    outer loop
      vertex 13.8286 13.3458 0.4
      vertex 13.7143 13.3693 0
      vertex 13.8286 13.3458 0
    endloop
  endfacet
  facet normal -0.0615917 -0.998101 0
    outer loop
      vertex 13.5879 13.3771 0
      vertex 13.7143 13.3693 0.4
      vertex 13.5879 13.3771 0.4
    endloop
  endfacet
  facet normal -0.0615917 -0.998101 -0
    outer loop
      vertex 13.7143 13.3693 0.4
      vertex 13.5879 13.3771 0
      vertex 13.7143 13.3693 0
    endloop
  endfacet
  facet normal 0.0695983 -0.997575 0
    outer loop
      vertex 13.4675 13.3687 0
      vertex 13.5879 13.3771 0.4
      vertex 13.4675 13.3687 0.4
    endloop
  endfacet
  facet normal 0.0695983 -0.997575 0
    outer loop
      vertex 13.5879 13.3771 0.4
      vertex 13.4675 13.3687 0
      vertex 13.5879 13.3771 0
    endloop
  endfacet
  facet normal 0.226236 -0.974072 0
    outer loop
      vertex 13.359 13.3435 0
      vertex 13.4675 13.3687 0.4
      vertex 13.359 13.3435 0.4
    endloop
  endfacet
  facet normal 0.226236 -0.974072 0
    outer loop
      vertex 13.4675 13.3687 0.4
      vertex 13.359 13.3435 0
      vertex 13.4675 13.3687 0
    endloop
  endfacet
  facet normal 0.397927 -0.917417 0
    outer loop
      vertex 13.2624 13.3016 0
      vertex 13.359 13.3435 0.4
      vertex 13.2624 13.3016 0.4
    endloop
  endfacet
  facet normal 0.397927 -0.917417 0
    outer loop
      vertex 13.359 13.3435 0.4
      vertex 13.2624 13.3016 0
      vertex 13.359 13.3435 0
    endloop
  endfacet
  facet normal 0.569412 -0.822052 0
    outer loop
      vertex 13.1778 13.243 0
      vertex 13.2624 13.3016 0.4
      vertex 13.1778 13.243 0.4
    endloop
  endfacet
  facet normal 0.569412 -0.822052 0
    outer loop
      vertex 13.2624 13.3016 0.4
      vertex 13.1778 13.243 0
      vertex 13.2624 13.3016 0
    endloop
  endfacet
  facet normal 0.720338 -0.693623 0
    outer loop
      vertex 13.1051 13.1675 0.4
      vertex 13.1778 13.243 0
      vertex 13.1778 13.243 0.4
    endloop
  endfacet
  facet normal 0.720338 -0.693623 0
    outer loop
      vertex 13.1778 13.243 0
      vertex 13.1051 13.1675 0.4
      vertex 13.1051 13.1675 0
    endloop
  endfacet
  facet normal 0.8361 -0.548577 0
    outer loop
      vertex 13.045 13.0759 0.4
      vertex 13.1051 13.1675 0
      vertex 13.1051 13.1675 0.4
    endloop
  endfacet
  facet normal 0.8361 -0.548577 0
    outer loop
      vertex 13.1051 13.1675 0
      vertex 13.045 13.0759 0.4
      vertex 13.045 13.0759 0
    endloop
  endfacet
  facet normal 0.916648 -0.399696 0
    outer loop
      vertex 12.9983 12.9688 0.4
      vertex 13.045 13.0759 0
      vertex 13.045 13.0759 0.4
    endloop
  endfacet
  facet normal 0.916648 -0.399696 0
    outer loop
      vertex 13.045 13.0759 0
      vertex 12.9983 12.9688 0.4
      vertex 12.9983 12.9688 0
    endloop
  endfacet
  facet normal 0.965144 -0.261721 0
    outer loop
      vertex 12.965 12.846 0.4
      vertex 12.9983 12.9688 0
      vertex 12.9983 12.9688 0.4
    endloop
  endfacet
  facet normal 0.965144 -0.261721 0
    outer loop
      vertex 12.9983 12.9688 0
      vertex 12.965 12.846 0.4
      vertex 12.965 12.846 0
    endloop
  endfacet
  facet normal 0.989603 -0.143825 0
    outer loop
      vertex 12.9449 12.7077 0.4
      vertex 12.965 12.846 0
      vertex 12.965 12.846 0.4
    endloop
  endfacet
  facet normal 0.989603 -0.143825 0
    outer loop
      vertex 12.965 12.846 0
      vertex 12.9449 12.7077 0.4
      vertex 12.9449 12.7077 0
    endloop
  endfacet
  facet normal 0.999081 -0.0428734 0
    outer loop
      vertex 12.9383 12.5539 0.4
      vertex 12.9449 12.7077 0
      vertex 12.9449 12.7077 0.4
    endloop
  endfacet
  facet normal 0.999081 -0.0428734 0
    outer loop
      vertex 12.9449 12.7077 0
      vertex 12.9383 12.5539 0.4
      vertex 12.9383 12.5539 0
    endloop
  endfacet
  facet normal 1 -0 0
    outer loop
      vertex 12.9383 12.543 0.4
      vertex 12.9383 12.5539 0
      vertex 12.9383 12.5539 0.4
    endloop
  endfacet
  facet normal 1 0 0
    outer loop
      vertex 12.9383 12.5539 0
      vertex 12.9383 12.543 0.4
      vertex 12.9383 12.543 0
    endloop
  endfacet
  facet normal 0 1 -0
    outer loop
      vertex 13.8795 12.543 0
      vertex 12.9383 12.543 0.4
      vertex 13.8795 12.543 0.4
    endloop
  endfacet
  facet normal 0 1 0
    outer loop
      vertex 12.9383 12.543 0.4
      vertex 13.8795 12.543 0
      vertex 12.9383 12.543 0
    endloop
  endfacet
  facet normal 0.99923 -0.0392336 0
    outer loop
      vertex 13.8763 12.4615 0.4
      vertex 13.8795 12.543 0
      vertex 13.8795 12.543 0.4
    endloop
  endfacet
  facet normal 0.99923 -0.0392336 0
    outer loop
      vertex 13.8795 12.543 0
      vertex 13.8763 12.4615 0.4
      vertex 13.8763 12.4615 0
    endloop
  endfacet
  facet normal 0.991661 -0.128875 0
    outer loop
      vertex 13.8668 12.3884 0.4
      vertex 13.8763 12.4615 0
      vertex 13.8763 12.4615 0.4
    endloop
  endfacet
  facet normal 0.991661 -0.128875 0
    outer loop
      vertex 13.8763 12.4615 0
      vertex 13.8668 12.3884 0.4
      vertex 13.8668 12.3884 0
    endloop
  endfacet
  facet normal 0.971106 -0.238649 0
    outer loop
      vertex 13.8509 12.3237 0.4
      vertex 13.8668 12.3884 0
      vertex 13.8668 12.3884 0.4
    endloop
  endfacet
  facet normal 0.971106 -0.238649 0
    outer loop
      vertex 13.8668 12.3884 0
      vertex 13.8509 12.3237 0.4
      vertex 13.8509 12.3237 0
    endloop
  endfacet
  facet normal 0.930289 -0.366828 0
    outer loop
      vertex 13.8287 12.2674 0.4
      vertex 13.8509 12.3237 0
      vertex 13.8509 12.3237 0.4
    endloop
  endfacet
  facet normal 0.930289 -0.366828 0
    outer loop
      vertex 13.8509 12.3237 0
      vertex 13.8287 12.2674 0.4
      vertex 13.8287 12.2674 0
    endloop
  endfacet
  facet normal 0.859387 -0.511326 0
    outer loop
      vertex 13.8002 12.2195 0.4
      vertex 13.8287 12.2674 0
      vertex 13.8287 12.2674 0.4
    endloop
  endfacet
  facet normal 0.859387 -0.511326 0
    outer loop
      vertex 13.8287 12.2674 0
      vertex 13.8002 12.2195 0.4
      vertex 13.8002 12.2195 0
    endloop
  endfacet
  facet normal 0.75151 -0.659722 0
    outer loop
      vertex 13.7657 12.1802 0.4
      vertex 13.8002 12.2195 0
      vertex 13.8002 12.2195 0.4
    endloop
  endfacet
  facet normal 0.75151 -0.659722 0
    outer loop
      vertex 13.8002 12.2195 0
      vertex 13.7657 12.1802 0.4
      vertex 13.7657 12.1802 0
    endloop
  endfacet
  facet normal 0.608264 -0.793735 0
    outer loop
      vertex 13.7259 12.1497 0
      vertex 13.7657 12.1802 0.4
      vertex 13.7259 12.1497 0.4
    endloop
  endfacet
  facet normal 0.608264 -0.793735 0
    outer loop
      vertex 13.7657 12.1802 0.4
      vertex 13.7259 12.1497 0
      vertex 13.7657 12.1802 0
    endloop
  endfacet
  facet normal 0.436812 -0.899553 0
    outer loop
      vertex 13.6808 12.1278 0
      vertex 13.7259 12.1497 0.4
      vertex 13.6808 12.1278 0.4
    endloop
  endfacet
  facet normal 0.436812 -0.899553 0
    outer loop
      vertex 13.7259 12.1497 0.4
      vertex 13.6808 12.1278 0
      vertex 13.7259 12.1497 0
    endloop
  endfacet
  facet normal 0.25063 -0.968083 0
    outer loop
      vertex 13.6302 12.1147 0
      vertex 13.6808 12.1278 0.4
      vertex 13.6302 12.1147 0.4
    endloop
  endfacet
  facet normal 0.25063 -0.968083 0
    outer loop
      vertex 13.6808 12.1278 0.4
      vertex 13.6302 12.1147 0
      vertex 13.6808 12.1278 0
    endloop
  endfacet
  facet normal 0.0766965 -0.997054 0
    outer loop
      vertex 13.5743 12.1104 0
      vertex 13.6302 12.1147 0.4
      vertex 13.5743 12.1104 0.4
    endloop
  endfacet
  facet normal 0.0766965 -0.997054 0
    outer loop
      vertex 13.6302 12.1147 0.4
      vertex 13.5743 12.1104 0
      vertex 13.6302 12.1147 0
    endloop
  endfacet
  facet normal -0.0931758 -0.99565 0
    outer loop
      vertex 13.4995 12.1174 0
      vertex 13.5743 12.1104 0.4
      vertex 13.4995 12.1174 0.4
    endloop
  endfacet
  facet normal -0.0931758 -0.99565 -0
    outer loop
      vertex 13.5743 12.1104 0.4
      vertex 13.4995 12.1174 0
      vertex 13.5743 12.1104 0
    endloop
  endfacet
  facet normal -0.316228 -0.948683 0
    outer loop
      vertex 13.4365 12.1384 0
      vertex 13.4995 12.1174 0.4
      vertex 13.4365 12.1384 0.4
    endloop
  endfacet
  facet normal -0.316228 -0.948683 -0
    outer loop
      vertex 13.4995 12.1174 0.4
      vertex 13.4365 12.1384 0
      vertex 13.4995 12.1174 0
    endloop
  endfacet
  facet normal -0.564742 -0.825268 0
    outer loop
      vertex 13.3855 12.1733 0
      vertex 13.4365 12.1384 0.4
      vertex 13.3855 12.1733 0.4
    endloop
  endfacet
  facet normal -0.564742 -0.825268 -0
    outer loop
      vertex 13.4365 12.1384 0.4
      vertex 13.3855 12.1733 0
      vertex 13.4365 12.1384 0
    endloop
  endfacet
  facet normal -0.782424 -0.622746 0
    outer loop
      vertex 13.3855 12.1733 0
      vertex 13.3465 12.2223 0.4
      vertex 13.3465 12.2223 0
    endloop
  endfacet
  facet normal -0.782424 -0.622746 0
    outer loop
      vertex 13.3465 12.2223 0.4
      vertex 13.3855 12.1733 0
      vertex 13.3855 12.1733 0.4
    endloop
  endfacet
  facet normal -0.918616 -0.395151 0
    outer loop
      vertex 13.3465 12.2223 0
      vertex 13.3194 12.2853 0.4
      vertex 13.3194 12.2853 0
    endloop
  endfacet
  facet normal -0.918616 -0.395151 0
    outer loop
      vertex 13.3194 12.2853 0.4
      vertex 13.3465 12.2223 0
      vertex 13.3465 12.2223 0.4
    endloop
  endfacet
  facet normal 0.0864861 -0.996253 0
    outer loop
      vertex 12.96 12.2541 0
      vertex 13.3194 12.2853 0.4
      vertex 12.96 12.2541 0.4
    endloop
  endfacet
  facet normal 0.0864861 -0.996253 0
    outer loop
      vertex 13.3194 12.2853 0.4
      vertex 12.96 12.2541 0
      vertex 13.3194 12.2853 0
    endloop
  endfacet
  facet normal 0.885747 0.464168 0
    outer loop
      vertex 13.0352 12.1106 0.4
      vertex 12.96 12.2541 0
      vertex 12.96 12.2541 0.4
    endloop
  endfacet
  facet normal 0.885747 0.464168 0
    outer loop
      vertex 12.96 12.2541 0
      vertex 13.0352 12.1106 0.4
      vertex 13.0352 12.1106 0
    endloop
  endfacet
  facet normal 0.74174 0.670687 0
    outer loop
      vertex 13.1362 11.9989 0.4
      vertex 13.0352 12.1106 0
      vertex 13.0352 12.1106 0.4
    endloop
  endfacet
  facet normal 0.74174 0.670687 0
    outer loop
      vertex 13.0352 12.1106 0
      vertex 13.1362 11.9989 0.4
      vertex 13.1362 11.9989 0
    endloop
  endfacet
  facet normal 0.532459 0.846456 -0
    outer loop
      vertex 13.2629 11.9192 0
      vertex 13.1362 11.9989 0.4
      vertex 13.2629 11.9192 0.4
    endloop
  endfacet
  facet normal 0.532459 0.846456 0
    outer loop
      vertex 13.1362 11.9989 0.4
      vertex 13.2629 11.9192 0
      vertex 13.1362 11.9989 0
    endloop
  endfacet
  facet normal 0.300022 0.953932 -0
    outer loop
      vertex 13.4152 11.8713 0
      vertex 13.2629 11.9192 0.4
      vertex 13.4152 11.8713 0.4
    endloop
  endfacet
  facet normal 0.300022 0.953932 0
    outer loop
      vertex 13.2629 11.9192 0.4
      vertex 13.4152 11.8713 0
      vertex 13.2629 11.9192 0
    endloop
  endfacet
  facet normal 0.088922 0.996039 -0
    outer loop
      vertex 13.5933 11.8554 0
      vertex 13.4152 11.8713 0.4
      vertex 13.5933 11.8554 0.4
    endloop
  endfacet
  facet normal 0.088922 0.996039 0
    outer loop
      vertex 13.4152 11.8713 0.4
      vertex 13.5933 11.8554 0
      vertex 13.4152 11.8713 0
    endloop
  endfacet
  facet normal -0.0616403 0.998098 0
    outer loop
      vertex 13.7196 11.8632 0
      vertex 13.5933 11.8554 0.4
      vertex 13.7196 11.8632 0.4
    endloop
  endfacet
  facet normal -0.0616403 0.998098 0
    outer loop
      vertex 13.5933 11.8554 0.4
      vertex 13.7196 11.8632 0
      vertex 13.5933 11.8554 0
    endloop
  endfacet
  facet normal -0.994964 0.100233 0
    outer loop
      vertex 13.3072 12.7817 0
      vertex 13.314 12.8492 0.4
      vertex 13.314 12.8492 0
    endloop
  endfacet
  facet normal -0.994964 0.100233 0
    outer loop
      vertex 13.314 12.8492 0.4
      vertex 13.3072 12.7817 0
      vertex 13.3072 12.7817 0.4
    endloop
  endfacet
  facet normal -0.98083 0.194867 0
    outer loop
      vertex 13.314 12.8492 0
      vertex 13.326 12.9096 0.4
      vertex 13.326 12.9096 0
    endloop
  endfacet
  facet normal -0.98083 0.194867 0
    outer loop
      vertex 13.326 12.9096 0.4
      vertex 13.314 12.8492 0
      vertex 13.314 12.8492 0.4
    endloop
  endfacet
  facet normal -0.952196 0.305489 0
    outer loop
      vertex 13.326 12.9096 0
      vertex 13.3431 12.9629 0.4
      vertex 13.3431 12.9629 0
    endloop
  endfacet
  facet normal -0.952196 0.305489 0
    outer loop
      vertex 13.3431 12.9629 0.4
      vertex 13.326 12.9096 0
      vertex 13.326 12.9096 0.4
    endloop
  endfacet
  facet normal -0.90134 0.433112 0
    outer loop
      vertex 13.3431 12.9629 0
      vertex 13.3653 13.0091 0.4
      vertex 13.3653 13.0091 0
    endloop
  endfacet
  facet normal -0.90134 0.433112 0
    outer loop
      vertex 13.3653 13.0091 0.4
      vertex 13.3431 12.9629 0
      vertex 13.3431 12.9629 0.4
    endloop
  endfacet
  facet normal -0.819921 0.572477 0
    outer loop
      vertex 13.3653 13.0091 0
      vertex 13.3926 13.0482 0.4
      vertex 13.3926 13.0482 0
    endloop
  endfacet
  facet normal -0.819921 0.572477 0
    outer loop
      vertex 13.3926 13.0482 0.4
      vertex 13.3653 13.0091 0
      vertex 13.3653 13.0091 0.4
    endloop
  endfacet
  facet normal -0.708212 0.705999 0
    outer loop
      vertex 13.3926 13.0482 0
      vertex 13.4245 13.0802 0.4
      vertex 13.4245 13.0802 0
    endloop
  endfacet
  facet normal -0.708212 0.705999 0
    outer loop
      vertex 13.4245 13.0802 0.4
      vertex 13.3926 13.0482 0
      vertex 13.3926 13.0482 0.4
    endloop
  endfacet
  facet normal -0.567305 0.823508 0
    outer loop
      vertex 13.4605 13.105 0
      vertex 13.4245 13.0802 0.4
      vertex 13.4605 13.105 0.4
    endloop
  endfacet
  facet normal -0.567305 0.823508 0
    outer loop
      vertex 13.4245 13.0802 0.4
      vertex 13.4605 13.105 0
      vertex 13.4245 13.0802 0
    endloop
  endfacet
  facet normal -0.404872 0.914373 0
    outer loop
      vertex 13.5007 13.1228 0
      vertex 13.4605 13.105 0.4
      vertex 13.5007 13.1228 0.4
    endloop
  endfacet
  facet normal -0.404872 0.914373 0
    outer loop
      vertex 13.4605 13.105 0.4
      vertex 13.5007 13.1228 0
      vertex 13.4605 13.105 0
    endloop
  endfacet
  facet normal -0.235285 0.971926 0
    outer loop
      vertex 13.5449 13.1335 0
      vertex 13.5007 13.1228 0.4
      vertex 13.5449 13.1335 0.4
    endloop
  endfacet
  facet normal -0.235285 0.971926 0
    outer loop
      vertex 13.5007 13.1228 0.4
      vertex 13.5449 13.1335 0
      vertex 13.5007 13.1228 0
    endloop
  endfacet
  facet normal -0.0721257 0.997396 0
    outer loop
      vertex 13.5933 13.137 0
      vertex 13.5449 13.1335 0.4
      vertex 13.5933 13.137 0.4
    endloop
  endfacet
  facet normal -0.0721257 0.997396 0
    outer loop
      vertex 13.5449 13.1335 0.4
      vertex 13.5933 13.137 0
      vertex 13.5449 13.1335 0
    endloop
  endfacet
  facet normal 0.0719379 0.997409 -0
    outer loop
      vertex 13.6446 13.1333 0
      vertex 13.5933 13.137 0.4
      vertex 13.6446 13.1333 0.4
    endloop
  endfacet
  facet normal 0.0719379 0.997409 0
    outer loop
      vertex 13.5933 13.137 0.4
      vertex 13.6446 13.1333 0
      vertex 13.5933 13.137 0
    endloop
  endfacet
  facet normal 0.235119 0.971967 -0
    outer loop
      vertex 13.6909 13.1221 0
      vertex 13.6446 13.1333 0.4
      vertex 13.6909 13.1221 0.4
    endloop
  endfacet
  facet normal 0.235119 0.971967 0
    outer loop
      vertex 13.6446 13.1333 0.4
      vertex 13.6909 13.1221 0
      vertex 13.6446 13.1333 0
    endloop
  endfacet
  facet normal 0.414301 0.91014 -0
    outer loop
      vertex 13.7322 13.1033 0
      vertex 13.6909 13.1221 0.4
      vertex 13.7322 13.1033 0.4
    endloop
  endfacet
  facet normal 0.414301 0.91014 0
    outer loop
      vertex 13.6909 13.1221 0.4
      vertex 13.7322 13.1033 0
      vertex 13.6909 13.1221 0
    endloop
  endfacet
  facet normal 0.583131 0.812378 -0
    outer loop
      vertex 13.7687 13.0771 0
      vertex 13.7322 13.1033 0.4
      vertex 13.7687 13.0771 0.4
    endloop
  endfacet
  facet normal 0.583131 0.812378 0
    outer loop
      vertex 13.7322 13.1033 0.4
      vertex 13.7687 13.0771 0
      vertex 13.7322 13.1033 0
    endloop
  endfacet
  facet normal 0.73055 0.682859 0
    outer loop
      vertex 13.8002 13.0434 0.4
      vertex 13.7687 13.0771 0
      vertex 13.7687 13.0771 0.4
    endloop
  endfacet
  facet normal 0.73055 0.682859 0
    outer loop
      vertex 13.7687 13.0771 0
      vertex 13.8002 13.0434 0.4
      vertex 13.8002 13.0434 0
    endloop
  endfacet
  facet normal 0.839013 0.544112 0
    outer loop
      vertex 13.8264 13.003 0.4
      vertex 13.8002 13.0434 0
      vertex 13.8002 13.0434 0.4
    endloop
  endfacet
  facet normal 0.839013 0.544112 0
    outer loop
      vertex 13.8002 13.0434 0
      vertex 13.8264 13.003 0.4
      vertex 13.8264 13.003 0
    endloop
  endfacet
  facet normal 0.912509 0.409056 0
    outer loop
      vertex 13.8472 12.9566 0.4
      vertex 13.8264 13.003 0
      vertex 13.8264 13.003 0.4
    endloop
  endfacet
  facet normal 0.912509 0.409056 0
    outer loop
      vertex 13.8264 13.003 0
      vertex 13.8472 12.9566 0.4
      vertex 13.8472 12.9566 0
    endloop
  endfacet
  facet normal 0.959278 0.282464 0
    outer loop
      vertex 13.8626 12.9043 0.4
      vertex 13.8472 12.9566 0
      vertex 13.8472 12.9566 0.4
    endloop
  endfacet
  facet normal 0.959278 0.282464 0
    outer loop
      vertex 13.8472 12.9566 0
      vertex 13.8626 12.9043 0.4
      vertex 13.8626 12.9043 0
    endloop
  endfacet
  facet normal 0.986164 0.16577 0
    outer loop
      vertex 13.8724 12.846 0.4
      vertex 13.8626 12.9043 0
      vertex 13.8626 12.9043 0.4
    endloop
  endfacet
  facet normal 0.986164 0.16577 0
    outer loop
      vertex 13.8626 12.9043 0
      vertex 13.8724 12.846 0.4
      vertex 13.8724 12.846 0
    endloop
  endfacet
  facet normal 0.997667 0.0682696 0
    outer loop
      vertex 13.8768 12.7817 0.4
      vertex 13.8724 12.846 0
      vertex 13.8724 12.846 0.4
    endloop
  endfacet
  facet normal 0.997667 0.0682696 0
    outer loop
      vertex 13.8724 12.846 0
      vertex 13.8768 12.7817 0.4
      vertex 13.8768 12.7817 0
    endloop
  endfacet
  facet normal 0 -1 0
    outer loop
      vertex 13.3072 12.7817 0
      vertex 13.8768 12.7817 0.4
      vertex 13.3072 12.7817 0.4
    endloop
  endfacet
  facet normal 0 -1 -0
    outer loop
      vertex 13.8768 12.7817 0.4
      vertex 13.3072 12.7817 0
      vertex 13.8768 12.7817 0
    endloop
  endfacet
  facet normal 0.83924 0.543762 0
    outer loop
      vertex 6.42035 11.8825 0.4
      vertex 6.07585 12.4142 0
      vertex 6.07585 12.4142 0.4
    endloop
  endfacet
  facet normal 0.83924 0.543762 0
    outer loop
      vertex 6.07585 12.4142 0
      vertex 6.42035 11.8825 0.4
      vertex 6.42035 11.8825 0
    endloop
  endfacet
  facet normal 0 1 -0
    outer loop
      vertex 6.82587 11.8825 0
      vertex 6.42035 11.8825 0.4
      vertex 6.82587 11.8825 0.4
    endloop
  endfacet
  facet normal 0 1 0
    outer loop
      vertex 6.42035 11.8825 0.4
      vertex 6.82587 11.8825 0
      vertex 6.42035 11.8825 0
    endloop
  endfacet
  facet normal -0.815978 -0.578084 0
    outer loop
      vertex 6.82587 11.8825 0
      vertex 6.28879 12.6406 0.4
      vertex 6.28879 12.6406 0
    endloop
  endfacet
  facet normal -0.815978 -0.578084 0
    outer loop
      vertex 6.28879 12.6406 0.4
      vertex 6.82587 11.8825 0
      vertex 6.82587 11.8825 0.4
    endloop
  endfacet
  facet normal -0.811201 0.584767 0
    outer loop
      vertex 6.28879 12.6406 0
      vertex 6.8001 13.3499 0.4
      vertex 6.8001 13.3499 0
    endloop
  endfacet
  facet normal -0.811201 0.584767 0
    outer loop
      vertex 6.8001 13.3499 0.4
      vertex 6.28879 12.6406 0
      vertex 6.28879 12.6406 0.4
    endloop
  endfacet
  facet normal 0 -1 0
    outer loop
      vertex 6.38915 13.3499 0
      vertex 6.8001 13.3499 0.4
      vertex 6.38915 13.3499 0.4
    endloop
  endfacet
  facet normal 0 -1 -0
    outer loop
      vertex 6.8001 13.3499 0.4
      vertex 6.38915 13.3499 0
      vertex 6.8001 13.3499 0
    endloop
  endfacet
  facet normal 0.837458 -0.546502 0
    outer loop
      vertex 6.07585 12.8698 0.4
      vertex 6.38915 13.3499 0
      vertex 6.38915 13.3499 0.4
    endloop
  endfacet
  facet normal 0.837458 -0.546502 0
    outer loop
      vertex 6.38915 13.3499 0
      vertex 6.07585 12.8698 0.4
      vertex 6.07585 12.8698 0
    endloop
  endfacet
  facet normal -0.838535 -0.544847 0
    outer loop
      vertex 6.07585 12.8698 0
      vertex 5.7639 13.3499 0.4
      vertex 5.7639 13.3499 0
    endloop
  endfacet
  facet normal -0.838535 -0.544847 0
    outer loop
      vertex 5.7639 13.3499 0.4
      vertex 6.07585 12.8698 0
      vertex 6.07585 12.8698 0.4
    endloop
  endfacet
  facet normal 0 -1 0
    outer loop
      vertex 5.35027 13.3499 0
      vertex 5.7639 13.3499 0.4
      vertex 5.35027 13.3499 0.4
    endloop
  endfacet
  facet normal 0 -1 -0
    outer loop
      vertex 5.7639 13.3499 0.4
      vertex 5.35027 13.3499 0
      vertex 5.7639 13.3499 0
    endloop
  endfacet
  facet normal 0.809589 0.586998 0
    outer loop
      vertex 5.86158 12.6447 0.4
      vertex 5.35027 13.3499 0
      vertex 5.35027 13.3499 0.4
    endloop
  endfacet
  facet normal 0.809589 0.586998 0
    outer loop
      vertex 5.35027 13.3499 0
      vertex 5.86158 12.6447 0.4
      vertex 5.86158 12.6447 0
    endloop
  endfacet
  facet normal 0.815394 -0.578906 0
    outer loop
      vertex 5.32044 11.8825 0.4
      vertex 5.86158 12.6447 0
      vertex 5.86158 12.6447 0.4
    endloop
  endfacet
  facet normal 0.815394 -0.578906 0
    outer loop
      vertex 5.86158 12.6447 0
      vertex 5.32044 11.8825 0.4
      vertex 5.32044 11.8825 0
    endloop
  endfacet
  facet normal 0 1 -0
    outer loop
      vertex 5.73409 11.8825 0
      vertex 5.32044 11.8825 0.4
      vertex 5.73409 11.8825 0.4
    endloop
  endfacet
  facet normal 0 1 0
    outer loop
      vertex 5.32044 11.8825 0.4
      vertex 5.73409 11.8825 0
      vertex 5.32044 11.8825 0
    endloop
  endfacet
  facet normal -0.841212 0.540705 0
    outer loop
      vertex 5.73409 11.8825 0
      vertex 6.07585 12.4142 0.4
      vertex 6.07585 12.4142 0
    endloop
  endfacet
  facet normal -0.841212 0.540705 0
    outer loop
      vertex 6.07585 12.4142 0.4
      vertex 5.73409 11.8825 0
      vertex 5.73409 11.8825 0.4
    endloop
  endfacet
  facet normal 0 -1 0
    outer loop
      vertex 8.29297 11.6492 0
      vertex 9.88927 11.6492 0.4
      vertex 8.29297 11.6492 0.4
    endloop
  endfacet
  facet normal 0 -1 -0
    outer loop
      vertex 9.88927 11.6492 0.4
      vertex 8.29297 11.6492 0
      vertex 9.88927 11.6492 0
    endloop
  endfacet
  facet normal 1 -0 0
    outer loop
      vertex 8.29297 11.5434 0.4
      vertex 8.29297 11.6492 0
      vertex 8.29297 11.6492 0.4
    endloop
  endfacet
  facet normal 1 0 0
    outer loop
      vertex 8.29297 11.6492 0
      vertex 8.29297 11.5434 0.4
      vertex 8.29297 11.5434 0
    endloop
  endfacet
  facet normal 0 1 -0
    outer loop
      vertex 9.88927 11.5434 0
      vertex 8.29297 11.5434 0.4
      vertex 9.88927 11.5434 0.4
    endloop
  endfacet
  facet normal 0 1 0
    outer loop
      vertex 8.29297 11.5434 0.4
      vertex 9.88927 11.5434 0
      vertex 8.29297 11.5434 0
    endloop
  endfacet
  facet normal -1 0 0
    outer loop
      vertex 9.88927 11.5434 0
      vertex 9.88927 11.6492 0.4
      vertex 9.88927 11.6492 0
    endloop
  endfacet
  facet normal -1 -0 0
    outer loop
      vertex 9.88927 11.6492 0.4
      vertex 9.88927 11.5434 0
      vertex 9.88927 11.5434 0.4
    endloop
  endfacet
endsolid OpenSCAD_Model
